<?xml version="1.0" encoding="UTF-8"?>
<COLLADA xmlns="http://www.collada.org/2005/11/COLLADASchema" version="1.4.1">
    <asset>
        <contributor>
            <author>VCGLab</author>
            <authoring_tool>VCGLib | MeshLab</authoring_tool>
        </contributor>
        <created>Mi. Jan. 4 10:50:42 2023 GMT</created>
        <modified>Mi. Jan. 4 10:50:42 2023 GMT</modified>
        <up_axis>Y_UP</up_axis>
    </asset>
    <library_geometries>
        <geometry id="shape0-lib" name="shape0">
            <mesh>
                <source id="shape0-lib-positions" name="position">
                    <float_array id="shape0-lib-positions-array" count="7404">-0.17 -0.119021 0.031 -0.169999 -0.110638 0.0360844 -0.17 -0.111945 0.0404642 -0.17 -0.0990215 0.031 -0.17 -0.106578 0.0370425 -0.17 -0.110457 0.0419256 -0.17 -0.111133 0.0865339 -0.17 -0.107235 0.0859618 -0.17 -0.106038 0.0413258 -0.17 -0.116 0.102 -0.17 -0.11175 0.09086 -0.17 -0.112154 0.0882633 -0.17 -0.0990215 0.102 -0.17 -0.10693 0.0917894 -0.17 -0.119021 0.199 -0.17 -0.116 0.196 -0.17 0.0990215 0.031 -0.17 0.105813 0.0386802 -0.17 0.106994 0.0412073 -0.17 0.119021 0.031 -0.17 0.110927 0.041228 -0.17 0.106716 0.0867761 -0.17 0.11207 0.0867424 -0.17 0.0990215 0.102 -0.17 0.105801 0.0889476 -0.17 0.116 0.102 -0.169996 0.108719 0.0925 -0.17 0.116 0.196 -0.17 0.119021 0.199 -0.008 0.147 0.08403 -0.0175 0.147 0.0871048 0.0470464 0.147 0.025 -0.0203628 0.147 0.0830001 0.1 0.147 0.1795 0.1 0.147 0.199 0.06758 0.147 0.179009 0.0354311 0.147 0.14903 -0.008 0.147 0.10853 -0.11 0.147 0.025 -0.0055 0.147 0.110861 -0.0175 0.147 0.151053 -0.0205332 0.147 0.155 -0.0986372 0.147 0.0830001 -0.1015 0.147 0.0871047 -0.11 0.147 0.199 -0.0982655 0.147 0.155 -0.1015 0.147 0.151244 0.0675703 0.14 0.179 0.0984481 0.14 0.179 0.0676249 0.1454 0.179 0.128 0.12622 0.179 0.135 0.12864 0.179 0.128 0.0498401 0.179 0.121148 0.0498401 0.179 0.125514 0.0377869 0.179 0.129073 0.0221575 0.179 0.128 -0.0501599 0.179 0.121017 -0.0501599 0.179 0.125614 -0.0375405 0.179 0.129014 -0.0224984 0.179 0.135 -0.131 0.179 0.128 -0.131 0.179 0.131 -0.000172997 0.179 0.130851 0.00623731 0.179 0.130389 0.0126327 0.179 0.130835 -0.00658289 0.179 0.130356 -0.012977 0.179 0.00350834 -0.128 0.0863607 0.002 -0.128 0.104181 0.00302173 -0.128 0.0923769 0.00429444 -0.128 0.106321 0.107198 -0.127202 0.0245233 0.0959086 -0.128 0.014 0.135 0.12864 0.180329 0.135 -0.131 0.199 0.135 0.130679 0.199 0.134905 0.130723 0.17969 0.0521281 0.14 0.1646 0.0521281 0.135 0.1646 -0.00550001 0.1454 0.110861 -0.008 0.135 0.10853 -0.16 -0.17 0.025 -0.17 -0.16 0.025 -0.16088 -0.156908 0.025 -0.163282 -0.148957 0.0250001 -0.154357 -0.162821 0.0250002 -0.167 -0.120421 0.025 -0.159052 -0.140326 0.025 -0.167 -0.0990215 0.025 -0.11 -0.147 0.025 -0.138109 -0.154952 0.025 -0.143254 -0.161298 0.025 -0.0808766 -0.166628 0.025 -0.0841711 -0.162858 0.025 -0.083687 -0.154466 0.025 -0.078 -0.132 0.025 -0.13 -0.08 0.025 -0.108448 -0.14 0.025 -0.155 -0.118293 0.025 -0.155 -0.0990215 0.025 -0.130001 -0.0402253 0.025 -0.133322 -0.0268544 0.025 -0.0677797 -0.160567 0.025 0.00786564 -0.161146 0.0250001 -0.134492 -0.020199 0.025 -0.0724491 -0.166883 0.025 0.0134868 -0.167392 0.025 -0.0756332 -0.167889 0.025 -0.135329 -0.0134938 0.025 0.00977425 -0.154372 0.025 -0.13598 -0.00397553 0.025 -0.167 0.0990215 0.025 -0.130001 0.0402254 0.025 -0.133322 0.0268544 0.025 -0.134492 0.020199 0.025 -0.135329 0.0134938 0.025 -0.135832 0.00675522 0.025 -0.13 0.08 0.025 -0.155 0.0990215 0.025 -0.155 0.118293 0.025 0.107705 -0.14 0.025 0.11 -0.128536 0.0250058 -0.167 0.120421 0.025 0.141677 -0.159951 0.025 -0.160866 0.14298 0.025 0.13 -0.147 0.025 0.14452 -0.16176 0.025 -0.1625 0.146503 0.025 0.112585 -0.1285 0.025 0.137142 -0.14765 0.0250021 0.112585 -0.1262 0.025 0.13 -0.14 0.025 -0.17 0.163 0.025 -0.162815 0.153541 0.0249955 0.163 -0.17 0.025 0.0179866 -0.167769 0.025 0.146552 -0.162523 0.025 0.1408 -0.140635 0.0249999 0.153589 -0.162846 0.025 -0.159341 0.159003 0.025 0.173 -0.16 0.025 0.160443 -0.157621 0.025 -0.16 0.173 0.025 -0.156412 0.161237 0.025 -0.149249 0.163411 0.0249999 0.158312 -0.1285 0.025 0.149281 -0.136764 0.0249999 0.155678 -0.138325 0.025 0.158578 -0.1285 0.025 -0.108448 0.14 0.025 0.158312 -0.1262 0.025 0.161632 -0.1285 0.025 0.159736 -0.141174 0.0249997 -0.136765 0.151219 0.025 0.14412 -0.10506 0.025 0.11 -0.0801763 0.025 0.158577 -0.114872 0.0249995 -0.128 0.173 0.025 -0.140186 0.158752 0.0250001 0.173 -0.128 0.025 0.17 -0.125 0.025 0.163285 -0.149995 0.0249999 -0.125 0.17 0.025 0.14741 -0.0974508 0.025 0.118876 -0.0659805 0.025 0.152352 -0.0947929 0.025 0.161772 -0.113157 0.0251445 -0.075 0.135 0.025 0.123418 -0.0571308 0.025 -0.0842475 0.163657 0.025 0.158578 -0.0946618 0.025 0.127227 -0.0479415 0.025 0.131291 -0.0353213 0.025 -0.0694899 0.154754 0.025 -0.0681713 0.158723 0.025 0.00894822 0.154704 0.025 -0.0696566 0.165098 0.0249999 0.0102554 0.164685 0.025 0.0142129 0.167629 0.025 0.0222668 0.153827 0.025 0.0470464 0.135 0.025 0.0509624 0.1477 0.025 0.0249633 0.16146 0.0249982 0.07 0.135 0.025 0.13 0.075 0.025 0.144797 0.124014 0.025 0.0509624 0.1454 0.025 0.148773 0.110832 0.025 0.144359 0.118071 0.025 0.158578 0.109954 0.025 0.132533 0.0303307 0.025 0.13 0.03995 0.025 0.145875 0.126049 0.025 0.139065 0.142484 0.025 0.136832 0.151655 0.025 0.147318 0.137051 0.0250013 0.152412 0.130702 0.0249978 0.156698 0.138636 0.024998 0.17 0.125 0.025 0.164766 0.119944 0.025 0.125 0.17 0.025 0.100016 0.1477 0.025 0.139154 0.15701 0.025 0.173 0.128 0.025 0.162399 0.127405 0.0250006 0.128 0.173 0.025 0.141159 0.159517 0.025 0.161768 0.144486 0.025 0.145968 0.16247 0.025 0.16 0.173 0.025 0.154773 0.162428 0.0250008 0.173 0.16 0.025 0.161061 0.15654 0.025 0.162839 0.151709 0.025 0.162737 0.147754 0.025 0.0201106 0.166936 0.025 0.0162882 0.167995 0.025 -0.0765014 0.167928 0.025 0.163762 0.115119 0.025 0.161632 -0.0972941 0.025 0.161632 0.112275 0.0250002 0.164695 -0.1016 0.025 0.135998 0.000744629 0.025 0.135872 -0.00588743 0.025 0.135038 -0.0157996 0.025 0.133562 -0.0256367 0.025 0.1358 0.00737491 0.025 0.135279 0.0139877 0.025 0.134436 0.0205671 0.025 0.147842 -0.113909 0.0250001 -0.0766325 0.151023 0.025 -0.0830428 0.153802 0.025 -0.0733149 0.151732 0.025 0.0162134 0.151219 0.025 -0.14866 0.13708 0.025 -0.155646 0.13802 0.0249999 -0.145508 0.137865 0.025 -0.139528 0.14189 0.0250001 0.0320464 0.14 0.025 0.0320464 0.135 0.025 0.0607196 -0.14 0.025 0.0607196 -0.132 0.025 -0.14128 -0.14017 0.025 -0.137134 -0.147172 0.0250002 -0.147068 -0.137445 0.025 -0.152874 -0.137386 0.025 0.0184928 -0.151244 0.025 0.0245881 -0.155893 0.0250001 0.0239593 -0.163458 0.025 0.0220352 -0.165826 0.025 0.137971 -0.155121 0.025 0.0165269 -0.151043 0.025 0.0127224 -0.151987 0.025 -0.0730973 -0.151798 0.025 -0.069832 -0.154317 0.025 -0.0765004 -0.151032 0.025 0.146123 -0.097668 0.0130151 0.154273 -0.0945554 0.013 0.155105 -0.09451 0.021026 0.156863 -0.094531 0.0195389 0.158781 -0.0956246 0.013 0.165859 -0.103924 0.0129916 0.161051 -0.113528 0.0129951 0.156837 -0.115237 0.0195124 0.155105 -0.115483 0.021026 0.149132 -0.11454 0.0129976 0.143987 -0.106326 0.0130195 0.144888 0.124443 0.0195336 0.145362 0.126115 0.0140639 0.152837 0.13093 0.0129907 0.162996 0.126561 0.0130229 0.16506 0.118235 0.0130013 0.159126 0.110687 0.022132 0.161474 0.11237 0.013 0.15622 0.109677 0.013 0.156406 0.109686 0.0198888 0.155105 0.109517 0.0210259 0.149848 0.110421 0.013006 0.14417 0.117859 0.0129999 -0.0791912 -0.131 0.222016 -0.0767333 -0.131 0.233467 -0.0625376 -0.130999 0.226626 -0.0718943 -0.131 0.247533 -0.05 -0.131 0.2455 -0.0680176 -0.131 0.256001 -0.0635945 -0.131 0.264144 -0.0570777 -0.131 0.273826 -0.0495681 -0.131 0.283176 -0.0391291 -0.131 0.293573 -0.0273542 -0.131 0.302623 -0.0194823 -0.131 0.307531 0.073 -0.131 0.2455 -0.0090529 -0.131 0.313 0.073 -0.131 0.313 0.002 -0.131 0.0879691 0.00782672 -0.131 0.0817199 0.002 -0.131 0.104181 -0.0226306 -0.131 0.0959962 -0.0399569 -0.131 0.109236 -0.0506097 -0.131 0.119905 -0.063285 -0.131 0.137048 -0.0727293 -0.131 0.156389 -0.0794589 -0.131 0.179772 -1.50146e-05 -0.131 0.166 0.0247953 -0.131 0.166 -0.000161864 -0.131 0.199 -0.0809837 -0.131 0.199 0.0532792 -0.131 0.152 0.000161864 -0.131 0.199 0.0542683 -0.131 0.166 0.02482 -0.131 0.191003 0.0226028 -0.131 0.199 0.0542687 -0.130999 0.185766 0.120043 -0.131 0.152 0.0592477 -0.131 0.191465 0.144131 -0.131 0.126169 0.156986 -0.131 0.157195 0.160686 -0.131 0.168578 0.163289 -0.131 0.180341 0.164727 -0.131 0.192291 0.164936 -0.131 0.207251 0.131912 -0.131 0.202725 0.163569 -0.131 0.219705 0.162492 -0.131 0.225709 0.127638 -0.131 0.20742 0.121227 -0.131 0.213302 0.159476 -0.131 0.237766 0.155259 -0.131 0.248974 0.085 -0.131 0.313 0.0928429 -0.131 0.313 0.101286 -0.131 0.308809 0.15014 -0.131 0.259806 0.105045 -0.131 0.215817 0.108885 -0.131 0.304225 0.143581 -0.131 0.270356 0.118838 -0.131 0.297168 0.140018 -0.131 0.275307 0.0949939 -0.131 0.217691 0.134067 -0.131 0.282617 0.127919 -0.131 0.289017 0.128 -0.131 0.199 0.0614505 -0.131 0.199 -0.00924939 -0.164501 0.313 -0.0242766 -0.164529 0.304693 -0.0374694 -0.164497 0.294996 -0.0476603 -0.164497 0.285251 -0.0549824 -0.164497 0.276706 -0.0614844 -0.164497 0.267541 -0.0655145 -0.1645 0.260746 -0.0680979 -0.1645 0.25584 -0.0714102 -0.164484 0.248693 -0.0761122 -0.164496 0.23564 -0.079245 -0.164504 0.221875 -0.0803674 -0.1645 0.213458 -0.080716 -0.140373 0.209354 -0.0808046 -0.1645 0.207931 -0.0809576 -0.14376 0.20423 -0.0809922 -0.1645 0.202389 -0.0809837 -0.147 0.199 -0.0807737 -0.1645 0.194077 -0.0788766 -0.16454 0.177544 -0.079956 -0.147 0.183509 -0.0767035 -0.147 0.168774 -0.0737303 -0.164481 0.159079 -0.0729388 -0.147 0.156936 -0.0680725 -0.1645 0.146179 -0.0638557 -0.147 0.13801 -0.0614839 -0.164486 0.134347 -0.0529824 -0.147 0.12291 -0.0516595 -0.164524 0.12117 -0.0400752 -0.16449 0.109269 -0.0402943 -0.147 0.109344 -0.0309942 -0.1645 0.102001 -0.0264583 -0.1645 0.0988116 -0.0259404 -0.147 0.0984236 -0.019381 -0.1645 0.0944463 -0.0123267 -0.147 0.0904975 -0.00976626 -0.1645 0.0893844 0.15694 -0.164501 0.157077 0.160343 -0.164503 0.167357 0.16343 -0.164477 0.180861 0.164882 -0.164499 0.194905 0.164816 -0.1645 0.209177 0.163117 -0.164521 0.222544 0.160059 -0.164498 0.235827 0.156306 -0.1645 0.246423 0.151815 -0.164497 0.256603 0.144662 -0.164503 0.268803 0.138287 -0.1645 0.277486 0.131261 -0.164496 0.285673 0.123304 -0.164494 0.293341 0.114484 -0.164497 0.300415 0.10504 -0.1645 0.306655 0.0930141 -0.1645 0.313 -0.075362 -0.164984 0.0200074 -0.0720468 -0.162497 0.008 -0.0709725 -0.160132 0.0200298 -0.0710793 -0.158286 0.00799992 -0.072654 -0.155731 0.02 -0.0739659 -0.154632 0.008 -0.0802041 -0.154842 0.00799997 -0.0754666 -0.15413 0.02 -0.0809206 -0.155554 0.0199811 -0.0814843 -0.161291 0.008 -0.0810829 -0.16227 0.02 -0.0767603 -0.165199 0.00799943 0.0216982 -0.160845 0.008 0.0209757 -0.155815 0.0079998 0.0216835 -0.157275 0.0199794 0.0181505 -0.154377 0.02 0.0157508 -0.154072 0.008 0.0116065 -0.155777 0.0201136 0.0110618 -0.157011 0.0080003 0.0116316 -0.161913 0.008 0.0121888 -0.162488 0.02 0.0139 -0.16422 0.008 0.015379 -0.164785 0.02 0.0187942 -0.164917 0.007998 -0.0774702 0.153951 0.0200167 -0.0725839 0.155844 0.02 -0.0707048 0.159217 0.00799969 -0.0758493 0.165463 0.00799926 -0.0714534 0.162153 0.0199319 -0.0789504 0.164492 0.0199997 -0.0813197 0.161889 0.008 -0.0819686 0.159264 0.0199794 -0.0812746 0.157221 0.008 -0.0755154 0.153708 0.00799895 0.0156449 0.153813 0.0200545 0.02259 0.159315 0.00800056 0.0224172 0.158874 0.0200005 0.0195451 0.164011 0.008 0.0194676 0.163969 0.02 0.0147355 0.165181 0.00800152 0.0146624 0.164999 0.0200278 0.0114085 0.16127 0.02 0.01104 0.157649 0.00800007 0.0171428 0.153925 0.00800003 0.0413715 0.14 0.008 0.0400228 0.135001 0.0109952 0.0371281 0.135 0.1646 -0.023 0.135 0.10853 -0.023 0.135 0.08403 -0.008 0.135 0.08403 -0.064 0.135 0.011 -0.075 0.135 0.008 -0.064 0.135 0.008 0.029 0.135 0.011 0.004 0.135 0.011 0.029 0.135 0.008 0.004 0.135 0.008 0.07 0.135 -4.01e-16 0.0413715 0.135 -3.48e-16 0.004 0.17 0.008 0.029 0.17 0.008 -0.089 0.17 0.008 -0.064 0.17 0.008 -0.089 0.121 0.008 0.04 0.14 -3.55e-16 0.0413715 0.14 -3.58e-16 -0.089 0.121 0.011 -0.1 0.11 0.011 -0.13 0.08 0.005 -0.1 0.11 -3.5e-17 -0.13 0.08 8.1e-17 0.10324 -0.132 0.014 0.11 -0.132 0.0203038 0.11 -0.132 6e-17 0.0709773 -0.132 0.014 0.04 -0.132 1.91e-16 0.04 -0.132 0.011 0.029 -0.132 0.011 0.004 -0.132 0.011 0.029 -0.132 0.008 0.004 -0.132 0.008 -0.078 -0.132 0.008 -0.064 -0.132 0.011 -0.064 -0.132 0.008 -0.13 -0.08 0.005 -0.1 -0.11 4.07e-16 -0.13 -0.08 4.02e-16 -0.1 -0.11 0.011 -0.089 -0.121 0.011 -0.089 -0.121 0.008 0.04 -0.17 2.67e-16 0.04 -0.17 0.011 -0.157963 -0.146198 5.86939e-16 -0.17 -0.08 4.76e-16 -0.155659 -0.14304 5.76305e-16 -0.152348 -0.141392 5.66836e-16 -0.17 -0.16 6.37e-16 -0.14908 -0.141092 5.60154e-16 -0.143656 -0.143258 -2.27406e-09 -0.16 -0.17 6.38e-16 -0.157146 -0.156313 -1.9612e-07 -0.142394 -0.154996 5.33064e-06 -0.14112 -0.149083 5.6141e-16 -0.128345 -0.155929 -1.51295e-08 -0.148281 -0.158715 5.9409e-16 -0.132281 -0.163691 1.66831e-07 -0.124487 -0.157435 1.97089e-10 -0.128818 -0.166225 -4.73061e-08 -0.1 -0.17 5.27e-16 -0.124577 -0.164456 2.999e-09 -0.123162 -0.160204 6.07756e-07 -0.0491706 -0.14 0.118109 -0.0356644 -0.14 0.10567 -0.0175057 -0.14 0.0928882 -0.0602719 -0.14 0.132735 -0.066549 -0.14 0.143235 0.00779833 -0.14 0.0817512 -0.108448 -0.14 0.199 -0.0720234 -0.14 0.154781 -0.0778528 -0.14 0.172538 -0.0812444 -0.14 0.198996 0.13 -0.14 0.0457907 0.13 0.03995 0.005 0.13 0.075 0.005 -0.108448 0.14 0.199 -0.155 0.118293 0.199 -0.130002 0.0404105 0.005 -0.0934992 0.14 0.151276 -0.028468 0.14 0.154 -0.045 0.14 0.179 -0.045 0.14 0.199 0.035 0.14 0.179 -0.0906883 0.14 0.0840008 0.0371281 0.14 0.1646 -0.0255967 0.14 0.149779 -0.023 0.14 0.10853 0.035 0.14 0.199 -0.023 0.14 0.08403 -0.0296155 0.14 0.0841195 -0.0255001 0.14 0.0872921 0.0984481 0.14 0.199 -0.11 -0.147 0.065 -0.167 -0.120421 0.031 -0.11 -0.147 0.047 -0.11 -0.147 0.199 -0.092 -0.147 0.047 -0.092 -0.147 0.065 0.0700886 -0.147 0.0546838 0.0740413 -0.147 0.0533194 0.0822381 -0.147 0.0517483 0.0938242 -0.147 0.0524463 0.13 -0.147 0.0457907 0.106382 -0.147 0.0571733 0.14 -0.147 0.0551159 0.117285 -0.147 0.0660304 0.123115 -0.147 0.0754665 0.14 -0.147 0.105 0.144131 -0.147 0.126169 0.148018 -0.147 0.122 -0.167 0.120421 0.031 -0.155 -0.118293 0.199 -0.0873725 0.0980094 0.245497 -0.100861 0.0835951 0.2455 -0.0726597 0.0922595 0.2455 -0.0747 0.10771 0.245499 -0.0936152 0.0704963 0.2455 -0.107598 0.0748197 0.245501 -0.110923 0.0696928 0.2455 -0.0644543 0.114047 0.2455 -0.113862 0.0647795 0.2455 -0.0533601 0.104083 0.2455 -0.0554964 0.118596 0.2455 -0.120646 0.0511202 0.245498 -0.10625 0.0491092 0.2455 -0.124825 0.0398694 0.245499 -0.0345759 0.112093 0.2455 -0.0290756 0.127683 0.2455 -0.129071 0.0231427 0.245501 -0.0101878 0.116455 0.2455 -0.0134832 0.13037 0.2455 0.00872984 0.116492 0.2455 -0.130892 -0.00629673 0.245501 0.0190613 0.129609 0.2455 0.0251956 0.128611 0.2455 -0.111476 -0.0361976 0.2455 -0.127981 -0.028338 0.245497 0.0375064 0.125487 0.2455 0.0274308 0.113636 0.2455 -0.124048 -0.0421996 0.245498 0.0463843 0.122547 0.245498 -0.119905 -0.0528387 0.245497 0.0477817 0.106978 0.2455 0.0568257 0.118062 0.245497 -0.115717 -0.0614059 0.2455 0.0653446 0.113615 0.245502 -0.112431 -0.0674273 0.245484 -0.106777 -0.0758925 0.2455 0.0670516 0.0957585 0.2455 -0.100518 -0.060159 0.2455 0.0871998 0.0978574 0.245499 -0.0994842 -0.0854348 0.245499 -0.0866779 -0.0784382 0.2455 0.0805748 0.0846954 0.2455 0.0946368 0.090581 0.2455 -0.0902463 -0.0949558 0.2455 -0.0773932 -0.0876971 0.2455 0.0987445 0.0860846 0.2455 -0.0820517 -0.102206 0.2455 -0.0727262 -0.108958 0.2455 -0.060381 -0.100647 0.2455 -0.0635117 -0.114535 0.2455 0.126 0.0618166 0.2455 0.109619 0.0420031 0.2455 0.0951451 0.0684045 0.2455 -0.0501344 -0.120835 0.245502 -0.0202853 -0.115043 0.2455 0.115802 0.0159813 0.2455 0.0750073 -0.107703 0.2455 0.0711301 -0.0932372 0.2455 0.0969276 -0.065719 0.2455 0.0857404 -0.0795555 0.2455 0.0996769 -0.0849893 0.2455 0.0902212 -0.0949796 0.2455 0.126 -0.0618166 0.2455 0.107146 -0.0467468 0.2455 0.114264 -0.0261813 0.2455 0.116818 -0.00437171 0.2455 0.073 -0.123 0.2455 0.075 -0.123 0.2455 0.00374862 -0.117118 0.2455 0.0217324 -0.114862 0.2455 0.0461923 -0.107715 0.2455 0.085 -0.131 0.219887 0.085 -0.123 0.228051 0.075007 -0.122987 0.232044 0.0855409 -0.11252 0.236795 0.0882545 -0.108048 0.238843 0.0998242 -0.118455 0.227581 0.110778 -0.119168 0.223922 -0.064 -0.17 0.011 0.004 -0.17 0.011 -0.1 -0.17 0.011 -0.089 -0.17 0.011 0.029 -0.17 0.011 0.004 0.17 0.011 -0.064 0.17 0.011 -0.089 0.17 0.011 -0.1 0.17 0.011 0.04 0.17 0.011 0.029 0.17 0.011 0.17 0.125 -5.67e-16 0.17 0.08 0.005 0.17 0.08 -4.76e-16 0.17 -0.08 0.005 0.17 -0.125 -6.5e-17 0.17 -0.08 -1.55e-16 -0.125 0.17 -1.09e-16 -0.1 0.17 -1.55e-16 0.125 0.17 -5.73e-16 0.04 0.17 -4.15e-16 0.128 0.173 -5.85e-16 0.141334 0.153815 9.57216e-07 0.16 0.173 -6.45e-16 0.147137 0.158421 -5.91371e-16 0.154326 0.158269 -9.21129e-07 0.141407 0.147523 -5.58808e-16 0.173 0.16 -6.43e-16 0.158724 0.148547 -5.93076e-16 0.158718 0.152162 -6.00331e-16 0.152074 0.125252 -5.33974e-16 0.14657 0.141552 8.4387e-07 0.149179 0.122666 -5.23391e-16 0.142636 0.144877 -5.55777e-16 0.158115 0.125271 -8.80382e-08 0.15541 0.142064 -4.28875e-07 0.173 0.128 -5.78e-16 0.125 0.08 -3.93e-16 0.148585 0.117521 -6.29073e-10 0.153957 0.114112 -5.15089e-16 0.16007 0.117022 6.65818e-09 0.13 -0.08 -8.1e-17 0.11 -0.08 -4.4e-17 0.150285 -0.100533 1.27684e-09 0.148549 -0.104583 -6.62192e-17 0.15558 -0.099213 -9.0091e-17 0.141464 -0.146551 2.70544e-07 0.150394 -0.10973 -1.62369e-08 0.141469 -0.152807 4.37194e-17 0.156657 -0.110756 3.61013e-08 0.161087 -0.103539 -8.19372e-08 0.142307 -0.154636 4.58374e-17 0.15006 -0.140747 3.11569e-08 0.173 -0.128 -6.5e-17 0.144655 -0.157127 4.64757e-17 0.157798 -0.144978 3.88085e-08 0.163 -0.17 3.8e-17 0.152317 -0.159294 4.28733e-09 0.158547 -0.152626 -7.99264e-07 0.173 -0.16 0 -0.17 0.163 -1.1e-17 -0.16 0.173 -5e-17 -0.158682 0.153061 -1.7708e-06 -0.153353 0.158489 1.29059e-07 -0.128 0.173 -1.09e-16 -0.146739 0.15819 -4.47376e-17 -0.140678 0.151722 4.7429e-09 -0.17 0.08 1.55e-16 -0.148873 0.0955159 -9.1212e-09 -0.157019 0.143627 4.7273e-09 -0.150084 0.141053 -4.07051e-18 -0.143984 0.0955648 7.58159e-17 -0.151025 0.0913218 1.07679e-07 -0.148799 0.0865205 -3.43626e-07 -0.144972 0.142771 -1.70313e-17 -0.143956 0.0863975 2.7956e-07 -0.14178 0.0884801 2.82253e-08 -0.141386 0.0926848 7.71188e-11 -0.17 -0.08 0.005 -0.17 0.08 0.005 -0.064 -0.17 0.008 -0.089 -0.17 0.008 0.004 -0.17 0.008 0.029 -0.17 0.008 0.114957 0.0243 0.157453 0.121385 -0.0127 0.150561 0.121385 0.0223 0.150561 0.145254 0.0223 0.124964 0.151681 0.0243 0.118072 0.145254 -0.0127 0.124964 0.124658 -0.0953 0.147051 0.114957 -0.118 0.157453 0.124658 -0.1207 0.147051 0.141981 -0.0953 0.128474 0.120043 -0.128 0.152 0.141981 -0.1207 0.128474 0.151681 -0.118 0.118072 0.148018 -0.128 0.122 0.148018 -0.14 0.122 0.168188 -0.128 0.100369 0.134932 -0.10813 0.199134 0.109443 -0.109973 0.227875 0.134767 -0.0323892 0.200754 0.134999 0.0795097 0.199002 0.131109 0.0787662 0.209405 0.130689 0.0953209 0.208099 0.117183 0.105472 0.222879 0.110841 -0.118767 0.224134 0.131509 -0.0802693 0.20789 0.134912 -0.0543388 0.199414 0.134902 -0.0734627 0.19931 0.134773 -0.0110405 0.201468 0.134768 0.0179418 0.201328 0.134902 0.054347 0.199467 0.125165 -0.106286 0.213777 0.13004 -0.095197 0.208634 0.117591 -0.106243 0.222051 0.132427 -0.0564237 0.2097 0.130918 -0.0576898 0.21466 0.107149 -0.0957651 0.235062 0.129481 -0.0788481 0.212867 0.129069 -0.0592417 0.219828 0.1039 -0.0802126 0.245498 0.124776 -0.0861615 0.219143 0.112626 -0.0730385 0.241504 0.125146 -0.0625331 0.228368 0.118517 -0.0680955 0.236844 0.118875 -0.0871193 0.22736 0.132545 0.0563454 0.20942 0.128642 0.0595994 0.221012 0.125532 0.0829381 0.219128 0.124319 0.0632271 0.229823 0.119233 0.0674949 0.236383 0.120641 0.087437 0.224944 0.114032 0.0718592 0.2407 0.123318 0.0976582 0.218239 0.117149 0.090852 0.227838 0.11029 0.074999 0.242731 0.0942591 -0.0909574 0.245493 0.134044 0.110467 0.200777 0.102888 0.0811791 0.2455 0.112056 0.0944115 0.231343 0.107727 0.0894019 0.237419 0.126864 0.115502 0.210163 0.12414 0.11561 0.213184 0.129749 -0.105019 0.207674 0.142345 0.0120115 0.235758 0.139158 0.0117431 0.233836 0.142391 -0.0123119 0.235758 -0.045 0.123029 0.179 -0.0360647 0.125899 0.179 -0.017769 0.129945 0.179 0.00341158 0.131055 0.179 0.0222888 0.129192 0.179 0.035 0.126238 0.179 0.0597893 -0.11656 0.199 0.0597893 -0.11656 0.166 0.0654994 -0.11345 0.166 0.0698731 -0.110924 0.199 0.0740683 -0.108096 0.166 0.0804902 -0.103355 0.199 0.0816073 -0.102476 0.166 0.0896424 -0.0956625 0.199 0.0891676 -0.0960222 0.166 0.0959087 -0.089233 0.166 0.102382 -0.0818851 0.199 0.102318 -0.0818675 0.166 0.108087 -0.074015 0.166 0.10953 -0.0718616 0.199 0.116012 -0.0610515 0.199 0.113242 -0.0659353 0.166 0.117872 -0.0571586 0.166 0.123045 -0.0452088 0.166 0.121017 -0.0501599 0.199 0.126832 -0.0327838 0.166 0.129464 -0.0206756 0.166 0.131097 -0.00129819 0.166 0.130415 0.0123663 0.166 0.128666 0.0252866 0.166 0.123457 0.0440562 0.166 0.118409 0.0560382 0.166 0.118623 0.0555834 0.199 0.121148 0.0498401 0.199 0.114599 0.0635418 0.199 0.113753 0.0650477 0.166 0.109441 0.0719971 0.199 0.108784 0.0729867 0.166 0.105869 0.0771544 0.199 0.105028 0.0782947 0.166 0.0983428 0.0866971 0.199 0.0987822 0.0861002 0.166 0.0922489 0.0930115 0.166 0.0847658 0.100013 0.199 0.085005 0.0997268 0.166 0.0774274 0.105669 0.166 0.0694017 0.111226 0.199 0.0693723 0.11117 0.166 0.060892 0.115988 0.166 0.0583976 0.117264 0.199 0.0466713 0.122514 0.199 0.0522208 0.120184 0.166 0.0430085 0.123739 0.166 0.0305249 0.127487 0.166 0.035 0.126238 0.199 0.0177545 0.129791 0.166 0.0053771 0.130992 0.166 -0.00819721 0.130743 0.166 -0.0210336 0.129427 0.166 -0.0373256 0.125609 0.166 -0.0462044 0.122581 0.166 -0.0522301 0.120137 0.166 -0.045 0.123029 0.199 -0.053765 0.1195 0.199 -0.058127 0.117398 0.166 -0.0653456 0.113583 0.199 -0.0670589 0.11258 0.166 -0.0739394 0.108139 0.199 -0.0749023 0.107474 0.166 -0.0839779 0.10068 0.199 -0.08303 0.101377 0.166 -0.0900195 0.0951708 0.166 -0.0980207 0.0870675 0.199 -0.0971603 0.0879262 0.166 -0.103144 0.0807609 0.166 -0.109882 0.0715167 0.199 -0.109136 0.0725287 0.166 -0.113985 0.0645633 0.166 -0.11792 0.0571482 0.199 -0.118695 0.055521 0.166 -0.121979 0.0477706 0.199 -0.122303 0.0469363 0.166 -0.125112 0.0389642 0.199 -0.125622 0.0372863 0.166 -0.127732 0.0290763 0.199 -0.127913 0.0282703 0.166 -0.129022 0.0226797 0.199 -0.129991 0.0162268 0.199 -0.129765 0.0182229 0.166 -0.130638 0.00973373 0.199 -0.130692 0.00897854 0.166 -0.13096 0.00321647 0.199 -0.130958 -0.00330877 0.199 -0.131032 -0.00124356 0.166 -0.130631 -0.0098258 0.199 -0.130578 -0.010512 0.166 -0.12998 -0.0163184 0.199 -0.12853 -0.0255153 0.199 -0.129396 -0.0206828 0.166 -0.127573 -0.0297699 0.166 -0.126101 -0.0354896 0.199 -0.124891 -0.0396627 0.166 -0.123302 -0.044357 0.199 -0.121744 -0.0483687 0.166 -0.119411 -0.0538695 0.199 -0.117619 -0.0577643 0.166 -0.115328 -0.0622122 0.199 -0.113219 -0.0658968 0.166 -0.106884 -0.0759237 0.199 -0.10774 -0.0745848 0.166 -0.102189 -0.0819661 0.166 -0.0982542 -0.0866437 0.199 -0.0979957 -0.0869358 0.166 -0.0938178 -0.0914288 0.199 -0.0935612 -0.0916913 0.166 -0.0891487 -0.0959871 0.199 -0.0888962 -0.0962209 0.166 -0.0840121 -0.100514 0.166 -0.0821684 -0.102075 0.199 -0.0789211 -0.104558 0.166 -0.0738632 -0.108191 0.199 -0.0736356 -0.108346 0.166 -0.0681687 -0.111866 0.166 -0.0660621 -0.113166 0.199 -0.0625339 -0.115111 0.166 -0.056931 -0.117982 0.199 -0.056745 -0.118072 0.166 -0.0508163 -0.120742 0.166 -0.0484866 -0.121737 0.199 -0.0447624 -0.123115 0.166 -0.0387297 -0.125144 0.199 -0.0385982 -0.125185 0.166 -0.0323389 -0.126946 0.166 -0.0298284 -0.127597 0.199 -0.026 -0.128394 0.166 -0.019665 -0.129516 0.199 -0.0195969 -0.129526 0.166 -0.0131913 -0.130334 0.199 -0.0131456 -0.130339 0.166 -0.00668487 -0.130829 0.199 -0.00666196 -0.13083 0.166 0.128 0.0498401 0.199 0.128 0.12622 0.199 0.0617102 -0.137 0.198995 0.0519743 -0.137 0.199 0.128 -0.0501599 0.199 0.0247953 -0.131 0.199 0.0247953 -0.128632 0.199 0.05 -0.137 0.199 0.05 -0.131 0.199 0.00635536 -0.130846 0.199 0.016163 -0.130033 0.199 0.00635536 -0.130846 0.166 0.0125347 -0.130399 0.166 0.0186859 -0.129661 0.166 0.0247953 -0.128632 0.166 0.0222244 -0.137 0.19899 0.0296382 -0.137 0.185278 0.0337781 -0.131 0.183449 0.0378587 -0.137 0.18201 0.0499445 -0.131003 0.182428 0.0499586 -0.136999 0.182447 0.0519753 -0.137 0.184001 0.0577743 -0.137 0.189841 -0.167 0.0990215 0.031 -0.155 0.0990215 0.189 -0.17 0.0990215 0.189 -0.167 -0.0990215 0.031 -0.17 -0.0990215 0.189 -0.155 -0.0990215 0.189 -0.0500045 -0.130985 0.231387 -0.074599 -0.121712 0.23378 -0.0648937 -0.123791 0.235142 -0.0848403 -0.121602 0.230136 -0.0800887 -0.135757 0.215774 -0.092849 -0.133348 0.216367 0.122899 -0.1645 0.0749463 0.140948 -0.159675 0.00999745 0.145242 -0.157719 0.0100002 0.141416 -0.152335 0.01 0.137294 -0.152446 0.01 0.147313 -0.162685 0.01 0.142463 -0.144474 0.0100153 0.155272 -0.158405 0.010056 0.137563 -0.146228 0.0100173 0.1548 -0.162474 0.00999279 0.141783 -0.139719 0.0100008 0.149487 -0.136976 0.0100062 0.151395 -0.140982 0.0100051 0.162219 -0.155113 0.0099943 0.162428 -0.146186 0.0100168 0.158781 -0.149629 0.01 0.157831 -0.139199 0.00999582 0.157077 -0.144604 0.01 -0.154368 -0.157713 0.01 -0.157624 -0.161022 0.00999412 -0.163367 -0.15162 0.00998659 -0.145678 -0.162696 0.01001 -0.158999 -0.151764 0.00999981 -0.148069 -0.158984 0.0100014 -0.15677 -0.144341 0.01 -0.143129 -0.155557 0.01 -0.159995 -0.141296 0.00999274 -0.13761 -0.154742 0.00999933 -0.153145 -0.141693 0.01 -0.141154 -0.150436 0.01 -0.153902 -0.137755 0.01 -0.143893 -0.142516 0.0100149 -0.145204 -0.137575 0.010017 -0.13767 -0.145159 0.00999488 -0.157484 0.138949 0.00998301 -0.162217 0.145683 0.01 -0.152892 0.141454 0.0100094 -0.158175 0.146414 0.00998281 -0.148355 0.137183 0.01 -0.157412 0.155113 0.00999327 -0.163022 0.152672 0.00999847 -0.141223 0.13985 0.0099952 -0.158852 0.159422 0.01 -0.143274 0.143013 0.00999523 -0.136977 0.148339 0.0099977 -0.154747 0.161988 0.01 -0.150449 0.159159 0.00998615 -0.141526 0.154556 0.0100346 -0.147288 0.163136 0.00999017 -0.13906 0.157327 0.00998832 0.139055 0.142695 0.0100048 0.141568 0.14724 0.01 0.144913 0.142308 0.0100185 0.147193 0.1369 0.0100089 0.153798 0.141466 0.0100083 0.136731 0.151489 0.0100028 0.141558 0.153538 0.0100117 0.139727 0.157784 0.01 0.158621 0.139676 0.00994092 0.158263 0.146527 0.01 0.146875 0.158406 0.01 0.144571 0.161691 0.01 0.162462 0.14662 0.01 0.15889 0.150724 0.01 0.162941 0.150727 0.01 0.150758 0.158837 0.01 0.150119 0.162893 0.01 0.162052 0.154643 0.01 0.156959 0.161292 0.00998949 0.156891 0.15608 0.0100216 -0.135414 -0.0997029 0.22225 -0.128975 -0.105001 0.22195 -0.11682 -0.0998186 0.230089 -0.102951 -0.121375 0.22225 -0.0982681 -0.113464 0.23 -0.097282 -0.124533 0.22236 -0.1207 -0.127103 0.210625 -0.132254 0.0864171 0.227163 -0.129231 0.0820932 0.23 -0.146426 0.0857673 0.217355 -0.135408 0.0751881 0.227335 -0.115732 0.0614184 0.245469 -0.134573 0.0605546 0.231119 -0.146075 0.05962 0.221556 -0.141594 0.0477009 0.227625 -0.140814 0.0373779 0.230031 -0.142128 -0.0338531 0.229952 -0.147621 -0.0484616 0.222391 -0.14145 -0.057217 0.226848 -0.137009 -0.0669186 0.228885 -0.13835 -0.0755024 0.226125 -0.152004 0.0742124 0.214518 -0.120318 0.091978 0.232795 -0.147857 0.0145546 0.224833 -0.148546 -0.00148714 0.224569 -0.159987 -0.0264763 0.210625 -0.156283 -0.0343497 0.2145 -0.139598 0.00371813 0.235167 -0.145957 -0.0135293 0.227417 -0.153238 -0.0728491 0.2145 -0.156999 -0.0871834 0.210165 -0.156272 -0.0885673 0.210625 -0.154209 -0.0919803 0.211808 -0.145434 0.101632 0.215981 -0.157604 0.0442757 0.211917 -0.164475 0.0436101 0.204812 -0.15881 0.0267841 0.211594 -0.155516 0.0169667 0.215792 -0.164003 -0.0710579 0.204812 -0.166609 0.0805415 0.201906 -0.130575 -0.0765413 0.231447 -0.143187 -0.0933217 0.219811 -0.15466 0.0942051 0.210614 -0.100784 0.123454 0.222144 -0.0949387 0.116316 0.23 -0.111925 0.104837 0.23 -0.125141 0.108387 0.222282 -0.134402 0.102042 0.22225 0.0811215 0.127242 0.223282 0.0721683 0.124228 0.229698 0.0674228 0.129862 0.224187 0.0524474 0.131373 0.226872 0.0423711 0.134379 0.224727 0.0349658 0.133148 0.229811 -0.0328873 0.134858 0.23009 -0.0478725 0.137225 0.221756 -0.0554569 0.130383 0.23166 -0.040088 0.124693 0.245495 -0.0736426 0.129694 0.226799 0.0793353 0.13789 0.211035 0.064372 0.136734 0.215099 0.0136561 0.137429 0.224833 0.0235833 0.142447 0.210127 0.000992336 0.137889 0.225156 0.00296588 0.130916 0.245493 -0.067637 0.139083 0.214699 -0.0762284 0.122509 0.233576 -0.0657166 0.1221 0.23775 0.0473998 0.140956 0.210625 -0.0381803 0.141896 0.212363 -0.0139581 0.138248 0.224311 -0.0910725 0.135104 0.216087 0.0794419 0.114125 0.236951 0.0783 0.105013 0.245502 -0.0346077 0.145118 0.204274 0.0123083 0.146862 0.199363 -0.0749165 0.145551 0.201905 0.0601803 0.143552 0.204777 0.0299709 0.14698 0.199045 -0.0749994 0.146978 0.199045 0.0649799 0.146986 0.199023 -0.0400048 0.146992 0.199023 -0.0813418 0.140284 0.210625 0.113944 0.110411 0.22225 0.110991 0.112415 0.22225 0.106954 0.129997 0.210625 0.07167 -0.1645 0.0539969 0.100254 -0.164472 0.0542252 0.107828 -0.164508 0.0582262 0.11357 -0.164407 0.0623953 0.0532792 -0.128 0.152 0.169 -0.14 0.122 0.169 -0.128 0.0821588 0.169 -0.128 0.122 0.169 -0.14 0.0821588 0.149802 -0.118 0.0642567 0.14 -0.14 0.0551159 0.110421 -0.118 0.0275326 0.149802 0.0243 0.0642567 0.110421 0.0243 0.0275326 0.0711812 -0.128 0.0137755 0.0566056 -0.118 0.0294118 0.0198815 -0.118 0.0687936 0.0566056 0.0243 0.0294118 0.0198815 0.0243 0.0687936 0.0217607 -0.118 0.122608 0.0217607 0.0243 0.122608 0.0611425 0.0243 0.159333 0.0611425 -0.118 0.159333 0.167327 -0.128 0.0805984 0.168137 -0.128 0.0885433 0.14 -0.14 0.105 0.00437035 0.116818 0.2505 0.0265194 0.114078 0.250431 0.044061 0.108279 0.2505 0.0559557 0.102752 0.2505 0.0634582 0.0982525 0.2505 0.0706451 0.0932645 0.2505 0.0805748 0.0846954 0.2505 0.0931808 0.0710838 0.250495 0.105765 0.0504901 0.250495 0.112917 0.0302553 0.2505 0.116165 0.013088 0.2505 0.116958 -0.00780341 0.250522 0.113636 -0.0274321 0.2505 0.107031 -0.0478003 0.250464 0.099804 -0.060989 0.2505 0.0932355 -0.0706232 0.2505 0.0800088 -0.0855673 0.2505 0.0646424 -0.0974011 0.2505 0.0533601 -0.104083 0.2505 0.0427316 -0.108878 0.2505 0.0274308 -0.113636 0.2505 0.0145437 -0.116056 0.2505 0.00291598 -0.116927 0.2505 -0.0087407 -0.116637 0.2505 -0.0245906 -0.114284 0.2505 -0.0378105 -0.110739 0.245509 -0.0559115 -0.103112 0.250486 -0.0729256 -0.0914458 0.2505 -0.0816683 -0.0837304 0.2505 -0.0877244 -0.0774172 0.2505 -0.0972506 -0.0653372 0.250508 -0.108024 -0.0451048 0.250494 -0.113636 -0.0274321 0.2505 -0.116455 -0.0101892 0.2505 -0.116994 -0.00810088 0.245504 -0.116264 0.0135363 0.245516 -0.112946 0.0307009 0.245511 -0.107892 0.0454799 0.25049 -0.0966219 0.0663049 0.250501 -0.0857404 0.0795555 0.2505 -0.0773932 0.0876971 0.2505 -0.0646424 0.0974011 0.2505 -0.0494035 0.105948 0.2505 -0.0298773 0.113392 0.250487 -0.0101878 0.116455 0.2505 -0.0830406 -0.0809955 0.2505 -0.0869746 -0.0767556 0.2505 -0.0767317 -0.0869476 0.2505 -0.0906925 -0.0723248 0.2505 -0.0941848 -0.0677143 0.2505 -0.0677412 -0.0942225 0.2505 -0.0604865 -0.0989817 0.2505 -0.098951 -0.0604677 0.2505 -0.052904 -0.103193 0.2505 -0.103225 -0.0529204 0.2505 -0.106858 -0.0450444 0.2505 -0.0423664 -0.107948 0.2505 -0.10996 -0.0369444 0.2505 -0.0341916 -0.110846 0.2505 -0.111664 -0.0314175 0.2505 -0.0258044 -0.113056 0.2505 -0.113746 -0.022993 0.2505 -0.1151 -0.0144239 0.2505 -0.0144295 -0.115146 0.2505 -0.11582 -0.00578033 0.2505 -0.00578212 -0.115856 0.2505 -0.115964 0.00289196 0.2505 0.00289293 -0.11601 0.2505 -0.115676 0.00866869 0.2505 0.0115499 -0.115424 0.2505 0.0172889 -0.114704 0.2505 -0.114452 0.0194458 0.2505 0.0258044 -0.113056 0.2505 -0.110891 0.0342055 0.2505 0.0369597 -0.110003 0.2505 -0.106858 0.0450444 0.2505 0.0476945 -0.105702 0.2505 -0.103225 0.0529204 0.2505 -0.100459 0.058 0.2505 0.0580231 -0.100499 0.2505 -0.097443 0.0629354 0.2505 0.0653451 -0.0958437 0.2505 -0.0925043 0.0700693 0.2505 0.0700413 -0.0924674 0.2505 -0.0869746 0.0767556 0.2505 0.078949 -0.0850868 0.2505 -0.0830406 0.0809955 0.2505 -0.0789 0.085034 0.2505 -0.0745634 0.0888612 0.2505 0.0888967 -0.0745931 0.2505 -0.0700413 0.0924674 0.2505 0.0941848 -0.0677143 0.2505 -0.0629158 0.0974127 0.2505 0.097443 -0.0629354 0.2505 -0.0554775 0.101874 0.2505 0.101842 -0.0554602 0.2505 -0.0476945 0.105702 0.2505 0.106858 -0.0450444 0.2505 -0.036933 0.109925 0.2505 0.110891 -0.0342055 0.2505 0.113092 -0.0258124 0.2505 -0.025824 0.113137 0.2505 0.114238 -0.0201432 0.2505 -0.0172889 0.114704 0.2505 0.115388 -0.0115463 0.2505 -0.0115499 0.115424 0.2505 0.115964 -0.00289196 0.2505 -0.00289106 0.115928 0.2505 0.008666 0.11564 0.2505 0.11582 0.00578033 0.2505 0.1151 0.0144239 0.2505 0.0172889 0.114704 0.2505 0.114238 0.0201432 0.2505 0.025824 0.113137 0.2505 0.112378 0.028615 0.2505 0.0341916 0.110846 0.2505 0.10996 0.0369444 0.2505 0.0423963 0.108025 0.2505 0.107981 0.0423796 0.2505 0.052904 0.103193 0.2505 0.10448 0.0503149 0.2505 0.0629606 0.0974818 0.2505 0.100459 0.058 0.2505 0.0700413 0.0924674 0.2505 0.0958822 0.0653709 0.2505 0.0745634 0.0888612 0.2505 0.0888335 0.0745402 0.2505 0.0809703 0.0830147 0.2505 -0.0255 0.147 0.0878516 -0.0286367 0.147 0.084 -0.0891856 0.147 0.0840633 -0.0934995 0.147 0.0872388 -0.0906375 0.147 0.15399 -0.0291381 0.147 0.154 -0.0255 0.147 0.150633 0.14315 0.0474263 0.209911 0.152 0.04 0.220482 0.152 0.04 0.2505 0.126 0.0618166 0.2505 0.152 -0.04 0.2505 0.152 -0.04 0.220486 0.143159 -0.0474185 0.209895 0.126 -0.0618166 0.2505 0.135531 -0.0340432 0.2505 0.135102 -0.0298379 0.2505 0.143408 -0.0353678 0.2505 0.138596 -0.0370385 0.2505 0.144923 -0.0329505 0.250413 0.138316 -0.0137184 0.250498 0.137522 -0.0115276 0.2505 0.140797 -0.0142388 0.250495 0.140205 -0.0268343 0.250501 0.143581 -0.0285504 0.2505 0.144738 -0.0306335 0.2505 0.14239 -0.0125406 0.2505 0.142409 -0.0113374 0.2505 0.139588 0.00944783 0.2505 0.139852 -0.00945501 0.250499 0.138887 0.0266945 0.250483 0.137468 0.0120852 0.2505 0.139698 0.0144272 0.250485 0.135361 0.0302852 0.2505 0.143926 0.0291017 0.2505 0.135153 0.0331069 0.2505 0.137665 0.0368291 0.2505 0.144946 0.0320933 0.2505 0.142303 0.0121694 0.2505 0.144902 -0.0307535 0.234499 0.140057 -0.0267674 0.234543 0.134874 -0.0304835 0.234563 0.135958 -0.0347594 0.233902 0.139789 -0.0373361 0.234525 0.141928 -0.0334064 0.232903 0.143826 -0.035102 0.2345 0.14504 0.0317988 0.232676 0.144176 0.0350929 0.250468 0.143125 0.0361141 0.234327 0.136787 0.0362924 0.234566 0.135166 0.030257 0.233637 0.138656 0.0270854 0.233228 0.143501 0.0282448 0.235005 0.138733 -0.0121597 0.234146 0.132544 0.0302836 0.005 0.13445 0.0204717 0.005 0.13555 0.010537 0.005 0.135999 0.000551639 0.005 0.135631 -0.00943703 0.005 0.134612 -0.0193804 0.005 0.131992 -0.0332079 0.005 0.127073 -0.0483473 0.005 0.120008 -0.0642085 0.00500001 0.11345 -0.0750002 0.0049999 -0.130002 -0.0404105 0.005 -0.133322 -0.0268544 0.005 -0.134492 -0.020199 0.005 -0.135581 -0.0101245 0.005 -0.136 -8.30595e-17 0.005 -0.135832 0.00675522 0.005 -0.135329 0.0134938 0.005 -0.133907 0.0235267 0.005 -0.092 -0.152 0.065 -0.11 -0.152 0.065 -0.11 -0.152 0.047 -0.092 -0.152 0.047 0.125 0.08 0.005 0.13 -0.08 0.005 0.13 -0.075 0.005 -0.148572 0.0861729 0.0150093 -0.142638 0.0873818 0.015 -0.140843 0.0915865 0.0150348 -0.145286 0.0963819 0.0150026 -0.150496 0.0929163 0.015 -0.1239 -0.164309 0.0150198 -0.123648 -0.158018 0.0150038 -0.129769 -0.156297 0.0150039 -0.132789 -0.159089 5.44935e-07 -0.133146 -0.161145 0.0150089 -0.129709 -0.165825 0.0149758 0.085 -0.123 0.313 0.073 -0.123 0.313 0.160586 -0.102328 0.012993 0.154836 -0.0990214 0.013 0.149455 -0.101252 0.0130025 0.149475 -0.108193 0.0130059 0.156485 -0.110872 0.0129712 0.15491 0.113596 0.0130021 0.160451 0.11779 0.0130009 0.157461 0.125725 0.0129956 0.150869 0.124505 0.013 0.148382 0.118082 0.0129874 0.025217 0.158277 0.0198007 0.0168509 0.150488 0.0198807 0.011439 0.155409 0.0195354 0.00821772 0.160495 0.02 0.0111027 0.165767 0.02 0.0200333 0.167347 0.0199785 -0.0702039 0.164768 0.02 -0.0683016 0.158396 0.02 -0.07143 0.152995 0.02 -0.077338 0.151149 0.02 -0.0842961 0.155567 0.0199475 -0.0839112 0.16307 0.02 -0.0772197 0.168461 0.01988 0.0197677 -0.151782 0.02 0.0249449 -0.158652 0.020101 0.0202518 -0.16449 0.0196199 0.0153268 -0.167834 0.02 0.0104263 -0.165087 0.02 0.00826068 -0.158536 0.02 0.0119557 -0.152206 0.020034 -0.0695623 -0.154552 0.0200304 -0.0692779 -0.163253 0.02 -0.0768948 -0.168003 0.0199782 -0.0846825 -0.162285 0.0200185 -0.0823555 -0.153259 0.0200405 -0.0759217 -0.151057 0.02 0.0681594 0.1477 0.179498 0.0101426 0.1477 0.14903 0.00998651 0.147 0.14865 -0.00507863 0.147 0.133773 -0.0055 0.1477 0.132269 -0.00549999 0.1477 0.0855485 0.0356046 0.1477 0.149596 0.0368109 0.1454 0.150273 -0.00514353 0.1454 0.0851663 0.139674 -0.1262 0.210646 0.201422 -0.1262 0.199081 0.170488 -0.1262 0.131802 0.1525 -0.1262 0.131802 0.139674 -0.1262 0.134679 0.180052 -0.1262 0.0498768 0.1705 -0.1262 0.0835066 0.112585 -0.1262 0.0295 0.202407 -0.1285 0.201052 0.203967 -0.1285 0.199215 0.182497 -0.1285 0.0493138 0.180242 -0.1285 0.0497897 0.182184 -0.1285 0.0485167 0.100016 0.1477 0.1795 0.0995002 0.1454 0.179 0.139674 -0.1285 0.211414 0.170494 -0.1285 0.132363 0.1525 -0.1285 0.131802 0.1525 -0.1285 0.1288 0.139674 -0.1285 0.134679 0.142357 -0.12735 0.131802 0.170036 -0.1285 0.083074 0.180052 -0.1285 0.0498768 0.112585 -0.1285 0.0295 0.154279 0.122081 0.0195 0.138009 0.129763 0.182311 0.133489 0.131897 0.1795 0.137028 0.127682 0.210809 0.136088 0.128126 0.181818 0.153297 0.120001 0.0195 0.181538 0.107052 0.0477774 0.156837 0.119251 0.0195124 0.179758 0.107077 0.0492356 0.155105 0.119251 0.0210259 0.133979 -0.120198 0.214003 0.133979 -0.0607095 0.214003 0.199141 -0.124941 0.202336 0.14008 -0.124234 0.21291 0.135367 -0.0579182 0.213754 0.133578 -0.0595068 0.211738 0.145791 -0.0458582 0.211888 0.13398 0.0594258 0.214003 0.133979 0.0971116 0.214003 0.145791 0.0449142 0.211888 0.133573 -0.120198 0.211739 0.13759 -0.123571 0.21102 0.198735 -0.1262 0.200072 0.145386 -0.0445744 0.209624 0.133573 0.0971116 0.211739 0.145385 0.0447862 0.209624 0.133583 0.0606004 0.211737 0.1675 -0.1428 0.126498 0.1675 -0.1405 0.1265 0.167502 -0.141441 0.128797 0.1675 -0.127518 0.126762 0.167411 -0.125955 0.128809 0.1525 -0.126563 0.127749 0.1525 -0.1405 0.1265 0.1525 -0.12759 0.126724 0.1525 -0.1428 0.1095 0.152485 -0.142781 0.128223 0.140044 -0.127092 0.212708 0.1991 -0.12715 0.202107 0.201585 -0.1285 0.200224 0.203961 0.0971557 0.199172 0.182519 0.107279 0.0494638 0.181309 0.10932 0.0493895 0.202951 0.0991021 0.19969 0.189804 0.104707 0.101927 0.200047 0.0995667 0.172523 0.18421 0.106963 0.0617642 0.201684 0.0971557 0.199498 0.180306 0.107254 0.0502225 0.203967 0.0971527 0.199215 0.182907 0.104542 0.0521775 0.20169 0.0971527 0.199541 0.180667 0.103793 0.0527601 0.20468 0.0971116 0.199008 0.202098 0.0971116 0.201807 0.20373 -0.0303408 0.200568 0.203489 0.074114 0.200868 0.202094 -0.123198 0.201807 0.203987 -0.0344029 0.199656 0.202672 0.0760121 0.201629 0.203948 0.080892 0.199824 0.203455 -0.122862 0.200671 0.203574 -0.102626 0.200791 0.202765 -0.106584 0.20157 0.20317 -0.0335635 0.201269 0.20393 -0.041236 0.20006 0.202188 -0.1285 0.203021 0.201688 -0.123198 0.199543 0.133489 0.0971406 0.211315 0.133871 0.0976612 0.213523 0.202535 0.0976479 0.201633 0.13801 0.129762 0.203868 0.137598 0.128791 0.205536 0.18233 0.103793 0.0488713 0.180242 0.103793 0.0497899 0.1555 -0.1428 0.1065 0.167304 -0.1428 0.107201 0.152696 -0.1405 0.107201 0.167384 -0.1405 0.106912 -0.0295 0.079 0.089 -0.0895 0.079 0.149 -0.0895 0.079 0.089 -0.0295 0.079 0.149 -0.0895 0.147 0.089 -0.0295 0.147 0.089 -0.0295 0.147 0.149 -0.0895 0.147 0.149 -0.00134584 0.0539664 0.2505 -0.00269428 0.0539865 0.3035 -0.00537666 0.0537317 0.2505 -0.0080482 0.0533969 0.303499 -0.0106999 0.0529293 0.2505 -0.0120124 0.0526297 0.3035 -0.0133249 0.0523302 0.2505 -0.0159168 0.0516009 0.2505 -0.0171929 0.0511722 0.3035 -0.0195124 0.0503678 0.2505 -0.0246277 0.0480381 0.2505 -0.0237517 0.0485438 0.3035 -0.0281575 0.0460777 0.2505 -0.0292884 0.0453473 0.3035 -0.0304193 0.0446169 0.2505 -0.0344698 0.041652 0.2505 -0.0346959 0.0413494 0.303499 -0.0386568 0.0377048 0.2505 -0.0395725 0.0367179 0.3035 -0.0404882 0.035731 0.2505 -0.0422189 0.0336685 0.303499 -0.0438447 0.0315222 0.2505 -0.0438447 0.0315222 0.3035 -0.0453614 0.0292975 0.2505 -0.0474092 0.0258177 0.2505 -0.0469703 0.0267289 0.3035 -0.0497442 0.020969 0.2505 -0.0504716 0.0193089 0.3035 -0.0526267 0.0123891 0.2505 -0.0524422 0.0129188 0.3035 -0.0538337 0.00500355 0.3035 -0.0540101 0.00320223 0.2505 -0.0539203 -0.00311268 0.3035 -0.0532794 -0.00905232 0.2505 -0.0529327 -0.0110903 0.3035 -0.0515849 -0.0159118 0.2505 -0.0502465 -0.0197198 0.3035 -0.0487689 -0.0232218 0.2505 -0.0474092 -0.0258177 0.3035 -0.0460634 -0.0281488 0.2505 -0.0430318 -0.0325953 0.2505 -0.0436819 -0.0318204 0.3035 -0.0384514 -0.0379754 0.3035 -0.0395725 -0.0367179 0.2505 -0.0357199 -0.0404756 0.2505 -0.0315376 -0.0439075 0.3035 -0.0292884 -0.0453473 0.2505 -0.0246277 -0.0480381 0.2505 -0.0246277 -0.0480381 0.3035 -0.0188003 -0.0506674 0.2505 -0.0181666 -0.0508981 0.3035 -0.0133249 -0.0523302 0.2505 -0.0120124 -0.0526297 0.3035 -0.0106999 -0.0529293 0.2505 -0.0057165 -0.0537398 0.3035 -0.0050455 -0.0538069 0.2505 0.000961493 -0.0540048 0.3035 0.00269168 -0.0539329 0.2505 0.00537666 -0.0537317 0.3035 0.00537666 -0.0537317 0.2505 0.00804828 -0.0533969 0.2505 0.0110414 -0.0528898 0.3035 0.0146208 -0.0519655 0.2505 0.0197468 -0.050314 0.303499 0.0244305 -0.0481747 0.2505 0.0271272 -0.0467105 0.3035 0.0304193 -0.0446169 0.2505 0.0315124 -0.043831 0.3035 0.0326054 -0.0430451 0.2505 0.0347105 -0.0413664 0.3035 0.0386952 -0.0377423 0.3035 0.0367293 -0.0395848 0.2505 0.0405285 -0.0357665 0.2505 0.0430318 -0.0325953 0.3035 0.0438447 -0.0315222 0.2505 0.0470049 -0.0267133 0.2505 0.0467462 -0.0269885 0.3035 0.0508082 -0.0185621 0.2505 0.050827 -0.0184723 0.3035 0.0528967 -0.010936 0.2505 0.0534647 -0.00805852 0.3035 0.053908 -0.00427889 0.2505 0.0540764 -2.08633e-05 0.3035 0.053715 0.00537499 0.2505 0.0529987 0.0102235 0.3035 0.0526461 0.0120161 0.2505 0.0517258 0.0155525 0.3035 0.0511881 0.0171983 0.2505 0.0492518 0.0222234 0.2505 0.0492702 0.0222317 0.3035 0.0463044 0.0278027 0.3035 0.044603 0.0304098 0.2505 0.0430318 0.0325953 0.303499 0.0395725 0.0367179 0.2505 0.0367293 0.0395848 0.2505 0.0386952 0.0377423 0.3035 0.0347105 0.0413664 0.303499 0.0304494 0.0446613 0.3035 0.0326054 0.0430451 0.2505 0.0278916 0.0462893 0.2505 0.0226368 0.0489996 0.3035 0.0209755 0.0497597 0.2505 0.0184691 0.0507434 0.3035 0.0184691 0.0507434 0.2505 0.0159168 0.0516009 0.2505 0.0146208 0.0519655 0.3035 0.0133249 0.0523302 0.2505 0.00772111 0.0534886 0.2505 0.00654432 0.0537052 0.3035 0.0106659 -0.0744859 0.2955 0.0111368 -0.0743143 0.3035 0.0342887 -0.0671315 0.2955 0.0314907 -0.068373 0.3035 0.0483048 -0.0575675 0.3035 0.0521019 -0.0541422 0.2955 0.0605736 -0.0445441 0.3035 0.0656605 -0.0368057 0.2955 0.0718764 -0.0211938 0.2955 0.0718319 -0.0230621 0.3035 0.075153 -0.00105594 0.3035 0.0753654 -0.00227664 0.2955 0.0734853 0.015657 0.3035 0.0725679 0.0184781 0.2955 0.0655375 0.0370152 0.2955 0.0665985 0.0352133 0.3035 0.052286 0.0540256 0.2955 0.0524351 0.0539825 0.3035 0.0359471 0.0661259 0.2955 0.032587 0.0679642 0.3035 0.0113289 0.0744801 0.2955 0.00796191 0.0748722 0.3035 -0.0135239 0.0739794 0.3035 -0.0111063 0.0743789 0.2955 -0.0295236 0.0688321 0.3035 -0.0330738 0.0677369 0.2955 -0.0502803 0.0555633 0.2955 -0.0441243 0.0608935 0.3035 -0.0567257 0.0492453 0.3035 -0.0588089 0.0463038 0.2955 -0.0669875 0.0341953 0.3035 -0.0687582 0.0303897 0.2955 -0.0744988 0.0102608 0.2955 -0.0741152 0.0128808 0.3035 -0.0747836 -0.00754349 0.3035 -0.0744619 -0.0101619 0.2955 -0.0716457 -0.0220998 0.3035 -0.0663101 -0.0361517 0.2955 -0.0646103 -0.0389994 0.3035 -0.0522864 -0.0536066 0.2955 -0.0461551 -0.0594335 0.3035 -0.0414374 -0.0624366 0.2955 -0.0297414 -0.0689808 0.3035 -0.027774 -0.0694938 0.2955 -0.011131 -0.0743607 0.2955 -0.0100634 -0.0746534 0.3035 0.0643539 0.0720115 0.2955 0.0743602 0.0616228 0.2955 0.0527541 0.0809094 0.2955 0.0853236 0.0455573 0.2955 0.0372308 0.0892078 0.2955 0.092462 0.0278902 0.2955 0.0945866 0.0191211 0.2955 0.0209123 0.0942841 0.2955 0.0957213 0.0119954 0.2955 0.00241073 0.0966754 0.2955 0.0966998 -0.00147784 0.2955 -0.0161767 0.0952123 0.2955 -0.0327506 0.0909469 0.2955 0.0942 -0.0215006 0.2955 0.0881164 -0.039763 0.2955 0.0794593 -0.0548911 0.2955 -0.0529909 0.0808952 0.2955 0.0723314 -0.0638328 0.2955 -0.0656163 0.0707175 0.2955 0.0642237 -0.0721432 0.2955 -0.0707395 0.0656367 0.2955 0.0520522 -0.0813627 0.2955 -0.0786775 0.0561586 0.2955 -0.0891117 0.0375638 0.2955 0.0375315 -0.0890354 0.2955 -0.0945414 0.0197162 0.2955 0.019477 -0.0946815 0.2955 -0.0962302 0.00600668 0.2955 0.00199017 -0.0965679 0.2955 -0.0962493 -0.00821188 0.2955 -0.00960531 -0.0959906 0.2955 -0.0220773 -0.0940195 0.2955 -0.0937372 -0.0232467 0.2955 -0.0341031 -0.0901849 0.2955 -0.0892255 -0.0369579 0.2955 -0.0483135 -0.0836432 0.2955 -0.081778 -0.0514414 0.2955 -0.058249 -0.0768994 0.2955 -0.0698808 -0.0668559 0.2955 -0.0964466 -0.00523163 0.2785 -0.0960077 0.010799 0.2785 -0.093132 0.0249552 0.2785 -0.0877583 0.0406362 0.2785 -0.0786921 0.0559483 0.2785 -0.0723314 0.0638328 0.2785 -0.0656163 0.0707175 0.2785 -0.0527867 0.0809529 0.2785 -0.0353104 0.0899695 0.2785 -0.018163 0.0948761 0.2785 -0.00300968 0.0965299 0.2785 0.0132663 0.0956957 0.2785 0.028435 0.0921841 0.2785 0.0408836 0.087534 0.2785 0.0543435 0.0797073 0.2785 0.06647 0.0702465 0.2785 0.0780973 0.0567757 0.2785 0.0872654 0.0416104 0.2785 0.0934399 0.0244144 0.2785 0.0960348 0.0102048 0.2785 0.0962384 -0.00910856 0.2785 0.0919383 -0.0296819 0.2785 0.0848832 -0.0462249 0.2785 0.0748144 -0.0611267 0.2785 0.0624478 -0.0736799 0.2785 0.0503029 -0.082317 0.2785 0.0366918 -0.0894792 0.2785 0.0196307 -0.0945373 0.2785 0.0043372 -0.0964865 0.2785 -0.011411 -0.0959003 0.2785 -0.0255765 -0.0931285 0.2785 -0.0408836 -0.087534 0.2785 -0.0564209 -0.0784766 0.2785 -0.0681779 -0.0681771 0.2785 -0.0796952 -0.0547125 0.2785 -0.0884556 -0.0388198 0.2785 -0.0940692 -0.0221709 0.2785 0.0794922 0.0846074 0.2785 0.0700413 0.0924674 0.2785 0.0925849 0.0701301 0.2785 0.0629158 0.0974127 0.2785 0.100459 0.058 0.2785 0.106115 0.0470857 0.2785 0.0510222 0.104279 0.2785 0.10996 0.0369444 0.2785 0.0369597 0.110003 0.2785 0.0229999 0.11377 0.2785 0.113162 0.0258275 0.2785 0.1151 0.0144239 0.2785 0.11582 0.00578033 0.2785 0.008666 0.11564 0.2785 -0.00289293 0.11601 0.2785 0.115711 -0.00939722 0.2785 -0.0115499 0.115424 0.2785 0.113665 -0.0229778 0.2785 -0.0201505 0.114283 0.2785 0.109814 -0.0376601 0.2785 -0.0369908 0.110099 0.2785 0.102975 -0.0536055 0.2785 -0.054884 0.102299 0.2785 0.097443 -0.0629354 0.2785 -0.0677412 0.0942225 0.2785 0.0907488 -0.0723697 0.2785 -0.0767317 0.0869476 0.2785 -0.0830406 0.0809955 0.2785 0.0774855 -0.0865615 0.2785 -0.0869746 0.0767556 0.2785 -0.0942435 0.067756 0.2785 0.0629606 -0.0974818 0.2785 -0.100459 0.058 0.2785 -0.10448 0.0503149 0.2785 0.0497174 -0.104908 0.2785 -0.108971 0.039662 0.2785 0.033525 -0.111146 0.2785 -0.112458 0.0286356 0.2785 0.0229849 -0.1137 0.2785 -0.115171 0.0144334 0.2785 0.0172889 -0.114704 0.2785 0.00578605 -0.115928 0.2785 -0.115964 0.00289196 0.2785 -0.00578212 -0.115856 0.2785 -0.115902 -0.00578456 0.2785 -0.0144194 -0.115064 0.2785 -0.0279444 -0.112679 0.2785 -0.113844 -0.0230136 0.2785 -0.10996 -0.0369444 0.2785 -0.0423664 -0.107948 0.2785 -0.106115 -0.0470857 0.2785 -0.052904 -0.103193 0.2785 -0.0653857 -0.0959032 0.2785 -0.0979113 -0.0623763 0.2785 -0.0888967 -0.0745931 0.2785 -0.0784304 -0.0855926 0.2785 0.0787003 -0.128 0.175705 0.0982208 -0.128 0.175391 0.0788872 -0.128 0.0112458 0.0926753 -0.127989 0.0110868 0.16736 -0.118 0.0806301 0.16845 -0.118 0.100062 0.0730289 -0.118 0.0118014 0.0925922 -0.118 0.010916 0.00411468 -0.118 0.106149 0.00328605 -0.118 0.0943001 0.00353973 -0.118 0.0863182 0.0786673 -0.118 0.175674 0.098584 -0.118 0.175011 0.0886598 -0.118 0.175858 0.148673 -0.0953 0.134715 0.13135 -0.0953 0.153291 0.13135 -0.1207 0.153291 0.148673 -0.1207 0.134715 0.138258 -0.100066 0.145882 0.142241 -0.100785 0.141612 0.134799 -0.105076 0.149592 0.135333 -0.112287 0.149015 0.144641 -0.103984 0.139038 0.138024 -0.115426 0.146134 0.140937 -0.115673 0.14301 0.145275 -0.111393 0.138357 0.154616 0.0223 0.133693 0.130746 0.0223 0.159291 0.130746 -0.0127 0.159291 0.154616 -0.0127 0.133693 0.136227 0.0124584 0.153412 0.150558 0.00897316 0.138044 0.140812 -0.00717115 0.1485 0.14743 -0.00527393 0.141423 0.150369 9.9243e-05 0.13825 0.150785 -0.100049 0.153395 0.154111 -0.102225 0.149806 0.155692 -0.106529 0.148112 0.155138 -0.112435 0.148703 0.150948 -0.116141 0.153234 0.146496 -0.113581 0.157951 0.145038 -0.10842 0.159536 0.145852 -0.10366 0.158531 0.143682 -0.104912 0.141532 0.153771 -0.105734 0.150225 0.152509 -0.113375 0.151591 0.144001 -0.111212 0.141191 0.138871 -0.112627 0.146779 0.137193 -0.108735 0.148491 0.147398 -0.111137 0.157024 0.14747 -0.104652 0.156989 0.138847 -0.103211 0.146682 0.151241 -0.103007 0.152885 0.156582 0.016847 0.159431 0.146629 0.0155411 0.142259 0.161854 0.0137964 0.15379 0.164276 0.00867688 0.15101 0.164549 0.00281095 0.150901 0.162286 -0.00435333 0.15336 0.156377 -0.00745823 0.159668 0.150587 -0.00324638 0.165873 0.136015 -0.00251915 0.15364 0.148443 0.0024638 0.168172 0.13437 0.00544115 0.155404 0.149231 0.0104351 0.167404 0.152825 0.0153648 0.163473 0.140994 0.0166617 0.148301 0.0193745 0.0243 0.0686041 0.0563811 0.0243 0.0289194 0.0212683 0.0243 0.122833 0.11061 0.0243 0.0270256 0.060953 0.0243 0.15984 0.150295 0.0243 0.0640322 0.152188 0.0243 0.118261 0.115182 0.0243 0.157946 0.0193745 0.0318 0.0686041 0.0563811 0.0318 0.0289194 0.0343696 0.0318 0.0825827 0.0815168 0.0318 0.049117 0.0821806 0.0406977 0.0493433 0.0439521 0.0318034 0.0948888 0.0870008 0.0318025 0.0484488 0.0359252 0.0318 0.103702 0.0742957 0.0318 0.0431102 0.0959783 0.0318 0.0414146 0.0212683 0.0318 0.122833 0.0353366 0.0318 0.107921 0.11061 0.0318 0.0270256 0.135868 0.0318 0.0786089 0.060953 0.0318 0.15984 0.150295 0.0318 0.0640322 0.0744315 0.0318 0.144378 0.129833 0.0310393 0.0920999 0.0872838 0.0309641 0.13745 0.127486 0.0318 0.0919773 0.0872372 0.0318 0.135131 0.0779115 0.0318 0.144732 0.0972818 0.0318 0.144333 0.136534 0.0318 0.100667 0.152188 0.0318 0.118261 0.137267 0.0318 0.104204 0.115182 0.0318 0.157946 0.101092 0.0318 0.142979 0.103931 0.0427 0.13702 0.103931 0.0627 0.13702 0.116796 0.0574838 0.123224 0.130529 0.0427 0.108497 0.116855 0.0478589 0.12316 0.130529 0.0627 0.108497 0.120799 0.0534692 0.118933 0.0350073 0.0318 0.086155 0.0355602 0.0407 0.10633 0.0335174 0.0407 0.106225 0.034861 0.0407 0.0839022 0.0327517 0.0407 0.0843175 0.0487784 0.0407 0.108315 0.0409676 0.0406999 0.0976967 0.0478093 0.0407001 0.080542 0.041895 0.0406994 0.0933907 0.0689482 0.0407002 0.0565025 0.0501825 0.0407 0.111511 0.0708276 0.0407 0.0434861 0.0743934 0.0407 0.144342 0.0708998 0.0318 0.0434087 0.0715999 0.0407003 0.131439 0.0785132 0.0406995 0.144267 0.0746747 0.0407 0.0427472 0.0855349 0.0406992 0.137711 0.0882073 0.0407003 0.0473965 0.097007 0.0407 0.130563 0.0910391 0.0407 0.138777 0.0971068 0.0406998 0.144325 0.0966516 0.0406998 0.0420412 0.0987268 0.0407 0.0554582 0.10071 0.0407 0.143406 0.103199 0.0407 0.136338 0.121135 0.0407 0.0751253 0.123605 0.0407 0.102041 0.122774 0.0407 0.0782446 0.129036 0.0406974 0.0912277 0.129797 0.0407 0.107815 0.138046 0.0407 0.0806403 0.136507 0.0318015 0.0813492 0.136762 0.0407 0.104745 0.136597 0.0406988 0.100694 0.122789 0.0627 0.0786806 0.123605 0.0627 0.102041 0.0999904 0.0627 0.0554152 0.0477688 0.0627 0.0792187 0.0487753 0.0627 0.108226 0.097007 0.0627 0.130563 0.101428 0.0407003 0.0568153 0.0689521 0.0627 0.0565045 0.121576 0.0627 0.0755369 0.0500529 0.0627 0.11139 0.0715648 0.0627 0.131447 0.129797 0.0427 0.107815 0.103199 0.0427 0.136338 0.122315 0.0478361 0.126084 0.124155 0.0564023 0.124197 0.118374 0.0547582 0.130406 0.113757 0.0527473 0.126483 -0.0354544 0.158 0.118994 -0.1016 0.158026 0.0951435 -0.0175 0.1608 0.1247 -0.0175 0.158 0.1247 -0.0266953 0.1608 0.121969 -0.0253807 0.158 0.123165 -0.0255247 0.1608 0.114705 -0.0276304 0.157995 0.11426 -0.0175 0.1608 0.1133 -0.1015 0.158 0.1133 -0.101498 0.1608 0.113275 -0.0925247 0.158 0.115801 -0.0905093 0.160814 0.118075 -0.0928886 0.158 0.123145 -0.1015 0.158 0.1247 -0.101487 0.1608 0.124772 -0.0175 0.1608 0.14078 -0.0315814 0.1608 0.122227 -0.0313776 0.1608 0.114614 -0.0320447 0.157984 0.118964 -0.101493 0.160799 0.140768 -0.0870458 0.158 0.123252 -0.0872807 0.1608 0.115729 -0.0875131 0.158 0.114962 -0.0873575 0.1608 0.122702 -0.1015 0.1608 0.0972198 -0.0175 0.1608 0.0972198 -0.0249416 0.157184 0.147895 -0.0241669 0.152055 0.148929 -0.0175002 0.152001 0.143002 -0.0946958 0.157202 0.147791 -0.0951502 0.152025 0.14902 -0.0895026 0.156 0.155 -0.0955 0.152 0.089 -0.0937185 0.157095 0.0895704 -0.0957795 0.154824 0.0908161 -0.1015 0.152003 0.0949984 -0.022281 0.152014 0.0904943 -0.0245187 0.157168 0.0900092 -0.0294974 0.156 0.083 -0.0175 0.158 0.143 -0.018279 0.15905 0.138645 -0.0175 0.158 0.1133 -0.0175 0.152 0.095 -0.0164249 0.158005 0.0955538 -0.0895048 0.156 0.0830001 -0.0895001 0.152 0.083 -0.0996607 0.15801 0.0995105 -0.1015 0.158 0.143 -0.1015 0.152 0.143 -0.0294952 0.156 0.155 -0.0295 0.152 0.155 -0.0185592 0.152021 0.153968 -0.0994785 0.152 0.153082 -0.0895 0.152 0.155 -0.100555 0.152013 0.0845701 -0.0295 0.152 0.083 -0.0185269 0.152 0.0854228 -0.17 -0.001 0.149 -0.17 -0.001 0.102 -0.17 0.081 0.149 -0.17 0.081 0.102 -0.172 0.081 0.108 -0.172 -0.001 0.149 -0.172 0.081 0.149 -0.177 -0.00630344 0.151 -0.177 -0.0048406 0.152 -0.177 -0.00455382 0.151978 -0.177 0.0848212 0.152 -0.177 -0.00473151 0.107 -0.177 0.0845845 0.107004 -0.251277 0.00261137 0.129267 -0.203129 -0.00675266 0.149848 -0.2005 -0.00675 0.111439 -0.2005 0.08675 0.147561 -0.203147 0.086749 0.15019 -0.2005 0.08675 0.111439 -0.203203 0.0867381 0.108698 -0.252997 0.0648513 0.143115 -0.253 0.0581382 0.144489 -0.253 0.0749965 0.1095 -0.253002 0.0710792 0.121421 -0.253 0.0483079 0.140906 -0.253011 0.0398173 0.136276 -0.253 0.0531481 0.143647 -0.253017 0.0428992 0.1304 -0.253 0.0255441 0.143992 -0.252987 0.0448944 0.12219 -0.253 0.0116699 0.140358 -0.252996 0.031509 0.117714 -0.253009 0.00796509 0.135738 -0.252942 0.0117564 0.118386 -0.250528 0.0752897 0.152 -0.222587 -0.000954205 0.107 -0.253 0.00463287 0.151949 -0.252953 0.0754018 0.1295 -0.253 0.0770573 0.150011 -0.177 0.0866376 0.150167 -0.177 0.0863039 0.151 -0.202455 0.0854453 0.151924 -0.250708 0.00505328 0.152 -0.251307 0.04 0.151858 -0.252268 0.0410936 0.151179 -0.252955 0.04 0.149899 -0.203111 -0.00639215 0.15082 -0.203039 -0.0058516 0.151458 -0.202462 -0.00466189 0.152 -0.177 -0.00628416 0.108 -0.203268 -0.00672529 0.108269 -0.252819 0.00290746 0.108536 -0.252353 0.04 0.107831 -0.253001 0.00520746 0.108929 -0.251494 0.04 0.107249 -0.203125 0.0849815 0.107 -0.250617 0.0759228 0.107 -0.251321 0.0773837 0.109226 -0.177 0.0864027 0.108001 -0.253 0.0501833 0.116598 -0.253 0.0577385 0.114599 -0.253007 0.0641521 0.115676 -0.253 0.072981 0.128896 -0.252948 0.0722668 0.134218 -0.253 0.0696439 0.138905 -0.253 0.0560777 0.144369 -0.252977 0.0450958 0.137168 -0.252998 0.00730234 0.126104 -0.253 0.018302 0.114974 -0.252996 0.0234373 0.114518 -0.253 0.0357729 0.123877 -0.253001 0.0371006 0.130336 -0.253 0.0354704 0.136003 -0.253 0.0340586 0.1384 -0.253 0.0320445 0.140618 -0.253 0.0224092 0.144486 -0.252988 0.0163775 0.143475 -0.275878 0.00752271 0.128504 -0.278 0.00928355 0.12313 -0.275792 0.0186645 0.115561 -0.277593 0.0194963 0.118083 -0.276643 0.0278116 0.116705 -0.276132 0.0331383 0.120292 -0.276074 0.0364197 0.129733 -0.277704 0.034289 0.128886 -0.275874 0.0352574 0.135851 -0.275649 0.0310635 0.141137 -0.277474 0.0283776 0.140425 -0.27593 0.0226769 0.143852 -0.275972 0.0133458 0.141215 -0.277499 0.0148117 0.139861 -0.276346 0.00872918 0.135103 -0.278 0.0434194 0.130147 -0.277573 0.0541183 0.118079 -0.276214 0.0470931 0.120047 -0.275735 0.0526038 0.115815 -0.277628 0.0681655 0.122097 -0.276242 0.0626399 0.11601 -0.27579 0.0694671 0.120353 -0.27621 0.0722547 0.128608 -0.277565 0.0526292 0.140787 -0.278 0.0678338 0.140576 -0.27655 0.0582472 0.143343 -0.276117 0.0480883 0.140077 -0.2005 -0.007 0.113 -0.177 -0.00677631 0.148527 -0.2005 -0.007 0.146 -0.2005 0.087 0.113 -0.177001 0.086706 0.108012 -0.2005 0.087 0.146 -0.172 0.0935 0.151 -0.177 0.0965 0.109249 -0.177 0.087 0.113 -0.177 0.0869991 0.146453 -0.177 0.0964992 0.150979 -0.177 -0.0165 0.108 -0.177 -0.00691326 0.110633 -0.177 -0.007 0.1295 -0.177 -0.0164987 0.150975 -0.172 -0.00100191 0.107999 -0.172 0.0958194 0.108667 -0.172 0.0964999 0.149863 -0.172 -0.0158454 0.109637 -0.172 -0.0164977 0.150999 -0.172 -0.116 0.196 -0.172 -0.116 0.102 -0.172 -0.001 0.102 -0.172 0.116 0.196 -0.172 0.081 0.102 -0.172 0.116 0.102 -0.00525463 -0.1875 0.297 -0.0120635 -0.1875 0.293301 -0.0205564 -0.1875 0.287773 -0.0301411 -0.187503 0.280121 -0.0402489 -0.187498 0.269555 -0.0488726 -0.187506 0.257617 -0.0539673 -0.1875 0.248321 -0.0570041 -0.1875 0.241509 -0.0612926 -0.187359 0.229575 -0.0636725 -0.1875 0.217617 -0.0646022 -0.1875 0.210218 -0.0649153 -0.1875 0.205254 -0.0649116 -0.187509 0.195208 -0.0631722 -0.18735 0.180354 -0.0591794 -0.187324 0.165517 -0.0487414 -0.187565 0.144133 -0.0379468 -0.187836 0.130137 -0.0305958 -0.187297 0.12202 -0.0214824 -0.187507 0.114872 -0.012671 -0.18749 0.108933 -0.0034695 -0.187502 0.104095 0.0753854 -0.1875 0.0698275 0.109105 -0.1875 0.083451 0.106847 -0.187487 0.0789784 0.119073 -0.164517 0.0687925 0.101199 -0.187525 0.0730306 0.088855 -0.18759 0.0679242 0.0855537 -0.164499 0.0514013 0.0803242 -0.187537 0.0682176 0.145313 -0.187492 0.172865 0.146931 -0.187452 0.179414 0.148948 -0.187467 0.195265 0.144351 -0.187219 0.233434 0.137014 -0.187399 0.250526 0.130495 -0.1875 0.261091 0.122136 -0.187486 0.272071 0.113569 -0.1875 0.280499 0.105573 -0.1875 0.287027 0.0950439 -0.187501 0.293996 0.0892546 -0.1875 0.297 0.062831 -0.212306 0.260299 0.0537517 -0.21251 0.262517 0.0654427 -0.197993 0.282475 0.020354 -0.200171 0.278672 0.0309187 -0.208462 0.268023 0.0113257 -0.2 0.277671 0.0168389 -0.212148 0.258847 0.0513651 -0.19375 0.28862 0.0371637 -0.212452 0.26345 0.044479 -0.201821 0.27788 0.0279282 -0.19375 0.102959 0.000218621 -0.20016 0.12757 0.0960779 -0.19375 0.0931086 0.0921469 -0.201746 0.121863 0.0119729 -0.212476 0.255889 0.0837754 -0.199306 0.10546 0.0710377 -0.20625 0.124236 0.0558371 -0.212509 0.14007 0.115929 -0.201995 0.167437 0.104807 -0.20625 0.160891 0.0963676 -0.2125 0.170445 0.00391653 -0.212549 0.25055 0.141836 -0.187496 0.162414 0.101159 -0.212511 0.180804 -0.00541038 -0.212544 0.241795 0.114464 -0.20625 0.189717 0.104241 -0.212412 0.190827 -0.0151616 -0.196875 0.131105 0.00462956 -0.212557 0.150651 -0.00246711 -0.205138 0.140276 0.0387856 -0.197241 0.10622 0.0468586 -0.203939 0.118455 0.0193424 -0.199029 0.11662 0.0710308 -0.197827 0.098468 0.0629799 -0.200611 0.107607 0.0956221 -0.187523 0.0697318 0.0693034 -0.212442 0.144512 0.115067 -0.196875 0.142028 0.132024 -0.196759 0.194796 0.104589 -0.212446 0.201173 0.10321 -0.2125 0.213406 -0.00439669 -0.212443 0.158689 -0.0154647 -0.204688 0.150668 0.148728 -0.187521 0.207874 0.131502 -0.196098 0.219825 0.117858 -0.204688 0.207419 0.118174 -0.204188 0.212944 -0.0346497 -0.195935 0.149949 -0.0155873 -0.21249 0.176168 -0.00958446 -0.212286 0.164723 0.147563 -0.187501 0.218279 0.0993926 -0.212548 0.225844 -0.055025 -0.187867 0.156565 -0.0257348 -0.205761 0.169441 0.12765 -0.197304 0.226279 0.107047 -0.206713 0.233631 0.0924061 -0.212514 0.237948 -0.0471024 -0.195898 0.1779 -0.0459457 -0.195898 0.173829 -0.0190211 -0.212337 0.185312 0.11851 -0.19611 0.251402 0.0867924 -0.2125 0.244482 -0.0569887 -0.191699 0.190862 -0.0332723 -0.2051 0.19172 0.115644 -0.191862 0.267349 0.0986174 -0.204362 0.25289 -0.0501264 -0.19585 0.202423 -0.0278367 -0.20835 0.203537 -0.0205123 -0.212563 0.201847 0.102557 -0.195977 0.269672 0.0932 -0.204006 0.258553 0.0980863 -0.195931 0.273745 0.0812337 -0.2125 0.249593 0.0826039 -0.208431 0.25756 0.0706886 -0.2125 0.256444 -0.0555585 -0.191675 0.220873 -0.0200531 -0.212194 0.213078 -0.0501644 -0.195778 0.206289 -0.0341416 -0.204175 0.214441 0.0797309 -0.204215 0.268232 -0.0109485 -0.2125 0.234207 -0.0434134 -0.195839 0.235601 -0.0449153 -0.195837 0.231642 -0.0170041 -0.212321 0.222414 0.0197596 -0.2125 0.142683 0.0532611 -0.199872 0.10772 0.031423 -0.212425 0.139231 0.043017 -0.212475 0.138287 0.0800008 -0.2125 0.151404 0.0847483 -0.2125 0.155432 0.0990561 -0.2 0.124987 0.101785 -0.200003 0.129574 0.0899646 -0.212495 0.160837 -0.0204029 -0.214 0.203335 -0.0195234 -0.213968 0.212129 -0.0167308 -0.214 0.222376 0.0109955 -0.213924 0.255536 0.0371626 -0.213985 0.263335 0.0470024 -0.214086 0.263327 0.10048 -0.214 0.222697 0.103282 -0.214037 0.188654 0.094514 -0.214015 0.167147 0.0854407 -0.213875 0.155641 0.065056 -0.213978 0.142754 0.0435381 -0.213984 0.138475 0.0223807 -0.214014 0.141556 -0.00956391 -0.213985 0.165643 -0.0141892 -0.214107 0.173643 -0.0202235 -0.21398 0.19477 0.0574452 -0.2395 0.19918 0.0816082 -0.213891 0.249624 0.0722372 -0.231256 0.225585 0.0889276 -0.214026 0.24219 0.0829483 -0.229502 0.205594 0.0967421 -0.213939 0.231219 0.103564 -0.214021 0.212182 0.0790021 -0.232536 0.198797 0.0803925 -0.229787 0.187006 0.104524 -0.21399 0.199229 0.0766108 -0.228838 0.176954 0.099715 -0.213975 0.177069 0.0665876 -0.232567 0.173456 0.0579079 -0.232438 0.167522 0.0737561 -0.213949 0.147076 0.0520238 -0.228121 0.158847 0.0503766 -0.213944 0.138962 0.0302123 -0.231871 0.164825 0.0317046 -0.21396 0.139274 0.0211374 -0.232606 0.170537 0.0137912 -0.232475 0.17689 0.00597698 -0.231023 0.185531 -0.00337061 -0.213908 0.15767 0.00947765 -0.214013 0.147462 0.00422751 -0.231432 0.193728 -0.00370409 -0.226277 0.202679 -0.0179627 -0.213944 0.18307 -0.00232184 -0.224982 0.218133 0.0111095 -0.232067 0.22238 -0.0121431 -0.213934 0.232537 0.0172112 -0.231609 0.23011 -0.00393212 -0.215591 0.24005 0.000354806 -0.214105 0.247502 0.028302 -0.232216 0.235962 0.0230211 -0.213963 0.260748 0.0389141 -0.229772 0.241866 0.0594816 -0.231544 0.235298 0.0599262 -0.214051 0.260926 0.0689069 -0.21402 0.25733 0.0128194 -0.236298 0.195672 0.0180955 -0.23793 0.206721 0.0294819 -0.239183 0.211072 0.00649375 -0.232817 0.209866 0.0282164 -0.237738 0.221958 0.034468 -0.2372 0.226595 0.0451594 -0.235851 0.23089 0.0498813 -0.239256 0.215537 0.0564909 -0.2367 0.224634 0.0496994 -0.232545 0.237009 0.0651649 -0.233452 0.228102 0.0611974 -0.238557 0.209982 0.0722593 -0.235015 0.211765 0.066815 -0.237739 0.200418 0.0778723 -0.231069 0.216517 0.0622325 -0.23742 0.184964 0.073967 -0.234256 0.190141 0.0531004 -0.236622 0.175203 0.0455967 -0.23918 0.184257 0.0292159 -0.239499 0.192148 0.0377354 -0.238022 0.177193 0.0416233 -0.232769 0.164269 0.0223287 -0.237358 0.18418 -0.16 -0.11062 0.0416115 -0.160003 -0.111338 0.0368274 -0.159996 -0.105637 0.0403729 -0.16 -0.106991 0.0366003 -0.159962 -0.108127 0.0920974 -0.16 -0.112134 0.0888585 -0.160003 -0.107021 0.0862261 -0.16 0.108812 0.0920691 -0.16 0.106025 0.0894122 -0.159955 0.11247 0.0896245 -0.159802 0.1083 0.0858022 -0.16 0.106619 0.0407853 -0.169994 0.109816 0.0359204 -0.15989 0.112084 0.0403898 -0.160021 0.10832 0.0358448 0.00454253 0.0899236 0.259855 -0.0122923 0.089079 0.259871 -0.0243681 0.0866093 0.264616 -0.0286193 0.0851809 0.259871 -0.0411518 0.0804986 0.264565 -0.0469725 0.0770113 0.25989 -0.0569378 0.0696006 0.264616 -0.0649238 0.0626232 0.259803 -0.0688405 0.0584589 0.264648 -0.0795021 0.0420187 0.264616 -0.0788647 0.0435332 0.259931 -0.0845461 0.0307722 0.264616 -0.0874716 0.0228248 0.25984 -0.0886501 0.016843 0.264502 -0.0897485 -0.00447916 0.264616 -0.0901522 -0.000850902 0.259829 -0.0867785 -0.0243854 0.264667 -0.0863643 -0.026177 0.260026 -0.0800885 -0.041059 0.264616 -0.0790154 -0.0430295 0.259871 -0.0723942 -0.0538479 0.264577 -0.0556224 -0.0711118 0.264654 -0.0704793 -0.0563729 0.259856 -0.0522936 -0.0737342 0.259912 -0.0357712 -0.0827093 0.264631 -0.0172572 -0.0882036 0.264616 -0.0268751 -0.0862034 0.259788 -0.00672362 -0.0897204 0.259871 0.00194861 -0.0900716 0.264663 0.013547 -0.0894157 0.259849 0.025427 -0.0866594 0.264578 0.0354283 -0.0825986 0.259871 0.0430429 -0.0790399 0.264616 0.0510924 -0.0739409 0.259871 0.0574772 -0.0696468 0.264649 0.0627437 -0.0643279 0.259871 0.0755097 -0.0492881 0.259801 0.0754764 -0.0497594 0.264617 0.0829071 -0.0349483 0.259871 0.0837786 -0.0328807 0.264616 0.0887174 -0.0174049 0.264537 0.0877934 -0.020657 0.259867 0.0897483 -0.00672571 0.259871 0.0899161 0.00112049 0.264616 0.0893094 0.0134453 0.259877 0.0885474 0.0177892 0.264599 0.0848767 0.0297002 0.259871 0.0820355 0.0370158 0.264616 0.081062 0.0390374 0.259871 0.0773088 0.0459293 0.264616 0.0767723 0.0469146 0.259871 0.068862 0.058392 0.264565 0.0672664 0.0601377 0.25998 0.0569378 0.0696006 0.264616 0.0543424 0.0717419 0.259871 0.0428231 0.0794612 0.264531 0.0379796 0.0819228 0.25986 0.0200207 0.0877162 0.259871 0.0206611 0.0877863 0.264587 -0.00472458 0.090252 0.264762 0.0145206 0.0915255 0.26223 0.0436487 0.0818952 0.262283 0.0619269 0.0684336 0.262243 0.0728701 0.0566396 0.262243 0.0787961 0.0481513 0.262243 0.0831989 0.0400665 0.262243 0.0878474 0.0283008 0.262243 0.0920357 0.0110072 0.262245 0.0911989 -0.013746 0.262243 0.0871142 -0.0304831 0.262243 0.0792534 -0.0482356 0.262255 0.0668685 -0.0636137 0.262243 0.0541488 -0.0752144 0.262242 0.0379798 -0.0841719 0.262243 0.0204428 -0.0903694 0.262268 0.00230219 -0.0923151 0.262243 -0.0164801 -0.0910353 0.262284 -0.0421913 -0.0825419 0.262239 -0.0647678 -0.0655826 0.262243 -0.0768984 -0.0510366 0.262243 -0.0865415 -0.032356 0.262234 -0.091427 -0.0126174 0.262243 -0.0921431 0.00287077 0.262243 -0.0897164 0.0216579 0.262243 -0.0832924 0.0394757 0.262243 -0.0695719 0.0615607 0.262329 -0.0520353 0.0763217 0.262243 -0.0378378 0.084501 0.262264 -0.0137159 0.0916532 0.262243</float_array>
                    <technique_common>
                        <accessor count="2468" source="#shape0-lib-positions-array" stride="3">
                            <param name="X" type="float"/>
                            <param name="Y" type="float"/>
                            <param name="Z" type="float"/>
                        </accessor>
                    </technique_common>
                </source>
                <source id="shape0-lib-normals" name="normal">
                    <float_array id="shape0-lib-normals-array" count="15000">-1 0.000286219 -0.00021401 -1 -0.000249383 -0.000311882 -1 0 0.000257906 -1 -2.02161e-05 -2.52825e-05 -1 0 0 -1 0 0 -1 0 0 -1 7.66166e-06 1.16052e-07 -1 -2.66199e-05 2.62494e-06 -1 2.28009e-05 3.94946e-06 -1 -9.21516e-05 -3.51594e-05 -1 0 0 -1 0 0 -1 0 4.67e-05 -1 -3.62862e-06 0 -1 0.000185048 -9.66206e-05 -1 0 0 -0.999999 0.000927348 -0.000820017 -1 0 0 -0.999999 0 0.00121441 -0.999999 -0.00112493 -0.000890227 -1 0 0 -1 0 0 -1 8.35011e-06 5.08996e-08 -1 -5.17572e-09 9.82315e-07 -1 1.20296e-06 9.51979e-07 -1 0 0 -1 0.000738298 0.000383497 -1 -0.000721751 0.000182963 -1 0 -0.000370178 -1 -9.76261e-06 -4.15461e-07 -1 0 0 -1 0 0 -1 0 0 -1 0 0 -1 0 0 0 1 0 0 1 0 0 1 0 0 1 0 0 1 0 1.19032e-05 1 -1.27646e-05 6.1706e-07 1 -6.61712e-07 -1.74061e-06 1 -3.88862e-07 -1.14892e-05 1 -7.39635e-06 -1.16236e-05 1 -8.9333e-06 -5.53698e-06 1 2.03206e-05 0 1 0 0 1 0 0 1 0 0 1 0 0 1 0 0 1 0 0 1 0 0 1 0 0 1 0 0.645097 9.94244e-05 -0.764101 0 0 -1 0 0 -1 0 0 -1 0 0 -1 0 0 -1 0 -6.18139e-06 -1 -2.52305e-05 -9.77674e-07 -1 0 5.90409e-06 -1 -2.61535e-05 9.58474e-07 -1 0 0 -1 0 0 -1 0 0 -1 0 0 -1 0 0 -1 0 0 -1 0 0 -1 0 0 -1 0 0 -1 0 0 -1 0 1 0 1 0 0 1 0 0 1 0 0 0.999011 0.0442003 -0.00482833 0.422632 0.906302 -2.95276e-05 0.422618 0.906308 1.13032e-06 0.681997 5.5045e-06 -0.731355 0.681999 -8.51248e-07 -0.731353 0.681999 0 -0.731353 0.681998 -2.58222e-06 -0.731354 0.682 7.86634e-06 -0.731352 0.681998 0 -0.731354 0.681999 -5.44611e-07 -0.731354 0 0 1 -2.82807e-05 -1.90009e-06 1 3.96212e-06 -1.16876e-05 1 2.1007e-05 -4.064e-05 1 -1.74185e-05 1.32027e-06 1 5.34533e-06 4.28649e-06 1 0 0 1 9.1291e-06 -3.227e-05 1 -1.07743e-07 3.80855e-07 1 3.22704e-08 2.82005e-08 1 9.93673e-09 -2.33176e-07 1 3.29424e-08 5.36547e-08 1 1.57933e-06 2.57233e-06 1 0 0 1 0 0 1 0 0 1 0 0 1 0 0 1 0 0 1 0 0 1 -1.0443e-06 -4.53585e-06 1 0 0 1 -1.04694e-07 -1.76889e-05 1 0 0 1 0 0 1 0 0 1 -8.83417e-07 1.64714e-05 1 3.67528e-09 5.36605e-06 1 0 0 1 0 0 1 0 0 1 0 0 1 0 0 1 0 0 1 0 0 1 0 0 1 0 0 1 0 0 1 -0.155464 0.0306227 0.987367 1.16263e-05 -3.16137e-06 1 0 0 1 0 0 1 0.002276 -0.000965876 0.999997 -0.000330454 -0.000324097 1 0.00226252 0 0.999997 0 0 1 -0.000300947 0 1 0 0 1 0.00154602 0.000702848 0.999999 0 0 1 0 0 1 0 0 1 1.47232e-06 3.23881e-06 1 0 0 1 2.65986e-05 0.000305802 1 -0.000247197 -0.000659172 1 -1.17385e-06 -2.42446e-07 1 0 0 1 2.50701e-06 1.32328e-05 1 0 0 1 0 0 1 1.78512e-05 5.44485e-06 1 -1.5032e-05 4.03021e-06 1 5.3605e-05 -1.58216e-05 1 0 0 1 0 0 1 0 0 1 0 -2.07221e-05 1 -3.09981e-06 4.80027e-06 1 1.66652e-06 9.68955e-06 1 1.13845e-07 6.39333e-09 1 5.57717e-05 4.34189e-05 1 0 -1.4568e-05 1 -1.5991e-05 2.08669e-05 1 0 0 1 9.17473e-07 -2.08594e-05 1 -2.65855e-05 6.83047e-06 1 -1.11205e-05 0 1 3.87559e-06 3.87561e-06 1 1.23117e-05 -7.514e-06 1 1.55133e-07 1.01174e-07 1 -1.88454e-07 -4.08113e-07 1 0 0 1 0 0 1 0 0 1 0 0 1 -4.57924e-07 1.2671e-06 1 0 0 1 0 0 1 2.5435e-07 1.65881e-07 1 0 0 1 -2.37417e-08 7.88755e-09 1 -1.43302e-08 1.88493e-07 1 -1.46222e-06 1.92334e-05 1 -1.5509e-06 2.08485e-06 1 -1.46326e-07 -4.44641e-05 1 5.83804e-05 0.000211912 1 0 0 1 -1.72375e-05 9.64325e-05 1 -0.000451727 -0.000724504 1 0 0 1 0 0 1 0 0 1 0 0 1 -6.54827e-06 2.18315e-06 1 0 0 1 4.24838e-06 -3.47338e-06 1 0.997238 -0.0734902 0.0107867 0 0 1 0 0 1 -0.000213842 -8.82655e-05 1 0.000466249 -0.000177442 1 7.71119e-09 -1.01367e-06 1 0.000387918 -0.00024029 1 0 0 1 6.01701e-05 -6.22978e-05 1 0 0 1 -1.15029e-07 1.28876e-07 1 4.56784e-07 4.97697e-07 1 0 0 1 -0.000249065 0.000103783 1 6.06816e-05 -6.06813e-05 1 0 0 1 0 0 1 4.31359e-05 0.000252087 1 -6.05438e-06 -5.9089e-06 1 -0.000218452 -0.000148828 1 0 0 1 0 4.4223e-06 1 -8.42786e-05 0.00011673 1 0 0 1 2.98223e-05 -0.000102917 1 0 0 1 5.02231e-05 5.02231e-05 1 0 0 1 0 0 1 0 0 1 0 0 1 0 0 1 0 0 1 0 0 1 -8.64841e-08 -2.02388e-06 1 3.51081e-07 0 1 0.0260584 0.00590803 0.999643 -1.35233e-08 8.53661e-09 1 0 0 1 0 0 1 0.00395381 -0.00945265 0.999948 9.12958e-05 -9.15533e-07 1 -5.99804e-07 6.01496e-09 1 1.99551e-07 4.22671e-07 1 0 0 1 0 0 1 0 0 1 0 0 1 0 0 1 0 0 1 0 0 1 0 0 1 0 0 1 0.000321902 3.71871e-05 1 0 -1.23969e-05 1 2.23216e-06 -2.48473e-06 1 9.46592e-06 1.43347e-05 1 0 -4.09184e-06 1 0 0 1 1.26451e-07 -1.04879e-06 1 0 0 1 0 0 1 0 0 1 -2.41174e-08 -5.84751e-07 1 0 0 1 0 0 1 0 0 1 -9.52199e-06 1.04822e-05 1 1.02125e-05 -3.96965e-05 1 0 0 1 0 0 1 0 0 1 0 0 1 -1.34381e-06 -2.88182e-06 1 8.65174e-06 4.28967e-05 1 8.60388e-06 1.00732e-05 1 0 0 1 4.96634e-06 4.13517e-06 1 0 0 1 0 0 1 -4.06709e-07 1.0685e-05 1 1.08402e-06 -6.98431e-06 1 0 0 1 -3.41477e-08 1.95837e-07 1 0 0 1 0 0 1 0 0 1 0 0 1 0 0 1 1.82519e-08 -3.71692e-07 1 -6.25682e-07 -5.19888e-06 1 0.00215325 0.000120922 0.999998 0.970812 -0.239402 0.0145488 0.914087 -0.395175 -0.0910043 0.473315 -0.880203 -0.0348762 0.356578 -0.933469 0.0385831 0.0210503 -0.999644 -0.0164205 0.0568356 0.998317 -0.0115332 -0.230683 -0.972584 0.0294106 0.16603 -0.963534 0.209848 -0.499771 -0.866156 -0.00174376 -0.814462 -0.579271 0.0330987 -0.757687 -0.646365 0.0901257 -0.960379 0.241084 -0.139821 -0.89348 0.44737 0.0394083 -0.382979 0.923741 -0.00546264 0.0870123 0.9704 -0.225283 0.182789 0.915571 0.358214 0.195711 0.980187 -0.0305027 -0.0832542 0.980666 0.177093 0.845892 0.529612 0.063072 0.920591 0.387169 -0.0511209 0.995409 -0.0946744 -0.0140866 0.988174 -0.147926 0.0403708 0.53819 -0.842277 -0.030355 0.579911 -0.814664 0.0050548 -0.313336 -0.949196 -0.0291244 -0.394825 -0.917653 0.0450067 -0.95285 -0.30231 -0.026195 -0.970543 -0.240701 0.0104542 -0.97769 0.203262 -0.0529867 -0.800298 0.599408 0.015294 -0.85235 0.52119 0.0431336 -0.546296 0.837478 0.0138406 -0.455655 0.888934 0.0466355 -0.351515 0.936146 0.0082761 0.0876284 0.978976 -0.184191 -0.12649 0.991966 0.00213708 0.11587 0.992618 0.0358347 0.193417 0.980981 -0.0163067 0.793849 0.606026 0.0503602 0.853598 0.520438 -0.0226799 -4.52792e-05 1 8.41821e-06 -4.18819e-05 1 1.54679e-05 0 1 0 -0.00149019 0.999998 0.0010278 3.31386e-06 1 3.56951e-05 0 1 0 0 1 0 0 1 0 0 1 0 0 1 0 0 1 0 0 1 0 0 1 0 0 1 0 0 -1 0 0 1 0 0 1 0 2.91538e-08 1 2.41997e-07 1.54223e-07 1 1.53992e-07 1.75977e-07 1 1.30115e-07 1.92502e-07 1 9.40013e-08 1.97418e-07 1 5.68168e-08 -6.00602e-07 1 2.2147e-07 1.09377e-07 1 -4.51064e-07 0 1 0 0 1 0 -1.46182e-07 1 -4.50767e-07 -6.00602e-07 1 5.92208e-10 0 1 0 0 1 0 0.000242915 1 -4.74998e-05 0 1 0 0 1 0 0 1 0 0 1 0 0 1 0 0 1 0 0 1 0 0 1 0 0 1 0 0 1 0 0 1 0 0 1 0 -2.28771e-06 1 4.26513e-06 0 1 0 -7.81496e-07 1 -1.40166e-07 -7.55823e-07 1 -1.89091e-07 1.90937e-06 1 -2.98536e-06 0 1 0 0 1 0 0 1 0 0 1 0 0 1 0 0 1 0 0 1 0 0 1 0 0 1 0 0 1 0 0 1 0 0 1 0 0 1 0 0 1 0 0 1 0 0 1 0 -0.464375 0.00272134 0.885634 -0.483765 -0.00490711 0.875184 -0.52908 0.0038256 0.848564 -0.609379 0.0034756 0.792871 -0.592268 -0.00461903 0.805728 -0.705699 0.00369883 0.708502 -0.691114 -0.00355244 0.722737 -0.779632 0.00507553 0.626218 -0.759325 -0.0029359 0.650705 -0.829597 0.00437791 0.558346 -0.815598 -0.00126692 0.578617 -0.878716 0.00195677 0.477341 -0.860097 -0.00243484 0.510125 -0.884827 -0.000117747 0.465919 -0.909257 0.00128057 0.416234 -0.9073 0.000154626 0.420484 -0.9456 0.00357069 0.325312 -0.940821 -0.00185581 0.3389 -0.977727 0.000682392 0.209878 -0.989927 0.000990779 0.141577 -0.975059 -0.00368295 0.221916 -0.995393 0.00192859 0.0958637 -0.991224 -0.00103904 0.132191 -0.996887 -0.000989786 0.078837 -0.998918 0.000925084 0.0464924 -0.999427 -0.00133754 0.0338319 -0.99999 0.00129415 0.00419822 -0.999644 -0.00460718 -0.0262723 -0.997784 0.00664747 -0.0661979 -0.993238 -0.0223806 -0.113917 -0.976407 0.0132156 -0.215532 -0.963168 -0.0149009 -0.268489 -0.952955 0.0060059 -0.303051 -0.901445 0.0152673 -0.432624 -0.915765 -0.00776068 -0.401639 -0.873553 -0.016578 -0.486447 -0.811432 0.0123513 -0.584317 -0.801694 -0.00115797 -0.597734 -0.730298 0.0126999 -0.68301 -0.716569 -0.00597613 -0.69749 -0.605436 0.0121733 -0.795801 -0.624853 -0.00446943 -0.78073 -0.575159 -0.00111641 -0.818041 -0.503133 0.00781863 -0.864174 -0.524971 -0.00333505 -0.851113 -0.465825 -0.011874 -0.884797 0.951019 0.00153794 -0.309128 0.94934 -0.000184118 -0.31425 0.976384 0.00077959 -0.21604 0.974848 -0.00184952 -0.222863 0.992831 0.00234691 -0.119502 0.994692 -0.00341495 -0.102838 0.999897 0.00354681 -0.0139439 0.999984 -0.0033127 0.00466915 0.994032 0.00271015 0.109055 0.992017 -0.00271491 0.126078 0.984292 0.0016633 0.176539 0.974509 -0.00303132 0.224328 0.970098 0.00283731 0.242698 0.942599 -0.00292054 0.333915 0.935927 0.00243279 0.352187 0.914935 -0.00213754 0.403596 0.904127 0.00435909 0.427241 0.849262 0.00293382 0.527964 0.862664 -0.00522253 0.50575 0.81162 -0.000886424 0.584185 0.806053 -0.0031434 0.591835 0.7755 0.0010049 0.631347 0.758836 -0.00414579 0.651268 0.721171 0.00279402 0.692751 0.668014 0.00403389 0.744138 0.693929 -0.00264832 0.720038 0.625664 -0.00571783 0.780072 0.578359 0.0038919 0.815773 0.516521 0.00284159 0.85627 0.551287 -0.00274179 0.834311 0.444633 0.00226815 0.89571 0.466599 -0.00456372 0.884457 -0.496988 0.866724 0.0423222 -0.739833 0.669589 -0.0655623 -0.973704 0.223729 0.042974 -0.933012 -0.356832 -0.0464753 -0.784347 -0.619645 0.0289792 -0.494547 -0.868776 -0.0255288 0.0336548 -0.998377 0.0459423 0.252435 -0.966688 -0.0423097 0.979773 -0.194504 0.0470457 0.999079 -0.0242445 -0.0353932 0.636922 0.769812 0.0414725 0.427813 0.901455 -0.0659888 -0.0626555 0.997619 -0.0288179 -0.811593 0.578649 0.0805128 -0.978537 0.197161 -0.0599481 -0.989004 -0.142058 0.0411248 -0.633417 -0.771738 -0.0566082 -0.316349 -0.947835 0.0391526 0.207662 -0.975948 -0.0663478 0.530074 -0.84566 0.0622987 0.992496 0.115352 -0.0405571 0.994746 0.0872155 -0.0536107 0.71308 0.701082 0.000463586 0.584071 0.810998 -0.0338035 0.140974 0.989582 0.029215 -0.360365 0.929592 -0.0774364 -0.751537 0.656304 0.0667588 -0.979144 0.17433 -0.104335 -0.767454 -0.632044 0.1074 -0.295608 -0.943027 -0.152696 0.545513 -0.834881 0.0734113 0.864471 -0.498784 -0.0624807 0.998373 0.00964932 0.0561958 0.761731 0.644544 -0.0657993 0.519539 0.851795 0.0672622 -0.597674 0.798952 -0.0668014 -0.703271 0.710742 0.0159873 -0.865018 -0.500792 -0.0308534 -0.839042 -0.544018 -0.00732936 -0.236265 -0.971676 -0.00494019 -0.209714 -0.977632 -0.0160131 0.753487 -0.657441 -0.00532585 0.892796 -0.438105 0.104783 0.999423 0.0078171 -0.0330501 0.331496 0.92823 0.168818 0.519541 0.851362 0.0725171 0 -1 0 0 -1 0 0 -1 0 0 -1 0 0 -1 0 0 -1 0 0 -1 0 0 -1 0 0 -1 0 0 -1 0 0.00013382 -1 -2.91189e-05 0 -1 -0.000105337 2.48386e-19 -1 0.000134168 0 -1 0 -7.41987e-05 -1 -6.81252e-05 0 -1 0 0 -1 0 0 -1 0 0.00018669 0.000100686 -1 5.36939e-05 -8.47712e-05 -1 -0.000228219 0.000360308 -1 0 -0.000315189 -1 1.0054e-05 0 -1 -4.1694e-06 4.421e-06 -1 5.9439e-05 3.87657e-05 -1 0 1.52553e-06 -1 -8.76105e-05 0 -1 -8.41408e-05 -7.9674e-05 -1 0 0 -1 0 0.000164233 -1 6.80273e-05 -1.34508e-05 -1 0 0 -1 -0.000219386 -6.19493e-05 -1 0 0 -1 0.000127146 2.23572e-05 -1 4.63942e-05 0 -1 0 -5.59051e-05 -1 0.925218 -0.344691 -0.158618 0 -1 0 -0.992561 -2.43501e-16 -0.12175 -0.965473 0.260505 0 0.707107 -0.707107 0 0.707107 -0.707107 0 0.707107 -0.707107 4.009e-07 0.707107 -0.707107 0 0.707107 -0.707107 0 0.707107 -0.707107 0 0.707107 -0.707107 0 0 1 0 0 1 0 0 1 0 0 1 0 0 1 0 0 1 0 0 1 0 0 1 0 0 1 0 0 1 0 0 1 0 0 1 0 0 1 0 0.707107 0.707107 0 0.707107 0.707107 0 0.707107 0.707107 0 0.707107 0.707107 0 0.707107 0.707107 0 0.707107 0.707107 0 0.707107 0.707107 -2.26149e-07 -1 0 0 -1 0 0 -1.85555e-15 -2.01327e-15 -1 -1.85807e-15 -2.01384e-15 -1 -1.85132e-15 -2.0125e-15 -1 -2.03481e-05 1.77462e-05 -1 -1.85962e-15 -2.01429e-15 -1 -1.85e-15 -2.01099e-15 -1 -3.72776e-07 1.16424e-07 -1 2.95661e-08 2.95661e-08 -1 1.7264e-05 -1.79285e-05 -1 -1.18562e-05 -1.18562e-05 -1 -0.000358774 0.000327263 -1 -0.000434157 -0.000807912 -1 -1.81759e-06 -1.18179e-06 -1 -3.75316e-07 5.61031e-07 -1 -0.000486068 2.85386e-05 -1 0.000305696 0.000949476 -1 3.30494e-06 -1.71021e-06 -1 7.88154e-06 -8.18488e-06 -1 -1.00792e-05 7.07264e-05 -1 4.08368e-06 1.8643e-05 -1 2.9732e-05 0.000132336 -1 -0.000149288 -0.000290927 -1 -8.04876e-09 -2e-15 -1 0 -1.25316e-05 -1 0.731354 0 0.681998 0.731354 0 0.681998 0 1 0 0 1 0 0 1 0 0 1 0 0 1 0 0 1 0 0 1 0 0 1 0 0 1 0 0 1 0 1 6.13518e-05 -8.62497e-05 1 1.79827e-05 0 0 1 0 -1 0 0 -1 0 0 0.422618 -0.906308 0 0.422618 -0.906308 0 1 -6.13519e-05 -8.62497e-05 1 -1.79827e-05 0 0 -1 0 0 -1 0 0 -1 0 0 -1 0 0 -1 0 0 -1 0 0 -1 0 0 -1 0 0 1 0 0 -1 0 0 -1 0 0 -1 0 0 -1 0 0 -1 0 0 -1 0 0 -1 0 0 -1 0 0 -1 0 0 -1 0 0 -1 0 -0.422618 -0.906308 0 -0.422618 -0.906308 0 -0.422618 -0.906308 0 -0.422637 -0.906299 4.03409e-05 -0.422619 -0.906308 0 -0.422619 -0.906308 0 0 -1 0 0 -1 0 0 -1 0 0 -1 0 0 -1 0 0 -1 0 0 -1 0 0 -1 0 0 -1 0 0 -1 0 0 -1 0 0 -1 0 0 -1 0 0 -1 0 -1.21837e-06 -1 7.39172e-06 2.76394e-06 -1 4.93531e-06 1.16121e-06 -1 2.07346e-06 0 -1 -5.26182e-07 -9.2971e-07 -1 -6.82491e-07 0 -1 0 0 -1 0 0 -1 0 0 -1 0 0 -1 0 0 -1 0 0 -1 0 -0.422618 0.906308 0 -0.422637 0.906299 0 -0.422619 0.906308 4.04945e-07 -0.422618 0.906308 0 0.422618 0.906308 0 0.422618 0.906308 0 1 0 0 1 0 0 0.000123382 7.16597e-05 1 -0.000114006 0.000125523 1 -0.000149678 3.42443e-05 1 0.000111833 6.52715e-05 1 9.71877e-06 -0.000264979 1 -0.000133071 3.64374e-05 1 -4.38621e-06 2.62388e-06 1 -2.72219e-06 3.00166e-06 1 -9.18017e-06 -1.02215e-05 1 0 0 1 -0.00888668 -0.00431218 0.999951 0.00019828 0.00268645 0.999996 1.26893e-05 1.86792e-06 1 0.000138249 0.000405799 1 -0.00015666 0.000145597 1 -0.000458292 0.000751968 1 -0.00045753 0.000145169 1 -0.000759284 0.000362016 1 8.06845e-06 -1.90949e-05 1 -0.000805842 0.000461342 1 -1.08838e-05 2.77693e-06 1 -0.00110192 6.66249e-05 0.999999 0.000433958 0.000108128 1 -0.000275283 -0.000543044 1 -9.67975e-07 0.000503745 1 -0.000398804 0.00034477 1 -0.000232291 -0.000211862 1 -9.4617e-05 0.000105192 1 -2.95427e-06 -1.93478e-05 1 -0.000281398 -0.000185201 1 1.89171e-05 -1.60832e-05 1 -0.00018077 2.61143e-05 1 0.00031344 0.000165961 1 5.72875e-06 -4.87055e-06 1 -7.25697e-05 -0.000200533 1 0.000180322 0.000154013 1 -0.000232 -0.000119774 1 -4.21978e-05 0.000382891 1 -0.000348506 0.000585526 1 0.000198387 -0.00254959 0.999997 -8.02241e-05 -0.000124501 1 -0.00178381 0.000699227 0.999998 -6.44043e-05 -0.000122989 1 5.8726e-05 -0.000272647 1 9.58471e-05 -4.85484e-05 1 -6.07357e-05 -5.49539e-05 1 2.68976e-05 3.28788e-05 1 -2.4613e-05 5.88062e-05 1 -0.000102905 2.22317e-05 1 0 0 1 2.05462e-05 -3.63819e-05 1 2.78562e-07 -6.6555e-07 1 -4.47541e-06 -7.74515e-07 1 4.47592e-05 -1.07979e-05 1 2.89648e-06 -3.07149e-05 1 -3.56096e-06 5.90778e-05 1 1.7143e-05 2.83239e-05 1 -0.000144396 6.47388e-05 1 -4.10485e-07 3.39364e-07 1 2.65961e-06 1.47185e-05 1 -0.000488087 -0.000109706 1 -0.000385237 -0.000235249 1 0.000370468 -0.000689902 1 0 0 1 0 0 1 0 0 1 -1.55244e-05 2.67412e-05 1 0 0 1 0.000416202 5.93802e-05 1 2.89106e-06 3.16768e-05 1 0 0 1 -0.000346558 -0.000888844 1 0.00137955 0.000400772 0.999999 0 0 1 -9.07323e-07 -1.13514e-06 1 4.93379e-06 7.886e-07 1 1.77599e-05 -0.000132309 1 -1.55033e-05 -2.719e-05 1 0 -2.92245e-05 1 0 0 1 0 0 1 0 0 1 0 0 1 0 0 1 0.152043 -0.705943 0.691757 0.3032 -0.629696 0.715229 0.289901 -0.621874 0.727482 0.360231 -0.560309 0.745847 0.38809 -0.464011 0.796291 0.139974 -0.645709 0.750645 0.223733 -0.655103 0.721653 0.287764 -0.537704 0.792506 0.217322 -0.631885 0.743971 0.365723 -0.465551 0.805921 0.122758 -0.600656 0.790027 0.211995 -0.620122 0.755319 0.129141 -0.596757 0.791962 0.238596 -0.525664 0.816547 1 -0.000480271 0.000522812 0 0 -1 0 0 -1 0 0 -1 0 0 -1 0 0 -1 0 0 -1 0 0 -1 0 0 -1 0 0 -1 0 0 -1 0 0 -1 -0.000431004 0.000135458 -1 1 0 0 1 0 0 1 0 0 1 0 0 1 0 0 1 0 0 0 1 0 0 1 0 0 1 0 0 1 0 0 1 0 0 1 0 0 1 0 0 1 0 0 1 0 0 1 0 0 1 0 0 1 0 0 1 0 0 1 0 -2.18738e-15 -2e-15 -1 -1.8513e-15 -2.00001e-15 -1 -1.8486e-15 -1.98451e-15 -1 -1.85882e-15 -1.99328e-15 -1 2.94362e-05 -2.94363e-05 -1 -8.07821e-05 -0.000106039 -1 -1.875e-15 -2.02421e-15 -1 0.000211793 0.000154596 -1 -0.000125771 0.000110974 -1 -1.86102e-15 -1.98983e-15 -1 -1.85767e-15 -2.00892e-15 -1 4.51431e-05 4.51431e-05 -1 -1.8845e-15 -2.01002e-15 -1 5.9351e-05 -0.000108151 -1 -3.55351e-05 3.97722e-05 -1 -0.000144154 3.10071e-06 -1 0.000285597 8.41252e-05 -1 2.983e-07 8.78669e-08 -1 -3.0372e-09 2.23352e-08 -1 -1.45029e-05 -2.26321e-05 -1 7.18449e-06 -9.77661e-06 -1 -1.86747e-15 -2.03125e-15 -1 9.35939e-06 -1.87895e-05 -1 5.48566e-05 3.81145e-05 -1 7.24225e-06 -7.24221e-06 -1 7.6104e-08 -6.46038e-08 -1 -1.02947e-08 -1.02947e-08 -1 -1.84444e-15 -2.01336e-15 -1 8.89896e-07 4.18518e-07 -1 -6.70543e-07 -2.02222e-15 -1 -1.87143e-15 -2e-15 -1 -1.85e-15 -2e-15 -1 2.66441e-07 2.01041e-07 -1 -1.85e-15 -6.2184e-08 -1 -2.96666e-07 2.22655e-07 -1 -1.85249e-15 -1.99904e-15 -1 -1.78763e-06 2.51342e-06 -1 -9.36054e-06 7.02531e-06 -1 -6.21698e-06 -3.2035e-05 -1 4.43083e-07 -1.5328e-06 -1 8.09269e-06 -1.61534e-06 -1 2.86114e-05 4.32727e-05 -1 -1.2182e-05 -8.87698e-06 -1 9.19322e-06 -2e-15 -1 -2.04855e-06 6.15494e-07 -1 -1.84041e-15 -2.00104e-15 -1 -5.49769e-08 -1.90899e-06 -1 -1.85757e-15 -2.02553e-15 -1 -1.85991e-15 -2.00992e-15 -1 -1.20598e-06 -1.20598e-06 -1 9.37726e-07 1.33627e-06 -1 -1.86179e-15 -1.99468e-15 -1 -6.25694e-05 -6.20401e-05 -1 0.00011706 0.000121047 -1 3.66187e-05 -3.66187e-05 -1 -2.55283e-06 -2.03125e-15 -1 8.10542e-05 0.00027047 -1 6.09975e-06 -6.09975e-06 -1 -2.03332e-05 -1.82067e-05 -1 -0.000380632 -0.000255275 -1 -1.84375e-15 -2.00626e-15 -1 3.32949e-07 -4.21287e-07 -1 -1.39676e-07 -1.39677e-07 -1 -1.84e-15 -2.59487e-07 -1 3.64184e-07 0 -1 -5.72012e-07 1.90994e-07 -1 -6.1333e-07 1.83998e-07 -1 3.21249e-05 -4.43293e-05 -1 1.8632e-06 2.49833e-07 -1 -1.86142e-15 -2.00579e-15 -1 -3.94865e-05 7.56884e-05 -1 -1.16595e-07 -2e-15 -1 -1.86116e-15 -2.00579e-15 -1 6.7805e-09 -2.06604e-08 -1 2.86102e-07 3.92622e-07 -1 0.000137406 0.000343454 -1 -5.09442e-05 -6.74377e-05 -1 -6.76037e-06 -6.06234e-06 -1 -3.20378e-09 3.20378e-09 -1 0 -5.26994e-05 -1 -1 0 0 -1 0 0 -1 0 0 -1 0 0 -1 0 0 -1 0 0 0 -1 0 0 -1 0 0 -1 0 0 -1 0 0 -1 0 0 -1 0 0 -1 0 0 -1 0 0 -1 0 0 -1 0 0 -1 0 0 -1 0 0 -1 0 0 -1 0 0.731353 0 0.681999 0.731353 2.93117e-05 0.681999 0.731354 8.10725e-06 0.681998 0.731358 0 0.681994 0.731353 -3.27179e-08 0.681999 0.731339 -0.000681268 0.682014 0.731353 0 0.681999 0.731353 5.54876e-08 0.681999 0.731353 5.9587e-07 0.681999 0.731354 0 0.681998 0.731356 0 0.681996 0.731353 -2.11367e-06 0.681999 0.731354 0 0.681998 0.731357 -2.96198e-06 0.681995 0.731359 3.86912e-07 0.681993 0.731359 0 0.681993 0.731359 0 0.681993 0.731359 0 0.681993 0.731878 0.00176379 0.681433 0.731377 -1.91396e-05 0.681973 0.731197 -0.000169859 0.682166 0.731353 0 0.681999 0.731353 -4.81718e-08 0.681999 0.731358 0 0.681994 0.731356 -1.92688e-07 0.681996 0.839531 -0.0774092 0.537769 0.854773 -0.000514472 0.519002 0.933557 0.0599943 0.353372 0.906189 0.0037405 0.422856 0.880473 9.70369e-06 0.474096 0.566533 -0.221752 0.793641 0.536853 -0.256539 0.803727 0.593045 -0.189436 0.782567 -0.932024 -0.000634429 -0.362397 0.972119 -0.0017712 0.234483 -0.930584 0.00246007 -0.366071 -0.942223 0.0142474 -0.334683 0.996519 0.000592604 0.083366 0.9787 1.4027e-07 0.205294 0.999654 -0.00115964 0.0262859 0.973099 0.000495483 0.230387 -0.895984 -0.0051988 -0.444055 0.92995 -0.000435217 0.367687 -0.978859 4.70991e-06 -0.204535 0.735955 0.0999002 0.66962 0.59222 0.306335 0.745274 0.768529 -0.0574185 0.637233 0.735886 -0.0986733 0.669877 0.803282 -0.0462509 0.5938 0.667508 -0.159013 0.727426 0.733713 -0.0994726 0.672139 0.63786 -0.263125 0.723809 0.804934 -0.0812688 0.587772 0.840149 -0.124541 0.527863 0.727254 -0.163704 0.666561 0.467941 -0.425726 0.77446 0.853107 -0.0581135 0.518489 0.959142 -0.0579434 0.276929 0.916584 -0.0705859 0.393563 0.94597 -0.0906329 0.311329 0.911993 -0.0957443 0.398875 0.475084 -0.41973 0.773383 0.918763 -0.114788 0.377754 0.850354 -0.104488 0.515733 0.877856 -0.186044 0.441312 0.611691 -0.348724 0.710089 0.680065 -0.346989 0.64584 0.651413 -0.243243 0.718675 0.80329 -0.227481 0.550434 0.83433 -0.233307 0.499461 0.805773 -0.208027 0.554486 0.732215 -0.292791 0.614926 0.951028 0.0610803 0.303011 0.884142 0.153433 0.441307 0.876752 0.0599026 0.477197 0.910651 0.152347 0.384064 0.815718 0.156335 0.556924 0.825045 0.229417 0.5164 0.835696 0.227684 0.499772 0.812111 0.156113 0.562232 0.743934 0.292216 0.600976 0.758665 0.275317 0.590448 0.65527 0.346868 0.671046 0.746819 0.21207 0.630308 0.741477 0.221313 0.633429 0.658615 0.240349 0.713063 0.943794 -0.0609908 0.324858 0.798107 0.0151792 0.602324 0.815537 0.0962209 0.570649 0.814794 0.095967 0.571753 0.741165 0.0918112 0.665015 0.635915 0.364099 0.680473 0.580616 0.370652 0.724915 0.666251 0.268271 0.695802 0.510313 0.430983 0.7442 0.487789 0.470437 0.735358 0.718804 0.163051 0.675822 0.522802 -0.316049 0.791702 0.416276 -0.416452 0.808259 0.609642 0.283776 0.740141 0.631379 -0.2164 0.744669 0.739004 0.125833 0.661846 0.934198 0.0515605 0.353009 -0.654952 -0.755645 0.00624095 0.662675 -0.74485 0.0778445 -0.591996 -0.804139 0.053873 -0.729173 0.684248 0.0105768 0 0 -1 3.57176e-06 2.26331e-06 -1 5.85389e-07 -2.06723e-06 -1 -1.17228e-06 0 -1 0 0 -1 -2.74061e-06 -1.48324e-05 -1 0.487867 -0.872918 0 0.478336 -0.878168 0.00380873 0.529858 -0.84807 -0.00532299 0.580486 -0.81426 0.00401098 0.597695 -0.801723 -0.00113891 0.643433 -0.765501 0.001375 0.649235 -0.760587 -0.00105236 0.709613 -0.704587 -0.00253152 0.754386 -0.656429 -0.00181751 0.734203 -0.678893 0.00714366 0.805881 -0.592075 -0.00188351 0.843042 -0.537845 -0.0017784 0.814162 -0.580633 0.00227706 0.857649 -0.514219 0.00410714 0.88443 -0.466645 -0.00518164 0.917684 -0.397229 -0.00809232 0.910413 -0.413693 0.00252994 0.93947 -0.342246 0.016248 0.908661 -0.417534 0 0.956428 -0.291469 -0.0170537 0.977085 -0.2124 0.0138129 0.975389 -0.220472 0.00283916 0.990106 -0.139547 0.0146953 0.996292 -0.083991 -0.0186294 0.997156 -0.074669 -0.0102055 0.99962 -0.0257922 0.00971338 0.999717 0.0231577 0.00547731 0.998706 0.0498595 -0.0100196 0.997402 0.0720376 0.000480409 0.990965 0.134122 -0.000804031 0.990577 0.136946 0.00199603 0.974788 0.221949 0.0229493 0.963306 0.267372 -0.0235116 0.940117 0.340501 0.0154252 0.921528 0.388204 -0.009099 0.915423 0.402492 0 0.91494 0.403589 -0.000375743 0.888371 0.459123 -0.00182699 0.892397 0.451252 0.000427583 0.847657 0.530543 -0.000978059 0.853706 0.520752 0.0018742 0.816332 0.577583 -0.000833022 0.822033 0.56944 0.000698987 0.780785 0.624799 -0.000903041 0.785188 0.619256 0.00140024 0.726697 0.686953 -0.00274748 0.700194 0.713915 0.00730561 0.679845 0.733355 -0.0014334 0.617092 0.786888 -0.00235282 0.589511 0.807727 0.0073523 0.56395 0.825807 -0.0019089 0.493948 0.86949 -0.00192105 0.480988 0.876724 0.0024645 0.435632 0.900123 -0.00186845 0.408675 0.91267 0.00428765 0.359956 0.932954 -0.00533758 0.287602 0.957725 -0.00694497 0.300844 0.953671 0.00199204 0.226354 0.973919 0.0156957 0.303945 0.95269 0 0.177512 0.983979 -0.0165668 0.0965831 0.99525 0.0121798 0.0981938 0.995116 0.0100658 -0.0183518 0.999803 -0.00757763 -0.0523023 0.998372 0.0227739 -0.101966 0.994689 -0.0140188 -0.228166 0.973622 0.000445257 -0.215919 0.976291 0.01533 -0.322804 0.946462 -0.00265828 -0.305846 0.952043 0.00846073 -0.375819 0.926688 0.00293387 -0.372237 0.928138 0.000619402 -0.373454 0.927649 0 -0.421341 0.9069 -0.00207488 -0.454957 0.890507 0.00341287 -0.474719 0.880135 -0.00210876 -0.545595 0.838049 -0.000959739 -0.535195 0.844726 0.00210738 -0.600104 0.799922 -0.000365304 -0.596374 0.802706 0.0012339 -0.663928 0.747789 -0.00329839 -0.712189 0.701988 -0.000300998 -0.696012 0.71799 0.00755064 -0.767558 0.64097 -0.00333239 -0.808493 0.588506 -0.000234516 -0.795077 0.606462 0.00753469 -0.854181 0.519965 -0.00336953 -0.886889 0.461978 -0.00195892 -0.87271 0.488207 0.00562577 -0.921899 0.387428 -0.000759902 -0.917718 0.397227 0.00195767 -0.945635 0.325224 -0.00191911 -0.942181 0.335104 0.000761669 -0.969184 0.246335 -0.000705685 -0.96662 0.256208 0.00191452 -0.983434 0.181251 -0.00233061 -0.980282 0.197602 0.00054528 -0.988903 0.148547 0.00220942 -0.995009 0.0997784 -0.000651978 -0.995075 0.0991227 -0.000822398 -0.999444 0.0332704 -0.00232222 -0.998777 0.0494381 0.00050621 -0.999997 -0.000351676 0.00222309 -0.998742 -0.0501437 -0.000895808 -0.998799 -0.0489993 -0.000597502 -0.995005 -0.0998282 0.000465594 -0.993311 -0.115444 -0.00231281 -0.987802 -0.155686 0.00310679 -0.98046 -0.196697 -0.00309134 -0.971602 -0.236609 0.00231146 -0.965176 -0.261591 -0.00230504 -0.953621 -0.300995 0.00310147 -0.940414 -0.340018 -0.00308563 -0.925566 -0.378579 0.00230339 -0.915651 -0.401967 -0.00229585 -0.898186 -0.439604 0.00309502 -0.879538 -0.475819 -0.00308056 -0.851461 -0.524401 0.00413812 -0.845852 -0.533418 0.0003213 -0.799183 -0.601077 -0.00363537 -0.778967 -0.627052 0.00399682 -0.764301 -0.644859 -0.000275763 -0.733326 -0.679877 0.000276811 -0.731358 -0.681993 -0.000260478 -0.698562 -0.715549 0.000261479 -0.696617 -0.717443 -0.000245137 -0.657266 -0.753659 0.000312578 -0.66016 -0.751124 0.00135222 -0.62207 -0.782958 -0.00228183 -0.592978 -0.805216 0.00225622 -0.582456 -0.812862 -0.000198099 -0.537753 -0.843103 0.000252181 -0.541406 -0.84076 0.00143296 -0.49902 -0.866587 -0.00229052 -0.455396 -0.890289 -0.000150054 -0.466516 -0.88451 0.00224079 -0.410668 -0.911784 0.00151482 -0.406254 -0.91376 0.00019071 -0.364916 -0.931038 -0.0022954 -0.318271 -0.948 -0.000102477 -0.329688 -0.944087 0.00222524 -0.270828 -0.962626 0.00159795 -0.265687 -0.964059 0.00012686 -0.222736 -0.974876 -0.00230256 -0.185486 -0.982644 0.00220652 -0.174092 -0.984729 -5.17408e-05 -0.125451 -0.9921 5.08614e-05 -0.125017 -0.992155 -3.45477e-05 -0.0758756 -0.997117 3.4141e-05 -0.0756185 -0.997137 -1.64867e-05 -0.0261429 -0.999658 1.7959e-05 -0.0254788 -0.999675 -0.000112929 -0.000130915 0.000399495 -1 0 0 -1 0 0 -1 0 0 -1 0 0 -1 0 0 -1 0 0 -1 0 0 -1 0 0 -1 0 0 -1 0 0 -1 0 0 -1 0 0 -1 0 0 -1 0 0 -1 0 0 -1 0 0 -1 0 0 -1 0 0 -1 0 0 -1 0 0 -1 0 0 -1 0 0 -1 0 0 -1 0 0 -1 0 0 -1 0 0 -1 0 0 -1 0 0 -1 0 0 -1 0 0 -1 0 0 -1 0 0 -1 1.19006e-05 0 -1 -1.48506e-05 1.14377e-05 -1 0 0 -1 0 0 -1 0 0 -1 0 0 -1 0 0 -1 0 0 -1 0 0 -1 0 0 -1 -1.27674e-06 0 -1 0 0 -1 0 0 -1 0 0 -1 0 0 -1 7.10402e-07 -1.25138e-06 -1 0 8.52192e-07 -1 0 0 -1 0 0 -1 0 0 -1 0 0 -1 0 0 -1 0 0 -1 -0.000531096 0.000838785 -1 0 0 -1 0 0 -1 0 0 -1 0 0 -1 0 0 -1 0 0 -1 0 0 -1 0 0 -1 0 0 -1 0 0 -1 0 0.00158443 -0.999999 0 0 -1 0 0 -1 0.00034227 0.00143778 -0.999999 0 0 -1 0 0 -1 0 0 -1 0.0242006 -0.999707 -0.000129263 0.0721172 -0.997396 0 0.0248889 -0.99969 0 0.119184 -0.99287 -0.00208848 0.0826041 -0.996581 0.00197472 0.166011 -0.986123 0.00156755 0.160175 -0.987089 0 0.961845 -0.0610879 0.266687 0.852896 0.244842 0.461109 0.630678 -0.207221 0.747867 0.369207 0.0283473 0.928915 0.0618184 -0.192787 0.979291 -0.0360883 0.00311613 0.999344 -0.708189 0.0638665 0.703128 -0.753068 0.00693545 0.657906 -0.912265 0.117898 0.392266 -0.958992 -0.0417429 0.280341 -5.68863e-05 1 4.06524e-05 -3.67041e-05 1 2.62297e-05 -4.28438e-06 1 -2.18762e-05 0 1 0 4.39284e-05 1 2.78196e-05 0 -1 0 0 -1 0 0 -1 0 0 -1 0 0 -1 0 0 1 0 0 1 0 0 1 0 0 1 0 0 1 0 0 -0.850117 0.526594 -0.00631651 -0.834021 0.551696 -0.363642 -0.600816 0.711888 -0.180426 -0.736483 0.65195 -0.244624 -0.706547 0.664041 -0.247615 -0.772241 0.58509 -0.322279 -0.684092 0.654335 -0.224285 -0.773582 0.592679 -0.238806 -0.789436 0.565476 -0.119054 -0.781339 0.612647 -0.241682 -0.713466 0.65769 -0.26613 -0.630772 0.728905 -0.123592 -0.717204 0.685816 -0.0598908 -0.755188 0.652767 0.106036 0.725169 -0.680358 -0.166799 -0.700087 0.694303 -0.123757 -0.79997 0.587139 -0.402838 -0.00191127 -0.915269 0.923789 3.51495e-06 -0.382902 0.923838 0 -0.382784 0.923821 9.25073e-05 -0.382824 0.923794 -4.18247e-05 -0.382889 -0.996454 0.0288854 -0.0790198 -0.98912 -0.0746045 -0.126787 -0.959755 0.050742 -0.276217 -0.949943 -0.0187945 -0.311858 -0.898325 0.0242094 -0.438664 -0.903556 0.00566691 -0.428433 -0.857587 -0.041442 -0.512666 -0.796337 0.0230293 -0.604415 -0.804039 -0.00992525 -0.594494 -0.707362 0.0278462 -0.706303 -0.677113 -0.0316092 -0.7352 -0.606976 0.0252682 -0.794318 -0.574994 -0.0453199 -0.816901 -0.423355 0.0708262 -0.903191 -0.000495052 -0.000315997 1 -0.000522123 -0.000256574 1 9.37385e-06 -0.000348131 1 0.0014041 -0.0156906 0.999876 -0.00572773 -0.00242758 0.999981 7.52092e-05 -0.00279317 0.999996 0.00117159 -0.0021016 0.999997 -0.000637191 0.00295166 0.999995 0.0171775 -0.01752 0.999699 -4.45433e-05 0.00303643 0.999995 -0.00051207 -0.00052045 1 0.00722388 0.00349095 0.999968 -0.0022689 -0.00246157 0.999994 0.00134037 0.000361573 0.999999 -0.0034796 -0.00117942 0.999993 -0.00278709 0.00116298 0.999995 0.00127538 0.000596149 0.999999 0.886559 -0.462227 -0.0189718 0.838948 -0.543777 0.0217567 0.415046 -0.909359 -0.028333 0.335322 -0.941933 0.0179432 -0.257431 -0.966243 0.0101515 -0.237072 -0.97123 0.0225622 -0.574179 -0.817992 -0.0347507 -0.834978 -0.549249 0.0337314 -0.926933 -0.372894 -0.0417731 -0.997747 0.02312 0.0629782 -0.935751 0.348735 -0.052476 -0.703852 0.709471 0.0352646 -0.605966 0.794955 -0.029189 -0.0281021 0.999351 0.0225165 0.0458882 0.998911 -0.00844561 0.351448 0.936176 0.00772668 0.427373 0.90376 0.0238616 0.536987 0.843524 -0.010607 0.792975 0.608639 -0.0273696 0.891771 0.450701 0.0401732 0.993595 0.110166 -0.0251582 0.998776 -0.0432867 0.0239471 0.988735 -0.131583 -0.0713445 0.555894 -0.82322 0.115285 0.363119 -0.929084 -0.0703371 -0.479292 -0.876586 0.0433201 -0.537396 -0.8433 -0.00715798 -0.945581 -0.320508 -0.0561319 -0.993867 -0.0973804 0.0523983 -0.925052 0.369256 -0.0890433 -0.722114 0.674738 0.152576 0.0684401 0.991809 -0.107846 0.272035 0.961414 0.040982 0.727583 0.686016 -0.00202874 0.813643 0.578206 -0.0605226 0.9091 0.416316 -0.0147651 0.999985 0.000919188 0.00534477 -0.00102556 -0.000767206 0.999999 -0.00306397 -0.00107003 0.999995 -0.000489989 -0.00129431 0.999999 -0.0011041 0.00158448 0.999998 -0.00299994 0.000875856 0.999995 -0.00215144 0.000106862 0.999998 -0.000898739 0.0017167 0.999998 -9.03017e-05 0.00142796 0.999999 -0.000982421 0.00134453 0.999999 -0.00107229 -0.000206084 0.999999 0.00012795 -4.93314e-05 1 -0.00163489 -0.000314209 0.999999 -0.001931 -0.000936782 0.999998 0.000757732 0.000469008 1 0.00282923 -0.000898735 0.999996 0.00341555 0.000481542 0.999994 0.949393 -0.310147 0.0496134 0.897618 -0.439887 -0.0279585 0.50231 -0.864346 0.0242945 0.429764 -0.902912 -0.0072222 -0.0102595 -0.99992 0.00738948 0.0206341 -0.999518 0.0231995 -0.425502 -0.903833 -0.0450967 -0.707921 -0.703424 0.0635846 -0.859861 -0.509145 -0.0375555 -0.999371 -0.00624798 0.0349101 -0.991739 0.124405 -0.0312605 -0.776682 0.629663 -0.0170233 -0.701227 0.711382 0.0470842 -0.13552 0.988283 -0.0702155 0.138111 0.986483 0.0881893 0.670516 0.73968 -0.0572917 0.852595 0.520866 0.0422009 0.955736 0.288722 -0.0566515 0.985999 0.0796549 0.146493 0.955985 -0.287063 -0.0607286 0.807788 -0.589329 0.0130717 0.58951 -0.806795 -0.0394974 0.445547 -0.895217 0.00859326 -0.0880164 -0.991545 -0.0953544 0.0914063 -0.995556 -0.0226525 -0.370242 -0.926997 0.0599835 -0.944048 -0.32639 -0.0473666 -0.91684 -0.399177 0.00789541 -0.977274 0.210482 0.0251689 -0.93196 0.35932 -0.0483655 -0.569949 0.82167 0.00420302 -0.533796 0.844929 0.0340039 0.196963 0.976964 0.082138 0.261528 0.964981 0.0203395 0.782187 0.608898 -0.132012 -0.00549121 -0.000481296 0.999985 0.0041781 0.000413434 0.999991 0.00412721 0.000694956 0.999991 -0.00288014 -0.00526769 0.999982 0.00156486 -0.000545282 0.999999 0.00150744 -0.00133462 0.999998 0.000544049 0.000344287 1 0.00140256 -0.00109356 0.999998 0.000808028 -0.00129216 0.999999 0.00205317 -0.00177471 0.999996 -0.000248622 -0.000169774 1 0.00167825 -0.00234421 0.999996 0.00286162 -0.00384648 0.999988 0.0139673 0.00428041 0.999893 -0.00422298 0.00234554 0.999988 0.00738283 0.0101398 0.999921 0.85056 -0.525545 0.0187213 0.843651 -0.536747 0.0125016 0.60653 -0.795057 -0.00245035 0.530129 -0.847759 0.0163513 0.290378 -0.956783 -0.0157202 0.151939 -0.987661 0.0379495 -0.456687 -0.888569 -0.0433878 -0.576381 -0.81646 0.0343086 -0.910145 -0.413275 -0.0289876 -0.972603 -0.225372 0.0570191 -0.958017 0.283777 -0.0409131 -0.893683 0.446899 0.0401469 -0.557721 0.828539 -0.0496981 -0.350146 0.936392 0.0238496 -0.241587 0.970378 0.00170364 0.133321 0.991028 0.0094841 0.18973 0.981122 0.0374568 0.688286 0.724366 -0.0394467 0.817819 0.574699 0.0299005 0.907118 0.420836 -0.00587239 0.993344 0.114503 0.0124862 0.998863 0.0447625 -0.0163852 0.990358 -0.0866987 -0.108052 0.712549 -0.699614 0.0530484 0.500398 -0.861337 -0.0877496 -0.0449089 -0.995792 0.0798876 -0.456476 -0.885793 -0.0836684 -0.723487 -0.677925 0.130326 -0.980917 0.148962 -0.12495 -0.892564 0.428205 0.141315 -0.318455 0.947424 0.031218 -0.159552 0.983598 -0.084136 0.347265 0.935848 0.0599639 0.679625 0.723129 -0.123262 0.982716 0.173199 0.0653615 -0.00252945 -0.0028413 0.999993 -0.00219255 0.00225828 0.999995 0.00100627 0.000489707 0.999999 0.00101327 -0.00134769 0.999999 -0.00105106 -0.00185255 0.999998 0.00912242 -0.0130783 0.999873 -0.00253901 0.00165064 0.999995 -0.00164264 0.00203713 0.999997 0.0109892 -0.00804888 0.999907 0.00133483 0.000936361 0.999999 0.000190886 -0.00861402 0.999963 0 0 1 0 0 1 0 0 1 0 0 1 0 0 1 0.00159482 0.000251173 0.999999 0.00340969 -0.00275214 0.99999 -0.000744373 0.0061606 0.999981 0.00586733 0.00607453 0.999964 0.917517 -0.397692 -0.00176257 0.902935 -0.4296 0.0123397 0.780767 -0.624818 -0.00240659 0.627423 -0.778103 0.0299413 0.523368 -0.852095 -0.00445169 0.211741 -0.976833 0.0310479 -0.00476136 -0.999553 -0.0295109 -0.22775 -0.972878 0.0404845 -0.682788 -0.729277 -0.0442319 -0.793627 -0.607913 0.0244751 -0.938339 -0.345232 -0.0183223 -0.975144 -0.221432 0.00782097 -0.999634 0.0256878 -0.00852257 -0.993197 0.116057 0.00947546 -0.958743 0.284249 -0.00387405 -0.874819 0.483619 0.0283681 -0.754664 0.654111 -0.0511955 -0.235702 0.971122 0.0369713 -0.166651 0.985979 -0.00853955 0.549843 0.835166 -0.0130155 0.580055 0.814502 0.0110615 0.966808 0.255487 0.00294011 0.971576 0.236552 -0.00917017 0.674743 -0.737199 -0.035486 0.62164 -0.783158 0.0150473 0.110329 -0.993894 0.00137251 -0.021135 -0.998566 0.0491796 -0.407999 -0.908134 -0.0939713 -0.936395 -0.349283 -0.0341535 -0.809271 -0.581966 0.0799769 -0.999855 -0.00163207 0.0169304 -0.988914 0.14765 -0.0157495 -0.747475 0.659326 -0.0810637 -0.889313 0.454465 0.050825 0.0941239 0.993786 -0.0594076 -0.0576459 0.997073 0.0502322 0.644695 0.762859 0.0491312 0.826923 0.56058 -0.0441404 0.906877 0.421387 -0.00270689 0.999749 0.00171366 -0.022327 0.999807 0.0116727 -0.0157797 -0.32526 -0.430794 0.841797 -0.320619 -0.437243 0.840251 -0.448792 -0.34311 0.825144 -0.346046 -0.466654 0.813932 -0.359104 -0.39417 0.845975 -0.406105 -0.393929 0.824559 -0.324152 -0.500481 0.802773 -0.32724 -0.585736 0.741504 -0.416485 -0.470809 0.777739 -0.37512 -0.517999 0.76874 -0.364113 -0.500147 0.785668 -0.380547 -0.522341 0.763115 -0.324938 -0.556667 0.76455 -0.359466 -0.551565 0.752702 -0.275644 -0.591119 0.758023 -0.27584 -0.518114 0.809611 -0.340303 -0.526585 0.779039 -0.305851 -0.597542 0.741214 -0.323549 -0.554086 0.76701 -0.481729 0.312258 0.8188 -0.536356 0.167636 0.827176 -0.56806 0.135364 0.811779 -0.553888 0.194245 0.809615 -0.520203 0.311191 0.79533 -0.559653 0.180241 0.808889 -0.609665 0.153082 0.777736 -0.531845 0.288551 0.796165 -0.601306 0.179087 0.77869 -0.640785 0.106367 0.760316 -0.589284 0.283284 0.756634 -0.65572 0.157437 0.738407 -0.639543 0.144052 0.755138 -0.65231 0.24233 0.71817 -0.699867 0.11159 0.705503 -0.698393 0.177412 0.693377 -0.719182 -0.0951071 0.688282 -0.661698 -0.187671 0.725903 -0.721918 -0.0840605 0.686854 -0.680503 -0.11095 0.724296 -0.607872 -0.236835 0.757892 -0.633679 -0.129928 0.762607 -0.548627 -0.267905 0.791982 -0.579568 -0.166029 0.797832 -0.571883 -0.181388 0.80003 -0.572044 -0.150054 0.806381 -0.498485 -0.274204 0.82239 -0.592654 -0.108066 0.798175 -0.565133 0.111232 0.817467 -0.569442 0.0964669 0.816352 -0.580257 0.081143 0.810381 -0.611789 0.102764 0.784317 -0.417229 0.320438 0.850435 -0.503701 0.240907 0.829608 -0.754593 0.0846798 0.650706 -0.734231 -0.0732625 0.674935 -0.741626 0.0458616 0.669244 -0.750334 0.0562087 0.658665 -0.769314 0.0224887 0.638474 -0.735431 -0.0542645 0.675424 -0.754843 -0.0607073 0.65309 -0.754557 -0.0323774 0.655435 -0.767282 -0.00528993 0.641289 -0.763057 -0.0112324 0.646233 -0.761509 -0.0104651 0.64807 -0.662385 -0.088171 0.743957 -0.631179 -0.128291 0.764954 -0.624926 -0.148828 0.766367 -0.621796 -0.0722269 0.779842 -0.610113 -0.09611 0.786464 -0.625885 -0.0706649 0.776707 -0.5899 -0.0419048 0.806389 -0.567142 -0.0579615 0.821578 -0.707278 0.0910465 0.701048 -0.707947 0.109178 0.697776 -0.690712 0.0666625 0.720051 -0.720045 0.0368474 0.692948 -0.761265 0.00502471 0.648422 -0.725758 0.0373522 0.686936 -0.779961 0.00584922 0.625801 -0.759992 0.0219055 0.649563 -0.728392 0.047823 0.68349 -0.777677 0.0052762 0.628642 -0.749645 0.0817718 0.65677 -0.743017 -0.0202897 0.668965 -0.629376 -0.0154599 0.776947 -0.674191 -0.082219 0.733966 -0.810569 -0.00334003 0.585633 -0.684242 -0.00281949 0.72925 -0.70616 -0.0380855 0.707027 -0.672497 -0.0469145 0.738611 -0.639377 0.0529732 0.767067 -0.650789 0 0.759259 -0.595063 0.00826208 0.803637 -0.63566 0.0657339 0.769166 -0.719362 0.0130859 0.694513 -0.780171 0.0041455 0.625552 -0.475959 -0.316314 0.820615 0.538689 -0.0619354 -0.840225 -0.491964 0.197067 0.848019 -0.492236 -0.214972 0.843499 -0.533958 0.0644782 0.843049 0.541758 -0.0161508 -0.840379 -0.564332 -0.0604338 0.823333 0.585087 -0.0276333 -0.8105 -0.317827 0.598458 0.735415 -0.285655 0.612588 0.736979 -0.34365 0.555466 0.757207 -0.382602 0.499714 0.777111 -0.344596 0.552855 0.758686 -0.303501 0.498075 0.812286 -0.339839 0.556323 0.758297 -0.412984 0.386603 0.824611 -0.334904 0.495556 0.801413 -0.349426 0.517045 0.781387 -0.324482 0.455122 0.829201 -0.319646 0.462352 0.827077 -0.341559 0.431392 0.835008 -0.338045 0.489319 0.803923 0.375113 0.719232 0.584804 0.208413 0.767934 0.605674 0.197528 0.812667 0.548229 0.170475 0.820175 0.546124 0.343815 0.800328 0.491189 0.160732 0.870644 0.464914 0.283519 0.855784 0.432725 0.136596 0.898724 0.416698 0.225665 0.889335 0.397691 -0.15182 0.881139 0.447823 -0.104378 0.891468 0.440897 -0.22535 0.829137 0.511615 -0.128037 0.859105 0.495525 -0.177195 0.818198 0.54695 0.1955 0.754038 0.627061 0.0950375 0.8091 0.579935 0.177334 0.760417 0.624755 0.398697 0.600485 0.693151 0.351812 0.699724 0.621783 0.261753 0.680116 0.684783 0.152475 0.936885 0.314639 0.10886 0.934793 0.338099 0.0963816 0.92033 0.379082 0.042846 0.936361 0.348413 0.0760884 0.938993 0.335415 0.0424925 0.946346 0.32035 -0.0309439 0.936638 0.348928 -0.0608828 0.935129 0.349038 0.00440237 0.946064 0.323949 -0.102339 0.853336 0.511218 -0.100947 0.809651 0.578165 -0.257567 0.75884 0.598181 -0.202119 0.730205 0.652648 -0.272593 0.689377 0.671158 -0.235659 0.710391 0.663182 -0.320132 0.6304 0.707185 -0.259011 0.648375 0.715907 0.161138 0.871183 0.463762 0.0706449 0.845276 0.52964 0.088361 0.869746 0.485525 0.176517 0.866441 0.467034 -0.0559186 0.915831 0.397651 -0.0692905 0.919937 0.385895 -0.0351613 0.933687 0.356361 -0.048954 0.923225 0.381128 -0.105062 0.80834 0.579265 0.0487736 0.91369 0.403475 -0.0659985 0.874873 0.479834 -0.00704521 0.858227 0.513222 -0.0466741 0.880525 0.471696 -0.0114878 0.930692 0.365624 0.330267 -0.687937 -0.646271 0.0839869 0.719787 0.689095 0.994643 -0.0999762 0.0262834 0.00400036 0.94392 0.33015 -0.00110828 0.945593 0.325349 0.0393078 0.938266 0.343673 0.0488383 0.914276 0.402137 0.0185719 0.898148 0.439302 -0.01665 0.894456 0.446846 -1.16401e-05 0.894773 0.446522 -0.195964 0.709276 0.677145 7.02706e-05 0.797254 0.603644 0.0432962 0.84162 0.538332 0.0813612 0.838961 0.538075 0.000192498 0.858658 0.512549 2.9284e-05 0.925554 0.378616 0.000144053 0.941866 0.335989 4.50977e-05 0.816791 0.576934 5.23311e-05 0.947799 0.318868 0 0.939162 0.343475 0.000181657 -0.92513 -0.37965 -4.70842e-05 0.883542 0.468353 -0.000155935 0.941768 0.336262 0.0661895 -0.781701 -0.620131 -0.0688066 0.780929 0.620818 0.0677269 -0.781451 -0.62028 0.358854 0.517938 0.776507 0.475362 0.434277 0.765137 0.455887 0.466006 0.758291 0.415535 0.516567 0.748658 0.364466 0.53708 0.76073 0.326306 0.620821 0.712815 0.288173 0.617982 0.731475 0.304413 0.564162 0.767498 0.386001 0.568804 0.726268 0.387355 0.568695 0.725632 0 0 -1 0 0 -1 0 0 -1 0 0 -1 0 0 -1 0 0 -1 0 0 -1 0 0 -1 0 0 -1 0 0 -1 0 0 -1 0 0 -1 0 0 -1 0 0 -1 0 0 -1 0 0 -1 0 0 -1 0 0 -1 0 0 -1 0 0 -1 0 0 -1 0 0 -1 0 0 -1 0 0 -1 0 0 -1 0 0 -1 0 0 -1 0 0 -1 0 0 -1 0 0 -1 0 0 -1 0 0 -1 0 0 -1 0 0 -1 0 0 -1 0 0 -1 0 0 -1 0 0 -1 0 0 -1 0 0 -1 0 0 -1 0 0 -1 0 0 -1 0 0 -1 0 0 -1 0 0 -1 0 0 -1 0 0 -1 0 0 -1 0 0 -1 0 0 -1 0 0 -1 0 0 -1 0 0 -1 0 0 -1 0 0 -1 0 0 -1 0 0 -1 0 0 -1 0 0 -1 0 0 -1 0 0 -1 0 0 -1 0 0 -1 0 0 -1 0 0 -1 0 0 -1 0 0 -1 0 0 -1 0 0 -1 0 0 -1 0 0 -1 0 0 -1 0 0 -1 0 0 -1 0 0 -1 0 0 -1 0 0 -1 0 0 -1 0 0 -1 0 0 -1 0 0 -1 0 0 -1 0 0 -1 -0.398541 2.81691e-05 -0.917151 -0.398548 -1.08013e-05 -0.917148 -0.326281 0.00762233 -0.945242 -0.18823 -0.0161934 -0.981991 -0.18375 -0.0131484 -0.982885 0.0601086 0.0311718 -0.997705 0.18862 -0.0305304 -0.981576 0.352081 0.0343299 -0.93534 0.466988 -0.0146135 -0.884143 0.630281 0.0275037 -0.77588 0.587514 -0.000155486 -0.809214 0.757625 -0.0255042 -0.652192 0.850723 0.00514481 -0.52559 0.849224 0.00342461 -0.528022 0 0 1 0 0 1 1 0 0 1 0 0 0.681981 0 -0.73137 0.682015 4.67184e-05 -0.731338 0.681998 4.42677e-06 -0.731354 0.682 -2.15687e-06 -0.731352 0.681998 0 -0.731354 0.681998 -7.01444e-07 -0.731354 0.681998 0 -0.731354 0.681998 0 -0.731354 0.681998 -6.38753e-07 -0.731354 0.681998 0 -0.731354 0.682138 0.000231395 -0.731224 0.681999 -0.00022999 -0.731353 0.681809 0.000514096 -0.73153 0.681842 0.000425192 -0.7315 0.669341 -0.00713365 -0.742921 0.00906213 -0.0564828 -0.998362 0.414244 0.759248 -0.501941 0 0 -1 -0.731327 0.00048107 -0.682027 -0.731354 -0.000989321 -0.681998 -0.731512 -9.99389e-05 -0.681829 -0.731354 0 -0.681998 -0.731354 0 -0.681998 -0.731354 0 -0.681998 -0.731354 3.68511e-08 -0.681998 -0.731359 5.39099e-05 -0.681993 -0.732273 -0.00059476 -0.681011 -0.906242 0.416357 -0.0732998 -0.731398 0.00211302 -0.681948 -0.731299 -6.40724e-05 -0.682057 -0.731354 0 -0.681998 -0.903031 0.422406 -0.0781609 -1 0 0 -0.681998 0 0.731354 -0.682083 0.000281392 0.731275 -0.681999 0 0.731354 -0.681996 -2.43911e-06 0.731356 -0.681999 0 0.731354 -0.681999 1.70252e-06 0.731354 -0.681998 3.38456e-06 0.731354 -0.681999 0 0.731353 -0.681989 1.54252e-05 0.731362 -0.681995 -3.43295e-06 0.731357 0 1 0 0 1 0 0 1 0 0 1 0 0 -1 0 0 -1 0 0 -1 0 0.122789 0.991532 0.0422725 0.150666 0.986723 -0.0606417 0.313938 0.949351 -0.0132295 0.310807 0.950068 -0.0277594 0.420099 0.904161 0.0775169 0.501054 0.860544 -0.0916943 0.513456 0.856152 -0.0580302 0.570169 0.821527 1.87133e-07 0.653334 0.75707 0 0.631691 0.772158 -0.0688404 0.733689 0.679486 0 0.743829 0.665264 -0.0643525 0.851962 0.520626 0.0557653 0.868365 0.476074 -0.138909 0.930814 0.329016 0.159165 0.98192 0.185782 0.0363027 0.968228 0.230062 -0.0980092 0.999278 0.0379364 -0.00193023 0.99781 0.0497974 -0.0435399 0.987555 -0.115669 -0.106561 0.982658 -0.16642 0.0817789 0.950373 -0.308231 0.0422481 0.943942 -0.326681 -0.0474759 0.877591 -0.472687 -0.0800025 0.875814 -0.480086 -0.0496768 0.824872 -0.562389 0.0574895 0.776923 -0.628164 -0.0424313 0.747414 -0.661516 0.0613854 0.680526 -0.726711 -0.0936781 0.604907 -0.785486 0.130761 0.506751 -0.85569 -0.104877 0.500887 -0.862791 -0.0685898 0.410207 -0.909119 0.0723351 0.296882 -0.954768 -0.0167256 0.279491 -0.956467 -0.0839955 0.184457 -0.982362 0.0306622 0.124241 -0.990563 -0.0578717 0.0746371 -0.995938 0.0503648 -0.0249157 -0.999114 0.0339075 -0.085384 -0.989327 -0.118076 -0.146759 -0.988887 0.0237739 -0.23816 -0.9695 -0.0578715 -0.406665 -0.909603 -0.085124 -0.562697 -0.820757 0.098641 -0.604775 -0.794476 -0.0552815 -0.661407 -0.749464 0.0290666 -0.705501 -0.707467 -0.0419538 -0.721612 -0.69223 -0.00968388 -0.78467 -0.618756 -0.0378855 -0.792976 -0.60041 -0.103421 -0.879135 -0.468062 0.089665 -0.903654 -0.413234 -0.11246 -0.946425 -0.300572 0.118056 -0.977639 -0.191992 -0.0858008 -0.986148 -0.161241 0.0389079 -0.938043 0.341197 -0.0604984 -0.87807 0.475165 0.0566666 -0.85741 0.506532 -0.0909643 -0.771064 0.63321 0.0671214 -0.71503 0.688491 -0.121292 -0.698216 0.715845 -0.00780858 -0.598666 0.786633 0.151019 -0.521978 0.852057 -0.0392131 -0.48823 0.870536 0.0616315 -0.392042 0.919366 -0.0326972 -0.354693 0.930474 0.0917074 -0.153715 0.988115 0 -0.175366 0.980359 -0.0902434 -0.0248363 0.995922 -0.0867285 -0.00192155 0.999998 0 0 0 1 0 0 1 0 0 1 0 0 1 0 0 1 0.00303361 0.0017681 0.999994 0 0 1 -0.00286867 -0.00535622 0.999982 0.0059594 0.00451407 0.999972 0.00501877 0.00330089 0.999982 -0.00794705 -0.0121141 0.999895 -0.00477979 -0.00860605 0.999952 0.0071311 0.00403847 0.999966 -0.000997556 0.000127253 1 -0.00484341 -0.00223411 0.999986 -0.00483656 -0.010719 0.999931 -0.328588 -0.9198 0.214471 -0.00486268 -0.00186197 0.999986 -0.32625 -0.920093 0.216769 -0.00994441 -0.00306737 0.999946 -0.00184718 -0.000913716 0.999998 -0.328954 -0.918658 0.218761 0 0 1 0 0 1 0 0 1 0 0 1 0 0 1 0 0 1 0 0 1 0 0 1 0 0 1 0 0 1 0 0 1 -0.991772 0.0372414 0.122481 -0.994169 0.0496161 0.0957459 -0.988253 0.0332358 0.149169 0 0 1 0 0 1 -0.968858 0.109994 0.221845 0 0 1 0 0 1 0 0 1 -0.973388 0.188185 0.130777 -0.946156 0.228302 0.229495 0 0 1 -0.944276 0.251333 0.212542 0 0 1 -0.00809844 0.00301302 0.999963 0 0 1 0 0 1 -0.00784363 0.00361801 0.999963 0 0 1 -0.00494842 0.00216424 0.999985 -0.0157476 0.00857577 0.999839 0 0 1 0.00081852 -0.000500179 1 0 0 1 0.00067035 -0.000464073 1 0 0 1 0 0 1 0 0 1 0.000201023 -8.86112e-05 1 0.00100888 -0.000834364 0.999999 0 0 1 0 0 1 0 0 1 0 0 1 0 0 1 0 0 1 0 0 1 0 0 1 0 0 1 0 0 1 0 0 1 0 0 1 0 0 1 0 0 1 0 0 1 0.0153157 -0.00564562 0.999867 0 0 1 0.0241419 -0.0116263 0.999641 0 0 1 -0.00342269 0.0107306 0.999937 0.0302163 -0.011242 0.99948 0.0219507 -0.0088962 0.99972 -0.00264336 0.00914457 0.999955 0 0 1 0 0 1 -0.00239692 0.0130483 0.999912 -0.00179629 0.00728538 0.999972 -0.0131182 0.00108331 0.999913 -0.0208593 0.0027902 0.999779 0 0 1 0 0 1 -0.0168913 0.00112471 0.999857 0 0 1 -0.024451 -0.000406413 0.999701 0 0 1 -0.0125377 0.000592387 0.999921 0 0 1 0 0 1 0.0126386 0.0772377 0.996933 0 0 1 0.0117428 0.0639251 0.997886 0 0 1 0 0 1 0.0165311 0.0604005 0.998037 0 0 1 0 0 1 0.0144023 0.0553539 0.998363 0.00736938 0.00268221 0.999969 0.00302264 0.00133633 0.999995 0.00397986 0.00175614 0.999991 0 0 1 0 0 1 0 0 1 0.00393835 0.00206061 0.99999 0 0 1 0.0075613 0.00462064 0.999961 0.00641239 0.00398154 0.999972 0 0 1 0 0 1 0 0 1 0.00320893 0.00246679 0.999992 0 0 1 0 0 1 0 0 1 0.00353034 0.00287104 0.99999 -0.999913 -0.0132183 0.000305784 1 0 0 1 0 0 1 0 0 1 0 0 1 0 0 1 0 0 0 0 -1 0 0 -1 -1 0 0 -1 0 0 -1 0 0 -1 0 0 -0.422619 -0.906307 0 -0.422619 -0.906307 0 -0.774409 -0.0503972 0.630675 -0.607574 0.0984148 0.788143 -0.00194406 0.0173428 0.999848 0.00104552 -0.00915838 0.999958 0.58753 -0.133261 0.798154 0.93337 0.35679 0.0389977 0.930219 -0.364831 -0.0398833 0.0392435 0.34714 -0.936992 0.00016985 1.41298e-05 -1 -0.677785 -0.0648813 -0.732392 -0.824176 0.0797727 -0.560688 -0.999901 0.0139927 -0.00154485 -1 1.54476e-05 -1.78012e-07 -1 0 0 -1 0 0 0 0 -1 0 0 -1 0 0 -1 0 0 -1 -1 0 0 -1 0 0 -1 0 0.000986022 -0.999995 0 -0.00308306 -0.999946 -0.0104112 0 -0.000159981 -1 0.000166884 0 -1 0 0 -1 0 0.934056 -0.357127 0 0.934056 -0.357127 -1.19058e-07 0.934094 -0.357028 5.2008e-05 0.934056 -0.357127 1.5074e-07 -0.999994 -0.00234207 0.00250341 -0.999994 0 0.003351 0 -1 0 0 -1 0 0 1 0 0 1 0 -1 0 0 -1 0 0 1 0 0 1 0 0 0.643599 0.76536 0.00181126 0.643682 0.765293 -0.00120188 0.642805 0.76603 4.03778e-06 0.642788 0.766044 1.24057e-06 0.642787 0.766045 7.28139e-06 0.642793 0.76604 -7.39144e-06 0.642788 0.766044 0 0.642788 0.766044 0 0.642174 0.766537 0.00582903 0.642788 0.766044 -2.10987e-06 0.642779 0.766052 3.64043e-05 1 0 0 1 0 0 0.642781 -0.76605 1.1009e-05 0.642782 -0.76605 -1.91573e-05 0.642788 -0.766044 2.49241e-06 0.642785 -0.766046 -3.48058e-06 0.642788 -0.766044 0 0.642788 -0.766044 -1.34838e-06 0.642788 -0.766044 5.36358e-07 0.642788 -0.766044 5.05374e-07 0.642788 -0.766044 0 0.639671 -0.768457 0.0172055 0.642787 -0.766045 1.68763e-06 -1 0 0 -1 0 0 1.45623e-05 -4.99721e-06 1 -9.55203e-05 3.27788e-05 1 0.0144498 0.026802 0.999536 -7.53444e-06 -1.39751e-05 1 -3.51993e-06 4.19489e-06 1 -0.0537021 -0.0416348 0.997689 -0.000257674 0.000140123 1 0.00146571 -0.000203511 0.999999 0.00127712 0.000361173 0.999999 0.000100747 -2.3083e-05 1 0.000416035 0.000401625 1 -0.00266846 -0.000198439 0.999996 0 0 1 0 0 1 0 0 1 0.000400903 -4.80102e-05 1 -8.4582e-05 -1.94397e-07 1 -0.000369603 -5.87622e-05 1 6.55687e-05 2.95482e-07 1 0.0060044 0.000581623 0.999982 0.00547099 0.000633434 0.999985 -0.00335933 -3.74727e-05 0.999994 -0.00522861 0.000501072 0.999986 0 0 1 0 0 1 0 0 1 0 0 1 0 0 1 0 0 1 0 0 1 -0.00920911 0.00821622 0.999924 0 0 1 0.00221027 -0.00999202 0.999948 0 0 1 0 0 1 -0.234223 -0.294836 0.926397 0.145957 -0.198319 0.969209 0.186944 -0.103761 0.976875 0.0787342 0.343418 0.935877 -0.264632 0.487424 0.832098 -0.722926 -0.676324 0.141294 -0.691616 0.71535 0.0997088 0.582535 -0.812434 0.0245799 0.507231 -0.86177 -0.00830066 -0.453153 -0.891433 0.000456993 -0.634188 -0.771302 0.0538542 -0.874132 -0.485659 -0.00527981 -0.996803 -0.0793177 -0.00958009 -0.847425 0.530748 -0.0133184 -0.484207 0.874951 0.00188722 -0.327683 0.943851 -0.0420594 0.554966 0.831468 0.0259642 0.698841 0.715161 -0.0128734 0.969768 0.243602 0.0144433 0.994672 0.10145 -0.0183347 -0.908827 -0.415877 0.0328475 0.0996884 -0.0185342 0.994846 0.0256302 -0.347252 0.937421 0.123524 -0.18338 0.975251 -0.241416 0.970094 0.0252059 -0.39691 0.617127 0.679424 0.962979 -0.265676 0.0456822 0.828545 -0.55928 -0.0268072 -0.0267859 -0.999024 0.0351246 -0.257615 -0.965232 -0.0442944 -0.968585 -0.248679 -0.00101088 -0.946426 0.322756 -0.0103362 -0.916867 0.39918 0.00307666 -0.430654 0.901715 -0.0380505 0.673031 0.739573 0.00776086 0.713443 0.70065 -0.00939505 0.997226 0.0735167 -0.0116148 -0.999881 0.0154041 0.000187412 0.938712 0.340067 0.0563372 -0.115506 -0.97869 0.169779 0.204424 0.97396 0.098048 -0.0151428 0.991656 0.128018 -0.707952 0.706196 -0.00956854 0.77769 0.625171 0.0660227 -0.0131124 -0.987102 0.159555 0.721719 -0.686661 0.0872787 -0.16592 0.976328 0.138759 0.772807 -0.035227 -0.633662 0.75761 -0.0255078 -0.652209 0.745177 -0.0030732 -0.666859 0.770856 0.0438792 -0.635496 0.757138 0.0216062 -0.652897 0.741136 -3.43886e-05 -0.671355 0.758045 0.026903 -0.651647 1 0 0 1 0 0 0 0 1 0 0 1 -0.681999 0 0.731353 -0.681999 0 0.731353 -1 0 0 -1 0 0 -0.731354 0 -0.681998 -0.731354 0 -0.681998 0 0 1 0 0 1 -0.96703 -0.254664 0 -0.96708 -0.254472 9.85434e-05 -0.981537 -0.19127 -5.7789e-05 -0.991892 -0.127087 -0.000118094 -0.981634 -0.190773 0.000193147 -0.99691 -0.078558 2.60195e-05 -0.993913 -0.110028 0.00549632 -0.999524 -0.0298632 0.0077575 -0.999821 0.0189195 -0.000228004 -0.998992 -0.0448909 0.000387772 -0.996474 0.0838513 -0.00286198 -0.999308 0.0367819 0.00552609 -0.988906 0.148441 -0.00549233 -0.994783 0.101972 0.00295272 -0.973553 0.228244 -0.00998098 -0.982495 0.186173 0.00664736 -0.951847 0.306571 -0.000943806 -0.951053 0.309027 0.00105467 -0.92381 0.38285 -0.000653162 -0.913428 0.40683 0.0117751 -0.889622 0.456591 -0.00989411 -0.847903 0.53015 -0.00101577 -0.85451 0.519271 -0.0130071 0.9705 0.24109 -0.00231519 0.984915 0.173041 0 0.971297 0.23787 0 0.992293 0.123912 0 0.984915 0.173041 0 0.997667 0.0682653 -0.00105073 0.994194 0.107459 0.00559563 0.999898 -0.0137989 -0.00373372 0.999117 0.0413973 0.00723877 0.997223 -0.0744671 0 0.999691 -0.0248481 0 0.992293 -0.123912 0 0.997223 -0.0744671 0 0.984915 -0.173041 0 0.99009 -0.140325 0.00559485 0.9705 -0.24109 -0.00231509 0.974247 -0.225303 0.00900728 0 0 1 0 0 1 -1 0 0 -1 0 0 0 0 -1 0 0 -1 1 0 0 1 0 0 0 -1 0 0 -1 0 1 0 0 1 0 0 -1 -0.000651634 0 -0.999998 4.14837e-18 0.00207418 1 0 0 1 0 0 0 0 -1 0 0 -1 0 0 -1 0 0 -1 0 0 -1 0 0 -1 0 0 -1 0 0 -1 0 0 -1 0 0 -1 0 0 -1 0 1 0 0 1 0 0 -1 0 0 -1 0 0 -1 0 0 -1 0 0 1 0 0 1 0 0 0 -1 0 0 -1 0 0 -1 0 0 -1 0 0 -1 0 0 -1 6.21824e-06 6.4479e-06 -1 -8.46028e-07 -9.29251e-08 -1 -1.82961e-08 -2.48132e-08 -1 4.35511e-08 2.54239e-08 -1 0 0 -1 0 0 -1 0 0 -1 0 0 -1 0 0 -1 1 0 0 1 0 0 0 1 0 0 1 0 0 1 0 0 1 0 1 0 0 1 0 0 0.707109 0.707105 0 0.707109 0.707105 0 0.707109 -0.707105 0 0.707109 -0.707105 0 -0.707105 0.707109 0 -0.707105 0.707109 0 0.707105 0.707109 0 0.707105 0.707109 0 0.707107 0.707107 0 0.707107 0.707107 0 0.707107 -0.707106 0 0.707107 -0.707106 0 -0.707107 -0.707107 0 -0.707107 -0.707107 0 -0.707106 0.707107 0 -0.707106 0.707107 0 0.0253783 0.999419 0.0227594 -0.691246 0.722496 0.0133597 -0.994747 0.0930159 0.0427329 -0.742229 -0.669565 -0.0279061 0.00997533 -0.998423 0.0552465 0.889615 -0.456389 0.0171562 0.907233 0.420609 -0.0039935 -0.385025 0.922869 0.00834084 -0.251911 0.966888 -0.0408562 -0.948081 0.31555 0.0396287 -0.901468 -0.431536 0.0336524 -0.363617 -0.931414 -0.0158409 -0.270409 -0.961487 -0.0492079 0.579198 -0.814433 0.0350502 0.993225 0.109585 0.0386643 0.590482 0.806937 0.0135683 0.904445 0 -0.426589 0.904445 0 -0.426589 1 0 0 1 0 0 1 0 0 1 0 0 -1 0 0 -1 0 0 1 0 0 1 0 0 -1 0 0 -1 0 0 -1 0 0 -1 0 0 1 0 0 1 0 0 0 0 -1 -5.75324e-05 5.42936e-05 -1 -0.000328572 0.000562812 -1 0.000325168 0.000259342 -1 0 -0.000393602 -1 -6.20149e-05 -4.94608e-05 -1 -4.78038e-05 -2.54507e-05 -1 4.23338e-05 0 -1 -3.25206e-05 1.95216e-05 -1 0 0 -1 2.54179e-05 0 -1 1 0 0 1 0 0 -1 0 0 -1 0 0 -7.07385e-05 6.10462e-05 -1 6.52035e-06 -5.62696e-06 -1 7.52451e-05 8.06964e-05 -1 0 -0.000119312 -1 -1.37571e-05 -1.47537e-05 -1 -3.17643e-06 0 -1 1.11552e-06 1.11552e-06 -1 4.54635e-06 -2.00198e-06 -1 -1.67801e-05 7.38909e-06 -1 1.0656e-05 0 -1 0 1.22316e-06 -1 1 0 1.75414e-07 1 -1.013e-06 8.0017e-08 -1 0 0 -1 0 0 0 1 0 0 1 0 0.00163951 0.999998 0.000936635 4.14415e-06 1 -6.13948e-07 -1.45283e-06 -2.66027e-06 1 0 0 1 0 0 1 0 -4.44805e-06 1 0 -4.44805e-06 1 -5.82831e-07 -4.79625e-06 1 -0.852223 0.523138 -0.00658932 -0.898939 0.431623 -0.0749017 -0.616944 -0.785456 0.0493824 -0.498434 -0.866784 -0.0157728 0.241839 -0.969908 0.0281438 0.382849 -0.923428 -0.0266179 0.918431 -0.393856 0.0368979 0.997527 0.00285494 -0.0702223 0.940996 0.337365 0.0266659 0.355255 0.930907 -0.0848893 0.161595 0.986796 0.0109693 0.00200766 -0.00140213 0.999997 0.00436068 -0.00152915 0.999989 -0.000480712 0.00817505 0.999967 0.00265222 0.000492065 0.999996 0.00342531 -0.000340975 0.999994 -0.00389328 0.00230994 0.99999 -0.00045373 -0.00233049 0.999997 0.00236367 -0.00132784 0.999996 0.000440801 5.55591e-05 1 0 0 1 0.000733766 -0.000852183 0.999999 -7.20587e-05 -0.00106919 0.999999 -0.428859 0.90087 0.0671799 -0.603219 0.797034 -0.0293883 -0.972161 -0.230506 0.0420825 -0.935191 -0.352436 -0.0347244 0.00312388 -0.99938 0.035056 0.181699 -0.982557 -0.039585 0.666149 -0.745579 0.018917 0.930292 -0.360082 -0.0699824 0.9932 -0.114593 0.0205258 0.535649 0.843976 -0.0280142 0.566324 0.824136 -0.00878063 0.00280894 0.00297153 0.999992 -0.000667286 0.00230629 0.999997 0.00092049 -0.000225028 1 0.00976576 -0.129215 0.991569 0.000233153 -0.000454856 1 0.170115 -0.0678006 0.983089 0.174728 -0.0521116 0.983237 0.000297168 -0.00011196 1 -6.26478e-05 -0.000179896 1 0.000428225 0.00131611 0.999999 0.000167069 -0.00255949 0.999997 -0.00477374 -0.00112616 0.999988 -0.00448354 -0.00304679 0.999985 0.819158 -0.570562 -0.0586351 -0.000258502 -0.000834763 -1 0.804632 0.591319 -0.0539249 0.000310588 -0.00256347 -0.999997 -0.998472 0.0399611 -0.0381791 0.0048177 0.0106065 -0.999932 0.55187 -0.82968 -0.0840814 0.959723 0.27381 -0.062933 -0.733317 -0.679492 -0.0231435 0.00118725 -0.00103314 -0.999999 -0.919414 0.392568 -0.0238504 0.0110901 0.00355248 -0.999932 -0.00152654 -0.000159611 -0.999999 -0.199461 0.978793 -0.0466915 -0.707107 -0.707107 0 -0.707107 -0.707107 0 -0.707107 -0.707107 1.71496e-08 -0.707107 -0.707107 0 1 0 0 -0.824909 0.565251 0.00399865 -1 8.93776e-06 1.61563e-05 -1 -8.60363e-06 0 -1 -2.38363e-21 -1.19181e-06 -0.266169 -0.961036 -0.0745942 -0.747725 -0.662632 -0.0427486 -0.837282 -0.483543 0.255235 -0.914777 0.323073 -0.242502 -0.661155 0.712553 0.234826 -0.389346 0.903834 -0.177464 0.431296 0.899121 -0.0745977 0.612175 0.699214 0.369245 0.784652 0.458866 0.416851 0.950946 -0.124539 -0.283181 0.876335 -0.479617 0.0447665 0.595301 -0.800251 -0.0722159 0.169334 -0.95338 0.249783 0.168092 -0.953967 0.248377 -0.00792891 -0.00053929 0.999968 0 0 1 -0.00219997 0.0260299 0.999659 0.0191694 -0.078906 0.996698 0.00690431 0.00520875 0.999963 0.081083 0.0470463 0.995596 0.0351166 0.00048052 0.999383 -0.162907 -0.110357 0.98045 0.036953 -0.038793 0.998564 0.0596622 -0.053841 0.996766 -0.381649 -0.923321 -0.0426978 -0.464527 -0.878831 0.10895 -0.950955 -0.283884 0.122858 -0.973132 -0.22671 0.0402008 -0.948991 0.315277 0.00410711 -0.854512 0.494992 0.157458 -0.619537 0.784168 -0.0354271 -0.295792 0.946681 0.127681 -0.208588 0.97651 0.0540388 0.397547 0.916988 -0.0329898 0.528206 0.833869 0.160192 0.972608 0.118893 -0.199745 0.995993 -0.0516071 0.0730374 0.623285 -0.770719 0.13232 0.476824 -0.864856 -0.157045 0.00141358 -0.00469049 0.999988 -0.00979456 0.0344109 0.99936 -0.00282601 -0.00685395 0.999973 0.0162373 0.0230665 0.999602 -0.0246243 -0.0142866 0.999595 -0.0106052 -0.00195628 0.999942 -0.0116839 -0.00651562 0.999911 -0.0335502 -0.0100156 0.999387 0.00183664 -0.00587815 0.999981 0.00295694 0.00119762 0.999995 -0.00720379 0.0120911 0.999901 0 0 1 0.0541648 -0.982135 0.180213 -0.101625 -0.99155 0.0806268 -0.605008 -0.793221 -0.0690321 -0.771135 -0.577133 0.268827 -0.989555 0.0822553 -0.118384 -0.73096 0.554848 0.397292 -0.717041 0.582812 0.382337 -0.406183 0.846288 0.344692 -0.526643 0.806217 0.269556 0.0832991 0.994871 -0.0573803 0.486509 0.86767 0.102261 0.73545 0.661882 -0.145 0.923481 0.305308 0.232313 0.960469 -0.270606 -0.0653547 0.852536 -0.498491 0.157126 0.6277 -0.775932 -0.062626 0.240803 -0.970557 0.00570402 -0.0568063 0.0278009 0.997998 0.012852 0.0210257 0.999696 0.00450319 -0.00280631 0.999986 -0.0186465 -0.0185362 0.999654 0 0 1 0.00386357 -0.0024077 0.99999 -0.0455524 -0.0196368 0.998769 0 0 1 0 0 1 0.0778455 -0.00133098 0.996965 -0.0537129 -0.0390512 0.997793 -0.219704 -0.975352 -0.0204367 -0.477272 -0.86736 0.141061 -0.610804 -0.791771 0.00419766 -0.949437 -0.311792 -0.036818 -0.952539 -0.0321989 0.302708 -0.801681 0.592613 -0.0782159 -0.510099 0.816809 0.269486 -0.300683 0.952199 0.0539119 0.233012 0.969133 -0.080543 0.575029 0.781522 0.242001 0.752993 0.658027 -0.00163323 0.992449 -0.057242 -0.108485 0.949588 -0.245283 0.19524 0.428878 -0.897435 -0.103313 0.32371 -0.94521 0.0423015 0.0265491 -0.00928072 0.999604 0.0124841 -0.0180789 0.999759 -0.00333443 -0.000493835 0.999994 -0.00520731 -0.000771211 0.999986 0.0051353 0.00268846 0.999983 -0.00589032 -0.0103476 0.999929 0.00514724 -4.13663e-05 0.999987 -0.00473266 -0.00725845 0.999963 -0.0108394 0.00262173 0.999938 0.0118366 -0.00310872 0.999925 0.00462823 -0.0120107 0.999917 0.00339916 -0.00768984 0.999965 0.440381 0.742811 -0.504278 0.483992 0.704537 -0.519018 -2.28804e-06 0.707107 -0.707106 0 0.707111 -0.707103 -0.471188 0.741839 0.477134 -0.715882 -0.202829 0.668112 4.67758e-07 1 9.64476e-08 0 1 0 0 1 0 0 1 0 0 1 0 0 1 0 0 -1 0 0 -1 0 0 -1 0 4.74206e-06 1 -2.18031e-06 -2.71282e-07 1 -1.06024e-07 0 1 0 0 1 0 -2.02923e-07 0.996661 0.0816551 -0.10068 0.887952 -0.448782 0 1 0 0 1 0 0 1 0 0 1 0 0 1 0 0 -1 0 0 -1 0 0 -1 0 0 -1 0 0 -1 0 -0.731354 -1.21898e-05 -0.681998 -0.731354 3.66825e-06 -0.681998 -3.27238e-06 -1 3.54066e-07 -0.221668 -0.972616 0.0698647 -1.85626e-07 -1 3.0463e-07 -1.16046e-08 -1 3.72477e-07 -1.54648e-07 -1 4.96381e-06 -0.100678 -0.887953 -0.448781 8.71282e-08 -1 3.88383e-07 0 -1 0 3.82525e-07 -1 4.43258e-08 0 -1 0 0 -1 0 0 -1 0 0.75298 0 -0.658044 0.75298 0 -0.658044 -1 0 0 -1 0 0 -0.233505 -0.924073 -0.302597 -0.0032062 0.00149386 -0.999994 0.42693 0.904284 6.76791e-06 0.426931 0.904284 6.66279e-08 0.42693 0.904285 1.56007e-07 0.426932 0.904284 3.64565e-08 0.426922 0.904289 -3.93413e-06 0.426931 0.904284 2.6425e-07 0.426934 0.904283 -4.17979e-06 0.419269 0.907751 -0.014216 -0.426914 -0.904292 0 0.42691 0.904294 1.7214e-06 -0.426931 -0.904284 -2.02189e-07 -0.426931 -0.904284 -9.26433e-08 -0.426933 -0.904283 -3.85339e-07 -0.46594 -0.881466 -0.0769253 0.752981 -6.30974e-07 -0.658042 0.752979 -3.09951e-06 -0.658044 0.647995 -0.0590528 -0.759352 0.752982 -1.03662e-07 -0.658042 0.753414 0.000657873 -0.657546 0.753339 0.000656417 -0.657633 0.752093 -0.000100337 -0.659057 0.752981 -0.000671566 -0.658041 0.752981 1.34743e-08 -0.658042 -0.752983 -7.22325e-06 0.65804 -0.752974 0 0.65805 -0.752981 -2.53056e-07 0.658042 -0.752981 1.59244e-07 0.658042 -0.752976 1.53502e-07 0.658048 -0.752976 2.06756e-07 0.658048 -0.752981 -2.3617e-07 0.658042 -0.752982 0 0.658041 -0.645882 -3.47962e-06 -0.763437 -0.658238 0.00178759 -0.752808 -0.658033 -1.70519e-06 -0.752989 -0.658026 0 -0.752995 -0.475208 -0.810832 0.341655 0.176249 -8.82967e-08 0.984346 0.176238 -1.17727e-06 0.984348 0.176205 3.14541e-05 0.984354 -0.739075 0.659797 0.135779 0.176241 1.61376e-06 0.984347 0.176235 -2.63222e-06 0.984348 0.176239 2.67834e-07 0.984347 0.17624 -1.75855e-06 0.984347 0.176239 -8.96824e-08 0.984347 0.176238 9.44651e-08 0.984348 -0.176247 1.35261e-08 -0.984346 -0.176238 7.47317e-06 -0.984348 -0.176238 5.60064e-07 -0.984348 -0.17624 -5.6958e-07 -0.984347 -0.176236 1.85213e-06 -0.984348 -0.176239 -1.02146e-06 -0.984347 -0.176241 2.89193e-06 -0.984347 -0.176238 -1.46941e-07 -0.984348 -0.176238 4.07989e-08 -0.984348 -0.984344 4.93133e-07 0.17626 -0.984727 8.50525e-05 0.174107 0.999283 -0.0364579 -0.0101749 1 5.90703e-07 -0.000706788 0.999983 4.93073e-06 -0.00589712 0.999982 0.00584136 0.00168479 0.999029 -0.000890078 0.0440508 0.679738 -0.17209 -0.712981 -1 0 0 -1 0 0 -1 0 0 -1 0 0 -0.997131 0.0750185 -0.0101496 -0.999983 0.00586273 -0.000793198 -0.999976 0.00130771 -0.00682259 -0.976478 0.0682024 0.204545 -0.984316 -5.03997e-05 0.176414 -0.592245 -0.552817 0.586207 0.600487 0.760384 0.247451 0.984349 -6.50494e-05 -0.176232 0.979335 0.155117 -0.129775 0.98252 0.131562 -0.131705 0.937891 0.32829 -0.112188 0.744445 0.664799 -0.0620008 0.813283 0.576215 -0.0809094 0.822063 0.563999 -0.078218 0.87499 0.476555 -0.0853704 0.857082 0.504395 -0.10486 -0.426829 -0.904332 1.05683e-05 -0.0951192 -0.946288 -0.309018 -0.426949 -0.904276 -2.90809e-05 -0.984955 -3.73127e-05 0.172809 -0.984344 -0.000258122 0.17626 0 0 1 -5.00506e-05 1.11662e-06 1 -0.681908 -1.71022e-05 0.731438 -0.871483 -0.490163 0.0160276 -1 8.44013e-06 -4.25426e-08 -1 4.57225e-06 -1.49506e-07 -0.904214 0.427079 7.96269e-05 0.639414 -0.301864 -0.707126 0.989721 9.51866e-08 -0.143009 0.989899 3.32756e-07 -0.141778 0.989899 8.01625e-08 -0.141778 -0.22379 -0.702056 -0.676044 0.989899 -1.00796e-06 -0.141778 -0.990011 -1.23877e-05 0.140987 -0.989899 2.04966e-07 0.141778 -0.989899 2.97339e-07 0.141778 -0.989896 3.58847e-08 0.141798 -0.989894 0.000637532 0.141806 0.733119 0.415109 -0.538722 -1.01525e-07 1 1.81795e-08 1.97478e-06 1 9.80792e-06 0.649326 -0.0695516 0.757323 0.294932 -1.99421e-06 0.955518 -0.978636 0.174565 -0.108625 0.734863 0.0143004 0.678065 0.998931 -1.40616e-08 -0.0462329 0.707022 0.0205327 0.706894 0.905646 -0.0270752 0.423169 -0.280815 -0.0356111 -0.959101 0.97618 -0.0332419 0.214401 0.924196 -0.000815724 0.381919 0.682936 0.000701315 0.730478 0.999296 0.000280649 0.0375123 0.941218 -0.00178754 0.337795 0.336353 -0.00013446 0.941736 0.998528 -0.00515069 0.0539935 0.592054 3.99006e-05 0.805898 0.912768 0.000936954 0.408476 0.642937 -0.0150269 0.765772 0.999954 -0.00593208 0.0075434 0.695942 -0.000898885 0.718098 0.780681 0.00024165 0.624929 0.934239 0.000547985 0.356646 0.989872 0.000125005 0.141965 0.78119 1.48831e-05 0.624293 0.714502 -0.00833873 0.699584 0.98982 -8.6536e-06 -0.142324 0.980466 0.163837 0.108829 0.175624 8.57024e-06 0.984457 -0.984367 3.31861e-06 0.176128 -0.984339 -8.20581e-07 0.176286 0.139299 -0.186454 0.972538 0.0965245 -0.159586 0.982454 -0.07388 -0.99565 -0.056762 0.0251328 0.997634 0.0639924 0.0831895 -0.809783 0.580802 -0.979341 0.151567 0.133859 0.166233 0.226333 0.95976 0.0384322 -0.974051 0.22304 -0.977842 0.0926542 -0.187724 0.373381 0.702632 0.605718 0.388988 0.75127 0.533181 -0.40086 -0.690279 -0.602351 0.987961 -0.112726 0.105953 -0.138866 -0.000319629 -0.990311 -0.980949 -0.082953 0.175666 0.522325 -0.781538 0.341139 0.696271 -0.706866 -0.124687 0.174954 -0.0716391 0.981967 0.175621 -0.105012 0.978841 0.127358 -0.689333 0.713162 0.122985 -0.722406 0.680444 -0.306446 0.950875 0.0438969 -0.0901859 0.974604 -0.204973 0.588805 0.382215 0.712194 0.39382 0.209189 0.895068 -0.0116494 -0.59209 -0.805788 0.203368 0.951045 0.232714 0.203821 0.951034 0.23236 0.81053 0.000384798 -0.585697 0.930667 -2.62897e-05 -0.365867 0.985069 0.00038195 -0.172162 -0.753048 -5.72602e-07 0.657965 0.989899 -0.000142635 -0.141775 0.989899 0 -0.141778 0.310687 0.44047 0.842294 -0.731345 0 -0.682008 -0.999997 -0.00255201 -0.000236651 -1 0 0 -1 -2.56564e-05 7.76776e-07 -0.681999 -3.00413e-05 0.731353 -0.681998 0 0.731354 -2.20373e-06 -1.94363e-05 -1 -0.000469046 -0.000764838 1 -0.034284 0.995419 -0.0892503 0.0106692 0.794989 -0.60653 -0.00161268 0.70652 -0.707691 0.00247423 0.0202015 -0.999793 -1.98652e-06 0.0173253 -0.99985 0.128432 -0.750136 -0.648692 -0.00117502 -0.999999 0.0010369 0 -1 0 0 -1 0 0 1 0 0 1 0 0.0587993 -0.126411 -0.990234 -0.0189278 0.270265 -0.9626 0.057254 -0.859406 0.508078 -0.034595 -0.0403256 0.998588 -0.775757 -0.605463 -0.177807 -0.778004 -0.603835 0.173473 -0.666312 0.591188 0.45445 -0.815358 0.439124 0.377308 -0.593835 -0.542882 -0.593834 -0.627203 -0.770716 0.112309 0.149384 0.33123 0.93165 -0.599091 -0.6462 0.472775 -0.591522 0.211481 0.77806 -0.597253 0.515417 0.614519 -0.653282 0.756406 0.0327563 -0.988452 -0.150914 -0.0137135 -0.0124821 -0.565892 0.824385 -0.698011 0.00705931 0.716052 -0.67011 -0.136797 0.729547 -0.681465 -0.0193948 0.731594 -0.792617 -0.252401 0.555024 -0.0173363 -0.626101 0.77955 -0.980559 0.196011 0.00911339 -0.0131447 -0.474647 0.880078 0 -1 0 0 -1 0 0 0 -1 0 0 -1 1 0 0 1 0 0 0 0 1 0 0 1 -1 0 0 -1 0 0 0 -1 0 0 -1 0 7.14123e-05 -1 -4.62442e-06 0 -1 0 0 -1 0 0 -1 0 1.69957e-06 -1 -2.05178e-05 0 -1 0 0 -1 0 0 -1 0 0 -1 0 0.0581463 -0.998306 0.00185702 0.109464 -0.993991 -0.000760951 0.22252 -0.974928 -1.99166e-09 0.189993 -0.981785 -0.000844257 0.27084 -0.962624 -0.00126616 0.324393 -0.945922 0.000158482 0.270839 -0.962624 -0.00126612 0.414476 -0.910059 0.00183167 0.371984 -0.928237 -0.00219268 0.485538 -0.874215 0.000315089 0.499985 -0.866033 -0.00126662 0.542548 -0.840025 0 0.590647 -0.806929 -0.0014824 0.594486 -0.804103 -0.00205472 0.685967 -0.727632 -0.00122785 0.688653 -0.725089 -0.00160346 0.733052 -0.680173 -2.38999e-08 0.755255 -0.65543 -0.00084435 0.826238 -0.563321 0 0.797133 -0.603804 0 0.837642 -0.546218 -0.00104422 0.861839 -0.50718 0.0015822 0.900969 -0.433884 -2.05747e-06 0.904371 -0.426745 -0.000955924 0.955591 -0.294697 -0.000380905 0.988851 -0.1489 0.00176979 0.984896 -0.173138 -0.00169784 0.999939 -0.0106667 -0.00296529 0.992423 0.122853 -0.00176873 0.970812 0.239824 0.00287049 0.954808 0.297212 -0.0027572 0.876541 0.481326 0.0010883 0.906658 0.421859 -0.00259687 0.849541 0.52752 -0.00162901 0.826237 0.563319 0.00189817 0.766044 0.642788 -2.11726e-06 0.762019 0.647554 -0.000754653 0.698235 0.715865 0.00221538 0.651166 0.758932 -0.00224203 0.5131 0.858328 -0.00154266 0.500001 0.866025 0 0.411271 0.911513 0 0.404761 0.914422 -0.000860089 0.290568 0.956854 0.000689894 0.270857 0.962619 -0.0012666 0.22252 0.974928 -1.99166e-09 0.153374 0.988168 0.000689874 0.173634 0.984809 -0.00126648 0.0396517 0.999213 -0.000763879 -0.0617421 0.998092 -0.000661315 -0.124342 0.992239 0 -0.0747295 0.997204 0 -0.146995 0.989137 -0.0011615 -0.283732 0.9589 -0.00243984 -0.438742 0.89861 -0.00250213 -0.548886 0.835897 -0.00107413 -0.61041 0.792086 -0.000844291 -0.583744 0.811938 3.90366e-08 -0.708882 0.705325 0.00177368 -0.672843 0.739785 -0.000761048 -0.764743 0.644331 -0.00243233 -0.787998 0.615677 0.000380516 -0.835695 0.549193 -0.00122788 -0.833658 0.552279 -0.00160346 -0.906209 0.42283 -0.000393967 -0.901806 0.432136 -0.00215842 -0.964485 0.264136 -0.000104332 -0.969385 0.245529 -0.00294153 -0.988654 0.150193 0.00244095 -0.997112 0.0758909 -0.00292854 -0.994504 -0.104623 -0.00386906 -0.972638 -0.232322 -0.00138718 -0.933126 -0.359549 0.000379643 -0.938575 -0.345073 -0.00119238 -0.882704 -0.469929 0.000379452 -0.825836 -0.563909 -0.00122995 -0.764745 -0.644333 -0.00020494 -0.672843 -0.739785 -0.000761053 -0.710037 -0.704162 0.00185699 -0.611707 -0.791084 -0.000761042 -0.566932 -0.823762 0.00205681 -0.485463 -0.87425 -0.00342583 -0.385988 -0.922503 -0.00113186 -0.318486 -0.947928 0 -0.36534 -0.930874 0 -0.302687 -0.95309 -0.000844322 -0.27084 -0.962624 0 -0.202438 -0.979295 -0.000491787 -0.210569 -0.977578 -0.00157661 -0.0304307 -0.999537 -0.000396106 0.0159929 -0.999662 0.0205033 0.296962 -0.953867 -0.0441625 0.280203 -0.959932 0.00409662 0.539705 -0.839824 0.0584363 0.587896 -0.806226 -0.066162 0.726902 -0.684784 0.0518133 0.784173 -0.613287 -0.0946106 0.880015 -0.461198 0.113446 0.926018 -0.368695 -0.0809565 0.982745 -0.181257 -0.0368672 0.987617 -0.149049 0.0489655 0.98885 0.133289 -0.0663997 0.994995 0.0992854 0.0112691 0.934105 0.354266 -0.0440896 0.943185 0.332146 0.0089589 0.797876 0.602084 0.0297975 0.788824 0.614513 -0.0113895 0.595131 0.803601 -0.00676192 0.575053 0.816335 0.0539476 0.320259 0.943744 -0.0823463 0.269507 0.960711 0.0663374 -0.00450501 0.998696 -0.0508503 -0.0414887 0.998442 0.037317 -0.289187 0.956452 -0.0396324 -0.306248 0.951935 0.00558408 -0.47568 0.874865 0.0913254 -0.574728 0.812337 -0.0989781 -0.678415 0.733936 0.0330443 -0.734327 0.676358 -0.0574746 -0.846167 0.529017 -0.0643617 -0.82619 0.563335 0.00800474 -0.946728 0.316594 0.0589457 -0.960739 0.273996 -0.0436676 -0.998774 0.0326845 0.0371867 -0.999214 -0.00180815 -0.0395966 -0.977114 -0.210639 0.0296449 -0.948373 -0.29746 -0.110029 -0.921573 -0.383657 0.0592481 -0.778288 -0.625296 -0.057209 -0.739731 -0.668091 0.0803254 -0.629181 -0.773043 -0.0808446 -0.502599 -0.864067 0.0279715 -0.45819 -0.887101 -0.0557968 -0.280676 -0.9598 0.00234547 -0.276985 -0.960852 -0.00650525 -0.00573667 -0.999343 -0.0357942 -0.000151221 0.000129774 1 6.28099e-05 -5.13044e-05 1 9.00399e-05 -0.000209176 1 -2.82095e-07 3.86261e-06 1 -2.78125e-05 -1.14606e-05 1 -3.28136e-05 3.35589e-05 1 -1.24918e-05 4.98261e-06 1 -3.19327e-05 3.11465e-05 1 2.29147e-05 -1.35942e-05 1 1.68449e-05 -3.39641e-05 1 -1.63931e-05 -8.82075e-06 1 1.30823e-06 4.1193e-06 1 2.11247e-06 3.21616e-06 1 -1.65509e-05 2.40092e-05 1 -1.12115e-05 -6.57106e-07 1 -6.90412e-06 -1.23629e-05 1 -1.69636e-05 9.0479e-08 1 9.61508e-06 -2.0519e-06 1 -1.54535e-05 3.08389e-05 1 4.1302e-06 7.46562e-07 1 -4.39905e-06 -3.39892e-06 1 -0.00019421 -0.000106688 1 0.000274668 1.80493e-05 1 -9.09231e-06 -9.14437e-06 1 3.85078e-07 -1.36865e-06 1 -1.52102e-06 -1.06201e-06 1 0 0 1 -7.80614e-06 -3.25833e-06 1 5.30316e-06 1.50871e-06 1 -9.53234e-06 7.77034e-06 1 2.14078e-06 -3.70809e-06 1 1.1457e-05 2.43023e-05 1 -5.5672e-05 -5.88795e-05 1 -3.2383e-06 2.72841e-06 1 1.55645e-05 -2.45139e-05 1 -4.81163e-06 -2.33226e-06 1 4.78186e-05 6.54756e-05 1 -3.63359e-05 -1.76125e-05 1 -0.00016164 -0.000221326 1 0.00034614 0.000251571 1 3.35876e-05 4.10597e-05 1 -2.63895e-05 -3.22602e-05 1 -2.81153e-06 -2.04339e-06 1 -2.39511e-06 1.56183e-06 1 -7.83909e-06 3.924e-06 1 -0.000120094 -1.86876e-05 1 -8.90158e-06 -1.58819e-05 1 7.06476e-06 1.83214e-06 1 9.63901e-06 -7.63645e-06 1 0.000106939 8.82264e-06 1 -1.21138e-05 5.15322e-05 1 9.60878e-06 9.60638e-06 1 3.55633e-05 8.50469e-06 1 -4.63578e-05 -1.44215e-05 1 2.64942e-06 1.01319e-05 1 1.88663e-06 -1.02759e-05 1 6.77134e-06 -1.84319e-05 1 3.10399e-05 -5.02657e-06 1 -3.40064e-06 2.94649e-05 1 2.42366e-07 1.37464e-06 1 3.90478e-07 1.38775e-06 1 -6.41381e-06 1.09017e-05 1 6.86927e-06 -1.16758e-05 1 -1.27858e-06 8.18413e-07 1 4.94933e-06 5.58742e-06 1 0 0 1 -8.4892e-06 1.55995e-05 1 -1.50546e-05 3.67593e-06 1 4.78038e-06 5.09688e-06 1 2.34792e-06 1.45793e-06 1 2.20521e-06 1.87396e-06 1 1.40928e-05 -3.67064e-06 1 2.2559e-06 5.78965e-07 1 -1.01397e-06 -9.7665e-07 1 -4.39309e-06 8.84171e-06 1 -8.3914e-07 -1.09395e-06 1 1.63454e-06 6.68058e-06 1 9.90259e-07 -1.12581e-06 1 -1.19412e-06 1.35757e-06 1 5.70782e-06 -2.75441e-06 1 3.86945e-06 -8.17872e-06 1 2.40109e-06 1.84781e-06 1 2.80635e-06 1.13508e-06 1 0 0 1 0 0 1 3.66101e-07 2.83257e-06 1 -4.17807e-07 -1.49225e-06 1 -7.29603e-06 8.31797e-06 1 -5.31598e-06 5.49483e-07 1 2.20957e-07 -2.80723e-06 1 -6.79342e-06 -5.10553e-06 1 2.16012e-08 1.57143e-06 1 -9.9925e-07 -3.1042e-06 1 3.30743e-06 2.52202e-06 1 0 0 1 0 0 1 -1.90764e-05 2.83365e-06 1 0 0 1 0 0 1 -1.16692e-05 1.40455e-05 1 1.68998e-05 1.71026e-05 1 -3.34151e-06 -8.24761e-07 1 -2.00798e-06 1.95902e-06 1 0 0 1 0 0 1 -2.16162e-06 -1.33397e-06 1 1.74686e-06 4.48751e-06 1 8.15355e-07 -1.07642e-06 1 -4.35926e-07 2.14524e-06 1 -7.50821e-07 2.02403e-06 1 6.66776e-07 -1.26188e-06 1 9.20857e-08 4.41545e-06 1 -2.22145e-06 -9.69196e-07 1 -1.17098e-06 -1.53396e-06 1 -3.21207e-06 2.64702e-06 1 -5.18506e-06 -1.53512e-06 1 1.62766e-06 7.10133e-07 1 -4.05581e-06 -7.30371e-06 1 -1.35647e-06 1.88255e-06 1 4.47827e-06 4.18603e-06 1 1.37675e-07 2.76537e-06 1 4.40422e-07 2.78673e-06 1 3.80569e-06 -3.32858e-06 1 3.84237e-06 8.92482e-07 1 2.55826e-06 -1.49098e-06 1 0 0 1 3.85696e-06 1.26915e-06 1 1.83835e-06 -5.6233e-07 1 3.90339e-06 -5.05304e-08 1 6.21734e-07 1.20374e-06 1 -1.67669e-06 1.94899e-06 1 0 0 1 1.81819e-06 6.58295e-06 1 -3.23447e-06 7.17055e-06 1 8.39339e-06 -2.14858e-06 1 -0.999611 0.0273718 -0.00537205 -0.992269 0.122232 0.021465 -0.979792 0.199029 -0.0198943 -0.956654 0.291041 0.0103799 -0.945862 0.324139 -0.0167205 -0.871926 0.489268 0.0190097 -0.860467 0.509475 -0.00556189 -0.778285 0.627872 -0.00709753 -0.766637 0.64207 0.00365992 -0.704163 0.710038 0 -0.715849 0.698219 -0.00705385 -0.6276 0.778536 0 -0.623637 0.781699 -0.00483729 -0.458504 0.888689 -0.00248956 -0.444737 0.895527 0.0154786 -0.249225 0.968394 0.00996349 -0.275074 0.961323 -0.0138515 -0.0784568 0.996781 0.0164861 -0.108493 0.994073 -0.00698782 0.051167 0.998381 -0.0248578 0.128142 0.991448 0.0246952 0.297008 0.95478 0.0134888 0.225492 0.974028 -0.0205359 0.349877 0.936641 -0.0170411 0.471394 0.881804 0.0144685 0.50263 0.864386 -0.0141293 0.615117 0.788434 0.0017583 0.608621 0.793434 -0.00661929 0.720124 0.693621 0.017623 0.756855 0.65328 -0.0198886 0.825819 0.56355 0.0208559 0.855559 0.517223 -0.0223575 0.92701 0.374558 0.0189255 0.941062 0.337904 -0.014952 0.97185 0.235473 0.00776168 0.987557 0.157256 0.00164398 0.983678 0.179633 -0.0104231 0.997316 0.0724287 0.010759 0.999437 0.0105402 -0.0318543 0.991889 -0.123835 0.0286676 0.978354 -0.204489 -0.0317488 0.948426 -0.315941 0.0258693 0.919536 -0.392158 -0.0258228 0.86769 -0.49654 0.0237135 0.828406 -0.559733 -0.0210336 0.781867 -0.623265 0.0149861 0.715764 -0.698312 -0.00661514 0.712337 -0.701751 -0.0109788 0.603779 -0.797101 0.00898051 0.579499 -0.814855 -0.0138905 0.467188 -0.884158 6.73821e-06 0.465671 -0.884956 0.00175813 0.298456 -0.954369 0.0101748 0.284235 -0.958738 -0.00556263 0.126426 -0.991949 -0.00727127 0.107248 -0.994182 0.0100456 -0.0371968 -0.999259 -0.00992084 -0.0497238 -0.998763 -2.62669e-05 -0.156095 -0.987677 0.0113313 -0.192016 -0.98132 -0.0119099 -0.30377 -0.952662 0.0125953 -0.343259 -0.939192 -0.00954307 -0.418032 -0.908085 0.0251309 -0.503495 -0.863708 -0.0223778 -0.561535 -0.827291 0.0163689 -0.653541 -0.756891 -5.64935e-05 -0.658926 -0.75217 -0.00754774 -0.759669 -0.649806 -0.0255947 -0.791466 -0.610867 0.0205753 -0.889273 -0.457271 0.00980536 -0.875674 -0.482687 -0.0144063 -0.949895 -0.312568 -0.00123183 -0.947555 -0.319494 -0.00792323 -0.986289 -0.164792 0.00883025 -0.990212 -0.138977 -0.0128699 -0.999929 0.00133931 0.0118415 -5.72908e-06 -5.18115e-06 1 -5.67852e-06 6.16038e-06 1 -4.91951e-06 -5.91526e-06 1 0 0 1 6.27011e-06 -7.71366e-06 1 0 0 1 0 0 1 7.61365e-07 1.31877e-06 1 1.72774e-06 -8.36507e-07 1 0 0 1 5.81199e-07 1.42786e-06 1 0 0 1 -2.03108e-06 9.7166e-07 1 0 0 1 0 0 1 0 0 1 2.08634e-06 5.2531e-07 1 0 0 1 0 0 1 2.00911e-07 1.54065e-06 1 0 0 1 0 0 1 -1.77546e-06 1.08477e-06 1 3.45894e-06 1.54674e-05 1 1.53029e-05 -1.09362e-07 1 0 0 1 -5.62277e-06 -2.54156e-06 1 6.02524e-07 -4.54514e-06 1 1.52704e-05 -2.3013e-06 1 1.11621e-06 -4.49254e-06 1 5.76656e-06 -1.42426e-05 1 1.49249e-06 -3.91414e-07 1 3.80867e-06 -1.16257e-06 1 1.39932e-06 -6.00178e-07 1 6.22715e-07 -1.42852e-06 1 -1.48302e-05 -8.0874e-06 1 -3.06437e-06 -7.28169e-06 1 -9.28499e-06 5.50544e-06 1 4.1303e-06 -6.5748e-06 1 2.46279e-06 1.43352e-05 1 1.24634e-06 -8.84353e-07 1 4.75265e-06 -5.87343e-06 1 7.51086e-06 5.14394e-06 1 1.1271e-06 -1.05335e-06 1 1.07481e-06 -1.05884e-06 1 0 0 1 0 0 1 0 0 1 0 0 1 0 0 1 -1.53984e-06 -1.28527e-06 1 9.26362e-07 -1.23214e-06 1 -8.68799e-07 -9.21724e-06 1 0 0 1 -1.10992e-05 2.87665e-07 1 0 0 1 6.8399e-06 -3.57876e-06 1 7.16349e-06 -3.0197e-06 1 -2.80785e-06 7.28773e-06 1 6.69372e-06 7.2088e-06 1 6.99836e-06 5.85449e-06 1 0 0 1 0 0 1 0 0 1 2.22604e-06 -4.66267e-06 1 1.97796e-06 -2.29684e-07 1 0 0 1 1.61743e-07 -1.52089e-06 1 3.07033e-06 -2.1091e-07 1 1.53016e-06 3.67627e-06 1 0 0 1 -1.9125e-06 -5.39465e-07 1 -9.53291e-09 -1.53366e-06 1 0 0 1 0 0 1 0 0 1 0 0 1 0 0 1 0 0 1 2.53409e-06 -2.72567e-06 1 0 0 1 1.37684e-06 -1.55992e-06 1 2.86656e-06 1.08677e-06 1 -6.37828e-07 -1.41359e-06 1 3.38073e-06 -1.16931e-08 1 4.00429e-06 2.14835e-06 1 -6.43625e-06 1.52822e-05 1 -7.67472e-07 -1.31407e-06 1 3.74541e-06 2.76368e-06 1 1.17067e-05 -6.89169e-06 1 6.72684e-06 8.51064e-06 1 -1.62565e-06 5.24963e-06 1 0 0 1 -0.0581425 0.998304 -0.00294028 -0.0676124 0.997712 0 -0.124344 0.992237 0.00220889 -0.180672 0.983537 -0.00367864 -0.131415 0.991328 0 -0.241117 0.970453 0.009105 -0.277688 0.960649 -0.00654357 -0.36533 0.930855 -0.00653934 -0.441353 0.897323 -0.00428851 -0.399584 0.916654 0.00878539 -0.514323 0.857594 -0.00213783 -0.531941 0.846768 0.00480526 -0.570163 0.821518 -0.00465851 -0.623488 0.78183 0.0022099 -0.629029 0.777369 0.00441421 -0.661685 0.749782 -1.12318e-08 -0.686239 0.727368 0.00343321 -0.698237 0.715867 0 -0.733052 0.680172 0 -0.733052 0.680172 0 -0.770608 0.637309 0 -0.777936 0.628334 0.0035905 -0.822194 0.569192 -0.00404461 -0.84338 0.537304 0.00386622 -0.853295 0.521429 0 -0.886047 0.463596 0 -0.878209 0.47825 0.00514786 -0.908052 0.418855 -0.00171663 -0.921463 0.388433 0.0051487 -0.937229 0.348695 -0.00367961 -0.953432 0.301536 0.00662158 -0.972072 0.234556 -0.00774595 -0.982201 0.187649 0.00837034 -0.993603 0.112803 -0.00532106 -0.998757 0.0498451 0 -0.997642 0.0685309 0.00386657 -0.999858 -0.0166191 -0.00294028 -0.999975 -0.00713138 0 -0.996544 -0.0830175 -0.00294058 -0.987738 -0.156078 -0.00360149 -0.992912 -0.118576 0.00813506 -0.970807 -0.239835 -0.00360332 -0.963231 -0.268616 0.00562452 -0.955575 -0.294748 0 -0.935057 -0.354498 0 -0.933878 -0.35759 -0.00128208 -0.908034 -0.418847 -0.00643381 -0.881162 -0.472754 0.00757296 -0.870151 -0.492783 -0.00128042 -0.835471 -0.549497 -0.00643399 -0.80464 -0.593731 0.00610206 -0.797131 -0.603803 0.00220952 -0.766041 -0.642785 -0.00294235 -0.733051 -0.680171 0.00220963 -0.724435 -0.689316 0.00610273 -0.686228 -0.727358 -0.00643377 -0.629036 -0.777376 -0.000543627 -0.620086 -0.784518 0.00507452 -0.548516 -0.83613 -0.00404416 -0.504317 -0.863493 0.00669792 -0.485539 -0.874215 0 -0.411284 -0.911507 0 -0.411284 -0.911507 0 -0.334196 -0.942504 0 -0.311699 -0.950152 0.00736014 -0.254805 -0.966971 -0.00643443 -0.180652 -0.983547 -0.000543451 -0.173666 -0.9848 0.00293894 -0.0912897 -0.99582 0.00294125 -0.0818339 -0.996646 0 -0.017802 -0.999842 0 -0.00621565 -0.999974 0.00359046 0.0676118 -0.997704 -0.0040445 0.105751 -0.994385 0.00386616 0.124344 -0.992239 0 0.173653 -0.984807 0 0.189992 -0.98178 -0.00343241 0.235475 -0.971879 0.00137504 0.263986 -0.964501 -0.00698965 0.359516 -0.93312 0.00600976 0.371954 -0.928251 -0.000543105 0.449856 -0.893073 -0.00716901 0.489067 -0.872212 0.00774689 0.536539 -0.843868 -0.00367855 0.583743 -0.811935 0.00220963 0.600914 -0.799265 0.00882104 0.637995 -0.770007 -0.00720861 0.725736 -0.687972 0.00169793 0.730592 -0.682788 0.00589279 0.792801 -0.609468 -0.0040442 0.826238 -0.563321 0 0.815545 -0.57868 0.00386579 0.86184 -0.507178 -0.00128002 0.860161 -0.510023 0 0.90094 -0.433875 -0.00771792 0.937213 -0.348689 -0.00698807 0.919011 -0.39417 0.00692814 0.967272 -0.253672 0.00589047 0.967277 -0.253653 0.00588242 0.980171 -0.198153 -1.3057e-07 0.991171 -0.132582 -0.00128055 0.988821 -0.149018 0.00515112 0.99777 -0.0664368 -0.00643358 0.999862 0.0166192 0 0.999947 -0.00714607 0.00736113 0.996548 0.0830178 0 0.988832 0.149033 0 0.996548 0.0830178 0 0.985862 0.167514 0.00386646 0.976726 0.214408 -0.00600458 0.960341 0.278827 0 0.960924 0.276811 0.000650134 0.939681 0.342013 0.00515667 0.935057 0.354498 0 0.914869 0.403692 -0.0068641 0.886047 0.463596 0 0.849555 0.5275 0 0.887864 0.460105 0.00121881 0.838762 0.544463 0.00622969 0.792776 0.609428 -0.0102275 0.733052 0.680173 8.55273e-06 0.741669 0.670736 0.00627613 0.674041 0.738666 -0.00643363 0.639421 0.768845 0.00424554 0.623489 0.781832 0 0.57794 0.816079 0 0.570167 0.821524 0.00294084 0.499984 0.86603 0.00293834 0.493827 0.86956 -0.00054378 0.417746 0.908535 -0.00716869 0.376996 0.926183 0.00774581 0.325235 0.945626 -0.00367842 0.263982 0.964523 0.00294607 0.260537 0.965454 0.00442 0.180671 0.983535 -0.00404473 0.129309 0.991582 0.00669972 0.107835 0.994169 0 0.0249289 0.999685 -0.00293879 0.0320414 0.999487 0 0 0 1 0 0 1 0.603799 0.797126 0.00396901 0 0 1 0 0 1 0.93315 0.359479 0.00226356 0 0 1 0 0 1 0 0 1 0 0 1 0.998213 0.059514 0.00539965 0.0162757 0.999866 0.00188799 0 0 1 0 0 1 0 0 1 0 0 1 0 0 1 -0.212784 0.977096 0.00266909 0.94793 -0.318463 0.0030335 0 0 1 -0.360452 0.93276 0.00579503 0 0 1 0 0 1 0 0 1 -0.510751 0.859726 0.00223595 0 0 1 0 0 1 0 0 1 0.781831 -0.623489 0.00126657 0 0 1 0 0 1 0 0 1 0 0 1 -0.642787 0.766044 0.00126653 0 0 1 0 0 1 0 0 1 0 0 1 0 0 1 0 0 1 0 0 1 0 0 1 0 0 1 0 0 1 0 0 1 0 0 1 0 0 1 0 0 1 0.149043 -0.98883 0.00126675 0 0 1 0 0 1 0 0 1 -0.999789 -0.0199916 0.00478322 -0.0526308 -0.99861 0.00291342 -0.987294 -0.1589 0.00119371 0 0 1 0 0 1 0 0 1 0 0 1 -0.962623 -0.27084 0.00135678 0 0 1 0 0 1 0 0 1 0 0 1 0 0 1 0 0 1 0 0 1 -0.448488 -0.893788 0.00123916 -0.869569 -0.493799 0.00362275 0 0 1 -0.781829 -0.623488 0.0025315 -0.642786 -0.766044 0.00126655 0 0 1 0 0 1 0 0 1 0 0 1 0 -1 0 0 -1 0 0 -1 0 0.0007193 -0.99999 -0.0044454 -1.50922e-06 1 1.61836e-06 1.71303e-06 1 -5.98186e-08 8.80996e-06 1 1.79469e-05 3.01848e-08 1 8.6438e-07 -0.0348995 0 -0.999391 -0.0348995 0 -0.999391 0.999391 0 -0.0348984 0.999391 0 -0.0348984 -0.999391 0 0.0348995 -0.999391 0 0.0348995 0 1 0 0 1 0 0 1 0 0.0348984 0 0.999391 0.0348984 0 0.999391 0 1 0 0 1 0 0 1 0 -0.0115123 -0.017195 -0.999786 -0.0451918 0.0290031 -0.998557 -0.309306 -0.128853 -0.942192 -0.995873 0.0418145 -0.0805494 -0.999491 0.00300287 -0.0317657 -0.99748 0.0129513 0.0697533 -0.995728 -0.0163408 0.0908826 0.0161206 -0.0312868 0.99938 -0.0183524 0.00303978 0.999827 0.0849647 0.0347026 0.99578 0.999644 -0.0263135 -0.00436084 0.99484 -0.00299445 -0.101416 0.99788 0.0331973 -0.0559784 0 1 0 0 1 0 -0.681999 0 0.731353 -0.681999 0 0.731353 0 -1 0 0 -1 0 0.682005 0 -0.731348 0.682005 0 -0.731348 0.731402 -1.67995e-05 0.681947 0.731354 3.34599e-06 0.681998 0.73128 0.000189522 0.682077 0.731355 -0.000163232 0.681997 0.732077 -0.00030982 0.681222 0.731424 0 0.681923 0.731106 0.000678822 0.682264 0.731408 -5.09878e-05 0.68194 0.731351 1.16671e-05 0.682001 0.731375 6.18058e-05 0.681976 0.731355 -3.0771e-06 0.681997 0.731296 0 0.68206 0 1 0 0 1 0 -0.682001 0 0.731351 -0.682001 0 0.731351 0 -1 0 0 -1 0 0.682 0 -0.731352 0.682 0 -0.731352 0.731324 -0.000103067 0.68203 0.731437 3.13545e-05 0.681909 0.731329 1.69925e-05 0.682025 0.731369 0 0.681982 0.7313 0.000284659 0.682056 0.731353 9.29124e-06 0.681999 0.731444 -8.1949e-05 0.681901 0.731183 0.000179392 0.682181 0.730852 -0.00315433 0.682529 0.732814 0.000929064 0.680429 0.731353 -0.000485339 0.681999 0.731319 0 0.682035 0.731765 0.000179372 0.681557 0.0634031 0.992132 -0.107953 0.300644 0.913212 -0.275058 0.44069 0.739812 -0.508401 0.621477 0.473774 -0.623943 0.64664 0.124475 -0.752571 0.710242 -0.135705 -0.690754 0.32721 -0.856929 -0.398254 0.379379 -0.829708 -0.409459 -0.0651223 -0.997713 0.0180964 -0.216263 -0.92905 0.300162 -0.442168 -0.782057 0.439175 -0.60353 -0.384968 0.698249 -0.710546 -0.108254 0.695274 -0.626924 0.262025 0.733695 -0.494803 0.711346 0.499156 -0.238109 0.887272 0.395036 -0.098139 -0.968744 0.227825 -0.425538 -0.802651 0.417934 -0.654444 -0.0738141 0.752499 -0.727702 0.23533 0.644259 -0.0254307 0.974381 0.22346 0.143581 0.955284 -0.258491 0.615433 0.524323 -0.588496 0.639839 -0.0112886 -0.768427 0.672862 -0.40437 -0.619469 0.142215 -0.957012 -0.252793 0.726673 -0.00764975 0.686941 0.726606 -0.00232627 0.68705 0.725327 -0.00661005 0.688373 0.726542 -0.00438531 0.687109 0.699566 0.0311222 0.71389 0.742987 -0.0223301 0.668933 0.703957 0.0463078 0.708732 0.737005 -0.0031523 0.67588 0.739883 -0.00196321 0.672732 0.739641 -0.00171503 0.672999 0.731965 -0.00486642 0.681325 0.741446 0.00805076 0.670964 0.729965 0.0106507 0.683402 0.734248 0.0180398 0.678641 0.731356 0.000198642 0.681996 0.72993 0.00535956 0.683501 0.0716845 0.990555 -0.116882 0.500448 0.659401 -0.561019 0.564272 0.583884 -0.583675 0.686706 0.0453483 -0.725519 0.668765 -0.0314558 -0.742808 0.647124 -0.422209 -0.634799 0.102052 -0.980586 -0.167444 -0.378622 -0.833962 0.401438 -0.675997 -0.289868 0.677499 -0.656256 0.361673 0.662209 -0.368651 0.856733 0.3607 -0.158876 0.965479 0.206418 -0.577289 -0.482126 0.659008 -0.27093 -0.894901 0.354611 -0.649694 0.136284 0.74788 0.245599 -0.94093 -0.233094 -0.441508 0.733739 0.516428 0.743686 -0.0091208 0.668467 0.511261 -0.626845 -0.587944 0.728507 0.00510927 0.685019 0.731272 0.000405771 0.682086 0.731353 1.63249e-06 0.681999 0.285121 0.929007 -0.235907 0.731353 -1.38102e-06 0.681999 0.775418 0.0242213 0.630983 0.731354 -3.05716e-06 0.681998 0.731688 0.00421255 0.681627 0 -1 0 0 -1 0 0 -1 0 0 -1 0 0 -1 0 0 -1 0 0 -1 0 0 -1 0 0 -1 0 0 -1 0 0 -1 0 0 -1 0 0 -1 0 0 -1 0 0 -1 0 0 -1 0 0 1 0 0 1 0 0 1 0 0 1 0 -0.000392834 1 0.000472249 -0.000399392 1 2.08908e-05 -3.00686e-05 1 -0.000391085 1.38108e-05 1 -7.22394e-07 4.69118e-07 1 -5.92217e-07 0 1 0 -1.3175e-06 1 -4.93516e-07 2.81216e-08 1 8.05295e-07 -5.15559e-07 1 2.52441e-07 -3.71795e-07 1 3.98701e-07 1.57681e-07 1 1.37459e-07 0 1 0 -1.96677e-06 1 -1.71455e-06 -0.000449033 1 -0.000444429 -0.983515 -0.17552 -0.0434774 3.76186e-07 1 -4.10625e-07 -7.49218e-05 1 7.80125e-05 4.04131e-07 1 9.46798e-07 0.000206641 1 7.76172e-05 0 1 0 0 1 0 0 1 0 0 1 0 0 1 0 0 1 0 0.0349011 0 0.999391 0.0349011 0 0.999391 -0.999391 0 0.0348994 -0.999391 0 0.0348994 0.999391 0 -0.0348992 0.999391 0 -0.0348992 -0.0348996 0 -0.999391 -0.0348996 0 -0.999391 -0.731354 0 -0.681998 -0.731354 0 -0.681998 0.681998 0 -0.731354 0.681998 0 -0.731354 0.731354 0 0.681998 0.731354 0 0.681998 -0.681999 0 0.731354 -0.681999 0 0.731354 0.731346 3.19681e-05 0.682006 0.731362 0 0.68199 0.731346 -3.36682e-05 0.682007 0.731353 -2.89309e-06 0.681999 0.731309 -0.000252953 0.682046 0.731353 4.14887e-06 0.681999 0.731296 0.000323511 0.68206 0.731439 0 0.681907 0.05027 -0.177029 -0.982921 0.000114844 1 -9.46544e-05 1.54911e-06 1 -1.13139e-05 9.77469e-06 1 5.8717e-05 -0.00010407 1 6.314e-06 0 1 0 -5.30082e-06 1 -1.40694e-06 -4.37848e-05 1 3.2288e-05 0 1 0 -1.48888e-05 1 -1.3884e-05 0.000132816 1 -5.94654e-06 -2.31818e-06 1 -1.20689e-05 6.26494e-05 1 3.18684e-05 0.000233891 1 8.62679e-05 -0.000124 1 -9.00952e-05 1.62381e-05 1 0.000134993 -0.000302013 1 0.000437057 -7.49048e-06 1 -0.000359878 4.96744e-05 1 -2.18433e-05 -5.22503e-05 1 -1.84026e-05 0 1 0 5.08162e-06 1 2.53328e-05 -0.000105922 1 2.22229e-06 6.30647e-05 1 -5.24123e-05 0.000452762 1 -1.58152e-05 6.86864e-05 1 -0.000208731 -3.4379e-05 1 0.000219157 8.12854e-05 1 -8.71694e-05 -0.000125433 1 -0.000284569 0 1 0 2.46851e-06 1 -7.56939e-06 0 1 0 0 1 0 -0.731354 -3.85812e-06 -0.681998 -0.731354 -5.38866e-06 -0.681998 0.681982 -0.000104694 -0.731369 0.681969 1.20516e-05 -0.731381 -0.681995 2.36375e-05 0.731357 -0.682003 -4.30358e-05 0.731349 0.731354 -1.21014e-06 0.681998 -0.70372 -0.0433035 0.709157 -0.674681 -0.0141427 0.737974 0.999391 0 -0.0349007 0.999391 -9.0006e-06 -0.0349091 0.681868 8.38728e-06 -0.731476 -0.0350447 5.63006e-05 -0.999386 -0.0350755 9.97218e-05 -0.999385 -0.731321 0.000195265 -0.682034 -0.999399 0.000242006 0.0346776 -0.999392 -2.58548e-06 0.0348717 -0.68195 1.29488e-06 0.731398 0.0344613 -0.00030524 0.999406 0.0347249 0 0.999397 0 1 0 0 1 0 0 1 0 0 1 0 2.50121e-07 1 -9.47503e-08 -1.20893e-07 1 2.61043e-07 0 1 0 -5.3976e-07 1 1.32182e-06 0 1 0 0 1 0 0.885215 -0.0090544 -0.465095 0.932939 0.00648086 -0.359977 -0.681206 -0.00134882 0.73209 -0.927231 0.00137191 0.374487 -0.915535 -0.00318259 0.402225 -0.750326 -0.0410689 -0.659791 0.448726 -0.0275228 -0.893246 0.680669 -0.00213978 -0.732588 0.659813 -0.0301271 -0.750825 -0.120894 0.0342448 -0.992075 -0.30659 -0.0706938 -0.949213 -0.752356 -0.04496 -0.657221 -0.945784 -0.252995 -0.203683 0.929977 -0.33949 -0.141032 -0.189827 -0.0603227 0.979963 0.68022 -0.0811065 0.728507 0.759261 -0.0778712 0.64611 0.0234992 -0.0879947 -0.995844 -0.0234992 0.0879947 0.995844 0.767811 -0.185462 -0.613246 -0.101053 0.00356724 0.994875 0.0182279 0.0508789 0.998538 0.717266 -0.0121299 0.696693 -0.990409 0.00017781 -0.138166 -0.0489641 -0.284631 0.957386 -0.739304 -0.00915106 -0.67331 -0.187357 -0.243932 -0.951522 -0.698311 -0.0293226 0.715193 -0.984041 0.0282916 0.175678 0.19088 -0.154268 0.969415 -0.188626 0.00700693 -0.982024 -0.0874999 -0.0368851 -0.995481 0.638411 -0.0584935 -0.76747 -0.532907 0.0994795 -0.840306 -0.616739 -0.00946763 -0.78711 0.759945 -0.0800461 0.64504 0.957348 -0.183362 -0.223302 0.997428 0.0590637 -0.0406176 0.979167 -0.00633398 -0.202959 0.692673 -0.00273569 -0.721247 0.731199 -0.00136342 0.682163 0.334685 -0.0308632 0.941824 0.24691 0.0057764 0.969021 -0.675456 -0.0125799 0.737293 0.681992 0 -0.73136 0.681992 0 -0.73136 0.68197 0 -0.73138 0.68199 -1.35699e-06 -0.731362 -0.682003 -1.56594e-06 0.73135 -0.682 0 0.731352 -0.682026 0 0.731328 -0.682 0 0.731352 0.731354 0 0.681998 0.731354 0 0.681998 0 -1 0 0 -1 0 0.332336 -0.705391 -0.62608 0.192709 0.799791 -0.568504 0.0934453 0.937493 0.335224 -0.626914 0.672686 0.393031 -0.327149 -0.627446 0.706601 -0.353207 -0.668617 0.654367 0.732873 -0.00754092 0.680323 0.872778 -0.276146 -0.402495 0.274529 -0.265858 -0.924096 0.191248 4.71399e-05 -0.981542 0.914931 0.33072 -0.231356 0.783668 -0.608205 0.126295 0.165821 -0.274529 0.947173 -0.36402 -0.413732 0.834455 -0.797008 0.602677 -0.0394891 -0.34967 -0.73981 -0.574815 -0.738645 0.374312 0.560619 -0.00225467 0.757296 -0.653068 -0.981072 0.191851 -0.026269 -0.77157 0.160371 -0.615598 0.00868236 0.83886 0.544278 0.792808 0.0225957 -0.609052 0.781968 0.103416 -0.614679 0.996151 -0.0672984 -0.056155 0.993563 0.112751 0.0109417 0.770964 0.204187 0.60326 -0.77408 0.0768202 -0.62841 -0.776544 0.209347 0.594267 -0.768628 0.330093 -0.547951 -0.723444 0.321355 -0.611032 -0.659752 0.359199 -0.660078 0.761486 0.275369 -0.58678 -0.663925 -0.441118 0.603837 -0.000542777 1 0 0.000126547 1 -0.000649479 0.0943651 4.769e-05 0.995538 -9.28454e-06 1 3.01135e-12 1.25735e-05 1 1.00317e-05 1.27245e-05 1 3.40709e-07 -5.47627e-07 1 -1.03454e-05 0 1 0 0 1 0 0.684701 -0.0555582 -0.726703 0.720212 -0.000460615 -0.693754 0.546567 0.15993 -0.822002 -1.42883e-07 0.986394 -0.164398 -3.38008e-07 0.986394 -0.164396 -0.57055 0.0688751 -0.81837 -0.593236 0.00952547 -0.804973 0.000962867 0.988589 -0.150637 1.60342e-06 0.986345 -0.164694 -0.707111 -0.000831005 -0.707102 -0.268409 0.00888887 0.963264 0 1 0 0 1 0 -0.177676 0.0260133 -0.983745 0.00285523 0.999994 -0.00219345 -0.0013073 0.999999 1.67444e-07 0.00448509 0.99999 4.93923e-05 0.00210138 0.999996 0.00167313 -0.0012947 0.999999 2.93064e-05 0.882639 0.260847 -0.391034 -0.00825417 0.99994 0.00715925 -0.000108037 0.999999 0.00136924 -1.87263e-06 1 -1.69207e-06 0.7306 0.424585 0.534744 -1.77812e-06 1 -5.46889e-07 0.000237878 1 0.000409897 -0.962406 0.168737 0.212844 -0.374533 0.883888 0.28012 -2.31237e-12 1 4.34506e-06 -0.688028 6.92936e-06 0.725684 -0.726851 -0.000465878 0.686796 0.664456 0.000177389 0.747328 0.514276 0.243416 0.822356 0.800862 0.232214 0.551994 1.01728e-09 0.986394 0.164398 -0.540083 0.239108 0.806931 -8.08751e-08 0.986394 0.164399 -8.74906e-08 0.986394 0.164399 -2.6213e-09 0.986394 0.1644 0.751294 -0.000888136 0.659967 -0.00114985 0.999967 0.00803929 0.00705551 0.999975 -0.00109182 -0.00492866 0.999987 0.000988248 -0.000995598 0.999986 0.00517951 0.001337 0.999998 0.00133698 0.00155959 0.999998 0.00108299 0.000513562 0.999997 -0.00232595 0.00319317 0.999995 -0.000342392 0.983747 0.152536 0.0947298 0.779446 -0.183342 0.599041 0.0922917 0.165494 0.981883 -0.179206 0.31416 0.932303 -0.756089 0.0663379 0.651098 -0.93271 0.308344 0.187018 7.66794e-07 -1.65063e-05 1 0 -5.96047e-06 1 9.93283e-07 1.86252e-05 1 0 3.72528e-06 1 -0.812885 -0.133381 -0.566946 -0.135932 0.248386 -0.959076 -0.999997 0.00233939 0 -1 -3.14725e-05 -1.27619e-05 -1 7.45057e-06 0 -0.99999 0.00456815 -0.000388313 -1 -6.77325e-07 0 -1 -2.59603e-05 -4.52042e-06 -1 0.000141233 -5.93073e-05 -1 -2.76627e-07 1.16163e-07 -1 0.000735573 0.000128084 -0.997199 -0.0183379 0.0725127 -0.986006 0.140827 -0.089224 0.200596 0.366563 -0.908511 0.819976 -0.0239748 -0.571895 0.980504 0.166007 -0.105136 -4.75927e-07 -1.99919e-05 -1 0 -1.34111e-05 -1 -8.69126e-07 1.86253e-05 -1 0 5.5879e-06 -1 0.654954 -0.184823 0.732718 1 -2.50978e-05 1.04681e-05 1 5.15293e-06 5.49757e-07 1 -1.66445e-11 -3.47507e-07 1 6.65222e-07 2.31673e-07 1 -1.83693e-05 3.54611e-06 1 -3.38663e-07 0 1 -2.38695e-07 2.91273e-08 1 0.000105145 4.403e-05 1 -2.91987e-05 -3.9348e-05 1 0 0 1 0 0 1 0 0 1 0 0 1 0 0 1 0 0 1 0 0 1 0 0 1 3.21816e-07 -4.70762e-07 1 0 -2.98156e-05 0.000480318 -0.541471 -0.840719 1 0 0 1 -4.81851e-07 -4.39488e-05 -0.190905 -0.981609 -6.30236e-06 -0.190829 -0.981623 0.00017344 -0.00820534 -0.999966 -0.000630861 -0.00700467 -0.999974 -0.00167949 -0.011107 0.99988 -0.0108035 -0.000377142 1 0 0.00108429 0.999985 -0.00541526 -0.00414637 0.999991 -0.000257486 -0.190834 0.981622 2.52883e-07 -0.190832 0.981623 -1.77603e-06 -1 -0.000426293 0.000279192 -0.99994 0.00907899 -0.00606577 -1 0.000283837 -0.000977897 -0.999533 -0.0299916 0.00578736 -1 -1.7668e-05 5.5138e-05 -1 0.000778827 8.09287e-05 -1 0.000617802 2.80151e-05 -0.999997 -0.000648878 -0.00219631 -1 0 0 -0.999974 0.00125389 -0.0071293 0.999997 4.50236e-05 -0.00254134 -0.999997 0.00219364 0.00129239 -0.999999 1.88736e-05 0.00151028 -0.999985 0.00171116 0.00527894 -0.999996 -0.00265666 -0.000511794 -1 1.36717e-07 -1.10738e-05 -1 0 0 -0.999996 -0.00266586 0.000326532 -0.999994 0.000765349 -0.00342222 -1 3.02471e-06 1.9185e-05 -1 -1.88964e-06 6.27015e-06 -0.999993 -0.00147011 -0.00348977 -0.999998 0.00113903 -0.00140208 -0.999998 0.00187493 0.00114603 -0.999998 -5.41374e-05 0.00216596 -0.999999 0.00145489 0.000891012 -1 -0.000155116 0.000475618 -0.99998 -0.00636343 -0.000716061 -0.999943 0.010653 -0.00111893 -0.99995 -0.00407921 0.00908321 -0.999999 0.000592638 -0.0010373 -0.999999 0.00106221 5.09029e-05 -1 2.07764e-05 7.03236e-05 -1 6.43833e-06 0.000203171 -0.999999 -0.000251691 0.00171695 -1 -9.50589e-06 -9.87767e-07 2.13501e-07 1.06024e-06 1 0 0 1 -1.05211e-06 2.99376e-07 1 1.46682e-07 5.34803e-08 -1 -1.53374e-07 1.21434e-07 -1 0.000142656 4.17091e-05 -1 0.997013 0.0771372 -0.00392252 0.00432724 0.995287 0.0968746 0.00428822 0.928337 0.371715 -0.00506608 0.798321 0.60221 0.0112428 0.558963 0.829116 -0.00249702 0.0192545 0.999812 -0.626173 0.00160509 0.779682 -0.136232 0.65042 0.747258 0.848524 0.0124 -0.529011 -0.565027 0.0153011 0.82493 -0.150131 0.760539 0.631697 -0.880335 -0.00251301 0.474345 0.999158 0.00109976 0.0410088 -0.219217 -0.973156 0.0700774 -0.195161 -0.918388 0.344204 -0.150218 -0.7462 0.648553 -0.0716341 -0.384465 0.920356 -0.0228096 0.00368228 0.999733 -0.554532 0.0286984 0.831667 -0.890484 0.0274743 0.454184 -0.0115673 -0.0574432 0.998282 0.00860311 -0.98217 0.187796 0.000782907 -0.937597 0.347723 -0.00187262 -0.763129 0.646243 0.00473101 -0.564338 0.82553 -0.00290116 -0.413345 0.91057 0.000543218 0.0773955 0.997 -0.000543218 -0.0773955 -0.997 0.0139515 -0.972533 -0.232347 -0.0241161 -0.291049 -0.956404 -0.0532046 -0.0193985 -0.998395 0.92609 -0.0200027 0.376773 -0.113181 -0.559446 -0.821103 -0.560502 -0.00871445 -0.828107 -0.566425 -0.823554 0.0303671 -0.996871 -0.0790457 -0.00101915 -0.162 0.800727 -0.576709 -0.130842 0.685958 -0.715781 -0.915465 0.400918 -0.034474 -0.818476 0.574458 -0.0097054 -0.560506 0.00794698 -0.828113 -0.945216 0.0381933 -0.324203 -0.965999 0.0170314 0.257983 -0.851202 0.0219741 -0.524378 -0.172097 0.00806184 -0.985047 -0.0261167 0.0348193 -0.999052 -0.0102322 0.694659 -0.719267 0.00743123 0.480881 -0.876754 -0.997525 -0.0276207 0.0646589 -0.999612 0.0109436 -0.0256226 -0.0403141 -0.954126 -0.296678 -0.00916213 -0.866052 -0.49987 -0.826541 -0.222545 -0.517014 -0.0881885 -0.612801 -0.785301 -0.0301958 -0.462255 -0.886233 -0.0270712 -0.0884526 -0.995712 -0.814207 -0.00315992 -0.580566 -0.0699275 0.117348 -0.990626 -0.0178911 0.368125 -0.929604 -0.993697 0.109973 -0.0217518 -0.971182 0.135755 -0.195897 -0.0525071 0.561232 -0.825991 -0.999038 0.0207091 -0.0386464 -0.00547484 0.822371 -0.568926 -0.730443 0.646492 -0.220231 -0.0566653 0.943169 -0.327445 -0.0236396 0.979244 -0.201302 -0.812069 0.567875 0.1344 -0.010792 0.960971 0.276438 -0.0338754 0.981659 0.187611 -0.919239 0.342659 0.193866 -0.999709 0.00647085 0.0232402 -0.0114046 0.861533 0.507574 -0.0283002 0.782481 0.622032 -0.806846 0.44554 0.387935 -0.0166533 0.740219 0.67216 -0.651618 0.253327 0.714996 0.00111053 -0.487685 -0.873019 0.00500195 0.475569 0.879664 -0.0444371 0.309081 0.949997 -0.92045 -0.0145674 0.390588 -0.999558 0.000585914 0.0297326 -0.0254844 0.155686 0.987478 -0.0291856 -0.165397 0.985795 -0.743355 -0.178801 0.644557 -0.0586589 -0.271235 0.960724 -0.00915799 -0.551951 0.833826 -0.793991 -0.460723 0.396627 -0.0335537 -0.779689 0.625267 -0.0424893 -0.795988 0.603819 -0.954306 -0.274062 0.119124 -0.0370213 -0.983482 0.177178 -0.736864 -0.672339 0.0706501 -0.00240977 -0.99764 0.0686266 -0.0178391 -0.971548 -0.23617 -0.932894 -0.2525 -0.256814 -0.056221 -0.935042 -0.350051 -0.00538242 -0.7265 -0.687145 -0.828794 -0.293823 -0.476203 -0.0372141 -0.6067 -0.794059 0.00608839 -0.255858 -0.966695 -0.785061 -0.0275237 -0.618807 -0.0571273 0.0165824 -0.998229 -0.999796 0.00188391 -0.0201028 -0.954079 0.0789715 -0.288957 -0.0249718 0.165504 -0.985893 -0.764108 0.381427 -0.520242 -0.0471544 0.538327 -0.841416 -0.00908347 0.638382 -0.769666 -0.709338 0.656102 -0.257624 -0.0517894 0.945367 -0.321869 -0.938318 0.34554 -0.0126956 -0.0272502 0.968771 -0.246455 -0.0326518 0.990544 0.133256 -0.0811973 0.938836 0.334655 -0.0305488 0.872372 0.487887 -0.912897 -0.0204455 0.407678 0.00243265 0.660019 0.751245 -0.046685 0.200234 0.978635 -0.0657203 0.267524 0.961307 -0.04878 -0.0579428 0.997127 -0.0642111 -0.238772 0.968951 -0.491629 -0.285444 0.822693 -0.0789706 -0.308183 0.948044 -0.0292397 -0.483679 0.874757 0.0269337 0.478563 -0.87764 -0.885308 -0.333077 0.324484 -0.0161702 -0.758366 0.651628 -0.0616383 -0.898678 0.434256 -0.0229205 -0.950874 0.308728 -0.0122792 -0.987346 -0.158107 0.00242267 -0.99783 0.0658008 -0.104106 -0.99454 -0.00719405 -1 0 0 -0.0212052 0.987198 -0.158082 -1 0 0 -1 0 0 -0.00301048 0.987416 0.158115 -0.00470819 -0.0024554 0.999986 9.63542e-05 -4.82718e-06 1 0.000270404 -1.35468e-05 1 -0.00296491 0.00212219 0.999993 -0.0979785 0.124755 -0.987338 -1 4.84098e-05 0.000122606 -1 0 0 -1 1.49902e-06 1.45905e-07 -1 2.88765e-06 -1.6722e-05 -1 1.39841e-06 3.57114e-07 0.321703 -0.103823 -0.941131 -1 1.45883e-06 6.82554e-05 -1 2.29977e-05 -1.01618e-05 -1 0 0 -1 -3.44951e-06 -1.52578e-06 -1 1.41786e-06 1.78046e-05 0.00825367 -0.999897 0.0117552 0.00322788 -0.999984 -0.00459728 0.0375738 0.0349504 -0.998682 -0.000115786 6.63268e-06 -1 -0.000181022 1.03697e-05 -1 -0.000105697 -2.91711e-06 -1 0 0.998267 -0.0588415 0.132996 0.990981 -0.0163711 0.0489283 0.0448995 -0.997793 -0.00014314 1 1.96398e-05 0.20421 0.346911 0.915397 0 -1 0 3.93137e-05 1 0 0 1 2.76168e-05 0.134828 -0.990746 -0.0156245 0.000210712 -1 2.9733e-05 -1 0 0 -1 -4.40101e-06 8.93722e-06 -1 2.5098e-05 7.99571e-09 -1 0 -4.87806e-05 -1 0 0 -1 0 0 -1 0 0 -1 -7.03864e-06 0 -1 5.97259e-06 2.43332e-06 -1 0 0 -1 0 -1.56458e-05 0 0 -1 0 0 -1 0 0 -1 0 -1 0 0 -1 0 0 0 1 0 0 1 0 1 0 0 1 0 0 0 -1 0 0 -1 0 0 -1 0 -1 0 0 -1 0 0 -1 0 0 1 0.00031858 -0.000955651 1 0 0 1 -4.66166e-05 0 0 -1 0 0 -1 -0.392152 -0.570259 0.721818 -0.397171 -0.568489 0.720469 -0.445713 -0.576586 0.684755 -0.488616 -0.567379 0.662823 -0.510047 -0.575684 0.639093 -0.569506 -0.566502 0.595599 -0.590833 -0.575921 0.565006 -0.62539 -0.56719 0.535894 -0.663531 -0.574143 0.479673 -0.669213 -0.571601 0.474791 -0.707335 -0.568757 0.419752 -0.718642 -0.573361 0.39346 -0.726261 -0.571223 0.382424 -0.750256 -0.570293 0.334488 -0.7441 -0.572968 0.343545 -0.772508 -0.570535 0.278785 -0.7733 -0.57315 0.27112 -0.802138 -0.56844 0.182895 -0.801903 -0.573828 0.166354 -0.813724 -0.571079 0.10827 -0.813733 -0.572176 0.102238 -0.818822 -0.570383 0.0647552 -0.818838 -0.571696 0.0516577 -0.820924 -0.57036 0.0277894 -0.819633 -0.572889 0.000243554 -0.822633 -0.568162 -0.0216201 -0.817666 -0.568221 -0.0924511 -0.81354 -0.572599 -0.101406 -0.792032 -0.571682 -0.214161 -0.79258 -0.567642 -0.22271 -0.751764 -0.571568 -0.328879 -0.760336 -0.566094 -0.318475 -0.72512 -0.573979 -0.380458 -0.719253 -0.567224 -0.401164 -0.658772 -0.571299 -0.489528 -0.653659 -0.574147 -0.493036 -0.589562 -0.566778 -0.575482 -0.590957 -0.567971 -0.572869 -0.513201 -0.57136 -0.640447 -0.472199 -0.570946 -0.671602 -0.514845 -0.570726 -0.639692 -0.432192 -0.567661 -0.700693 -0.457137 -0.573443 -0.679845 -0.382822 -0.56989 -0.727099 -0.383023 -0.569821 -0.727047 -0.327164 -0.57106 -0.752897 -0.327164 -0.57106 -0.752897 0.729931 -0.57464 -0.370122 0.701015 -0.565695 -0.434243 0.618355 -0.569362 -0.541723 0.594498 -0.576179 -0.560883 0.49042 -0.566941 -0.661866 0.382511 -0.567392 -0.729213 0.41691 -0.573587 -0.705113 0.216526 -0.574495 -0.789349 0.157334 -0.559696 -0.813626 -0.257252 -0.575742 -0.776107 -0.031534 -0.584607 -0.810703 -0.152206 -0.559939 -0.814434 0.758342 -0.57107 -0.314318 0.75835 -0.571054 -0.314328 0.779185 -0.571235 -0.257995 0.778678 -0.57155 -0.258827 0.799165 -0.568957 -0.193966 0.803987 -0.565874 -0.182732 0.810948 -0.575849 -0.103732 0.818001 -0.568835 -0.0854474 0.821655 -0.569973 0.00380688 0.819327 -0.573205 0.0117991 0.813743 -0.573855 0.0922681 0.814821 -0.570551 0.102658 0.798797 -0.574053 0.179963 0.799158 -0.571971 0.184922 0.745167 -0.580127 0.328905 0.77701 -0.566161 0.275168 0.755484 -0.572669 0.318267 0.70961 -0.568882 0.415725 0.69942 -0.573782 0.426129 0.661799 -0.570719 0.486109 0.65101 -0.574336 0.496311 0.625457 -0.565987 0.537086 0.568037 -0.574242 0.589559 0.576451 -0.570478 0.585028 0.512639 -0.573562 0.638927 0.519144 -0.571144 0.635834 0.451986 -0.572972 0.683675 0.452404 -0.572829 0.683519 0.384118 -0.567703 0.728125 0.378529 -0.569472 0.729669 2.18435e-06 -0.571073 0.820899 0 -0.571067 0.820904 0.0425731 -0.841707 0.538253 0.146887 -0.838871 0.524137 -0.12522 -0.83921 0.529194 -0.0743217 -0.847675 0.525284 -0.0715721 -0.864434 0.497626 -0.077329 -0.866136 0.493789 -0.233568 -0.846721 0.478027 0 -0.80159 0.597874 -0.00842048 -0.827995 0.560672 0.00664068 -0.81573 0.578394 0.0299375 -0.811931 0.582985 0.0216527 -0.814494 0.579768 -0.0571763 -0.789726 0.61079 -0.0337559 -0.788475 0.61414 0.0167507 -0.80446 0.593771 -0.035648 -0.805364 0.591708 -0.189582 -0.869933 -0.455275 -0.222139 -0.876032 -0.428044 -0.204335 -0.870934 -0.446901 -0.234254 -0.871325 0.431182 0.190337 -0.952238 -0.238778 0.291837 -0.933084 -0.210203 0.179546 -0.951647 -0.249261 0.328154 -0.920718 -0.211171 0.247345 -0.941519 -0.228829 0.323696 -0.931454 -0.166175 0.0490735 -0.955298 -0.291543 -0.0239908 -0.950238 -0.310601 0.0365966 -0.940871 -0.336783 0.0600377 -0.94879 -0.31015 0.0980908 -0.954098 -0.282975 -0.267379 -0.871648 0.410778 -0.264992 -0.871889 0.411811 0.379338 -0.899675 -0.216072 0.376177 -0.891859 -0.251152 0.42789 -0.881692 -0.198822 0.447468 -0.873314 -0.192602 -0.306606 -0.870767 0.384393 0.459941 -0.87473 -0.152652 -0.333799 -0.873191 0.355127 -0.355406 -0.870823 0.339638 0.486301 -0.862331 -0.141053 0.458701 -0.877887 -0.137506 0.501399 -0.855334 -0.130392 -0.268542 -0.875878 -0.400902 -0.316866 -0.869672 -0.378505 -0.166302 -0.897894 -0.407591 -0.121083 -0.902184 -0.414008 -0.128091 -0.918287 -0.374621 -0.154703 -0.884009 -0.441129 -0.153102 -0.885636 -0.438416 -0.0888969 -0.897226 -0.432531 -0.121958 -0.927632 -0.353024 -0.0171369 -0.944967 -0.326718 -0.0750255 -0.933561 -0.350478 -0.0737154 -0.934527 -0.348175 0.0858957 -0.954298 -0.286247 0.155058 -0.952345 -0.262671 0.220132 -0.942225 -0.252495 0.162342 -0.951861 -0.26001 0.103652 -0.953688 -0.282374 0.411342 -0.88544 -0.21632 0.450922 -0.871893 -0.190978 0.446896 -0.873904 -0.191247 0.447777 -0.874677 -0.185568 0.385411 -0.904224 -0.183948 0.446535 -0.888596 -0.104894 0.481642 -0.874162 -0.0621367 0.48998 -0.868899 -0.0702433 -0.331149 -0.87309 -0.357846 -0.352681 -0.867113 -0.351755 -0.296866 -0.876547 -0.378862 -0.346594 -0.85889 -0.377068 -0.278559 -0.872822 -0.400733 -0.310812 -0.860836 -0.402936 -0.229248 -0.871342 -0.433831 -0.278567 -0.872787 -0.400803 0.481145 -0.876629 0.00461113 0.463727 -0.885362 0.0330268 0.475331 -0.878088 0.0549725 0.478653 -0.877888 -0.0142837 0.486108 -0.872412 0.0509532 0.514264 -0.857325 -0.0229263 0.511651 -0.85896 -0.0200208 0.51968 -0.853048 0.0473557 0.486128 -0.872397 0.0510233 0.483836 -0.863038 0.145149 -0.397526 -0.870643 -0.289747 -0.378229 -0.857658 -0.348375 -0.339652 -0.889068 -0.30691 -0.385491 -0.869506 -0.308798 0.505992 -0.861896 0.0332878 0.47752 -0.870045 0.122456 0.470349 -0.874648 0.117316 0.47611 -0.871555 0.117096 -0.422835 -0.875208 -0.234995 -0.422679 -0.874666 -0.23728 -0.429314 -0.857373 -0.283904 -0.392014 -0.88101 -0.264852 0.441344 -0.874285 0.202092 0.426185 -0.887824 0.173592 0.490771 -0.856578 0.159431 0.451059 -0.882234 0.134939 0.418563 -0.874783 0.244049 -0.481101 -0.866822 -0.131005 -0.463341 -0.872948 -0.152569 0.461253 0.871799 0.164962 -0.462941 -0.871471 -0.161937 -0.41516 -0.888597 -0.195032 -0.465916 -0.857276 -0.219089 -0.468766 -0.868431 -0.161515 0.467328 -0.858585 0.210799 0.421927 -0.870886 0.252063 -0.467188 -0.884158 0.000663996 -0.494991 -0.866292 -0.0672511 -0.477695 -0.874789 -0.0809446 -0.471497 -0.88018 -0.0545231 -0.498585 -0.854914 -0.143301 -0.457111 -0.880075 -0.128522 0.380361 -0.877974 0.290666 0.383453 -0.872962 0.301498 0.33981 -0.875336 0.343973 0.371381 -0.871238 0.320969 0.425324 -0.857049 0.290803 0.385777 -0.88024 0.276324 0.347288 -0.868934 0.352625 0.333207 -0.87042 0.362412 0.381908 -0.859477 0.339774 -0.397487 0.869453 -0.293353 -0.490785 -0.870731 0.030962 -0.488543 -0.872419 -0.014522 -0.449105 -0.89187 -0.0536055 -0.509812 -0.858109 -0.0611588 -0.530501 -0.847618 0.0105962 -0.475375 -0.879705 0.0117362 -0.499997 -0.865989 -0.00815277 0.334077 -0.894111 0.298257 -0.33687 0.874793 -0.348218 0.339008 -0.875654 0.343952 0.309511 -0.872067 0.379081 0.267633 -0.874597 0.404294 0.208679 -0.891356 0.402414 0.318482 -0.875667 0.363012 0.261757 -0.877015 0.4029 0.324596 -0.863799 0.385343 -0.488614 -0.86586 0.10744 -0.475548 -0.877658 0.0597484 -0.482413 -0.873358 0.0672599 -0.49053 -0.870067 0.0486244 -0.489181 -0.870718 0.0505186 -0.471244 -0.881822 0.0178795 -0.535196 -0.844613 0.0139176 0.48889 0.869935 -0.0648083 0.259118 -0.872436 0.414382 0.315671 -0.850406 0.420905 0.284583 -0.881421 0.376973 0.213111 -0.873777 0.437148 0.201751 -0.867411 0.454856 0.267108 -0.86901 0.416502 -0.35096 -0.901256 0.254096 -0.418622 -0.878856 0.22884 -0.447921 -0.871486 0.199697 -0.424457 -0.852589 0.304843 -0.423582 -0.869772 0.25313 -0.439513 -0.893827 0.0888857 -0.493578 -0.863916 0.10015 -0.449727 -0.876795 0.170227 -0.46962 -0.868522 0.15851 -0.45905 -0.871251 0.173766 -0.468519 -0.874566 0.124998 -0.438969 -0.873108 0.212106 -0.471921 -0.870076 0.142329 -0.128671 -0.881801 -0.453729 -0.0365604 -0.91533 -0.401041 0.0513109 -0.920896 -0.386416 -0.0742504 -0.917083 -0.391722 -0.0440725 -0.93484 -0.352323 0.325052 -0.923734 -0.202625 0.232438 -0.93324 -0.273928 0.331131 -0.922671 -0.197563 0.351301 -0.91251 -0.209557 0.275506 -0.924034 -0.265063 -0.200374 -0.875147 -0.440418 -0.190624 -0.878177 -0.438711 -0.994678 0.0271835 0.0993775 -0.949567 -0.309712 0.0489907 -0.869256 -0.408537 0.278374 -0.952401 -0.160714 0.259044 -0.899941 -0.155463 0.407355 -0.870202 0.200897 0.449876 -0.80771 -0.0136869 0.589422 -0.604214 -0.596006 0.528869 -0.642655 -0.590997 0.487562 -0.677921 0.136943 0.722267 -0.589685 -0.188527 0.785321 -0.545588 0.16798 0.821046 -0.521045 0.146587 0.840847 -0.370526 -0.369647 0.852099 -0.384116 -0.486443 0.784747 -0.0368578 -0.777467 0.627842 -0.179567 -0.0736633 0.980984 2.9675e-05 -0.0750145 0.997182 0.0551257 0.259241 0.964238 0.176543 -0.269888 0.946569 0.238099 -0.0476075 0.970073 0.402198 -0.368085 0.838302 0.369375 0.105215 0.923305 0.51637 -0.110234 0.849241 0.537504 0.163119 0.827334 0.663857 0.1948 0.722043 0.71081 -0.058076 0.700983 0.790716 -0.244453 0.561259 0.755978 0.0826398 0.64936 0.899586 -0.184493 0.395864 0.834654 0.268306 0.481004 0.952926 0.0789379 0.292748 0.959569 -0.00308525 0.281458 0.983944 0.139339 0.111525 0.988373 -0.133425 0.0729161 0.999436 0.00015107 -0.0335686 0.911675 -0.3972 -0.105262 0.942243 -0.170866 -0.288068 0.938774 -0.185932 -0.290058 0.894027 0.172806 -0.413344 0.883417 -0.0734343 -0.462798 0.763649 -0.22567 -0.604907 0.817724 0.185646 -0.544851 0.696759 0.248939 -0.672724 0.633153 0.205788 -0.74617 0.585859 -0.141101 -0.798035 0.534325 0.170346 -0.827937 0.436225 -0.202548 -0.876745 0.304733 0.218605 -0.927011 0.244684 -0.198501 -0.949067 0.134541 0.231754 -0.963426 0.0713147 -0.0985382 -0.992575 -0.0669695 -0.145622 -0.987071 -0.0811952 -0.0430203 -0.995769 -0.236731 -0.0708128 -0.968991 -0.278467 0.21496 -0.936081 -0.41583 -0.0435053 -0.908401 -0.436443 0.356239 -0.826203 -0.585939 -0.343359 -0.734016 -0.783038 -0.124186 -0.60945 -0.663687 0.0544691 -0.746024 -0.717952 -0.338025 -0.608509 -0.831191 -0.272382 -0.484694 -0.88461 -0.0392893 -0.464673 -0.906309 -0.223131 -0.358911 -0.917515 -0.355437 -0.178409 -0.929155 -0.128157 -0.346767 -0.970906 0.224053 -0.0845087 -0.99501 -0.0975221 -0.0210699 0.504652 -0.81068 0.296856 0.48872 -0.802733 0.34172 0.563952 -0.8129 0.145435 0.541264 -0.804926 0.243162 0.564559 -0.808279 0.167209 0.568555 -0.813456 -0.122614 0.591346 -0.805329 0.0419107 0.587321 -0.806709 -0.0653856 0.587515 -0.808965 0.0200656 0.56643 -0.804492 -0.178746 0.522495 -0.808551 -0.270639 0.520754 -0.809109 -0.272319 0.437297 -0.811167 -0.388304 0.461506 -0.804603 -0.373666 0.320538 -0.812754 -0.486505 0.26411 -0.808298 -0.526213 0.208038 -0.812075 -0.545211 0.352404 -0.80704 -0.473813 0.0462676 -0.811549 -0.58245 0.0565704 -0.809052 -0.585008 0.148522 -0.799349 -0.582222 -0.0920225 -0.81285 -0.575157 -0.135817 -0.807526 -0.573983 -0.0414795 -0.806189 -0.590202 -0.245743 -0.807181 -0.536721 -0.262455 -0.811845 -0.52156 -0.372625 -0.805502 -0.460779 -0.390634 -0.811319 -0.434932 -0.493837 -0.812397 -0.310057 -0.46234 -0.807215 -0.366941 -0.501622 -0.810524 -0.302369 -0.562259 -0.811242 -0.160475 -0.553864 -0.806282 -0.207714 -0.581623 -0.812055 -0.0477598 -0.58034 -0.806263 -0.114659 -0.592656 -0.805329 -0.0142607 -0.579682 -0.810377 0.0851958 -0.570614 -0.806323 0.155703 -0.589639 -0.805291 0.0619014 -0.514897 -0.812837 0.272356 -0.570171 -0.80718 0.152859 -0.539659 -0.804253 0.248889 -0.304526 -0.815238 0.492596 -0.478748 -0.807259 0.345157 -0.436198 -0.809841 0.392287 -0.418265 -0.814045 0.40297 -0.346457 -0.807683 0.477091 -0.13018 -0.811413 0.569791 -0.237815 -0.805626 0.542596 0.0502846 -0.815233 0.576945 -0.00774326 -0.805904 0.591996 -0.107933 -0.805103 0.583233 0.109552 -0.808459 0.578267 0.17988 -0.813925 0.552422 0.221882 -0.807147 0.547067 0.335773 -0.810436 0.480053 0.403256 -0.809173 0.427345 0.413427 -0.806957 0.42178 0.314488 -0.80388 0.504851 -0.00419281 -0.999851 0.0167537 -0.391181 -0.918895 0.0510792 -0.491879 -0.870645 -0.00563153 -0.151189 -0.982045 0.112821 -0.541758 -0.840525 0.00395686 -0.353807 -0.916753 0.18543 -0.30273 -0.929014 0.212808 -0.510969 -0.826005 0.237965 -0.00618899 -0.999908 0.0120614 -0.0315253 -0.991278 0.127958 -0.295058 -0.911389 0.286897 -0.211348 -0.896721 0.388873 -0.0252201 -0.988577 0.148595 -0.22755 -0.913785 0.336478 0.032186 -0.973634 0.225834 -0.0621311 -0.897466 0.436687 0.0555613 -0.971021 0.232444 -0.00900142 -0.87694 0.480515 -0.0523876 -0.885948 0.460817 0.143524 -0.974998 0.169647 0.144427 -0.911416 0.385308 0.269935 -0.940607 0.205895 0.158077 -0.91637 0.367801 0.177211 -0.899527 0.399308 0.0889129 -0.994466 0.0559577 0.268016 -0.941037 0.206436 0.290629 -0.952663 0.0892638 0.365821 -0.897918 0.244783 0.414497 -0.877987 0.23944 0.181753 -0.983082 0.0227133 0.109102 -0.988164 -0.107837 0.194047 -0.977908 -0.0777298 0.39586 -0.917807 0.0304079 0.505988 -0.855182 0.112429 0.387498 -0.920895 -0.0424088 0.49903 -0.86138 0.0948386 0.303512 -0.94651 -0.109542 0.111113 -0.976669 -0.183769 0.520454 -0.843118 -0.135201 0.465153 -0.847694 -0.255044 0.352427 -0.902585 -0.247257 0.417571 -0.866837 -0.272449 0.00663816 -0.999621 -0.0267275 0.0594201 -0.972448 -0.225419 0.239022 -0.923795 -0.299117 0.227347 -0.907871 -0.352256 0.0372275 -0.929602 -0.366681 0.10321 -0.899187 -0.425218 -0.0383572 -0.992054 -0.119827 0.118356 -0.854635 -0.505561 -0.0912629 -0.912642 -0.398441 -0.11614 -0.979779 -0.162924 -0.15415 -0.918842 -0.363272 -0.180579 -0.93363 -0.309397 -0.224835 -0.972097 -0.0669098 -0.180489 -0.981816 -0.0588281 -0.27173 -0.915954 -0.295282 -0.348744 -0.914692 -0.204244 -0.116244 -0.993054 0.018215 -0.391255 -0.897621 -0.202968 -0.463212 -0.874716 -0.142501 -0.0824706 -0.240328 -0.967182 -1 0.000765922 0.000554665 -0.999999 0.00106124 0.000768528 -0.0332909 -0.134423 -0.990365 -0.0110377 0.70077 -0.713302 -0.113301 0.982557 -0.147458 0.0457766 0.957257 0.285592 -0.0704016 0.0520986 0.996157 0.033549 -0.229527 0.972724 -0.0238648 -0.940947 0.337711 0.0516738 -0.990822 0.124903 -0.999966 0.00334237 0.00757323 0.0526346 0.189073 -0.980551 -0.130246 0.624014 -0.770482 0.00717306 0.988082 -0.153759 -0.0319597 0.860773 0.507984 -0.158851 0.451855 0.877835 -0.0292548 0.145133 0.98898 0.0199924 -0.998434 0.0522427 -0.110842 -0.976801 -0.183232 -0.999945 0.00725611 -0.00760971 -0.998745 0.00862181 -0.049328 -0.0375458 0.689606 -0.723211 0.012188 0.772677 -0.634682 -0.038645 0.920842 0.388016 -0.0808121 0.845287 0.528166 0.094095 0.00626551 0.995544 -0.180501 -0.668177 0.721775 0.175946 -0.850755 -0.495237 -0.0307052 -0.555084 -0.831227 -0.999716 0.0209034 0.0114852 -0.0447232 -0.0712199 -0.996458 0.0161124 0.905786 -0.423428 -0.143368 0.935563 0.322749 0.0909772 0.565151 0.819956 -0.109775 -0.764008 0.6358 0.127881 -0.970704 0.203419 -0.0832247 0.00525055 -0.996517 -0.0496131 0.985919 -0.159694 -0.231392 0.96919 -0.0844325 -0.182468 0.982098 0.0467947 -0.342078 0.939372 0.02371 -0.400733 0.899844 -0.172318 -0.565476 0.819535 0.0927291 -0.622373 0.777075 -0.0938469 -0.68135 0.728105 0.0750059 -0.799474 0.582857 -0.145324 -0.837478 0.542991 0.0615792 -0.920818 0.383035 -0.0733412 -0.912406 0.409205 0.00813839 -0.95278 0.279759 0.118091 -0.98803 0.111919 -0.106168 -0.991085 0.0517091 0.122786 -0.988555 -0.148078 -0.0288522 -0.988558 -0.147573 -0.0312424 -0.926295 -0.371849 0.0608763 -0.915989 -0.399059 -0.0414289 -0.85667 -0.515464 0.020327 -0.841201 -0.538077 -0.0534185 -0.715062 -0.694317 0.0813086 -0.687933 -0.720867 -0.0842496 -0.500533 -0.856997 0.122567 -0.435332 -0.885834 -0.160573 -0.280383 -0.945256 0.16696 -0.171292 -0.983006 -0.066012 -0.096552 -0.990071 0.102163 0.0148488 -0.994899 -0.0997775 0.141396 -0.96768 0.208812 0.292326 -0.93769 -0.187837 0.396372 -0.916651 0.051379 0.480297 -0.868989 -0.119045 0.545226 -0.837931 0.0244775 0.628688 -0.761997 -0.155279 0.739656 -0.669315 0.0701873 0.760971 -0.646189 -0.0579829 0.888128 -0.457965 -0.0386794 0.896985 -0.441205 0.0274916 0.951747 -0.303945 -0.0423762 0.945538 -0.32328 0.0380492 0.985466 -0.138257 -0.0986962 0.995317 -0.064709 0.0718119 0.997227 0.021723 -0.071177 0.993019 0.0816257 0.0851508 0.961205 0.262084 -0.0859999 0.925338 0.37805 -0.0287884 0.94468 0.31989 0.0724621 0.883321 0.468411 0.0183297 0.878221 0.478254 -2.40408e-07 0.810266 0.582982 -0.0600124 0.827523 0.560964 0.0229065 0.684473 0.727995 0.0389838 0.667936 0.743623 -0.0297665 0.571539 0.818607 0.0567989 0.525692 0.844788 -0.0999057 0.349076 0.928407 0.127301 0.306505 0.950236 -0.0557398 0.141134 0.989411 -0.033865 0.0968087 0.98844 0.116685 -0.0642703 -0.605481 -0.79326 -0.25718 -0.781011 -0.569105 -0.233223 -0.615775 -0.752615 -0.38223 -0.553526 -0.739939 -0.451878 -0.611631 -0.649395 -0.465101 -0.491443 -0.736318 -0.585821 -0.543563 -0.601126 -0.584578 -0.408115 -0.701221 -0.570687 -0.389754 -0.722778 -0.621478 -0.338438 -0.706558 -0.613687 -0.325429 -0.719364 -0.622944 -0.210311 -0.753466 -0.681545 -0.269273 -0.680432 -0.773085 -0.187274 -0.606026 -0.626423 -0.0522386 -0.777731 -0.716158 0.0493087 -0.696194 -0.798653 0.0270283 -0.601185 -0.80601 0.196707 -0.558261 -0.661638 0.207469 -0.720549 -0.687563 0.304037 -0.659408 -0.588811 0.289576 -0.754618 -0.59615 0.480583 -0.643153 -0.471101 0.425113 -0.772879 -0.532015 0.583432 -0.61365 -0.349704 0.540112 -0.765497 -0.367885 0.663924 -0.65105 -0.259844 0.604487 -0.753045 -0.261897 0.738609 -0.621181 -0.0918421 0.612312 -0.785264 -0.076887 0.725547 -0.683864 0.0486917 0.736011 -0.675216 0.0646052 0.644873 -0.761554 0.193737 0.654787 -0.730561 0.248447 0.748821 -0.614444 0.30829 0.529299 -0.790442 0.548809 0.730695 -0.406071 0.475027 0.45813 -0.75131 0.625978 0.522034 -0.579337 0.596689 0.361168 -0.716603 0.716857 0.369746 -0.591103 0.61139 0.24762 -0.75159 0.797589 0.197687 -0.569887 0.63473 0.0927272 -0.76715 0.755446 0.0349245 -0.65428 0.643354 -0.0372256 -0.764664 0.796722 -0.102908 -0.59552 0.666514 -0.190486 -0.720746 0.753616 -0.271711 -0.598528 0.639076 -0.286619 -0.713745 0.596664 -0.385566 -0.703798 0.665678 -0.411151 -0.622759 0.437796 -0.469909 -0.766498 0.489454 -0.585224 -0.646489 0.367902 -0.536458 -0.759514 0.393124 -0.680842 -0.617987 0.228135 -0.620361 -0.750404 0.225308 -0.761617 -0.607598 0.12066 -0.619622 -0.775571 -0.0041994 -0.880126 -0.474721 -0.00345743 -0.822282 0.56907 0.0341631 -0.667032 0.744245 0.149052 -0.624307 0.766827 0.21975 -0.73932 0.636487 0.24726 -0.55357 0.79525 0.385681 -0.671045 0.633205 0.416579 -0.524262 0.742705 0.488031 -0.576003 0.655779 0.507552 -0.365424 0.780293 0.696613 -0.434981 0.570545 0.624906 -0.262954 0.735084 0.765619 -0.276038 0.58106 0.704924 -0.0801431 0.704741 0.750416 -0.0969269 0.653821 0.798209 0.0369015 0.601249 0.605029 0.0966288 0.790318 0.776945 0.192016 0.599572 0.59896 0.254225 0.759353 0.708576 0.366077 0.603247 0.577336 0.368525 0.72861 0.648794 0.541062 0.535087 0.45201 0.47589 0.754464 0.554117 0.737542 0.385986 0.25316 0.507907 0.823371 0.275715 0.837155 0.472391 0.106297 0.627212 0.771561 0.0537884 0.769264 0.636663 -0.0090758 0.657402 0.753485 -0.0881961 0.814992 0.572722 -0.188583 0.602833 0.77526 -0.23679 0.672845 0.700864 -0.325719 0.588098 0.740303 -0.326398 0.590544 0.738053 -0.40051 0.485435 0.777138 -0.488775 0.535814 0.688478 -0.504722 0.431865 0.747495 -0.573358 0.46127 0.677119 -0.580334 0.295699 0.758798 -0.693717 0.307586 0.651266 -0.646549 0.221267 0.730079 -0.794888 0.193992 0.574909 -0.69475 0.0972864 0.712641 -0.663079 -0.0146524 0.748406 -0.814566 0.027508 0.579419 -0.664375 -0.180905 0.725175 -0.730793 -0.176942 0.659267 -0.655293 -0.267722 0.706339 -0.675024 -0.266697 0.687906 -0.621479 -0.33844 0.706557 -0.621478 -0.338438 0.706558 -0.546418 -0.398905 0.736412 -0.580419 -0.405212 0.706341 -0.582565 -0.540541 0.606988 -0.4481 -0.492026 0.746403 -0.469368 -0.639123 0.609275 -0.334059 -0.536056 0.775273 -0.254959 -0.767924 0.587613 -0.236803 -0.735279 0.635051 -0.0882991 -0.613553 0.784701</float_array>
                    <technique_common>
                        <accessor count="5000" source="#shape0-lib-normals-array" stride="3">
                            <param name="X" type="float"/>
                            <param name="Y" type="float"/>
                            <param name="Z" type="float"/>
                        </accessor>
                    </technique_common>
                </source>
                <vertices id="shape0-lib-vertices">
                    <input semantic="POSITION" source="#shape0-lib-positions"/>
                </vertices>
                <triangles count="5000">
                    <input offset="0" semantic="VERTEX" source="#shape0-lib-vertices"/>
                    <input offset="1" semantic="NORMAL" source="#shape0-lib-normals"/>
                    <p>0 0 2 0 1 0 4 1 3 1 1 1 1 2 3 2 0 2 4 3 8 3 3 3 2 4 6 4 5 4 0 5 11 5 2 5 2 6 11 6 6 6 6 7 7 7 5 7 5 8 7 8 8 8 8 9 7 9 3 9 10 10 9 10 13 10 11 11 9 11 10 11 0 12 9 12 11 12 9 13 12 13 13 13 7 14 12 14 3 14 13 15 12 15 7 15 14 16 15 16 9 16 16 17 17 17 2376 17 16 18 18 18 17 18 2376 19 19 19 16 19 2376 20 20 20 19 20 16 21 21 21 18 21 16 22 24 22 21 22 21 23 22 23 18 23 18 24 22 24 20 24 20 25 22 25 19 25 16 26 23 26 24 26 24 27 23 27 26 27 26 28 25 28 22 28 23 29 25 29 26 29 22 30 25 30 19 30 27 31 28 31 25 31 28 32 19 32 25 32 14 33 28 33 27 33 14 34 27 34 15 34 0 35 14 35 9 35 30 36 29 36 32 36 32 37 29 37 31 37 35 38 34 38 33 38 37 39 29 39 30 39 38 40 32 40 31 40 1398 41 35 41 36 41 1399 42 39 42 37 42 40 43 1399 43 37 43 40 44 1398 44 1399 44 41 45 1398 45 40 45 41 46 35 46 1398 46 42 47 32 47 38 47 43 48 42 48 38 48 44 49 45 49 46 49 44 50 41 50 45 50 38 51 44 51 46 51 38 52 46 52 43 52 44 53 34 53 35 53 44 54 35 54 41 54 30 55 40 55 37 55 1396 56 47 56 35 56 1419 57 48 57 49 57 49 58 48 58 47 58 1419 59 50 59 48 59 1419 60 51 60 50 60 51 61 52 61 50 61 52 62 54 62 53 62 52 63 55 63 54 63 58 64 56 64 57 64 59 65 56 65 58 65 56 66 60 66 61 66 51 67 60 67 62 67 51 68 62 68 63 68 51 69 63 69 64 69 51 70 64 70 55 70 51 71 55 71 52 71 62 72 60 72 65 72 65 73 60 73 66 73 66 74 60 74 59 74 59 75 60 75 56 75 70 76 69 76 68 76 73 77 60 77 51 77 73 78 74 78 60 78 75 79 74 79 73 79 76 80 75 80 73 80 75 81 76 81 33 81 34 82 75 82 33 82 47 83 77 83 35 83 77 84 36 84 35 84 78 85 79 85 77 85 77 86 79 86 36 86 79 87 37 87 39 87 79 88 80 88 37 88 78 89 80 89 79 89 81 90 83 90 82 90 81 91 85 91 83 91 83 92 84 92 82 92 81 93 91 93 85 93 84 94 86 94 82 94 87 95 86 95 84 95 86 96 88 96 82 96 90 97 89 97 243 97 91 98 89 98 90 98 92 99 93 99 91 99 81 100 92 100 91 100 91 101 93 101 89 101 93 102 94 102 89 102 81 103 107 103 92 103 95 104 96 104 97 104 97 105 96 105 98 105 98 106 96 106 99 106 99 107 96 107 88 107 96 108 100 108 88 108 100 109 101 109 88 109 105 110 103 110 102 110 101 111 104 111 88 111 105 112 106 112 103 112 107 113 106 113 105 113 107 114 135 114 106 114 104 115 108 115 88 115 103 116 109 116 102 116 102 117 109 117 254 117 108 118 110 118 88 118 110 119 111 119 88 119 112 120 111 120 113 120 113 121 111 121 114 121 114 122 111 122 115 122 115 123 111 123 116 123 116 124 111 124 110 124 112 125 117 125 111 125 111 126 117 126 118 126 117 127 119 127 118 127 120 128 121 128 71 128 235 129 124 129 122 129 249 130 126 130 123 130 124 131 127 131 122 131 120 132 128 132 121 132 250 133 129 133 125 133 128 134 130 134 121 134 120 135 131 135 128 135 125 136 129 136 131 136 127 137 132 137 122 137 133 138 132 138 127 138 122 139 132 139 111 139 249 140 134 140 126 140 135 141 134 141 249 141 136 142 134 142 138 142 126 143 134 143 136 143 129 144 137 144 131 144 133 145 139 145 132 145 134 146 141 146 138 146 134 147 140 147 141 147 141 148 140 148 161 148 139 149 142 149 132 149 143 150 142 150 139 150 144 151 142 151 143 151 147 152 145 152 146 152 152 153 148 153 147 153 147 154 148 154 145 154 117 155 149 155 119 155 148 156 150 156 145 156 152 157 151 157 148 157 229 158 154 158 130 158 237 159 38 159 153 159 130 160 154 160 155 160 150 161 156 161 229 161 144 162 157 162 142 162 158 163 157 163 144 163 151 164 159 164 160 164 152 165 159 165 151 165 161 166 159 166 152 166 140 167 159 167 161 167 158 168 162 168 157 168 153 169 162 169 158 169 38 170 162 170 153 170 154 171 163 171 155 171 155 172 163 172 164 172 165 173 164 173 163 173 117 174 167 174 149 174 165 175 168 175 164 175 231 176 169 176 38 176 170 177 171 177 165 177 165 178 171 178 168 178 38 179 169 179 162 179 170 180 172 180 171 180 173 181 175 181 174 181 175 182 177 182 174 182 174 183 177 183 176 183 177 184 178 184 176 184 176 185 178 185 217 185 179 186 31 186 182 186 180 187 186 187 31 187 31 188 181 188 182 188 182 189 181 189 215 189 186 190 181 190 31 190 180 191 183 191 186 191 184 192 185 192 183 192 183 193 185 193 186 193 187 194 188 194 184 194 184 195 188 195 185 195 184 196 189 196 187 196 188 197 267 197 185 197 190 198 189 198 191 198 191 199 189 199 184 199 192 200 195 200 193 200 196 201 195 201 192 201 193 202 194 202 201 202 196 203 197 203 195 203 218 204 198 204 199 204 199 205 198 205 204 205 201 206 200 206 181 206 194 207 200 207 201 207 202 208 200 208 194 208 181 209 200 209 215 209 204 210 197 210 196 210 198 211 203 211 204 211 202 212 205 212 200 212 206 213 205 213 202 213 203 214 197 214 204 214 206 215 208 215 205 215 203 216 207 216 197 216 203 217 214 217 207 217 208 218 209 218 205 218 210 219 209 219 208 219 203 220 211 220 214 220 212 221 211 221 210 221 213 222 211 222 212 222 210 223 211 223 209 223 214 224 211 224 213 224 132 225 82 225 111 225 111 226 82 226 88 226 200 227 162 227 216 227 200 228 216 228 215 228 216 229 162 229 178 229 178 230 162 230 217 230 217 231 162 231 169 231 160 232 198 232 221 232 160 233 221 233 166 233 221 234 198 234 218 234 81 235 134 235 107 235 107 236 134 236 135 236 166 237 151 237 160 237 220 238 219 238 218 238 218 239 219 239 221 239 201 240 192 240 193 240 170 241 189 241 222 241 170 242 222 242 223 242 170 243 223 243 224 243 170 244 224 244 225 244 170 245 225 245 172 245 222 246 189 246 226 246 226 247 189 247 227 247 227 248 189 248 228 248 228 249 189 249 190 249 148 250 156 250 150 250 145 251 128 251 146 251 146 252 128 252 137 252 137 253 128 253 131 253 130 254 150 254 229 254 38 255 31 255 230 255 38 256 230 256 231 256 230 257 31 257 232 257 232 258 31 258 173 258 173 259 31 259 233 259 173 260 233 260 175 260 233 261 31 261 179 261 122 262 38 262 236 262 122 263 236 263 234 263 122 264 234 264 235 264 236 265 38 265 237 265 238 266 149 266 239 266 239 267 149 267 167 267 97 268 240 268 241 268 97 269 241 269 95 269 89 270 86 270 242 270 89 271 242 271 243 271 242 272 86 272 244 272 244 273 86 273 245 273 245 274 86 274 87 274 125 275 89 275 251 275 125 276 251 276 246 276 125 277 246 277 247 277 125 278 247 278 248 278 125 279 248 279 249 279 125 280 249 280 250 280 251 281 89 281 252 281 252 282 89 282 109 282 109 283 89 283 255 283 109 284 255 284 253 284 109 285 253 285 254 285 250 286 249 286 123 286 255 287 89 287 94 287 155 288 121 288 130 288 266 289 256 289 154 289 154 290 256 290 163 290 163 291 256 291 165 291 256 292 257 292 165 292 165 293 257 293 170 293 170 294 257 294 258 294 257 295 260 295 258 295 258 296 260 296 259 296 259 297 260 297 219 297 219 298 261 298 221 298 260 299 261 299 219 299 221 300 261 300 166 300 261 301 262 301 166 301 166 302 262 302 263 302 156 303 264 303 229 303 263 304 262 304 264 304 264 305 265 305 229 305 262 306 265 306 264 306 265 307 266 307 229 307 229 308 266 308 154 308 188 309 278 309 267 309 278 310 268 310 267 310 268 311 269 311 192 311 192 312 269 312 196 312 196 313 269 313 204 313 269 314 270 314 204 314 204 315 270 315 199 315 270 316 271 316 199 316 199 317 271 317 218 317 218 318 273 318 220 318 271 319 273 319 218 319 220 320 273 320 272 320 273 321 274 321 272 321 272 322 274 322 275 322 276 323 187 323 189 323 275 324 274 324 276 324 274 325 277 325 276 325 276 326 277 326 187 326 277 327 278 327 187 327 187 328 278 328 188 328 281 329 279 329 280 329 282 330 281 330 280 330 283 331 282 331 284 331 283 332 952 332 281 332 283 333 281 333 282 333 285 334 283 334 284 334 286 335 283 335 285 335 287 336 283 336 286 336 288 337 283 337 287 337 289 338 283 338 288 338 290 339 283 339 289 339 291 340 290 340 292 340 291 341 283 341 290 341 293 342 291 342 292 342 296 343 294 343 295 343 296 344 295 344 297 344 296 345 297 345 298 345 303 346 296 346 298 346 303 347 298 347 299 347 303 348 299 348 300 348 303 349 300 349 301 349 303 350 301 350 302 350 304 351 296 351 303 351 305 352 303 352 302 352 305 353 302 353 306 353 307 354 296 354 304 354 310 355 303 355 308 355 310 356 304 356 303 356 309 357 307 357 304 357 311 358 310 358 308 358 314 359 309 359 312 359 313 360 309 360 314 360 313 361 307 361 309 361 61 362 313 362 314 362 316 363 315 363 313 363 60 364 313 364 61 364 60 365 316 365 313 365 317 366 316 366 60 366 318 367 317 367 60 367 319 368 318 368 60 368 319 369 60 369 74 369 320 370 319 370 74 370 320 371 74 371 321 371 322 372 321 372 324 372 322 373 320 373 321 373 323 374 322 374 324 374 326 375 323 375 324 375 326 376 324 376 325 376 327 377 326 377 325 377 331 378 327 378 325 378 330 379 328 379 329 379 330 380 626 380 328 380 331 381 325 381 332 381 333 382 626 382 330 382 334 383 331 383 332 383 335 384 626 384 333 384 336 385 334 385 332 385 338 386 332 386 337 386 338 387 336 387 332 387 339 388 337 388 626 388 339 389 338 389 337 389 339 390 626 390 335 390 341 391 340 391 314 391 314 392 340 392 61 392 342 393 292 393 290 393 343 394 342 394 290 394 343 395 290 395 289 395 344 396 289 396 288 396 344 397 343 397 289 397 345 398 288 398 287 398 345 399 344 399 288 399 346 400 287 400 286 400 346 401 345 401 287 401 347 402 286 402 285 402 347 403 346 403 286 403 348 404 285 404 284 404 348 405 347 405 285 405 349 406 348 406 284 406 350 407 284 407 282 407 350 408 349 408 284 408 351 409 282 409 280 409 351 410 350 410 282 410 352 411 280 411 279 411 352 412 279 412 956 412 352 413 351 413 280 413 353 414 956 414 354 414 353 415 352 415 956 415 355 416 353 416 354 416 355 417 354 417 356 417 357 418 355 418 356 418 357 419 356 419 358 419 359 420 357 420 358 420 359 421 358 421 361 421 360 422 359 422 361 422 360 423 361 423 362 423 363 424 360 424 362 424 363 425 362 425 364 425 365 426 364 426 366 426 365 427 363 427 364 427 367 428 365 428 366 428 367 429 366 429 368 429 369 430 367 430 368 430 369 431 368 431 371 431 370 432 369 432 371 432 372 433 371 433 374 433 372 434 370 434 371 434 373 435 372 435 374 435 375 436 374 436 376 436 375 437 373 437 374 437 377 438 375 438 376 438 379 439 316 439 317 439 379 440 378 440 316 440 380 441 317 441 318 441 380 442 379 442 317 442 380 443 318 443 319 443 381 444 380 444 319 444 381 445 319 445 320 445 382 446 381 446 320 446 382 447 320 447 322 447 383 448 382 448 322 448 383 449 322 449 323 449 384 450 383 450 323 450 384 451 323 451 326 451 385 452 384 452 326 452 385 453 326 453 327 453 386 454 385 454 327 454 386 455 327 455 331 455 387 456 331 456 334 456 387 457 386 457 331 457 387 458 334 458 336 458 388 459 387 459 336 459 388 460 336 460 338 460 389 461 388 461 338 461 389 462 338 462 339 462 390 463 339 463 335 463 390 464 389 464 339 464 391 465 390 465 335 465 391 466 335 466 333 466 392 467 333 467 330 467 392 468 391 468 333 468 393 469 330 469 329 469 393 470 392 470 330 470 405 471 394 471 395 471 394 472 396 472 395 472 395 473 396 473 397 473 396 474 398 474 397 474 397 475 398 475 399 475 398 476 401 476 399 476 399 477 401 477 400 477 401 478 402 478 400 478 400 479 402 479 403 479 402 480 404 480 403 480 403 481 404 481 405 481 404 482 394 482 405 482 416 483 1385 483 417 483 417 484 1385 484 406 484 1385 485 408 485 406 485 406 486 408 486 407 486 408 487 409 487 407 487 407 488 409 488 410 488 409 489 411 489 410 489 410 490 411 490 412 490 412 491 414 491 413 491 411 492 414 492 412 492 413 493 414 493 415 493 414 494 416 494 415 494 415 495 416 495 417 495 418 496 419 496 427 496 427 497 419 497 420 497 419 498 422 498 420 498 420 499 422 499 421 499 422 500 423 500 421 500 421 501 423 501 424 501 423 502 425 502 424 502 424 503 425 503 426 503 425 504 418 504 426 504 426 505 418 505 427 505 428 506 430 506 437 506 437 507 430 507 429 507 430 508 432 508 429 508 429 509 432 509 431 509 431 510 432 510 433 510 432 511 434 511 433 511 434 512 435 512 433 512 433 513 435 513 436 513 435 514 1372 514 436 514 1372 515 428 515 436 515 436 516 428 516 437 516 80 517 440 517 441 517 78 518 440 518 80 518 442 519 80 519 441 519 443 520 80 520 442 520 444 521 167 521 445 521 446 522 444 522 445 522 447 523 239 523 448 523 449 524 448 524 450 524 449 525 447 525 448 525 180 526 443 526 239 526 439 527 239 527 447 527 439 528 180 528 239 528 451 529 439 529 452 529 451 530 183 530 180 530 451 531 180 531 439 531 442 532 239 532 443 532 239 533 167 533 444 533 239 534 444 534 448 534 433 535 436 535 453 535 431 536 454 536 429 536 433 537 454 537 431 537 453 538 454 538 433 538 436 539 450 539 453 539 437 540 450 540 436 540 429 541 449 541 437 541 437 542 449 542 450 542 454 543 449 543 429 543 455 544 421 544 424 544 424 545 426 545 455 545 455 546 456 546 421 546 456 547 420 547 421 547 426 548 457 548 455 548 427 549 445 549 426 549 426 550 445 550 457 550 420 551 446 551 427 551 456 552 446 552 420 552 427 553 446 553 445 553 458 554 438 554 439 554 459 555 438 555 458 555 452 556 439 556 459 556 459 557 439 557 438 557 445 558 460 558 457 558 167 559 460 559 445 559 167 560 461 560 460 560 461 561 462 561 463 561 463 562 462 562 464 562 461 563 117 563 462 563 167 564 117 564 461 564 465 565 466 565 467 565 468 566 465 566 467 566 469 567 468 567 467 567 470 568 241 568 468 568 470 569 468 569 469 569 471 570 241 570 470 570 472 571 471 571 473 571 472 572 473 572 474 572 472 573 241 573 471 573 475 574 476 574 477 574 95 575 472 575 476 575 95 576 476 576 475 576 95 577 241 577 472 577 478 578 479 578 480 578 96 579 481 579 478 579 478 580 481 580 479 580 482 581 475 581 483 581 481 582 95 582 482 582 482 583 95 583 475 583 96 584 95 584 481 584 484 585 485 585 470 585 484 586 470 586 469 586 488 587 486 587 487 587 487 588 489 588 488 588 486 589 490 589 487 589 486 590 494 590 490 590 487 591 491 591 489 591 480 592 491 592 487 592 480 593 492 593 491 593 480 594 479 594 492 594 498 595 493 595 494 595 494 596 493 596 490 596 495 597 497 597 1355 597 496 598 497 598 495 598 492 599 497 599 496 599 479 600 497 600 492 600 1355 601 499 601 495 601 495 602 499 602 498 602 479 603 500 603 497 603 498 604 499 604 493 604 499 605 501 605 493 605 503 606 502 606 501 606 504 607 502 607 503 607 500 608 502 608 504 608 479 609 502 609 500 609 501 610 502 610 493 610 443 611 31 611 29 611 443 612 180 612 31 612 506 613 97 613 505 613 508 614 505 614 97 614 507 615 97 615 506 615 509 616 508 616 97 616 512 617 509 617 97 617 510 618 240 618 97 618 510 619 97 619 507 619 511 620 513 620 512 620 511 621 512 621 97 621 514 622 513 622 511 622 100 623 478 623 1332 623 100 624 96 624 478 624 515 625 131 625 120 625 191 626 184 626 516 626 516 627 184 627 517 627 149 628 518 628 119 628 518 629 519 629 119 629 462 630 112 630 520 630 117 631 112 631 462 631 522 632 518 632 521 632 523 633 518 633 522 633 523 634 524 634 518 634 525 635 522 635 528 635 525 636 523 636 522 636 149 637 521 637 518 637 149 638 526 638 521 638 527 639 528 639 533 639 527 640 533 640 529 640 527 641 525 641 528 641 77 642 525 642 527 642 47 643 525 643 77 643 47 644 530 644 525 644 531 645 533 645 532 645 531 646 529 646 533 646 534 647 530 647 47 647 48 648 534 648 47 648 238 649 531 649 532 649 238 650 532 650 526 650 238 651 526 651 149 651 535 652 536 652 537 652 537 653 536 653 89 653 89 654 536 654 86 654 535 655 0 655 536 655 538 656 14 656 535 656 535 657 14 657 0 657 539 658 537 658 89 658 368 659 540 659 371 659 366 660 540 660 368 660 374 661 371 661 540 661 366 662 535 662 540 662 374 663 540 663 539 663 376 664 374 664 539 664 364 665 535 665 366 665 538 666 535 666 364 666 362 667 538 667 364 667 361 668 538 668 362 668 358 669 538 669 361 669 541 670 376 670 539 670 541 671 539 671 89 671 542 672 541 672 89 672 125 673 543 673 542 673 125 674 544 674 543 674 125 675 542 675 89 675 546 676 544 676 125 676 545 677 548 677 546 677 545 678 546 678 125 678 547 679 548 679 545 679 549 680 548 680 547 680 550 681 549 681 547 681 551 682 550 682 552 682 551 683 549 683 550 683 553 684 38 684 122 684 19 685 28 685 553 685 28 686 44 686 553 686 553 687 44 687 38 687 554 688 511 688 98 688 98 689 511 689 97 689 545 690 125 690 131 690 515 691 545 691 131 691 559 692 555 692 556 692 559 693 557 693 555 693 557 694 558 694 555 694 559 695 556 695 560 695 559 696 560 696 561 696 557 697 562 697 558 697 567 698 561 698 563 698 567 699 559 699 561 699 564 700 562 700 557 700 564 701 565 701 562 701 567 702 563 702 1039 702 567 703 1039 703 566 703 569 704 565 704 564 704 569 705 1085 705 565 705 567 706 566 706 568 706 1176 707 567 707 568 707 569 708 570 708 1085 708 1176 709 568 709 571 709 569 710 573 710 570 710 1175 711 1176 711 571 711 572 712 573 712 569 712 1175 713 571 713 575 713 572 714 1092 714 573 714 1174 715 1175 715 575 715 574 716 1092 716 572 716 574 717 576 717 1092 717 1174 718 575 718 579 718 574 719 577 719 576 719 581 720 577 720 574 720 578 721 1174 721 579 721 581 722 580 722 577 722 578 723 579 723 582 723 585 724 583 724 580 724 585 725 580 725 581 725 578 726 582 726 584 726 585 727 586 727 583 727 592 728 578 728 584 728 592 729 584 729 587 729 585 730 588 730 586 730 592 731 587 731 589 731 591 732 588 732 585 732 590 733 592 733 589 733 1101 734 588 734 591 734 593 735 1101 735 591 735 594 736 592 736 590 736 595 737 592 737 594 737 596 738 593 738 591 738 597 739 593 739 596 739 598 740 595 740 594 740 599 741 595 741 598 741 601 742 599 742 598 742 607 743 597 743 596 743 600 744 597 744 607 744 773 745 600 745 607 745 603 746 599 746 601 746 602 747 603 747 601 747 604 748 603 748 602 748 608 749 603 749 604 749 605 750 607 750 606 750 605 751 773 751 607 751 608 752 1165 752 603 752 283 753 1165 753 608 753 609 754 1165 754 283 754 610 755 605 755 606 755 623 756 609 756 283 756 620 757 605 757 610 757 611 758 612 758 625 758 615 759 613 759 614 759 615 760 755 760 613 760 616 761 612 761 611 761 616 762 614 762 612 762 771 763 615 763 614 763 771 764 614 764 616 764 617 765 618 765 613 765 617 766 619 766 618 766 617 767 620 767 619 767 617 768 613 768 755 768 621 769 611 769 625 769 622 770 611 770 621 770 291 771 624 771 623 771 291 772 625 772 624 772 291 773 623 773 283 773 291 774 621 774 625 774 617 775 605 775 620 775 627 776 626 776 337 776 629 777 611 777 628 777 629 778 628 778 627 778 630 779 611 779 629 779 630 780 616 780 611 780 631 781 337 781 332 781 631 782 627 782 337 782 631 783 630 783 629 783 631 784 629 784 627 784 631 785 616 785 630 785 632 786 332 786 325 786 632 787 631 787 332 787 632 788 325 788 616 788 632 789 616 789 631 789 622 790 628 790 611 790 476 791 472 791 633 791 472 792 634 792 633 792 482 793 635 793 481 793 482 794 636 794 635 794 470 795 637 795 471 795 470 796 485 796 637 796 638 797 448 797 639 797 639 798 448 798 444 798 640 799 460 799 641 799 460 800 461 800 641 800 642 801 447 801 643 801 642 802 439 802 447 802 644 803 645 803 646 803 198 804 645 804 644 804 647 805 648 805 649 805 647 806 160 806 648 806 198 807 160 807 647 807 198 808 647 808 645 808 162 809 641 809 650 809 162 810 640 810 641 810 641 811 651 811 650 811 640 812 639 812 455 812 162 813 639 813 640 813 639 814 456 814 455 814 638 815 454 815 453 815 643 816 454 816 638 816 642 817 652 817 653 817 200 818 652 818 642 818 162 819 200 819 639 819 639 820 200 820 638 820 638 821 200 821 643 821 643 822 200 822 642 822 653 823 459 823 458 823 459 824 451 824 452 824 653 825 451 825 459 825 653 826 652 826 451 826 654 827 655 827 652 827 654 828 657 828 655 828 656 829 657 829 654 829 655 830 659 830 652 830 656 831 658 831 657 831 652 832 659 832 451 832 659 833 666 833 451 833 656 834 660 834 658 834 662 835 660 835 661 835 658 836 660 836 662 836 663 837 665 837 664 837 668 838 663 838 664 838 664 839 665 839 666 839 665 840 671 840 666 840 666 841 671 841 451 841 668 842 667 842 663 842 667 843 644 843 673 843 660 844 669 844 661 844 668 845 669 845 667 845 661 846 669 846 668 846 667 847 669 847 644 847 672 848 670 848 671 848 671 849 670 849 451 849 672 850 646 850 670 850 673 851 646 851 672 851 644 852 646 852 673 852 469 853 467 853 484 853 674 854 467 854 675 854 676 855 677 855 674 855 649 856 676 856 674 856 649 857 678 857 676 857 674 858 677 858 467 858 677 859 680 859 467 859 649 860 683 860 678 860 467 861 685 861 679 861 680 862 685 862 467 862 682 863 685 863 680 863 679 864 681 864 467 864 683 865 648 865 682 865 649 866 648 866 683 866 682 867 648 867 685 867 681 868 684 868 467 868 648 869 688 869 685 869 467 870 684 870 484 870 684 871 687 871 484 871 648 872 686 872 688 872 690 873 689 873 687 873 687 874 689 874 484 874 691 875 689 875 690 875 688 876 692 876 691 876 691 877 692 877 689 877 686 878 692 878 688 878 696 879 695 879 693 879 694 880 696 880 693 880 694 881 698 881 696 881 695 882 702 882 693 882 694 883 697 883 698 883 697 884 699 884 698 884 697 885 650 885 699 885 650 886 651 886 699 886 702 887 700 887 693 887 702 888 701 888 700 888 703 889 701 889 702 889 701 890 705 890 700 890 703 891 704 891 701 891 707 892 704 892 703 892 705 893 706 893 700 893 651 894 463 894 699 894 707 895 463 895 704 895 704 896 463 896 710 896 699 897 463 897 707 897 708 898 464 898 706 898 709 899 464 899 708 899 710 900 464 900 709 900 463 901 464 901 710 901 706 902 464 902 700 902 82 903 711 903 490 903 490 904 711 904 487 904 712 905 693 905 700 905 712 906 132 906 693 906 82 907 132 907 711 907 711 908 132 908 712 908 502 909 635 909 493 909 493 910 635 910 81 910 635 911 636 911 81 911 713 912 633 912 714 912 714 913 633 913 636 913 715 914 716 914 634 914 716 915 637 915 634 915 484 916 689 916 485 916 689 917 134 917 485 917 134 918 81 918 485 918 485 919 81 919 637 919 637 920 81 920 634 920 634 921 81 921 633 921 633 922 81 922 636 922 717 923 718 923 719 923 720 924 721 924 719 924 719 925 721 925 717 925 720 926 722 926 721 926 718 927 723 927 722 927 1804 928 724 928 1815 928 724 929 725 929 723 929 723 930 726 930 722 930 724 931 727 931 725 931 727 932 313 932 725 932 728 933 729 933 726 933 725 934 315 934 728 934 313 935 315 935 725 935 728 936 730 936 729 936 315 937 730 937 728 937 315 938 731 938 730 938 315 939 551 939 731 939 551 940 552 940 731 940 729 941 732 941 1808 941 730 942 732 942 729 942 1804 943 727 943 724 943 717 944 724 944 718 944 718 945 724 945 723 945 729 946 721 946 722 946 729 947 722 947 726 947 733 948 748 948 778 948 733 949 778 949 74 949 736 950 737 950 761 950 736 951 772 951 738 951 736 952 75 952 772 952 740 953 616 953 325 953 740 954 734 954 616 954 740 955 325 955 749 955 741 956 733 956 74 956 742 957 750 957 743 957 742 958 743 958 741 958 742 959 741 959 735 959 744 960 746 960 745 960 746 961 74 961 75 961 746 962 744 962 735 962 746 963 736 963 761 963 746 964 735 964 741 964 746 965 741 965 74 965 75 966 736 966 746 966 600 967 777 967 75 967 600 968 739 968 777 968 778 969 321 969 74 969 747 970 324 970 321 970 747 971 321 971 778 971 749 972 325 972 324 972 749 973 324 973 747 973 752 974 734 974 749 974 748 975 747 975 778 975 756 976 747 976 748 976 749 977 747 977 756 977 752 978 615 978 771 978 741 979 748 979 733 979 741 980 750 980 751 980 753 981 748 981 741 981 753 982 751 982 754 982 753 983 741 983 751 983 752 984 755 984 615 984 753 985 754 985 758 985 756 986 748 986 753 986 756 987 753 987 758 987 752 988 757 988 755 988 760 989 757 989 752 989 760 990 752 990 749 990 760 991 756 991 758 991 760 992 758 992 759 992 760 993 749 993 756 993 760 994 759 994 757 994 737 995 762 995 761 995 763 996 762 996 737 996 738 997 763 997 737 997 763 998 764 998 762 998 768 999 763 999 738 999 766 1000 764 1000 763 1000 766 1001 765 1001 764 1001 766 1002 763 1002 768 1002 766 1003 767 1003 765 1003 769 1004 767 1004 766 1004 769 1005 770 1005 767 1005 769 1006 768 1006 739 1006 769 1007 766 1007 768 1007 774 1008 769 1008 739 1008 743 1009 750 1009 741 1009 776 1010 772 1010 75 1010 776 1011 768 1011 738 1011 776 1012 738 1012 772 1012 777 1013 776 1013 75 1013 775 1014 770 1014 769 1014 775 1015 773 1015 770 1015 775 1016 769 1016 774 1016 775 1017 600 1017 773 1017 775 1018 774 1018 600 1018 776 1019 739 1019 768 1019 734 1020 752 1020 771 1020 734 1021 771 1021 616 1021 739 1022 600 1022 774 1022 740 1023 749 1023 734 1023 777 1024 739 1024 776 1024 736 1025 738 1025 737 1025 1300 1026 779 1026 1306 1026 1289 1027 1321 1027 1297 1027 1297 1028 781 1028 1295 1028 781 1029 1290 1029 1294 1029 523 1030 783 1030 782 1030 523 1031 784 1031 783 1031 785 1032 525 1032 786 1032 525 1033 787 1033 786 1033 523 1034 525 1034 785 1034 523 1035 785 1035 784 1035 791 1036 788 1036 789 1036 791 1037 789 1037 790 1037 791 1038 790 1038 792 1038 793 1039 791 1039 792 1039 793 1040 792 1040 794 1040 795 1041 793 1041 794 1041 795 1042 794 1042 796 1042 795 1043 796 1043 797 1043 798 1044 797 1044 799 1044 798 1045 795 1045 797 1045 798 1046 799 1046 800 1046 801 1047 800 1047 803 1047 801 1048 798 1048 800 1048 802 1049 801 1049 803 1049 802 1050 803 1050 804 1050 57 1051 804 1051 805 1051 802 1052 804 1052 57 1052 58 1053 57 1053 805 1053 806 1054 802 1054 57 1054 807 1055 58 1055 805 1055 808 1056 58 1056 807 1056 59 1057 58 1057 808 1057 66 1058 59 1058 808 1058 809 1059 66 1059 808 1059 65 1060 66 1060 809 1060 62 1061 65 1061 809 1061 63 1062 62 1062 809 1062 810 1063 63 1063 809 1063 64 1064 63 1064 810 1064 811 1065 64 1065 810 1065 55 1066 64 1066 811 1066 54 1067 55 1067 811 1067 54 1068 811 1068 812 1068 53 1069 54 1069 812 1069 813 1070 53 1070 812 1070 814 1071 815 1071 53 1071 814 1072 53 1072 813 1072 816 1073 813 1073 817 1073 816 1074 814 1074 813 1074 818 1075 817 1075 819 1075 818 1076 816 1076 817 1076 820 1077 819 1077 821 1077 820 1078 818 1078 819 1078 822 1079 821 1079 823 1079 822 1080 820 1080 821 1080 822 1081 823 1081 824 1081 825 1082 822 1082 824 1082 825 1083 824 1083 826 1083 825 1084 826 1084 827 1084 828 1085 825 1085 827 1085 828 1086 827 1086 829 1086 828 1087 829 1087 830 1087 831 1088 828 1088 830 1088 831 1089 830 1089 833 1089 832 1090 831 1090 833 1090 832 1091 833 1091 834 1091 787 1092 834 1092 835 1092 832 1093 834 1093 787 1093 786 1094 787 1094 835 1094 836 1095 832 1095 787 1095 786 1096 835 1096 837 1096 838 1097 786 1097 837 1097 785 1098 786 1098 838 1098 839 1099 785 1099 838 1099 784 1100 785 1100 839 1100 840 1101 784 1101 839 1101 783 1102 840 1102 841 1102 783 1103 784 1103 840 1103 782 1104 841 1104 842 1104 782 1105 783 1105 841 1105 843 1106 782 1106 842 1106 845 1107 782 1107 843 1107 845 1108 844 1108 782 1108 845 1109 843 1109 846 1109 847 1110 845 1110 846 1110 847 1111 846 1111 848 1111 849 1112 848 1112 850 1112 849 1113 847 1113 848 1113 851 1114 850 1114 852 1114 851 1115 849 1115 850 1115 851 1116 852 1116 853 1116 854 1117 853 1117 855 1117 854 1118 851 1118 853 1118 854 1119 855 1119 856 1119 857 1120 856 1120 858 1120 857 1121 854 1121 856 1121 857 1122 858 1122 859 1122 860 1123 859 1123 861 1123 860 1124 857 1124 859 1124 862 1125 861 1125 863 1125 862 1126 860 1126 861 1126 864 1127 863 1127 865 1127 864 1128 862 1128 863 1128 866 1129 865 1129 867 1129 866 1130 864 1130 865 1130 868 1131 867 1131 870 1131 868 1132 866 1132 867 1132 869 1133 868 1133 870 1133 871 1134 870 1134 872 1134 871 1135 869 1135 870 1135 873 1136 872 1136 875 1136 873 1137 871 1137 872 1137 874 1138 873 1138 875 1138 876 1139 874 1139 875 1139 876 1140 875 1140 877 1140 878 1141 876 1141 877 1141 878 1142 877 1142 880 1142 879 1143 878 1143 880 1143 879 1144 880 1144 881 1144 882 1145 879 1145 881 1145 882 1146 881 1146 883 1146 884 1147 882 1147 883 1147 884 1148 883 1148 885 1148 886 1149 884 1149 885 1149 886 1150 885 1150 887 1150 888 1151 886 1151 887 1151 888 1152 887 1152 889 1152 890 1153 888 1153 889 1153 890 1154 889 1154 891 1154 890 1155 891 1155 892 1155 893 1156 890 1156 892 1156 893 1157 892 1157 894 1157 895 1158 893 1158 894 1158 895 1159 894 1159 896 1159 897 1160 895 1160 896 1160 897 1161 896 1161 898 1161 900 1162 897 1162 898 1162 900 1163 898 1163 899 1163 900 1164 899 1164 901 1164 902 1165 900 1165 901 1165 902 1166 901 1166 903 1166 905 1167 902 1167 903 1167 905 1168 903 1168 904 1168 905 1169 904 1169 906 1169 907 1170 906 1170 908 1170 907 1171 905 1171 906 1171 910 1172 908 1172 909 1172 910 1173 907 1173 908 1173 910 1174 909 1174 911 1174 912 1175 911 1175 913 1175 912 1176 910 1176 911 1176 915 1177 913 1177 914 1177 915 1178 912 1178 913 1178 915 1179 914 1179 916 1179 917 1180 915 1180 916 1180 917 1181 916 1181 918 1181 919 1182 917 1182 918 1182 919 1183 918 1183 920 1183 921 1184 919 1184 920 1184 921 1185 920 1185 922 1185 305 1186 921 1186 922 1186 305 1187 922 1187 303 1187 306 1188 514 1188 511 1188 897 1189 511 1189 895 1189 893 1190 511 1190 554 1190 893 1191 895 1191 511 1191 900 1192 306 1192 511 1192 900 1193 511 1193 897 1193 890 1194 893 1194 554 1194 902 1195 306 1195 900 1195 905 1196 306 1196 902 1196 888 1197 890 1197 554 1197 907 1198 306 1198 905 1198 886 1199 888 1199 554 1199 884 1200 886 1200 554 1200 882 1201 884 1201 554 1201 879 1202 882 1202 554 1202 878 1203 879 1203 554 1203 876 1204 878 1204 554 1204 874 1205 876 1205 554 1205 873 1206 874 1206 554 1206 519 1207 857 1207 860 1207 519 1208 860 1208 862 1208 519 1209 862 1209 864 1209 519 1210 864 1210 866 1210 519 1211 866 1211 868 1211 519 1212 868 1212 869 1212 519 1213 869 1213 871 1213 519 1214 871 1214 873 1214 519 1215 873 1215 554 1215 854 1216 857 1216 519 1216 518 1217 851 1217 854 1217 518 1218 854 1218 519 1218 849 1219 851 1219 518 1219 847 1220 849 1220 518 1220 524 1221 844 1221 845 1221 524 1222 845 1222 847 1222 524 1223 847 1223 518 1223 305 1224 306 1224 921 1224 921 1225 306 1225 919 1225 919 1226 306 1226 917 1226 917 1227 306 1227 915 1227 915 1228 306 1228 912 1228 912 1229 306 1229 910 1229 910 1230 306 1230 907 1230 530 1231 832 1231 836 1231 923 1232 815 1232 814 1232 923 1233 814 1233 816 1233 534 1234 825 1234 828 1234 534 1235 828 1235 831 1235 534 1236 831 1236 832 1236 534 1237 832 1237 530 1237 924 1238 816 1238 818 1238 924 1239 818 1239 820 1239 924 1240 820 1240 822 1240 924 1241 822 1241 825 1241 924 1242 923 1242 816 1242 924 1243 825 1243 534 1243 341 1244 925 1244 926 1244 788 1245 341 1245 926 1245 791 1246 341 1246 788 1246 340 1247 791 1247 793 1247 340 1248 793 1248 795 1248 798 1249 340 1249 795 1249 801 1250 340 1250 798 1250 802 1251 340 1251 801 1251 927 1252 802 1252 806 1252 927 1253 340 1253 802 1253 340 1254 341 1254 791 1254 928 1255 938 1255 311 1255 929 1256 928 1256 311 1256 929 1257 311 1257 933 1257 930 1258 938 1258 928 1258 931 1259 930 1259 928 1259 311 1260 308 1260 932 1260 311 1261 932 1261 933 1261 308 1262 303 1262 934 1262 932 1263 934 1263 935 1263 932 1264 308 1264 934 1264 933 1265 935 1265 936 1265 933 1266 932 1266 935 1266 933 1267 936 1267 937 1267 929 1268 933 1268 937 1268 311 1269 938 1269 310 1269 938 1270 939 1270 310 1270 310 1271 939 1271 940 1271 939 1272 941 1272 940 1272 940 1273 941 1273 942 1273 941 1274 943 1274 942 1274 944 1275 945 1275 312 1275 312 1276 945 1276 314 1276 945 1277 925 1277 314 1277 314 1278 925 1278 341 1278 930 1279 943 1279 941 1279 939 1280 930 1280 941 1280 938 1281 930 1281 939 1281 926 1282 925 1282 945 1282 926 1283 945 1283 944 1283 118 1284 946 1284 111 1284 23 1285 16 1285 946 1285 23 1286 946 1286 118 1286 947 1287 948 1287 23 1287 118 1288 947 1288 23 1288 949 1289 99 1289 88 1289 12 1290 949 1290 3 1290 12 1291 99 1291 949 1291 950 1292 951 1292 12 1292 951 1293 99 1293 12 1293 356 1294 538 1294 358 1294 354 1295 538 1295 356 1295 953 1296 604 1296 602 1296 953 1297 279 1297 281 1297 954 1298 604 1298 953 1298 954 1299 953 1299 281 1299 954 1300 608 1300 604 1300 954 1301 281 1301 952 1301 954 1302 952 1302 608 1302 957 1303 956 1303 279 1303 955 1304 279 1304 953 1304 955 1305 953 1305 602 1305 957 1306 602 1306 538 1306 957 1307 538 1307 354 1307 957 1308 955 1308 602 1308 957 1309 279 1309 955 1309 957 1310 354 1310 956 1310 510 1311 507 1311 295 1311 551 1312 958 1312 549 1312 316 1313 551 1313 315 1313 378 1314 551 1314 316 1314 378 1315 958 1315 551 1315 514 1316 306 1316 302 1316 513 1317 514 1317 302 1317 513 1318 302 1318 301 1318 512 1319 513 1319 301 1319 509 1320 301 1320 300 1320 509 1321 512 1321 301 1321 508 1322 509 1322 300 1322 505 1323 508 1323 300 1323 505 1324 300 1324 299 1324 505 1325 299 1325 298 1325 506 1326 505 1326 298 1326 506 1327 298 1327 297 1327 507 1328 506 1328 297 1328 507 1329 297 1329 295 1329 960 1330 961 1330 959 1330 963 1331 960 1331 959 1331 959 1332 961 1332 962 1332 967 1333 965 1333 963 1333 963 1334 965 1334 960 1334 962 1335 961 1335 966 1335 961 1336 964 1336 966 1336 966 1337 964 1337 968 1337 967 1338 971 1338 965 1338 970 1339 968 1339 964 1339 970 1340 969 1340 968 1340 965 1341 971 1341 973 1341 971 1342 972 1342 973 1342 970 1343 974 1343 969 1343 973 1344 972 1344 975 1344 972 1345 974 1345 975 1345 975 1346 974 1346 970 1346 129 1347 966 1347 137 1347 966 1348 968 1348 137 1348 137 1349 968 1349 146 1349 968 1350 969 1350 146 1350 969 1351 974 1351 146 1351 146 1352 974 1352 147 1352 147 1353 974 1353 152 1353 974 1354 972 1354 152 1354 152 1355 972 1355 161 1355 972 1356 971 1356 161 1356 161 1357 971 1357 141 1357 971 1358 967 1358 141 1358 141 1359 967 1359 138 1359 967 1360 963 1360 138 1360 138 1361 963 1361 136 1361 136 1362 963 1362 126 1362 963 1363 959 1363 126 1363 126 1364 959 1364 123 1364 123 1365 959 1365 250 1365 959 1366 962 1366 250 1366 250 1367 962 1367 129 1367 962 1368 966 1368 129 1368 961 1369 679 1369 964 1369 679 1370 685 1370 964 1370 964 1371 685 1371 970 1371 685 1372 688 1372 970 1372 970 1373 688 1373 975 1373 975 1374 688 1374 973 1374 688 1375 691 1375 973 1375 973 1376 691 1376 965 1376 691 1377 690 1377 965 1377 965 1378 690 1378 960 1378 690 1379 687 1379 960 1379 687 1380 684 1380 960 1380 960 1381 684 1381 961 1381 684 1382 681 1382 961 1382 681 1383 679 1383 961 1383 976 1384 980 1384 977 1384 977 1385 980 1385 978 1385 977 1386 981 1386 976 1386 979 1387 981 1387 977 1387 980 1388 982 1388 978 1388 978 1389 982 1389 984 1389 979 1390 983 1390 981 1390 979 1391 985 1391 983 1391 986 1392 984 1392 982 1392 986 1393 988 1393 984 1393 983 1394 985 1394 987 1394 989 1395 988 1395 986 1395 989 1396 990 1396 988 1396 985 1397 991 1397 987 1397 987 1398 991 1398 989 1398 989 1399 991 1399 990 1399 978 1400 984 1400 84 1400 84 1401 984 1401 87 1401 984 1402 988 1402 87 1402 87 1403 988 1403 245 1403 245 1404 990 1404 244 1404 988 1405 990 1405 245 1405 244 1406 990 1406 242 1406 990 1407 991 1407 242 1407 242 1408 991 1408 243 1408 991 1409 985 1409 243 1409 243 1410 985 1410 90 1410 90 1411 985 1411 91 1411 985 1412 979 1412 91 1412 91 1413 979 1413 85 1413 979 1414 977 1414 85 1414 85 1415 977 1415 83 1415 977 1416 978 1416 83 1416 83 1417 978 1417 84 1417 494 1418 486 1418 980 1418 980 1419 486 1419 982 1419 486 1420 488 1420 982 1420 982 1421 488 1421 986 1421 488 1422 489 1422 986 1422 986 1423 491 1423 989 1423 489 1424 491 1424 986 1424 491 1425 492 1425 989 1425 989 1426 496 1426 987 1426 492 1427 496 1427 989 1427 496 1428 495 1428 987 1428 987 1429 495 1429 983 1429 983 1430 495 1430 981 1430 495 1431 498 1431 981 1431 981 1432 494 1432 976 1432 498 1433 494 1433 981 1433 976 1434 494 1434 980 1434 992 1435 994 1435 995 1435 992 1436 995 1436 993 1436 993 1437 995 1437 998 1437 996 1438 994 1438 992 1438 996 1439 1001 1439 994 1439 995 1440 997 1440 998 1440 999 1441 1001 1441 996 1441 998 1442 997 1442 1000 1442 997 1443 1003 1443 1000 1443 1004 1444 1003 1444 997 1444 999 1445 1002 1445 1001 1445 1004 1446 1006 1446 1003 1446 1001 1447 1002 1447 1005 1447 1002 1448 1007 1448 1005 1448 1005 1449 1006 1449 1004 1449 1005 1450 1007 1450 1006 1450 998 1451 1000 1451 133 1451 133 1452 1000 1452 139 1452 139 1453 1000 1453 143 1453 1000 1454 1003 1454 143 1454 143 1455 1003 1455 144 1455 1003 1456 1006 1456 144 1456 144 1457 1006 1457 158 1457 1006 1458 1007 1458 158 1458 158 1459 1007 1459 153 1459 1007 1460 1002 1460 153 1460 153 1461 1002 1461 237 1461 1002 1462 999 1462 237 1462 237 1463 999 1463 236 1463 999 1464 996 1464 236 1464 236 1465 996 1465 234 1465 234 1466 996 1466 235 1466 996 1467 992 1467 235 1467 235 1468 992 1468 124 1468 992 1469 993 1469 124 1469 124 1470 993 1470 127 1470 993 1471 998 1471 127 1471 127 1472 998 1472 133 1472 995 1473 695 1473 997 1473 695 1474 696 1474 997 1474 997 1475 696 1475 1004 1475 696 1476 698 1476 1004 1476 1004 1477 698 1477 1005 1477 698 1478 699 1478 1005 1478 1005 1479 699 1479 1001 1479 699 1480 707 1480 1001 1480 707 1481 703 1481 1001 1481 1001 1482 703 1482 994 1482 703 1483 702 1483 994 1483 994 1484 702 1484 995 1484 702 1485 695 1485 995 1485 1011 1486 1010 1486 1008 1486 1010 1487 1009 1487 1008 1487 1008 1488 1009 1488 1013 1488 1011 1489 1012 1489 1010 1489 1009 1490 1014 1490 1013 1490 1016 1491 1012 1491 1011 1491 1013 1492 1014 1492 1015 1492 1014 1493 1019 1493 1015 1493 1012 1494 1016 1494 1017 1494 1018 1495 1019 1495 1014 1495 1016 1496 1020 1496 1017 1496 1023 1497 1019 1497 1018 1497 1017 1498 1020 1498 1021 1498 1023 1499 1024 1499 1019 1499 1020 1500 1022 1500 1021 1500 1022 1501 1025 1501 1021 1501 1023 1502 1026 1502 1024 1502 1021 1503 1025 1503 1027 1503 1027 1504 1026 1504 1023 1504 1025 1505 1026 1505 1027 1505 194 1506 1013 1506 202 1506 1013 1507 1015 1507 202 1507 202 1508 1015 1508 206 1508 1015 1509 1019 1509 206 1509 206 1510 1019 1510 208 1510 1019 1511 1024 1511 208 1511 208 1512 1024 1512 210 1512 1024 1513 1026 1513 210 1513 210 1514 1026 1514 212 1514 1026 1515 1025 1515 212 1515 212 1516 1025 1516 213 1516 1025 1517 1022 1517 213 1517 213 1518 1022 1518 214 1518 1022 1519 1020 1519 214 1519 214 1520 1020 1520 207 1520 1020 1521 1016 1521 207 1521 207 1522 1016 1522 197 1522 1016 1523 1011 1523 197 1523 197 1524 1011 1524 195 1524 195 1525 1011 1525 193 1525 1011 1526 1008 1526 193 1526 1008 1527 1013 1527 193 1527 193 1528 1013 1528 194 1528 1014 1529 655 1529 1018 1529 655 1530 657 1530 1018 1530 1018 1531 657 1531 1023 1531 657 1532 658 1532 1023 1532 1023 1533 658 1533 1027 1533 1027 1534 662 1534 1021 1534 658 1535 662 1535 1027 1535 662 1536 661 1536 1021 1536 1021 1537 661 1537 1017 1537 1017 1538 668 1538 1012 1538 661 1539 668 1539 1017 1539 1012 1540 664 1540 1010 1540 668 1541 664 1541 1012 1541 664 1542 666 1542 1010 1542 1010 1543 666 1543 1009 1543 666 1544 659 1544 1009 1544 1009 1545 655 1545 1014 1545 659 1546 655 1546 1009 1546 1028 1547 590 1547 14 1547 1029 1548 1028 1548 14 1548 1030 1549 594 1549 590 1549 1030 1550 1028 1550 1029 1550 1030 1551 590 1551 1028 1551 1030 1552 598 1552 594 1552 1031 1553 1030 1553 1029 1553 1033 1554 538 1554 602 1554 1032 1555 601 1555 598 1555 1032 1556 602 1556 601 1556 1032 1557 598 1557 1030 1557 1032 1558 1030 1558 1031 1558 1032 1559 1031 1559 1033 1559 1032 1560 1033 1560 602 1560 1034 1561 14 1561 538 1561 1034 1562 1029 1562 14 1562 1034 1563 1031 1563 1029 1563 1034 1564 538 1564 1033 1564 1034 1565 1033 1565 1031 1565 1036 1566 561 1566 560 1566 1036 1567 560 1567 1035 1567 1036 1568 1035 1568 1037 1568 1037 1569 561 1569 1036 1569 1038 1570 563 1570 561 1570 1038 1571 561 1571 1037 1571 1039 1572 1038 1572 1049 1572 1039 1573 563 1573 1038 1573 1040 1574 1039 1574 1049 1574 1040 1575 1049 1575 1041 1575 1040 1576 566 1576 1039 1576 1042 1577 566 1577 1040 1577 1042 1578 1040 1578 1041 1578 1042 1579 568 1579 566 1579 1043 1580 568 1580 1042 1580 1043 1581 571 1581 568 1581 1044 1582 579 1582 575 1582 1045 1583 582 1583 579 1583 1045 1584 579 1584 1044 1584 1046 1585 582 1585 1045 1585 1046 1586 584 1586 582 1586 1047 1587 584 1587 1046 1587 1047 1588 587 1588 584 1588 1048 1589 587 1589 1047 1589 1068 1590 587 1590 1048 1590 1068 1591 1048 1591 1060 1591 1068 1592 589 1592 587 1592 1068 1593 1060 1593 1069 1593 1070 1594 1035 1594 1061 1594 1037 1595 1035 1595 1070 1595 1037 1596 1070 1596 1049 1596 1038 1597 1037 1597 1049 1597 1050 1598 560 1598 556 1598 1050 1599 1035 1599 560 1599 1051 1600 571 1600 1043 1600 1054 1601 1045 1601 1044 1601 1055 1602 575 1602 571 1602 1055 1603 571 1603 1051 1603 1055 1604 1051 1604 1052 1604 1056 1605 1054 1605 1044 1605 1056 1606 1044 1606 575 1606 1056 1607 1053 1607 1054 1607 1056 1608 575 1608 1055 1608 1056 1609 1052 1609 1053 1609 1056 1610 1055 1610 1052 1610 1057 1611 1046 1611 1045 1611 1057 1612 1047 1612 1046 1612 1057 1613 1048 1613 1047 1613 1059 1614 1048 1614 1057 1614 1059 1615 1060 1615 1048 1615 1059 1616 1057 1616 1058 1616 1059 1617 1058 1617 14 1617 1060 1618 1059 1618 14 1618 1062 1619 1042 1619 1041 1619 1062 1620 1043 1620 1042 1620 1062 1621 1041 1621 1049 1621 1064 1622 1062 1622 1063 1622 1064 1623 1063 1623 1053 1623 1064 1624 1043 1624 1062 1624 1065 1625 1064 1625 1053 1625 1065 1626 1052 1626 1051 1626 1065 1627 1043 1627 1064 1627 1065 1628 1053 1628 1052 1628 1065 1629 1051 1629 1043 1629 1066 1630 1054 1630 1053 1630 1066 1631 14 1631 1058 1631 1066 1632 1057 1632 1045 1632 1066 1633 1053 1633 1063 1633 1066 1634 1063 1634 14 1634 1066 1635 1045 1635 1054 1635 1066 1636 1058 1636 1057 1636 1067 1637 1062 1637 1049 1637 1067 1638 28 1638 14 1638 1067 1639 1070 1639 28 1639 1067 1640 1049 1640 1070 1640 1067 1641 1063 1641 1062 1641 1067 1642 14 1642 1063 1642 1068 1643 590 1643 589 1643 1050 1644 1070 1644 1061 1644 1050 1645 1061 1645 1035 1645 1069 1646 590 1646 1068 1646 1070 1647 556 1647 28 1647 1070 1648 1050 1648 556 1648 590 1649 1060 1649 14 1649 590 1650 1069 1650 1060 1650 1071 1651 562 1651 44 1651 1071 1652 44 1652 28 1652 1072 1653 558 1653 562 1653 1072 1654 555 1654 558 1654 1072 1655 562 1655 1071 1655 1074 1656 1071 1656 28 1656 1074 1657 1072 1657 1071 1657 1073 1658 556 1658 555 1658 1073 1659 1072 1659 1074 1659 1073 1660 555 1660 1072 1660 1075 1661 28 1661 556 1661 1075 1662 1074 1662 28 1662 1075 1663 556 1663 1073 1663 1075 1664 1073 1664 1074 1664 1078 1665 586 1665 588 1665 1078 1666 588 1666 1077 1666 1088 1667 586 1667 1078 1667 1079 1668 586 1668 1088 1668 1079 1669 583 1669 586 1669 583 1670 1079 1670 1080 1670 1080 1671 580 1671 583 1671 1081 1672 580 1672 1080 1672 1081 1673 577 1673 580 1673 1082 1674 570 1674 573 1674 1083 1675 570 1675 1082 1675 1083 1676 1085 1676 570 1676 1084 1677 1085 1677 1083 1677 1086 1678 1084 1678 1093 1678 1087 1679 1077 1679 1076 1679 1078 1680 1087 1680 1088 1680 1078 1681 1077 1681 1087 1681 1100 1682 588 1682 1101 1682 1100 1683 1077 1683 588 1683 1100 1684 1076 1684 1077 1684 1089 1685 576 1685 577 1685 1089 1686 577 1686 1081 1686 1089 1687 1081 1687 1090 1687 1091 1688 1089 1688 1090 1688 1092 1689 576 1689 1089 1689 1092 1690 1089 1690 1091 1690 1098 1691 573 1691 1092 1691 1098 1692 1082 1692 573 1692 1098 1693 1092 1693 1091 1693 1093 1694 1084 1694 1083 1694 1110 1695 1086 1695 1093 1695 1095 1696 1085 1696 1084 1696 1095 1697 1084 1697 1086 1697 1095 1698 565 1698 1085 1698 1094 1699 1095 1699 1086 1699 1095 1700 562 1700 565 1700 1095 1701 1094 1701 562 1701 1096 1702 1080 1702 1079 1702 1096 1703 1088 1703 1105 1703 1096 1704 1079 1704 1088 1704 1081 1705 1080 1705 1096 1705 1097 1706 1093 1706 1083 1706 1097 1707 1083 1707 1082 1707 1097 1708 1098 1708 1102 1708 1097 1709 1082 1709 1098 1709 1099 1710 1086 1710 1110 1710 1090 1711 1081 1711 1096 1711 1104 1712 1110 1712 1093 1712 1104 1713 44 1713 1110 1713 1104 1714 1093 1714 1097 1714 1104 1715 1097 1715 1102 1715 1101 1716 1087 1716 1076 1716 1101 1717 34 1717 1087 1717 1101 1718 1076 1718 1100 1718 1103 1719 1098 1719 1091 1719 1103 1720 1102 1720 1098 1720 1103 1721 1091 1721 1090 1721 1106 1722 1090 1722 1096 1722 1106 1723 1096 1723 1105 1723 1107 1724 1104 1724 1102 1724 1107 1725 44 1725 1104 1725 1094 1726 1086 1726 1099 1726 1108 1727 1087 1727 34 1727 1108 1728 1105 1728 1088 1728 1108 1729 1088 1729 1087 1729 1108 1730 1106 1730 1105 1730 1109 1731 1090 1731 1106 1731 1109 1732 1102 1732 1103 1732 1109 1733 1108 1733 34 1733 1109 1734 1106 1734 1108 1734 1109 1735 34 1735 44 1735 1109 1736 1103 1736 1090 1736 1109 1737 44 1737 1107 1737 1109 1738 1107 1738 1102 1738 1110 1739 562 1739 1094 1739 1110 1740 44 1740 562 1740 1110 1741 1094 1741 1099 1741 1111 1742 600 1742 75 1742 1111 1743 597 1743 600 1743 1112 1744 593 1744 597 1744 1112 1745 1101 1745 593 1745 1112 1746 597 1746 1111 1746 1113 1747 34 1747 1101 1747 1113 1748 75 1748 34 1748 1113 1749 1111 1749 75 1749 1113 1750 1112 1750 1111 1750 1113 1751 1101 1751 1112 1751 922 1752 937 1752 303 1752 920 1753 937 1753 922 1753 918 1754 937 1754 920 1754 916 1755 937 1755 918 1755 914 1756 937 1756 916 1756 913 1757 937 1757 914 1757 911 1758 937 1758 913 1758 909 1759 937 1759 911 1759 908 1760 937 1760 909 1760 906 1761 937 1761 908 1761 904 1762 937 1762 906 1762 903 1763 937 1763 904 1763 901 1764 937 1764 903 1764 899 1765 937 1765 901 1765 898 1766 937 1766 899 1766 896 1767 937 1767 898 1767 894 1768 937 1768 896 1768 892 1769 937 1769 894 1769 891 1770 937 1770 892 1770 889 1771 937 1771 891 1771 887 1772 937 1772 889 1772 885 1773 937 1773 887 1773 883 1774 937 1774 885 1774 881 1775 937 1775 883 1775 880 1776 937 1776 881 1776 877 1777 937 1777 880 1777 875 1778 937 1778 877 1778 872 1779 937 1779 875 1779 870 1780 937 1780 872 1780 867 1781 937 1781 870 1781 865 1782 937 1782 867 1782 863 1783 937 1783 865 1783 861 1784 937 1784 863 1784 859 1785 937 1785 861 1785 858 1786 937 1786 859 1786 856 1787 937 1787 858 1787 855 1788 937 1788 856 1788 853 1789 937 1789 855 1789 852 1790 937 1790 853 1790 850 1791 937 1791 852 1791 848 1792 937 1792 850 1792 846 1793 937 1793 848 1793 843 1794 937 1794 846 1794 842 1795 937 1795 843 1795 841 1796 937 1796 842 1796 840 1797 937 1797 841 1797 839 1798 937 1798 840 1798 838 1799 937 1799 839 1799 837 1800 937 1800 838 1800 835 1801 937 1801 837 1801 834 1802 937 1802 835 1802 833 1803 937 1803 834 1803 830 1804 937 1804 833 1804 829 1805 937 1805 830 1805 827 1806 937 1806 829 1806 826 1807 937 1807 827 1807 824 1808 937 1808 826 1808 823 1809 937 1809 824 1809 821 1810 937 1810 823 1810 819 1811 937 1811 821 1811 817 1812 937 1812 819 1812 813 1813 937 1813 817 1813 812 1814 937 1814 813 1814 811 1815 937 1815 812 1815 810 1816 937 1816 811 1816 809 1817 937 1817 810 1817 808 1818 937 1818 809 1818 935 1819 937 1819 936 1819 934 1820 937 1820 935 1820 303 1821 937 1821 934 1821 808 1822 807 1822 937 1822 807 1823 805 1823 937 1823 805 1824 804 1824 937 1824 804 1825 803 1825 937 1825 937 1826 790 1826 789 1826 937 1827 792 1827 790 1827 803 1828 800 1828 937 1828 800 1829 799 1829 937 1829 937 1830 794 1830 792 1830 937 1831 796 1831 794 1831 799 1832 797 1832 937 1832 797 1833 796 1833 937 1833 937 1834 309 1834 304 1834 789 1835 309 1835 937 1835 1114 1836 377 1836 376 1836 1114 1837 376 1837 541 1837 1114 1838 541 1838 542 1838 2180 1839 542 1839 543 1839 2180 1840 1114 1840 542 1840 2180 1841 543 1841 544 1841 1115 1842 2180 1842 544 1842 1115 1843 544 1843 546 1843 1116 1844 1115 1844 546 1844 1117 1845 546 1845 548 1845 1117 1846 1116 1846 546 1846 2177 1847 1117 1847 548 1847 958 1848 548 1848 549 1848 958 1849 2177 1849 548 1849 1118 1850 313 1850 727 1850 307 1851 313 1851 1118 1851 1119 1852 1120 1852 1121 1852 1119 1853 1122 1853 1120 1853 1120 1854 1122 1854 1137 1854 1137 1855 1123 1855 1807 1855 1122 1856 1124 1856 1137 1856 1137 1857 1124 1857 1123 1857 547 1858 515 1858 1124 1858 1124 1859 515 1859 1123 1859 1123 1860 1125 1860 1126 1860 1126 1861 1125 1861 1127 1861 515 1862 1125 1862 1123 1862 547 1863 545 1863 515 1863 515 1864 71 1864 1125 1864 515 1865 120 1865 71 1865 1125 1866 72 1866 1810 1866 71 1867 72 1867 1125 1867 72 1868 1806 1868 1810 1868 1128 1869 72 1869 468 1869 71 1870 465 1870 72 1870 465 1871 468 1871 72 1871 1128 1872 1129 1872 1809 1872 468 1873 241 1873 1128 1873 1128 1874 241 1874 1129 1874 241 1875 240 1875 1129 1875 1129 1876 1130 1876 1131 1876 1131 1877 1130 1877 1132 1877 240 1878 1130 1878 1129 1878 1130 1879 295 1879 1813 1879 295 1880 67 1880 1813 1880 67 1881 294 1881 69 1881 295 1882 294 1882 67 1882 1130 1883 510 1883 295 1883 240 1884 510 1884 1130 1884 294 1885 68 1885 69 1885 294 1886 296 1886 68 1886 296 1887 70 1887 68 1887 70 1888 1133 1888 1811 1888 1134 1889 1133 1889 1135 1889 296 1890 1133 1890 70 1890 1133 1891 1136 1891 1135 1891 1118 1892 1136 1892 1133 1892 296 1893 307 1893 1133 1893 1133 1894 307 1894 1118 1894 1136 1895 1803 1895 1814 1895 1118 1896 1803 1896 1136 1896 1138 1897 1120 1897 1137 1897 1121 1898 732 1898 730 1898 1121 1899 1120 1899 732 1899 732 1900 1120 1900 1138 1900 1124 1901 1122 1901 1139 1901 1139 1902 1119 1902 731 1902 1122 1903 1119 1903 1139 1903 574 1904 1140 1904 1141 1904 581 1905 574 1905 1141 1905 585 1906 1141 1906 1142 1906 585 1907 581 1907 1141 1907 585 1908 1142 1908 1143 1908 591 1909 585 1909 1143 1909 591 1910 1143 1910 1144 1910 591 1911 1144 1911 1145 1911 596 1912 1145 1912 1146 1912 596 1913 591 1913 1145 1913 596 1914 1146 1914 1147 1914 607 1915 596 1915 1147 1915 607 1916 1147 1916 1148 1916 606 1917 607 1917 1148 1917 606 1918 1148 1918 1149 1918 610 1919 1149 1919 1150 1919 610 1920 606 1920 1149 1920 620 1921 1150 1921 1151 1921 620 1922 610 1922 1150 1922 619 1923 620 1923 1151 1923 619 1924 1151 1924 1152 1924 619 1925 1152 1925 1153 1925 618 1926 619 1926 1153 1926 613 1927 618 1927 1153 1927 613 1928 1153 1928 1154 1928 613 1929 1154 1929 1155 1929 614 1930 613 1930 1155 1930 614 1931 1155 1931 1156 1931 612 1932 614 1932 1156 1932 612 1933 1156 1933 1157 1933 625 1934 1157 1934 1158 1934 625 1935 612 1935 1157 1935 625 1936 1158 1936 1159 1936 625 1937 1159 1937 1160 1937 624 1938 625 1938 1160 1938 624 1939 1160 1939 1161 1939 623 1940 624 1940 1161 1940 623 1941 1161 1941 1162 1941 623 1942 1162 1942 1163 1942 609 1943 623 1943 1163 1943 609 1944 1163 1944 1164 1944 1165 1945 609 1945 1164 1945 603 1946 1165 1946 1166 1946 603 1947 1166 1947 1167 1947 599 1948 603 1948 1167 1948 599 1949 1167 1949 1168 1949 595 1950 599 1950 1168 1950 595 1951 1168 1951 1169 1951 595 1952 1169 1952 1170 1952 592 1953 595 1953 1170 1953 592 1954 1170 1954 1171 1954 578 1955 592 1955 1171 1955 578 1956 1171 1956 1172 1956 1174 1957 578 1957 1172 1957 1174 1958 1172 1958 1173 1958 567 1959 1176 1959 1177 1959 567 1960 1177 1960 1178 1960 559 1961 567 1961 1178 1961 559 1962 1178 1962 1179 1962 557 1963 559 1963 1179 1963 557 1964 1179 1964 1180 1964 557 1965 1180 1965 1181 1965 564 1966 557 1966 1181 1966 564 1967 1181 1967 1182 1967 569 1968 564 1968 1182 1968 569 1969 1182 1969 1183 1969 572 1970 1183 1970 1184 1970 572 1971 569 1971 1183 1971 574 1972 1184 1972 1140 1972 574 1973 572 1973 1184 1973 1168 1974 1187 1974 1185 1974 1167 1975 1187 1975 1168 1975 1185 1976 1186 1976 1168 1976 1168 1977 1186 1977 1169 1977 1186 1978 1188 1978 1169 1978 1169 1979 1188 1979 1170 1979 1167 1980 1190 1980 1187 1980 1166 1981 1190 1981 1167 1981 1188 1982 1189 1982 1170 1982 1189 1983 1192 1983 1170 1983 1166 1984 1191 1984 1190 1984 1166 1985 1193 1985 1191 1985 1192 1986 1194 1986 1170 1986 1170 1987 1194 1987 1171 1987 1194 1988 1195 1988 1171 1988 1166 1989 1196 1989 1193 1989 1166 1990 1165 1990 1196 1990 1195 1991 1197 1991 1171 1991 1165 1992 1198 1992 1196 1992 1197 1993 1199 1993 1171 1993 1171 1994 1199 1994 1172 1994 1165 1995 1164 1995 1198 1995 1164 1996 1200 1996 1198 1996 1199 1997 1201 1997 1172 1997 1164 1998 1203 1998 1200 1998 1201 1999 1202 1999 1172 1999 1172 2000 1202 2000 1173 2000 1164 2001 1163 2001 1203 2001 1202 2002 1204 2002 1173 2002 1163 2003 1205 2003 1203 2003 1163 2004 1162 2004 1205 2004 1162 2005 1207 2005 1205 2005 1204 2006 1206 2006 1173 2006 1173 2007 1206 2007 1174 2007 1206 2008 1208 2008 1174 2008 1174 2009 1208 2009 1175 2009 1162 2010 1161 2010 1207 2010 1161 2011 1209 2011 1207 2011 1208 2012 1211 2012 1175 2012 1161 2013 1210 2013 1209 2013 1161 2014 1160 2014 1210 2014 1160 2015 1212 2015 1210 2015 1175 2016 1211 2016 1176 2016 1211 2017 1213 2017 1176 2017 1160 2018 1214 2018 1212 2018 1176 2019 1213 2019 1177 2019 1160 2020 1159 2020 1214 2020 1213 2021 1215 2021 1177 2021 1159 2022 1216 2022 1214 2022 1159 2023 1158 2023 1216 2023 1215 2024 1217 2024 1177 2024 1158 2025 1219 2025 1216 2025 1177 2026 1218 2026 1178 2026 1217 2027 1218 2027 1177 2027 1157 2028 1219 2028 1158 2028 1218 2029 1220 2029 1178 2029 1157 2030 1221 2030 1219 2030 1220 2031 1222 2031 1178 2031 1157 2032 1223 2032 1221 2032 1157 2033 1156 2033 1223 2033 1156 2034 1225 2034 1223 2034 1178 2035 1224 2035 1179 2035 1222 2036 1224 2036 1178 2036 1224 2037 1226 2037 1179 2037 1226 2038 1227 2038 1179 2038 1227 2039 1180 2039 1179 2039 1225 2040 1156 2040 1229 2040 1227 2041 1228 2041 1180 2041 1156 2042 1155 2042 1229 2042 1228 2043 1230 2043 1180 2043 1230 2044 1181 2044 1180 2044 1229 2045 1155 2045 1231 2045 1232 2046 1181 2046 1230 2046 1231 2047 1154 2047 1233 2047 1155 2048 1154 2048 1231 2048 1233 2049 1154 2049 1235 2049 1232 2050 1234 2050 1181 2050 1234 2051 1182 2051 1181 2051 1154 2052 1153 2052 1235 2052 1234 2053 1236 2053 1182 2053 1235 2054 1153 2054 1237 2054 1236 2055 1238 2055 1182 2055 1238 2056 1183 2056 1182 2056 1237 2057 1153 2057 1239 2057 1153 2058 1152 2058 1239 2058 1238 2059 1241 2059 1183 2059 1239 2060 1152 2060 1240 2060 1152 2061 1242 2061 1240 2061 1241 2062 1243 2062 1183 2062 1243 2063 1184 2063 1183 2063 1152 2064 1151 2064 1242 2064 1242 2065 1151 2065 1244 2065 1243 2066 1245 2066 1184 2066 1245 2067 1247 2067 1184 2067 1244 2068 1151 2068 1246 2068 1247 2069 1140 2069 1184 2069 1246 2070 1151 2070 1249 2070 1247 2071 1248 2071 1140 2071 1151 2072 1150 2072 1249 2072 1150 2073 1250 2073 1249 2073 1248 2074 1251 2074 1140 2074 1251 2075 1141 2075 1140 2075 1250 2076 1150 2076 1252 2076 1251 2077 1253 2077 1141 2077 1252 2078 1149 2078 1254 2078 1150 2079 1149 2079 1252 2079 1255 2080 1141 2080 1253 2080 1254 2081 1149 2081 1256 2081 1257 2082 1142 2082 1255 2082 1255 2083 1142 2083 1141 2083 1256 2084 1148 2084 1258 2084 1149 2085 1148 2085 1256 2085 1258 2086 1148 2086 1260 2086 1259 2087 1142 2087 1257 2087 1259 2088 1143 2088 1142 2088 1259 2089 1261 2089 1143 2089 1260 2090 1148 2090 1262 2090 1261 2091 1144 2091 1143 2091 1148 2092 1147 2092 1262 2092 1262 2093 1147 2093 1264 2093 1263 2094 1144 2094 1261 2094 1263 2095 1145 2095 1144 2095 1265 2096 1145 2096 1263 2096 1264 2097 1147 2097 1266 2097 1267 2098 1146 2098 1265 2098 1265 2099 1146 2099 1145 2099 1266 2100 1146 2100 1267 2100 1147 2101 1146 2101 1266 2101 952 2102 283 2102 608 2102 519 2103 947 2103 119 2103 119 2104 947 2104 118 2104 99 2105 951 2105 98 2105 951 2106 554 2106 98 2106 519 2107 554 2107 947 2107 947 2108 554 2108 951 2108 947 2109 950 2109 948 2109 947 2110 951 2110 950 2110 340 2111 927 2111 56 2111 340 2112 56 2112 61 2112 52 2113 924 2113 50 2113 923 2114 924 2114 52 2114 50 2115 534 2115 48 2115 924 2116 534 2116 50 2116 1268 2117 1269 2117 533 2117 533 2118 1269 2118 532 2118 532 2119 1269 2119 526 2119 1269 2120 1270 2120 526 2120 1270 2121 1271 2121 526 2121 526 2122 1271 2122 521 2122 1271 2123 1272 2123 521 2123 521 2124 1272 2124 522 2124 1272 2125 1273 2125 522 2125 1273 2126 1274 2126 522 2126 522 2127 1274 2127 528 2127 528 2128 1274 2128 533 2128 533 2129 1274 2129 1268 2129 536 2130 949 2130 86 2130 86 2131 949 2131 88 2131 949 2132 536 2132 0 2132 949 2133 0 2133 3 2133 19 2134 946 2134 16 2134 553 2135 946 2135 19 2135 946 2136 553 2136 111 2136 111 2137 553 2137 122 2137 304 2138 310 2138 937 2138 928 2139 929 2139 310 2139 929 2140 937 2140 310 2140 942 2141 931 2141 940 2141 931 2142 310 2142 940 2142 931 2143 928 2143 310 2143 788 2144 312 2144 789 2144 789 2145 312 2145 309 2145 312 2146 926 2146 944 2146 788 2147 926 2147 312 2147 943 2148 930 2148 942 2148 930 2149 931 2149 942 2149 57 2150 927 2150 806 2150 56 2151 927 2151 57 2151 815 2152 52 2152 53 2152 923 2153 52 2153 815 2153 782 2154 844 2154 523 2154 844 2155 524 2155 523 2155 530 2156 836 2156 525 2156 525 2157 836 2157 787 2157 762 2158 1275 2158 761 2158 761 2159 1275 2159 746 2159 765 2160 605 2160 764 2160 762 2161 1276 2161 1275 2161 605 2162 1277 2162 764 2162 764 2163 1277 2163 762 2163 1278 2164 1277 2164 605 2164 762 2165 1277 2165 1276 2165 773 2166 605 2166 770 2166 770 2167 605 2167 767 2167 767 2168 605 2168 765 2168 1279 2169 1280 2169 1277 2169 1277 2170 1280 2170 1276 2170 1281 2171 750 2171 742 2171 1281 2172 751 2172 750 2172 1280 2173 754 2173 1281 2173 1281 2174 754 2174 751 2174 1279 2175 758 2175 1280 2175 1280 2176 758 2176 754 2176 758 2177 617 2177 759 2177 1279 2178 617 2178 758 2178 1279 2179 1282 2179 617 2179 617 2180 755 2180 757 2180 617 2181 757 2181 759 2181 605 2182 617 2182 1278 2182 617 2183 1282 2183 1278 2183 1286 2184 1283 2184 1282 2184 1283 2185 1284 2185 1282 2185 1285 2186 1279 2186 1287 2186 1286 2187 1279 2187 1285 2187 1282 2188 1279 2188 1286 2188 1279 2189 1293 2189 1287 2189 1291 2190 1288 2190 1284 2190 1288 2191 1289 2191 1284 2191 1291 2192 1290 2192 1288 2192 1284 2193 1289 2193 1282 2193 1292 2194 1290 2194 1291 2194 1292 2195 1294 2195 1290 2195 1293 2196 1294 2196 1292 2196 1279 2197 1294 2197 1293 2197 1279 2198 1295 2198 1294 2198 1297 2199 1296 2199 1289 2199 1296 2200 1299 2200 1289 2200 1295 2201 1296 2201 1297 2201 1295 2202 1306 2202 1296 2202 1300 2203 1298 2203 1299 2203 1298 2204 1301 2204 1299 2204 1300 2205 1302 2205 1298 2205 1306 2206 1302 2206 1300 2206 1301 2207 1278 2207 1299 2207 1304 2208 1278 2208 1303 2208 1289 2209 1278 2209 1282 2209 1299 2210 1278 2210 1289 2210 1303 2211 1278 2211 1301 2211 1306 2212 1277 2212 1302 2212 1304 2213 1277 2213 1278 2213 1305 2214 1277 2214 1315 2214 1302 2215 1277 2215 1305 2215 1315 2216 1277 2216 1304 2216 1279 2217 1277 2217 1295 2217 1295 2218 1277 2218 1306 2218 1308 2219 1312 2219 1307 2219 1309 2220 1312 2220 1308 2220 1309 2221 1310 2221 1312 2221 1311 2222 1312 2222 1310 2222 1313 2223 1312 2223 1311 2223 1287 2224 1312 2224 1313 2224 1307 2225 1312 2225 1287 2225 1309 2226 1308 2226 1284 2226 1284 2227 1308 2227 1291 2227 1291 2228 1308 2228 1292 2228 1308 2229 1307 2229 1292 2229 1292 2230 1307 2230 1293 2230 1307 2231 1287 2231 1293 2231 1287 2232 1313 2232 1285 2232 1313 2233 1311 2233 1285 2233 1285 2234 1311 2234 1286 2234 1311 2235 1310 2235 1286 2235 1286 2236 1310 2236 1283 2236 1310 2237 1309 2237 1283 2237 1283 2238 1309 2238 1284 2238 1316 2239 1314 2239 1315 2239 1314 2240 1318 2240 1319 2240 1317 2241 1314 2241 1316 2241 1317 2242 1318 2242 1314 2242 1320 2243 1319 2243 1298 2243 1314 2244 1319 2244 1320 2244 1318 2245 1317 2245 1303 2245 1303 2246 1317 2246 1304 2246 1317 2247 1316 2247 1304 2247 1304 2248 1316 2248 1315 2248 1315 2249 1314 2249 1305 2249 1305 2250 1314 2250 1302 2250 1314 2251 1320 2251 1302 2251 1302 2252 1320 2252 1298 2252 1319 2253 1318 2253 1298 2253 1298 2254 1318 2254 1301 2254 1301 2255 1318 2255 1303 2255 1295 2256 781 2256 1294 2256 1288 2257 1321 2257 1289 2257 1297 2258 1321 2258 781 2258 1290 2259 1321 2259 1288 2259 781 2260 1321 2260 1290 2260 779 2261 1296 2261 1306 2261 1296 2262 780 2262 1299 2262 1300 2263 780 2263 779 2263 1299 2264 780 2264 1300 2264 779 2265 780 2265 1296 2265 745 2266 746 2266 1275 2266 1276 2267 745 2267 1275 2267 744 2268 745 2268 1276 2268 1281 2269 742 2269 735 2269 1280 2270 735 2270 744 2270 1280 2271 744 2271 1276 2271 1280 2272 1281 2272 735 2272 37 2273 443 2273 29 2273 80 2274 443 2274 37 2274 440 2275 78 2275 527 2275 527 2276 78 2276 77 2276 441 2277 440 2277 529 2277 529 2278 440 2278 527 2278 442 2279 441 2279 531 2279 531 2280 441 2280 529 2280 239 2281 442 2281 238 2281 238 2282 442 2282 531 2282 1119 2283 1121 2283 731 2283 731 2284 1121 2284 730 2284 191 2285 516 2285 190 2285 516 2286 1322 2286 190 2286 190 2287 1322 2287 228 2287 228 2288 1323 2288 227 2288 1322 2289 1323 2289 228 2289 227 2290 1324 2290 226 2290 1323 2291 1324 2291 227 2291 226 2292 1324 2292 222 2292 222 2293 1325 2293 223 2293 1324 2294 1325 2294 222 2294 223 2295 1326 2295 224 2295 1325 2296 1326 2296 223 2296 224 2297 1327 2297 225 2297 1326 2298 1327 2298 224 2298 225 2299 1328 2299 172 2299 1327 2300 1328 2300 225 2300 172 2301 1328 2301 171 2301 1328 2302 1329 2302 171 2302 171 2303 1329 2303 168 2303 1329 2304 1330 2304 168 2304 168 2305 1330 2305 164 2305 164 2306 1330 2306 155 2306 1330 2307 1331 2307 155 2307 100 2308 1332 2308 101 2308 101 2309 1333 2309 104 2309 1332 2310 1333 2310 101 2310 104 2311 1334 2311 108 2311 1333 2312 1334 2312 104 2312 108 2313 1335 2313 110 2313 1334 2314 1335 2314 108 2314 110 2315 1336 2315 116 2315 1335 2316 1336 2316 110 2316 116 2317 1337 2317 115 2317 1336 2318 1337 2318 116 2318 115 2319 1338 2319 114 2319 1337 2320 1338 2320 115 2320 114 2321 1339 2321 113 2321 1338 2322 1339 2322 114 2322 113 2323 520 2323 112 2323 1339 2324 520 2324 113 2324 1340 2325 540 2325 1341 2325 1341 2326 540 2326 535 2326 1342 2327 1341 2327 537 2327 1341 2328 535 2328 537 2328 537 2329 1343 2329 1342 2329 539 2330 1343 2330 537 2330 539 2331 1340 2331 1343 2331 540 2332 1340 2332 539 2332 1343 2333 1341 2333 1342 2333 1340 2334 1341 2334 1343 2334 651 2335 461 2335 463 2335 641 2336 461 2336 651 2336 439 2337 642 2337 653 2337 458 2338 439 2338 653 2338 481 2339 635 2339 502 2339 481 2340 502 2340 479 2340 462 2341 520 2341 712 2341 520 2342 1339 2342 712 2342 1339 2343 1338 2343 712 2343 1338 2344 1337 2344 712 2344 1337 2345 1336 2345 712 2345 1335 2346 711 2346 1336 2346 1334 2347 711 2347 1335 2347 1333 2348 711 2348 1334 2348 1332 2349 711 2349 1333 2349 1336 2350 711 2350 712 2350 1332 2351 478 2351 711 2351 711 2352 478 2352 480 2352 711 2353 480 2353 487 2353 464 2354 462 2354 712 2354 464 2355 712 2355 700 2355 645 2356 1344 2356 670 2356 646 2357 645 2357 670 2357 1345 2358 647 2358 649 2358 1345 2359 649 2359 674 2359 1344 2360 645 2360 517 2360 645 2361 516 2361 517 2361 645 2362 1322 2362 516 2362 645 2363 1323 2363 1322 2363 645 2364 1324 2364 1323 2364 645 2365 1325 2365 1324 2365 1330 2366 1346 2366 1331 2366 1329 2367 1346 2367 1330 2367 1328 2368 647 2368 1329 2368 1327 2369 647 2369 1328 2369 1326 2370 647 2370 1327 2370 1346 2371 647 2371 1345 2371 1329 2372 647 2372 1346 2372 645 2373 647 2373 1325 2373 1325 2374 647 2374 1326 2374 140 2375 686 2375 159 2375 140 2376 692 2376 686 2376 142 2377 157 2377 694 2377 694 2378 157 2378 697 2378 205 2379 209 2379 654 2379 209 2380 656 2380 654 2380 211 2381 203 2381 660 2381 203 2382 669 2382 660 2382 648 2383 160 2383 686 2383 160 2384 159 2384 686 2384 203 2385 644 2385 669 2385 203 2386 198 2386 644 2386 200 2387 654 2387 652 2387 200 2388 205 2388 654 2388 162 2389 650 2389 697 2389 157 2390 162 2390 697 2390 656 2391 209 2391 660 2391 209 2392 211 2392 660 2392 140 2393 689 2393 692 2393 140 2394 134 2394 689 2394 493 2395 82 2395 490 2395 81 2396 82 2396 493 2396 132 2397 142 2397 693 2397 693 2398 142 2398 694 2398 706 2399 1347 2399 708 2399 708 2400 1348 2400 709 2400 709 2401 1349 2401 710 2401 710 2402 1350 2402 704 2402 704 2403 1350 2403 701 2403 701 2404 1351 2404 705 2404 705 2405 1347 2405 706 2405 501 2406 1352 2406 503 2406 1357 2407 1352 2407 501 2407 1352 2408 504 2408 503 2408 504 2409 1353 2409 500 2409 500 2410 1353 2410 497 2410 1353 2411 1354 2411 497 2411 497 2412 1354 2412 1355 2412 1355 2413 1356 2413 499 2413 499 2414 1357 2414 501 2414 552 2415 550 2415 1139 2415 552 2416 1139 2416 731 2416 1139 2417 547 2417 1124 2417 550 2418 547 2418 1139 2418 454 2419 447 2419 449 2419 643 2420 447 2420 454 2420 450 2421 448 2421 638 2421 450 2422 638 2422 453 2422 639 2423 446 2423 456 2423 639 2424 444 2424 446 2424 455 2425 457 2425 640 2425 457 2426 460 2426 640 2426 715 2427 634 2427 474 2427 474 2428 634 2428 472 2428 471 2429 716 2429 473 2429 637 2430 716 2430 471 2430 415 2431 715 2431 413 2431 412 2432 413 2432 715 2432 417 2433 715 2433 415 2433 716 2434 417 2434 406 2434 716 2435 715 2435 417 2435 407 2436 716 2436 406 2436 474 2437 410 2437 412 2437 474 2438 412 2438 715 2438 473 2439 407 2439 410 2439 473 2440 410 2440 474 2440 473 2441 716 2441 407 2441 476 2442 633 2442 477 2442 477 2443 633 2443 713 2443 636 2444 483 2444 714 2444 636 2445 482 2445 483 2445 405 2446 714 2446 403 2446 400 2447 403 2447 714 2447 713 2448 405 2448 395 2448 713 2449 714 2449 405 2449 397 2450 713 2450 395 2450 483 2451 400 2451 714 2451 483 2452 475 2452 400 2452 477 2453 399 2453 400 2453 477 2454 397 2454 399 2454 477 2455 713 2455 397 2455 477 2456 400 2456 475 2456 328 2457 627 2457 1358 2457 328 2458 626 2458 627 2458 291 2459 1359 2459 621 2459 291 2460 293 2460 1359 2460 1358 2461 622 2461 1359 2461 1359 2462 622 2462 621 2462 622 2463 627 2463 628 2463 1358 2464 627 2464 622 2464 342 2465 293 2465 292 2465 1359 2466 328 2466 1358 2466 293 2467 328 2467 1359 2467 328 2468 393 2468 329 2468 293 2469 393 2469 328 2469 342 2470 393 2470 293 2470 682 2471 1364 2471 683 2471 1364 2472 1360 2472 683 2472 683 2473 1360 2473 678 2473 1360 2474 1361 2474 678 2474 678 2475 1361 2475 676 2475 1361 2476 1362 2476 676 2476 676 2477 1362 2477 677 2477 1362 2478 1363 2478 677 2478 677 2479 1363 2479 680 2479 1363 2480 1364 2480 680 2480 680 2481 1364 2481 682 2481 265 2482 1363 2482 266 2482 265 2483 1364 2483 1363 2483 262 2484 1364 2484 265 2484 1363 2485 1362 2485 266 2485 266 2486 1362 2486 256 2486 262 2487 261 2487 1364 2487 1364 2488 261 2488 1360 2488 1362 2489 257 2489 256 2489 1361 2490 257 2490 1362 2490 1361 2491 260 2491 257 2491 1360 2492 260 2492 1361 2492 1360 2493 261 2493 260 2493 672 2494 1365 2494 673 2494 1365 2495 1366 2495 673 2495 673 2496 1366 2496 667 2496 1366 2497 1367 2497 667 2497 667 2498 1367 2498 663 2498 1367 2499 1368 2499 663 2499 663 2500 1368 2500 665 2500 1368 2501 1369 2501 665 2501 665 2502 1369 2502 671 2502 671 2503 1369 2503 672 2503 1369 2504 1365 2504 672 2504 277 2505 1369 2505 278 2505 277 2506 1365 2506 1369 2506 274 2507 1365 2507 277 2507 278 2508 1369 2508 268 2508 273 2509 1365 2509 274 2509 1369 2510 1368 2510 268 2510 268 2511 1368 2511 269 2511 273 2512 1366 2512 1365 2512 273 2513 271 2513 1366 2513 1367 2514 269 2514 1368 2514 271 2515 270 2515 1366 2515 1366 2516 270 2516 1367 2516 1367 2517 270 2517 269 2517 1354 2518 1356 2518 1355 2518 1354 2519 1353 2519 1356 2519 1356 2520 1357 2520 499 2520 1353 2521 1352 2521 1356 2521 504 2522 1352 2522 1353 2522 1356 2523 1352 2523 1357 2523 701 2524 1350 2524 1351 2524 1351 2525 1347 2525 705 2525 710 2526 1349 2526 1350 2526 1350 2527 1347 2527 1351 2527 709 2528 1348 2528 1349 2528 1349 2529 1348 2529 1350 2529 1350 2530 1348 2530 1347 2530 1347 2531 1348 2531 708 2531 517 2532 184 2532 1344 2532 1344 2533 451 2533 670 2533 184 2534 183 2534 1344 2534 1344 2535 183 2535 451 2535 1345 2536 674 2536 1346 2536 675 2537 155 2537 1331 2537 121 2538 155 2538 675 2538 467 2539 466 2539 121 2539 467 2540 121 2540 675 2540 216 2541 1375 2541 215 2541 215 2542 1375 2542 182 2542 1375 2543 1370 2543 182 2543 182 2544 1370 2544 179 2544 1370 2545 1371 2545 179 2545 179 2546 1371 2546 233 2546 233 2547 1371 2547 175 2547 1371 2548 1372 2548 175 2548 1372 2549 1373 2549 175 2549 175 2550 1373 2550 177 2550 1373 2551 1374 2551 177 2551 177 2552 1374 2552 178 2552 1374 2553 1375 2553 178 2553 178 2554 1375 2554 216 2554 435 2555 434 2555 1374 2555 435 2556 1374 2556 1373 2556 434 2557 1375 2557 1374 2557 1372 2558 435 2558 1373 2558 432 2559 1375 2559 434 2559 1370 2560 432 2560 430 2560 1370 2561 1375 2561 432 2561 1371 2562 428 2562 1372 2562 1371 2563 430 2563 428 2563 1370 2564 430 2564 1371 2564 217 2565 1382 2565 176 2565 1382 2566 1376 2566 176 2566 1376 2567 1377 2567 176 2567 176 2568 1377 2568 174 2568 174 2569 1377 2569 173 2569 1377 2570 1378 2570 173 2570 173 2571 1378 2571 232 2571 1378 2572 1379 2572 232 2572 232 2573 1379 2573 230 2573 230 2574 1379 2574 231 2574 1379 2575 1380 2575 231 2575 231 2576 1380 2576 169 2576 1380 2577 1381 2577 169 2577 1381 2578 1382 2578 169 2578 169 2579 1382 2579 217 2579 425 2580 423 2580 1381 2580 423 2581 1382 2581 1381 2581 425 2582 1381 2582 1380 2582 422 2583 1382 2583 423 2583 422 2584 1376 2584 1382 2584 1380 2585 418 2585 425 2585 1379 2586 418 2586 1380 2586 1377 2587 1376 2587 422 2587 1378 2588 418 2588 1379 2588 1378 2589 419 2589 418 2589 1377 2590 422 2590 419 2590 1378 2591 1377 2591 419 2591 1389 2592 1383 2592 251 2592 251 2593 1383 2593 246 2593 246 2594 1383 2594 247 2594 1383 2595 1384 2595 247 2595 247 2596 1384 2596 248 2596 1384 2597 1385 2597 248 2597 248 2598 1385 2598 249 2598 249 2599 1385 2599 135 2599 1385 2600 1386 2600 135 2600 135 2601 1386 2601 106 2601 1386 2602 1387 2602 106 2602 106 2603 1387 2603 103 2603 1387 2604 1388 2604 103 2604 103 2605 1388 2605 109 2605 1388 2606 1389 2606 109 2606 109 2607 1389 2607 252 2607 252 2608 1389 2608 251 2608 411 2609 1389 2609 1388 2609 409 2610 1389 2610 411 2610 409 2611 1383 2611 1389 2611 414 2612 411 2612 1388 2612 414 2613 1388 2613 1387 2613 408 2614 1383 2614 409 2614 408 2615 1384 2615 1383 2615 1387 2616 416 2616 414 2616 1386 2617 416 2617 1387 2617 1385 2618 416 2618 1386 2618 1384 2619 408 2619 1385 2619 255 2620 1395 2620 253 2620 1395 2621 1390 2621 253 2621 253 2622 1390 2622 254 2622 254 2623 1390 2623 102 2623 1390 2624 1391 2624 102 2624 102 2625 1391 2625 105 2625 1391 2626 1392 2626 105 2626 105 2627 1392 2627 107 2627 107 2628 1392 2628 92 2628 1392 2629 1393 2629 92 2629 92 2630 1393 2630 93 2630 93 2631 1393 2631 94 2631 1393 2632 1394 2632 94 2632 94 2633 1394 2633 255 2633 1394 2634 1395 2634 255 2634 402 2635 1394 2635 1393 2635 402 2636 1395 2636 1394 2636 401 2637 1395 2637 402 2637 401 2638 1390 2638 1395 2638 404 2639 402 2639 1393 2639 398 2640 1390 2640 401 2640 1392 2641 404 2641 1393 2641 1392 2642 394 2642 404 2642 1390 2643 398 2643 396 2643 1391 2644 1390 2644 396 2644 1391 2645 394 2645 1392 2645 1391 2646 396 2646 394 2646 121 2647 465 2647 71 2647 121 2648 466 2648 465 2648 1346 2649 674 2649 1331 2649 1331 2650 674 2650 675 2650 1398 2651 1400 2651 1399 2651 1397 2652 1400 2652 1398 2652 1418 2653 201 2653 1396 2653 1396 2654 201 2654 1402 2654 1402 2655 1401 2655 1397 2655 1397 2656 1401 2656 1400 2656 201 2657 181 2657 1402 2657 1402 2658 181 2658 1401 2658 186 2659 1403 2659 79 2659 186 2660 49 2660 1403 2660 186 2661 79 2661 1404 2661 1407 2662 1451 2662 1406 2662 1407 2663 1405 2663 1451 2663 1411 2664 1407 2664 1406 2664 1408 2665 1405 2665 1407 2665 1408 2666 1407 2666 1460 2666 1409 2667 1408 2667 1425 2667 1409 2668 1405 2668 1408 2668 1410 2669 1411 2669 1406 2669 150 2670 1411 2670 1410 2670 1412 2671 1411 2671 150 2671 130 2672 1412 2672 150 2672 1495 2673 1415 2673 1414 2673 1416 2674 1415 2674 1495 2674 1416 2675 1417 2675 1415 2675 1416 2676 151 2676 1417 2676 148 2677 151 2677 1416 2677 1401 2678 186 2678 1404 2678 1401 2679 181 2679 186 2679 186 2680 1419 2680 49 2680 185 2681 1419 2681 186 2681 1420 2682 1421 2682 1468 2682 1420 2683 1422 2683 1421 2683 1422 2684 1423 2684 1421 2684 1422 2685 1424 2685 1425 2685 1420 2686 1424 2686 1422 2686 1426 2687 1427 2687 1421 2687 1421 2688 1427 2688 1468 2688 1426 2689 145 2689 1427 2689 1426 2690 1428 2690 145 2690 1428 2691 128 2691 145 2691 145 2692 1410 2692 1427 2692 150 2693 1410 2693 145 2693 1412 2694 130 2694 1428 2694 130 2695 128 2695 1428 2695 268 2696 1429 2696 267 2696 267 2697 1429 2697 1434 2697 1472 2698 1430 2698 1500 2698 201 2699 1418 2699 1431 2699 192 2700 201 2700 1431 2700 1471 2701 1430 2701 1472 2701 1471 2702 1431 2702 1430 2702 1471 2703 192 2703 1431 2703 1429 2704 192 2704 1471 2704 1429 2705 268 2705 192 2705 73 2706 51 2706 1433 2706 51 2707 1432 2707 1433 2707 1419 2708 185 2708 51 2708 51 2709 1434 2709 1432 2709 185 2710 1434 2710 51 2710 267 2711 1434 2711 185 2711 220 2712 1436 2712 1435 2712 220 2713 272 2713 1436 2713 272 2714 275 2714 1436 2714 1435 2715 1417 2715 219 2715 1417 2716 166 2716 219 2716 219 2717 166 2717 259 2717 166 2718 263 2718 259 2718 1417 2719 151 2719 166 2719 219 2720 220 2720 1435 2720 189 2721 1437 2721 1438 2721 276 2722 189 2722 1438 2722 1416 2723 1437 2723 170 2723 156 2724 1416 2724 170 2724 264 2725 156 2725 170 2725 264 2726 170 2726 258 2726 148 2727 1416 2727 156 2727 189 2728 170 2728 1437 2728 259 2729 264 2729 258 2729 263 2730 264 2730 259 2730 1436 2731 275 2731 1438 2731 275 2732 276 2732 1438 2732 1442 2733 1439 2733 1450 2733 1440 2734 1439 2734 1442 2734 1441 2735 1440 2735 1442 2735 1445 2736 1443 2736 1440 2736 1445 2737 1444 2737 1443 2737 1445 2738 1440 2738 1441 2738 1445 2739 1441 2739 1486 2739 1483 2740 1447 2740 1446 2740 1483 2741 1446 2741 1448 2741 1483 2742 1448 2742 1445 2742 1483 2743 1445 2743 1486 2743 1449 2744 1444 2744 1450 2744 1450 2745 1451 2745 1405 2745 1444 2746 1451 2746 1450 2746 1444 2747 1452 2747 1451 2747 1451 2748 1452 2748 1496 2748 1453 2749 1482 2749 1455 2749 1455 2750 1482 2750 1454 2750 1454 2751 1482 2751 1452 2751 1452 2752 1482 2752 1496 2752 1439 2753 1440 2753 1449 2753 1440 2754 1444 2754 1449 2754 1507 2755 1456 2755 1505 2755 1456 2756 1457 2756 1458 2756 1507 2757 1457 2757 1456 2757 1457 2758 1460 2758 1458 2758 1459 2759 1460 2759 1457 2759 1460 2760 1407 2760 1421 2760 1461 2761 1423 2761 1408 2761 1462 2762 1423 2762 1463 2762 1463 2763 1423 2763 1461 2763 1423 2764 1422 2764 1408 2764 1464 2765 1462 2765 1506 2765 1464 2766 1465 2766 1462 2766 1462 2767 1465 2767 1423 2767 1420 2768 1466 2768 1405 2768 1466 2769 1442 2769 1405 2769 1405 2770 1442 2770 1450 2770 1468 2771 1451 2771 1467 2771 1467 2772 1451 2772 1441 2772 1474 2773 1469 2773 1470 2773 1474 2774 1470 2774 1475 2774 1474 2775 1475 2775 1473 2775 1472 2776 1473 2776 1471 2776 1471 2777 1473 2777 1475 2777 1472 2778 1474 2778 1473 2778 1474 2779 1472 2779 1469 2779 1475 2780 1470 2780 1471 2780 1434 2781 1477 2781 1432 2781 1470 2782 1477 2782 1434 2782 1432 2783 1477 2783 1476 2783 1446 2784 1447 2784 1455 2784 1447 2785 1453 2785 1455 2785 1431 2786 1418 2786 33 2786 1418 2787 1396 2787 33 2787 1396 2788 1403 2788 49 2788 1400 2789 39 2789 1399 2789 39 2790 1401 2790 79 2790 1400 2791 1401 2791 39 2791 1430 2792 1432 2792 1500 2792 1429 2793 1471 2793 1434 2793 1469 2794 1478 2794 1414 2794 1469 2795 1414 2795 1415 2795 1479 2796 1469 2796 1415 2796 1470 2797 1479 2797 1477 2797 1470 2798 1469 2798 1479 2798 1480 2799 1476 2799 1495 2799 1495 2800 1476 2800 1416 2800 1476 2801 1481 2801 1416 2801 1481 2802 1503 2802 1416 2802 1476 2803 1477 2803 1481 2803 1434 2804 1471 2804 1470 2804 1447 2805 1482 2805 1453 2805 1447 2806 1483 2806 1482 2806 1490 2807 1486 2807 1413 2807 1488 2808 1483 2808 1486 2808 1490 2809 1413 2809 1495 2809 1488 2810 1482 2810 1483 2810 1487 2811 1414 2811 1478 2811 1485 2812 1482 2812 1488 2812 1490 2813 1495 2813 1414 2813 1489 2814 1478 2814 1482 2814 1489 2815 1482 2815 1485 2815 1484 2816 1491 2816 1494 2816 1493 2817 1485 2817 1488 2817 1489 2818 1487 2818 1478 2818 1490 2819 1414 2819 1487 2819 1486 2820 1492 2820 1488 2820 1494 2821 1491 2821 1487 2821 1493 2822 1488 2822 1492 2822 1484 2823 1489 2823 1485 2823 1492 2824 1486 2824 1490 2824 1491 2825 1490 2825 1487 2825 1493 2826 1492 2826 1491 2826 1484 2827 1493 2827 1491 2827 1494 2828 1489 2828 1484 2828 1494 2829 1487 2829 1489 2829 1484 2830 1485 2830 1493 2830 1491 2831 1492 2831 1490 2831 1495 2832 1496 2832 1480 2832 1496 2833 1495 2833 1413 2833 1480 2834 1496 2834 1482 2834 1445 2835 1448 2835 1452 2835 1448 2836 1454 2836 1452 2836 1472 2837 1476 2837 1469 2837 1472 2838 1432 2838 1476 2838 1469 2839 1482 2839 1478 2839 1476 2840 1480 2840 1482 2840 1469 2841 1476 2841 1482 2841 1497 2842 1498 2842 1501 2842 1501 2843 1498 2843 1499 2843 1498 2844 1497 2844 1499 2844 1501 2845 1500 2845 1497 2845 1501 2846 1499 2846 1472 2846 1500 2847 1501 2847 1472 2847 1499 2848 1432 2848 1472 2848 1497 2849 1500 2849 1432 2849 1499 2850 1497 2850 1432 2850 1496 2851 1413 2851 1486 2851 1451 2852 1486 2852 1441 2852 1451 2853 1496 2853 1486 2853 1441 2854 1442 2854 1466 2854 1467 2855 1441 2855 1466 2855 1467 2856 1466 2856 1420 2856 1468 2857 1467 2857 1420 2857 1479 2858 1503 2858 1481 2858 1502 2859 1503 2859 1479 2859 1435 2860 1437 2860 1502 2860 1502 2861 1437 2861 1503 2861 1479 2862 1481 2862 1477 2862 1438 2863 1437 2863 1436 2863 1436 2864 1437 2864 1435 2864 1417 2865 1435 2865 1502 2865 1415 2866 1417 2866 1502 2866 1415 2867 1502 2867 1479 2867 1416 2868 1503 2868 1437 2868 1427 2869 1406 2869 1468 2869 1410 2870 1406 2870 1427 2870 1406 2871 1451 2871 1468 2871 1409 2872 1425 2872 1424 2872 1407 2873 1411 2873 1421 2873 1409 2874 1424 2874 1405 2874 1405 2875 1424 2875 1420 2875 1411 2876 1412 2876 1426 2876 1426 2877 1412 2877 1428 2877 1422 2878 1425 2878 1408 2878 1458 2879 1460 2879 1423 2879 1461 2880 1408 2880 1460 2880 1461 2881 1460 2881 1459 2881 1463 2882 1461 2882 1459 2882 1463 2883 1459 2883 1457 2883 1462 2884 1463 2884 1457 2884 1421 2885 1423 2885 1460 2885 1465 2886 1464 2886 1456 2886 1456 2887 1464 2887 1505 2887 1464 2888 1504 2888 1505 2888 1506 2889 1462 2889 1457 2889 1506 2890 1457 2890 1507 2890 1505 2891 1504 2891 1507 2891 1504 2892 1506 2892 1507 2892 1465 2893 1456 2893 1458 2893 1423 2894 1465 2894 1458 2894 1446 2895 1455 2895 1448 2895 1455 2896 1454 2896 1448 2896 1452 2897 1444 2897 1445 2897 1444 2898 1440 2898 1443 2898 1464 2899 1506 2899 1504 2899 1449 2900 1450 2900 1439 2900 33 2901 76 2901 1431 2901 76 2902 1430 2902 1431 2902 76 2903 73 2903 1430 2903 73 2904 1433 2904 1430 2904 1433 2905 1432 2905 1430 2905 1404 2906 79 2906 1401 2906 35 2907 33 2907 1396 2907 49 2908 47 2908 1396 2908 1396 2909 1402 2909 1403 2909 1403 2910 36 2910 79 2910 1403 2911 1402 2911 36 2911 1402 2912 1397 2912 36 2912 1421 2913 1411 2913 1426 2913 36 2914 1397 2914 1398 2914 1508 2915 1509 2915 1510 2915 1508 2916 1511 2916 1509 2916 1508 2917 1512 2917 1513 2917 1508 2918 1510 2918 1512 2918 1508 2919 1513 2919 1514 2919 1511 2920 1508 2920 1514 2920 1511 2921 1514 2921 1515 2921 1511 2922 1515 2922 1509 2922 1510 2923 1515 2923 1512 2923 1510 2924 1509 2924 1515 2924 1269 2925 1512 2925 1270 2925 1270 2926 1512 2926 1271 2926 1271 2927 1515 2927 1272 2927 1512 2928 1515 2928 1271 2928 1269 2929 1513 2929 1512 2929 1269 2930 1268 2930 1513 2930 1515 2931 1273 2931 1272 2931 1515 2932 1514 2932 1273 2932 1268 2933 1274 2933 1513 2933 1513 2934 1274 2934 1514 2934 1514 2935 1274 2935 1273 2935 1516 2936 1517 2936 1518 2936 1518 2937 1517 2937 1519 2937 1520 2938 1521 2938 1522 2938 1519 2939 1521 2939 1520 2939 1522 2940 1521 2940 1523 2940 1523 2941 1524 2941 1525 2941 1521 2942 1524 2942 1523 2942 1525 2943 1527 2943 1526 2943 1524 2944 1527 2944 1525 2944 1526 2945 1527 2945 1528 2945 1527 2946 1529 2946 1528 2946 1528 2947 1529 2947 1530 2947 1530 2948 1529 2948 1531 2948 1529 2949 1532 2949 1531 2949 1531 2950 1532 2950 1533 2950 1532 2951 1534 2951 1533 2951 1533 2952 1534 2952 1535 2952 1535 2953 1534 2953 1536 2953 1537 2954 1538 2954 1539 2954 1536 2955 1538 2955 1537 2955 1538 2956 1541 2956 1539 2956 1539 2957 1541 2957 1540 2957 1540 2958 1541 2958 1542 2958 1541 2959 1543 2959 1542 2959 1543 2960 1545 2960 1544 2960 1544 2961 1546 2961 1547 2961 1545 2962 1546 2962 1544 2962 1546 2963 1548 2963 1547 2963 1548 2964 1550 2964 1549 2964 1549 2965 1550 2965 1551 2965 1550 2966 1552 2966 1551 2966 1553 2967 1554 2967 1555 2967 1552 2968 1554 2968 1553 2968 1554 2969 1557 2969 1555 2969 1555 2970 1557 2970 1556 2970 1556 2971 1557 2971 1559 2971 1557 2972 1558 2972 1559 2972 1559 2973 1558 2973 1560 2973 1558 2974 1561 2974 1560 2974 1561 2975 1564 2975 1562 2975 1562 2976 1564 2976 1563 2976 1563 2977 1564 2977 1565 2977 1564 2978 1566 2978 1565 2978 1565 2979 1566 2979 1567 2979 1566 2980 1568 2980 1567 2980 1567 2981 1568 2981 1569 2981 1569 2982 1570 2982 1571 2982 1568 2983 1570 2983 1569 2983 1570 2984 1572 2984 1571 2984 1572 2985 1574 2985 1573 2985 1575 2986 1574 2986 1576 2986 1573 2987 1574 2987 1575 2987 1574 2988 1577 2988 1576 2988 1577 2989 1579 2989 1578 2989 1579 2990 1581 2990 1580 2990 1581 2991 1583 2991 1582 2991 1584 2992 1583 2992 1585 2992 1582 2993 1583 2993 1584 2993 1587 2994 1586 2994 1588 2994 1585 2995 1586 2995 1587 2995 1586 2996 1589 2996 1588 2996 1588 2997 1589 2997 1590 2997 1590 2998 1592 2998 1591 2998 1589 2999 1592 2999 1590 2999 1591 3000 1594 3000 1593 3000 1592 3001 1594 3001 1591 3001 1593 3002 1594 3002 1595 3002 1594 3003 1596 3003 1595 3003 1595 3004 1596 3004 1597 3004 1597 3005 1596 3005 1598 3005 1598 3006 1600 3006 1599 3006 1600 3007 1602 3007 1601 3007 1603 3008 1605 3008 1604 3008 1602 3009 1605 3009 1603 3009 1604 3010 1605 3010 1606 3010 1606 3011 1608 3011 1607 3011 1608 3012 1611 3012 1609 3012 1610 3013 1611 3013 1612 3013 1609 3014 1611 3014 1610 3014 1612 3015 1613 3015 1614 3015 1614 3016 1613 3016 1615 3016 1613 3017 1616 3017 1615 3017 1616 3018 1618 3018 1617 3018 1619 3019 1618 3019 1620 3019 1617 3020 1618 3020 1619 3020 1618 3021 1621 3021 1620 3021 1620 3022 1621 3022 1622 3022 1622 3023 1624 3023 1623 3023 1621 3024 1624 3024 1622 3024 1624 3025 1517 3025 1516 3025 1626 3026 1670 3026 1625 3026 1628 3027 1625 3027 1627 3027 1628 3028 1626 3028 1625 3028 1629 3029 1628 3029 1627 3029 1629 3030 1627 3030 1630 3030 1631 3031 1629 3031 1630 3031 1631 3032 1630 3032 1632 3032 1634 3033 1631 3033 1632 3033 1634 3034 1632 3034 1633 3034 1634 3035 1633 3035 1636 3035 1635 3036 1634 3036 1636 3036 1637 3037 1636 3037 1638 3037 1637 3038 1635 3038 1636 3038 1640 3039 1638 3039 1639 3039 1640 3040 1637 3040 1638 3040 1642 3041 1640 3041 1639 3041 1642 3042 1639 3042 1641 3042 1642 3043 1641 3043 1643 3043 1644 3044 1642 3044 1643 3044 1644 3045 1643 3045 1645 3045 1646 3046 1644 3046 1645 3046 1646 3047 1645 3047 1648 3047 1647 3048 1646 3048 1648 3048 1647 3049 1648 3049 1650 3049 1649 3050 1647 3050 1650 3050 1652 3051 1649 3051 1650 3051 1652 3052 1650 3052 1651 3052 1653 3053 1652 3053 1651 3053 1653 3054 1651 3054 1654 3054 1655 3055 1654 3055 1656 3055 1655 3056 1653 3056 1654 3056 1658 3057 1655 3057 1656 3057 1658 3058 1656 3058 1657 3058 1659 3059 1658 3059 1657 3059 1659 3060 1657 3060 1660 3060 1661 3061 1659 3061 1660 3061 1661 3062 1660 3062 1662 3062 1663 3063 1661 3063 1662 3063 1663 3064 1662 3064 1664 3064 1665 3065 1663 3065 1664 3065 1665 3066 1664 3066 1666 3066 1667 3067 1665 3067 1666 3067 1667 3068 1666 3068 1668 3068 1670 3069 1668 3069 1669 3069 1670 3070 1667 3070 1668 3070 1670 3071 1669 3071 1625 3071 1642 3072 1612 3072 1611 3072 1611 3073 1608 3073 1642 3073 1642 3074 1613 3074 1612 3074 1644 3075 1613 3075 1642 3075 1642 3076 1608 3076 1640 3076 1608 3077 1606 3077 1640 3077 1644 3078 1616 3078 1613 3078 1606 3079 1605 3079 1640 3079 1644 3080 1618 3080 1616 3080 1605 3081 1602 3081 1640 3081 1640 3082 1602 3082 1637 3082 1644 3083 1621 3083 1618 3083 1646 3084 1621 3084 1644 3084 1602 3085 1600 3085 1637 3085 1646 3086 1624 3086 1621 3086 1600 3087 1598 3087 1637 3087 1637 3088 1598 3088 1635 3088 1646 3089 1517 3089 1624 3089 1598 3090 1596 3090 1635 3090 1647 3091 1517 3091 1646 3091 1635 3092 1596 3092 1634 3092 1647 3093 1519 3093 1517 3093 1647 3094 1521 3094 1519 3094 1596 3095 1594 3095 1634 3095 1647 3096 1524 3096 1521 3096 1649 3097 1524 3097 1647 3097 1649 3098 1527 3098 1524 3098 1594 3099 1592 3099 1634 3099 1652 3100 1527 3100 1649 3100 1634 3101 1592 3101 1631 3101 1652 3102 1529 3102 1527 3102 1592 3103 1589 3103 1631 3103 1652 3104 1532 3104 1529 3104 1589 3105 1586 3105 1631 3105 1653 3106 1532 3106 1652 3106 1631 3107 1586 3107 1629 3107 1653 3108 1534 3108 1532 3108 1586 3109 1585 3109 1629 3109 1534 3110 1653 3110 1536 3110 1653 3111 1538 3111 1536 3111 1583 3112 1629 3112 1585 3112 1581 3113 1629 3113 1583 3113 1653 3114 1655 3114 1538 3114 1538 3115 1655 3115 1541 3115 1581 3116 1628 3116 1629 3116 1579 3117 1628 3117 1581 3117 1541 3118 1655 3118 1543 3118 1655 3119 1658 3119 1543 3119 1543 3120 1658 3120 1545 3120 1577 3121 1626 3121 1579 3121 1579 3122 1626 3122 1628 3122 1545 3123 1658 3123 1546 3123 1574 3124 1626 3124 1577 3124 1572 3125 1626 3125 1574 3125 1572 3126 1670 3126 1626 3126 1658 3127 1659 3127 1546 3127 1546 3128 1659 3128 1548 3128 1570 3129 1670 3129 1572 3129 1548 3130 1659 3130 1550 3130 1568 3131 1670 3131 1570 3131 1566 3132 1670 3132 1568 3132 1659 3133 1661 3133 1550 3133 1550 3134 1661 3134 1552 3134 1566 3135 1667 3135 1670 3135 1661 3136 1663 3136 1552 3136 1564 3137 1667 3137 1566 3137 1552 3138 1663 3138 1554 3138 1561 3139 1667 3139 1564 3139 1561 3140 1665 3140 1667 3140 1554 3141 1663 3141 1557 3141 1557 3142 1663 3142 1558 3142 1558 3143 1665 3143 1561 3143 1663 3144 1665 3144 1558 3144 1671 3145 1641 3145 1672 3145 1641 3146 1639 3146 1672 3146 1673 3147 1641 3147 1671 3147 1672 3148 1639 3148 1674 3148 1673 3149 1643 3149 1641 3149 1675 3150 1643 3150 1673 3150 1674 3151 1639 3151 1676 3151 1639 3152 1638 3152 1676 3152 1678 3153 1645 3153 1675 3153 1675 3154 1645 3154 1643 3154 1676 3155 1638 3155 1677 3155 1677 3156 1638 3156 1679 3156 1680 3157 1645 3157 1678 3157 1638 3158 1636 3158 1679 3158 1679 3159 1636 3159 1681 3159 1680 3160 1648 3160 1645 3160 1682 3161 1648 3161 1680 3161 1681 3162 1636 3162 1684 3162 1636 3163 1633 3163 1684 3163 1683 3164 1648 3164 1682 3164 1683 3165 1650 3165 1648 3165 1684 3166 1633 3166 1685 3166 1633 3167 1632 3167 1685 3167 1687 3168 1650 3168 1683 3168 1685 3169 1632 3169 1686 3169 1686 3170 1632 3170 1688 3170 1687 3171 1651 3171 1650 3171 1687 3172 1689 3172 1651 3172 1632 3173 1630 3173 1688 3173 1630 3174 1690 3174 1688 3174 1689 3175 1691 3175 1651 3175 1691 3176 1654 3176 1651 3176 1691 3177 1693 3177 1654 3177 1627 3178 1690 3178 1630 3178 1627 3179 1692 3179 1690 3179 1654 3180 1693 3180 1656 3180 1693 3181 1694 3181 1656 3181 1627 3182 1695 3182 1692 3182 1656 3183 1694 3183 1657 3183 1625 3184 1697 3184 1627 3184 1627 3185 1697 3185 1695 3185 1694 3186 1696 3186 1657 3186 1696 3187 1698 3187 1657 3187 1625 3188 1699 3188 1697 3188 1657 3189 1698 3189 1660 3189 1669 3190 1699 3190 1625 3190 1698 3191 1700 3191 1660 3191 1669 3192 1701 3192 1699 3192 1669 3193 1702 3193 1701 3193 1700 3194 1703 3194 1660 3194 1668 3195 1702 3195 1669 3195 1660 3196 1703 3196 1662 3196 1668 3197 1704 3197 1702 3197 1703 3198 1705 3198 1662 3198 1668 3199 1706 3199 1704 3199 1705 3200 1707 3200 1662 3200 1666 3201 1706 3201 1668 3201 1666 3202 1708 3202 1706 3202 1664 3203 1708 3203 1666 3203 1662 3204 1709 3204 1664 3204 1707 3205 1709 3205 1662 3205 1664 3206 1709 3206 1708 3206 1711 3207 1710 3207 1698 3207 1711 3208 1698 3208 1696 3208 1712 3209 1711 3209 1696 3209 1712 3210 1696 3210 1694 3210 1713 3211 1712 3211 1694 3211 1713 3212 1694 3212 1693 3212 1714 3213 1713 3213 1693 3213 1715 3214 1714 3214 1693 3214 1715 3215 1693 3215 1691 3215 1716 3216 1691 3216 1689 3216 1716 3217 1715 3217 1691 3217 1716 3218 1689 3218 1687 3218 1717 3219 1716 3219 1687 3219 1718 3220 1717 3220 1687 3220 1718 3221 1687 3221 1683 3221 1719 3222 1683 3222 1682 3222 1719 3223 1718 3223 1683 3223 1720 3224 1682 3224 1680 3224 1720 3225 1719 3225 1682 3225 1721 3226 1720 3226 1680 3226 1721 3227 1680 3227 1678 3227 1722 3228 1678 3228 1675 3228 1722 3229 1721 3229 1678 3229 1723 3230 1722 3230 1675 3230 1723 3231 1675 3231 1673 3231 1724 3232 1723 3232 1673 3232 1725 3233 1724 3233 1673 3233 1725 3234 1673 3234 1671 3234 1725 3235 1671 3235 1672 3235 1726 3236 1725 3236 1672 3236 1726 3237 1672 3237 1674 3237 1727 3238 1726 3238 1674 3238 1727 3239 1674 3239 1676 3239 1728 3240 1727 3240 1676 3240 1728 3241 1676 3241 1677 3241 1729 3242 1677 3242 1679 3242 1729 3243 1728 3243 1677 3243 1729 3244 1679 3244 1681 3244 1730 3245 1729 3245 1681 3245 1730 3246 1681 3246 1684 3246 1731 3247 1730 3247 1684 3247 1731 3248 1684 3248 1685 3248 1732 3249 1731 3249 1685 3249 1732 3250 1685 3250 1686 3250 1733 3251 1732 3251 1686 3251 1733 3252 1686 3252 1688 3252 1733 3253 1688 3253 1690 3253 1734 3254 1733 3254 1690 3254 1734 3255 1690 3255 1692 3255 1735 3256 1734 3256 1692 3256 1736 3257 1692 3257 1695 3257 1736 3258 1735 3258 1692 3258 1736 3259 1695 3259 1697 3259 1737 3260 1736 3260 1697 3260 1738 3261 1737 3261 1697 3261 1738 3262 1697 3262 1699 3262 1739 3263 1738 3263 1699 3263 1739 3264 1699 3264 1701 3264 1739 3265 1701 3265 1702 3265 1740 3266 1739 3266 1702 3266 1740 3267 1702 3267 1704 3267 1741 3268 1740 3268 1704 3268 1741 3269 1704 3269 1706 3269 1742 3270 1741 3270 1706 3270 1742 3271 1706 3271 1708 3271 1742 3272 1708 3272 1709 3272 1743 3273 1742 3273 1709 3273 1744 3274 1743 3274 1709 3274 1744 3275 1709 3275 1707 3275 1745 3276 1707 3276 1705 3276 1745 3277 1744 3277 1707 3277 1746 3278 1705 3278 1703 3278 1746 3279 1745 3279 1705 3279 1746 3280 1703 3280 1700 3280 1710 3281 1746 3281 1700 3281 1710 3282 1700 3282 1698 3282 1747 3283 1725 3283 1749 3283 1725 3284 1726 3284 1749 3284 1748 3285 1725 3285 1747 3285 1750 3286 1724 3286 1748 3286 1748 3287 1724 3287 1725 3287 1749 3288 1727 3288 1751 3288 1726 3289 1727 3289 1749 3289 1753 3290 1723 3290 1750 3290 1750 3291 1723 3291 1724 3291 1751 3292 1727 3292 1752 3292 1755 3293 1723 3293 1753 3293 1752 3294 1727 3294 1754 3294 1755 3295 1722 3295 1723 3295 1754 3296 1728 3296 1757 3296 1727 3297 1728 3297 1754 3297 1756 3298 1722 3298 1755 3298 1756 3299 1721 3299 1722 3299 1728 3300 1729 3300 1757 3300 1757 3301 1729 3301 1758 3301 1760 3302 1721 3302 1756 3302 1758 3303 1729 3303 1759 3303 1761 3304 1720 3304 1760 3304 1760 3305 1720 3305 1721 3305 1729 3306 1730 3306 1759 3306 1759 3307 1730 3307 1762 3307 1763 3308 1720 3308 1761 3308 1763 3309 1719 3309 1720 3309 1765 3310 1719 3310 1763 3310 1762 3311 1730 3311 1764 3311 1767 3312 1719 3312 1765 3312 1730 3313 1731 3313 1764 3313 1764 3314 1731 3314 1766 3314 1767 3315 1718 3315 1719 3315 1766 3316 1731 3316 1768 3316 1769 3317 1718 3317 1767 3317 1731 3318 1732 3318 1768 3318 1769 3319 1717 3319 1718 3319 1768 3320 1732 3320 1770 3320 1771 3321 1717 3321 1769 3321 1732 3322 1733 3322 1770 3322 1770 3323 1733 3323 1772 3323 1771 3324 1773 3324 1717 3324 1773 3325 1716 3325 1717 3325 1733 3326 1775 3326 1772 3326 1733 3327 1734 3327 1775 3327 1773 3328 1774 3328 1716 3328 1774 3329 1715 3329 1716 3329 1774 3330 1776 3330 1715 3330 1776 3331 1777 3331 1715 3331 1777 3332 1714 3332 1715 3332 1735 3333 1778 3333 1734 3333 1734 3334 1778 3334 1775 3334 1714 3335 1779 3335 1713 3335 1777 3336 1779 3336 1714 3336 1736 3337 1781 3337 1735 3337 1735 3338 1781 3338 1778 3338 1779 3339 1780 3339 1713 3339 1780 3340 1782 3340 1713 3340 1736 3341 1783 3341 1781 3341 1713 3342 1782 3342 1712 3342 1737 3343 1783 3343 1736 3343 1782 3344 1784 3344 1712 3344 1737 3345 1785 3345 1783 3345 1784 3346 1786 3346 1712 3346 1712 3347 1786 3347 1711 3347 1738 3348 1787 3348 1737 3348 1737 3349 1787 3349 1785 3349 1738 3350 1788 3350 1787 3350 1786 3351 1789 3351 1711 3351 1711 3352 1789 3352 1710 3352 1789 3353 1791 3353 1710 3353 1739 3354 1790 3354 1738 3354 1738 3355 1790 3355 1788 3355 1739 3356 1792 3356 1790 3356 1710 3357 1794 3357 1746 3357 1791 3358 1794 3358 1710 3358 1740 3359 1793 3359 1739 3359 1739 3360 1793 3360 1792 3360 1794 3361 1795 3361 1746 3361 1746 3362 1795 3362 1745 3362 1740 3363 1796 3363 1793 3363 1741 3364 1796 3364 1740 3364 1795 3365 1797 3365 1745 3365 1741 3366 1798 3366 1796 3366 1745 3367 1797 3367 1744 3367 1797 3368 1800 3368 1744 3368 1742 3369 1799 3369 1741 3369 1741 3370 1799 3370 1798 3370 1800 3371 1801 3371 1744 3371 1743 3372 1802 3372 1742 3372 1742 3373 1802 3373 1799 3373 1744 3374 1801 3374 1743 3374 1801 3375 1802 3375 1743 3375 1761 3376 1247 3376 1245 3376 1763 3377 1761 3377 1245 3377 1765 3378 1245 3378 1243 3378 1765 3379 1243 3379 1241 3379 1765 3380 1763 3380 1245 3380 1767 3381 1765 3381 1241 3381 1767 3382 1241 3382 1238 3382 1767 3383 1238 3383 1236 3383 1769 3384 1236 3384 1234 3384 1769 3385 1767 3385 1236 3385 1769 3386 1234 3386 1232 3386 1771 3387 1769 3387 1232 3387 1771 3388 1232 3388 1230 3388 1771 3389 1230 3389 1228 3389 1773 3390 1771 3390 1228 3390 1773 3391 1228 3391 1227 3391 1774 3392 1773 3392 1227 3392 1774 3393 1227 3393 1226 3393 1776 3394 1774 3394 1226 3394 1776 3395 1226 3395 1224 3395 1776 3396 1224 3396 1222 3396 1777 3397 1776 3397 1222 3397 1777 3398 1222 3398 1220 3398 1779 3399 1777 3399 1220 3399 1779 3400 1220 3400 1218 3400 1780 3401 1779 3401 1218 3401 1780 3402 1218 3402 1217 3402 1780 3403 1217 3403 1215 3403 1782 3404 1780 3404 1215 3404 1782 3405 1215 3405 1213 3405 1784 3406 1782 3406 1213 3406 1784 3407 1213 3407 1211 3407 1786 3408 1784 3408 1211 3408 1786 3409 1211 3409 1208 3409 1789 3410 1208 3410 1206 3410 1789 3411 1786 3411 1208 3411 1791 3412 1206 3412 1204 3412 1791 3413 1789 3413 1206 3413 1791 3414 1204 3414 1202 3414 1794 3415 1202 3415 1201 3415 1794 3416 1791 3416 1202 3416 1794 3417 1201 3417 1199 3417 1795 3418 1794 3418 1199 3418 1795 3419 1199 3419 1197 3419 1797 3420 1795 3420 1197 3420 1797 3421 1197 3421 1195 3421 1797 3422 1195 3422 1194 3422 1800 3423 1797 3423 1194 3423 1800 3424 1194 3424 1192 3424 1800 3425 1192 3425 1189 3425 1801 3426 1800 3426 1189 3426 1801 3427 1189 3427 1188 3427 1801 3428 1188 3428 1186 3428 1801 3429 1186 3429 1185 3429 1802 3430 1801 3430 1185 3430 1802 3431 1185 3431 1187 3431 1802 3432 1187 3432 1190 3432 1799 3433 1802 3433 1190 3433 1799 3434 1190 3434 1191 3434 1798 3435 1799 3435 1191 3435 1798 3436 1191 3436 1193 3436 1798 3437 1193 3437 1196 3437 1796 3438 1798 3438 1196 3438 1796 3439 1196 3439 1198 3439 1793 3440 1796 3440 1198 3440 1793 3441 1198 3441 1200 3441 1793 3442 1200 3442 1203 3442 1792 3443 1793 3443 1203 3443 1790 3444 1792 3444 1203 3444 1790 3445 1203 3445 1205 3445 1790 3446 1205 3446 1207 3446 1788 3447 1790 3447 1207 3447 1788 3448 1207 3448 1209 3448 1787 3449 1788 3449 1209 3449 1787 3450 1209 3450 1210 3450 1785 3451 1787 3451 1210 3451 1785 3452 1210 3452 1212 3452 1783 3453 1785 3453 1212 3453 1783 3454 1212 3454 1214 3454 1781 3455 1783 3455 1214 3455 1781 3456 1214 3456 1216 3456 1781 3457 1216 3457 1219 3457 1778 3458 1781 3458 1219 3458 1778 3459 1219 3459 1221 3459 1778 3460 1221 3460 1223 3460 1775 3461 1778 3461 1223 3461 1775 3462 1223 3462 1225 3462 1775 3463 1225 3463 1229 3463 1772 3464 1775 3464 1229 3464 1772 3465 1229 3465 1231 3465 1770 3466 1231 3466 1233 3466 1770 3467 1772 3467 1231 3467 1768 3468 1233 3468 1235 3468 1768 3469 1770 3469 1233 3469 1768 3470 1235 3470 1237 3470 1766 3471 1237 3471 1239 3471 1766 3472 1768 3472 1237 3472 1764 3473 1766 3473 1239 3473 1764 3474 1239 3474 1240 3474 1764 3475 1240 3475 1242 3475 1762 3476 1242 3476 1244 3476 1762 3477 1764 3477 1242 3477 1762 3478 1244 3478 1246 3478 1759 3479 1246 3479 1249 3479 1759 3480 1762 3480 1246 3480 1758 3481 1249 3481 1250 3481 1758 3482 1250 3482 1252 3482 1758 3483 1759 3483 1249 3483 1757 3484 1758 3484 1252 3484 1757 3485 1252 3485 1254 3485 1754 3486 1254 3486 1256 3486 1754 3487 1757 3487 1254 3487 1752 3488 1256 3488 1258 3488 1752 3489 1754 3489 1256 3489 1752 3490 1258 3490 1260 3490 1751 3491 1260 3491 1262 3491 1751 3492 1262 3492 1264 3492 1751 3493 1752 3493 1260 3493 1749 3494 1751 3494 1264 3494 1749 3495 1264 3495 1266 3495 1747 3496 1266 3496 1267 3496 1747 3497 1749 3497 1266 3497 1747 3498 1267 3498 1265 3498 1748 3499 1747 3499 1265 3499 1748 3500 1265 3500 1263 3500 1748 3501 1263 3501 1261 3501 1750 3502 1748 3502 1261 3502 1753 3503 1750 3503 1261 3503 1753 3504 1261 3504 1259 3504 1753 3505 1259 3505 1257 3505 1755 3506 1753 3506 1257 3506 1755 3507 1257 3507 1255 3507 1755 3508 1255 3508 1253 3508 1756 3509 1755 3509 1253 3509 1756 3510 1253 3510 1251 3510 1760 3511 1756 3511 1251 3511 1760 3512 1251 3512 1248 3512 1761 3513 1248 3513 1247 3513 1761 3514 1760 3514 1248 3514 1560 3515 1556 3515 1559 3515 1560 3516 1562 3516 1556 3516 1561 3517 1562 3517 1560 3517 1556 3518 1553 3518 1555 3518 1562 3519 1553 3519 1556 3519 1553 3520 1551 3520 1552 3520 1563 3521 1567 3521 1562 3521 1562 3522 1567 3522 1553 3522 1565 3523 1567 3523 1563 3523 1553 3524 1549 3524 1551 3524 1549 3525 1547 3525 1548 3525 1572 3526 1573 3526 1571 3526 1569 3527 1573 3527 1567 3527 1571 3528 1573 3528 1569 3528 1575 3529 1576 3529 1573 3529 1573 3530 1576 3530 1567 3530 1549 3531 1544 3531 1547 3531 1577 3532 1578 3532 1576 3532 1544 3533 1542 3533 1543 3533 1576 3534 1580 3534 1567 3534 1579 3535 1580 3535 1578 3535 1567 3536 1580 3536 1553 3536 1553 3537 1580 3537 1549 3537 1578 3538 1580 3538 1576 3538 1581 3539 1582 3539 1580 3539 1549 3540 1535 3540 1544 3540 1540 3541 1535 3541 1539 3541 1539 3542 1535 3542 1537 3542 1537 3543 1535 3543 1536 3543 1544 3544 1535 3544 1542 3544 1580 3545 1535 3545 1549 3545 1542 3546 1535 3546 1540 3546 1582 3547 1535 3547 1580 3547 1585 3548 1587 3548 1584 3548 1584 3549 1587 3549 1582 3549 1587 3550 1588 3550 1582 3550 1588 3551 1590 3551 1582 3551 1533 3552 1530 3552 1531 3552 1535 3553 1528 3553 1533 3553 1533 3554 1528 3554 1530 3554 1535 3555 1526 3555 1528 3555 1591 3556 1593 3556 1590 3556 1535 3557 1525 3557 1526 3557 1582 3558 1595 3558 1535 3558 1590 3559 1595 3559 1582 3559 1593 3560 1595 3560 1590 3560 1523 3561 1518 3561 1522 3561 1522 3562 1518 3562 1520 3562 1520 3563 1518 3563 1519 3563 1523 3564 1516 3564 1518 3564 1595 3565 1597 3565 1535 3565 1535 3566 1597 3566 1525 3566 1598 3567 1599 3567 1597 3567 1516 3568 1623 3568 1624 3568 1600 3569 1601 3569 1599 3569 1516 3570 1622 3570 1623 3570 1523 3571 1620 3571 1516 3571 1516 3572 1620 3572 1622 3572 1599 3573 1603 3573 1597 3573 1602 3574 1603 3574 1601 3574 1601 3575 1603 3575 1599 3575 1620 3576 1617 3576 1619 3576 1525 3577 1617 3577 1523 3577 1523 3578 1617 3578 1620 3578 1597 3579 1604 3579 1525 3579 1603 3580 1604 3580 1597 3580 1525 3581 1604 3581 1617 3581 1617 3582 1615 3582 1616 3582 1606 3583 1607 3583 1604 3583 1617 3584 1614 3584 1615 3584 1608 3585 1609 3585 1607 3585 1614 3586 1610 3586 1612 3586 1617 3587 1610 3587 1614 3587 1604 3588 1609 3588 1617 3588 1607 3589 1609 3589 1604 3589 1617 3590 1609 3590 1610 3590 1804 3591 1803 3591 1118 3591 727 3592 1804 3592 1118 3592 72 3593 1128 3593 1805 3593 72 3594 1805 3594 1806 3594 1808 3595 1807 3595 1123 3595 729 3596 1808 3596 1123 3596 1129 3597 1810 3597 1809 3597 1125 3598 1810 3598 1129 3598 1127 3599 1129 3599 1131 3599 1125 3600 1129 3600 1127 3600 721 3601 729 3601 1126 3601 729 3602 1123 3602 1126 3602 1133 3603 1134 3603 1132 3603 1130 3604 1133 3604 1132 3604 1811 3605 1133 3605 1812 3605 1812 3606 1130 3606 1813 3606 1133 3607 1130 3607 1812 3607 724 3608 717 3608 1135 3608 1136 3609 724 3609 1135 3609 1814 3610 1816 3610 1136 3610 1815 3611 724 3611 1816 3611 1816 3612 724 3612 1136 3612 1810 3613 1806 3613 1805 3613 1809 3614 1810 3614 1805 3614 1809 3615 1805 3615 1128 3615 1812 3616 67 3616 69 3616 1812 3617 1813 3617 67 3617 1811 3618 1812 3618 69 3618 1811 3619 69 3619 70 3619 1816 3620 1803 3620 1804 3620 1816 3621 1814 3621 1803 3621 1815 3622 1816 3622 1804 3622 1808 3623 732 3623 1138 3623 1807 3624 1138 3624 1137 3624 1807 3625 1808 3625 1138 3625 1817 3626 726 3626 723 3626 1817 3627 723 3627 1818 3627 725 3628 1818 3628 723 3628 725 3629 1819 3629 1818 3629 1820 3630 1819 3630 725 3630 728 3631 1820 3631 725 3631 1817 3632 1820 3632 728 3632 1817 3633 728 3633 726 3633 1823 3634 1821 3634 1818 3634 1817 3635 1822 3635 1825 3635 1817 3636 1821 3636 1822 3636 1817 3637 1818 3637 1821 3637 1819 3638 1824 3638 1823 3638 1819 3639 1823 3639 1818 3639 1826 3640 1824 3640 1819 3640 1828 3641 1817 3641 1825 3641 1827 3642 1826 3642 1819 3642 1820 3643 1828 3643 1827 3643 1820 3644 1827 3644 1819 3644 1820 3645 1817 3645 1828 3645 1829 3646 720 3646 719 3646 1829 3647 719 3647 1830 3647 718 3648 1830 3648 719 3648 718 3649 1831 3649 1830 3649 1832 3650 1831 3650 718 3650 722 3651 1832 3651 718 3651 1829 3652 1832 3652 722 3652 1829 3653 722 3653 720 3653 1869 3654 1830 3654 1833 3654 1866 3655 1833 3655 1830 3655 1831 3656 1864 3656 1866 3656 1831 3657 1866 3657 1830 3657 1829 3658 1869 3658 1857 3658 1829 3659 1830 3659 1869 3659 1834 3660 1829 3660 1857 3660 1835 3661 1864 3661 1831 3661 1832 3662 1836 3662 1835 3662 1832 3663 1837 3663 1836 3663 1832 3664 1835 3664 1831 3664 1832 3665 1829 3665 1834 3665 1832 3666 1834 3666 1837 3666 1822 3667 1821 3667 1838 3667 1822 3668 1838 3668 1839 3668 1825 3669 1822 3669 1839 3669 1825 3670 1839 3670 1840 3670 1828 3671 1825 3671 1840 3671 1828 3672 1840 3672 1841 3672 1828 3673 1841 3673 1842 3673 1827 3674 1828 3674 1842 3674 1826 3675 1827 3675 1842 3675 1826 3676 1842 3676 1843 3676 1824 3677 1826 3677 1843 3677 1824 3678 1843 3678 1844 3678 1823 3679 1824 3679 1844 3679 1823 3680 1844 3680 1845 3680 1821 3681 1823 3681 1845 3681 1821 3682 1845 3682 1838 3682 1854 3683 1846 3683 1855 3683 1855 3684 1846 3684 1847 3684 1846 3685 1849 3685 1847 3685 1847 3686 1849 3686 1848 3686 1849 3687 1850 3687 1848 3687 1848 3688 1850 3688 1852 3688 1850 3689 1851 3689 1852 3689 1852 3690 1851 3690 1853 3690 1851 3691 1854 3691 1853 3691 1853 3692 1854 3692 1855 3692 1843 3693 1848 3693 1852 3693 1842 3694 1848 3694 1843 3694 1843 3695 1852 3695 1844 3695 1852 3696 1853 3696 1844 3696 1844 3697 1853 3697 1845 3697 1841 3698 1848 3698 1842 3698 1853 3699 1838 3699 1845 3699 1855 3700 1838 3700 1853 3700 1841 3701 1840 3701 1848 3701 1848 3702 1840 3702 1847 3702 1855 3703 1839 3703 1838 3703 1840 3704 1839 3704 1847 3704 1847 3705 1839 3705 1855 3705 1850 3706 1849 3706 1851 3706 1849 3707 1846 3707 1851 3707 1851 3708 1846 3708 1854 3708 1857 3709 1869 3709 1856 3709 1834 3710 1857 3710 1858 3710 1834 3711 1858 3711 1859 3711 1834 3712 1859 3712 1860 3712 1837 3713 1834 3713 1860 3713 1837 3714 1860 3714 1861 3714 1835 3715 1836 3715 1862 3715 1864 3716 1835 3716 1863 3716 1866 3717 1864 3717 1865 3717 1833 3718 1866 3718 1867 3718 1833 3719 1868 3719 1869 3719 1869 3720 1868 3720 1856 3720 1863 3721 1865 3721 1864 3721 1835 3722 1862 3722 1863 3722 1865 3723 1867 3723 1866 3723 1836 3724 1861 3724 1862 3724 1867 3725 1868 3725 1833 3725 1865 3726 1868 3726 1867 3726 1837 3727 1861 3727 1836 3727 1861 3728 1860 3728 1862 3728 1862 3729 1860 3729 1863 3729 1863 3730 1860 3730 1865 3730 1856 3731 1858 3731 1857 3731 1860 3732 1858 3732 1865 3732 1859 3733 1858 3733 1860 3733 1865 3734 1858 3734 1868 3734 1868 3735 1858 3735 1856 3735 1131 3736 1870 3736 1871 3736 1132 3737 1870 3737 1131 3737 1872 3738 1870 3738 1132 3738 1134 3739 1872 3739 1132 3739 1127 3740 1871 3740 1873 3740 1127 3741 1131 3741 1871 3741 1126 3742 1127 3742 1873 3742 1874 3743 1134 3743 1135 3743 1874 3744 1872 3744 1134 3744 1875 3745 1126 3745 1873 3745 721 3746 1126 3746 1875 3746 717 3747 1874 3747 1135 3747 1876 3748 717 3748 721 3748 1876 3749 721 3749 1875 3749 1877 3750 717 3750 1876 3750 1877 3751 1874 3751 717 3751 1878 3752 1926 3752 1879 3752 1878 3753 1880 3753 1926 3753 1926 3754 1886 3754 1879 3754 1878 3755 1913 3755 1880 3755 1881 3756 1884 3756 1886 3756 1913 3757 1885 3757 1883 3757 1884 3758 1887 3758 1886 3758 1913 3759 1889 3759 1885 3759 1886 3760 1887 3760 1879 3760 1878 3761 1888 3761 1913 3761 1913 3762 1888 3762 1889 3762 1887 3763 1890 3763 1879 3763 1887 3764 1891 3764 1890 3764 1888 3765 1892 3765 1889 3765 1889 3766 1892 3766 1894 3766 1891 3767 1893 3767 1890 3767 1892 3768 1899 3768 1894 3768 1891 3769 1945 3769 1893 3769 1898 3770 1896 3770 1930 3770 1899 3771 1900 3771 1898 3771 1897 3772 1901 3772 1945 3772 1892 3773 1900 3773 1899 3773 1945 3774 1901 3774 1893 3774 1903 3775 1902 3775 1901 3775 1901 3776 1902 3776 1893 3776 1892 3777 1904 3777 1900 3777 1905 3778 1904 3778 1903 3778 1900 3779 1904 3779 1905 3779 1903 3780 1904 3780 1902 3780 1877 3781 1904 3781 1892 3781 1877 3782 1892 3782 1874 3782 1870 3783 1872 3783 1888 3783 1870 3784 1888 3784 1878 3784 1876 3785 1893 3785 1902 3785 1876 3786 1875 3786 1893 3786 1890 3787 1873 3787 1871 3787 1890 3788 1871 3788 1879 3788 1879 3789 1870 3789 1878 3789 1871 3790 1870 3790 1879 3790 1875 3791 1890 3791 1893 3791 1875 3792 1873 3792 1890 3792 1904 3793 1876 3793 1902 3793 1877 3794 1876 3794 1904 3794 1872 3795 1892 3795 1888 3795 1872 3796 1874 3796 1892 3796 1906 3797 1910 3797 1964 3797 1906 3798 1964 3798 1907 3798 1964 3799 1908 3799 1907 3799 1906 3800 1909 3800 1910 3800 1910 3801 1909 3801 1912 3801 1908 3802 1911 3802 1907 3802 1912 3803 1911 3803 1908 3803 1909 3804 1911 3804 1912 3804 1889 3805 1915 3805 1914 3805 1919 3806 1918 3806 1921 3806 1915 3807 1918 3807 1919 3807 1921 3808 1920 3808 1917 3808 1918 3809 1920 3809 1921 3809 1915 3810 1923 3810 1918 3810 1920 3811 1922 3811 1917 3811 1923 3812 1925 3812 1927 3812 1915 3813 1925 3813 1923 3813 1922 3814 1924 3814 1917 3814 1925 3815 1928 3815 1927 3815 1922 3816 1929 3816 1924 3816 1928 3817 1930 3817 1927 3817 1922 3818 1882 3818 1929 3818 1933 3819 1932 3819 1930 3819 1930 3820 1932 3820 1927 3820 1882 3821 1936 3821 1931 3821 1922 3822 1936 3822 1882 3822 1936 3823 1935 3823 1931 3823 1937 3824 1938 3824 1934 3824 1933 3825 1938 3825 1932 3825 1934 3826 1938 3826 1933 3826 1936 3827 1954 3827 1935 3827 1954 3828 1939 3828 1935 3828 1940 3829 1942 3829 1941 3829 1940 3830 1947 3830 1942 3830 1942 3831 1944 3831 1941 3831 1943 3832 1947 3832 1940 3832 1943 3833 1946 3833 1947 3833 1941 3834 1944 3834 1939 3834 1939 3835 1944 3835 1935 3835 1937 3836 1946 3836 1938 3836 1938 3837 1946 3837 1943 3837 1924 3838 1926 3838 1880 3838 1924 3839 1880 3839 1917 3839 1944 3840 1887 3840 1935 3840 1891 3841 1887 3841 1944 3841 1915 3842 1894 3842 1925 3842 1889 3843 1894 3843 1915 3843 1903 3844 1946 3844 1937 3844 1883 3845 1921 3845 1917 3845 1898 3846 1934 3846 1933 3846 1940 3847 1948 3847 1949 3847 1940 3848 1941 3848 1948 3848 1939 3849 1950 3849 1956 3849 1936 3850 1922 3850 1950 3850 1950 3851 1922 3851 1955 3851 1955 3852 1922 3852 1951 3852 1920 3853 1952 3853 1951 3853 1920 3854 1918 3854 1952 3854 1923 3855 1958 3855 1957 3855 1927 3856 1932 3856 1958 3856 1958 3857 1932 3857 1953 3857 1949 3858 1956 3858 1950 3858 1949 3859 1950 3859 1955 3859 1949 3860 1948 3860 1956 3860 1953 3861 1949 3861 1955 3861 1953 3862 1955 3862 1951 3862 1953 3863 1951 3863 1952 3863 1953 3864 1952 3864 1957 3864 1953 3865 1957 3865 1958 3865 1907 3866 1911 3866 1949 3866 1907 3867 1949 3867 1953 3867 1941 3868 1939 3868 1956 3868 1941 3869 1956 3869 1948 3869 1923 3870 1927 3870 1958 3870 1918 3871 1957 3871 1952 3871 1918 3872 1923 3872 1957 3872 1922 3873 1920 3873 1951 3873 1936 3874 1950 3874 1954 3874 1939 3875 1954 3875 1950 3875 1881 3876 1929 3876 1882 3876 1881 3877 1882 3877 1884 3877 1882 3878 1931 3878 1884 3878 1915 3879 1919 3879 1883 3879 1919 3880 1921 3880 1883 3880 1898 3881 1933 3881 1896 3881 1933 3882 1930 3882 1896 3882 1930 3883 1928 3883 1898 3883 1944 3884 1942 3884 1897 3884 1897 3885 1942 3885 1895 3885 1895 3886 1942 3886 1897 3886 1942 3887 1947 3887 1897 3887 1925 3888 1894 3888 1899 3888 1928 3889 1925 3889 1899 3889 1928 3890 1899 3890 1898 3890 1885 3891 1889 3891 1914 3891 1885 3892 1914 3892 1915 3892 1883 3893 1885 3893 1915 3893 1913 3894 1917 3894 1916 3894 1913 3895 1883 3895 1917 3895 1880 3896 1913 3896 1916 3896 1880 3897 1916 3897 1917 3897 1926 3898 1924 3898 1929 3898 1886 3899 1926 3899 1929 3899 1881 3900 1886 3900 1929 3900 1931 3901 1935 3901 1887 3901 1931 3902 1887 3902 1884 3902 1944 3903 1897 3903 1945 3903 1944 3904 1945 3904 1891 3904 1947 3905 1946 3905 1903 3905 1947 3906 1903 3906 1901 3906 1947 3907 1901 3907 1897 3907 1905 3908 1903 3908 1937 3908 1900 3909 1905 3909 1937 3909 1900 3910 1937 3910 1934 3910 1898 3911 1900 3911 1934 3911 1959 3912 1943 3912 1940 3912 1949 3913 1959 3913 1940 3913 1911 3914 1909 3914 1959 3914 1911 3915 1959 3915 1949 3915 1960 3916 1907 3916 1953 3916 1960 3917 1953 3917 1932 3917 1906 3918 1907 3918 1960 3918 1938 3919 1960 3919 1932 3919 1943 3920 1959 3920 1938 3920 1938 3921 1959 3921 1960 3921 1909 3922 1960 3922 1959 3922 1909 3923 1906 3923 1960 3923 1961 3924 1910 3924 1912 3924 1962 3925 1912 3925 1908 3925 1963 3926 1962 3926 1908 3926 1963 3927 1908 3927 1964 3927 1961 3928 1963 3928 1964 3928 1961 3929 1964 3929 1910 3929 1961 3930 1962 3930 1963 3930 1912 3931 1962 3931 1961 3931 1967 3932 1970 3932 1969 3932 1968 3933 1970 3933 1967 3933 1970 3934 1972 3934 1969 3934 1969 3935 1972 3935 1971 3935 1971 3936 1972 3936 1973 3936 1975 3937 1976 3937 1977 3937 1976 3938 1978 3938 1977 3938 1977 3939 1978 3939 1980 3939 1965 3940 1981 3940 1982 3940 1984 3941 1965 3941 1982 3941 1984 3942 1982 3942 1983 3942 1965 3943 1983 3943 1991 3943 1965 3944 1984 3944 1983 3944 2012 3945 1990 3945 1987 3945 1988 3946 2012 3946 1987 3946 1986 3947 1988 3947 1987 3947 1986 3948 1987 3948 1989 3948 1986 3949 1989 3949 1985 3949 1965 3950 1991 3950 2009 3950 1995 3951 1996 3951 1997 3951 2010 3952 1998 3952 1999 3952 1998 3953 2000 3953 1999 3953 2000 3954 1998 3954 2001 3954 2003 3955 2002 3955 2004 3955 1965 3956 2006 3956 1981 3956 1968 3957 2007 3957 1972 3957 1970 3958 1968 3958 1972 3958 1972 3959 2007 3959 1973 3959 1971 3960 1973 3960 1991 3960 1983 3961 1971 3961 1991 3961 1982 3962 1971 3962 1983 3962 1982 3963 1969 3963 1971 3963 1981 3964 1969 3964 1982 3964 1981 3965 1967 3965 1969 3965 2002 3966 2009 3966 2008 3966 2004 3967 2002 3967 2021 3967 2002 3968 2003 3968 2009 3968 2004 3969 2010 3969 2003 3969 2010 3970 1999 3970 2003 3970 2000 3971 1966 3971 1999 3971 2001 3972 1966 3972 2000 3972 1966 3973 2009 3973 2003 3973 1966 3974 2003 3974 1999 3974 1998 3975 2010 3975 2011 3975 1974 3976 1976 3976 1975 3976 1978 3977 1976 3977 1974 3977 1979 3978 1978 3978 1974 3978 1979 3979 1980 3979 1978 3979 1977 3980 1987 3980 1990 3980 1975 3981 1977 3981 1990 3981 1977 3982 1989 3982 1987 3982 1977 3983 1985 3983 1989 3983 1980 3984 1985 3984 1977 3984 1966 3985 1990 3985 2012 3985 2012 3986 1988 3986 1966 3986 1988 3987 1965 3987 1966 3987 1986 3988 1965 3988 1988 3988 1985 3989 2013 3989 1986 3989 1986 3990 2013 3990 1965 3990 1965 3991 2009 3991 1966 3991 2006 3992 2005 3992 1981 3992 1965 3993 2005 3993 2006 3993 2013 3994 2005 3994 1965 3994 1996 3995 2013 3995 2014 3995 1997 3996 1996 3996 2019 3996 2005 3997 1993 3997 1994 3997 2005 3998 1992 3998 1993 3998 1992 3999 2015 3999 1993 3999 1992 4000 1995 4000 2015 4000 2013 4001 1996 4001 1995 4001 1995 4002 1997 4002 2015 4002 2005 4003 2013 4003 1995 4003 2005 4004 1995 4004 1992 4004 1993 4005 2015 4005 2016 4005 2016 4006 2017 4006 1993 4006 1993 4007 2017 4007 1994 4007 2014 4008 2018 4008 1996 4008 2019 4009 1996 4009 2018 4009 2020 4010 1998 4010 2011 4010 2020 4011 2001 4011 1998 4011 2002 4012 2022 4012 2021 4012 2022 4013 2002 4013 2008 4013 40 4014 1994 4014 2017 4014 41 4015 40 4015 2017 4015 41 4016 2017 4016 2016 4016 45 4017 2019 4017 2018 4017 46 4018 45 4018 2018 4018 46 4019 2018 4019 2014 4019 2016 4020 45 4020 41 4020 2019 4021 45 4021 2016 4021 2015 4022 1997 4022 2016 4022 2016 4023 1997 4023 2019 4023 42 4024 43 4024 2020 4024 42 4025 2020 4025 2011 4025 1985 4026 1979 4026 2013 4026 2014 4027 1979 4027 46 4027 2013 4028 1979 4028 2014 4028 1985 4029 1980 4029 1979 4029 1979 4030 1974 4030 46 4030 1974 4031 1990 4031 2001 4031 2001 4032 43 4032 1974 4032 1974 4033 43 4033 46 4033 1975 4034 1990 4034 1974 4034 1990 4035 1966 4035 2001 4035 2001 4036 2020 4036 43 4036 32 4037 2021 4037 2022 4037 30 4038 32 4038 2022 4038 30 4039 2022 4039 2008 4039 2011 4040 32 4040 42 4040 2021 4041 32 4041 2011 4041 2010 4042 2004 4042 2011 4042 2011 4043 2004 4043 2021 4043 2009 4044 1991 4044 2008 4044 2008 4045 2007 4045 30 4045 1991 4046 2007 4046 2008 4046 1991 4047 1973 4047 2007 4047 1967 4048 1981 4048 1968 4048 1968 4049 1981 4049 1994 4049 1968 4050 40 4050 2007 4050 2007 4051 40 4051 30 4051 1994 4052 40 4052 1968 4052 1981 4053 2005 4053 1994 4053 12 4054 2023 4054 950 4054 12 4055 2024 4055 2023 4055 2023 4056 948 4056 950 4056 2023 4057 2025 4057 948 4057 2026 4058 23 4058 2025 4058 2025 4059 23 4059 948 4059 2027 4060 2028 4060 2142 4060 2029 4061 2028 4061 2027 4061 2030 4062 2063 4062 2031 4062 2031 4063 2063 4063 2033 4063 2073 4064 2034 4064 2072 4064 2034 4065 2035 4065 2072 4065 2035 4066 2081 4066 2072 4066 2036 4067 2073 4067 2037 4067 2074 4068 2073 4068 2036 4068 2073 4069 2038 4069 2037 4069 2073 4070 2139 4070 2038 4070 2039 4071 2040 4071 2136 4071 2039 4072 2041 4072 2040 4072 2131 4073 2042 4073 2041 4073 2041 4074 2042 4074 2040 4074 2040 4075 2080 4075 2061 4075 2042 4076 2080 4076 2040 4076 2087 4077 2043 4077 2061 4077 2061 4078 2086 4078 2087 4078 2043 4079 2044 4079 2061 4079 2061 4080 2085 4080 2086 4080 2044 4081 2088 4081 2061 4081 2085 4082 2045 4082 2046 4082 2045 4083 2084 4083 2046 4083 2045 4084 2083 4084 2084 4084 2047 4085 2096 4085 2097 4085 2089 4086 2096 4086 2047 4086 2097 4087 2048 4087 2047 4087 2089 4088 2095 4088 2096 4088 2048 4089 2051 4089 2049 4089 2050 4090 2095 4090 2089 4090 2050 4091 2094 4091 2095 4091 2088 4092 2051 4092 2061 4092 2049 4093 2051 4093 2088 4093 2050 4094 2093 4094 2094 4094 2052 4095 2093 4095 2050 4095 2098 4096 2059 4096 2051 4096 2051 4097 2059 4097 2061 4097 2099 4098 2059 4098 2098 4098 2052 4099 2054 4099 2093 4099 2099 4100 2053 4100 2059 4100 2082 4101 2054 4101 2052 4101 2053 4102 2055 4102 2059 4102 2082 4103 2092 4103 2054 4103 2055 4104 2090 4104 2059 4104 2056 4105 2076 4105 2090 4105 2091 4106 2076 4106 2056 4106 2092 4107 2076 4107 2091 4107 2076 4108 2059 4108 2090 4108 2045 4109 2076 4109 2083 4109 2083 4110 2076 4110 2082 4110 2082 4111 2076 4111 2092 4111 2061 4112 2045 4112 2085 4112 2057 4113 2065 4113 2071 4113 2033 4114 2071 4114 2031 4114 2033 4115 2057 4115 2071 4115 2079 4116 2078 4116 2058 4116 2058 4117 2078 4117 2034 4117 2078 4118 2035 4118 2034 4118 2045 4119 2061 4119 2060 4119 2062 4120 2136 4120 2040 4120 2063 4121 2062 4121 2040 4121 2063 4122 2040 4122 2064 4122 2033 4123 2063 4123 2064 4123 2033 4124 2064 4124 2057 4124 2061 4125 2065 4125 2057 4125 2061 4126 2057 4126 2064 4126 2061 4127 2066 4127 2065 4127 2061 4128 2067 4128 2066 4128 2061 4129 2064 4129 2040 4129 2061 4130 2068 4130 2067 4130 2061 4131 2059 4131 2068 4131 2059 4132 2036 4132 2037 4132 2059 4133 2037 4133 2069 4133 2059 4134 2069 4134 2070 4134 2059 4135 2070 4135 2071 4135 2059 4136 2065 4136 2066 4136 2059 4137 2066 4137 2067 4137 2059 4138 2067 4138 2068 4138 2065 4139 2059 4139 2071 4139 2037 4140 2128 4140 2030 4140 2069 4141 2037 4141 2030 4141 2070 4142 2069 4142 2030 4142 2070 4143 2030 4143 2031 4143 2071 4144 2070 4144 2031 4144 2071 4145 2031 4145 2032 4145 2071 4146 2032 4146 2031 4146 2072 4147 2139 4147 2073 4147 2034 4148 2073 4148 2058 4148 2079 4149 2058 4149 2074 4149 2074 4150 2077 4150 2079 4150 2074 4151 2058 4151 2073 4151 2074 4152 2075 4152 2077 4152 2074 4153 2036 4153 2059 4153 2074 4154 2059 4154 2076 4154 2079 4155 2080 4155 2042 4155 2079 4156 2042 4156 2078 4156 2080 4157 2060 4157 2061 4157 2080 4158 2045 4158 2060 4158 2079 4159 2077 4159 2075 4159 2080 4160 2079 4160 2075 4160 2080 4161 2075 4161 2074 4161 2080 4162 2074 4162 2076 4162 2080 4163 2076 4163 2045 4163 2042 4164 2131 4164 2081 4164 2078 4165 2042 4165 2081 4165 2078 4166 2081 4166 2035 4166 2124 4167 2115 4167 2123 4167 2116 4168 2115 4168 2124 4168 2101 4169 2090 4169 2100 4169 2101 4170 2056 4170 2090 4170 2102 4171 2101 4171 2103 4171 2102 4172 2056 4172 2101 4172 2102 4173 2091 4173 2056 4173 2102 4174 2092 4174 2091 4174 2104 4175 2102 4175 2103 4175 2104 4176 2092 4176 2102 4176 2104 4177 2054 4177 2092 4177 2104 4178 2103 4178 2105 4178 2105 4179 2103 4179 2107 4179 2105 4180 2054 4180 2104 4180 2107 4181 2103 4181 2101 4181 2105 4182 2093 4182 2054 4182 2106 4183 2105 4183 2107 4183 2106 4184 2093 4184 2105 4184 2106 4185 2094 4185 2093 4185 2108 4186 2106 4186 2107 4186 2108 4187 2095 4187 2094 4187 2108 4188 2094 4188 2106 4188 2110 4189 2108 4189 2107 4189 2110 4190 2107 4190 2101 4190 2108 4191 2096 4191 2095 4191 2109 4192 2096 4192 2108 4192 2109 4193 2108 4193 2110 4193 2109 4194 2097 4194 2096 4194 2111 4195 2109 4195 2110 4195 2109 4196 2048 4196 2097 4196 2109 4197 2051 4197 2048 4197 2111 4198 2051 4198 2109 4198 2113 4199 2111 4199 2110 4199 2113 4200 2110 4200 2101 4200 2111 4201 2098 4201 2051 4201 2111 4202 2099 4202 2098 4202 2112 4203 2111 4203 2113 4203 2112 4204 2099 4204 2111 4204 2112 4205 2053 4205 2099 4205 2114 4206 2112 4206 2113 4206 2112 4207 2055 4207 2053 4207 2114 4208 2055 4208 2112 4208 2114 4209 2113 4209 2101 4209 2100 4210 2055 4210 2114 4210 2100 4211 2114 4211 2101 4211 2100 4212 2090 4212 2055 4212 2115 4213 2052 4213 2050 4213 2117 4214 2115 4214 2116 4214 2117 4215 2052 4215 2115 4215 2117 4216 2082 4216 2052 4216 2118 4217 2117 4217 2116 4217 2118 4218 2082 4218 2117 4218 2118 4219 2083 4219 2082 4219 2120 4220 2118 4220 2116 4220 2120 4221 2083 4221 2118 4221 2119 4222 2116 4222 2124 4222 2120 4223 2116 4223 2119 4223 2120 4224 2084 4224 2083 4224 2121 4225 2120 4225 2119 4225 2121 4226 2084 4226 2120 4226 2121 4227 2046 4227 2084 4227 2122 4228 2121 4228 2119 4228 2122 4229 2046 4229 2121 4229 2124 4230 2122 4230 2119 4230 2122 4231 2085 4231 2046 4231 2122 4232 2086 4232 2085 4232 2124 4233 2086 4233 2122 4233 2124 4234 2087 4234 2086 4234 2125 4235 2124 4235 2123 4235 2124 4236 2043 4236 2087 4236 2125 4237 2044 4237 2043 4237 2125 4238 2043 4238 2124 4238 2125 4239 2088 4239 2044 4239 2125 4240 2049 4240 2088 4240 2126 4241 2125 4241 2123 4241 2126 4242 2049 4242 2125 4242 2126 4243 2048 4243 2049 4243 2126 4244 2047 4244 2048 4244 2115 4245 2126 4245 2123 4245 2126 4246 2089 4246 2047 4246 2115 4247 2089 4247 2126 4247 2115 4248 2050 4248 2089 4248 2127 4249 2038 4249 2139 4249 2037 4250 2129 4250 2128 4250 2037 4251 2038 4251 2129 4251 2129 4252 2038 4252 2127 4252 2130 4253 2131 4253 2041 4253 2039 4254 2132 4254 2130 4254 2039 4255 2130 4255 2041 4255 2039 4256 2136 4256 2132 4256 2030 4257 2141 4257 2146 4257 2133 4258 2063 4258 2030 4258 2133 4259 2030 4259 2146 4259 2137 4260 2063 4260 2133 4260 2134 4261 2143 4261 2131 4261 2134 4262 2131 4262 2135 4262 2136 4263 2134 4263 2135 4263 2137 4264 2136 4264 2062 4264 2137 4265 2062 4265 2063 4265 2137 4266 2134 4266 2136 4266 2138 4267 2142 4267 2145 4267 2139 4268 2072 4268 2138 4268 2140 4269 2139 4269 2138 4269 2141 4270 2140 4270 2138 4270 2128 4271 2140 4271 2141 4271 2030 4272 2128 4272 2141 4272 2128 4273 2129 4273 2140 4273 2127 4274 2139 4274 2140 4274 2081 4275 2131 4275 2027 4275 2072 4276 2027 4276 2142 4276 2072 4277 2081 4277 2027 4277 2138 4278 2072 4278 2142 4278 2131 4279 2130 4279 2135 4279 2143 4280 2134 4280 2144 4280 2131 4281 2143 4281 2027 4281 2134 4282 2137 4282 2144 4282 2137 4283 2133 4283 2144 4283 2129 4284 2127 4284 2140 4284 2130 4285 2132 4285 2136 4285 2130 4286 2136 4286 2135 4286 2138 4287 2145 4287 2146 4287 2141 4288 2138 4288 2146 4288 2146 4289 2148 4289 2147 4289 2145 4290 2148 4290 2146 4290 2149 4291 2145 4291 2142 4291 2149 4292 2148 4292 2145 4292 2150 4293 2146 4293 2147 4293 2133 4294 2146 4294 2150 4294 2144 4295 2133 4295 2150 4295 2143 4296 2151 4296 2027 4296 2152 4297 2143 4297 2144 4297 2152 4298 2144 4298 2150 4298 2152 4299 2151 4299 2143 4299 2151 4300 23 4300 2026 4300 23 4301 2152 4301 25 4301 2151 4302 2152 4302 23 4302 2147 4303 2148 4303 15 4303 15 4304 2148 4304 9 4304 2150 4305 2147 4305 27 4305 27 4306 2147 4306 15 4306 2152 4307 2150 4307 25 4307 25 4308 2150 4308 27 4308 2148 4309 12 4309 9 4309 12 4310 2149 4310 2024 4310 2148 4311 2149 4311 12 4311 2029 4312 2027 4312 2025 4312 2027 4313 2026 4313 2025 4313 2027 4314 2151 4314 2026 4314 2149 4315 2142 4315 2024 4315 2142 4316 2023 4316 2024 4316 2142 4317 2028 4317 2023 4317 2028 4318 2025 4318 2023 4318 2028 4319 2029 4319 2025 4319 2154 4320 2153 4320 342 4320 2154 4321 342 4321 343 4321 2155 4322 2154 4322 343 4322 2155 4323 343 4323 344 4323 2156 4324 2155 4324 344 4324 2156 4325 344 4325 345 4325 2157 4326 2156 4326 345 4326 2157 4327 345 4327 346 4327 2158 4328 2157 4328 346 4328 2158 4329 346 4329 347 4329 2158 4330 347 4330 348 4330 2159 4331 2158 4331 348 4331 2159 4332 348 4332 349 4332 2160 4333 2159 4333 349 4333 2160 4334 349 4334 350 4334 2160 4335 350 4335 351 4335 2161 4336 2160 4336 351 4336 2161 4337 351 4337 352 4337 2162 4338 2161 4338 352 4338 2162 4339 352 4339 353 4339 2163 4340 2162 4340 353 4340 2163 4341 353 4341 355 4341 2164 4342 2163 4342 355 4342 2164 4343 355 4343 357 4343 2165 4344 2164 4344 357 4344 2165 4345 357 4345 359 4345 2165 4346 359 4346 360 4346 2166 4347 2165 4347 360 4347 2167 4348 2166 4348 360 4348 2167 4349 360 4349 363 4349 2167 4350 363 4350 365 4350 2245 4351 2167 4351 365 4351 2168 4352 2245 4352 365 4352 2168 4353 365 4353 367 4353 2168 4354 367 4354 369 4354 2169 4355 2168 4355 369 4355 2170 4356 369 4356 370 4356 2170 4357 2169 4357 369 4357 2170 4358 370 4358 372 4358 2171 4359 372 4359 373 4359 2171 4360 2170 4360 372 4360 2172 4361 373 4361 375 4361 2172 4362 2171 4362 373 4362 2172 4363 375 4363 377 4363 2173 4364 2172 4364 377 4364 2174 4365 2173 4365 1114 4365 2173 4366 377 4366 1114 4366 2176 4367 958 4367 2175 4367 2177 4368 958 4368 2176 4368 1117 4369 2177 4369 2176 4369 1117 4370 2176 4370 2178 4370 1116 4371 1117 4371 2178 4371 2228 4372 1115 4372 1116 4372 2228 4373 1116 4373 2178 4373 1115 4374 2228 4374 2179 4374 2180 4375 1115 4375 2179 4375 2181 4376 2174 4376 1114 4376 2180 4377 2179 4377 2181 4377 2181 4378 1114 4378 2180 4378 2215 4379 2175 4379 378 4379 2175 4380 958 4380 378 4380 2182 4381 378 4381 379 4381 2182 4382 2215 4382 378 4382 2183 4383 2182 4383 379 4383 2183 4384 379 4384 380 4384 2184 4385 2183 4385 380 4385 2184 4386 380 4386 381 4386 2184 4387 381 4387 382 4387 2236 4388 2184 4388 382 4388 2243 4389 2236 4389 382 4389 2243 4390 382 4390 383 4390 2185 4391 2243 4391 383 4391 2185 4392 383 4392 384 4392 2185 4393 385 4393 386 4393 2185 4394 384 4394 385 4394 2186 4395 2185 4395 386 4395 2186 4396 386 4396 387 4396 2187 4397 2186 4397 387 4397 2187 4398 387 4398 388 4398 2188 4399 2187 4399 388 4399 2188 4400 388 4400 389 4400 2188 4401 389 4401 390 4401 2189 4402 2188 4402 390 4402 2189 4403 390 4403 391 4403 2190 4404 2189 4404 391 4404 2190 4405 391 4405 392 4405 2191 4406 2190 4406 392 4406 2191 4407 392 4407 393 4407 2192 4408 2191 4408 393 4408 342 4409 2153 4409 393 4409 393 4410 2153 4410 2192 4410 2195 4411 2193 4411 2192 4411 2195 4412 2194 4412 2193 4412 2196 4413 2199 4413 2197 4413 2198 4414 2199 4414 2196 4414 2198 4415 2196 4415 2153 4415 2207 4416 2198 4416 2153 4416 2207 4417 2199 4417 2198 4417 2200 4418 2192 4418 2153 4418 2200 4419 2153 4419 2196 4419 2200 4420 2195 4420 2192 4420 2202 4421 2201 4421 2194 4421 2202 4422 2194 4422 2195 4422 2197 4423 2201 4423 2202 4423 2202 4424 2200 4424 2196 4424 2202 4425 2195 4425 2200 4425 2202 4426 2196 4426 2197 4426 2203 4427 2225 4427 2173 4427 2204 4428 2277 4428 2221 4428 2204 4429 2225 4429 2277 4429 2207 4430 2153 4430 2154 4430 2205 4431 2206 4431 2208 4431 2205 4432 2175 4432 2283 4432 2205 4433 2208 4433 2178 4433 2205 4434 2283 4434 2206 4434 2205 4435 2178 4435 2176 4435 2205 4436 2176 4436 2175 4436 2208 4437 2226 4437 2179 4437 2209 4438 2227 4438 2226 4438 2209 4439 2210 4439 2227 4439 2209 4440 2226 4440 2208 4440 2209 4441 2229 4441 2210 4441 2214 4442 2154 4442 2155 4442 2214 4443 2207 4443 2154 4443 2212 4444 2285 4444 2284 4444 2212 4445 2213 4445 2285 4445 2212 4446 2216 4446 2213 4446 2212 4447 2211 4447 2216 4447 2214 4448 2155 4448 2156 4448 2182 4449 2211 4449 2215 4449 2217 4450 2214 4450 2156 4450 2217 4451 2156 4451 2157 4451 2219 4452 2216 4452 2211 4452 2218 4453 2211 4453 2182 4453 2218 4454 2219 4454 2211 4454 2220 4455 2171 4455 2172 4455 2220 4456 2170 4456 2171 4456 2223 4457 2203 4457 2174 4457 2223 4458 2278 4458 2224 4458 2223 4459 2174 4459 2278 4459 2223 4460 2279 4460 2225 4460 2223 4461 2225 4461 2203 4461 2223 4462 2224 4462 2279 4462 2226 4463 2174 4463 2181 4463 2226 4464 2181 4464 2179 4464 2226 4465 2227 4465 2278 4465 2226 4466 2278 4466 2174 4466 2228 4467 2208 4467 2179 4467 2228 4468 2178 4468 2208 4468 2208 4469 2206 4469 2281 4469 2208 4470 2281 4470 2229 4470 2208 4471 2229 4471 2209 4471 2230 4472 2212 4472 2284 4472 2230 4473 2215 4473 2211 4473 2230 4474 2211 4474 2212 4474 2230 4475 2175 4475 2215 4475 2230 4476 2284 4476 2175 4476 2231 4477 2182 4477 2183 4477 2231 4478 2183 4478 2184 4478 2231 4479 2218 4479 2182 4479 2169 4480 2170 4480 2220 4480 2234 4481 2235 4481 2220 4481 2222 4482 2234 4482 2220 4482 2222 4483 2221 4483 2234 4483 2204 4484 2220 4484 2172 4484 2204 4485 2221 4485 2222 4485 2204 4486 2172 4486 2173 4486 2204 4487 2222 4487 2220 4487 2236 4488 2231 4488 2184 4488 2237 4489 2231 4489 2236 4489 2237 4490 2236 4490 2243 4490 2238 4491 2218 4491 2231 4491 2238 4492 2233 4492 2232 4492 2238 4493 2219 4493 2218 4493 2238 4494 2232 4494 2219 4494 2239 4495 2238 4495 2231 4495 2239 4496 2233 4496 2238 4496 2239 4497 2244 4497 2233 4497 2240 4498 2168 4498 2169 4498 2240 4499 2220 4499 2235 4499 2240 4500 2169 4500 2220 4500 2242 4501 2235 4501 2234 4501 2237 4502 2239 4502 2231 4502 2247 4503 2237 4503 2243 4503 2247 4504 2239 4504 2237 4504 2247 4505 2243 4505 2185 4505 2245 4506 2168 4506 2240 4506 2246 4507 2242 4507 2241 4507 2246 4508 2235 4508 2242 4508 2246 4509 2240 4509 2235 4509 2253 4510 2247 4510 2185 4510 2253 4511 2185 4511 2186 4511 2248 4512 2244 4512 2239 4512 2248 4513 2239 4513 2247 4513 2248 4514 2249 4514 2244 4514 2250 4515 2166 4515 2167 4515 2246 4516 2250 4516 2167 4516 2251 4517 2246 4517 2167 4517 2251 4518 2167 4518 2245 4518 2251 4519 2245 4519 2240 4519 2251 4520 2240 4520 2246 4520 2252 4521 2246 4521 2241 4521 2253 4522 2248 4522 2247 4522 2253 4523 2186 4523 2187 4523 2255 4524 2164 4524 2165 4524 2255 4525 2165 4525 2166 4525 2255 4526 2166 4526 2250 4526 2256 4527 2252 4527 2261 4527 2256 4528 2246 4528 2252 4528 2256 4529 2250 4529 2246 4529 2257 4530 2187 4530 2188 4530 2257 4531 2253 4531 2187 4531 2257 4532 2188 4532 2189 4532 2258 4533 2254 4533 2249 4533 2258 4534 2249 4534 2248 4534 2258 4535 2248 4535 2253 4535 2262 4536 2254 4536 2258 4536 2262 4537 2265 4537 2254 4537 2262 4538 2258 4538 2253 4538 2263 4539 2265 4539 2262 4539 2270 4540 2163 4540 2164 4540 2270 4541 2164 4541 2255 4541 2259 4542 2255 4542 2250 4542 2259 4543 2250 4543 2256 4543 2259 4544 2270 4544 2255 4544 2259 4545 2256 4545 2270 4545 2260 4546 2256 4546 2261 4546 2262 4547 2253 4547 2257 4547 2263 4548 2262 4548 2257 4548 2263 4549 2257 4549 2189 4549 2264 4550 2189 4550 2190 4550 2264 4551 2190 4551 2191 4551 2264 4552 2191 4552 2192 4552 2264 4553 2263 4553 2189 4553 2266 4554 2267 4554 2265 4554 2266 4555 2265 4555 2263 4555 2268 4556 2161 4556 2162 4556 2268 4557 2162 4557 2163 4557 2268 4558 2163 4558 2270 4558 2271 4559 2261 4559 2269 4559 2271 4560 2260 4560 2261 4560 2271 4561 2270 4561 2256 4561 2271 4562 2256 4562 2260 4562 2271 4563 2269 4563 2270 4563 2272 4564 2267 4564 2266 4564 2272 4565 2266 4565 2263 4565 2272 4566 2263 4566 2264 4566 2272 4567 2192 4567 2193 4567 2272 4568 2193 4568 2267 4568 2272 4569 2264 4569 2192 4569 2274 4570 2157 4570 2158 4570 2274 4571 2158 4571 2159 4571 2274 4572 2159 4572 2160 4572 2274 4573 2273 4573 2217 4573 2274 4574 2217 4574 2157 4574 2275 4575 2268 4575 2270 4575 2275 4576 2270 4576 2269 4576 2275 4577 2269 4577 2274 4577 2275 4578 2160 4578 2161 4578 2275 4579 2274 4579 2160 4579 2275 4580 2161 4580 2268 4580 2276 4581 2273 4581 2274 4581 2276 4582 2274 4582 2269 4582 2225 4583 2279 4583 2277 4583 2224 4584 2280 4584 2279 4584 2224 4585 2210 4585 2280 4585 2227 4586 2224 4586 2278 4586 2227 4587 2210 4587 2224 4587 2283 4588 2281 4588 2206 4588 2283 4589 2282 4589 2281 4589 2284 4590 2283 4590 2175 4590 2284 4591 2282 4591 2283 4591 2284 4592 2285 4592 2282 4592 2225 4593 2204 4593 2173 4593 2203 4594 2173 4594 2174 4594 2261 4595 2286 4595 2287 4595 2269 4596 2261 4596 2287 4596 2276 4597 2269 4597 2287 4597 2276 4598 2287 4598 2288 4598 2276 4599 2288 4599 2331 4599 2273 4600 2276 4600 2331 4600 2217 4601 2273 4601 2331 4601 2217 4602 2331 4602 2333 4602 2217 4603 2333 4603 2334 4603 2214 4604 2217 4604 2334 4604 2214 4605 2334 4605 2289 4605 2207 4606 2214 4606 2289 4606 2199 4607 2207 4607 2289 4607 2199 4608 2289 4608 2336 4608 2197 4609 2199 4609 2336 4609 2201 4610 2197 4610 2336 4610 2201 4611 2336 4611 2290 4611 2201 4612 2290 4612 2291 4612 2194 4613 2201 4613 2291 4613 2194 4614 2291 4614 2339 4614 2193 4615 2194 4615 2339 4615 2267 4616 2193 4616 2339 4616 2267 4617 2339 4617 2340 4617 2267 4618 2340 4618 2303 4618 2265 4619 2267 4619 2303 4619 2254 4620 2265 4620 2303 4620 2254 4621 2303 4621 2305 4621 2249 4622 2305 4622 2307 4622 2249 4623 2254 4623 2305 4623 2244 4624 2307 4624 2292 4624 2244 4625 2249 4625 2307 4625 2233 4626 2244 4626 2292 4626 2233 4627 2292 4627 2308 4627 2232 4628 2233 4628 2308 4628 2232 4629 2308 4629 2311 4629 2219 4630 2232 4630 2311 4630 2219 4631 2311 4631 2293 4631 2216 4632 2219 4632 2293 4632 2216 4633 2293 4633 2313 4633 2213 4634 2216 4634 2313 4634 2213 4635 2313 4635 2294 4635 2285 4636 2294 4636 2295 4636 2285 4637 2213 4637 2294 4637 2282 4638 2285 4638 2295 4638 2281 4639 2282 4639 2295 4639 2281 4640 2295 4640 2316 4640 2229 4641 2281 4641 2316 4641 2229 4642 2316 4642 2296 4642 2210 4643 2229 4643 2296 4643 2210 4644 2296 4644 2318 4644 2280 4645 2210 4645 2318 4645 2280 4646 2318 4646 2297 4646 2280 4647 2297 4647 2320 4647 2279 4648 2280 4648 2320 4648 2279 4649 2320 4649 2298 4649 2277 4650 2279 4650 2298 4650 2277 4651 2298 4651 2325 4651 2221 4652 2277 4652 2325 4652 2221 4653 2325 4653 2324 4653 2234 4654 2324 4654 2299 4654 2234 4655 2221 4655 2324 4655 2242 4656 2234 4656 2299 4656 2242 4657 2299 4657 2300 4657 2241 4658 2242 4658 2300 4658 2241 4659 2300 4659 2328 4659 2252 4660 2328 4660 2301 4660 2252 4661 2241 4661 2328 4661 2261 4662 2252 4662 2301 4662 2261 4663 2301 4663 2286 4663 2355 4664 2307 4664 2304 4664 2304 4665 2307 4665 2305 4665 2308 4666 2355 4666 2306 4666 2355 4667 2292 4667 2307 4667 2308 4668 2292 4668 2355 4668 2310 4669 2293 4669 2309 4669 2306 4670 2311 4670 2308 4670 2311 4671 2309 4671 2293 4671 2311 4672 2306 4672 2309 4672 2313 4673 2293 4673 2310 4673 2294 4674 2313 4674 2310 4674 2294 4675 2310 4675 2312 4675 2295 4676 2312 4676 2314 4676 2312 4677 2295 4677 2294 4677 2316 4678 2314 4678 2315 4678 2296 4679 2316 4679 2315 4679 2296 4680 2315 4680 2317 4680 2314 4681 2316 4681 2295 4681 2297 4682 2318 4682 2317 4682 2297 4683 2317 4683 2362 4683 2317 4684 2318 4684 2296 4684 2320 4685 2362 4685 2319 4685 2298 4686 2320 4686 2319 4686 2362 4687 2320 4687 2297 4687 2325 4688 2298 4688 2319 4688 2325 4689 2319 4689 2321 4689 2324 4690 2325 4690 2321 4690 2324 4691 2321 4691 2322 4691 2299 4692 2322 4692 2323 4692 2299 4693 2324 4693 2322 4693 2300 4694 2299 4694 2323 4694 2328 4695 2323 4695 2326 4695 2328 4696 2300 4696 2323 4696 2301 4697 2326 4697 2327 4697 2326 4698 2301 4698 2328 4698 2286 4699 2301 4699 2327 4699 2287 4700 2327 4700 2344 4700 2329 4701 2287 4701 2344 4701 2327 4702 2287 4702 2286 4702 2331 4703 2329 4703 2330 4703 2329 4704 2288 4704 2287 4704 2329 4705 2331 4705 2288 4705 2289 4706 2332 4706 2335 4706 2333 4707 2331 4707 2330 4707 2334 4708 2330 4708 2332 4708 2334 4709 2333 4709 2330 4709 2334 4710 2332 4710 2289 4710 2336 4711 2335 4711 2337 4711 2336 4712 2289 4712 2335 4712 2291 4713 2337 4713 2350 4713 2291 4714 2290 4714 2337 4714 2337 4715 2290 4715 2336 4715 2339 4716 2291 4716 2350 4716 2339 4717 2350 4717 2338 4717 2340 4718 2339 4718 2338 4718 2303 4719 2338 4719 2351 4719 2303 4720 2351 4720 2304 4720 2305 4721 2303 4721 2304 4721 2338 4722 2303 4722 2340 4722 2343 4723 2360 4723 2302 4723 2344 4724 2341 4724 2342 4724 2344 4725 2326 4725 2341 4725 2345 4726 2342 4726 2343 4726 2344 4727 2327 4727 2326 4727 2330 4728 2344 4728 2342 4728 2330 4729 2342 4729 2345 4729 2330 4730 2329 4730 2344 4730 2348 4731 2343 4731 2302 4731 2345 4732 2343 4732 2348 4732 2332 4733 2330 4733 2345 4733 2332 4734 2345 4734 2346 4734 2346 4735 2345 4735 2348 4735 2335 4736 2332 4736 2346 4736 2347 4737 2346 4737 2348 4737 2347 4738 2335 4738 2346 4738 2349 4739 2347 4739 2348 4739 2337 4740 2347 4740 2350 4740 2337 4741 2335 4741 2347 4741 2349 4742 2348 4742 2352 4742 2350 4743 2347 4743 2349 4743 2351 4744 2349 4744 2352 4744 2351 4745 2338 4745 2350 4745 2351 4746 2350 4746 2349 4746 2352 4747 2348 4747 2302 4747 2353 4748 2351 4748 2352 4748 2354 4749 2353 4749 2352 4749 2353 4750 2304 4750 2351 4750 2355 4751 2304 4751 2353 4751 2354 4752 2352 4752 2302 4752 2356 4753 2302 4753 2359 4753 2356 4754 2354 4754 2302 4754 2309 4755 2353 4755 2354 4755 2306 4756 2355 4756 2353 4756 2309 4757 2354 4757 2357 4757 2309 4758 2306 4758 2353 4758 2357 4759 2354 4759 2356 4759 2358 4760 2356 4760 2359 4760 2357 4761 2310 4761 2309 4761 2357 4762 2312 4762 2310 4762 2314 4763 2357 4763 2356 4763 2312 4764 2357 4764 2314 4764 2359 4765 2302 4765 2360 4765 2358 4766 2359 4766 2361 4766 2314 4767 2356 4767 2358 4767 2315 4768 2314 4768 2358 4768 2362 4769 2358 4769 2361 4769 2315 4770 2358 4770 2362 4770 2361 4771 2359 4771 2360 4771 2362 4772 2317 4772 2315 4772 2319 4773 2362 4773 2361 4773 2363 4774 2361 4774 2360 4774 2321 4775 2319 4775 2361 4775 2321 4776 2361 4776 2363 4776 2363 4777 2360 4777 2342 4777 2341 4778 2363 4778 2342 4778 2322 4779 2321 4779 2363 4779 2322 4780 2363 4780 2341 4780 2342 4781 2360 4781 2343 4781 2323 4782 2322 4782 2341 4782 2323 4783 2341 4783 2326 4783 8 4784 2366 4784 2364 4784 2364 4785 2367 4785 2365 4785 2366 4786 2367 4786 2364 4786 8 4787 2364 4787 5 4787 5 4788 2364 4788 2 4788 2364 4789 2365 4789 2 4789 2 4790 2365 4790 1 4790 2365 4791 2367 4791 1 4791 1 4792 2367 4792 4 4792 2367 4793 2366 4793 4 4793 4 4794 2366 4794 8 4794 2368 4795 2370 4795 2369 4795 13 4796 2368 4796 10 4796 2368 4797 2369 4797 10 4797 10 4798 2369 4798 11 4798 11 4799 2369 4799 6 4799 2369 4800 2370 4800 6 4800 6 4801 2370 4801 7 4801 7 4802 2370 4802 13 4802 2370 4803 2368 4803 13 4803 2371 4804 2373 4804 2372 4804 2373 4805 2374 4805 2372 4805 2371 4806 2372 4806 26 4806 26 4807 2372 4807 24 4807 24 4808 2372 4808 21 4808 2372 4809 2374 4809 21 4809 21 4810 2374 4810 22 4810 2374 4811 2373 4811 22 4811 22 4812 2373 4812 26 4812 2373 4813 2371 4813 26 4813 2377 4814 2378 4814 2375 4814 2377 4815 2375 4815 18 4815 18 4816 2375 4816 17 4816 2375 4817 2378 4817 17 4817 17 4818 2378 4818 2376 4818 2378 4819 2377 4819 2376 4819 2376 4820 2377 4820 20 4820 20 4821 2377 4821 18 4821 2438 4822 2379 4822 2380 4822 2381 4823 2380 4823 2382 4823 2381 4824 2438 4824 2380 4824 2383 4825 2381 4825 2382 4825 2383 4826 2382 4826 2384 4826 2385 4827 2383 4827 2384 4827 2385 4828 2384 4828 2386 4828 2387 4829 2385 4829 2386 4829 2387 4830 2386 4830 2389 4830 2388 4831 2387 4831 2389 4831 2390 4832 2389 4832 2391 4832 2390 4833 2388 4833 2389 4833 2392 4834 2390 4834 2391 4834 2392 4835 2391 4835 2394 4835 2393 4836 2392 4836 2394 4836 2393 4837 2394 4837 2396 4837 2395 4838 2393 4838 2396 4838 2397 4839 2395 4839 2396 4839 2397 4840 2396 4840 2398 4840 2399 4841 2397 4841 2398 4841 2399 4842 2398 4842 2401 4842 2400 4843 2399 4843 2401 4843 2400 4844 2401 4844 2402 4844 2403 4845 2400 4845 2402 4845 2403 4846 2402 4846 2405 4846 2404 4847 2403 4847 2405 4847 2404 4848 2405 4848 2406 4848 2407 4849 2404 4849 2406 4849 2407 4850 2406 4850 2408 4850 2409 4851 2407 4851 2408 4851 2409 4852 2408 4852 2410 4852 2411 4853 2409 4853 2410 4853 2411 4854 2410 4854 2412 4854 2413 4855 2411 4855 2412 4855 2413 4856 2412 4856 2414 4856 2416 4857 2413 4857 2414 4857 2416 4858 2414 4858 2415 4858 2416 4859 2415 4859 2417 4859 2418 4860 2416 4860 2417 4860 2419 4861 2418 4861 2417 4861 2419 4862 2417 4862 2420 4862 2419 4863 2420 4863 2421 4863 2422 4864 2419 4864 2421 4864 2422 4865 2421 4865 2423 4865 2424 4866 2422 4866 2423 4866 2424 4867 2423 4867 2425 4867 2426 4868 2425 4868 2427 4868 2426 4869 2424 4869 2425 4869 2428 4870 2426 4870 2427 4870 2428 4871 2427 4871 2429 4871 2430 4872 2429 4872 2431 4872 2430 4873 2428 4873 2429 4873 2432 4874 2430 4874 2431 4874 2432 4875 2431 4875 2433 4875 2434 4876 2432 4876 2433 4876 2434 4877 2433 4877 2435 4877 2437 4878 2434 4878 2435 4878 2437 4879 2435 4879 2436 4879 2437 4880 2436 4880 2379 4880 2438 4881 2437 4881 2379 4881 2438 4882 2439 4882 2437 4882 2439 4883 2440 4883 2437 4883 2437 4884 2440 4884 2434 4884 2434 4885 2440 4885 2432 4885 2440 4886 2441 4886 2432 4886 2432 4887 2441 4887 2430 4887 2441 4888 2442 4888 2430 4888 2442 4889 2443 4889 2430 4889 2430 4890 2443 4890 2428 4890 2443 4891 2444 4891 2428 4891 2428 4892 2444 4892 2426 4892 2426 4893 2445 4893 2424 4893 2444 4894 2445 4894 2426 4894 2445 4895 2446 4895 2424 4895 2424 4896 2446 4896 2422 4896 2422 4897 2447 4897 2419 4897 2446 4898 2447 4898 2422 4898 2447 4899 2448 4899 2419 4899 2419 4900 2448 4900 2418 4900 2448 4901 2449 4901 2418 4901 2418 4902 2449 4902 2416 4902 2449 4903 2450 4903 2416 4903 2416 4904 2450 4904 2413 4904 2450 4905 2451 4905 2413 4905 2413 4906 2451 4906 2411 4906 2451 4907 2452 4907 2411 4907 2411 4908 2452 4908 2409 4908 2452 4909 2453 4909 2409 4909 2409 4910 2453 4910 2407 4910 2453 4911 2454 4911 2407 4911 2454 4912 2455 4912 2407 4912 2407 4913 2455 4913 2404 4913 2455 4914 2403 4914 2404 4914 2455 4915 2456 4915 2403 4915 2456 4916 2400 4916 2403 4916 2456 4917 2457 4917 2400 4917 2457 4918 2399 4918 2400 4918 2457 4919 2458 4919 2399 4919 2458 4920 2397 4920 2399 4920 2458 4921 2459 4921 2397 4921 2397 4922 2459 4922 2395 4922 2459 4923 2460 4923 2395 4923 2395 4924 2460 4924 2393 4924 2460 4925 2461 4925 2393 4925 2461 4926 2392 4926 2393 4926 2461 4927 2462 4927 2392 4927 2462 4928 2390 4928 2392 4928 2462 4929 2463 4929 2390 4929 2390 4930 2463 4930 2388 4930 2388 4931 2464 4931 2387 4931 2463 4932 2464 4932 2388 4932 2387 4933 2464 4933 2385 4933 2464 4934 2465 4934 2385 4934 2385 4935 2465 4935 2383 4935 2465 4936 2466 4936 2383 4936 2383 4937 2466 4937 2381 4937 2466 4938 2467 4938 2381 4938 2381 4939 2467 4939 2438 4939 2467 4940 2439 4940 2438 4940 2439 4941 2467 4941 2379 4941 2379 4942 2467 4942 2380 4942 2380 4943 2467 4943 2382 4943 2467 4944 2466 4944 2382 4944 2382 4945 2466 4945 2384 4945 2466 4946 2465 4946 2384 4946 2465 4947 2386 4947 2384 4947 2465 4948 2464 4948 2386 4948 2386 4949 2464 4949 2389 4949 2464 4950 2463 4950 2389 4950 2389 4951 2463 4951 2391 4951 2463 4952 2462 4952 2391 4952 2391 4953 2461 4953 2394 4953 2462 4954 2461 4954 2391 4954 2461 4955 2460 4955 2394 4955 2394 4956 2460 4956 2396 4956 2460 4957 2459 4957 2396 4957 2459 4958 2398 4958 2396 4958 2459 4959 2458 4959 2398 4959 2458 4960 2401 4960 2398 4960 2458 4961 2457 4961 2401 4961 2401 4962 2457 4962 2402 4962 2457 4963 2456 4963 2402 4963 2402 4964 2456 4964 2405 4964 2456 4965 2455 4965 2405 4965 2405 4966 2455 4966 2406 4966 2455 4967 2454 4967 2406 4967 2406 4968 2454 4968 2408 4968 2454 4969 2453 4969 2408 4969 2408 4970 2453 4970 2410 4970 2453 4971 2452 4971 2410 4971 2452 4972 2451 4972 2410 4972 2410 4973 2451 4973 2412 4973 2412 4974 2451 4974 2414 4974 2451 4975 2450 4975 2414 4975 2450 4976 2415 4976 2414 4976 2450 4977 2449 4977 2415 4977 2449 4978 2417 4978 2415 4978 2449 4979 2448 4979 2417 4979 2448 4980 2420 4980 2417 4980 2448 4981 2447 4981 2420 4981 2447 4982 2421 4982 2420 4982 2421 4983 2446 4983 2423 4983 2447 4984 2446 4984 2421 4984 2423 4985 2445 4985 2425 4985 2446 4986 2445 4986 2423 4986 2425 4987 2444 4987 2427 4987 2445 4988 2444 4988 2425 4988 2444 4989 2429 4989 2427 4989 2444 4990 2443 4990 2429 4990 2429 4991 2442 4991 2431 4991 2443 4992 2442 4992 2429 4992 2442 4993 2441 4993 2431 4993 2441 4994 2433 4994 2431 4994 2441 4995 2440 4995 2433 4995 2433 4996 2440 4996 2435 4996 2440 4997 2439 4997 2435 4997 2435 4998 2439 4998 2436 4998 2436 4999 2439 4999 2379 4999</p>
                </triangles>
            </mesh>
        </geometry>
    </library_geometries>
    <library_visual_scenes>
        <visual_scene id="VisualSceneNode" name="VisualScene">
            <node id="node" name="node">
                <instance_geometry url="#shape0-lib"/>
            </node>
        </visual_scene>
    </library_visual_scenes>
    <scene>
        <instance_visual_scene url="#VisualSceneNode"/>
    </scene>
</COLLADA>
