<?xml version="1.0" encoding="UTF-8"?>
<COLLADA xmlns="http://www.collada.org/2005/11/COLLADASchema" version="1.4.1">
    <asset>
        <contributor>
            <author>VCGLab</author>
            <authoring_tool>VCGLib | MeshLab</authoring_tool>
        </contributor>
        <created>Mi. Jan. 4 13:56:33 2023 GMT</created>
        <modified>Mi. Jan. 4 13:56:33 2023 GMT</modified>
        <up_axis>Y_UP</up_axis>
    </asset>
    <library_geometries>
        <geometry id="shape0-lib" name="shape0">
            <mesh>
                <source id="shape0-lib-positions" name="position">
                    <float_array id="shape0-lib-positions-array" count="12030">0.521582 -0.0934075 0.056879 0.51666 -0.0926281 0.0570001 0.52158 -0.0934072 0.056878 0.524613 -0.0938876 0.0566811 0.524864 -0.0939274 -0.052429 0.520094 -0.0931719 -0.0532361 0.520101 -0.0931731 -0.0532389 0.515359 -0.0924219 -0.0541621 0.515347 -0.09242 -0.0541611 0.542348 -0.0955 -0.050463 0.538568 -0.0955 -0.050757 0.54445 -0.0955 0.000999868 0.534793 -0.0955005 -0.0511211 0.534793 -0.0955 0.0553378 0.535958 -0.0955 0.0551199 0.534793 -0.0955 0.0553421 0.53712 -0.0955 0.0548849 0.538279 -0.0955 0.054635 0.54561 -0.0955132 0.0508503 0.546506 -0.0955094 0.0525188 0.2737 -0.0541469 -0.063 0.276057 -0.0545189 -0.063 0.273866 -0.0541732 -0.0622213 0.272986 -0.0540338 -0.0629764 0.271897 -0.0538614 -0.0628605 0.270777 -0.053684 -0.0626355 0.272593 -0.0539715 -0.0605069 0.269953 -0.0535535 -0.0623999 0.272191 -0.0539079 -0.0594063 0.273414 -0.0541017 0.0569929 0.278006 -0.0584077 0.0568952 0.272275 -0.0539212 0.0569119 0.272921 -0.0540235 0.0552492 0.271148 -0.0537428 0.0567221 0.270409 -0.0536256 0.05654 0.269953 -0.0535535 0.0564 0.272191 -0.0539079 0.0530009 0.272273 -0.0539209 0.0537228 0.276141 -0.0545335 0.0570001 0.421109 -0.0629087 -0.054 0.419261 -0.0653962 -0.054 0.419429 -0.0652218 -0.057 0.416852 -0.0662337 -0.054 0.416827 -0.0662175 -0.057 0.41489 -0.0657278 -0.054 0.414326 -0.065323 -0.057 0.413599 -0.0646209 -0.054 0.412888 -0.0621727 -0.057 0.412824 -0.0619636 -0.054 0.41358 -0.0594744 -0.054 0.414403 -0.0587076 -0.057 0.415333 -0.0580603 -0.054 0.418047 -0.0580077 -0.054 0.416753 -0.057776 -0.057 0.420554 -0.0598992 -0.054 0.419691 -0.059048 -0.057 0.421165 -0.0619397 -0.057 0.276637 0.058 0.00197881 0.275837 0.0524855 0.00114864 0.275597 0.058 0.000584304 0.275666 0.058 -0.000802577 0.275762 0.0524884 -0.000974238 0.277825 0.0524494 -0.00229746 0.277099 0.058 -0.00218779 0.279021 0.058 -0.0021804 0.280145 0.058 -0.000717223 0.279613 0.0524691 -0.00179392 0.28026 0.0524935 0.000266492 0.279966 0.058 0.00135583 0.279384 0.0524627 0.00196642 0.277693 0.0524494 0.00229686 0.278477 0.058 0.00229234 0.538129 -0.0430614 -0.0315753 0.536502 -0.0427807 -0.032033 0.535897 -0.0436228 -0.0327097 0.535571 -0.0430614 -0.0342994 0.537249 -0.0432017 -0.0362859 0.538003 -0.0305 -0.0364047 0.538755 -0.0430614 -0.0363103 0.53917 -0.0305 -0.0361281 0.539912 -0.0305 -0.0354732 0.539955 -0.0436228 -0.0351678 0.540209 -0.0430614 -0.0330923 0.539781 -0.0305 -0.0323644 0.539501 -0.0436228 -0.0321398 0.536792 -0.0305 0.0281791 0.536364 -0.0436228 0.027738 0.535518 -0.0427807 0.0257913 0.536785 -0.042921 0.023931 0.538084 -0.0305 0.0235288 0.538557 -0.0430614 0.0236391 0.539257 -0.0305 0.0239305 0.539907 -0.0433421 0.0245895 0.540368 -0.0433421 0.0260772 0.539562 -0.0430614 0.0277871 0.538311 -0.0430614 0.0283942 0.481801 -0.0285 0.0539998 0.47768 -0.0283216 0.0511445 0.47353 -0.027622 0.0517866 0.4007 0.000870943 0.050492 0.40695 -0.00850001 0.0506539 0.4007 -0.00850001 0.0506539 0.446993 0.000867724 0.0504922 0.40695 -0.0254483 0.0509459 0.452106 -0.0166951 0.050795 0.463195 -0.0254483 0.0509459 0.4187 -0.0285 -0.0108629 0.4007 -0.0285 -0.0532599 0.4007 -0.0285 -0.0108629 0.462278 -0.0285 -0.0532599 0.419155 -0.0285 -0.00950199 0.47722 -0.0285018 -0.0580116 0.462171 -0.0285045 -0.05947 0.42032 -0.0285 -0.00437266 0.40695 -0.0285 0.0335001 0.4187 -0.0285 0.010863 0.4007 -0.0285 0.010863 0.531435 -0.0285 -0.0414761 0.525927 -0.0285 -0.0493799 0.529028 -0.0285 -0.0384346 0.534426 -0.0285 -0.0433198 0.528117 -0.0285 -0.0356074 0.537982 -0.0285 -0.0439497 0.52808 -0.0285 -0.0326386 0.540948 -0.0285 -0.0435095 0.528696 -0.0285 -0.0302339 0.56095 -0.0285 -0.047581 0.543825 -0.0285 -0.0419608 0.546089 -0.0285 -0.0397754 0.547424 -0.0285 -0.0369235 0.547785 -0.0285 -0.0326124 0.546913 -0.0285 -0.029615 0.419505 -0.0285 0.00830311 0.420447 -0.0285 0.00335068 0.420665 -0.0285 -0.000985682 0.40695 -0.0285 0.0479469 0.529861 -0.0285 -0.028184 0.530849 -0.0285 0.0189874 0.53168 -0.0285 -0.0262375 0.529484 -0.0285 0.0207896 0.532839 -0.0285 0.0174593 0.533564 -0.0285 -0.0250352 0.535068 -0.0285 0.0164451 0.535246 -0.0285 -0.0243884 0.528274 -0.0285 0.0235366 0.538012 -0.0285 -0.0240451 0.538012 -0.0285 0.016045 0.540654 -0.0285 -0.0243884 0.540948 -0.0285 0.0164904 0.542172 -0.0285 -0.0249444 0.543312 -0.0285 0.0175843 0.545345 -0.0285 0.0193087 0.544198 -0.0285 -0.0262638 0.545919 -0.0285 -0.0279642 0.546497 -0.0285 0.0208501 0.528111 -0.0285 0.0270783 0.529698 -0.0285 0.0314772 0.521934 -0.0285 0.0536541 0.533428 -0.0285 0.0348234 0.56095 -0.0285 0.0474736 0.53809 -0.0285 0.0358419 0.542839 -0.0285 0.0346527 0.545338 -0.0285 0.0326852 0.547144 -0.0285 0.029741 0.547604 -0.0285 0.023478 0.547913 -0.0285 0.0261242 0.4007 0.0357799 -0.0356389 0.4007 0.0198998 -0.020402 0.4007 0.0339302 -0.0374032 0.4007 0.020892 -0.0193849 0.4007 0.0375617 -0.0337563 0.4007 0.018858 -0.021369 0.4007 0.0319025 -0.0391489 0.4007 0.0218323 -0.0183192 0.4007 0.0391139 -0.0319429 0.4007 0.0177695 -0.0222822 0.4007 0.0300478 -0.040588 0.4007 0.0227183 -0.0172082 0.4007 0.0406537 -0.029959 0.4007 0.0166367 -0.02314 0.4007 0.0280412 -0.0420004 0.4007 0.0235478 -0.0160552 0.4007 0.042093 -0.0279 0.4007 0.0154626 -0.0239411 0.4007 0.0258678 -0.043372 0.4007 0.0243188 -0.0148612 0.4007 0.0434282 -0.0257731 0.4007 0.01425 -0.0246821 0.4007 0.0236793 -0.0446039 0.4007 0.0250293 -0.01363 0.4007 0.013002 -0.0253611 0.4007 0.0214323 -0.0457259 0.4007 0.0256776 -0.0123659 0.4007 0.0117217 -0.0259781 0.4007 0.0191322 -0.0467349 0.4007 0.0262621 -0.0110701 0.4007 0.0104122 -0.0265298 0.4007 0.0167848 -0.0476289 0.4007 0.0267812 -0.00974804 0.4007 0.00907686 -0.027016 0.4007 0.0143959 -0.048405 0.4007 0.0272338 -0.00840098 0.4007 0.00771895 -0.0274349 0.4007 0.0119714 -0.0490609 0.4007 0.0276187 -0.00703293 0.4007 0.0490866 -0.011864 0.4007 0.00634184 -0.0277849 0.4007 0.00951721 -0.0495949 0.4007 0.0279349 -0.005647 0.4007 0.0496158 -0.00940901 0.4007 0.00494897 -0.0280672 0.4007 0.0281817 -0.0042482 0.4007 0.0500222 -0.00692993 0.4007 0.00354379 -0.0282789 0.4007 0.0283584 -0.00283819 0.4007 0.0503049 -0.00443417 0.4007 -0.0250012 -0.0562187 0.4007 -0.0253348 -0.056253 0.4007 -0.0256646 -0.0562559 0.4007 0.00212981 -0.02842 0.4007 -0.0259563 -0.0562249 0.4007 -0.0258109 -0.056244 0.4007 0.0284646 -0.00142103 0.4007 0.0504649 -0.00189573 0.4007 -0.0263304 -0.0561367 0.4007 0.000710517 -0.0284911 0.4007 -0.0267944 -0.0559669 0.4007 -0.0269888 -0.0558634 0.4007 0.0285 -5.96046e-08 0.4007 0.0504966 0.000582397 0.4007 -0.0271761 -0.055748 0.4007 -0.027411 -0.055573 0.4007 -0.0272957 -0.0556632 0.4007 -0.000710517 -0.0284911 0.4007 -0.0276277 -0.0553752 0.4007 -0.0275218 -0.0554772 0.4007 -0.0277988 -0.0551839 0.4007 0.0284646 0.00142092 0.4007 0.0504051 0.00309414 0.4007 -0.0281323 -0.0546814 0.4007 -0.00212981 -0.02842 0.4007 -0.0283489 -0.0541974 0.4007 0.0283584 0.00283808 0.4007 0.050189 0.0055961 0.4007 -0.0284473 -0.0538068 0.4007 -0.028491 -0.0534802 0.4007 -0.00354379 -0.0282789 0.4007 0.0498486 0.00808495 0.4007 0.0281817 0.00424808 0.4007 -0.00494897 -0.0280672 0.4007 0.049385 0.0105528 0.4007 0.0279349 0.00564712 0.4007 -0.00634184 -0.0277849 0.4007 0.0276187 0.00703281 0.4007 0.0487992 0.0129961 0.4007 -0.00771895 -0.0274349 0.4007 0.0272338 0.00840086 0.4007 0.0480927 0.0154061 0.4007 -0.00907686 -0.027016 0.4007 0.0267812 0.00974792 0.4007 0.0472672 0.0177779 0.4007 -0.0104122 -0.0265298 0.4007 0.0262621 0.01107 0.4007 0.0463248 0.020106 0.4007 -0.0117217 -0.0259781 0.4007 0.0256776 0.012366 0.4007 0.0452678 0.0223851 0.4007 -0.013002 -0.0253611 0.4007 0.0250293 0.0136299 0.4007 0.0440988 0.0246081 0.4007 -0.01425 -0.0246821 0.4007 0.0243188 0.014861 0.4007 0.0428208 0.0267701 0.4007 -0.0154626 -0.0239411 0.4007 0.0235478 0.016055 0.4007 0.0414367 0.028866 0.4007 -0.0166367 -0.02314 0.4007 0.0227183 0.017208 0.4007 0.0399503 0.0308909 0.4007 -0.0177695 -0.0222822 0.4007 0.0218323 0.0183191 0.4007 0.0383649 0.032839 0.4007 -0.018858 -0.021369 0.4007 0.020892 0.0193848 0.4007 0.0366847 0.0347061 0.4007 -0.0198998 -0.020402 0.4007 0.0198998 0.0204019 0.4007 -0.020892 -0.0193849 0.4007 0.0349137 0.036487 0.4007 0.018858 0.0213689 0.4007 -0.0218323 -0.0183192 0.4007 0.0330564 0.0381779 0.4007 0.0177695 0.0222821 0.4007 -0.0227183 -0.0172082 0.4007 -0.0235478 -0.0160552 0.4007 0.0311173 0.0397739 0.4007 0.0166367 0.0231399 0.4007 0.0291012 0.0412721 0.4007 0.0154626 0.023941 0.4007 0.0270131 0.0426678 0.4007 0.01425 0.024682 0.4007 -0.0267812 -0.00974804 0.4007 -0.0262621 -0.0110701 0.4007 -0.0256776 -0.0123659 0.4007 -0.0250293 -0.01363 0.4007 -0.0243188 -0.0148612 0.4007 0.0248582 0.0439581 0.4007 0.013002 0.025361 0.4007 -0.0272338 -0.00840098 0.4007 -0.0292063 -0.00875765 0.4007 -0.0276187 -0.00703293 0.4007 0.0226418 0.04514 0.4007 0.0117217 0.025978 0.4007 -0.0297749 -0.00661093 0.4007 -0.0279349 -0.005647 0.4007 -0.0300607 -0.00515801 0.4007 -0.0281817 -0.0042482 0.4007 0.0203694 0.04621 0.4007 0.0104122 0.02653 0.4007 -0.0302756 -0.00369316 0.4007 -0.0283584 -0.00283819 0.4007 -0.0304191 -0.00221902 0.4007 -0.0284646 -0.00142103 0.4007 0.0180466 0.0471649 0.4007 0.00907686 0.0270161 0.4007 -0.030491 -0.000740111 0.4007 -0.0285 -5.96046e-08 0.4007 -0.0284646 0.00142092 0.4007 0.0156792 0.0480041 0.4007 0.00771895 0.027435 0.4007 -0.0304551 0.00147957 0.4007 -0.0283584 0.00283808 0.4007 -0.0281817 0.00424808 0.4007 -0.0302756 0.00369304 0.4007 -0.0300607 0.00515789 0.4007 -0.0279349 0.00564712 0.4007 0.013273 0.0487241 0.4007 0.00634184 0.027785 0.4007 -0.0276187 0.00703281 0.4007 -0.0272338 0.00840086 0.4007 -0.0295969 0.0073294 0.4007 -0.0267812 0.00974792 0.4007 -0.0289936 0.00946707 0.4007 0.0108339 0.049324 0.4007 0.00494897 0.0280671 0.4007 -0.0243188 0.014861 0.4007 -0.0250293 0.0136299 0.4007 -0.0256776 0.012366 0.4007 -0.0262621 0.01107 0.4007 0.00836806 0.049802 0.4007 0.00354379 0.028279 0.4007 0.0058815 0.0501561 0.4007 0.00212981 0.0284199 0.4007 -0.00634184 0.027785 0.4007 -0.00494897 0.0280671 0.4007 -0.0106021 0.0344381 0.4007 -0.00983977 0.0350994 0.4007 -0.00771895 0.027435 0.4007 -0.00354379 0.028279 0.4007 -0.00914091 0.036118 0.4007 -0.00907686 0.0270161 0.4007 -0.00212981 0.0284199 0.4007 -0.0120752 0.0337443 0.4007 -0.0104122 0.02653 0.4007 -0.000710517 0.028491 0.4007 -0.0117217 0.025978 0.4007 0.000710517 0.028491 0.4007 -0.0085616 0.0378579 0.4007 -0.0285 0.0334999 0.4007 -0.013002 0.025361 0.4007 -0.01425 0.024682 0.4007 -0.0154626 0.023941 0.4007 -0.0166367 0.0231399 0.4007 -0.00850001 0.0385 0.4007 0.0033804 0.0503868 0.4007 -0.0177695 0.0222821 0.4007 -0.018858 0.0213689 0.4007 -0.0198998 0.0204019 0.4007 -0.020892 0.0193848 0.4007 -0.0218323 0.0183191 0.4007 -0.0227183 0.017208 0.4007 -0.0235478 0.016055 0.261704 -0.0449539 0.0451459 0.2617 -0.0473065 0.0355806 0.2617 -0.0541325 0.0245895 0.426251 0.0120374 -0.0490442 0.425584 0.014515 -0.048369 0.424933 0.0169505 -0.04757 0.424581 0.0182807 -0.0470749 0.424113 0.0200625 -0.0463439 0.423608 0.0220061 -0.0454474 0.423122 0.0239037 -0.0444842 0.422808 0.0251449 -0.0437952 0.422353 0.0269704 -0.0426889 0.420999 0.0326694 -0.038503 0.420533 0.0347791 -0.0366085 0.41958 0.0396134 -0.031313 0.419298 0.0413236 -0.0290194 0.419084 0.0428479 -0.0267182 0.418929 0.0442362 -0.0243507 0.4007 0.0447149 -0.0234728 0.4007 0.0458562 -0.0211564 0.4007 0.0467772 -0.0190302 0.4007 0.0476552 -0.0167127 0.4007 0.048436 -0.0142899 0.418998 0.0488183 -0.0129076 0.419124 0.0492778 -0.0110431 0.419226 0.0495414 -0.00979286 0.419343 0.0497733 -0.00853688 0.419599 0.0501141 -0.0061956 0.419966 0.0503814 -0.00338322 0.420873 0.050456 0.00210899 0.421227 0.0503481 0.00391382 0.421606 0.0501765 0.00570697 0.422009 0.0499418 0.00748795 0.422438 0.0496442 0.00925797 0.42289 0.0492839 0.0110158 0.423367 0.0488607 0.012762 0.423865 0.0483766 0.0144901 0.424381 0.0478358 0.0161859 0.424915 0.0472393 0.017852 0.425465 0.046588 0.019489 0.426032 0.0458826 0.0210959 0.426614 0.0451235 0.022674 0.427212 0.0443108 0.024224 0.427825 0.0434447 0.0257449 0.428452 0.0425249 0.0272378 0.429092 0.0415552 0.028695 0.429738 0.0405419 0.0301098 0.430392 0.0394859 0.0314819 0.431051 0.0383875 0.0328121 0.431717 0.037247 0.0341009 0.432388 0.0360647 0.03535 0.433064 0.0348403 0.0365571 0.433745 0.0335737 0.037724 0.43443 0.0322646 0.0388488 0.435119 0.0309125 0.0399331 0.435807 0.029526 0.0409688 0.436491 0.0281105 0.041953 0.437084 0.0268532 0.0427689 0.437769 0.0253645 0.043668 0.438532 0.0236545 0.0446171 0.439112 0.0223213 0.045299 0.439863 0.0205447 0.046132 0.440433 0.0191601 0.046724 0.441055 0.0176062 0.047332 0.441671 0.0160241 0.0478901 0.442223 0.0145665 0.0483541 0.442877 0.012788 0.0488538 0.443594 0.0107687 0.049339 0.44429 0.00872952 0.04974 0.444966 0.00667039 0.0500569 0.44562 0.00459102 0.050291 0.446179 0.00273916 0.0504259 0.258434 0.000972897 0.056492 0.445947 0.000974417 0.056492 0.2577 0.00373441 0.0563759 0.2577 0.000974417 0.056492 0.444777 0.00530505 0.05625 0.2577 0.00648546 0.056127 0.445266 0.00695297 0.0560705 0.2577 0.00922103 0.055742 0.44373 0.00890139 0.0557939 0.443237 0.0105178 0.0555119 0.2577 0.0119345 0.0552248 0.442734 0.0121218 0.0551838 0.2577 0.0146195 0.0545759 0.442686 0.0152656 0.0543985 0.2577 0.0172696 0.053796 0.441182 0.0168122 0.053941 0.440646 0.0183517 0.0534369 0.2577 0.0198783 0.0528879 0.440732 0.0198788 0.0528871 0.439362 0.0218895 0.052088 0.2577 0.0224396 0.0518531 0.438523 0.0240975 0.0511031 0.2577 0.0249472 0.0506939 0.43825 0.0262499 0.0500318 0.2577 0.0273952 0.0494141 0.436823 0.0283471 0.0488738 0.2577 0.0297776 0.048016 0.2577 0.0320889 0.046503 0.435098 0.0323798 0.0463008 0.2577 0.0343235 0.0448789 0.434228 0.0343154 0.0448851 0.433353 0.036197 0.0433821 0.2577 0.0364761 0.043148 0.433259 0.0380174 0.0417961 0.2577 0.0385414 0.0413131 0.431612 0.0397636 0.0401391 0.2577 0.0405147 0.03938 0.431007 0.0409457 0.038932 0.2577 0.042391 0.037353 0.430369 0.0421632 0.03761 0.430476 0.0433404 0.0362467 0.2577 0.0441661 0.0352358 0.42915 0.0444014 0.034939 0.2577 0.0458356 0.0330359 0.427849 0.0466575 0.0318641 0.2577 0.0473955 0.0307559 0.427282 0.0475972 0.0304431 0.426752 0.0484511 0.0290651 0.2577 0.0488421 0.028402 0.2577 0.0501719 0.0259809 0.425712 0.0500506 0.0262141 0.2577 0.0513819 0.023498 0.424716 0.0514823 0.023277 0.424237 0.0521328 0.0217809 0.2577 0.052469 0.0209579 0.423771 0.0527399 0.020267 0.2577 0.0534306 0.0183691 0.423318 0.0533035 0.0187349 0.422878 0.0538236 0.017184 0.278359 0.0542668 0.0157279 0.27795 0.0542646 0.0157351 0.279472 0.054297 0.0156278 0.422452 0.0542997 0.015614 0.279975 0.0543275 0.015516 0.2577 0.0542646 0.0157351 0.282343 0.0545154 0.014842 0.422039 0.0547315 0.0140261 0.283216 0.0546216 0.0144472 0.284007 0.0547359 0.014007 0.285015 0.0549027 0.013338 0.42164 0.0551184 0.012418 0.286337 0.0551588 0.0122308 0.287131 0.0553291 0.0114431 0.421256 0.0554599 0.010791 0.28772 0.0554662 0.010756 0.288274 0.0556014 0.0100359 0.420886 0.0557551 0.00914401 0.288779 0.055731 0.00928634 0.289262 0.0558557 0.00850862 0.420531 0.056003 0.00747699 0.289664 0.0559701 0.00771493 0.290046 0.0560779 0.00689405 0.420194 0.0562015 0.00580114 0.419876 0.0563494 0.00412315 0.290757 0.0562871 0.00489086 0.290989 0.0563572 0.00401396 0.419589 0.0564442 0.00251001 0.291309 0.056456 0.00223011 0.291375 0.0564766 0.00162596 0.41933 0.0564919 0.000959814 0.291431 0.0564941 0.000783861 0.419087 0.0564969 -0.000592053 0.291434 0.0564951 -0.000744879 0.291426 0.0564831 -0.00137812 0.418861 0.0564593 -0.00214487 0.291339 0.0564654 -0.00196368 0.291231 0.0564316 -0.00278002 0.418651 0.0563789 -0.00369793 0.291115 0.0563958 -0.00342995 0.291017 0.0563656 -0.00389391 0.290913 0.0563325 -0.00434786 0.418458 0.0562553 -0.00525194 0.2907 0.0562699 -0.00508887 0.290438 0.0561918 -0.00589305 0.418281 0.0560884 -0.00680786 0.290272 0.0561435 -0.00633699 0.28998 0.0560591 -0.00704056 0.289676 0.0559731 -0.00769812 0.418121 0.0558775 -0.00836402 0.28941 0.0558994 -0.00821596 0.288965 0.0557798 -0.00898939 0.417978 0.0556221 -0.00992209 0.288361 0.0556239 -0.0099054 0.287728 0.0554678 -0.0107499 0.417852 0.0553215 -0.0114799 0.287214 0.0553485 -0.0113454 0.417744 0.0549761 -0.0130339 0.286355 0.0551608 -0.0122276 0.285549 0.0550016 -0.0129223 0.284413 0.0547993 -0.013758 0.417654 0.0545886 -0.0145722 0.282919 0.0545869 -0.0145751 0.417582 0.0541593 -0.016094 0.280962 0.0543945 -0.0152777 0.41753 0.0537121 -0.0175291 0.27857 0.0542705 -0.0157147 0.2577 0.0534109 -0.018426 0.417487 0.0530903 -0.019331 0.278044 0.0542648 -0.0157345 0.2577 0.0542646 -0.015735 0.2577 0.0524238 -0.021071 0.417471 0.0525585 -0.0207329 0.2577 0.0513059 -0.0236631 0.417488 0.0512935 -0.02369 0.417521 0.0506445 -0.0250481 0.2577 0.0500599 -0.026197 0.417582 0.0497843 -0.026717 0.2577 0.0486889 -0.0286642 0.417679 0.0487461 -0.0285669 0.417766 0.047962 -0.0298648 0.2577 0.0471963 -0.031061 0.417872 0.0471056 -0.0311981 0.417993 0.0462157 -0.032502 0.2577 0.0455859 -0.0333791 0.418129 0.0452927 -0.0337759 0.418279 0.0443368 -0.0350209 0.2577 0.0438617 -0.035615 0.418443 0.0433482 -0.036238 0.2577 0.042028 -0.037761 0.418621 0.042327 -0.0374261 0.418812 0.0412732 -0.038585 0.2577 0.0400894 -0.0398131 0.419016 0.0401868 -0.0397149 0.419233 0.0390675 -0.0408159 0.2577 0.0380506 -0.041766 0.419464 0.0379152 -0.041889 0.419706 0.0367331 -0.042929 0.2577 0.0359169 -0.0436149 0.419958 0.0355286 -0.0439311 0.42022 0.0343021 -0.0448962 0.2577 0.0336935 -0.0453539 0.2577 0.031386 -0.04698 0.420772 0.0317843 -0.046712 0.421061 0.0304932 -0.047565 0.2577 0.0290002 -0.0484901 0.42146 0.0287385 -0.0486451 0.2577 0.0265419 -0.0498782 0.421927 0.026719 -0.0497831 0.2577 0.0240174 -0.0511411 0.422915 0.0225349 -0.051811 0.2577 0.0214329 -0.0522771 0.423433 0.0203824 -0.0526949 0.2577 0.018795 -0.0532821 0.2577 0.01611 -0.0541549 0.425585 0.0137703 -0.0547963 0.2577 0.0133849 -0.0548921 0.425433 0.0122157 -0.0551639 0.2577 0.0106443 -0.0554886 0.425822 0.010648 -0.0554882 0.2577 0.00643896 -0.0561143 0.2577 0.000808015 -0.0564767 0.2577 -0.00342463 -0.0563961 0.2577 -0.00623734 -0.056155 0.2577 -0.00887832 -0.0558 0.2577 -0.0145624 -0.0545588 0.2577 -0.0209839 -0.0524436 0.2577 -0.0281909 -0.0489083 0.2577 -0.0335184 -0.0454617 0.2577 -0.0380081 -0.0417624 0.2577 -0.0418777 -0.0379015 0.25919 -0.042917 -0.0368372 0.2577 -0.0454503 -0.0335341 0.25924 -0.0466131 -0.0320416 0.2577 -0.0488989 -0.0282078 0.259095 -0.0526083 -0.0205994 0.2577 -0.0525633 -0.020588 0.2577 -0.0545886 -0.0145674 0.2577 -0.0552481 -0.011828 0.259282 -0.0557847 -0.00882727 0.2577 -0.0557699 -0.00905401 0.2577 -0.0561525 -0.00625712 0.2577 -0.0563901 -0.00360352 0.2577 -0.0564982 -0.000492156 0.2577 -0.0564571 0.00220007 0.260378 -0.0564423 0.00340122 0.2577 -0.0562768 0.00501698 0.2577 -0.0559707 0.00770801 0.2577 -0.0537258 0.0174293 0.2577 -0.0522482 0.0215003 0.2577 -0.0505123 0.0253069 0.2577 -0.0481643 0.0294117 0.2577 -0.0461785 0.032524 0.2577 -0.0442188 0.0351767 0.2577 -0.0416795 0.038139 0.2577 -0.0361398 0.0433664 0.2577 -0.0311177 0.0471534 0.2577 -0.0293243 0.0482716 0.2577 -0.0242877 0.05096 0.2577 -0.018457 0.0534002 0.2577 -0.014389 0.0546183 0.2577 -0.00393614 0.0563597 0.269574 -0.0198637 0.0568506 0.271811 -0.0263498 0.0569629 0.272383 -0.0284569 0.0569991 0.452374 -0.0161004 0.056786 0.460305 -0.0246428 0.0569333 0.467309 -0.0284569 0.0569991 0.54645 -0.105766 0.0460593 0.54645 -0.108223 0.0403299 0.54645 -0.109896 0.035669 0.54645 -0.111362 0.0309381 0.54645 -0.112619 0.026148 0.54645 -0.1137 0.0209278 0.54645 -0.113664 0.0213069 0.54645 -0.113691 0.0210947 0.54645 -0.1137 -0.020928 0.56095 -0.1137 -0.0209718 0.54645 -0.113685 -0.0211659 0.54645 -0.113664 -0.0213071 0.54645 -0.112464 -0.0267881 0.54645 -0.0974027 -0.0456672 0.546454 -0.106217 -0.0446993 0.54645 -0.107315 -0.0426267 0.54645 -0.110993 -0.0322021 0.54645 -0.109253 -0.037535 0.56095 -0.1137 0.0197539 0.51064 -0.0916746 -0.0552002 0.51064 -0.0315 -0.0552002 0.519588 -0.0315 -0.0533329 0.528612 -0.0315 -0.0518771 0.546812 -0.0315 -0.0502091 0.55595 -0.096239 -0.05 0.56095 -0.109318 -0.0373531 0.56095 -0.107348 -0.042537 0.56095 -0.11103 -0.0320778 0.56095 -0.11248 -0.0267249 0.56095 -0.113664 -0.0213071 0.559549 -0.104908 0.0462512 0.561013 -0.106431 0.0439467 0.56095 -0.107348 0.0425369 0.56095 -0.0982897 0.0497679 0.56095 -0.109318 0.037353 0.561106 -0.100957 0.0483207 0.56095 -0.096239 0.0500001 0.56095 -0.0960372 0.0497 0.56095 -0.11103 0.032078 0.56095 -0.109929 0.0344996 0.56095 -0.11248 0.026725 0.56095 -0.112196 0.0266199 0.56095 -0.113664 0.0213069 0.56095 -0.113691 0.0210947 0.56095 -0.1134 -5.96046e-08 0.56095 -0.113691 -0.0210949 0.561075 -0.113364 -0.0212789 0.56095 -0.0318 0.0497 0.56095 -0.0315 0.0500001 0.559158 -0.0303369 0.0497205 0.561075 -0.111483 -0.029259 0.559419 -0.0290467 0.0486349 0.561075 -0.107156 -0.0422149 0.56095 -0.10669 -0.04386 0.56095 -0.10519 -0.0459569 0.56095 -0.103219 -0.0477296 0.56095 -0.101519 -0.0487648 0.56095 -0.0994477 -0.0495439 0.56095 -0.0969674 -0.05 0.56095 -0.0639186 -0.0497001 0.56095 -0.0288 -5.96046e-08 0.56095 -0.0301253 -0.05 0.56095 -0.0305132 -0.0497847 0.558583 -0.0315 0.0500001 0.558583 -0.096239 0.0500001 0.553407 -0.0315 0.050682 0.542542 -0.0945024 0.0535931 0.542542 -0.0315 0.0535931 0.521022 -0.0313847 0.056905 0.51666 -0.0315 0.0570001 0.526491 -0.094185 0.0565161 0.530654 -0.0948445 0.0560159 0.432276 -0.0102862 -0.0533953 0.437971 -0.0195163 -0.0551668 0.443603 -0.0249346 -0.056206 0.442655 -0.0809067 -0.063 0.421955 -0.0652099 -0.063 0.420415 -0.0668828 -0.063 0.418906 -0.0676459 -0.063 0.422741 -0.0635515 -0.063 0.422915 -0.0617761 -0.063 0.416987 -0.0679879 -0.063 0.416131 -0.0679386 -0.063 0.442676 -0.0809101 -0.063 0.442662 -0.0809079 -0.063 0.422829 -0.0608115 -0.063 0.41522 -0.0677365 -0.063 0.442676 -0.0287853 -0.063 0.422445 -0.0596947 -0.063 0.416502 -0.0560186 -0.063 0.415509 -0.0561881 -0.063 0.42159 -0.0582041 -0.063 0.42025 -0.0570264 -0.063 0.418516 -0.0562278 -0.063 0.417211 -0.056014 -0.063 0.414317 -0.056618 -0.063 0.413821 -0.0568803 -0.063 0.411225 -0.0602342 -0.063 0.410989 -0.0614035 -0.063 0.410967 -0.0623734 -0.063 0.411201 -0.0636562 -0.063 0.411822 -0.0650901 -0.063 0.412406 -0.0659104 -0.063 0.413215 -0.0666837 -0.063 0.414018 -0.0672287 -0.063 0.2737 -0.0306472 -0.063 0.411582 -0.0593318 -0.063 0.2737 -0.0287853 -0.063 0.413076 -0.0574413 -0.063 0.412217 -0.058321 -0.063 0.41191 -0.0587447 -0.063 0.2617 -0.055 -0.0510002 0.261699 -0.030247 -0.0511771 0.2617 -0.0457764 -0.0367785 0.499464 -0.0899045 -0.057576 0.488206 -0.0881213 -0.0595251 0.486645 -0.0310423 -0.0597602 0.476881 -0.0863277 -0.061044 0.465507 -0.0845262 -0.06213 0.4541 -0.0827195 -0.0627819 0.459006 -0.030694 -0.0625558 0.45609 -0.0309048 -0.0626989 0.453569 -0.030321 -0.0628014 0.451379 -0.0296593 -0.0628739 0.44593 -0.0284066 -0.062985 0.2577 -0.0198998 -0.020402 0.2577 -0.020892 -0.0193849 0.2577 -0.018858 -0.021369 0.2577 -0.0218323 -0.0183192 0.2577 -0.0177695 -0.0222822 0.2577 -0.0227183 -0.0172082 0.2577 -0.0166367 -0.02314 0.2577 -0.0235478 -0.0160552 0.2577 -0.0154626 -0.0239411 0.2577 -0.0243188 -0.0148612 0.2577 -0.01425 -0.0246821 0.2577 -0.0250293 -0.01363 0.2577 -0.013002 -0.0253611 0.2577 -0.0256776 -0.0123659 0.2577 -0.0117217 -0.0259781 0.2577 -0.0262621 -0.0110701 0.2577 -0.0104122 -0.0265298 0.2577 -0.0267812 -0.00974804 0.2577 -0.00907686 -0.027016 0.2577 -0.0272338 -0.00840098 0.2577 -0.00771895 -0.0274349 0.2577 -0.0276187 -0.00703293 0.2577 -0.00634184 -0.0277849 0.2577 -0.0279349 -0.005647 0.2577 -0.00494897 -0.0280672 0.2577 -0.0281817 -0.0042482 0.2577 -0.00354379 -0.0282789 0.2577 -0.0283584 -0.00283819 0.2577 -0.00212981 -0.02842 0.2577 -0.0284646 -0.00142103 0.2577 -0.000710517 -0.0284911 0.2577 -0.0285 -5.96046e-08 0.2577 0.000710517 -0.0284911 0.2577 -0.0284646 0.00142092 0.2577 0.00212981 -0.02842 0.2577 -0.0283584 0.00283808 0.2577 0.00354379 -0.0282789 0.2577 -0.0281817 0.00424808 0.2577 0.00494897 -0.0280672 0.2577 -0.0279349 0.00564712 0.2577 0.00634184 -0.0277849 0.2577 -0.0276187 0.00703281 0.2577 0.00771895 -0.0274349 0.2577 -0.0272338 0.00840086 0.2577 0.00907686 -0.027016 0.2577 -0.0267812 0.00974792 0.2577 0.0104122 -0.0265298 0.2577 -0.0262621 0.01107 0.2577 0.0117217 -0.0259781 0.2577 -0.0256776 0.012366 0.2577 0.013002 -0.0253611 0.2577 -0.0250293 0.0136299 0.2577 0.01425 -0.0246821 0.2577 -0.0243188 0.014861 0.2577 0.0154626 -0.0239411 0.2577 -0.0235478 0.016055 0.2577 0.0166367 -0.02314 0.2577 -0.0227183 0.017208 0.2577 0.0177695 -0.0222822 0.2577 -0.0218323 0.0183191 0.2577 0.018858 -0.021369 0.2577 -0.020892 0.0193848 0.2577 0.0198998 -0.020402 0.2577 -0.0198998 0.0204019 0.2577 0.020892 -0.0193849 0.2577 -0.018858 0.0213689 0.2577 0.0218323 -0.0183192 0.2577 -0.0177695 0.0222821 0.2577 0.0227183 -0.0172082 0.2577 -0.0166367 0.0231399 0.2577 0.0235478 -0.0160552 0.2577 -0.0154626 0.023941 0.2577 0.0243188 -0.0148612 0.2577 -0.01425 0.024682 0.2577 0.0250293 -0.01363 0.2577 -0.013002 0.025361 0.2577 0.0256776 -0.0123659 0.2577 -0.0117217 0.025978 0.2577 0.0262621 -0.0110701 0.2577 -0.0104122 0.02653 0.2577 0.0267812 -0.00974804 0.2577 -0.00907686 0.0270161 0.2577 0.0272338 -0.00840098 0.2577 -0.00771895 0.027435 0.2577 0.0276187 -0.00703293 0.2577 0.0279349 -0.005647 0.2577 0.0281817 -0.0042482 0.2577 0.0283584 -0.00283819 0.2577 -0.00634184 0.027785 0.2577 -0.00494897 0.0280671 0.2577 -0.00354379 0.028279 0.2577 -0.00212981 0.0284199 0.2577 -0.000710517 0.028491 0.2577 0.000710517 0.028491 0.2577 0.0577 -5.96046e-08 0.2577 0.058 -0.0120001 0.2577 0.0284646 -0.00142103 0.2577 0.0285 -5.96046e-08 0.2577 0.0284646 0.00142092 0.2577 0.0283584 0.00283808 0.2577 0.058 -0.00029999 0.2577 0.00212981 0.0284199 0.2577 0.00354379 0.028279 0.2577 0.00494897 0.0280671 0.2577 0.00634184 0.027785 0.2577 0.00771895 0.027435 0.2577 0.0281817 0.00424808 0.2577 0.0279349 0.00564712 0.2577 0.0276187 0.00703281 0.2577 0.0272338 0.00840086 0.2577 0.058 0.012 0.2577 0.058 0.000299871 0.2577 0.00907686 0.0270161 0.2577 0.0267812 0.00974792 0.2577 0.0104122 0.02653 0.2577 0.0262621 0.01107 0.2577 0.0117217 0.025978 0.2577 0.0256776 0.012366 0.2577 0.013002 0.025361 0.2577 0.0250293 0.0136299 0.2577 0.01425 0.024682 0.2577 0.0243188 0.014861 0.2577 0.0154626 0.023941 0.2577 0.0235478 0.016055 0.2577 0.0166367 0.0231399 0.2577 0.0227183 0.017208 0.2577 0.0177695 0.0222821 0.2577 0.0218323 0.0183191 0.2577 0.018858 0.0213689 0.2577 0.020892 0.0193848 0.2577 0.0198998 0.0204019 0.51665 -0.0926264 0.0570001 0.516639 -0.0926247 0.0570001 0.476063 -0.0306751 0.0570001 0.467389 -0.0285431 0.0570001 0.273355 -0.0348367 0.0570001 0.272899 -0.0310332 0.0570001 0.272383 -0.0285431 0.0570001 0.271921 -0.016 -0.0606008 0.267999 -0.00633396 -0.0587464 0.273699 -0.0261582 -0.0625506 0.2737 -0.0282199 -0.0629459 0.432757 -0.0121162 -0.0598558 0.442676 -0.0282199 -0.0629459 0.278964 0.058 -0.0119997 0.281622 0.058 -0.011231 0.283008 0.0558988 -0.0131131 0.287044 0.058 -0.00772721 0.286928 0.0565409 -0.00991827 0.289043 0.058 -0.00443369 0.28936 0.0568327 -0.00648409 0.289863 0.058 -0.000409186 0.291483 0.0564999 -2.05636e-05 0.29119 0.0564147 0.00311226 0.290404 0.0561779 0.00603074 0.289133 0.058 0.00410932 0.286232 0.0564825 0.010627 0.286344 0.058 0.0084464 0.281275 0.058 0.0114109 0.283972 0.0558988 0.012732 0.27795 0.058 0.012 0.281372 0.0558988 0.0136618 0.2727 0.058 -0.00029999 0.2727 0.058 0.000299871 0.268597 -0.057 -0.060495 0.263696 -0.057 -0.0365887 0.2633 -0.057 0.0225353 0.263513 -0.05696 0.0402035 0.262745 -0.057 -0.0104833 0.4187 -0.0289936 -0.00946718 0.4187 -0.0294189 -0.00804812 0.4187 -0.0297749 -0.00661093 0.4187 -0.0300607 -0.00515801 0.4187 -0.0302756 -0.00369316 0.4187 -0.0304191 -0.00221902 0.4187 -0.030491 -0.000740111 0.4187 -0.030491 0.000739992 0.4187 -0.0304191 0.00221914 0.4187 -0.0301681 0.00442547 0.4187 -0.0297749 0.00661081 0.4187 -0.0294189 0.008048 0.4187 -0.0289936 0.00946707 0.54645 -0.106435 0.0447056 0.54645 -0.0974129 0.0474271 0.546546 -0.104371 0.0480599 0.547059 -0.102442 0.0497994 0.547036 -0.0970808 0.0500326 0.547819 -0.0999259 0.0511436 0.548467 -0.0987556 -0.049799 0.548375 -0.0961628 -0.05015 0.547379 -0.102313 -0.048461 0.546694 -0.104549 -0.0467454 0.544573 -0.0955042 0.000999868 0.54478 -0.0955285 -0.0105 0.545076 -0.0956038 0.000999868 0.545349 -0.0957141 0.000999868 0.545801 -0.0960274 0.000999868 0.545148 -0.0956121 0.0483112 0.546323 -0.0968037 0.000999868 0.54641 -0.0971102 0.000999868 0.546068 -0.096226 0.0481519 0.553389 -0.0959661 0.0506868 0.546236 -0.0966011 0.000999868 0.546119 -0.0963999 0.000999868 0.545972 -0.0962037 0.000999868 0.54566 -0.0959097 0.000999868 0.54554 -0.0958249 0.0240001 0.546262 -0.0961254 -0.0470892 0.545827 -0.0955001 -0.0502589 0.546908 -0.097418 -0.0474716 0.55417 -0.0959129 0.0504929 0.554254 -0.0315 0.0504741 0.554938 -0.0960182 0.0503349 0.55511 -0.0315 0.0503039 0.55571 -0.0961027 0.0502071 0.555973 -0.0315 0.0501708 0.556487 -0.0961668 0.0501098 0.55684 -0.0315 0.0500759 0.557269 -0.0962107 0.050043 0.557711 -0.0315 0.050019 0.557925 -0.0962319 0.0500111 0.556305 -0.107198 0.0428795 0.55495 -0.10598 0.0450801 0.559563 -0.103121 0.0477948 0.552248 -0.104848 0.0467243 0.553876 -0.10292 0.048304 0.559396 -0.100929 0.0490074 0.553777 -0.100405 0.0496725 0.551688 -0.0975667 0.0509636 0.557561 -0.0980451 0.0499014 0.552237 -0.103449 -0.0475846 0.552608 -0.106548 -0.0441242 0.552129 -0.105485 -0.045673 0.551558 -0.101225 -0.0489646 0.553594 -0.0994396 -0.0495597 0.554632 -0.0976526 -0.0499187 0.438608 0.0294396 0.0437178 0.435727 0.0345026 0.0386176 0.433061 0.0405954 0.0342869 0.441249 0.023329 0.0471477 0.444452 0.0148534 0.0502653 0.425352 0.0520555 0.0144901 0.42193 0.0388232 -0.0374263 0.425396 0.0240388 -0.0467444 0.42787 0.0141058 -0.0514992 0.444092 -0.0251401 -0.056238 0.445043 -0.0255132 -0.0562549 0.446536 -0.0260503 -0.0562091 0.447712 -0.0264259 -0.056114 0.449184 -0.0268445 -0.0559421 0.45083 -0.0272496 -0.055697 0.452676 -0.0276301 -0.055373 0.454751 -0.0279709 -0.054961 0.457081 -0.0282501 -0.0544592 0.459675 -0.0284377 -0.0538691 0.2727 0.0577 -5.96046e-08 0.268914 -0.055 -0.0620041 0.269038 -0.0542185 -0.0620571 0.269038 -0.0542185 0.0560569 0.268597 -0.057 0.0558531 0.259334 -0.00025399 -0.0565675 0.260062 -0.00694481 -0.0563822 0.258926 -0.00653692 -0.0561362 0.261144 -0.0135945 -0.0560618 0.259118 -0.0234322 -0.0513983 0.259864 -0.0161545 -0.0544057 0.26134 -0.0252801 -0.0523081 0.260619 -0.0291363 -0.0491424 0.259284 -0.0310583 -0.0472618 0.260574 -0.0365976 -0.0439361 0.261565 -0.0347662 -0.0472756 0.261696 -0.0366756 -0.046599 0.259577 -0.0386417 -0.0414324 0.261224 -0.0415784 -0.0403691 0.261666 -0.0461295 -0.0368276 0.260746 -0.0478672 -0.031565 0.259647 -0.0500433 -0.0265976 0.261614 -0.0512168 -0.028914 0.261291 -0.0540821 -0.0210906 0.261444 -0.0567144 0.00650066 0.259499 -0.0551498 -0.0125352 0.260304 -0.055936 0.00910515 0.260997 -0.0557475 -0.0142675 0.2577 -0.0551755 0.0120806 0.260152 -0.0535806 0.0192212 0.261527 -0.0524921 0.0258402 0.26058 -0.0509853 0.0259115 0.259284 -0.047418 0.0309462 0.260435 -0.0456491 0.034234 0.261523 -0.0479145 0.0335864 0.261509 -0.03879 0.0437135 0.2577 -0.0387921 0.0410697 0.260897 -0.0394226 0.0418083 0.259281 -0.0346173 0.0447497 0.259942 -0.0314846 0.0472254 0.261237 -0.0308326 0.0490879 0.259589 -0.0231372 0.0517754 0.260061 -0.0201892 0.0531988 0.259119 -0.0158099 0.0543117 0.2577 -0.0100392 0.0555791 0.27195 -0.0381794 0.0568675 0.270784 -0.0389262 0.0566401 0.269776 -0.0535453 0.0563399 0.269603 -0.0535759 0.0562791 0.26944 -0.0536438 0.056219 0.269351 -0.0537013 0.056184 0.269254 -0.0537863 0.0561461 0.269108 -0.0389262 0.056087 0.269157 -0.0539082 0.056107 0.269081 -0.0540572 0.056075 0.268479 -0.0469631 0.055804 0.267705 -0.0469631 0.055391 0.266653 -0.055 0.0547084 0.265749 -0.055 0.0539832 0.265428 -0.0389262 0.053688 0.264919 -0.055 0.053173 0.264616 -0.0389262 0.0528359 0.26417 -0.055 0.052287 0.263577 -0.0389262 0.0514101 0.263294 -0.055 0.0509557 0.262733 -0.0389262 0.0498614 0.262703 -0.055 0.0497932 0.262308 -0.0429447 0.0487484 0.261865 -0.0509816 0.0468821 0.270898 -0.0310205 0.056838 0.265487 -0.0347475 0.0539989 0.263807 -0.0349773 0.0521302 0.269928 -0.0382867 0.0563945 0.268478 -0.0331229 0.0560336 0.262435 -0.0349929 0.0498495 0.267522 -0.0355261 0.0554065 0.261863 -0.03749 0.0472402 0.266663 -0.0386146 0.054712 0.272365 -0.028508 0.0569999 0.26874 -0.0277059 0.0565187 0.26611 -0.0291496 0.0552196 0.262403 -0.0310235 0.0511808 0.263847 -0.0301234 0.0533022 0.263139 -0.0240616 0.0542731 0.266625 -0.0175196 0.0566739 0.265235 -0.0220175 0.0558843 0.261972 -0.0129427 0.0560355 0.26136 -0.0180365 0.0547156 0.262753 -0.00839542 0.0565991 0.266616 -0.0131253 0.056735 0.259589 -0.00532597 0.0563311 0.261622 -0.0259573 0.052227 0.271778 -0.0281504 -0.0627003 0.268371 -0.0226994 -0.0608416 0.266213 -0.0174295 -0.0593958 0.271034 -0.0210815 -0.0614277 0.269415 -0.0172434 -0.0605198 0.264044 -0.00731561 -0.0582309 0.267493 -0.0101816 -0.0592919 0.263117 0.00149542 -0.0572441 0.261372 -0.000328869 -0.0571464 0.259668 0.00576429 -0.0562962 0.261906 -0.029179 -0.0531774 0.264191 -0.027247 -0.0580631 0.268189 -0.0286218 -0.0616232 0.266009 -0.024777 -0.0596789 0.268468 -0.0267716 -0.0614296 0.262654 -0.0277964 -0.0555301 0.262081 -0.024224 -0.0546842 0.263046 -0.0221479 -0.0566726 0.264247 -0.0219197 -0.0580521 0.261564 -0.0180693 -0.05546 0.26263 -0.011485 -0.0575333 0.261714 -0.0428236 -0.0515762 0.262379 -0.0428481 -0.054978 0.263302 -0.0290201 -0.056912 0.262721 -0.0428236 -0.0558274 0.266586 -0.0286412 -0.0605975 0.265841 -0.0428604 -0.0600653 0.266478 -0.0428236 -0.0605789 0.266999 -0.0306472 -0.0609506 0.267978 -0.0306472 -0.0615435 0.268745 -0.0306472 -0.061929 0.269272 -0.0306472 -0.0621529 0.269809 -0.0306472 -0.062351 0.270631 -0.0306472 -0.0625973 0.27175 -0.0306472 -0.0628377 0.272876 -0.0306472 -0.0629686 0.269794 -0.0535444 -0.062346 0.269635 -0.0535672 -0.0622912 0.269492 -0.0536177 -0.062238 0.269381 -0.0536804 -0.0621961 0.269296 -0.0537459 -0.0621629 0.269176 -0.0538798 -0.062115 0.269088 -0.0540391 -0.0620781 0.268131 -0.055 -0.0616255 0.267374 -0.055 -0.0611969 0.265404 -0.0489118 -0.0596672 0.264786 -0.0424767 -0.0590311 0.264316 -0.0428236 -0.0584703 0.263643 -0.0428236 -0.0575352 0.263196 -0.0428236 -0.0567961 0.262052 -0.0458677 -0.0538569 0.261802 -0.0428236 -0.0525079 0.263121 -0.0568988 0.0267228 0.2621 -0.0561498 0.0425968 0.26261 -0.0566638 0.0338497 0.261759 -0.0553499 0.0454139 0.262792 -0.0561597 0.0480801 0.263235 -0.0555043 0.0504536 0.266244 -0.0557462 0.0538678 0.261749 -0.0554783 0.0275726 0.262186 -0.0563967 0.0228841 0.262221 -0.0569744 0.00726122 0.261023 -0.0565562 -0.0048371 0.261917 -0.0567738 -0.00986868 0.261112 -0.055932 0.0137033 0.263154 -0.056953 -0.0200987 0.263399 -0.0569685 -0.0403872 0.261701 -0.0550491 -0.0226989 0.262039 -0.0561101 -0.0368496 0.262857 -0.0568108 -0.0368496 0.262413 -0.0565582 -0.0208254 0.261729 -0.0556438 -0.0204311 0.261717 -0.0552384 -0.0439249 0.261773 -0.0555333 -0.0368496 0.261874 -0.0558093 -0.0368496 0.262367 -0.056471 -0.0377341 0.267483 -0.0560964 -0.0606561 0.265212 -0.0554542 -0.0592621 0.264896 -0.0566066 -0.0573774 0.262829 -0.055931 -0.0547791 0.263235 -0.0568819 -0.052281 0.261995 -0.0558819 -0.0518292 0.412981 -0.0664698 -0.057 0.414261 -0.0673263 -0.057 0.411712 -0.0648111 -0.057 0.415835 -0.0678904 -0.057 0.410997 -0.0626331 -0.057 0.416838 -0.067986 -0.057 0.411019 -0.061257 -0.057 0.419107 -0.0675014 -0.057 0.411448 -0.0596402 -0.057 0.41225 -0.0582993 -0.057 0.413657 -0.0570034 -0.057 0.421903 -0.0652339 -0.057 0.415117 -0.0563099 -0.057 0.416428 -0.0560279 -0.057 0.417398 -0.0560261 -0.057 0.422911 -0.062447 -0.057 0.422551 -0.0600407 -0.057 0.418856 -0.0563283 -0.057 0.420889 -0.0575362 -0.057 0.40695 -0.00850001 0.0385 0.40695 -0.0123765 0.0335001 0.40695 -0.0101341 0.0348319 0.40695 -0.0257826 0.0509309 0.40695 -0.0260408 0.050898 0.40695 -0.026294 0.0508375 0.40695 -0.0266121 0.050733 0.40695 -0.0268484 0.0506238 0.40695 -0.0271397 0.0504588 0.40695 -0.0273499 0.0503053 0.40695 -0.0276029 0.050086 0.40695 -0.0277556 0.0499234 0.40695 -0.0279604 0.0496592 0.40695 -0.0281381 0.049375 0.40695 -0.0282057 0.0492429 0.40695 -0.0283568 0.0488431 0.40695 -0.0284586 0.0484285 0.40695 -0.0284963 0.0480961 0.40695 -0.00919542 0.0359911 0.40695 -0.00862624 0.0375618 0.46427 -0.02583 0.050929 0.465352 -0.0261898 0.050867 0.466442 -0.0265269 0.0507659 0.467543 -0.0268406 0.050631 0.468656 -0.0271302 0.050465 0.46978 -0.0273945 0.0502729 0.470905 -0.0276303 0.050059 0.472029 -0.0278375 0.049827 0.473529 -0.0280699 0.0494949 0.475223 -0.0282719 0.0490941 0.476928 -0.0284109 0.0486731 0.478348 -0.0284777 0.0483121 0.460652 -0.0284533 -0.0552681 0.456766 -0.0279782 -0.0575452 0.440487 -0.0193069 -0.0592585 0.441129 -0.0199255 -0.057272 0.554463 -0.028703 0.0483941 0.53831 -0.0306978 0.0546286 0.553689 -0.0311124 0.0505704 0.547898 -0.0297456 0.051552 0.544885 -0.0289544 0.0514717 0.51666 -0.0312428 0.0569863 0.51666 -0.0307011 0.0568871 0.521009 -0.0302912 0.0565891 0.51666 -0.0301852 0.056694 0.51666 -0.0296593 0.0563585 0.52313 -0.0292052 0.0556712 0.51666 -0.0291385 0.0558431 0.51666 -0.0288393 0.0553803 0.512303 -0.028632 0.0548505 0.525373 -0.0306939 0.0566201 0.521454 -0.028607 0.054573 0.52971 -0.030412 0.0561454 0.528399 -0.0287545 0.0544133 0.533594 -0.0285737 0.0529832 0.542377 -0.0285556 0.0509614 0.534021 -0.0307156 0.0554816 0.538161 -0.029653 0.053982 0.534838 -0.0290091 0.0538985 0.48116 -0.0312563 0.0570001 0.481801 -0.0304585 0.0568022 0.481073 -0.0296852 0.0564007 0.481801 -0.0292853 0.0560073 0.481457 -0.028816 0.0553369 0.499231 -0.0285207 0.0543303 0.481074 -0.028569 0.0546865 0.470702 -0.0266916 0.0537838 0.475349 -0.0281735 0.0553207 0.470989 -0.0287653 0.056827 0.448531 0.00179461 0.0544347 0.461241 -0.021565 0.0545833 0.466733 -0.0256302 0.0557396 0.451993 -0.0132437 0.0565304 0.456523 -0.0206966 0.0568652 0.455717 -0.0156373 0.0534939 0.455659 -0.0170349 0.0559172 0.462219 -0.0241874 0.0566177 0.451696 -0.00959373 0.0553488 0.44685 -0.000162408 0.0564405 0.449155 -0.0106153 0.0566916 0.448806 -0.00389759 0.0561361 0.427096 0.0492702 0.0276529 0.427518 0.0498734 0.0221831 0.422377 0.0550591 0.0116033 0.422635 0.0539116 0.00289673 0.420625 0.0562176 0.00330943 0.419757 0.0562936 -0.0019384 0.419372 0.053385 -0.0160523 0.420933 0.0528426 -0.0104414 0.419354 0.0418721 -0.0377484 0.420387 0.0365464 -0.0429612 0.421104 0.0330525 -0.0458232 0.422795 0.0246537 -0.0508378 0.425828 0.0173226 -0.0532022 0.438794 0.0257139 0.0501017 0.436792 0.0303901 0.0476312 0.43511 0.0345703 0.0443334 0.43387 0.039632 0.0370473 0.427653 0.0496705 0.0247483 0.423395 0.0545313 0.0100192 0.42058 0.054579 -0.00804406 0.419138 0.0557593 -0.00756127 0.418679 0.0548134 -0.0127864 0.419988 0.0506324 -0.0214153 0.418804 0.0490575 -0.0273471 0.421887 0.0341376 -0.0443216 0.424458 0.021352 -0.0519059 0.425755 0.0206842 -0.0511706 0.44614 0.00365001 0.0563819 0.44326 0.0187588 0.0506267 0.440998 0.0233045 0.0502066 0.428993 0.0456781 0.0332529 0.430221 0.0459774 0.0301575 0.430433 0.0450749 0.0328409 0.426097 0.0507882 0.0247554 0.424701 0.0528398 0.0188083 0.418801 0.0465457 -0.0317045 0.420508 0.0452822 -0.031076 0.42002 0.044274 -0.033922 0.420976 0.0391739 -0.0396562 0.424373 0.0264805 -0.0482727 0.424947 0.0255146 -0.0475717 0.424264 0.0182047 -0.0534869 0.425059 0.0160007 -0.0541869 0.42707 0.014006 -0.0538009 0.427914 0.0130571 -0.0531545 0.428598 0.00693987 -0.0555802 0.448816 0.00132474 0.0528001 0.445743 0.0105567 0.053759 0.443234 0.0136925 0.0548162 0.443614 0.0164284 0.05288 0.439362 0.0284073 0.0456952 0.437929 0.031143 0.0453214 0.42106 0.0555794 -0.00130278 0.418179 0.0519465 -0.0222223 0.422749 0.0335732 -0.0435687 0.422203 0.0287337 -0.0485101 0.434072 0.0388921 0.0391793 0.420986 0.0441723 -0.030963 0.423219 0.0275783 -0.0487569 0.43151 0.000163734 -0.05472 0.431433 -0.000786215 -0.0561553 0.430577 -0.0059512 -0.0586725 0.43462 -0.0103951 -0.0569111 0.437168 -0.0150585 -0.0571933 0.435862 -0.0142865 -0.0593591 0.443532 -0.0223573 -0.0602484 0.449949 -0.0258784 -0.0602303 0.432126 -0.00703514 -0.0584188 0.438362 -0.0179903 -0.0601636 0.435809 -0.0174861 -0.0608869 0.446011 -0.0246331 -0.0615621 0.449825 -0.0284765 -0.0629151 0.46105 -0.0286062 -0.0603514 0.454345 -0.0279808 -0.0614381 0.462319 -0.0312296 -0.0623575 0.461816 -0.0296507 -0.0617033 0.498688 -0.0311869 -0.0577243 0.510589 -0.0303813 -0.0549791 0.498639 -0.0302701 -0.0574585 0.498583 -0.0297441 -0.0571638 0.514943 -0.0294369 -0.0534378 0.498447 -0.0290516 -0.0564488 0.498328 -0.0287003 -0.0558186 0.497912 -0.0285 -0.0550578 0.486597 -0.0301195 -0.0594245 0.486512 -0.0293662 -0.0588523 0.486396 -0.0288062 -0.0580733 0.480269 -0.0285406 -0.0580292 0.474525 -0.0309962 -0.0613042 0.474465 -0.0297198 -0.0606928 0.47439 -0.0290207 -0.0599905 0.474333 -0.0287384 -0.0594586 0.519083 -0.028509 -0.0506001 0.514791 -0.0288755 -0.0527087 0.519541 -0.0303153 -0.0530782 0.519581 -0.0310793 -0.0532957 0.532841 -0.0285149 -0.0486503 0.521453 -0.0285652 -0.0507115 0.528491 -0.0294095 -0.0510016 0.528576 -0.0302861 -0.0516182 0.528606 -0.0310615 -0.0518346 0.542102 -0.0286103 -0.0483084 0.532967 -0.0288552 -0.0497602 0.537623 -0.0295155 -0.0500689 0.537691 -0.0309288 -0.0508357 0.551318 -0.0285288 -0.0474723 0.546751 -0.0290387 -0.0488721 0.55595 -0.0290207 -0.0486298 0.55845 -0.0294865 -0.0491889 0.546787 -0.0298088 -0.0496746 0.555958 -0.0309263 -0.05 0.546806 -0.0307243 -0.0500789 0.2737 -0.0284307 -0.0629783 0.2737 -0.0286431 -0.0629969 0.442676 -0.0284307 -0.0629783 0.442676 -0.0286431 -0.0629969 0.479772 -0.0285 0.0479469 0.466194 -0.02516 0.0524458 0.469853 -0.0269826 0.0507283 0.461296 -0.0223962 0.0516495 0.448758 -0.00118229 0.0511441 0.453453 -0.0141976 0.0510883 0.451206 -0.0075475 0.052566 0.430457 0.00418621 -0.0523577 0.426916 0.0174689 -0.048775 0.430272 0.044662 0.0276708 0.43937 0.0229538 0.045041 0.444197 0.0104752 0.0494422 0.446333 0.00470972 0.0504064 0.424485 0.0204686 -0.0461951 0.423342 0.0263044 -0.0433138 0.422537 0.03639 -0.0378709 0.420856 0.049792 -0.0170174 0.426886 0.0460409 0.0210943 0.437303 0.0281487 0.0420899 0.442214 0.0181226 0.047646 0.444604 0.0123979 0.0495724 0.423886 0.0289823 -0.0427876 0.419773 0.0466848 -0.0199013 0.420532 0.0500044 -0.0103453 0.423892 0.0498891 0.0103773 0.42624 0.0493316 0.0161611 0.430817 0.0406554 0.0302996 0.439471 0.0259882 0.0443801 0.425705 0.0181935 -0.0474558 0.42135 0.0342702 -0.0372649 0.42236 0.0346262 -0.0379604 0.420051 0.041866 -0.0285097 0.421035 0.0438769 -0.0272246 0.420022 0.0500719 -0.00710779 0.421191 0.0506743 -0.00101024 0.422496 0.0511267 0.00298589 0.435059 0.0327557 0.0386485 0.42746 0.00951746 -0.0495949 0.4304 0.0017947 -0.0516248 0.440343 -0.0213823 -0.0556212 0.445102 -0.0231687 -0.0579782 0.435173 -0.0124418 -0.0547081 0.439098 -0.0186802 -0.0557228 0.434971 -0.0143266 -0.0542575 0.432095 -0.00296335 -0.0530723 0.445142 -0.0244783 -0.0564671 0.451409 -0.0266083 -0.0566626 0.531451 -0.0305 0.0335521 0.536344 -0.0305 0.0278673 0.535757 -0.0305 0.0271134 0.528859 -0.0305 0.029931 0.534102 -0.0305 0.0352105 0.528221 -0.0305 0.0243601 0.535519 -0.0305 0.0259332 0.537737 -0.0305 0.0358815 0.537959 -0.0305 0.0284266 0.529621 -0.0305 0.0205469 0.53593 -0.0305 0.0246276 0.541296 -0.0305 0.035376 0.543681 -0.0305 0.0341844 0.539133 -0.0305 0.0281469 0.539762 -0.0305 0.0276799 0.532634 -0.0305 0.0176558 0.544922 -0.0305 0.0331475 0.546797 -0.0305 0.0305695 0.536976 -0.0305 0.0237731 0.540154 -0.0305 0.0271012 0.536715 -0.0305 0.0161423 0.547796 -0.0305 0.0273885 0.540392 -0.0305 0.0261845 0.540046 -0.0305 0.0162591 0.547835 -0.0305 0.0246987 0.540232 -0.0305 0.0250997 0.546789 -0.0305 0.0214328 0.544245 -0.0305 0.0184039 0.539922 -0.0305 0.0245184 0.536304 -0.0305 -0.0322042 0.529905 -0.0305 -0.0282565 0.536971 -0.0305 -0.0317393 0.532952 -0.0305 -0.0254069 0.535628 -0.0305 -0.033124 0.52821 -0.0305 -0.0319043 0.538112 -0.0305 -0.03158 0.528134 -0.0305 -0.0355735 0.53675 -0.0305 -0.0242034 0.535563 -0.0305 -0.034472 0.540654 -0.0305 -0.0243884 0.539056 -0.0305 -0.0318127 0.529157 -0.0305 -0.0387173 0.542885 -0.0305 -0.0253277 0.536035 -0.0305 -0.0355356 0.54512 -0.0305 -0.0270939 0.531153 -0.0305 -0.0412336 0.536788 -0.0305 -0.036182 0.533844 -0.0305 -0.0431009 0.546851 -0.0305 -0.029507 0.540233 -0.0305 -0.0331636 0.547796 -0.0305 -0.0326114 0.537336 -0.0305 -0.043861 0.540369 -0.0305 -0.0343724 0.547425 -0.0305 -0.0368925 0.540948 -0.0305 -0.0435095 0.543966 -0.0305 -0.0418893 0.545941 -0.0305 -0.0399752 0.536651 -0.0439259 0.0248775 0.538616 -0.0441249 0.0265772 0.537517 -0.0441968 -0.0338526 0.540218 -0.0963592 -0.050618 0.545658 -0.0972208 -0.0502639 0.545123 -0.0971361 -0.0451375 0.538304 -0.0960561 -0.0450001 0.537023 -0.0958532 -0.0441342 0.536658 -0.0957953 -0.0435396 0.545304 -0.0971648 0.0473256 0.54477 -0.0970802 0.0469999 0.545658 -0.0972208 0.052752 0.538522 -0.0960907 0.0545854 0.536797 -0.0958174 0.0456018 0.545658 -0.109922 0.0475125 0.545658 -0.109518 0.0482659 0.545658 -0.111247 0.0443458 0.545658 -0.108268 0.0498528 0.545658 -0.106581 0.0512003 0.545658 -0.104191 0.0521759 0.545658 -0.105272 0.0518505 0.545658 -0.113311 0.0382037 0.545658 -0.114128 0.0350651 0.545658 -0.114799 0.0318941 0.545658 -0.115322 0.028695 0.545658 -0.115697 0.025475 0.545658 -0.115922 0.0222408 0.545658 -0.115997 0.019 0.545658 -0.114697 -0.000249922 0.545658 -0.115997 -0.0195001 0.545658 -0.115694 -0.0260001 0.545658 -0.115317 -0.029233 0.545658 -0.114789 -0.0324441 0.545659 -0.115921 -0.0227538 0.545658 -0.11329 -0.0387769 0.545658 -0.112321 -0.041884 0.545658 -0.111134 -0.0451227 0.545658 -0.110304 -0.0465699 0.545658 -0.109013 -0.0480381 0.545658 -0.107549 -0.0490685 0.545658 -0.106115 -0.0496467 0.545658 -0.105188 -0.0499945 0.518986 -0.0970728 0.0568499 0.515111 -0.102275 0.056744 0.522774 -0.0976728 0.0566649 0.52657 -0.0982739 0.056334 0.530373 -0.0988763 0.0558559 0.529434 -0.0946511 0.0561613 0.534156 -0.0994754 0.0552329 0.541125 -0.0965029 0.0539569 0.545658 -0.10359 0.052318 0.510173 -0.0916006 -0.0553022 0.508643 -0.103692 -0.054889 0.519767 -0.0971965 -0.0530739 0.513513 -0.104235 -0.0538331 0.526694 -0.0982936 -0.05195 0.518396 -0.10469 -0.0529042 0.533672 -0.0993988 -0.0510669 0.540659 -0.100505 -0.0504311 0.539608 -0.102351 -0.0503669 0.398247 -0.0778717 0.0568971 0.297602 -0.102793 0.05584 0.419436 -0.0813055 0.056895 0.416582 -0.102636 0.0563306 0.292996 -0.115748 0.0248989 0.293368 -0.115437 0.027831 0.293737 -0.115003 0.0307509 0.545658 -0.112349 0.0413017 0.533169 -0.112528 0.0407571 0.29449 -0.113766 0.03653 0.404062 -0.112413 0.04111 0.406273 -0.112319 0.0413885 0.523928 -0.112633 0.0404369 0.536569 -0.111561 0.0434956 0.521803 -0.112192 0.0417604 0.409445 -0.111966 0.0424103 0.520788 -0.111868 0.0426835 0.294887 -0.112972 0.039355 0.403331 -0.1124 0.04115 0.410957 -0.111627 0.043343 0.520019 -0.111529 0.0436057 0.538528 -0.11046 0.0462803 0.519304 -0.111107 0.0447001 0.412424 -0.111159 0.0445699 0.295311 -0.112064 0.042133 0.400114 -0.112101 0.0420212 0.398159 -0.111744 0.0430264 0.397547 -0.111575 0.0434842 0.413297 -0.110785 0.0455026 0.518855 -0.110756 0.0455741 0.51853 -0.110421 0.0463755 0.413996 -0.11041 0.0464024 0.414501 -0.110079 0.047167 0.51827 -0.110067 0.0471935 0.29577 -0.111044 0.044861 0.396439 -0.111163 0.0445561 0.395541 -0.110723 0.0456547 0.395063 -0.110411 0.046401 0.414924 -0.109748 0.0479082 0.518058 -0.109644 0.0481343 0.415405 -0.109282 0.0489129 0.517885 -0.108974 0.0495576 0.415836 -0.108737 0.0500407 0.51786 -0.108617 0.0502829 0.296276 -0.109915 0.0475389 0.39465 -0.110074 0.0471775 0.394294 -0.109707 0.0479993 0.394005 -0.109316 0.0488433 0.416112 -0.108273 0.0509629 0.517872 -0.1077 0.052057 0.416277 -0.107901 0.0516781 0.515131 -0.106465 0.054265 0.517884 -0.107101 0.0531511 0.517907 -0.106385 0.054387 0.416403 -0.107514 0.052401 0.29684 -0.108677 0.0501639 0.393762 -0.108848 0.0498156 0.393595 -0.10836 0.0507931 0.393536 -0.108023 0.0514445 0.416617 -0.10672 0.0538239 0.297474 -0.107332 0.0527338 0.393509 -0.107716 0.0520269 0.393508 -0.107519 0.0523919 0.297622 -0.107022 0.053291 0.393525 -0.106779 0.0537199 0.391685 -0.0769102 -0.0628949 0.439814 -0.0988422 -0.0625249 0.410432 -0.0989305 -0.0624021 0.410417 -0.10301 -0.0601135 0.44499 -0.102819 -0.06038 0.4604 -0.10324 -0.059789 0.470599 -0.103861 -0.0588921 0.410235 -0.103672 -0.059166 0.480746 -0.104708 -0.057617 0.299511 -0.103218 -0.0598212 0.387655 -0.103049 -0.0600582 0.387642 -0.103649 -0.0592011 0.38767 -0.104078 -0.0585719 0.409902 -0.104481 -0.057961 0.490841 -0.105749 -0.055965 0.409342 -0.105431 -0.05648 0.2989 -0.10467 -0.0576759 0.387767 -0.10464 -0.0577212 0.387921 -0.105188 -0.0568691 0.408675 -0.106222 -0.0551754 0.499216 -0.106735 -0.054298 0.408189 -0.106684 -0.0543862 0.407537 -0.107189 -0.0534917 0.507558 -0.107802 -0.0523649 0.298288 -0.106042 -0.0554801 0.388153 -0.105716 -0.056017 0.388521 -0.106323 -0.0550061 0.388823 -0.106708 -0.054344 0.406672 -0.107727 -0.0525027 0.405945 -0.108105 -0.0517879 0.511991 -0.108345 -0.051323 0.405143 -0.108439 -0.0511351 0.514767 -0.108645 -0.0507279 0.297676 -0.107332 -0.0532342 0.389053 -0.106954 -0.0539132 0.389441 -0.107305 -0.0532814 0.390114 -0.107794 -0.0523787 0.518789 -0.108905 -0.0502017 0.403719 -0.108906 -0.0501977 0.402465 -0.109212 -0.0495639 0.517549 -0.109661 -0.0486022 0.297395 -0.107911 -0.0521579 0.390986 -0.108286 -0.0514384 0.400336 -0.109502 -0.0489455 0.51756 -0.110364 -0.04701 0.39794 -0.109637 -0.0486537 0.517582 -0.110627 -0.046387 0.517629 -0.110856 -0.0458289 0.297127 -0.108473 -0.051071 0.391687 -0.108588 -0.0508409 0.392781 -0.108954 -0.0500994 0.296718 -0.109348 -0.0492759 0.394965 -0.109413 -0.0491367 0.397039 -0.109612 -0.048708 0.296357 -0.110131 -0.0475491 0.295888 -0.111158 -0.045075 0.517695 -0.111057 -0.0453292 0.517783 -0.111252 -0.0448321 0.517893 -0.111442 -0.0443369 0.518026 -0.111627 -0.043844 0.536118 -0.112957 -0.0398765 0.295503 -0.111993 -0.0428329 0.518182 -0.111807 -0.0433531 0.518453 -0.112056 -0.0426531 0.518776 -0.1123 -0.0419479 0.532187 -0.113728 -0.0371662 0.295202 -0.112631 -0.0409451 0.518922 -0.112393 -0.0416699 0.519075 -0.112484 -0.0413972 0.519313 -0.11261 -0.0410081 0.519703 -0.11279 -0.0404425 0.520128 -0.112959 -0.0398961 0.527536 -0.113976 -0.0361994 0.294886 -0.113274 -0.0388342 0.520663 -0.113133 -0.0393143 0.521564 -0.113372 -0.0384877 0.522461 -0.113552 -0.0378361 0.294613 -0.113794 -0.0369211 0.523331 -0.113685 -0.0373388 0.525095 -0.113862 -0.0366555 0.526769 -0.113958 -0.036269 0.294225 -0.114464 -0.0340701 0.52719 -0.113969 -0.0362263 0.29347 -0.115441 -0.028302 0.293089 -0.115749 -0.0253869 0.291783 -0.115934 -0.0224522 0.291578 -0.115997 -0.0194998 0.508828 -0.0913875 -0.0556112 0.497329 -0.102357 -0.0572661 0.497866 -0.0896513 -0.0578762 0.486826 -0.0879028 -0.0597301 0.475723 -0.0861442 -0.0611721 0.464731 -0.0844033 -0.062187 0.45371 -0.0826577 -0.0627962 0.290572 -0.103905 0.0458588 0.292799 -0.104588 0.0514078 0.293126 -0.103905 -0.0526672 0.290756 -0.103905 -0.0463861 0.291034 -0.106058 0.0455489 0.288531 -0.103905 0.0394639 0.289946 -0.10755 0.0407881 0.288123 -0.105263 0.0368389 0.286797 -0.103905 0.032978 0.287944 -0.107148 0.0341682 0.286531 -0.105579 0.0301003 0.285376 -0.103905 0.026417 0.287613 -0.10901 0.0298657 0.28427 -0.103905 0.0197958 0.288931 -0.111358 0.0310177 0.288893 -0.11332 0.0257551 0.285652 -0.106205 0.0247445 0.284781 -0.105895 0.0200796 0.28725 -0.110773 0.0240948 0.285551 -0.108379 0.019968 0.2838 -0.105263 0.0133399 0.283482 -0.103905 0.0131289 0.287121 -0.111942 0.01974 0.286785 -0.112822 0.0130538 0.284329 -0.107148 0.0132884 0.28523 -0.10964 0.0132026 0.283317 -0.105263 0.00654405 0.283014 -0.103905 0.006432 0.286808 -0.113714 0.00638002 0.283957 -0.107453 0.00651354 0.283164 -0.105263 -0.000267088 0.282867 -0.103905 -0.000279009 0.285408 -0.111099 0.00644583 0.283805 -0.107453 -0.000266135 0.285117 -0.110825 -0.000263512 0.283337 -0.105263 -0.006975 0.283041 -0.103905 -0.00699002 0.283536 -0.103905 -0.013685 0.286243 -0.113006 -0.000261366 0.283978 -0.107453 -0.00694352 0.285288 -0.110825 -0.00687796 0.283998 -0.105895 -0.0136395 0.286416 -0.113006 -0.006872 0.284773 -0.108379 -0.0135637 0.285775 -0.110825 -0.0134655 0.284907 -0.106205 -0.0202673 0.28435 -0.103905 -0.0203491 0.286906 -0.113006 -0.0134612 0.286187 -0.109907 -0.0200792 0.285313 -0.105263 -0.0244399 0.285482 -0.103905 -0.0269652 0.286149 -0.108069 -0.0242916 0.287714 -0.113006 -0.0200191 0.287293 -0.108379 -0.0295323 0.287762 -0.112034 -0.023429 0.286533 -0.105895 -0.0296972 0.28693 -0.103905 -0.033521 0.289207 -0.11096 -0.0330244 0.288199 -0.105895 -0.0365334 0.288689 -0.103905 -0.0399991 0.288643 -0.112201 -0.0275598 0.28895 -0.108379 -0.0363303 0.2905 -0.106234 -0.0437837 0.290614 -0.111051 -0.0379692 0.291138 -0.109465 -0.0422016 0.293073 -0.103617 0.052684 0.288254 -0.0892618 -0.0478502 0.295053 -0.100084 -0.0589929 0.29409 -0.10207 -0.0558797 0.284475 -0.0892618 -0.0354329 0.285572 -0.0746187 -0.048801 0.287289 -0.0616853 -0.0599356 0.281774 -0.0611618 -0.0457469 0.283785 -0.0614824 -0.0513712 0.285495 -0.0617549 -0.0556501 0.281836 -0.0892618 -0.0227252 0.281717 -0.0746187 -0.0361372 0.27716 -0.0604263 -0.0284439 0.278459 -0.0606333 -0.0342742 0.279998 -0.0608786 -0.0400439 0.280358 -0.0892618 -0.00983006 0.279026 -0.0746187 -0.023177 0.275292 -0.0601285 -0.0166491 0.276104 -0.0602579 -0.0225659 0.280055 -0.0892618 0.00314492 0.277519 -0.0746187 -0.010026 0.274406 -0.0599873 -0.00473887 0.274725 -0.0600382 -0.0107031 0.280928 -0.0892618 0.0160951 0.277209 -0.0746187 0.0032081 0.274508 -0.0600035 0.00720209 0.274333 -0.0599757 0.00123304 0.28297 -0.0892618 0.028912 0.2781 -0.0746187 0.0164151 0.27651 -0.0603227 0.0249969 0.275597 -0.0601772 0.0190949 0.274929 -0.0600707 0.0131599 0.286165 -0.0892618 0.0414919 0.284683 -0.0616242 0.0536675 0.280183 -0.0746187 0.0294871 0.279065 -0.06073 0.036663 0.277667 -0.0605071 0.030857 0.283441 -0.0746187 0.0423169 0.282576 -0.0612896 0.048078 0.280702 -0.0609909 0.042407 0.40137 -0.0794302 -0.0586596 0.406511 -0.090416 -0.0576802 0.394049 -0.0919584 -0.0573807 0.398287 -0.0900571 -0.0524197 0.406163 -0.0908113 -0.0561772 0.395525 -0.0853423 -0.0562447 0.405202 -0.0914679 -0.0544792 0.404117 -0.102633 -0.0549355 0.402977 -0.0949822 -0.0528029 0.396177 -0.0905512 -0.0536457 0.399785 -0.0950329 -0.0518752 0.401586 -0.0948071 -0.0521558 0.395778 -0.0867153 -0.0550614 0.393443 -0.100879 -0.0545653 0.522962 -0.10328 0.0498542 0.52387 -0.102614 0.0464434 0.52742 -0.10402 0.0434098 0.530214 -0.100264 0.0437922 0.52482 -0.10579 0.0443982 0.531147 -0.103536 0.0436596 0.533579 -0.10554 0.0457811 0.532077 -0.100132 0.0531487 0.522858 -0.103367 -0.047705 0.526901 -0.104937 -0.0404506 0.531898 -0.105363 -0.0411964 0.529013 -0.103287 -0.0402647 0.523144 -0.10439 -0.0446034 0.524796 -0.104378 -0.0417271 0.537032 -0.100917 -0.0496193 0.404676 -0.0856416 0.0460405 0.401174 -0.0936389 0.0479259 0.401819 -0.0872547 0.0491204 0.400127 -0.0948471 0.0503158 0.412255 -0.0928096 0.0487043 0.412942 -0.0912546 0.0506186 0.409915 -0.092946 0.045947 0.400391 -0.104128 0.0464353 0.403595 -0.0995964 0.0450906 0.398321 -0.104554 0.0502657 0.407647 -0.0936851 0.0450343 0.398107 -0.106165 0.0492792 0.406228 -0.0911632 0.0450215 0.404814 -0.108429 0.0445115 0.409007 -0.106939 0.0463194 0.410816 -0.0983811 0.0473446 0.410531 -0.104555 0.0481743 0.409675 -0.0807456 0.0520062 0.542489 -0.105132 0.0469946 0.540474 -0.109233 0.0430827 0.542658 -0.109866 0.04145 0.5447 -0.10867 0.0446004 0.542658 -0.110875 0.038341 0.543731 -0.111739 0.0351886 0.542658 -0.112438 0.031995 0.542658 -0.112988 0.028773 0.542658 -0.113381 0.0255279 0.542658 -0.113697 0.019 0.542658 -0.113697 -0.0195001 0.542658 -0.113492 -0.0244885 0.544778 -0.113451 -0.0253201 0.542682 -0.112962 -0.0294533 0.542609 -0.111678 -0.0359007 0.543196 -0.110343 -0.0405207 0.515111 -0.102517 0.0567321 0.416598 -0.102998 0.056298 0.515112 -0.102758 0.0567078 0.416599 -0.103239 0.056262 0.515113 -0.102997 0.056673 0.416599 -0.103478 0.056215 0.515114 -0.103352 0.0565967 0.416601 -0.103832 0.0561199 0.515115 -0.103702 0.056498 0.416602 -0.104178 0.056003 0.515116 -0.10393 0.0564169 0.416603 -0.104403 0.0559101 0.515117 -0.104154 0.0563249 0.416604 -0.104732 0.0557484 0.515119 -0.10448 0.0561656 0.416606 -0.105049 0.055566 0.51512 -0.104795 0.0559859 0.416607 -0.105252 0.0554308 0.515121 -0.104998 0.0558528 0.416608 -0.105542 0.0552091 0.515123 -0.105287 0.055634 0.41661 -0.105818 0.054969 0.515124 -0.105562 0.055397 0.416611 -0.105991 0.0547971 0.515126 -0.105817 0.0551381 0.416613 -0.106233 0.0545229 0.515128 -0.106055 0.0548639 0.416615 -0.106457 0.054234 0.515129 -0.106201 0.054671 0.416616 -0.106593 0.054032 0.51513 -0.106338 0.054471 0.518029 -0.105236 0.0555848 0.518588 -0.103774 0.0562953 0.518175 -0.102348 0.0566797 0.429487 -0.102428 -0.0608588 0.425137 -0.101898 -0.0613456 0.425134 -0.101408 -0.0617004 0.441134 -0.100299 -0.0622588 0.414112 -0.100909 -0.0619398 0.425263 -0.0999424 -0.0623131 0.425124 -0.0993392 -0.0624273 0.499003 -0.106087 -0.0551623 0.491515 -0.104534 -0.057241 0.483496 -0.10462 -0.0576835 0.484818 -0.102713 -0.0589624 0.455588 -0.101191 -0.061616 0.450896 -0.0999368 -0.0622295 0.440648 -0.101805 -0.061452 0.512328 -0.107725 -0.0521966 0.501138 -0.10479 -0.0559188 0.443418 -0.101082 -0.0619217 0.494954 -0.10322 -0.0574751 0.485894 -0.101635 -0.0591837 0.461999 -0.102425 -0.0606335 0.451354 -0.0996739 -0.0623336 0.444182 -0.0994205 -0.0624641 0.480236 -0.103684 -0.0587679 0.468 -0.102199 -0.0605255 0.471336 -0.103558 -0.0592714 0.460695 -0.102881 -0.0602351 0.449871 -0.101853 -0.0613394 0.474394 -0.101165 -0.0606592 0.462909 -0.100122 -0.0617223 0.45199 -0.102546 -0.060701 0.511288 -0.106203 -0.0536399 0.516472 -0.105417 -0.053115 0.506637 -0.104267 -0.0552102 0.38766 -0.10279 -0.060411 0.29951 -0.103072 -0.0600172 0.387659 -0.102635 -0.060598 0.299508 -0.102834 -0.0602975 0.387657 -0.102384 -0.0608626 0.299506 -0.102578 -0.0605622 0.387655 -0.102116 -0.061111 0.299505 -0.102397 -0.060726 0.343579 -0.102068 -0.0610729 0.32154 -0.101839 -0.0611911 0.387651 -0.101425 -0.0616046 0.2995 -0.101597 -0.0612901 0.387649 -0.101105 -0.061781 0.2995 -0.101381 -0.061405 0.343573 -0.101022 -0.0616971 0.343572 -0.100797 -0.0617905 0.343571 -0.100567 -0.0618725 0.34357 -0.100333 -0.0619436 0.343569 -0.100037 -0.0620146 0.299518 -0.0993929 -0.0619357 0.393477 -0.102699 0.0562343 0.345554 -0.103108 0.0560083 0.345555 -0.103411 0.0559658 0.345556 -0.103651 0.0559182 0.345557 -0.103889 0.0558586 0.345558 -0.104123 0.055787 0.345559 -0.104354 0.0557045 0.393512 -0.104572 0.0557598 0.297608 -0.10481 0.055355 0.345562 -0.105018 0.0553893 0.345563 -0.105228 0.0552635 0.297612 -0.105553 0.054922 0.393515 -0.10531 0.0553321 0.297613 -0.10575 0.0547749 0.393516 -0.105507 0.0551869 0.345566 -0.105818 0.0548262 0.297616 -0.106208 0.0543656 0.393519 -0.105964 0.0547828 0.297618 -0.106459 0.0540959 0.393521 -0.106215 0.054516 0.34557 -0.106493 0.0541167 0.29762 -0.106829 0.0536045 0.393524 -0.106585 0.0540304 0.540972 -0.105232 0.0528473 0.539435 -0.109151 0.0491328 0.539383 -0.110365 -0.0466123 0.540128 -0.107742 -0.0491796 0.539844 -0.109506 -0.0477381 0.290574 -0.0899025 0.0535249 0.286368 -0.067973 0.0543208 0.28881 -0.0777559 0.054747 0.288556 -0.0713722 0.0557804 0.292236 -0.0820528 0.0562028 0.289987 -0.0746613 0.0561127 0.293726 -0.0863046 0.0562167 0.289013 -0.0664665 0.0565447 0.287301 -0.0632111 0.0561718 0.292198 -0.0958197 0.0540385 0.290819 -0.0861713 0.0548767 0.291699 -0.0844972 0.0557603 0.286513 -0.0651171 0.0552835 0.29618 -0.10242 0.0556006 0.295077 -0.0971964 0.0557513 0.293136 -0.0950882 0.0550875 0.294381 -0.10452 0.0540456 0.296952 -0.10702 0.0531263 0.296759 -0.105265 0.0549092 0.291886 -0.115997 0.019 0.288913 -0.114455 0.020894 0.292324 -0.108031 0.0467543 0.294918 -0.109411 0.0479259 0.293597 -0.108516 0.0481285 0.294282 -0.111529 0.0430726 0.293939 -0.112742 0.0396776 0.291895 -0.111748 0.0395817 0.289863 -0.109779 0.037482 0.292335 -0.113742 0.0347576 0.293635 -0.114445 0.0336575 0.29252 -0.115258 0.0280189 0.290583 -0.113004 0.0331771 0.290547 -0.114626 0.0271191 0.290437 -0.115471 0.0211367 0.291819 -0.115934 0.0219545 0.288328 -0.114861 0.012906 0.290042 -0.11572 0.0135629 0.287723 -0.114738 0.00633758 0.289144 -0.115645 0.00300974 0.290293 -0.115997 -0.00130373 0.287653 -0.114765 -0.000258744 0.287639 -0.11462 -0.00686032 0.289544 -0.115664 -0.0100361 0.288787 -0.114218 -0.0214551 0.288137 -0.114536 -0.0142749 0.290828 -0.11501 -0.0263849 0.293132 -0.115013 -0.0311955 0.292001 -0.110634 -0.0424207 0.292603 -0.105717 -0.0501171 0.296823 -0.107247 -0.053175 0.29684 -0.10525 -0.0560823 0.291411 -0.114207 -0.0316055 0.29196 -0.112462 -0.0382667 0.293649 -0.112026 -0.0416151 0.292717 -0.108025 -0.0478273 0.294953 -0.108727 -0.0496007 0.290231 -0.113182 -0.0317035 0.293159 -0.113499 -0.0369571 0.294159 -0.110608 -0.0452657 0.290064 -0.115341 -0.0206564 0.29566 -0.102063 -0.0585452 0.298235 -0.102498 -0.0601578 0.294122 -0.104858 -0.053712 0.298062 -0.0959064 -0.0619531 0.298011 -0.100323 -0.0613404 0.295631 -0.100259 -0.0597964 0.292453 -0.0859839 -0.0598221 0.292144 -0.0638831 -0.0628243 0.294633 -0.0954961 -0.0599437 0.292708 -0.0803427 -0.0614353 0.291779 -0.0806464 -0.0605209 0.295388 -0.0904839 -0.0615693 0.29415 -0.078911 -0.0622936 0.291109 -0.0611547 -0.0628901 0.29486 -0.0929406 -0.0608345 0.293229 -0.0786375 -0.0619946 0.288181 -0.0648592 -0.0603285 0.290148 -0.0649167 -0.0621601 0.289876 -0.0698248 -0.0610886 0.271666 -0.057901 -0.0588961 0.271666 -0.057901 0.052896 0.27335 -0.0590944 -0.0611685 0.274906 -0.0594002 -0.0617629 0.272501 -0.0590193 -0.00299984 0.283123 -0.0607017 -0.0513104 0.275862 -0.0595516 -0.0245181 0.280987 -0.0603634 0.04514 0.276792 -0.059697 0.0551571 0.274075 -0.0592687 0.00901741 0.274567 -0.0568918 -0.0626336 0.272716 -0.0580782 -0.061585 0.27202 -0.0579654 -0.0605069 0.27246 -0.058037 0.0552391 0.274013 -0.0562392 0.0563931 0.274372 -0.0595403 0.00955194 0.27656 -0.0600808 -0.0257016 0.278365 -0.0601785 0.0350963 0.276042 -0.0598839 0.0231423 0.275063 -0.059634 -0.0173977 0.277034 -0.0602261 -0.0281144 0.274186 -0.0595434 -0.00386769 0.282935 -0.060978 -0.0494824 0.281365 -0.0606603 0.0453572 0.278337 -0.0601319 -0.0350128 0.40048 -0.0919752 0.0521616 0.400751 -0.0890977 0.0532789 0.400421 -0.0890483 0.0540361 0.399423 -0.0918211 0.0546607 0.398831 -0.0917013 0.0553107 0.398414 -0.0915635 0.0556442 0.397768 -0.091286 0.0560555 0.395287 -0.102884 0.0558965 0.394589 -0.102762 0.0561072 0.394628 -0.105615 0.0547113 0.397404 -0.103848 0.0538332 0.397095 -0.10577 0.0522594 0.394501 -0.103454 0.0559375 0.410131 -0.110256 0.0453724 0.40643 -0.109863 0.0443196 0.405598 -0.111867 0.0422863 0.401094 -0.11033 0.0440237 0.39622 -0.107975 0.0501487 0.411541 -0.102973 0.0512282 0.41238 -0.106633 0.0504064 0.413961 -0.10901 0.0490434 0.398553 -0.108301 0.0471153 0.398122 -0.110959 0.0445542 0.395049 -0.108807 0.0495533 0.415996 -0.106098 0.0544397 0.414881 -0.103368 0.055726 0.413067 -0.0921178 0.0526749 0.413487 -0.0909569 0.0534973 0.41387 -0.0922546 0.0544843 0.412595 -0.102596 0.0541448 0.414062 -0.0947486 0.0550465 0.413691 -0.105122 0.0540165 0.41658 -0.0971848 0.056406 0.415156 -0.0911226 0.055654 0.415362 -0.0972782 0.0560688 0.520214 -0.0998884 0.0563597 0.522305 -0.1038 0.0527617 0.51999 -0.104973 0.0550146 0.521573 -0.102051 0.0551147 0.521539 -0.10684 0.0502295 0.536643 -0.110468 0.0457429 0.530352 -0.108642 0.0433335 0.532464 -0.111716 0.042181 0.525752 -0.11059 0.0426716 0.52747 -0.11292 0.0395252 0.521437 -0.110313 0.0451874 0.519497 -0.108287 0.0501956 0.535454 -0.108238 0.0476131 0.538156 -0.107273 0.0511102 0.536343 -0.105032 0.0512864 0.538622 -0.105448 0.0525612 0.538929 -0.103453 0.0531885 0.540272 -0.107316 0.0514788 0.53953 -0.101337 0.0537922 0.519946 -0.101372 -0.0526953 0.519471 -0.105999 -0.0521527 0.521407 -0.107264 -0.0488897 0.52231 -0.101747 -0.0505872 0.519462 -0.10983 -0.0470691 0.522002 -0.110489 -0.0427228 0.524941 -0.112649 -0.0389619 0.528483 -0.110719 -0.0397602 0.528022 -0.113525 -0.0373788 0.532378 -0.110478 -0.04104 0.536377 -0.111457 -0.0432301 0.518946 -0.111585 -0.0437465 0.525322 -0.110431 -0.0404082 0.52283 -0.11311 -0.0390068 0.531368 -0.112645 -0.0389305 0.538572 -0.111578 -0.0439106 0.538614 -0.108219 -0.0485893 0.536198 -0.106502 -0.0480919 0.534838 -0.105687 -0.046022 0.534721 -0.109261 -0.043952 0.538438 -0.105231 -0.0499216 0.410362 -0.0942627 -0.0624657 0.411544 -0.0809132 -0.0626975 0.40913 -0.0943202 -0.0621253 0.408138 -0.0946186 -0.0615717 0.40811 -0.0900253 -0.0611888 0.407353 -0.0899195 -0.0602408 0.406573 -0.0919273 -0.0590554 0.407791 -0.0812816 -0.0585118 0.409527 -0.100302 -0.0618902 0.407339 -0.101623 -0.0597563 0.406094 -0.0989817 -0.0594621 0.392901 -0.105011 -0.0538657 0.395285 -0.105878 -0.0520197 0.391966 -0.107182 -0.0527268 0.401219 -0.105146 -0.0523015 0.394695 -0.108793 -0.0502186 0.403927 -0.107981 -0.0517121 0.404811 -0.105539 -0.0542741 0.408425 -0.104241 -0.0578724 0.390093 -0.105692 -0.0554541 0.396671 -0.108548 -0.0502515 0.398405 -0.106927 -0.0511878 0.401594 -0.107407 -0.0515302 0.390987 -0.103333 -0.0574217 0.392285 -0.100635 -0.0578671 0.394153 -0.0896612 -0.0591922 0.394809 -0.0871642 -0.0584646 0.388325 -0.101012 -0.0616198 0.38789 -0.0992891 -0.0623007 0.38849 -0.103272 -0.0595818 0.390645 -0.100393 -0.0607525 0.391974 -0.0891122 -0.0619085 0.392641 -0.0893746 -0.0614181 0.393661 -0.0869892 -0.0609289 0.393736 -0.0896012 -0.0600956 0.389459 -0.0966138 -0.0621777 0.410269 -0.0807766 0.0561704 0.400074 -0.0788498 0.0566577 0.41738 -0.081544 0.0566954 0.398879 -0.0784924 0.0568046 0.524528 -0.0985267 0.0561242 0.531813 -0.0994855 0.0554382 0.534343 -0.0998937 -0.0508967 0.526924 -0.0989593 -0.0516067 0.289617 -0.0627408 0.0568432 0.278332 -0.0596583 0.0564813 0.284765 -0.060219 0.0568885 0.27167 -0.0581896 -0.00299984 0.272701 -0.0588293 0.0545539 0.271782 -0.0580091 0.053574 0.272406 -0.0589996 -0.00299984 0.272314 -0.0589709 -0.00299984 0.272225 -0.0589334 -0.00299984 0.27214 -0.0588876 -0.00299984 0.27206 -0.0588338 -0.00299984 0.271985 -0.0587725 -0.00299984 0.271917 -0.0587043 -0.00299984 0.271856 -0.0586299 -0.00299984 0.271802 -0.0585499 -0.00299984 0.271756 -0.058465 -0.00299984 0.271718 -0.0583761 -0.00299984 0.271689 -0.058284 -0.00299984 0.271658 -0.0580454 -0.00299984 0.272032 -0.0585616 -0.0597649 0.278302 -0.0595107 -0.0626155 0.28601 -0.0610965 -0.0623723 0.392419 -0.0774629 -0.0628217 0.412803 -0.0804028 -0.0628911 0.393726 -0.0778361 -0.0626512 0.410722 -0.0805255 -0.0626612 0.409008 -0.0808695 -0.0615917 0.405551 -0.0800766 -0.0620385 0.3952 -0.0783966 -0.0622078 0.410443 -0.0812298 -0.0622864 0.40754 -0.0804973 -0.0591007 0.406749 -0.0808936 -0.0552948 0.404784 -0.0805764 -0.0531636 0.402006 -0.079995 -0.0525685 0.398378 -0.0797647 -0.0538808 0.396267 -0.0791185 -0.0585929 0.393208 -0.0781205 -0.0625616 0.523969 -0.0991979 -0.0474878 0.529809 -0.100055 -0.0416079 0.53463 -0.10237 -0.0446754 0.536577 -0.100885 0.053435 0.535253 -0.101388 0.0501274 0.535038 -0.103304 0.0491187 0.534725 -0.100552 0.0465607 0.52599 -0.0995435 0.0450749 0.523311 -0.0996535 0.0526289 0.399699 -0.0792734 0.0564994 0.403538 -0.0798556 0.0509383 0.402708 -0.0802483 0.0520224 0.401702 -0.0799282 0.0552024 0.404721 -0.0803247 0.0473823 0.409933 -0.0813505 0.0458807 0.413137 -0.0820546 0.0480694 0.413589 -0.0815355 0.0504593 0.415561 -0.0820515 0.0555219 0.414407 -0.0820502 0.0530323 0.417711 -0.081999 0.0565829 0.537145 -0.0958726 0.0463905 0.536658 -0.0957953 0.0452394 0.542584 -0.105761 0.0469117 0.540719 -0.10772 0.045803 0.538562 -0.106858 0.0460748 0.537137 -0.105131 0.0459651 0.538406 -0.0960722 0.0469794 0.536676 -0.11004 -0.000249922 0.540363 -0.113685 0.019 0.536658 -0.108499 0.0332643 0.536995 -0.106904 0.0423612 0.538517 -0.108669 0.0424675 0.537357 -0.11027 0.0331649 0.536837 -0.109399 0.0321631 0.539075 -0.110391 0.0384378 0.539106 -0.111415 0.0346934 0.538149 -0.111983 0.0286397 0.539828 -0.112602 0.0303654 0.536733 -0.110236 0.0236623 0.536986 -0.111072 0.0237212 0.537156 -0.111624 0.019 0.537509 -0.112154 0.019 0.537936 -0.112393 0.0230178 0.53801 -0.112691 0.019 0.538355 -0.112966 0.019 0.538731 -0.113198 0.019 0.539869 -0.113393 0.0238907 0.539265 -0.113443 0.019 0.539926 -0.113626 0.019 0.540498 -0.113611 0.0222673 0.540363 -0.113685 -0.0195001 0.539926 -0.113626 -0.0195001 0.539265 -0.113443 -0.0195001 0.538731 -0.113198 -0.0195001 0.538238 -0.112877 -0.0195001 0.5379 -0.112593 -0.0195001 0.537466 -0.112094 -0.0195001 0.53711 -0.111537 -0.0195001 0.536927 -0.111136 -0.000249922 0.536804 -0.110763 -0.000249922 0.536735 -0.110477 -0.000249922 0.536658 -0.108099 -0.0325742 0.536733 -0.110219 -0.0240598 0.537169 -0.111437 -0.0237551 0.540183 -0.113572 -0.0227271 0.538125 -0.112559 -0.0246182 0.539107 -0.113188 -0.024268 0.538179 -0.112035 -0.0289202 0.539874 -0.113115 -0.0274616 0.537384 -0.110013 -0.034998 0.53679 -0.1088 -0.0340801 0.539111 -0.110961 -0.0367704 0.541248 -0.112214 -0.0332842 0.537218 -0.107675 -0.0415984 0.537573 -0.106313 -0.044298 0.537796 -0.0959756 -0.044859 0.539827 -0.107734 -0.0445405 0.541814 -0.106559 -0.0449439 0.539137 -0.108975 -0.0429624 0.54206 -0.109011 -0.0434948 0.545097 -0.107987 -0.0446094 0.545658 -0.0972208 0.0478477 0.545381 -0.105352 0.0472965 0.544844 -0.107334 0.046266 0.545126 -0.109824 0.0418968 0.545486 -0.112414 0.0341372 0.545374 -0.113694 0.0263714 0.544839 -0.1136 0.0230865 0.545281 -0.113914 0.0198206 0.544899 -0.113732 0.019 0.54564 -0.114526 -0.000249922 0.545548 -0.114249 -0.000249922 0.545315 -0.113954 -0.0195001 0.544899 -0.113732 -0.0195001 0.545258 -0.110223 -0.0417772 0.545466 -0.1139 -0.0253606 0.54532 -0.112532 -0.0336199 0.545493 -0.101702 -0.0454827 0.54489 -0.0970992 -0.0450001 0.545658 -0.114113 -0.0356308 0.545658 -0.0972208 -0.0458859 0.5612 -0.0285 0.0469605 0.561091 -0.0298562 0.0486454 0.5612 -0.0318 0.0497 0.5612 -0.0960372 0.0497 0.561137 -0.108122 0.039658 0.5612 -0.111483 0.0292591 0.5612 -0.113364 0.0212788 0.5612 -0.1134 0.0209 0.5612 -0.1134 -0.0209001 0.561075 -0.113387 -0.0211139 0.561075 -0.109089 -0.0371009 0.561075 -0.105256 -0.0451959 0.561075 -0.100814 -0.0484729 0.5612 -0.0639186 -0.0497001 0.5612 -0.0288 -5.96046e-08 0.751341 -0.0808377 0.0145339 0.752028 -0.0806665 0.0120448 0.751113 -0.0848541 0.0150179 0.750647 -0.0810107 0.016648 0.74986 -0.0812069 0.018728 0.748981 -0.081426 0.020771 0.748013 -0.0816675 0.022773 0.74746 -0.0818054 0.023679 0.746896 -0.081946 0.0248389 0.74698 -0.0819249 0.0245351 0.746721 -0.0819896 0.0251679 0.735427 -0.0848056 0.0447049 0.743202 -0.0828669 0.031821 0.739435 -0.083806 0.038336 0.750647 -0.0810107 -0.0166479 0.751341 -0.0808377 -0.0145341 0.750591 -0.0810246 -0.0167246 0.74986 -0.0812069 -0.0187281 0.750008 -0.0843043 -0.0181008 0.748816 -0.0830099 -0.0208922 0.748981 -0.081426 -0.0207711 0.748013 -0.0816675 -0.0227728 0.74698 -0.0819249 -0.024535 0.746808 -0.0819678 -0.0250035 0.743202 -0.0828669 -0.0318211 0.739435 -0.083806 -0.0383359 0.726551 -0.0870186 -0.05 0.694638 -0.0946166 -0.05 0.699454 -0.0937744 -0.05 0.664893 -0.0675259 -0.05 0.649988 -0.0788615 -0.05 0.642186 -0.0826349 -0.05 0.604662 -0.0798996 -0.05 0.5612 -0.100219 -0.05 0.581322 -0.0578506 -0.0499912 0.5612 -0.0310371 -0.05 0.586468 -0.105697 -0.0426059 0.638175 -0.106477 -0.0406809 0.635194 -0.10722 -0.0387412 0.6413 -0.105697 -0.0426059 0.586468 -0.107335 -0.03843 0.630998 -0.108266 -0.0358072 0.586468 -0.108803 -0.03419 0.627133 -0.10923 -0.0328441 0.623908 -0.109977 -0.030325 0.586468 -0.110098 -0.0298949 0.620587 -0.110631 -0.027922 0.618085 -0.111047 -0.02627 0.586468 -0.111219 -0.0255519 0.615933 -0.111353 -0.0249811 0.614082 -0.111578 -0.0239859 0.612552 -0.111737 -0.023253 0.61115 -0.111863 -0.0226601 0.60985 -0.11196 -0.022188 0.608212 -0.112061 -0.0216861 0.60565 -0.112163 -0.0211659 0.60694 -0.112119 -0.0107351 0.586468 -0.112163 -0.0211659 0.60565 -0.112163 0.021166 0.607501 -0.112096 0.0215101 0.608395 -0.112051 0.0217351 0.586468 -0.111219 0.025552 0.586468 -0.112175 0.0210828 0.610337 -0.111924 0.0223631 0.612231 -0.111767 0.0231137 0.613739 -0.111615 0.0238141 0.615551 -0.1114 0.0247716 0.617715 -0.111103 0.0260391 0.619436 -0.11083 0.027142 0.586468 -0.110098 0.029895 0.621119 -0.110534 0.0282921 0.623317 -0.110102 0.0298819 0.62524 -0.109682 0.031346 0.586468 -0.108803 0.0341901 0.627133 -0.10923 0.032844 0.629239 -0.108705 0.0344929 0.586468 -0.107335 0.0384299 0.631448 -0.108154 0.0361339 0.636172 -0.106976 0.0393891 0.586468 -0.105697 0.0426058 0.6413 -0.105697 0.0426058 0.602941 -0.1122 -0.0207849 0.602941 -0.1122 0.0207848 0.586468 -0.1122 -0.0207849 0.586468 -0.1122 0.0207848 0.691649 -0.0950473 -0.0499921 0.586468 -0.0952048 -0.0499859 0.688718 -0.0953841 -0.049975 0.586468 -0.0957916 -0.0499421 0.683172 -0.0960002 -0.0499201 0.586468 -0.0963755 -0.0498701 0.678204 -0.0967366 -0.0498109 0.586468 -0.0969553 -0.0497699 0.586468 -0.0975294 -0.0496412 0.675169 -0.097311 -0.0496936 0.6722 -0.0979932 -0.0495148 0.586468 -0.0980965 -0.0494841 0.586468 -0.0986552 -0.0493 0.665514 -0.0996601 -0.048889 0.586468 -0.0992042 -0.049089 0.586468 -0.0997422 -0.0488501 0.586468 -0.100268 -0.048586 0.659271 -0.101217 -0.0480219 0.586468 -0.10078 -0.048296 0.586468 -0.101277 -0.047982 0.586468 -0.101759 -0.047643 0.654147 -0.102494 -0.047052 0.586468 -0.102223 -0.047282 0.586468 -0.102668 -0.0468979 0.586468 -0.103095 -0.0464922 0.650414 -0.103425 -0.0461493 0.586468 -0.103501 -0.0460671 0.586468 -0.103886 -0.045621 0.647678 -0.104107 -0.0453439 0.586468 -0.104248 -0.045158 0.645683 -0.104605 -0.0446511 0.586468 -0.104587 -0.0446771 0.586468 -0.104903 -0.0441809 0.644059 -0.105009 -0.043999 0.586468 -0.105193 -0.043669 0.64246 -0.105408 -0.043243 0.586468 -0.105458 -0.043144 0.642017 -0.105519 0.0430149 0.586468 -0.105458 0.0431439 0.642794 -0.105325 0.043416 0.586468 -0.105193 0.0436689 0.644078 -0.105005 0.044003 0.586468 -0.104903 0.0441808 0.645477 -0.104656 0.044573 0.586468 -0.104587 0.044677 0.646832 -0.104318 0.045062 0.586468 -0.104248 0.0451578 0.64847 -0.10391 0.045592 0.586468 -0.103886 0.0456209 0.586468 -0.103501 0.0460669 0.650224 -0.103472 0.0460979 0.586468 -0.103095 0.046492 0.652733 -0.102847 0.0467328 0.586468 -0.102668 0.0468978 0.655773 -0.102089 0.0473899 0.586468 -0.102223 0.0472819 0.586468 -0.101759 0.0476431 0.659022 -0.101279 0.047981 0.586468 -0.101277 0.0479819 0.586468 -0.10078 0.0482959 0.663641 -0.100127 0.04866 0.586468 -0.100268 0.0485858 0.586468 -0.0997422 0.04885 0.66784 -0.0990803 0.049139 0.586468 -0.0992042 0.0490889 0.586468 -0.0986552 0.0493001 0.586468 -0.0980965 0.049484 0.586468 -0.0975294 0.0496411 0.674919 -0.0973666 0.0496811 0.677653 -0.0968333 0.0497929 0.586468 -0.0969553 0.0497698 0.680404 -0.0963822 0.049869 0.586468 -0.0963755 0.04987 0.684555 -0.0958313 0.0499381 0.586468 -0.0957916 0.049942 0.688718 -0.0953841 0.0499749 0.586468 -0.0952048 0.0499858 0.691649 -0.0950473 0.049992 0.586468 -0.0946166 0.0500001 0.694638 -0.0946166 0.0500001 0.665441 -0.0542 -0.0393196 0.657333 -0.0542 -0.0251961 0.666843 -0.0541999 -0.0217641 0.678952 -0.0541999 -0.0343555 0.676334 -0.0542 -0.0449534 0.684143 -0.0542 -0.0373269 0.664437 -0.0542 -0.0171261 0.687435 -0.0542 -0.0387841 0.662437 -0.0542 -0.0118375 0.68983 -0.0541998 -0.0396357 0.661461 -0.0542 -0.00784165 0.695369 -0.0542 -0.0409341 0.660884 -0.0542 -0.00376803 0.698432 -0.0542 -0.0413156 0.701514 -0.0542 -0.041494 0.657056 -0.0542 0.024238 0.662639 -0.0542 0.0124936 0.661596 -0.0542 0.00851387 0.660952 -0.0542 0.0044505 0.660714 -0.0542 0.000342786 0.726551 -0.0542 -0.0450001 0.7046 -0.0542 -0.0414177 0.707673 -0.0542 -0.041137 0.710714 -0.0542 -0.0406042 0.714694 -0.0542 -0.0395609 0.718146 -0.0541999 -0.0383378 0.724023 -0.0542 -0.0352836 0.726593 -0.0542 -0.0335742 0.729013 -0.0542 -0.0316582 0.736112 -0.0541998 -0.0239552 0.664963 -0.0542 0.0377645 0.678318 -0.0541999 0.0339553 0.737674 -0.0542 -0.0215369 0.685469 -0.0541999 0.0379919 0.682448 -0.0542 0.036498 0.739165 -0.0542 -0.0188351 0.73873 -0.0542 -0.0289689 0.740475 -0.0542 -0.0160399 0.741871 -0.0542 -0.011901 0.69003 -0.0542 0.0396761 0.693016 -0.0542 0.0404581 0.746737 -0.0542 -0.0122734 0.697581 -0.0542 0.0412068 0.743369 -0.0542 -0.00513154 0.7552 -0.0542 -5.96046e-08 0.7555 -0.0542 -0.00029999 0.743649 -0.0542 -0.00205809 0.74371 -0.0541998 0.000254095 0.743479 -0.0542 0.00437325 0.746793 -0.0542009 0.0121877 0.742544 -0.0542 0.00958055 0.741274 -0.0542 0.0139808 0.7555 -0.0542 0.000299871 0.739899 -0.0542 0.0172672 0.735789 -0.0541999 0.0243244 0.73973 -0.0542 0.0273275 0.729299 -0.0542 0.0314149 0.726921 -0.0542 0.033333 0.701902 -0.0542 0.045 0.724396 -0.0542 0.0350508 0.721763 -0.0542 0.0366001 0.719012 -0.0542 0.0379285 0.716181 -0.0542 0.0390739 0.714247 -0.0542 0.0397128 0.71129 -0.0542 0.0404796 0.707279 -0.0542 0.0411753 0.703218 -0.0542 0.041475 0.754086 -0.0626142 -0.0105 0.752725 -0.0639751 -0.00877005 0.753004 -0.0636965 -0.00702912 0.75322 -0.0634795 -0.00528008 0.753376 -0.0633243 -0.00352293 0.7552 -0.0615 -5.96046e-08 0.753484 -0.0632155 -0.000881732 0.753469 -0.0632311 0.00176281 0.7555 -0.0612 -0.00029999 0.7555 -0.0612 0.000299871 0.753376 -0.0633243 0.00352281 0.752725 -0.0639751 0.00876993 0.753112 -0.063588 0.00615448 0.755062 -0.0610165 0.0105786 0.755163 -0.0549409 0.00985712 0.755088 -0.061035 -0.0105048 0.7555 -0.0542 -0.0105 0.7555 -0.0545226 -0.00894028 0.587822 -0.0562411 -0.0416227 0.587786 -0.0548524 -0.039022 0.590964 -0.0542696 -0.0376814 0.587632 -0.0536065 -0.0361157 0.585939 -0.052905 -0.0340815 0.589032 -0.0522035 -0.0314751 0.589264 -0.0517517 -0.0291005 0.58428 -0.0514102 -0.0269933 0.5812 -0.0512035 -0.02351 0.573639 -0.051199 -0.0231276 0.5737 -0.0512 -0.0230001 0.586029 -0.0512442 -0.0247841 0.590444 -0.0512 -0.0230001 0.748004 -0.0592 0.0227899 0.748966 -0.0592 0.0208048 0.749839 -0.0592 0.0187799 0.750622 -0.0592 0.0167179 0.751314 -0.0592 0.0146231 0.751934 -0.0618344 0.0124149 0.752419 -0.0813688 0.0103235 0.75227 -0.064194 0.0110058 0.752805 -0.0804728 0.00831002 0.753326 -0.0803428 0.00416893 0.753457 -0.0803102 0.00208706 0.7535 -0.0802994 -5.96046e-08 0.753457 -0.0803102 -0.00208718 0.753326 -0.0803428 -0.00416905 0.752789 -0.0820835 -0.00839907 0.752415 -0.0805699 -0.0103601 0.75194 -0.0806883 -0.0123921 0.752286 -0.0642517 -0.0109401 0.752003 -0.0634518 -0.0121418 0.751956 -0.0630554 -0.0123301 0.751932 -0.0627118 -0.0124217 0.751314 -0.0592 -0.014623 0.751913 -0.0606619 -0.0124961 0.750622 -0.0592 -0.016718 0.749839 -0.0592 -0.0187801 0.748966 -0.0592 -0.0208049 0.748004 -0.0592 -0.02279 0.746808 -0.0592 -0.0250035 0.573344 -0.0681927 0.0500001 0.598019 -0.0749796 0.0500001 0.607678 -0.082127 0.0499999 0.5612 -0.0315 0.0500001 0.5712 -0.030349 0.0500001 0.650618 -0.078714 0.0500001 0.643245 -0.0826163 0.0500001 0.664011 -0.0681169 0.0500001 0.699499 -0.093763 0.0500001 0.726551 -0.0870186 0.0500001 0.585212 -0.0589106 0.0455813 0.5712 -0.0285 0.0475375 0.5712 -0.0285 -0.05 0.5612 -0.0285 -0.047 0.5612 -0.0285899 0.0476159 0.5662 -0.0290289 0.0486841 0.5612 -0.0295887 0.0492854 0.5712 -0.0301597 0.049663 0.5612 -0.0307141 0.0498738 0.5712 -0.0310062 0.0499529 0.5712 -0.0285899 -0.0476347 0.5612 -0.0286751 -0.0478316 0.5612 -0.0295551 -0.0492397 0.5712 -0.0293514 -0.0490456 0.5712 -0.0308658 -0.0498915 0.674092 -0.0502 -0.0248051 0.67474 -0.0541995 -0.0311118 0.676701 -0.0502 -0.0274811 0.668029 -0.0502 -0.0154186 0.670982 -0.0502 -0.0207191 0.667939 -0.0512 -0.0175367 0.681082 -0.0502 -0.0309744 0.666664 -0.0502 -0.0119396 0.692044 -0.0502 -0.0360981 0.687638 -0.0502 -0.034545 0.697537 -0.0502 -0.0372091 0.694772 -0.0502 -0.0367451 0.664886 -0.0502 -0.00373417 0.665444 -0.0502 -0.00743014 0.66586 -0.0502 -0.00925308 0.701265 -0.0502 -0.037488 0.699398 -0.0502 -0.0373951 0.663748 -0.0512 0.00191897 0.664723 -0.0502 -0.00093466 0.706863 -0.0502 -0.0372091 0.703135 -0.0502 -0.037488 0.665281 -0.0502 0.00650948 0.664014 -0.0512 0.00481027 0.709628 -0.0502 -0.0367451 0.66586 -0.0502 0.00925297 0.715022 -0.0502 -0.0352274 0.670202 -0.0502 0.0195541 0.666664 -0.0502 0.0119395 0.722546 -0.0502 -0.0315009 0.717623 -0.0502 -0.0341821 0.673473 -0.0502 0.0241041 0.671762 -0.0502 0.0218839 0.728384 -0.0502 -0.026845 0.72409 -0.0502 -0.030448 0.677387 -0.0502 0.0281171 0.675035 -0.0541999 0.0313901 0.679564 -0.0502 0.0298833 0.733184 -0.0502 -0.0211249 0.729735 -0.0512 -0.0268915 0.681855 -0.0502 0.031501 0.68345 -0.0502 0.0324759 0.735986 -0.0502 -0.0162712 0.686777 -0.0502 0.034182 0.736755 -0.0502 -0.014566 0.68906 -0.0512 0.0361757 0.69115 -0.0502 0.0358223 0.73854 -0.0502 -0.00925308 0.697361 -0.0502 0.0371951 0.739514 -0.0502 -0.00373417 0.703135 -0.0502 0.0374879 0.700773 -0.0512 0.0384647 0.739653 -0.0502 0.00186914 0.739677 -0.0502 -0.00093466 0.706863 -0.0502 0.037209 0.739281 -0.0502 0.00558895 0.739833 -0.0512 0.00808424 0.737438 -0.0502 0.0128259 0.717623 -0.0502 0.034182 0.713521 -0.0512 0.0367855 0.716266 -0.0512 0.035839 0.711451 -0.0502 0.036329 0.708712 -0.0502 0.03693 0.737485 -0.0512 0.0153808 0.719308 -0.0502 0.03337 0.734198 -0.0502 0.0195541 0.722536 -0.0502 0.031526 0.732092 -0.0502 0.022643 0.727699 -0.0502 0.027481 0.729689 -0.0502 0.025506 0.730927 -0.0502 0.0241041 0.734885 -0.0592 0.045526 0.746808 -0.0592 0.0250034 0.727268 -0.0868397 0.0499687 0.727411 -0.0592 0.0499548 0.728487 -0.0865357 0.0498046 0.728749 -0.0592 0.0497527 0.729581 -0.0862631 0.0495276 0.729698 -0.0592 0.0494885 0.730616 -0.0592 0.049133 0.730633 -0.0860007 0.0491223 0.73128 -0.0592 0.0488109 0.731546 -0.085773 0.0486559 0.731916 -0.0592 0.0484352 0.732735 -0.0854768 0.0478515 0.73272 -0.0592 0.0478658 0.733464 -0.0592 0.0472216 0.733652 -0.085248 0.0470323 0.734141 -0.0592 0.0465059 0.734273 -0.0850931 0.0463495 0.734603 -0.0592 0.0459298 0.734768 -0.0849697 0.0456948 0.5612 -0.104392 -0.0473052 0.5612 -0.105254 -0.0463062 0.5612 -0.103437 -0.048215 0.5612 -0.106014 -0.0452271 0.5612 -0.102667 -0.048837 0.5612 -0.106666 -0.0440794 0.5612 -0.101849 -0.0493947 0.5612 -0.107083 -0.043182 0.5612 -0.101016 -0.0498176 0.5612 -0.108743 -0.0389491 0.5612 -0.11023 -0.0346521 0.5612 -0.111543 -0.030299 0.5612 -0.112679 -0.0258971 0.5612 -0.113636 -0.021452 0.5612 -0.113685 -0.0210777 0.5612 -0.1137 -0.0207849 0.5612 -0.1137 0.0207848 0.5612 -0.113685 0.0210776 0.5612 -0.113636 0.0214519 0.5612 -0.112679 0.025897 0.5612 -0.111543 0.0302991 0.5612 -0.11023 0.0346519 0.5612 -0.108743 0.038949 0.5612 -0.107083 0.0431818 0.5612 -0.106666 0.0440792 0.5612 -0.106014 0.045227 0.5612 -0.105254 0.0463061 0.5612 -0.104392 0.047305 0.5612 -0.103437 0.0482149 0.5612 -0.102397 0.0490274 0.5612 -0.101406 0.0496544 0.5612 -0.100683 0.0499224 0.5612 -0.10016 0.0500001 0.739086 -0.0582265 -0.0389133 0.734768 -0.0849697 -0.0456949 0.734141 -0.0592 -0.046506 0.734205 -0.0851102 -0.0464259 0.733464 -0.0592 -0.0472217 0.733358 -0.0853214 -0.047318 0.732422 -0.0592 -0.0480846 0.73224 -0.0856002 -0.0482169 0.731494 -0.0592 -0.0486889 0.731187 -0.0858626 -0.0488539 0.730616 -0.0592 -0.0491329 0.730352 -0.0860708 -0.0492468 0.729698 -0.0592 -0.0494886 0.729185 -0.0863618 -0.0496359 0.728749 -0.0592 -0.0497525 0.72788 -0.0866871 -0.0499049 0.727779 -0.0592 -0.0499216 0.727043 -0.0592 -0.0499879 0.726961 -0.0869162 -0.0499921 0.73899 -0.0512 0.0113482 0.736012 -0.0512 0.018413 0.732459 -0.0522 0.0253901 0.731427 -0.0541999 0.029478 0.726204 -0.0512 0.0301003 0.72022 -0.0522 0.03515 0.709059 -0.0522 0.0388998 0.705077 -0.0512 0.0383925 0.693633 -0.0512 0.0375351 0.683771 -0.0512 0.0337891 0.671869 -0.0541994 0.0283331 0.66939 -0.0541999 0.025433 0.667019 -0.0541999 0.0220374 0.6648 -0.0541998 0.0180282 0.666556 -0.0512 0.0144643 0.663921 -0.0522 0.00974697 0.662749 -0.0522 -0.00196892 0.66413 -0.0512 -0.00573784 0.663921 -0.0522 -0.00974709 0.665082 -0.0522 -0.01351 0.669322 -0.0541999 -0.0253413 0.672007 -0.0541999 -0.0284877 0.68295 -0.0512 -0.0333419 0.685523 -0.0512 -0.0346876 0.69341 -0.0522 -0.0385099 0.697288 -0.0522 -0.039193 0.701215 -0.0522 -0.0394879 0.705077 -0.0512 -0.0383926 0.709059 -0.0522 -0.0389 0.712627 -0.0512 -0.037061 0.720175 -0.0512 -0.0340367 0.723631 -0.0522 -0.033181 0.726563 -0.0512 -0.0298 0.733591 -0.0541994 -0.0271731 0.735778 -0.0512 -0.018818 0.738598 -0.0522 -0.015343 0.738841 -0.0512 -0.0117913 0.740018 -0.0512 -0.00716835 0.741504 -0.0522 -0.00393301 0.641181 -0.0602331 0.0243611 0.611956 -0.0602 0.0229999 0.611956 -0.0602331 0.0243611 0.641181 -0.0602 0.0229999 0.641181 -0.0603323 0.0257182 0.611956 -0.0603323 0.0257182 0.641181 -0.0604973 0.027069 0.611956 -0.0604973 0.027069 0.641181 -0.0607277 0.0284109 0.611956 -0.0607277 0.0284109 0.641181 -0.0610231 0.0297388 0.611956 -0.0610231 0.0297388 0.641181 -0.0613827 0.0310521 0.611956 -0.0613827 0.0310521 0.641181 -0.0618057 0.032346 0.611956 -0.0618057 0.032346 0.641181 -0.0622911 0.033617 0.611956 -0.0622911 0.033617 0.641181 -0.0628376 0.0348639 0.611956 -0.0628376 0.0348639 0.641181 -0.0634441 0.036082 0.611956 -0.0634441 0.036082 0.641181 -0.0641091 0.03727 0.611956 -0.0641091 0.03727 0.641181 -0.064831 0.038424 0.611956 -0.064831 0.038424 0.641181 -0.0656082 0.0395409 0.611956 -0.0656082 0.0395409 0.641181 -0.0664387 0.04062 0.611956 -0.0664387 0.04062 0.611956 -0.0673207 0.041656 0.641181 -0.0673207 0.041656 0.641181 -0.0682519 0.042649 0.611956 -0.0682519 0.042649 0.611956 -0.0692304 0.043595 0.641181 -0.0692304 0.043595 0.611956 -0.0702536 0.0444919 0.641181 -0.0702536 0.0444919 0.641181 -0.0713192 0.045339 0.611956 -0.0713192 0.045339 0.611956 -0.0724248 0.046133 0.641181 -0.0724248 0.046133 0.611956 -0.0735676 0.0468721 0.641181 -0.0735676 0.0468721 0.641181 -0.074745 0.0475549 0.611956 -0.074745 0.0475549 0.641181 -0.0759542 0.04818 0.611956 -0.0759542 0.04818 0.626568 -0.0771923 0.0487451 0.626568 -0.0784564 0.0492501 0.641181 -0.0602 -0.0230001 0.611956 -0.0602 -0.0230001 0.641181 -0.0784564 -0.0492502 0.611956 -0.0784564 -0.0492502 0.611956 -0.0771923 -0.048745 0.641181 -0.0771923 -0.048745 0.611956 -0.0759542 -0.0481802 0.641181 -0.0759542 -0.0481802 0.611956 -0.074745 -0.047555 0.641181 -0.074745 -0.047555 0.611956 -0.0735676 -0.0468722 0.641181 -0.0735676 -0.0468722 0.611956 -0.0724248 -0.0461331 0.641181 -0.0724248 -0.0461331 0.611956 -0.0713192 -0.0453392 0.641634 -0.071157 -0.0452181 0.626568 -0.0702536 -0.0444921 0.626568 -0.0692304 -0.0435949 0.611956 -0.0682519 -0.0426489 0.626568 -0.0673207 -0.0416561 0.626568 -0.0664387 -0.0406199 0.626568 -0.0656082 -0.0395411 0.626568 -0.064831 -0.0384241 0.626568 -0.0641091 -0.0372701 0.641181 -0.0634441 -0.0360819 0.611471 -0.0635635 -0.0363076 0.641181 -0.0628376 -0.034864 0.611956 -0.0628376 -0.034864 0.641181 -0.0622911 -0.0336171 0.611956 -0.0622911 -0.0336171 0.641181 -0.0618057 -0.0323461 0.611956 -0.0618057 -0.0323461 0.641181 -0.0613827 -0.0310522 0.611956 -0.0613827 -0.0310522 0.641181 -0.0610231 -0.029739 0.611956 -0.0610231 -0.029739 0.641181 -0.0607277 -0.028411 0.611956 -0.0607277 -0.028411 0.641181 -0.0604973 -0.0270692 0.611956 -0.0604973 -0.0270692 0.641181 -0.0603323 -0.025718 0.611956 -0.0603323 -0.025718 0.641181 -0.0602331 -0.0243612 0.611956 -0.0602331 -0.0243612 0.5712 -0.0566038 0.0500001 0.5712 -0.0490625 0.0270414 0.590444 -0.0512 0.0229999 0.5737 -0.0512 0.0229999 0.582072 -0.0512372 0.0246591 0.590912 -0.0513367 0.0258994 0.5737 -0.0513487 0.026314 0.590444 -0.0515344 0.0279631 0.5737 -0.0515344 0.0279631 0.590444 -0.0517938 0.029602 0.5737 -0.0517938 0.029602 0.590444 -0.0521263 0.031228 0.573499 -0.0522064 0.0316347 0.582072 -0.0525315 0.0328369 0.573417 -0.0537769 0.0348372 0.583451 -0.0546573 0.0354976 0.58463 -0.0553937 0.0361847 0.585048 -0.0559582 0.0368499 0.585238 -0.0564155 0.0375127 0.585279 -0.057031 0.0387358 0.585056 -0.0574148 0.0398332 0.5737 -0.0575942 0.0407071 0.59563 -0.0576074 0.0407628 0.5737 -0.0576915 0.0416211 0.591354 -0.0576893 0.0417542 0.600478 -0.0550506 -0.0230001 0.601922 -0.0563494 -0.0230001 0.599184 -0.0541564 -0.0250955 0.601788 -0.0588476 -0.035688 0.600478 -0.0550506 0.0229999 0.601922 -0.0563494 0.0229999 0.600545 -0.0639363 0.0451617 0.601645 -0.0589312 0.0361313 0.602204 -0.0574847 0.0305571 0.602272 -0.0567776 0.0256218 0.654729 -0.0548952 0.0263771 0.654432 -0.0548699 0.0229999 0.648681 -0.0581904 0.0229999 0.647093 -0.0610261 0.0338015 0.654716 -0.0554923 0.0300111 0.65083 -0.0607118 0.0378553 0.655497 -0.0566511 0.0354936 0.653035 -0.0643 0.0450477 0.658908 -0.0561979 0.0392951 0.654991 -0.0600564 0.0414514 0.656295 -0.0610367 0.0441048 0.664 -0.0554962 0.0438423 0.661178 -0.0564509 0.0423722 0.648681 -0.0581904 -0.0230001 0.654432 -0.0548699 -0.0230001 0.64887 -0.0679291 -0.0452707 0.653967 -0.062728 -0.0440732 0.652764 -0.0613379 -0.041045 0.647593 -0.0632303 -0.0386034 0.653349 -0.0569916 -0.0327435 0.657218 -0.0572678 -0.0392452 0.656699 -0.0564488 -0.0368105 0.662618 -0.0560061 -0.0432644 0.662623 -0.0546516 -0.0401087 0.65165 -0.0566242 -0.026063 0.648206 -0.0585115 -0.0249787 0.655158 -0.0550559 -0.0292202 0.752527 -0.0585824 0.0124902 0.753936 -0.0587 0.012032 0.753958 -0.0585438 -0.0120185 0.752269 -0.0579697 -0.0124756 0.602478 -0.0568261 -0.0230001 0.610254 -0.0723977 -0.0462041 0.604865 -0.071372 -0.0474849 0.609993 -0.0685179 -0.0430866 0.60964 -0.0654917 -0.0397297 0.606711 -0.068889 -0.0445548 0.60629 -0.0651157 -0.0407749 0.602238 -0.0662478 -0.0455676 0.603227 -0.0640042 -0.0420747 0.604607 -0.0617676 -0.0369731 0.608913 -0.0625798 -0.0350509 0.609908 -0.0610579 -0.030439 0.605928 -0.0603921 -0.0321875 0.609711 -0.0601664 -0.0258234 0.611224 -0.0601821 -0.0230001 0.610493 -0.0601285 -0.0230001 0.604251 -0.0583548 -0.0268152 0.609765 -0.0600392 -0.0230001 0.609043 -0.0599145 -0.0230001 0.606893 -0.0594651 -0.025888 0.602206 -0.0576686 -0.0312729 0.608328 -0.0597547 -0.0230001 0.607622 -0.0595602 -0.0230001 0.606926 -0.0593314 -0.0230001 0.606242 -0.0590689 -0.0230001 0.605571 -0.0587733 -0.0230001 0.604916 -0.0584453 -0.0230001 0.604277 -0.0580857 -0.0230001 0.603657 -0.0576953 -0.0230001 0.603057 -0.0572751 -0.0230001 0.601934 -0.0565968 -0.0270072 0.611224 -0.0601821 0.0229999 0.610493 -0.0601285 0.0229999 0.609765 -0.0600392 0.0229999 0.609043 -0.0599145 0.0229999 0.608328 -0.0597547 0.0229999 0.607622 -0.0595602 0.0229999 0.606926 -0.0593314 0.0229999 0.606242 -0.0590689 0.0229999 0.605571 -0.0587733 0.0229999 0.604916 -0.0584453 0.0229999 0.604277 -0.0580857 0.0229999 0.603657 -0.0576953 0.0229999 0.603057 -0.0572751 0.0229999 0.602478 -0.0568261 0.0229999 0.610481 -0.0601899 0.0250008 0.609535 -0.060372 0.0273637 0.606949 -0.0595831 0.0266561 0.606275 -0.0600237 0.0303921 0.609674 -0.0623641 0.0340974 0.604052 -0.0580134 0.0251574 0.60961 -0.0650404 0.0391125 0.605702 -0.0615865 0.0355505 0.609031 -0.0682989 0.0431342 0.605994 -0.0642127 0.0397455 0.608882 -0.0719612 0.0463104 0.609019 -0.0751196 0.0481412 0.605714 -0.0672798 0.0435759 0.602946 -0.065368 0.0440354 0.604784 -0.0694521 0.0461969 0.610383 -0.0781007 0.0491855 0.641895 -0.060183 -0.0230001 0.642607 -0.0601321 -0.0230001 0.643315 -0.0600473 -0.0230001 0.64402 -0.0599289 -0.0230001 0.644717 -0.0597772 -0.0230001 0.645407 -0.0595924 -0.0230001 0.642949 -0.0604059 -0.0270622 0.646087 -0.059375 -0.0230001 0.64581 -0.0596507 -0.0261217 0.646756 -0.0591255 -0.0230001 0.647412 -0.0588445 -0.0230001 0.648054 -0.0585325 -0.0230001 0.642879 -0.0622392 -0.0336676 0.649988 -0.0580133 -0.0289131 0.644196 -0.0634207 -0.0366746 0.646205 -0.0604178 -0.030891 0.643239 -0.0665176 -0.0409766 0.648444 -0.0606112 -0.0344327 0.641634 -0.0684436 -0.0428553 0.647114 -0.066782 -0.0429116 0.643529 -0.0734349 -0.0470253 0.647934 -0.0705754 -0.0468019 0.643049 -0.0774645 -0.0489989 0.644457 -0.0702263 -0.0449539 0.646486 -0.0743004 -0.0483647 0.641895 -0.060183 0.0229999 0.642607 -0.0601321 0.0229999 0.643315 -0.0600473 0.0229999 0.64402 -0.0599289 0.0229999 0.644717 -0.0597772 0.0229999 0.645407 -0.0595924 0.0229999 0.646087 -0.059375 0.0229999 0.646756 -0.0591255 0.0229999 0.647412 -0.0588445 0.0229999 0.648054 -0.0585325 0.0229999 0.643886 -0.074579 0.0477714 0.642753 -0.0713551 0.0454225 0.644843 -0.06931 0.0442962 0.648597 -0.0679735 0.0450949 0.642981 -0.0642499 0.0376844 0.644017 -0.0664013 0.0411546 0.645687 -0.0633808 0.0373992 0.64282 -0.0616467 0.0319938 0.648088 -0.0648405 0.0412883 0.642901 -0.0602602 0.0260305 0.651014 -0.0582725 0.0323524 0.64659 -0.0594906 0.0271124 0.649184 -0.0580322 0.0257954 0.599922 -0.0545739 -0.0230001 0.592173 -0.0557926 -0.040547 0.594082 -0.0578416 -0.0432215 0.598363 -0.0601867 -0.0433519 0.593695 -0.0538779 -0.0356346 0.600381 -0.0596357 -0.0398727 0.595436 -0.0554445 -0.0381537 0.592226 -0.0528218 -0.0333515 0.597163 -0.0569953 -0.0395704 0.598449 -0.0559079 -0.0353151 0.594209 -0.0524261 -0.0301772 0.591177 -0.0512179 -0.0230001 0.591907 -0.0512716 -0.0230001 0.592635 -0.0513608 -0.0230001 0.599277 -0.0549252 -0.0300956 0.592756 -0.0515539 -0.0258394 0.593357 -0.0514855 -0.0230001 0.596692 -0.0533965 -0.0302106 0.594072 -0.0516453 -0.0230001 0.595961 -0.0523731 -0.0256649 0.594778 -0.0518398 -0.0230001 0.595474 -0.0520686 -0.0230001 0.596158 -0.0523311 -0.0230001 0.596829 -0.0526267 -0.0230001 0.597484 -0.0529547 -0.0230001 0.598123 -0.0533144 -0.0230001 0.598743 -0.0537047 -0.0230001 0.599343 -0.0541249 -0.0230001 0.591177 -0.0512179 0.0229999 0.591907 -0.0512716 0.0229999 0.592635 -0.0513608 0.0229999 0.593357 -0.0514855 0.0229999 0.594072 -0.0516453 0.0229999 0.594778 -0.0518398 0.0229999 0.595474 -0.0520686 0.0229999 0.596158 -0.0523311 0.0229999 0.596829 -0.0526267 0.0229999 0.597484 -0.0529547 0.0229999 0.598123 -0.0533144 0.0229999 0.598743 -0.0537047 0.0229999 0.599343 -0.0541249 0.0229999 0.599922 -0.0545739 0.0229999 0.601595 -0.0613373 0.0406856 0.586665 -0.0582887 0.0447206 0.592327 -0.0591756 0.0456588 0.592527 -0.0515448 0.0262989 0.59459 -0.0519596 0.0260558 0.597452 -0.0531548 0.0261454 0.592716 -0.0522264 0.0305762 0.600026 -0.0547679 0.0253209 0.599479 -0.0548555 0.0292367 0.596821 -0.0536859 0.0312933 0.599368 -0.0561304 0.0342082 0.651797 -0.0700378 -0.0483235 0.653206 -0.0647334 -0.045611 0.656031 -0.0726856 -0.0499178 0.657286 -0.0653664 -0.0481992 0.654132 -0.0655579 -0.046867 0.659835 -0.0601663 -0.0459457 0.659495 -0.0662104 -0.0491901 0.662815 -0.0599608 -0.0474258 0.660987 -0.058104 -0.0446139 0.663828 -0.0608685 -0.0483289 0.661314 -0.0665394 -0.0496321 0.669676 -0.0621088 -0.0498567 0.667098 -0.0602587 -0.0490208 0.669333 -0.0605921 -0.0495606 0.671917 -0.0575722 -0.0491629 0.67634 -0.0587885 -0.0499569 0.626568 -0.0789602 -0.049424 0.652937 -0.0739003 -0.0497578 0.651202 -0.0731617 -0.0492707 0.648301 -0.0769423 -0.0496202 0.641181 -0.0818333 -0.0499707 0.641181 -0.0810376 -0.0498939 0.641181 -0.0805109 -0.0498109 0.643512 -0.080205 -0.0498057 0.611203 -0.0822999 -0.0499941 0.611956 -0.0815674 -0.049953 0.611956 -0.0810376 -0.0498939 0.611956 -0.0805109 -0.0498109 0.626568 -0.0797298 -0.0496405 0.609569 -0.0791483 -0.0496073 0.608856 -0.0808462 -0.0499371 0.604166 -0.0744595 -0.0491291 0.609233 -0.0764232 -0.0487333 0.599571 -0.0674649 -0.04806 0.603097 -0.0769551 -0.0498744 0.597959 -0.0716695 -0.0497399 0.595441 -0.072333 -0.05 0.595613 -0.0668098 -0.0492654 0.598069 -0.0626172 -0.0462843 0.600536 -0.0632951 -0.0446191 0.590983 -0.0584152 -0.0448728 0.5877 -0.0605508 -0.0472365 0.595029 -0.0602611 -0.045929 0.592781 -0.0601844 -0.0466381 0.591193 -0.0625474 -0.0485178 0.595292 -0.063341 -0.0480996 0.588624 -0.0655445 -0.049666 0.592389 -0.0658554 -0.0496207 0.588421 -0.0679218 -0.0499921 0.583916 -0.0632237 -0.0489054 0.587807 -0.0587871 -0.0453716 0.590444 -0.0597531 0.046524 0.582072 -0.0604015 0.0471155 0.582057 -0.0614979 0.047944 0.582072 -0.0624456 0.0485272 0.579979 -0.0634989 0.0490379 0.582072 -0.0648793 0.0495214 0.582072 -0.0660165 0.049797 0.582072 -0.0672499 0.0499558 0.597196 -0.0605123 0.0449294 0.597002 -0.062547 0.0468878 0.594677 -0.0606043 0.0464754 0.592657 -0.0615579 0.0477504 0.594131 -0.0651103 0.0491585 0.591507 -0.0635527 0.0490007 0.591903 -0.0671954 0.0500001 0.597187 -0.0651197 0.0481963 0.602595 -0.0762001 0.0498123 0.603685 -0.071351 0.0480022 0.600496 -0.0673968 0.0475628 0.603883 -0.0747471 0.0493035 0.611956 -0.0810376 0.0498938 0.608811 -0.0800171 0.0498311 0.596467 -0.071334 0.0498981 0.598166 -0.0700445 0.049375 0.626568 -0.0792157 0.0494999 0.626568 -0.0801191 0.0497317 0.641181 -0.0807743 0.0498523 0.64509 -0.0793127 0.0497515 0.643351 -0.0789407 0.0495076 0.64865 -0.0778867 0.0498609 0.653315 -0.0746956 0.049879 0.647378 -0.0731127 0.047996 0.649446 -0.0744128 0.0492062 0.658276 -0.070813 0.049921 0.654474 -0.0716097 0.0495686 0.650832 -0.0709928 0.0483636 0.661314 -0.0665394 0.049632 0.65849 -0.0669599 0.0492105 0.65767 -0.0658742 0.0485911 0.650564 -0.0682214 0.0466992 0.653995 -0.0667733 0.0475854 0.664418 -0.0622575 0.0490732 0.657847 -0.0632437 0.0472278 0.655591 -0.0631226 0.0458316 0.663584 -0.0610631 0.0483446 0.662144 -0.0604724 0.047461 0.670212 -0.057274 0.0486211 0.672677 -0.0607067 0.0499229 0.671614 -0.0594445 0.0496282 0.661163 -0.0590757 0.0457954 0.668482 -0.0566468 0.0476894 0.57745 -0.0514262 -0.0396791 0.57745 -0.0515285 -0.0454932 0.57745 -0.0517474 -0.0465317 0.57745 -0.0523515 -0.0477329 0.57745 -0.0535547 -0.0490184 0.576387 -0.0545976 -0.0496166 0.583201 -0.0563234 -0.0460539 0.583276 -0.0533238 -0.0395637 0.583118 -0.0577175 0.0430259 0.586258 -0.0579167 0.0439724 0.592264 -0.0532365 0.033946 0.583118 -0.0532864 0.034264 0.594733 -0.0534716 0.0335435 0.596897 -0.055127 0.0354976 0.597472 -0.0573185 0.039339 0.594981 -0.0582825 0.0432119 0.598116 -0.0581698 0.0404119 0.59249 -0.0579563 0.043622 0.582072 -0.0526968 0.0332994 0.573441 -0.0514117 -0.0397764 0.5712 -0.0516647 -0.05 0.572211 -0.0513312 -0.046722 0.571236 -0.0493463 -0.0387078 0.571877 -0.0505397 -0.0342923 0.571493 -0.0500906 -0.0396729 0.572369 -0.0509673 -0.0342627 0.573268 -0.0511589 -0.023048 0.57276 -0.051009 -0.0230001 0.572919 -0.0511754 -0.0315323 0.572111 -0.0506239 -0.0230489 0.571641 -0.0501151 -0.023048 0.571429 -0.0497402 -5.96046e-08 0.571305 -0.0495218 -0.0315493 0.573516 -0.0511925 0.0229999 0.573032 -0.0511077 0.023416 0.572484 -0.0508782 0.0114998 0.572105 -0.0506191 0.0229999 0.571707 -0.0501973 0.0114998 0.571314 -0.0494398 -5.96046e-08 0.5712 -0.0489336 -0.016708 0.571203 -0.0488227 0.0229999 0.572704 -0.0511388 0.0265841 0.571458 -0.0500933 0.0274577 0.572499 -0.051866 0.0313918 0.573022 -0.0574945 0.041501 0.571504 -0.05517 0.0388159 0.572934 -0.0565424 0.0382695 0.571863 -0.0527149 0.0348796 0.573467 -0.0580492 0.0443296 0.573592 -0.0595419 0.0463144 0.571623 -0.057513 0.0450794 0.572012 -0.0637088 0.0500001 0.572986 -0.0656749 0.0497751 0.753262 -0.0616046 -0.0123125 0.7555 -0.0611995 -0.0111108 0.750134 -0.0547664 -0.0117765 0.753451 -0.0552728 -0.0117629 0.75034 -0.0542908 -0.0109501 0.7555 -0.0542 0.0104999 0.747963 -0.0542855 0.0110039 0.750742 -0.0552953 0.0121555 0.753001 -0.0544331 0.0112109 0.753066 -0.0561973 0.01231 0.7555 -0.0611988 0.0114965 0.74789 -0.0544006 0.0127901 0.747292 -0.058287 0.0238382 0.746359 -0.0570586 0.0247659 0.749312 -0.0583264 0.0197534 0.742765 -0.0548718 0.0272107 0.741229 -0.0543348 0.0271017 0.747845 -0.0560016 0.0200595 0.745966 -0.0543475 0.0177545 0.750285 -0.0575941 0.0165977 0.748756 -0.0553058 0.0159232 0.751327 -0.0577753 0.0135178 0.745882 -0.0557919 0.0238063 0.739093 -0.058775 0.0389022 0.734848 -0.0585889 0.0455012 0.734607 -0.0574328 0.0453417 0.738684 -0.0571141 0.0386462 0.733764 -0.0558985 0.0447833 0.738005 -0.0558873 0.0382337 0.737047 -0.054949 0.0376515 0.731479 -0.0546682 0.0447544 0.734661 -0.0543312 0.0384969 0.74304 -0.0588012 0.0321125 0.742755 -0.0574641 0.0319476 0.742023 -0.056035 0.0315408 0.726548 -0.0589873 0.0500001 0.727865 -0.0582841 0.0497522 0.714227 -0.0582856 0.0499114 0.726551 -0.0577486 0.0497851 0.701902 -0.0574583 0.0496859 0.701902 -0.0560764 0.0489029 0.727391 -0.0558791 0.0486163 0.701902 -0.0557533 0.0486206 0.731236 -0.0575447 0.0482849 0.701902 -0.0548837 0.0475158 0.701902 -0.05468 0.0471379 0.728133 -0.0550158 0.0474004 0.701902 -0.0545585 0.0468559 0.701902 -0.054299 0.0459747 0.701902 -0.0542391 0.0456118 0.733693 -0.0585561 0.0468625 0.701902 -0.0542105 0.0453061 0.728121 -0.0542392 0.0450363 0.73325 -0.0563976 0.0459728 0.677607 -0.0589616 0.0500001 0.677254 -0.0579267 0.0498309 0.701902 -0.0571183 0.0495448 0.714227 -0.0567363 0.0493492 0.689578 -0.0564238 0.0491547 0.701902 -0.0554952 0.0483579 0.701902 -0.0552595 0.0480756 0.714227 -0.0544345 0.0465092 0.677254 -0.0543498 0.046215 0.666249 -0.0556345 0.0456161 0.667995 -0.0543371 0.0438527 0.670032 -0.0547903 0.0460445 0.676111 -0.0554531 0.0482602 0.675197 -0.0546744 0.0469679 0.67482 -0.0542939 0.045721 0.673423 -0.0560268 0.0484454 0.676123 -0.057148 0.0494894 0.654748 -0.0547038 0.0229999 0.655398 -0.0545437 0.0258102 0.659427 -0.0545868 0.0357293 0.660082 -0.0542802 0.0344982 0.66318 -0.054667 0.0410518 0.655496 -0.0544143 -5.96046e-08 0.656206 -0.0543125 0.0255727 0.654748 -0.0547038 -0.0230001 0.655074 -0.0545582 -5.96046e-08 0.655928 -0.054303 -5.96046e-08 0.656339 -0.0542368 -0.0114999 0.656635 -0.0542099 -5.96046e-08 0.654648 -0.0548107 -0.0246955 0.658016 -0.0544666 -0.0324522 0.655837 -0.0544278 -0.0259476 0.677466 -0.0590583 -0.05 0.669297 -0.0547842 -0.0457039 0.701902 -0.0585881 -0.0499611 0.701902 -0.0581048 -0.0498772 0.675913 -0.0574585 -0.0496274 0.67299 -0.0550728 -0.0472618 0.714227 -0.0542751 -0.0458546 0.69574 -0.0543311 -0.0461245 0.66891 -0.056655 -0.0478979 0.675001 -0.054273 -0.0456381 0.665969 -0.0562138 -0.0462208 0.666157 -0.0547796 -0.0440651 0.701902 -0.0571744 -0.0495697 0.689578 -0.0567363 -0.0493494 0.672996 -0.0565141 -0.0488139 0.701902 -0.0577486 -0.0497852 0.701902 -0.0575155 -0.0497079 0.701902 -0.0564757 -0.0491877 0.677254 -0.056028 -0.0488649 0.675759 -0.0559362 -0.0487071 0.676141 -0.055074 -0.0477334 0.701902 -0.0553384 -0.0481694 0.701902 -0.054215 -0.0453673 0.701902 -0.0544538 -0.0465675 0.701902 -0.0545585 -0.0468555 0.701902 -0.0547352 -0.0472475 0.701902 -0.054977 -0.0476747 0.701902 -0.0557089 -0.0485783 0.726551 -0.0559351 -0.048785 0.726551 -0.0563218 -0.0490866 0.72655 -0.0590756 -0.05 0.734785 -0.0584894 -0.0456846 0.734449 -0.0570824 -0.0452369 0.731893 -0.0554938 -0.0461636 0.733544 -0.0555497 -0.0446373 0.731343 -0.0575958 -0.0482364 0.735152 -0.0547328 -0.0398961 0.729587 -0.0548183 -0.0464817 0.73116 -0.0544133 -0.0442362 0.733081 -0.054215 -0.0397287 0.727633 -0.0579376 -0.0497022 0.728213 -0.0561702 -0.0487276 0.728139 -0.0542729 -0.0451608 0.727216 -0.0550578 -0.0477343 0.74304 -0.0586976 -0.0321127 0.742595 -0.0570438 -0.0318585 0.741771 -0.0557201 -0.031401 0.740432 -0.0546578 -0.0306578 0.745463 -0.0553251 -0.0235477 0.74139 -0.0542414 -0.0258275 0.737875 -0.0557581 -0.0381547 0.733694 -0.0543288 -0.0401178 0.744315 -0.0544658 -0.022276 0.746275 -0.0569018 -0.0247217 0.746748 -0.0584376 -0.024972 0.75125 -0.0584997 -0.0145269 0.747456 -0.0548271 -0.0171934 0.746697 -0.0542731 -0.0150164 0.749636 -0.056109 -0.0159326 0.748022 -0.0566435 -0.0210176 0.749165 -0.0581413 -0.01994 0.582102 -0.0607537 -0.0497594 0.582912 -0.0583157 -0.0488968 0.582169 -0.0523077 -0.0466116 0.582828 -0.0560372 -0.05 0.58164 -0.051428 -0.0357442 0.582253 -0.0516609 -0.0339709 0.58292 -0.0524784 -0.0406385 0.581402 -0.067311 -0.05 0.583998 -0.0589304 -0.0460339 0.583837 -0.0550135 -0.0405121 0.583109 -0.0522146 -0.0324734 0.639576 -0.106127 -0.0104714 0.6412 -0.105722 0.0148081 0.654634 -0.102373 0.0398731 0.662225 -0.10048 0.0453219 0.698175 -0.0940936 -0.0498939 0.69395 -0.0951469 -0.0495771 0.687657 -0.0967158 -0.0486794 0.683012 -0.0973405 -0.048291 0.677348 -0.0992862 -0.0462142 0.678903 -0.0976935 -0.0479537 0.673321 -0.10029 -0.0448599 0.669362 -0.101277 -0.0433069 0.663584 -0.102718 -0.0405861 0.655873 -0.10464 -0.0342246 0.65236 -0.105516 -0.0297928 0.649396 -0.106255 -0.0249539 0.645466 -0.106027 -0.0199831 0.645675 -0.107183 -0.0162368 0.64375 -0.106522 -0.0147544 0.643711 -0.107673 -0.00823265 0.64305 -0.107838 -0.00127274 0.641564 -0.106964 0.00130409 0.643173 -0.107807 0.00381464 0.641531 -0.10676 0.00570434 0.643925 -0.107619 0.00948471 0.64286 -0.106611 0.01196 0.645223 -0.107296 0.0150499 0.644461 -0.10629 0.017249 0.647197 -0.106804 0.0204007 0.649678 -0.106185 0.0255198 0.652745 -0.10542 0.0302905 0.657576 -0.104216 0.036066 0.654867 -0.103432 0.0356593 0.659371 -0.102155 0.0403928 0.663162 -0.102225 0.0410966 0.665481 -0.102245 0.041557 0.669362 -0.101277 0.043307 0.675334 -0.0997882 0.0455369 0.682117 -0.0968791 0.0488157 0.681434 -0.0982674 0.0473651 0.68557 -0.0972363 0.0483109 0.689745 -0.0961953 0.0490479 0.69395 -0.0951469 0.0495769 0.660572 -0.102324 -0.040341 0.660374 -0.103518 -0.0387152 0.658663 -0.101517 -0.0420848 0.66675 -0.10048 -0.0439234 0.665852 -0.099845 -0.0453115 0.675415 -0.0981555 -0.0475002 0.654138 -0.102569 0.0385363 0.655119 -0.102611 0.0381321 0.650752 -0.103364 0.035202 0.646729 -0.104375 0.0293087 0.649477 -0.103943 0.0315294 0.649482 -0.104886 0.0282773 0.646042 -0.105847 0.0214991 0.643428 -0.105233 0.0225796 0.645104 -0.105148 0.0232994 0.640328 -0.105983 0.013633 0.643009 -0.105815 0.0169811 0.640623 -0.106238 0.00935 0.641785 -0.106803 -0.00602967 0.640307 -0.106457 -0.00333935 0.638926 -0.106368 -0.00171119 0.641807 -0.106138 -0.0129252 0.640987 -0.105811 -0.0162054 0.643895 -0.105288 -0.0215741 0.647008 -0.104644 -0.0274411 0.6491 -0.105015 -0.0275679 0.645442 -0.104671 -0.0276847 0.652279 -0.103114 -0.035826 0.653559 -0.103722 -0.0342909 0.664893 -0.100165 0.0445737 0.674518 -0.0987725 0.0466334 0.676751 -0.0973235 0.0487871 0.667412 -0.100373 0.0441465 0.67221 -0.0979906 0.0495154 0.57993 -0.101423 -0.0496476 0.57993 -0.102397 -0.0490275 0.57993 -0.103187 -0.048431 0.57993 -0.103926 -0.0477715 0.57993 -0.104937 -0.0466862 0.57993 -0.106014 -0.0452271 0.57993 -0.106666 -0.0440794 0.57993 -0.107083 -0.043182 0.57993 -0.108743 -0.0389491 0.57993 -0.11023 -0.0346521 0.57993 -0.111543 -0.030299 0.57993 -0.112679 -0.0258971 0.57993 -0.113636 -0.021452 0.57993 -0.113685 -0.0210777 0.57993 -0.1137 -0.0207849 0.57993 -0.1137 0.0207848 0.57993 -0.113636 0.0214519 0.57993 -0.112679 0.025897 0.57993 -0.111543 0.0302991 0.57993 -0.11023 0.0346519 0.57993 -0.108743 0.038949 0.57993 -0.107083 0.0431818 0.57993 -0.105919 0.0453619 0.57993 -0.104722 0.0469355 0.57993 -0.103437 0.0482149 0.57993 -0.102397 0.0490274 0.57993 -0.10129 0.0497107 0.584169 -0.106272 0.0420403 0.583386 -0.104525 0.0457115 0.583411 -0.101997 0.0480914 0.584947 -0.112303 0.0211434 0.583202 -0.112729 0.0212044 0.582369 -0.110304 0.0323009 0.584632 -0.111176 0.0266938 0.584763 -0.108932 0.0342297 0.582519 -0.113013 -5.96046e-08 0.582937 -0.112844 -5.96046e-08 0.583363 -0.112694 -5.96046e-08 0.583795 -0.112564 -5.96046e-08 0.584453 -0.112408 -5.96046e-08 0.585119 -0.112291 -5.96046e-08 0.585792 -0.112225 0.0103926 0.585821 -0.112219 -0.0210088 0.582095 -0.113156 -0.0213094 0.583628 -0.112586 -0.0211964 0.583101 -0.107032 -0.0408474 0.585792 -0.10654 -0.0405274 0.583043 -0.110069 -0.0322257 0.585065 -0.107766 -0.0373932 0.585233 -0.110753 -0.0277477 0.58681 -0.0946187 -0.05 0.583163 -0.0984725 -0.0498925 0.584875 -0.0996026 -0.0489855 0.58361 -0.103111 -0.0471745 0.585248 -0.104949 -0.044251 0.580741 -0.1075 -0.0418063 0.581234 -0.104954 -0.0462242 0.580629 -0.102097 -0.0490952 0.580796 -0.113548 -0.0214038 0.582829 -0.111914 -0.0257161 0.580817 -0.112021 -0.0280753 0.580913 -0.110091 -0.0346075 0.580155 -0.113695 -0.0207849 0.580659 -0.113643 -0.0207849 0.581373 -0.113481 -0.0207849 0.582006 -0.113247 -0.0207849 0.581797 -0.113331 0.0207848 0.581157 -0.113546 0.0207848 0.580548 -0.113658 0.0207848 0.580042 -0.11369 0.0209312 0.581288 -0.113176 0.0224139 0.580189 -0.106734 0.0438837 0.581346 -0.108084 0.0399145 0.580796 -0.110796 0.0324487 0.580739 -0.112592 0.0258765 0.579966 -0.101019 0.0500001 0.57993 -0.100464 0.0499563 0.584434 -0.0981603 0.0496802 0.57993 -0.100968 -0.0498472 0.579873 -0.100337 -0.05 0.752172 -0.0854209 -0.0112873 0.753101 -0.0820109 -0.00635201 0.753328 -0.0819587 -0.00435787 0.753512 -0.0827255 -0.0002895 0.753066 -0.0804076 0.00663465 0.65925 -0.111701 -0.0137292 0.66144 -0.110852 -0.0243164 0.657071 -0.112 -0.0084582 0.654683 -0.111991 -0.0204552 0.65925 -0.111701 0.013729 0.657037 -0.112 0.0101499 0.658088 -0.11191 -0.0136424 0.659661 -0.111703 -0.00686508 0.659799 -0.111703 -5.96046e-08 0.659661 -0.111703 0.00686496 0.658534 -0.111925 0.00127786 0.658169 -0.111925 0.011928 0.657189 -0.111922 0.0204658 0.658477 -0.111056 0.0257129 0.685411 -0.103502 0.0467641 0.686208 -0.103606 0.045263 0.66187 -0.110725 0.024888 0.662483 -0.110309 0.0281548 0.661843 -0.109973 0.0300125 0.665466 -0.108809 0.0339929 0.670552 -0.108175 0.0339121 0.669293 -0.108305 0.0348968 0.669273 -0.107784 0.0370654 0.67248 -0.106562 0.0404796 0.673958 -0.107178 0.0367469 0.678331 -0.1059 0.0400571 0.679015 -0.10479 0.044743 0.67966 -0.105345 0.0424418 0.674435 -0.106688 0.0395407 0.646551 -0.112 0.0112025 0.645837 -0.112 -0.00920635 0.654456 -0.111994 0.0205292 0.657039 -0.111866 0.0215515 0.652053 -0.111582 -0.0233317 0.652898 -0.111927 -0.0214711 0.658327 -0.111546 -0.0229195 0.658598 -0.111017 -0.0258551 0.663702 -0.10994 -0.0295506 0.662885 -0.109638 -0.0312019 0.669974 -0.108337 -0.033556 0.666781 -0.108388 -0.0353289 0.672632 -0.107566 -0.035672 0.670288 -0.107264 -0.0386072 0.670897 -0.107766 -0.036645 0.675526 -0.106719 -0.037973 0.678502 -0.10585 -0.04018 0.682665 -0.104438 -0.0445386 0.674545 -0.106121 -0.0415788 0.679148 -0.1051 -0.0438095 0.689493 -0.102738 -0.0459505 0.674494 -0.106633 -0.0398141 0.729924 -0.0926086 -0.0467082 0.733735 -0.0918241 -0.044273 0.703683 -0.0990392 -0.048338 0.745924 -0.0898445 -0.0228639 0.700035 -0.0999378 -0.0485764 0.747466 -0.089553 -0.0198899 0.749134 -0.0892411 -0.015946 0.750084 -0.0890649 -0.0131355 0.750742 -0.0889437 -0.0106917 0.733735 -0.0918241 0.0442728 0.726851 -0.093252 0.0484123 0.751472 -0.0888101 -0.00698549 0.751788 -0.0887524 -0.00448519 0.751971 -0.0887191 -0.00164229 0.753121 -0.0884346 0.000895917 0.751901 -0.0887318 0.00312799 0.751609 -0.088785 0.00596946 0.75116 -0.0888671 0.00879282 0.750898 -0.0889151 0.0100409 0.750602 -0.0889695 0.0112781 0.750094 -0.0890632 0.0131053 0.74911 -0.0892454 0.0160047 0.747585 -0.0895305 0.019658 0.746489 -0.0897374 0.021841 0.703683 -0.0990392 0.0483379 0.698922 -0.100207 0.0487351 0.695325 -0.101155 0.0478839 0.738528 -0.0909969 0.0363843 0.748275 -0.0846803 0.0219325 0.747179 -0.0879702 0.023786 0.741074 -0.0891686 -0.0344396 0.747179 -0.0879702 -0.0237861 0.740378 -0.0905398 0.033926 0.745923 -0.0898448 0.0228652 0.742504 -0.0893778 -0.0316868 0.748933 -0.0881835 0.0199313 0.747202 -0.0894697 0.0215418 0.749631 -0.0843832 0.0190057 0.749468 -0.088932 0.0167674 0.751649 -0.0878877 0.0123183 0.751115 -0.0887798 0.0109262 0.752909 -0.0828621 0.00764602 0.75265 -0.0879069 0.00573581 0.753408 -0.0835585 0.00326198 0.752556 -0.0878787 -0.00669938 0.751837 -0.0886973 -0.00888687 0.751262 -0.0871934 -0.0144792 0.749314 -0.089074 -0.0168491 0.747474 -0.0891575 -0.0217496 0.748744 -0.0882275 -0.0203786 0.737341 -0.0910284 -0.0392724 0.747372 -0.0881795 0.0233845 0.751184 -0.0878799 -0.0140808 0.740001 -0.0902231 0.0355243 0.740976 -0.0896355 0.0343503 0.738024 -0.0896918 0.039772 0.734991 -0.0899526 0.0451331 0.711199 -0.0971074 0.0486569 0.717842 -0.0945009 0.0498933 0.726602 -0.091718 0.0501127 0.726233 -0.0913605 0.0501999 0.703201 -0.0971032 0.0501999 0.692874 -0.10064 0.0491866 0.688244 -0.100924 0.048866 0.700213 -0.0978518 0.050147 0.710437 -0.095761 0.0501377 0.692636 -0.101722 0.0480656 0.695989 -0.0989232 0.0498828 0.699156 -0.0991489 0.0497088 0.692256 -0.0998811 0.049489 0.67049 -0.10586 0.0422797 0.66331 -0.107177 0.0388359 0.659292 -0.108295 0.0356035 0.655725 -0.109538 0.0315515 0.652397 -0.110811 0.02674 0.652386 -0.111794 0.0222382 0.695391 -0.0990761 -0.0498295 0.699136 -0.0981234 -0.0501021 0.695362 -0.0999709 -0.0495272 0.703201 -0.0971032 -0.0502 0.708573 -0.0974005 -0.0493932 0.688244 -0.100924 -0.0488659 0.69119 -0.100157 -0.0493432 0.687725 -0.101704 -0.0485275 0.653054 -0.11055 -0.027798 0.656901 -0.109118 -0.0329648 0.661464 -0.107624 -0.0375739 0.6666 -0.106526 -0.040597 0.674865 -0.105117 -0.0440698 0.726233 -0.0913605 -0.0502 0.70616 -0.0967284 -0.0501445 0.707749 -0.0969071 -0.0499621 0.718714 -0.0945784 -0.0497056 0.720575 -0.0945822 -0.0491143 0.740024 -0.0907627 -0.0336939 0.740728 -0.0901432 -0.0341645 0.734991 -0.0899526 -0.0451332 0.727288 -0.0889968 0.0501332 0.72128 -0.094201 0.0494108 0.732108 -0.0888936 0.048324 0.732489 -0.091167 0.0475025 0.732891 -0.0918756 0.0457038 0.7291 -0.0919703 0.0491251 0.734372 -0.0908242 0.0456156 0.676567 -0.103123 0.0459465 0.670256 -0.104744 0.0433707 0.670952 -0.103971 0.0439381 0.670188 -0.105653 0.0425929 0.665777 -0.104863 0.041696 0.679724 -0.103205 0.0467395 0.681071 -0.10246 0.0472721 0.68517 -0.101656 0.0482511 0.679808 -0.104051 0.0461583 0.686205 -0.10228 0.0481414 0.66211 -0.105637 0.0397949 0.663091 -0.106645 0.0395584 0.646514 -0.110447 -0.019044 0.646137 -0.110999 0.0172142 0.646811 -0.110521 0.0196323 0.645636 -0.110456 0.016823 0.647901 -0.111614 0.019591 0.644574 -0.110466 0.0135426 0.643837 -0.111572 0.0054583 0.644328 -0.111091 0.0112647 0.643507 -0.110476 0.00907749 0.645634 -0.111965 0.0108847 0.642703 -0.110595 4.23789e-05 0.643981 -0.111831 -0.00086695 0.642873 -0.110482 -0.00462204 0.644444 -0.111516 -0.00942713 0.643523 -0.110476 -0.00916201 0.644277 -0.110468 -0.012522 0.645293 -0.110459 -0.0158167 0.645625 -0.111106 -0.0156646 0.647249 -0.111871 -0.0171333 0.643033 -0.110756 0.00495285 0.643178 -0.110976 -0.00499445 0.648371 -0.111073 -0.0219031 0.661894 -0.106719 -0.0390049 0.65836 -0.106698 -0.03679 0.657527 -0.1083 -0.0347834 0.65554 -0.107531 -0.0338607 0.652472 -0.108629 -0.0299359 0.649994 -0.109574 -0.0260811 0.650633 -0.109982 -0.026691 0.648233 -0.110298 -0.0226975 0.652397 -0.110326 -0.0279503 0.654793 -0.108241 -0.0326949 0.649755 -0.109668 0.0256609 0.650199 -0.110081 0.0259649 0.65075 -0.110952 0.0253319 0.651876 -0.108848 0.0291161 0.652969 -0.109465 0.0297474 0.654108 -0.108147 0.0320911 0.656739 -0.107126 0.0351848 0.656231 -0.108561 0.0335721 0.659857 -0.107172 0.0374741 0.659151 -0.106352 0.0375645 0.648085 -0.110324 0.0224444 0.660747 -0.104653 -0.0391465 0.676949 -0.10324 -0.046043 0.674388 -0.103432 -0.0452319 0.676743 -0.103816 -0.0457397 0.66951 -0.10421 -0.04335 0.671262 -0.10493 -0.0435348 0.665401 -0.105228 -0.0414024 0.667156 -0.106084 -0.0413862 0.684096 -0.10188 -0.0480075 0.682956 -0.102887 -0.0475042 0.680356 -0.102578 -0.0470801 0.68243 -0.103794 -0.0466543 0.689927 -0.10228 -0.0479239 0.734442 -0.0881552 -0.046064 0.733948 -0.0912134 -0.0455995 0.726629 -0.0916123 -0.050128 0.728706 -0.0918145 -0.0495849 0.722556 -0.0942928 -0.0485836 0.732 -0.0913865 -0.0477205 0.729826 -0.0924505 -0.0480748 0.728101 -0.0882672 -0.0499988 0.751425 -0.0808166 -0.0142084 0.726395 -0.0870575 0.0501999 0.730047 -0.0872769 0.0494494 0.734536 -0.0859516 0.0460286 0.7022 -0.0930899 0.0501999 0.697962 -0.0941466 0.0500941 0.693733 -0.0952009 0.049776 0.689525 -0.0962502 0.049247 0.685346 -0.0972921 0.0485081 0.681207 -0.098324 0.0475611 0.677118 -0.0993436 0.0464081 0.673088 -0.100348 0.045052 0.669126 -0.101336 0.0434951 0.665242 -0.102305 0.041743 0.660815 -0.103272 0.0394849 0.657156 -0.104321 0.0362429 0.654645 -0.104947 0.0336189 0.652351 -0.105519 0.030791 0.649603 -0.106204 0.0267774 0.647787 -0.106657 0.0236019 0.646229 -0.107045 0.0202841 0.644886 -0.10738 0.016869 0.643818 -0.107646 0.0133509 0.642977 -0.107856 0.0097689 0.642422 -0.107994 0.0061273 0.6421 -0.108074 0.00245708 0.642174 -0.108056 -0.00306827 0.642772 -0.107907 -0.00855786 0.643818 -0.107646 -0.013351 0.645316 -0.107273 -0.018015 0.646713 -0.106924 -0.0214072 0.648375 -0.10651 -0.0246711 0.650929 -0.105873 -0.0288191 0.653086 -0.105336 -0.0317591 0.655468 -0.104741 -0.0345078 0.658021 -0.104105 -0.0370889 0.661446 -0.103251 -0.0397981 0.665242 -0.102305 -0.0417429 0.669126 -0.101336 -0.043495 0.673088 -0.100348 -0.0450521 0.677118 -0.0993436 -0.046408 0.681207 -0.098324 -0.047561 0.685346 -0.0972921 -0.048508 0.689525 -0.0962502 -0.0492468 0.693733 -0.0952009 -0.0497761 0.697962 -0.0941466 -0.0500942 0.7022 -0.0930899 -0.0502 0.726395 -0.0870575 -0.0502 0.73033 -0.0889005 -0.0493401 0.732769 -0.0879 -0.0478302 0.735426 -0.0848061 -0.0447064</float_array>
                    <technique_common>
                        <accessor count="4010" source="#shape0-lib-positions-array" stride="3">
                            <param name="X" type="float"/>
                            <param name="Y" type="float"/>
                            <param name="Z" type="float"/>
                        </accessor>
                    </technique_common>
                </source>
                <source id="shape0-lib-normals" name="normal">
                    <float_array id="shape0-lib-normals-array" count="23997">-0.155967 -0.987614 0.017124 -0.155409 -0.987721 0.0159842 -0.160086 -0.98685 0.0223704 -0.160484 -0.986807 0.0213608 -0.156306 -0.987708 -0.000736842 0.000113298 0.999999 -0.0014567 0.000133701 -1 -1.51947e-05 -1.34479e-05 -1 1.52832e-06 0 -1 0 2.63841e-05 -1 4.68903e-06 0 -1 0 0 -1 0 -0.00191462 -0.999998 -0.000220288 0 -1 0 -0.000489486 -0.999997 0.00254021 -0.0219517 -0.139086 -0.990037 -0.942938 -0.272076 0.191945 -0.156452 -0.987686 1.31168e-05 -0.156411 -0.987692 -3.54514e-05 -0.156425 -0.98769 6.98222e-06 -0.156452 -0.987686 1.51506e-05 -0.156397 -0.987694 -3.26511e-05 -0.156418 -0.987691 -2.02967e-06 -0.29373 -0.333571 0.895798 -0.913971 -0.324244 0.243972 -0.156464 -0.987684 -4.01683e-05 -0.156402 -0.987694 -1.52994e-05 -0.156377 -0.987698 1.5517e-05 -0.156486 -0.98768 -2.65672e-05 -0.156495 -0.987679 -5.00014e-05 -0.156413 -0.987692 2.29496e-05 -0.156421 -0.98769 0 -0.156421 -0.98769 0 -0.00749826 -0.0306743 0.999501 -0.802677 0.596325 -0.0102872 -0.876073 0.463381 0.133319 -0.328368 0.944517 0.00783883 -0.357181 0.933407 0.0342573 0.249683 0.968323 0.00314952 0.336082 0.939682 0.0636092 0.650773 0.759011 -0.0199319 0.902875 0.412128 0.122344 0.960005 0.279983 0.000965392 0.956053 -0.290363 0.0406344 0.906252 -0.396229 0.147341 0.627634 -0.778051 -0.0266885 0.36716 -0.926172 0.0860178 0.0193072 -0.996171 -0.0852649 -0.395318 -0.913085 0.099994 -0.601439 -0.797148 -0.0531634 -0.883783 -0.450497 0.126414 -0.980519 -0.180826 -0.0767094 0.167898 -0.0245297 -0.985499 0.52622 0.0514681 -0.848789 0.801453 -0.0262783 -0.597481 0.998584 0.0398322 -0.0352719 0.998659 0.0159328 0.0492532 0.69478 -0.0102463 0.71915 0.539904 0.0539429 0.839996 -0.00384476 -0.0202564 0.999787 -0.271171 0.0381708 0.961774 -0.79239 -0.0423192 0.608545 -0.953686 0.033452 0.298937 -0.995636 -0.0361962 -0.0860168 -0.88839 0.0429415 -0.457076 -0.532133 -0.0373582 -0.845836 -0.191895 0.0263193 -0.981063 0.138246 0.0184024 -0.990227 0.270805 5.93952e-06 -0.962634 0.743829 0.00267568 -0.668365 0.805782 -0.00217945 -0.592208 0.980477 0.0139058 -0.196142 0.914018 0.00615686 0.405627 0.764685 0.0350776 0.643449 0.651264 0.0174322 0.758651 0.0154138 0.0084366 0.999846 -0.686511 0.0121354 0.727018 -0.66166 0.015278 0.749649 -0.923551 0.00589688 0.38343 -0.993007 0.0381011 -0.111736 -0.992675 0.00258149 0.120788 -0.802052 -0.00185816 -0.597252 -0.870397 0.0101463 -0.492246 -0.605567 -0.00069947 -0.795794 -0.239312 0.0160831 -0.97081 -0.380795 -0.000861032 -0.924659 0.316427 0.0113136 -0.94855 0.207398 0.0261061 -0.977908 0.571208 0.00895749 -0.820757 0.789017 0.00725543 -0.614329 0.979634 0.0359092 -0.197555 0.91784 0.00451062 -0.396925 0.656732 0.0492736 0.752512 0.978534 0.0562381 0.198265 0.163666 0.0148242 0.986404 -0.573797 0.0129787 0.818895 -0.662328 0.00492099 0.749198 -0.955121 0.0124132 0.295956 -0.989296 0.00063122 0.145922 -0.904199 0.00525965 -0.42708 -0.967418 0.03188 -0.251169 -0.827891 0.00839557 -0.560826 -0.436575 0.0108584 -0.899602 0.0562872 0.998236 -0.0188681 0.736257 0.65457 -0.171649 0 -0.0172743 -0.999851 3.14381e-06 -0.0172722 -0.999851 -4.48163e-06 -0.0172397 -0.999851 -2.05591e-06 -0.0172263 -0.999852 0 -0.0172369 -0.999851 0 1 0 0 1 0 0 1 0 0 1 0 -0.000109426 1 -0.000722765 0 1 0 -2.27084e-05 1 -0.000450076 0 1 0 0 1 0 0 1 0 0 1 0 0 1 0 0 1 0 0 1 0 0 1 0 0 1 0 0 1 0 0 1 0 0 1 0 0 1 0 0 1 0 0 1 0 0 1 0 0 1 0 0 1 0 0 1 0 0 1 0 0 1 0 0 1 0 0 1 0 0 1 0 0 1 0 0 1 0 0 1 0 0 1 0 0 1 0 0 1 0 0 1 0 0 1 0 0 1 0 0 1 0 0 1 0 0 1 0 0 1 0 0 1 0 0 1 0 0 1 0 0 1 0 0 1 0 0 1 0 0 1 0 0 1 0 0 1 0 0 1 0 0 1 0 0 1 0 0 1 0 0 1 0 0 1 0 0 1 0 0 1 0 0 1 0 0 1 0 0 1 0 0 1 0 0 1 0 1 0 0 1 0 0 1 0 0 1 0 0 1 0 0 1 0 0 1 0 0 1 0 0 1 0 0 1 0 0 1 0 0 1 0 0 1 0 0 1 0 0 1 0 0 1 0 0 1 0 0 1 0 0 1 0 0 1 0 0 1 0 0 1 0 0 1 0 0 1 0 0 1 0 0 1 0 0 1 0 0 1 0 0 1 0 0 1 0 0 1 0 0 1 0 0 1 0 0 1 0 0 1 0 0 1 0 0 1 0 0 1 0 0 1 0 0 1 0 0 1 0 0 1 0 0 1 0 0 1 0 0 1 0 0 1 0 0 1 0 0 1 0 0 1 0 0 1 0 0 1 0 0 1 0 0 1 0 0 1 0 0 1 0 0 1 0 0 1 0 0 1 0 0 1 0 0 1 0 0 1 0 0 1 0 0 1 0 0 1 0 0 1 0 0 1 0 0 1 0 0 1 0 0 1 0 0 1 0 0 1 0 0 1 0 0 1 0 0 1 0 0 1 0 0 1 0 0 1 0 0 1 0 0 1 0 0 1 0 0 1 0 0 1 0 0 1 0 0 1 0 0 1 0 0 1 0 0 1 0 0 1 0 0 1 0 0 1 0 0 1 0 0 1 0 0 1 0 0 1 0 0 1 0 0 1 0 0 1 0 0 1 0 0 1 0 0 1 0 0 1 0 0 1 0 0 1 0 0 1 0 0 1 0 0 1 0 0 1 0 0 1 0 0 1 0 0 1 0 0 1 0 0 1 0 0 1 0 0 1 0 0 1 0 0 1 0 0 1 0 0 1 0 0 1 0 0 1 0 0 1 0 0 1 0 0 1 0 0 1 0 0 1 0 0 1 0 0 1 0 0 1 0 0 1 0 0 1 0 0 1 0 0 1 0 0 1 0 0 1 0 0 1 0 0 1 0 0 1 0 0 1 0 0 1 0 0 1 0 0 1 0 0 1 0 0 1 0 0 1 0 0 1 0 0 1 0 0 1 0 0 1 0 0 1 0 0 1 0 0 1 0 0 1 0 0 1 0 0 1 0 0 1 0 0 1 0 0 1 0 0 1 0 0 1 0 0 1 0 0 1 0 0 1 0 0 1 0 0 1 0 0 1 0 0 1 0 0 1 0 0 1 0 0 1 0 0 1 0 0 1 0 0 1 0 0 1 0 0 1 0 0 1 0 0 1 0 0 1 0 0 1 0 0 1 0 0 1 0 0 1 0 0 1 0 0 1 0 0 1 0 0 1 0 0 1 0 0 1 0 0 1 0 0 1 0 0 1 0 0 1 0 0 1 0 0 1 0 0 1 0 0 1 0 0 1 0 0 1 0 0 1 0 0 1 0 0 1 0 0 1 0 0 1 0 0 1 0 0 1 0 0 1 0 0 1 0 0 1 0 0 1 0 0 1 0 0 1 0 0 1 0 0 1 0 0 1 0 0 1 0 0 1 0 0 1 0 0 1 0 0 1 0 0 1 0 0 1 0 0 1 0 0 1 0 0 1 0 0 1 0 0 1 0 0 1 0 0 -0.999999 -0.00100351 0.000623226 4.36175e-05 -0.261143 0.9653 -8.94748e-05 -0.212613 0.977136 1.99876e-06 -0.213498 0.976943 0.000103025 -0.308981 0.951068 -0.000137084 -0.262966 0.964805 -0.000177564 -0.311761 0.950161 0.000614724 -0.355909 0.934521 0.000107187 -0.348798 0.937198 0.000668897 -0.401723 0.915761 -0.000365073 -0.37964 0.925134 -0.000544611 -0.418964 0.908003 0.000313173 -0.446736 0.894666 -0.000229838 -0.452666 0.89168 0.000641676 -0.490523 0.871428 0.000189417 -0.485309 0.874343 0.000497223 -0.533694 0.845678 -0.000581037 -0.518386 0.855147 0.000535427 -0.652442 0.757838 -0.00120366 -0.668286 0.743903 0.000547516 -0.690205 0.723614 -0.00159641 -0.759699 0.650273 0.000443609 -0.789976 0.613137 -0.00131544 -0.801751 0.597656 0.000576955 -0.819605 0.572928 -0.00125858 -0.833744 0.55215 0.000599066 -0.846943 0.531684 0.000591957 -0.872743 0.488179 -0.00122859 -0.86266 0.505783 0.000611408 -0.965868 0.259035 0.000755894 -0.977546 0.210721 -0.00058713 -0.97094 0.239324 0.000344233 -0.978494 0.206275 0.000769018 -0.986828 0.161772 -0.000186963 -0.983375 0.181584 -0.00078829 -0.989559 0.144128 0.000458456 -0.993646 0.112553 -0.00121715 -0.995498 0.0947753 0.000531366 -0.998019 0.062905 0.000743595 -0.999337 -0.036405 -0.000391973 -0.998222 -0.0596005 0.00066965 -0.99629 -0.086052 -9.00216e-05 -0.995454 -0.0952424 0.000100293 -0.991425 -0.130675 0.000536932 -0.990776 -0.135508 0.000721409 -0.982808 -0.184627 -0.00032992 -0.986171 -0.16573 0.000434147 -0.972441 -0.233149 -0.000275219 -0.979647 -0.200726 0.000203588 -0.971853 -0.235589 0.000636764 -0.959615 -0.281315 -0.0001729 -0.962944 -0.269702 0.000578631 -0.944431 -0.328708 -0.000333943 -0.952756 -0.303738 -5.32675e-05 -0.941485 -0.337055 0.000503118 -0.926937 -0.375217 6.08242e-05 -0.929153 -0.369695 0.000605049 -0.907184 -0.420733 -0.000280491 -0.915695 -0.401874 0.000260268 -0.885082 -0.465436 -0.000186308 -0.90119 -0.433424 0.000352468 -0.885589 -0.464469 0.000567633 -0.860847 -0.508863 -0.000219285 -0.869015 -0.494786 0.000389778 -0.834462 -0.551066 -0.000239208 -0.851425 -0.524476 0.000137697 -0.832488 -0.554044 0.000505917 -0.806125 -0.591744 -0.000113411 -0.813015 -0.582242 0.000432786 -0.775613 -0.631209 -0.000257432 -0.792534 -0.609828 9.86869e-06 -0.77109 -0.636726 0.000423745 -0.743332 -0.668923 -2.96846e-05 -0.748887 -0.662698 0.000454673 -0.709074 -0.705133 -0.000244165 -0.726325 -0.687352 -4.97891e-05 -0.702073 -0.712105 0.00038157 -0.673206 -0.739455 5.64483e-05 -0.677551 -0.735476 0.000439479 -0.635492 -0.772107 -0.000214656 -0.651763 -0.758423 -0.000114497 -0.625652 -0.780102 0.000283012 -0.596459 -0.802643 0.000145142 -0.59841 -0.80119 0.000434639 -0.555701 -0.831382 -0.000184461 -0.57093 -0.820998 -6.1534e-05 -0.544377 -0.838841 0.000302186 -0.513723 -0.857956 0.000106768 -0.516943 -0.85602 0.000399441 -0.470531 -0.882383 -0.000213137 -0.485365 -0.874311 0.000190541 -0.426004 -0.904721 -0.000114566 -0.455408 -0.890283 9.67683e-05 -0.424491 -0.905432 0.000392433 -0.380223 -0.924895 -7.14375e-05 -0.393159 -0.919471 -0.000120886 -0.364417 -0.931236 0.000256636 -0.334111 -0.942534 0.000175952 -0.332607 -0.943066 -9.74857e-05 -0.303367 -0.952874 0.000393419 -0.286669 -0.95803 -0.000150581 -0.270544 -0.962708 0.000239756 -0.238833 -0.971061 -1.50739e-05 -0.233637 -0.972324 4.99e-05 -0.192937 -0.981211 0.000181731 -0.190307 -0.981725 -0.000144073 -0.152155 -0.988357 0.000293911 -0.140983 -0.990012 -0.00023184 -0.111948 -0.993714 0.000351739 -0.0918494 -0.995773 -0.000167676 -0.0727016 -0.997354 0.000268364 -0.041884 -0.999122 1.88066e-06 -0.0354058 -0.999373 -3.33294e-07 0.0411153 0.999154 8.69939e-05 0.042029 0.999116 3.83643e-06 0.079448 0.996839 -1.30075e-05 0.0420025 0.999117 -8.62526e-05 0.0901057 0.995932 2.95861e-05 0.108276 0.994121 -4.90743e-05 0.139365 0.990241 -3.47709e-05 0.140525 0.990077 2.04727e-05 0.171871 0.985119 -9.03798e-05 0.187234 0.982315 1.42102e-05 0.200404 0.979713 -1.49399e-05 0.227883 0.973689 -8.52239e-05 0.234912 0.972017 3.04995e-05 0.256645 0.966506 -6.60647e-05 0.282319 0.95932 -5.07978e-05 0.283614 0.958939 2.47441e-05 0.311193 0.950347 -9.07737e-05 0.328755 0.944415 3.19336e-06 0.338744 0.940879 3.05928e-06 0.369328 0.929299 -6.45655e-05 0.374596 0.927188 5.27434e-05 0.407387 0.913256 -8.23517e-05 0.41961 0.907705 6.79411e-05 0.445589 0.895237 -9.29893e-05 0.463301 0.886201 7.15446e-05 0.48341 0.875394 -8.82051e-05 0.506129 0.862458 5.84986e-05 0.519653 0.854378 -7.5444e-05 0.547697 0.836677 3.60063e-05 0.555859 0.831276 -4.20503e-05 0.58792 0.808919 -1.25939e-06 0.590348 0.807149 1.1965e-06 0.624118 0.78133 -4.29276e-05 0.62664 0.779309 3.89083e-05 0.656898 0.75398 -7.43285e-05 0.664178 0.747575 5.89722e-05 0.688366 0.725364 -9.5718e-05 0.699793 0.714346 3.1785e-05 0.714475 0.699661 -6.90578e-05 0.73386 0.679301 -3.78894e-05 0.735572 0.677447 2.57736e-05 0.756877 0.653558 -9.69387e-05 0.766301 0.642481 2.49074e-05 0.776564 0.630038 -4.67332e-05 0.796585 0.604527 -3.1706e-05 0.797238 0.603665 2.134e-05 0.817234 0.576306 -9.79407e-05 0.825324 0.56466 2.53356e-05 0.834117 0.551588 -3.94055e-05 0.850023 0.526746 3.26602e-05 0.865021 0.501736 -8.32127e-05 0.851974 0.523584 -2.71809e-05 0.879012 0.476799 1.79445e-05 0.892397 0.45125 -8.61822e-05 0.876492 0.481417 -0.000101818 0.898935 0.438082 1.81792e-05 0.905207 0.424972 -2.36544e-05 0.917063 0.398743 -8.84558e-05 0.919343 0.393456 3.44005e-05 0.928155 0.372195 -8.05379e-05 0.93742 0.3482 -4.23261e-05 0.93851 0.345253 2.53536e-05 0.948109 0.317946 -0.000108886 0.953606 0.301059 0.000219625 0.952865 0.303394 9.9309e-06 0.956967 0.290196 2.31304e-05 0.957304 0.289082 7.1799e-06 0.964738 0.263213 3.21908e-06 0.963265 0.268553 0 0.953352 0.30186 3.97802e-05 0.964961 0.262392 2.36394e-05 0.965659 0.259813 -3.92371e-06 0.967906 0.251313 -2.54746e-06 0.970297 0.241917 4.01098e-05 0.972258 0.233911 -2.08459e-05 0.974282 0.225333 4.4247e-05 0.978676 0.20541 -5.12642e-07 0.977418 0.211314 -5.02453e-06 0.980669 0.195675 4.56306e-05 0.984316 0.176414 -1.99979e-06 0.982828 0.184524 3.77935e-06 0.985379 0.170375 4.59629e-05 0.989124 0.147081 -9.58281e-06 0.987389 0.158313 1.05539e-05 0.989771 0.142668 4.45886e-05 0.993059 0.117615 -1.25433e-05 0.991488 0.130202 2.294e-05 0.993357 0.115071 4.135e-05 0.996139 0.0877939 -1.23105e-05 0.995443 0.0953587 -7.17782e-06 0.99682 0.0796874 4.57751e-05 0.998278 0.0586588 6.48654e-06 0.997973 0.0636405 -1.01648e-05 0.998906 0.0467632 4.05626e-05 0.999527 0.0307481 1.75543e-05 0.999419 0.034081 -1.13973e-05 0.999784 0.0207734 3.79022e-05 0.999995 0.00321555 7.26443e-06 0.999974 0.00721074 -6.16498e-06 0.999978 -0.00662387 4.10323e-05 0.999707 -0.0242125 8.58873e-06 0.999821 -0.0189455 4.86322e-06 0.999543 -0.0302188 4.05539e-05 0.998662 -0.0517045 -1.09957e-05 0.999144 -0.0413669 1.67228e-05 0.998486 -0.0550025 -4.25274e-06 0.997889 -0.0649475 4.13188e-05 0.996852 -0.0792918 7.75409e-06 0.997352 -0.0727306 6.42001e-06 0.99645 -0.084181 4.09486e-05 0.994295 -0.106661 -9.63831e-06 0.995317 -0.0966605 3.0033e-05 0.994133 -0.108168 -1.07244e-05 0.992882 -0.119102 4.12951e-05 0.99094 -0.134302 8.77119e-06 0.991555 -0.129684 6.36886e-06 0.990023 -0.140907 -7.63045e-06 0.988255 -0.152816 3.67757e-05 0.986829 -0.161764 -7.9189e-06 0.985825 -0.167777 4.09993e-05 0.981886 -0.189472 -9.75366e-06 0.983343 -0.181758 4.19039e-07 0.980518 -0.196431 4.07754e-05 0.976177 -0.216974 -1.2085e-05 0.978109 -0.208093 -5.26512e-07 0.974733 -0.223373 -1.11061e-05 0.971931 -0.235265 4.07552e-05 0.969707 -0.244271 -6.81594e-06 0.967838 -0.251573 -6.50413e-06 0.964495 -0.264099 3.46512e-05 0.962436 -0.271507 2.43582e-05 0.961986 -0.2731 -4.80396e-05 0.954721 -0.297503 4.91008e-05 0.945299 -0.326205 0.00146895 0.949924 -0.312476 -1.80525e-06 0.953184 -0.302392 -0.000105026 0.953471 -0.301483 -3.77078e-05 0.934988 -0.35468 2.44524e-05 0.924962 -0.38006 -0.000100512 0.936884 -0.349639 2.4768e-06 0.913652 -0.406497 -2.56074e-06 0.90227 -0.431172 -0.000109976 0.918245 -0.396013 -0.000110314 0.897375 -0.441269 4.21331e-05 0.888875 -0.45815 -7.3034e-05 0.874107 -0.485733 -1.41499e-05 0.872053 -0.489412 8.45123e-06 0.855929 -0.517094 1.38593e-05 0.841386 -0.540434 -1.4799e-05 0.825969 -0.563716 -0.000110144 0.848857 -0.528623 2.87758e-05 0.809786 -0.586725 -5.66797e-05 0.793171 -0.608998 -0.0001049 0.821269 -0.570541 3.60537e-05 0.776209 -0.630476 -8.3652e-05 0.791891 -0.610662 -8.90998e-05 0.760258 -0.649621 -5.25236e-05 0.75836 -0.651836 2.53963e-05 0.739861 -0.67276 -1.33138e-05 0.720845 -0.693096 1.05755e-05 0.701256 -0.712909 -0.000106596 0.726924 -0.686718 -0.000107101 0.69173 -0.722157 1.39881e-05 0.681512 -0.731807 -1.80052e-05 0.660537 -0.750794 -9.96244e-05 0.654869 -0.755743 3.24758e-05 0.639567 -0.768735 -5.16448e-05 0.618378 -0.785881 -8.8733e-05 0.616077 -0.787686 3.06418e-05 0.595811 -0.803125 -8.79795e-05 0.576039 -0.817422 -5.59858e-05 0.573931 -0.818904 2.48195e-05 0.551239 -0.834348 -0.000102916 0.534823 -0.844964 3.16661e-05 0.524204 -0.851593 -3.84496e-05 0.491688 -0.870771 -2.49142e-05 0.490922 -0.871204 2.52499e-05 0.454812 -0.890587 -8.134e-05 0.447398 -0.894335 6.07288e-05 0.417395 -0.908725 -0.00010127 0.402389 -0.915469 7.58874e-05 0.379876 -0.925037 5.58501e-05 0.341802 -0.939772 -9.9109e-05 0.356022 -0.934478 -7.37241e-05 0.309141 -0.951016 1.54591e-05 0.302709 -0.953083 -1.23177e-05 0.263562 -0.964643 2.70644e-05 0.230112 -0.973164 -4.86425e-05 0.261136 -0.965302 -2.11488e-06 0.202573 -0.979267 -0.0001009 0.212674 -0.977123 -0.0409315 0.147044 -0.988283 -0.0752234 0.0490739 -0.995958 -0.0137098 0.0642197 -0.997842 -0.0677748 -0.0189953 -0.99752 0.0322952 -0.0705398 -0.996986 -0.00559163 -0.0854038 -0.996331 -0.0173586 -0.133202 -0.990937 -0.0875102 -0.212519 -0.973231 -0.0980649 -0.438281 -0.893472 0.0526233 -0.475246 -0.878278 -0.109864 -0.539896 -0.834531 0.0429676 -0.607844 -0.792893 -0.0787313 -0.633928 -0.769374 0.012988 -0.706252 -0.707842 -0.0873196 -0.771064 -0.630742 -0.00649264 -0.792067 -0.6104 -0.106509 -0.834639 -0.540401 -0.0601702 -0.846551 -0.528895 -0.194754 -0.895248 -0.400752 -0.0325889 -0.900726 -0.433163 -0.0331551 -0.947288 -0.318663 -0.0388516 -0.971488 -0.233882 -0.0127774 -0.98545 -0.169484 0.0172993 -0.982617 -0.184835 0.0101567 -0.990722 -0.135525 0.0863475 -0.992295 -0.0888485 -0.00132182 -0.999883 0.0152648 -0.0231273 -0.997691 0.0638586 0.00678372 -0.99357 0.113017 -0.122957 -0.836622 0.533803 -0.0374936 -0.803754 0.593779 -0.117999 -0.59787 0.792861 -0.160969 -0.381028 0.910443 -0.0799876 -0.285932 0.954906 -0.00499212 -0.215682 0.976451 -0.0780807 -0.126482 0.988891 -5.28782e-05 -0.0255455 0.999674 -0.00468055 -0.0269319 0.999626 -1.39701e-07 0.0172337 0.999852 6.01103e-06 0.0171554 0.999853 -1.1909e-05 0.0173071 0.99985 8.18647e-06 0.017179 0.999852 1.28504e-06 0.0172197 0.999852 2.31381e-06 0.0172095 0.999852 9.2135e-07 0.0172298 0.999852 -9.85588e-08 0.017254 0.999851 0 0.0172492 0.999851 -1 0 0 -1 0 0 -1 0 0 -1 0 0 -1 0 0 -1 0 0 -1 0 0 -1 0 0 -0.000190151 -0.998017 -0.0629494 -1 0 0 -1 0 0 -0.999997 -0.000710975 -0.00231784 -1 0 0 -1 0 0 -1 0 0 -1 0 0 -1 0 0 -1 0 0 0 -1 0 0 -1 0 0.214845 0 -0.976648 0.167617 -0.000108311 -0.985852 0.191113 9.36629e-05 -0.981568 0.204283 -0.000856731 -0.978912 0.13074 0.000915497 -0.991416 0.159266 -0.000834124 -0.987235 0.0775434 -0.000161968 -0.996989 0.0960054 9.0739e-05 -0.995381 0.114002 -0.000725359 -0.99348 0.0585648 -0.000124561 -0.998284 0.0427319 0.000119741 -0.999087 0.0684857 -0.000819052 -0.997652 0.019798 -2.43024e-06 -0.999804 0.0228791 -0.000360731 -0.999738 6.97859e-05 -0.934777 -0.355236 0.000272591 -0.934591 -0.355724 0.000219024 -0.951165 -0.308682 -0.000370824 -0.950677 -0.310184 7.48006e-05 -0.965215 -0.261459 -0.000214793 -0.965014 -0.262198 0 -0.976943 -0.2135 -0.000145462 -0.976862 -0.213872 0.553106 -0.547074 0.628319 0.493114 -0.548166 0.675539 0.328855 -0.437832 0.836754 0.952266 -0.273596 0.135405 0.329341 -0.43534 0.837862 0.848006 -0.495419 0.188271 0.990735 -0.0152802 0.134948 0.964887 -0.256842 0.0549976 0.999484 0.0266628 0.017929 1 0 0 1 0 0 1 0 0 1 0 0 1 0 0 1 0 0 1 0 0 0.923901 -0.381612 -0.027901 0.9295 -0.368785 0.00527555 0.922707 -0.382418 -0.0486599 0.923548 -0.37981 -0.0529435 0.960769 -0.270956 -0.0592145 0.922384 -0.375971 -0.0886209 1 0 0 1 0 0 0.997796 -0.0469252 0.0469095 0.270663 0.598312 0.754165 0.278345 0.584794 0.761932 0.922975 -0.371472 -0.100625 0.305673 0.640496 0.704506 0.994697 0.10285 -0.00064994 0.952237 -0.292055 -0.0891595 0.921078 -0.370363 -0.120194 0.924603 -0.356328 -0.134686 0.920237 -0.365836 -0.139026 0.936922 -0.294758 -0.18787 0.983943 -0.159807 -0.0794816 0.952078 -0.248761 -0.177949 0.972477 -0.155809 -0.173238 0.98884 -0.0884438 -0.119886 0.980028 -0.103427 -0.169847 0.97245 -0.0820688 -0.218187 0.988195 -0.0277076 -0.150675 1 0 0 1 0 0 0.0311385 0.829642 -0.557427 -0.377511 -0.449386 -0.809652 1 0 0 0 0 -1 0 0 -1 0 0 1 0 0 1 0.258807 -3.72056e-07 0.965929 0.258805 0 0.96593 0.0217966 0 0.999762 0.0245655 -0.000197309 0.999698 0.0736714 -0.000336323 0.997283 0.0653125 0.000171373 0.997865 0.119256 -0.00024824 0.992864 0.108785 0.000287247 0.994065 0.160646 -0.000211012 0.987012 0.187354 0.00011741 0.982293 0.152201 0.000243525 0.988349 0.19822 0.00023668 0.980158 0.210776 -4.26857e-06 0.977534 0.237421 -1.76176e-05 0.971407 0.19506 0.000356186 0.980791 0.237671 0 0.971346 1.76635e-06 -0.188465 0.98208 8.99793e-06 -0.188453 0.982082 1.92539e-05 -0.188475 0.982078 1.69436e-06 -0.18836 0.9821 0 0 -1 0 0 -1 0 0 -1 0 0 -1 0 0 -1 0 0 -1 0 0 -1 0 0 -1 0 0 -1 0 0 -1 0 0 -1 0 0 -1 0 0 -1 0 0 -1 0 0 -1 0 0 -1 0 0 -1 0 0 -1 0 0 -1 0 0 -1 0 0 -1 0 0 -1 0 0 -1 0 0 -1 0 0 -1 0 0 -1 0 0 -1 0 0 -1 0 0 -1 0 0 -1 0 0 -1 0 0 -1 0 0 -1 0 0 -1 0 0 -1 0 0 -1 0 0 -1 0 0 -1 -0.154075 -1.64957e-05 -0.988059 -1 -0.000290836 0.000188624 -1 -3.84803e-05 -0.000862058 -1 -6.52285e-05 4.23045e-05 0.207934 0 -0.978143 0.170556 -0.000234586 -0.985348 0.206635 0.000259739 -0.978418 0.132859 -0.000448948 -0.991135 0.166693 0.000497465 -0.986009 0.0949485 -0.000638458 -0.995482 0.126374 0.000716087 -0.991982 0.0859572 0.00088887 -0.996298 0.056894 -0.00102614 -0.99838 0.0596355 -0.000693795 -0.99822 0.0490368 -0.000283391 -0.998797 0.0406331 3.99671e-05 -0.999174 0.0189675 -0.000760885 -0.99982 0.0330766 -3.6713e-05 -0.999453 0.0251292 -0.00180755 -0.999683 0.0179287 -0.000825558 -0.999839 0.00460904 0 -0.999989 -1 0 0 -1 0 0 -1 0 0 -1 0 0 -1 0 0 -1 0 0 -1 0 0 -1 0 0 -1 0 0 -1 0 0 -1 0 0 -1 0 0 -1 0 0 -1 0 0 -1 0 0 -1 0 0 -1 0 0 -1 0 0 -1 0 0 -1 0 0 -1 0 0 -1 0 0 -1 0 0 -1 0 0 -1 0 0 -1 0 0 -1 0 0 -1 0 0 -1 0 0 -1 0 0 -1 0 0 -1 0 0 -1 0 0 -1 0 0 -1 0 0 -1 0 0 -1 0 0 -1 0 0 -1 0 0 -1 0 0 -1 0 0 -1 0 0 -1 0 0 -1 0 0 -1 0 0 -1 0 0 -1 0 0 -1 0 0 -1 0 0 -1 0 0 -1 0 0 -1 0 0 -1 0 0 -1 0 0 -1 0 0 -1 0 0 -1 0 0 -1 0 0 -1 0 0 -1 0 0 -1 0 0 -1 0 0 -1 0 0 -1 0 0 -1 0 0 -1 0 0 -1 0 0 -1 0 0 -1 0 0 -1 0 0 -1 0 0 -1 0 0 -1 0 0 -1 0 0 -1 0 0 -1 0 0 -1 0 0 -1 0 0 -1 0 0 -1 0 0 -1 0 0 -1 0 0 -1 0 0 -1 0 0 -1 5.27195e-06 1.15051e-05 -1 0 0 -1 0 0 -1 -1.8486e-06 1.06688e-06 -1 -1.02105e-05 -1.26365e-05 -1 0 0 -1 0 0 -1 0 0 -1 0 0 -1 0 0 -1 0 0 -1 0 0 -1 0 0 -1 0 0 -1 0 0 -1 0 0 -1 0 0 -1 0 0 -1 0 0 -1 0 0 -1 9.71417e-06 1.07674e-05 -1 0 0 -1 -1.52621e-06 1.48884e-06 -1 0 0 -1 -1.39378e-05 -9.85651e-06 -1 0 0 -1 0 0 -1 0 0 -1 0 0 -1 0 0 -1 0 0 -1 0 0 -1 0 0 -1 0 0 -1 0 0 -1 0 0 -1 0 0 -1 0 0 -1 -1.11043e-06 1.81715e-06 -1 2.33969e-05 1.57795e-05 -1 0 0 -1 0 0 -1 0 0 -1 -9.83004e-06 -3.75489e-06 -1 0 0 -1 0 0 -1 0 0 -1 0 0 -1 0 0 -1 0 0 -1 0 0 -1 0 0 -1 0 0 -1 0 0 -1 0 0 -1 0 0 -1 0 0 -1 0 0 -1 0 0 -1 0 0 -1 0 0 -1 0 0 -1 0 0 -1 0 0 -1 0 0 -1 0 0 -1 0 0 -1 0 0 -1 0 0 -1 0 0 -1 0 0 -1 0 0 -1 0 0 -1 0 0 -1 0 0 -1 0 0 -1 0 0 -1 0 0 -1 0 0 -1 0 0 -1 0 0 -1 0 0 -1 0 0 -1 0 0 -1 0 0 -1 0 0 -1 0 0 -1 0 0 -1 0 0 -1 0 0 -1 0 0 -1 0 0 -1 0 0 -1 0 0 -1 0 0 -1 0 0 -1 0 0 -1 0 0 -1 0 0 -1 0 0 -1 0 0 -1 0 0 -1 0 0 -1 0 0 -1 0 0 -1 0 0 -1 0 0 -1 0 0 -1 0 0 -1 0 0 -1 0 0 -1 0 0 -1 0 0 -1 0 0 -1 0 0 -1 0 0 -1 0 0 -1 0 0 -1 0 0 -1 0 0 -1 0 0 -1 0 0 -1 0 0 -1 0 0 -1 0 0 -1 0 0 -1 0 0 -1 0 0 -1 0 0 -1 0 0 -1 0 0 -1 0 0 -1 0 0 -1 0 0 -1 0 0 -1 0 0 -1 0 0 0 0 1 0 0 1 0 0 1 0 0 1 0 0 1 0 0 1 -0.00270182 -0.000382143 0.999996 0 0 1 0 0 1 0 0 1 -0.0185656 -0.00384418 0.99982 -1.4278e-05 0.1885 -0.982073 1.61122e-06 0.188411 -0.98209 -1.72874e-06 0.188441 -0.982085 -1.79715e-06 0.188442 -0.982084 2.28679e-05 0.188308 -0.98211 1.02495e-05 0.188402 -0.982092 -4.87886e-06 0.188496 -0.982074 -1.19609e-05 0.188564 -0.982061 0 0.188389 -0.982094 -0.00102999 0.187754 -0.982216 0.0935771 0.697651 -0.710301 0.0190673 0.704588 -0.709361 0.192214 0.722067 -0.664585 0.186381 0.715472 -0.673322 0.16677 0.728829 -0.664075 0.256545 0.711617 -0.654053 0.346076 0.74226 -0.573831 0.306627 0.741824 -0.596387 0.39408 0.742592 -0.541533 0.315411 0.77798 -0.543382 0.344384 0.772911 -0.532924 0.314577 0.778425 -0.543227 0.436588 0.731493 -0.523746 0.472849 0.732357 -0.489966 0.473724 0.787742 -0.393762 0.48471 0.751495 -0.447562 0.562646 0.752852 -0.341531 0.585276 0.660259 -0.470648 0.47944 0.778166 -0.405704 0.581502 0.727573 -0.363994 0.544288 0.744864 -0.385912 0.604924 0.735557 -0.304996 0.601549 0.724248 -0.337051 0.571109 0.787808 -0.230639 0.596985 0.75606 -0.268294 -0.431976 0.901287 0.0328617 0.64219 0.704644 -0.301777 0.661719 0.734277 -0.151543 0.647009 0.751011 -0.131765 -0.604784 -0.788308 0.113169 -0.424704 0.904962 0.025889 -0.360482 0.932646 0.0149737 -0.225304 -0.974052 0.021446 0.683785 0.728718 -0.0375264 -0.410519 0.911747 -0.0138263 -0.980214 0.188255 -0.0611543 0.638057 0.763075 0.102956 -0.426572 0.904326 -0.0152071 0.666421 0.741016 0.0823309 -0.368806 0.92922 -0.0230792 0.662435 0.710914 0.23618 -0.338462 0.940863 -0.0148601 0.549014 0.757535 0.353163 0.55148 0.756102 0.352392 -0.289466 0.957148 -0.00872474 -0.296093 0.955081 -0.0122249 0.501721 0.69775 0.511293 0.460997 0.737703 0.49323 0.460151 0.769332 0.443158 0.448591 0.796102 0.406187 0.407096 0.71743 0.565302 0.447406 0.722157 0.527558 0.322681 0.769063 0.551741 0.322326 0.764633 0.558071 0.352548 0.732996 0.581745 0.305622 0.707639 0.637058 0.352302 0.727293 0.589006 0.23526 0.715547 0.657757 0.256722 0.717566 0.647451 0.213272 0.71639 0.664304 0.230505 0.729066 0.644461 0.0858545 0.730152 0.677869 0.12115 0.719625 0.683712 0.143973 0.698796 0.700683 0.0347774 0.706651 0.706707 -7.53734e-05 0.957607 0.288078 0.109911 0.715895 0.689503 0 0.707079 0.707135 0 0.707079 0.707135 1.05544e-05 0.707068 -0.707146 1.32871e-05 0.70706 -0.707154 0 1 0 0 1 0 0 1 0 0 1 0 0 1 0 0 1 0 0 1 0 0 1 0 0 1 0 0 1 0 0 1 0 0 1 0 0 1 0 0 1 0 0 1 0 0 1 0 0 1 0 0 1 0 0 1 0 0 1 0 0 1 0 0 1 0 0 1 0 -0.0154033 -0.999878 0.00244911 0 -1 0 0 -1 0 0 -1 0 0 0.94278 0.333416 0.0013348 0.948066 0.318071 -2.67637e-06 0.957904 0.28709 0 0.970664 0.240439 0.00132475 0.966665 0.25604 0 0.981197 0.193008 0 0.981197 0.193008 0 0.989409 0.145151 0 0.989409 0.145151 0 0.995295 0.096887 0 0.995295 0.096887 0 0.99882 0.0485595 0 1 0 0 0.99882 0.0485595 0.00132976 0.999868 -0.0161716 -2.74983e-06 0.998821 -0.0485517 -0.00133454 0.99359 -0.113035 0.00132761 0.996727 -0.0808287 -0.0013331 0.984195 -0.177082 -2.72491e-06 0.989409 -0.145151 6.29194e-08 0.970664 -0.240439 0.00133223 0.977942 -0.208872 0 0.957904 -0.287088 0.0013263 0.962405 -0.271614 0 0.942796 -0.333371 0 0.942796 -0.333371 -0.706127 0.667568 0.236087 -0.749155 0.640168 0.170152 -0.713105 0.671545 0.201266 -0.738745 0.654213 0.162052 -0.720447 0.68047 0.133853 -0.715289 0.691428 0.101436 -0.719999 0.690089 0.0733379 -0.724219 0.686326 0.0668103 -0.709207 0.704169 0.0342345 -0.726917 0.685752 -0.0365422 -0.711739 0.702444 0 -0.729248 0.683443 -0.0332215 -0.713472 0.696193 -0.0792017 -0.741763 0.655653 -0.141091 -0.723706 0.679202 -0.122206 -0.718086 0.675538 -0.167334 -0.707972 0.67651 -0.202753 -0.727429 0.64693 -0.228754 0 -0.977486 0.211001 0.000869689 -0.976945 0.213489 0.00154653 -0.965215 0.261454 -0.000828185 -0.967251 0.253821 -0.00398591 -0.934769 0.355234 0.00206321 -0.951158 0.308697 -0.00139828 -0.955189 0.295993 -0.00399397 -0.934771 0.355228 -0.00157978 -0.925699 0.378259 0.0104895 -0.941152 0.33782 -0.998496 -0.00885913 0.0541024 -0.975783 0.00641857 0.218645 -0.953699 -0.0171539 0.300273 -0.847985 -0.0266645 0.529348 -0.153239 0.322573 0.934058 -0.571478 -0.129967 -0.81026 -0.879286 0.0116372 -0.476151 -0.923474 -0.0113431 -0.383493 -0.969248 0.00402693 -0.246054 -0.991648 -0.0145256 -0.128157 -0.0341453 -0.999415 -0.00186432 -0.239891 0.970782 0.00583926 -0.144188 -0.98955 -0.000504464 -0.254453 -0.967085 0.00021743 -0.374617 -0.92718 0.000407231 -0.485597 -0.874183 -0.000178557 0.421204 0.906965 -0.00114673 -0.555135 -0.83176 -0.000775727 -0.640751 -0.767749 0.000394529 -0.717869 -0.696178 0.00113267 -0.800269 -0.59964 0.00134613 -0.864451 -0.502716 0.000919248 -0.918877 -0.394543 -0.000135191 -0.952167 -0.305575 -0.00140525 -0.962 -0.273047 -0.000951529 -0.563092 -0.822129 -0.0838475 -0.689948 -0.707482 0.153103 -0.866753 -0.431582 0.249952 -0.607433 -0.723567 0.327836 0.0899787 -0.833107 0.545744 -0.152992 0.324042 0.93359 -0.991091 -0.133187 -1.45926e-05 -0.24241 -0.957607 -0.155645 -0.0341453 -0.999416 -0.000915372 -0.321169 0.94699 -0.00778123 -0.800753 -0.237507 -0.549895 -0.111328 -0.993777 -0.00364163 -0.374607 -0.927154 -0.00736412 -0.0364075 -0.999327 -0.00451165 -0.807112 -0.590371 -0.00570155 0.108697 0.99407 -0.00309813 -0.640744 -0.767741 -0.00457753 -0.896631 -0.381732 -0.22435 -0.717858 -0.696168 -0.00546262 -0.800256 -0.59963 -0.00580234 -0.864439 -0.502709 -0.00543994 -0.918869 -0.394539 -0.00439935 -0.962 -0.273047 0.00088696 -0.989211 -0.146496 -0.000811432 0.240953 4.95606e-06 0.970537 0.238385 -2.73349e-05 0.971171 0.195013 -4.86569e-05 0.980801 0.201519 2.31579e-05 0.979485 0.152427 -6.52285e-05 0.988315 0.163325 3.8602e-05 0.986572 0.108809 -7.28596e-05 0.994063 0.124259 5.16555e-05 0.99225 0.0651882 -7.51353e-05 0.997873 0.0851116 5.77117e-05 0.996371 0.0216677 -5.04081e-05 0.999765 0.0485786 3.86652e-05 0.998819 0.0167104 0 0.99986 0.0131053 -0.838467 0.544795 0.0284945 -0.867033 0.497435 0.04573 -0.81979 0.570836 0.0170893 -0.286117 0.958042 0 -0.112511 0.99365 0.0339447 -0.0736764 0.996704 0.245935 -0.0945417 0.964665 0.0159907 -0.0635797 0.997849 0.0246328 -0.868157 0.495679 0.0324844 -0.797498 0.602446 0.0435066 -0.654903 0.75446 0.0445885 -0.653238 0.755838 0.0595784 -0.475299 0.877805 0.061428 -0.479561 0.875356 0.198895 -0.0196277 0.979824 0.168135 0.0468897 0.984648 0.120823 -0.0409577 0.991829 0.17921 0.0159641 0.983681 0.143242 -0.320505 0.936354 0.0918818 -0.241042 0.966156 0.0813767 -0.0638249 0.994638 0.0462169 -0.069566 0.996506 0.209915 -0.272613 0.938945 0.255578 -0.0249913 0.966465 0.158077 -0.467141 0.869938 0.168709 -0.503617 0.847294 0.110235 -0.683954 0.721148 0.112297 -0.681757 0.722909 0.0646074 -0.820013 0.568687 0.0521194 -0.780484 0.623 0.028457 -0.896133 0.442872 0.248714 -0.0527329 0.96714 -0.00377995 -0.883648 -0.468137 0.008776 -0.82319 -0.567699 -0.00860431 -0.774562 -0.632439 0.0256994 -0.684982 -0.728106 0.00072932 -0.60887 -0.79327 -0.0230195 -0.345771 -0.938037 0.0324547 -0.519798 -0.853672 0.00181538 -0.318073 -0.948064 0.00473079 -0.133985 -0.990972 0.0189876 -0.0750439 -0.996999 0.0180407 -0.20699 -0.978177 -0.00736692 -0.0505696 -0.998693 0.0069583 -0.180853 -0.983485 0.00188772 -0.198013 -0.980198 0.00162312 -0.352058 -0.935977 0.00989271 -0.326331 -0.945204 0.00158743 -0.526898 -0.849927 -0.000484591 -0.5201 -0.854106 0.00527873 -0.668706 -0.743508 -0.000573184 -0.684468 -0.729043 0.00925318 -0.823117 -0.567796 0.00458169 -0.813319 -0.5818 0.000716767 -0.895371 -0.445321 -0.000629857 -0.888993 -0.457921 0.908521 0.111264 -0.402753 0.937335 0.326118 -0.122679 0.967909 0.248408 -0.0380255 0.963406 0.262383 -0.0548116 0.963072 0.264346 -0.0511279 0.000543432 -0.999977 0.00671248 0 -0.998549 0.0538479 0 -0.992002 0.126225 0 -0.992002 0.126225 0 -0.992002 -0.126225 0.000310533 -0.989125 -0.147078 -5.59943e-05 -0.997338 -0.0729189 -5.34294e-05 -0.153989 0.988073 -0.000140705 -0.045612 0.998959 0.000115045 -0.102286 0.994755 -0.000309626 0.0841145 0.996456 7.48947e-06 -0.00878764 0.999961 -0.000335566 0.0810626 0.996709 0.000170214 0.245948 0.969283 -7.47337e-05 0.13024 0.991482 -3.85974e-06 0.229474 0.973315 0.000327164 0.380856 0.924635 9.76673e-05 0.517947 0.855413 -0.000125224 0.343664 0.939093 -0.000485039 0.46995 0.882693 -9.70577e-05 0.524548 0.851381 0.000177143 0.648815 0.760947 -0.000833173 0.578412 0.815745 -0.000433478 0.616142 0.787635 -0.000153606 0.654061 0.756442 1.58805e-06 0.693719 0.720246 8.64315e-06 0.770569 0.637357 -0.000375931 0.745364 0.666658 0.000372512 0.833194 0.552981 -9.20729e-05 0.873664 0.48653 0.000297227 0.912767 0.408481 -0.000257848 0.952672 0.303999 0.000100201 0.969703 0.244287 -0.000221932 0.994715 0.102673 -2.12521e-05 0.991167 0.13262 0 0.999166 0.0408209 0 0.707028 0.707186 0 0.707028 0.707186 0 0.707028 -0.707186 0 0.707028 -0.707186 -1 0 0 -0.322783 -0.536971 -0.779405 0.987684 -0.156462 -1.69995e-05 0.987685 -0.156453 0 0.987685 -0.156453 0 -0.229077 -0.0518315 -0.972027 0.0575595 -0.171352 -0.983527 -0.603612 -0.197852 -0.772339 -0.240124 -0.0856624 -0.966955 0.157931 -0.308931 -0.93788 -0.644804 -0.160995 -0.7472 -0.706008 -0.265162 -0.65669 -0.198055 -0.356952 -0.912885 -0.0449122 -0.377594 -0.924882 -0.834311 -0.248131 -0.492297 -0.469796 -0.428767 -0.771654 -0.981722 -0.106841 -0.157499 -0.97327 -0.132852 -0.187338 -0.768458 -0.314016 -0.557553 -0.317397 -0.541374 -0.778571 -0.559809 -0.518472 -0.646375 -0.866509 -0.282153 -0.411768 -0.77014 -0.434686 -0.466832 -0.976063 -0.128767 -0.175271 -0.536076 -0.536575 -0.651698 -0.123677 -0.721292 -0.6815 -0.616616 -0.549797 -0.563478 0.99324 -0.0849132 -0.0791453 -0.871542 -0.351065 -0.342298 -0.424701 -0.719203 -0.549887 -0.457434 -0.711683 -0.533162 -0.748235 -0.519995 -0.412007 -0.97086 -0.198657 -0.134038 -0.488957 -0.754073 -0.438515 0.994738 -0.0890088 -0.0507337 -0.443624 -0.780686 -0.440144 -0.91069 -0.374313 -0.174737 -0.969563 -0.214232 -0.118541 0.929619 -0.307734 -0.20275 -0.573728 -0.732671 -0.366099 -0.570811 -0.790876 -0.220659 -0.577069 -0.787333 -0.217023 0.0444621 -0.952172 -0.302312 -0.0439979 -0.984269 -0.17111 -0.103104 -0.984006 -0.145268 -0.0543271 -0.998452 -0.0119175 0.00714244 -0.999372 -0.0347219 -0.0339109 -0.99555 0.0879267 -0.442331 -0.893829 0.0735775 -0.0826076 -0.9805 0.178313 -0.514779 -0.855595 -0.0544014 -0.435692 -0.896765 0.0773602 -0.0257584 -0.97371 0.226329 -0.471578 -0.87547 -0.105672 -0.279932 0.94318 0.179025 -0.765231 -0.62943 0.13505 -0.132839 -0.956623 0.259281 -0.190144 -0.922849 0.334956 -0.548106 -0.799612 0.245358 -0.997786 -0.0467172 0.0473337 -0.10812 -0.904525 0.412485 -0.225003 -0.903466 0.36486 -0.813157 -0.523229 0.254967 -0.239633 -0.842732 0.482057 0.9959 0.0874553 0.0231296 -0.142075 -0.824548 0.547663 -0.973278 -0.195071 0.121148 -0.940455 -0.29283 0.17261 -0.230508 -0.820972 0.52237 -0.245562 -0.815206 0.524536 -0.825967 -0.480984 0.293995 -0.799648 -0.517114 0.305216 -0.74968 -0.488053 0.446973 -0.17023 -0.748151 0.64132 -0.0318392 -0.711988 0.70147 -0.795427 -0.450823 0.405036 -0.980129 -0.148074 0.131992 -0.287162 -0.731279 0.618683 -0.289995 -0.568707 0.769724 -0.0310376 -0.654296 0.755601 -0.999525 -0.0298285 0.00771261 -0.25519 -0.565782 0.784072 -0.842022 -0.369527 0.393 -0.123469 -0.599119 0.791083 -0.660188 -0.435712 0.611806 -0.113122 -0.52569 0.843121 -0.0534955 -0.479657 0.875824 -0.699752 -0.364497 0.614401 -0.0936148 -0.468823 0.878317 -0.658682 -0.369944 0.655194 -0.565214 -0.283418 0.77473 -0.214743 -0.396518 0.892557 -0.11487 -0.267815 0.956598 -0.458366 -0.310277 0.832844 -0.282879 -0.271597 0.919899 -0.357256 -0.193847 0.913669 -0.166141 -0.090083 0.981979 -0.0959405 0.000828074 0.995387 -0.0710036 -0.000592509 0.997476 -0.16623 -0.000648441 0.986087 -0.191893 0.000717311 0.981416 -0.239118 -0.000500574 0.97099 -0.275362 0.000491472 0.961341 -0.293929 -0.00014258 0.955827 -0.321856 -0.000192115 0.946789 -0.331212 -8.76505e-05 0.943556 -0.34623 0.000272092 0.93815 -0.365445 0.000965792 0.930833 -0.364643 0.000931468 0.931147 -0.35123 0.000265912 0.936289 -0.373879 7.88511e-06 0.927477 -0.387984 -4.62875e-05 0.921666 -0.386984 -4.83859e-05 0.922087 -0.411068 8.21739e-05 0.911605 -0.417256 -0.000493066 0.908789 -0.545112 0.000155015 0.838363 -0.625536 0.000217864 0.780195 -0.638337 0.00139683 0.769755 -0.724063 0.000852238 0.689733 -0.698389 -0.000794101 0.715718 -0.808098 0.00230729 0.589043 -0.764021 -0.00083313 0.645191 -0.835173 -0.000822778 0.549986 -0.878024 0.00195043 0.478613 -0.891448 -0.000253286 0.453123 -0.934581 0.000240651 0.355749 -0.0808336 -0.0170048 0.996583 -0.0769718 -0.00720681 0.997007 -0.0807953 -0.00968228 0.996684 -0.723453 -0.0410415 0.689152 -0.617357 -0.101388 0.780123 -0.724903 -0.155973 0.670961 -0.741265 -0.0321225 0.670443 -0.806632 -0.0602585 0.587974 -0.96568 -0.00709901 0.259637 -0.947129 0.0112872 0.320654 -0.877452 -0.0361361 0.478301 -0.230526 0.064215 0.970945 -0.226198 -0.0292403 0.973642 0.347037 0.00585428 -0.937833 -0.301298 -0.0179801 0.953361 -0.256187 -0.073895 0.963799 -0.414823 -0.0611967 0.907842 -0.994691 -0.00761947 0.102625 -0.996434 -0.00245288 0.0843435 -0.957703 -0.07174 0.278672 -0.85496 -0.0632386 0.514825 -0.790758 -0.137446 0.596498 -0.842786 -0.177097 0.50828 -0.868014 -0.164011 0.468672 -0.379426 0.000414534 0.925222 -0.437394 -0.0601196 0.897258 -0.471127 -0.00875847 0.882022 -0.423476 -0.0672613 0.903407 -0.593205 -0.107928 0.797784 -0.904759 -0.190659 0.380868 -0.980112 -0.132924 0.147351 -0.605227 -0.0107946 0.795979 -0.574984 -0.0241081 0.81781 -0.630053 -0.0487511 0.77502 -0.0965597 -0.00773669 0.995297 -0.00240488 0.0165237 0.999861 -0.081248 -0.0107662 0.996636 -0.0670042 -0.00907733 0.997711 -0.379825 -0.131937 0.915601 -0.584043 -0.194478 0.788082 -0.243595 -0.0653265 0.967674 -0.29548 -0.0758668 0.952332 -0.750989 -0.242704 0.614093 -0.51259 -0.141818 0.846841 -0.694666 -0.192205 0.693178 -0.0709178 -0.014025 0.997384 -0.619972 -0.290503 0.728864 -0.560192 -0.223949 0.797516 -0.466253 -0.200919 0.861533 -0.230059 -0.0988598 0.968142 -0.444189 -0.174372 0.878801 -0.0522705 -0.0139999 0.998535 -0.215662 -0.0835604 0.972886 -0.172332 -0.0919715 0.980736 -0.0485656 -0.0109676 0.99876 -0.131876 -0.0494678 0.990031 -0.859374 -0.227215 0.458093 -0.117865 0.186934 -0.975276 -0.287866 0.130107 -0.948792 -0.0962395 0.166537 -0.981327 -0.304543 0.137624 -0.942504 -0.0820055 0.174008 -0.981324 -0.276488 0.109205 -0.954792 -0.474157 0.0470654 -0.879181 -0.335071 0.119222 -0.934619 -0.120813 0.179955 -0.976228 -0.334149 0.0724924 -0.939728 -0.249272 0.0578873 -0.966702 -0.102833 0.14318 -0.98434 -0.0917518 0.151576 -0.984178 -0.228058 0.0846252 -0.969963 -0.0655033 0.148494 -0.986742 -0.153387 0.0940221 -0.983683 -0.153655 0.0942825 -0.983616 -0.137667 0.107425 -0.984636 -0.98148 -0.107122 -0.158812 -0.504319 0.127701 -0.854022 -0.532896 0.167409 -0.829455 -0.515385 0.110369 -0.849822 -0.425423 -0.0712493 -0.902186 -0.271428 0.0454127 -0.961387 -0.270804 0.0583506 -0.960864 -0.860195 0.107906 -0.498418 -0.937948 -0.0702714 -0.33958 -0.944111 -0.0650561 -0.323143 -0.885369 -0.0324211 -0.463757 -0.849426 -0.0474165 -0.525574 -0.755023 0.00924802 -0.655633 -0.670816 0.00854506 -0.741574 -0.635041 0.0473738 -0.771025 -0.930997 -0.121589 -0.344183 -0.826541 -0.138209 -0.545645 -0.756301 -0.0819273 -0.649074 -0.568805 -0.161824 -0.806396 -0.744924 -0.0825285 -0.662025 -0.506916 -0.035738 -0.861255 -0.454435 0.00514431 -0.890765 -0.593943 -0.134858 -0.793124 -0.421688 -0.00863244 -0.9067 -0.995565 0.00301086 -0.0940319 -0.994794 0.00207834 -0.101886 -0.983755 -0.00127377 -0.17951 -0.953629 0.003934 -0.300959 -0.96557 0.00812305 -0.260016 -0.905269 0.000974413 -0.424837 -0.92776 0.00971782 -0.373051 -0.898008 0.00320832 -0.439967 -0.855575 0.00222969 -0.517673 -0.801955 0.153428 -0.577346 -0.795355 0.00770982 -0.606094 -0.81868 0.0214098 -0.57385 -0.684157 0.0064298 -0.729306 -0.62786 0.00376042 -0.778317 -0.638941 0.0038567 -0.769246 -0.518072 0.0203219 -0.855096 -0.539013 0.0371442 -0.841478 -0.449001 0.0116167 -0.893456 -0.390836 0.0315818 -0.919918 -0.22091 0.134496 -0.965976 -0.344324 0.102804 -0.933205 -0.313705 0.115591 -0.942459 -0.28562 0.0918338 -0.953933 -0.209712 0.0560517 -0.976155 -0.115344 0.0558594 -0.991754 -0.0379058 0.0902744 -0.995195 -0.03304 0 -0.999454 -0.0380612 0.000153479 -0.999275 -0.105887 -0.000168623 -0.994378 -0.115525 0.000242497 -0.993305 -0.197012 -0.000287234 -0.980401 -0.210042 0.000286673 -0.977692 -0.274869 -0.00015219 -0.961482 -0.319612 2.49045e-06 -0.947549 -0.326944 7.84027e-06 -0.945044 -0.348531 0.000191372 -0.937297 -0.286832 0.000231975 -0.957981 -0.346158 0.000154352 -0.938176 -0.352377 8.60934e-05 -0.935858 -0.366443 9.3065e-06 -0.93044 -0.370194 4.63681e-06 -0.928955 -0.387195 8.57978e-05 -0.921998 -0.385466 6.99331e-05 -0.922722 -0.394043 9.01469e-05 -0.919092 -0.435174 -0.000254118 -0.900346 -0.391031 0.000134618 -0.920377 -0.449031 0.000180184 -0.893516 -0.492544 -0.000172122 -0.870288 -0.572688 -0.000520458 -0.819773 -0.518179 0.00067728 -0.855272 -0.999579 -0.000239665 -0.0290152 -0.349145 -0.93705 0.0058984 -0.46529 -0.88481 0.0248276 -0.650476 -0.759497 0.00665179 -0.428434 -0.902051 0.0524244 -0.915739 -0.40176 0.00342517 -0.753202 -0.651059 0.093852 -0.996656 -0.00323503 0.0816488 -0.241925 -0.967304 0.0761315 -0.937669 -0.0900428 0.335663 -0.943504 -0.0247607 0.330434 -0.968756 -0.123501 0.215079 -0.684659 -0.573865 0.449356 0.766774 -0.030472 -0.641193 -0.842085 -0.328149 0.428032 -0.424416 -0.849346 0.313819 -0.761505 -0.410651 0.501474 -0.559897 -0.680413 0.472815 -0.608599 -0.62237 0.492203 -0.605781 -0.497617 0.620811 -0.551478 -0.471981 0.687827 0.92425 -0.0894688 -0.371157 -0.469841 -0.0743439 0.879615 -0.64593 -0.00391102 0.763386 -0.999983 -0.00529227 0.00253819 -0.999405 -0.0344724 0.000830664 -0.370919 -0.928642 0.00656975 -0.899786 -0.436329 0.00150761 -0.461298 -0.887237 -0.00377453 -0.759533 -0.648048 0.0560672 -0.563808 -0.825387 0.0292651 -0.0311196 -0.999516 0.000522516 -0.267787 -0.963456 -0.00652236 -0.270831 -0.962605 -0.0064583 -0.222146 -0.974912 0.0140546 -0.698027 -0.714624 0.0455009 -0.315795 -0.948826 -0.00152994 -0.274536 -0.961438 -0.0163656 -0.34662 -0.937393 0.0338906 -0.296571 -0.955007 -0.00284893 -0.0997598 -0.995011 -0.000443665 -0.953213 -0.295056 -0.0657738 -0.998865 -0.0476261 -0.000332886 -0.957216 -0.289339 -0.00452419 -0.566097 -0.824334 -0.00269091 -0.470876 -0.882199 0.000859648 -0.642513 -0.765001 -0.0441628 -0.81757 -0.56588 -0.106577 -0.4409 -0.896767 -0.0376214 -0.877735 -0.479137 -0.00295406 -0.938644 -0.344853 -0.00484781 -0.800228 -0.599693 0.00193229 -0.626606 0.779002 -0.0228196 -0.741858 -0.670555 -0.00141347 -0.942276 -0.31368 -0.117138 -0.997186 -0.0749686 -8.77632e-05 0.999996 -0.00125102 -0.0024873 -0.499085 -0.705192 -0.503605 -0.383076 -0.47445 -0.792559 -0.444298 -0.431636 -0.785041 -0.995957 -0.0757164 0.0483414 -0.530024 -0.0352169 -0.847251 -0.626983 -0.0183659 -0.778816 -0.50899 -0.693689 -0.509632 -0.0894326 -0.0589451 -0.994247 -0.788782 -0.0149606 -0.614492 -0.762159 -0.0135034 -0.647249 -0.727809 -0.523876 -0.442546 -0.811386 -0.0209527 -0.584135 -0.88016 -0.0447529 -0.472562 -0.542382 -0.810674 -0.22052 -0.203294 -0.971891 -0.118741 -0.85425 -0.0556776 -0.516872 -0.897198 -0.0425826 -0.43957 -0.926676 -0.0375808 -0.373978 -0.0156898 -0.999852 -0.00706379 -0.0320899 -0.999463 -0.00657897 -0.927477 -0.0375781 -0.371988 -0.29668 -0.954973 -0.00286725 -0.557322 -0.830238 -0.00982651 -0.655739 -0.734841 -0.173249 -0.631153 -0.775498 -0.0157812 -0.749679 -0.661754 -0.0079042 -0.997029 -0.0757708 -0.0138645 -0.877729 -0.479134 -0.00475031 -0.938639 -0.344851 -0.00589191 -0.943993 -0.329905 -0.00631909 -0.961983 -0.0283581 -0.271632 -0.995378 -0.0196208 -0.0940143 -0.999223 -0.0208777 -0.0334185 0 0 -1 0 0 -1 0 0 -1 0 0 -1 0 0 -1 0 0 -1 0 0 -1 0 0 -1 0 0 -1 0 0 -1 0 0 -1 0 0 -1 0 0 -1 0 0 -1 0 0 -1 0 0 -1 0 0 -1 0 0 -1 0 0 -1 0 0 -1 0 0 -1 0 0 -1 0 0 -1 0 0 -1 0 0 -1 0 0 -1 0 0 -1 0.00185495 -0.999996 -0.00207443 0.00648367 -0.999978 -0.00147034 0.168262 -0.985742 0.000546972 0.210289 -0.97762 -0.00610699 0.339263 -0.940686 0.00306922 0.429032 -0.903225 -0.0108235 0.467476 -0.883989 -0.00535898 0.601546 -0.798838 5.26658e-05 0.677422 -0.735498 -0.0119174 0.715476 -0.698636 -0.00140735 0.809766 -0.586748 -0.00233046 0.858163 -0.513269 -0.0105276 0.872982 -0.487721 -0.00557338 0.92988 -0.367858 0.00185816 0.9665 -0.256452 -0.0105321 0.980233 -0.197844 -6.97986e-05 0.999725 -0.0226705 -0.00597921 0.999862 -0.0159808 -0.00460845 0.983764 0.179446 0.00284877 0.949906 0.311838 -0.0208776 0.917636 0.397419 -0.00165625 0.814584 0.579921 -0.0120317 0.794073 0.60751 -0.0194588 0.690979 0.722874 0.00117704 0.556105 0.831074 -0.00794016 0.561545 0.827394 -0.00928265 0.38916 0.92117 -0.000775796 0.337356 0.941319 -0.0104335 0.216583 0.97626 0.0028417 0.0948808 0.995483 -0.00331695 0.0574902 0.998345 0.00111152 -0.208858 0.977931 -0.00549618 -0.175424 0.984332 -0.0178287 -0.451271 0.892364 -0.00637288 -0.735719 0.677276 -0.00366795 -0.628853 0.775421 -0.0571425 -0.90363 0.428271 -0.00611925 -0.995179 0.0975342 0.0102435 -0.939771 0.339909 -0.0359436 -0.988847 -0.147938 -0.0172 -0.995449 -0.0887448 -0.0347211 -0.945658 -0.325157 -0.00204307 -0.866518 -0.497029 -0.0459099 -0.833103 -0.552852 -0.0171621 -0.660139 -0.751116 0.00648592 -0.5107 -0.859557 -0.0186434 -0.418306 -0.908267 0.00849037 -0.202955 -0.979176 -0.00490056 -0.161674 -0.98684 0.00304902 0 1 0 0 1 0 3.21865e-05 0 -1 1 0 0 1 0 0 1 0 0 1 0 0 1 0 0 1 0 0 1 0 0 1 0 0 1 0 0 1 0 0 1 0 0 1 0 0 1 0 0 1 0 0 1 0 0 1 0 0 1 0 0 1 0 0 1 0 0 1 0 0 1 0 0 1 0 0 0 0.995431 -0.095482 0.00393274 0.991062 -0.133343 -0.00515349 0.948778 -0.315901 0.00128232 0.940174 -0.340693 0.00966343 0.777116 -0.629283 -0.00429529 0.824574 -0.565738 -0.0014716 0.655277 -0.755387 0.0159348 0.51058 -0.859683 -0.0148054 0.426039 -0.904584 -0.0383223 0.0148674 -0.999155 0 0.04483 -0.998995 3.47629e-06 0.0442463 -0.999021 -0.000204118 0.126391 -0.99198 7.66392e-05 0.232408 -0.972618 0.000108027 0.170131 -0.985421 7.84591e-05 0.312099 -0.95005 -2.85259e-05 0.287177 -0.957877 5.3874e-05 0.419494 -0.907758 -5.74141e-05 0.394881 -0.918732 1.15358e-05 0.492857 -0.87011 3.90588e-05 0.497418 -0.867511 2.18417e-06 0.589746 -0.807589 -9.243e-06 0.587906 -0.808929 -3.84105e-05 0.654989 -0.755638 9.5292e-05 0.672129 -0.740434 -9.67091e-05 0.728946 -0.684571 8.71027e-05 0.790352 -0.612653 3.8391e-05 0.745938 -0.666016 -6.81225e-05 0.819167 -0.573555 8.62131e-05 0.847897 -0.530162 -0.000103422 0.892821 -0.450412 -0.000129672 0.890211 -0.455549 0.000136506 0.935422 -0.353533 -2.77895e-05 0.949548 -0.313622 0.000171517 0.971153 -0.238456 -3.38025e-05 0.983283 -0.182082 8.20813e-05 0.99363 -0.112696 0 0.999693 -0.0247858 -7.4765e-05 0.998123 -0.061238 0.0302459 0.999542 -0.00124541 0.260636 0.961234 0.0899952 0.481575 0.876224 -0.0178112 0.481005 0.876504 -0.0193745 0.635682 0.771171 0.0347027 0.774057 0.630833 -0.053719 0 0.233735 0.9723 0.0385908 0.883518 0.466805 0.0211181 0.2238 0.974406 0.00737484 0.642937 0.765884 0.100606 -0.846843 0.52224 0.132527 0.825809 0.548157 0.0642123 0.172377 0.982936 0.181944 0.756609 0.628044 0.158552 -0.0368255 0.986664 0.1084 0.0865721 0.990331 0.243997 0.399004 0.88389 0.16182 -0.0618194 0.984882 0.151328 -0.11984 0.981192 0.194852 0.040552 0.979994 0.237052 0.105606 0.96574 0.257767 0.0894733 0.962056 0.256357 0.113332 0.959915 0.0819347 0.939798 0.331763 0.0203498 0.0535752 0.998356 0.0269322 0.277735 0.96028 0.0503598 0.179898 0.982395 0.031119 0.350377 0.936092 0.033425 0.537528 0.842583 0.0436739 0.593781 0.803441 0.0261272 0.703174 0.710538 0.023076 0.83956 0.542776 0.0308716 0.896791 0.441376 0.0069395 0.949278 0.314363 0.00210484 0.987378 0.158365 0.00257902 0.99313 0.116991 0.0188028 0.277698 0.960485 0.0485057 0.587811 0.807543 0.0292222 0.895855 0.443384 0.0133218 0.992377 0.122515 0.0499605 0.589269 0.806391 0.0881938 0.742006 0.664567 0.0802739 0.783019 0.616796 0.025711 0.975883 0.216775 0.00910275 0.998782 0.0484849 0.0160558 0.994721 0.101356 0.1654 0.529652 0.831932 0.162546 0.535904 0.828484 0.209212 0.535999 0.817885 0.172961 0.72619 0.665381 0.117747 0.699122 0.70524 0.13884 0.793379 0.592683 0.0772104 0.93697 0.340773 0.0652537 0.932606 0.354947 0.0779793 0.934573 0.34712 0.00036786 0.0535863 0.998563 0.000313943 0.180126 0.983643 -0.000684463 0.241281 0.970455 0.000158557 0.350547 0.936545 0.000608289 0.537828 0.843054 -0.000852022 0.460161 0.887835 0.000335536 0.700982 0.713179 0.000385793 0.703414 0.710781 -0.000113505 0.839784 0.54292 -0.00074667 0.819039 0.573737 0.000168944 0.931722 0.363173 2.15925e-05 0.93486 0.355016 0.000370627 0.999074 0.0430268 -0.000700082 0.995063 0.0992429 -0.0151324 0.996343 0.0840923 0.0010119 0.982768 0.184842 0.0692811 0.997592 0.00329301 0.17538 0.98248 0.0630494 0.0620023 0.252255 0.965672 0.0252595 0.221521 0.974828 0.0643063 0.25822 0.963944 0.285273 0.956579 0.0597915 0.0989415 0.948211 0.301837 0.0126903 0.47014 0.882501 0.07802 0.758036 0.64753 0.30659 0.951797 -0.00927235 0.0978911 0.796723 0.596364 -0.105561 0.788383 0.606061 0.203173 0.555485 0.806323 0.138223 0.0887491 0.986417 0.0564712 0.120798 0.99107 0.669042 0.242332 0.702608 0.961929 0.256645 0.0939432 0.15643 0.108698 0.98169 0.0930125 0.101031 0.990526 0.128539 0.140133 0.981754 0.344255 0.688674 0.638135 0.297195 0.950836 0.0871025 0.708046 0.268988 0.652929 0.842226 0.49432 0.215181 0.457427 0.307356 0.834442 0.835519 0.467084 0.289379 0.471895 0.323666 0.820095 0.633577 0.663547 0.397852 0.219875 0.292797 0.930551 0.615899 0.613308 0.494492 0.34025 0.652315 0.677285 0.592396 0.805445 0.0180414 0.102134 0.239801 0.965435 0.962479 0.269809 0.0289209 0.275316 0.0660144 0.959085 0.327239 0.0947455 0.94018 0.119794 0.0502347 0.991527 0.0992298 0.0337656 0.994492 0.941879 0.301242 -0.148717 0.93506 0.288556 -0.205906 0.934349 0.292478 -0.203587 0.20411 0.649039 0.732863 0.216145 0.749537 0.625681 0.0469568 0.798459 0.600215 0.112182 0.853242 0.509307 0.15807 0.851474 0.500006 0.026652 0.889232 0.456679 0.93468 0.309168 -0.175467 0.0520948 0.921812 0.384122 0.298847 0.927122 0.226131 0.343507 0.922985 0.1735 0.258745 0.951785 0.164794 0.237992 0.960322 0.145399 0.880494 0.454864 -0.133527 0.322297 0.943917 0.0717353 0.352376 0.934178 0.056051 0.286348 0.956505 0.0557114 0.196979 0.980148 0.0225565 0.218432 0.975831 -0.00646851 0.193145 0.9798 -0.0518341 0.909755 0.388174 -0.1472 0.19853 0.977032 -0.0774241 0.252475 0.958619 -0.13155 0.233229 0.960133 -0.154104 0.870193 0.450957 -0.198499 0.305539 0.930031 -0.204176 0.271795 0.942496 -0.194495 0.224816 0.947763 -0.22628 0.273561 0.922265 -0.273113 0.384589 0.872917 -0.300178 0.385921 0.876696 -0.287176 0.0605005 0.933046 -0.354634 0.912481 0.376735 -0.159525 0.059998 0.901211 -0.429208 0.178041 0.877308 -0.445682 0.265715 0.846583 -0.461186 0.291692 0.827235 -0.480206 0.198732 0.817983 -0.539823 0.222167 0.800663 -0.556399 0.269502 0.764937 -0.585014 0.328082 0.761579 -0.558891 0.214414 0.723135 -0.656584 0.216235 0.688251 -0.692497 0.928926 0.333386 -0.161092 0.14936 0.670189 -0.727006 0.196058 0.631908 -0.749836 0.116444 0.643564 -0.756483 0.0682493 0.560539 -0.825311 0.153506 0.543066 -0.825539 0.175609 0.551874 -0.815228 0.156749 0.512121 -0.844489 0.183143 0.507073 -0.842221 0.378739 0.499473 -0.779156 0.264494 0.414858 -0.870595 0.269119 0.420557 -0.866433 0.271124 0.418672 -0.866721 0.946755 0.282749 -0.153974 0.37822 0.401367 -0.834179 0.136409 0.224187 -0.964952 0.0831314 0.221612 -0.971585 0.781505 0.260257 0.567024 0.0259485 0.100635 0.994585 0.0658557 0.19095 0.979388 0.178167 0.250517 0.951577 0.0634815 0.334894 0.940115 0.142451 0.447859 0.882684 0.23974 0.481926 0.842777 0.340694 0.453202 0.823733 0.464627 0.560917 0.685196 0.0717675 0.519107 0.851691 0.882091 0.46862 0.0480662 0.195566 0.654709 0.730144 0.263325 0.643823 0.718437 0.243359 0.67192 0.6995 0.14397 0.749235 0.646467 0.0769809 0.751635 0.655071 0.915484 0.378613 -0.136165 0.939619 0.225234 -0.257655 0.912831 0.390766 -0.1185 0.819507 0.573066 0.00219822 0.0541491 0.857974 0.510831 0.1499 0.932743 0.327904 0.295635 0.921573 0.2516 0.405543 0.899475 0.162726 0.318962 0.932294 0.17056 0.260711 0.958749 0.113271 0.219604 0.974584 0.0442833 0.229318 0.9728 -0.0327753 0.86585 0.482242 -0.133215 0.30543 0.94547 -0.113133 0.264813 0.956795 -0.120069 0.592801 0.789425 -0.159359 0.251835 0.95107 -0.179011 0.229917 0.940458 -0.250353 0.953094 0.270155 -0.136484 0.827059 0.532997 -0.178568 0.178286 0.928835 -0.324777 0.276223 0.851246 -0.446185 0.678621 0.647943 -0.345897 0.21881 0.828814 -0.514966 0.284356 0.776676 -0.562064 0.196892 0.757908 -0.62194 0.176743 0.742536 -0.646067 0.301805 0.697652 -0.649766 0.313822 0.694544 -0.647398 0.40815 0.67778 -0.611578 0.143069 0.650501 -0.745909 0.900978 0.363446 -0.236952 0.456717 0.550828 -0.698568 0.901156 0.345654 -0.261612 0.786157 0.354262 -0.506415 0.601791 0.422623 -0.677671 0.712817 0.374036 -0.593287 0.48039 0.326818 -0.813889 0.33183 0.262104 -0.906195 0.407218 0.279423 -0.869538 0.715987 0.231455 0.658629 0.949321 0.312512 0.0335478 0.075463 0.204392 0.975976 0.617204 0.395594 0.680121 0.0478447 0.325835 0.944215 0.594449 0.466402 0.655057 0.940763 0.310814 -0.135497 0.870852 0.45134 0.194704 0.593672 0.631927 0.498219 0.929331 0.33492 -0.155472 0.63836 0.648269 0.415023 0.555196 0.721545 0.413679 0.789975 0.598567 0.132882 0.78252 0.606202 0.14206 0.449169 0.798427 0.400952 0.447069 0.814057 0.370729 0.645737 0.737685 0.197088 0.565362 0.785461 0.251829 0.683558 0.716411 0.139653 0.577955 0.803692 0.141587 0.714908 0.698996 0.017664 0.732517 0.680621 -0.0131862 0.292576 0.923051 0.249751 0.780773 0.624801 0.00422695 0.551679 0.830416 0.0778404 0.581615 0.789968 -0.194099 0.608506 0.766332 -0.206047 0.64374 0.708324 -0.289613 0.645678 0.69619 -0.313718 0.714261 0.627844 -0.309262 0.576197 0.707917 -0.408473 0.405929 0.740567 -0.53552 0.801767 0.50666 -0.316963 0.521391 0.678927 -0.516924 0.727077 0.532717 -0.433095 0.486996 0.639327 -0.595059 0.734315 0.476214 -0.483738 0.693905 0.501546 -0.51667 0.605665 0.466642 -0.644527 0.940731 0.297244 -0.163317 0.922074 0.318281 -0.220176 0.376401 0.397239 -0.836973 0.774632 0.315699 -0.547977 0.494543 0.311282 -0.811499 0.72416 0.311521 -0.615261 0.727395 0.279771 0.626598 0.948373 0.307693 0.0769056 0.956559 0.291495 0.00502558 0.684012 0.32754 0.651802 0.902623 0.362112 0.232694 0.697611 0.346799 0.626952 0.832875 0.444877 0.329249 0.540274 0.475479 0.694279 0.516338 0.502512 0.693453 0.848621 0.476043 0.230707 0.584577 0.560291 0.586808 0.649144 0.568873 0.504972 0.860194 0.5015 0.0925421 0.641361 0.646589 0.413011 0.596366 0.718313 0.358293 0.484371 0.874638 0.0198517 0.608469 0.79186 -0.0521838 0.505926 0.859631 -0.0712325 0.526882 0.83871 -0.137698 0.838014 0.465072 -0.285379 0.838149 0.464763 -0.285485 0.668435 0.437297 -0.601636 0.452418 0.472544 -0.75632 0.866718 0.480385 -0.134278 0.256141 0.966223 -0.0283736 0.380347 0.881722 -0.279111 0.285102 0.830323 -0.478832 0.91041 0.374101 -0.176639 0.405053 0.627682 -0.664792 0.507145 0.551071 -0.662665 0.487282 0.335227 -0.806337 0.927107 0.287735 -0.240169 0.351888 0.294942 -0.888361 0.0212772 0.207614 -0.977979 0.823501 0.466199 -0.323271 0.348455 0.294902 -0.889726 0.773195 0.578384 -0.260079 0.600644 0.676434 -0.42622 0.318707 0.350258 -0.880764 0.449114 0.468407 -0.760849 0.59762 0.714572 -0.363644 0.321969 0.397855 -0.859097 0.518367 0.774246 -0.363096 0.396135 0.628686 -0.669202 0.909621 0.322312 -0.262116 0.710814 0.3079 -0.632408 0.753665 0.296122 -0.586772 0.82054 0.468174 -0.327913 0.660775 0.723935 -0.198228 0.412305 0.748733 -0.51904 -0.063019 0.997401 -0.0349351 -0.0522788 0.0459603 0.997574 0.132543 0.990987 -0.0194302 0.0496824 0.0393255 -0.997991 0.0374156 0.0143516 -0.999197 0.216602 0.508351 -0.833464 0.103077 0.992563 -0.0647664 0.071141 0.401072 -0.91328 0.0577611 0.0603004 -0.996508 0.164794 0.82349 -0.542869 0.0563222 0.397437 -0.915899 0.174398 0.639857 -0.748444 0.367926 0.90111 -0.229415 0.365086 0.900058 -0.237922 0.197389 0.282692 -0.938681 0.180901 0.495304 -0.849676 0.179041 0.528694 -0.829715 0.140122 0.72442 -0.674968 0.126086 0.798542 -0.588586 0.0981816 0.877006 -0.470341 0.09564 0.884589 -0.456459 0.0453541 0.971879 -0.231073 0.163185 0.282757 -0.945209 0.155444 0.344841 -0.925701 0.146004 0.495328 -0.856349 0.128547 0.609017 -0.782671 0.117691 0.724422 -0.679236 0.0936885 0.814957 -0.571898 0.081683 0.877018 -0.473463 0.0373862 0.971214 -0.235255 0.0400062 0.965565 -0.257066 0.0121816 0.996226 -0.0859414 0.119908 0.344901 -0.930949 0.0741106 0.433646 -0.898031 0.107812 0.433602 -0.894632 0.102291 0.608999 -0.786548 0.0858197 0.710672 -0.698269 0.0598838 0.710638 -0.701005 0.0410428 0.801777 -0.596212 0.0771576 0.814958 -0.57436 0.0400612 0.884365 -0.465074 0.0581571 0.884375 -0.463141 0.0259068 0.969977 -0.241811 0.0392589 0.954648 -0.295138 0.0123336 0.991427 -0.130082 0.0119057 0.992124 -0.12469 0.0109129 -0.99849 -0.0538447 0.0193803 0.99575 -0.0900323 0.169306 0.551983 -0.816487 0.197627 0.280872 -0.939178 0.197566 0.277964 -0.940055 0.207178 0.0243136 -0.978001 0.203461 0.0895913 -0.974975 0.00717912 0.998839 -0.0476347 0.0177761 0.992318 -0.122428 0.0497768 0.948323 -0.313377 0.104997 0.798414 -0.592883 0.116741 0.6795 -0.724328 0.156241 0.460028 -0.87405 0.128257 0.578864 -0.805274 0.152695 0.271134 -0.950353 0.152981 0.277985 -0.948326 0.159 0.0895789 -0.983206 0.158509 0.0973987 -0.982542 0.0139985 0.994725 -0.101615 0.0671864 0.824517 -0.561835 0.0714668 0.78914 -0.610041 0.0895031 0.578808 -0.810537 0.108533 0.478102 -0.871573 0.101287 0.27106 -0.957219 0.107367 0.0973688 -0.98944 0.00244864 -0.99886 -0.0476728 0.00138771 -0.999436 -0.0335601 0.022076 0.941907 -0.335148 0.020647 0.947222 -0.319914 0.0125099 0.84312 -0.53758 0.0374075 0.919827 -0.390538 0.0545782 0.712092 -0.699961 0.016812 0.721797 -0.691901 0.00463307 0.778383 -0.627773 0.0527954 0.721698 -0.690192 0.024331 0.458375 -0.888426 0.0530246 0.478189 -0.876655 0.0168055 0.404211 -0.914511 0.0666706 0.404236 -0.912222 0.0121566 0.165615 -0.986116 0.0779096 0.165618 -0.983108 -0.0776339 0.483831 0.871711 -0.00353719 0.495456 -0.868626 0.0302557 0.830318 -0.556469 -0.00741453 0.909293 -0.41609 1.06091e-06 0.0116256 0.999932 0 0.00573117 0.999984 0 0.0156721 0.999877 0.0516054 0.0594858 0.996894 -0.781919 0.0312284 -0.622597 -0.679351 0.0200825 -0.733539 -0.796692 0.00728646 -0.604342 -0.119937 0.150797 -0.981262 -0.130243 0.0865129 -0.987701 -0.147079 0.0215542 -0.98889 0 0.151893 -0.988397 0 0.151893 -0.988397 0 0.0217912 -0.999763 0 0.0872561 -0.996186 0 0.0872561 -0.996186 0 0.0217912 -0.999763 -0.00316176 0.151892 -0.988392 0.00207194 0.0217911 -0.99976 -0.00269909 0.0872558 -0.996182 0.108926 0.975582 -0.19072 0.0672684 0.996136 -0.0564627 0.0350779 0.998291 -0.0467455 0.00162134 0.998504 -0.0546478 0.183839 0.775557 -0.603916 0.0727824 0.691621 -0.718585 0.0738982 0.758495 -0.647476 0.0576951 0.735785 -0.674753 0.0269904 0.739212 -0.672931 -0.0160901 0.705758 -0.708271 0.244097 0.925756 -0.288777 0.0965062 0.991107 -0.0916201 0.134525 0.972499 -0.190128 0.0813985 0.271707 -0.958931 0.217744 0.76027 -0.612027 0.146716 0.777765 -0.611193 0.365602 0.911505 -0.188397 0.211304 0.965735 -0.150688 0.412795 0.515131 -0.751159 0.704781 0.65567 -0.270889 0.123157 0.0499717 -0.991128 0.50633 0.832126 -0.226264 0.328568 0.401509 -0.854888 0.935998 0.338062 -0.0980941 0.776514 0.374909 -0.506429 0.12458 0.0491882 -0.99099 0.463402 0.119771 -0.878017 0.393815 0.0471498 -0.91798 0.879758 0.247696 -0.405799 0.966617 0.254592 -0.0289052 0.290948 -0.26516 0.91926 0.27655 -0.348064 0.895752 0.0736229 -0.401874 0.912731 0.972722 0.179712 0.146684 0.950807 0.140633 -0.276024 -0.0488586 -0.87628 -0.479319 -0.230509 -0.86871 -0.438416 0.131351 -0.797726 -0.58854 0.192045 -0.731353 -0.654401 0.939294 0.230078 -0.25454 0.0309684 -0.740524 -0.671316 -0.125063 -0.753226 -0.645763 0.149739 -0.625179 -0.765983 0.178286 -0.558702 -0.809979 0.0901273 -0.567473 -0.818445 0.093026 -0.565821 -0.819264 0.919159 0.160834 -0.359554 0.167762 -0.479745 -0.86122 0.888301 0.138062 -0.438018 0.0588543 -0.464247 -0.883748 0.11101 -0.41385 -0.903551 0.812562 0.0955755 -0.574986 0.321975 -0.25704 -0.911187 0.344887 -0.219071 -0.912722 0.296835 -0.185764 -0.936686 0.063895 -0.211648 -0.975255 0.90283 0.222261 -0.3681 0.0653099 -0.130805 -0.989255 -0.0104276 -0.168694 -0.985613 0.168851 -0.0576695 -0.983953 0.163382 -0.0225279 -0.986306 0.957123 0.198164 0.211298 0.67446 0.0157106 0.738144 -0.0970801 -0.256722 0.961597 0.0776761 -0.242619 0.967007 0.0345138 -0.371559 0.927768 0.172407 -0.444379 0.879092 0.230324 -0.461715 0.856604 0.01136 0.693124 -0.720729 0.00328301 -0.575586 0.817735 0.00207382 0.611507 -0.791236 0.010653 0.796636 -0.604365 0.964955 0.253271 -0.0686722 -0.00373134 0.779816 -0.625997 0.998874 0.0464873 -0.00942183 0.0693502 -0.858561 0.508 -0.037173 -0.872496 0.487205 0.00988594 -0.896986 0.441948 -0.00297652 -0.935134 0.354281 0.0133329 0.90434 -0.426605 -0.0602304 -0.975709 0.21063 0.0625225 -0.982478 0.175577 0.169421 -0.977738 0.123796 0.00496062 -0.992764 0.119978 0.00325047 -0.997578 -0.069485 0.48908 -0.870088 -0.0612146 0.419467 -0.890954 -0.173922 0.358213 -0.911702 -0.201203 0.816409 -0.440125 -0.373853 0.255298 -0.941461 -0.220168 0.320906 -0.922374 -0.215049 0.362165 -0.890428 -0.275634 0.96152 0.194302 -0.194233 0.340173 -0.888411 -0.308234 0.268897 -0.904549 -0.330886 -0.0381007 -0.944609 -0.325979 0.162491 -0.881107 -0.444125 0.0877597 -0.867904 -0.488919 0.0309305 -0.693011 -0.720263 0.110692 -0.475988 -0.872458 0.00479883 -0.49249 -0.870305 0.336194 -0.194188 -0.921555 0.214695 -0.190212 -0.95798 0.539639 -0.0573523 -0.839941 0.0888876 -0.162894 -0.982631 0.0496974 -0.0137655 -0.99867 -0.696798 -0.354017 0.623815 0.019377 -0.439572 0.897998 0.8899 -0.111742 0.442257 0.212241 -0.626549 0.749927 0.97101 -0.108255 0.21312 0.00102839 -0.726282 0.687396 -0.00929622 -0.755999 0.654507 0.495645 -0.626773 0.601242 0.155771 -0.782615 0.602702 0.206415 -0.80679 0.553609 0.000210856 -0.876114 0.482104 0.735452 -0.580577 0.349344 0.013707 -0.917525 0.397442 0.0103755 -0.944831 0.327395 0.0142602 -0.951697 0.306706 0.369898 -0.907582 0.198672 0.423137 -0.902026 0.0854633 0.0815323 -0.993145 0.0837533 0.983168 -0.142766 -0.114015 0.075438 -0.993631 0.0837021 0.988529 -0.0538562 -0.1411 0.0341304 -0.997215 -0.0663114 -0.0269716 -0.943195 -0.331142 0.145958 -0.928805 -0.340613 0.921316 -0.117797 -0.370541 0.159514 -0.86536 -0.475086 -0.0645767 -0.873109 -0.48323 0.189814 -0.755125 -0.627501 0.139289 -0.728593 -0.670635 0.717742 -0.285693 -0.635 -0.142448 -0.754088 -0.641139 0.198227 -0.577033 -0.7923 0.606404 -0.245265 -0.756385 0.483575 -0.36033 -0.797695 0.166409 -0.507442 -0.845465 0.449395 -0.204368 -0.869642 0.883848 0.120562 -0.451971 0.0670786 -0.400182 -0.913977 0.203868 -0.368947 -0.906816 0.851088 0.190714 -0.48916 0.0611604 -0.21317 -0.975099 0.374207 -0.0164248 -0.9272 0.0888922 -0.0876384 -0.992178 0.0886877 -0.221493 0.971121 0.748359 0.0460363 0.661694 0.249363 -0.241048 0.937931 0.664875 -0.199375 0.719855 0.159215 -0.411814 0.897251 0.517105 -0.264971 0.813875 -0.0598436 -0.463952 0.883837 -0.69414 -0.566997 0.44349 0.749759 -0.270934 0.603701 -0.00623808 -0.613014 0.790048 -0.00322523 -0.605268 0.796015 0.610784 -0.412773 0.675693 0.594317 -0.561739 0.575531 0.981119 0.193389 0.00241866 0.73367 -0.582556 0.349796 0.925177 -0.375252 0.0568723 0.217496 -0.974534 0.0545803 0.989049 -0.137961 0.05242 0.159558 -0.985397 0.0594499 0.00966517 -0.999871 0.0127912 0.979412 -0.0551014 -0.194206 0.834228 -0.402023 -0.377414 0.0949075 -0.913603 -0.395375 0.220956 -0.797736 -0.561066 0.683017 -0.333463 -0.649838 0.619446 -0.186696 -0.762516 0.835903 0.196373 -0.512546 0.967673 0.252201 0.00190214 0.974065 0.216637 0.0653088 0.960114 0.279014 0.0182038 0.393573 0.0668666 0.916858 0.0973992 -0.116869 0.98836 0.217664 0.0392038 0.975236 0.0498459 -0.176526 0.983033 0.943531 0.274353 0.185686 0.848 0.510184 0.143553 0.581713 0.296507 0.757426 0.594391 0.615431 0.517633 0.712824 0.0884953 0.695737 0.93757 0.26574 0.224375 0.473021 0.156585 0.867025 0.692083 0.555804 0.460546 0.270833 0.160476 0.949156 0.714563 0.0892966 0.693848 0.86332 0.459013 0.20973 0.669906 0.652954 0.353379 -0.0650097 0.712731 0.698419 -0.0393319 0.127772 0.991023 0.134127 0.741585 0.657314 0.154207 0.369613 0.9163 0.0658386 0.812564 0.579142 0.00676393 0.786995 0.616922 0.256407 0.964777 0.0588307 0.0532628 0.995188 0.0822465 0.0228085 0.999728 0.00478084 0.0908892 0.994482 0.0523835 0.169256 -0.00691874 0.985548 0.124257 0.142779 0.981924 0.0924986 0.191504 0.977123 0.0408005 0.19695 0.979564 0.268179 0.731514 0.626871 0.107739 0.797181 0.59405 -0.0568596 -0.998382 0 -0.0463223 -0.998927 -1.42221e-05 0.142491 -0.989796 1.28896e-05 0.173986 -0.984748 -2.55821e-05 0.332793 -0.943 2.00707e-05 0.490825 -0.871258 2.18452e-05 0.384749 -0.923021 -3.57676e-05 0.613545 -0.78966 1.40016e-05 0.541383 -0.840776 -1.30656e-05 0.659054 -0.752096 -2.11887e-05 0.744161 -0.668 3.7958e-05 0.782498 -0.622653 -2.31484e-05 0.875552 -0.483123 2.54012e-05 0.890814 -0.454368 -1.5332e-05 0.96287 -0.269967 1.73089e-05 0.966104 -0.258154 0 0 1 0 0 1 0 0 1 0 0 1 0 0 1 0 0 1 0 0 1 0 0 1 0 0 1 0 0 1 0 0 1 0 0 1 0 0 1 0 0 1 0 0 1 0 0 1 0 0 1 0 0 1 0 0 1 0 0 1 0 0 1 0 0 1 0 0 1 0 0 1 0 0 1 0 0 1 0 0 1 0 0 1 0 0 1 0 0 1 0 0 1 0 0 1 0 0.21309 -0.0569204 -0.975373 0.180031 -0.128099 -0.975284 0.530293 0.014632 -0.847688 0.656401 -0.183763 -0.731689 0.808373 0.108222 -0.578637 0.932535 -0.131113 -0.336433 0.97244 0.204839 -0.111364 0.998914 -0.00753737 0.04597 0.906097 0.140331 0.399119 0.938494 0.0224746 0.344563 0.797017 -0.0186593 0.603669 0.685907 0.136235 0.714823 0.608971 0.0154935 0.793041 0.41369 0.0469242 0.909208 0.344152 0.142913 0.927974 0.134563 -0.0390944 0.990134 -0.0349544 0.0711642 0.996852 -0.149823 -0.046647 0.987612 -0.452528 0.101631 0.88594 -0.413592 0.173344 0.893808 -0.646817 0.0107643 0.76257 -0.759332 0.129109 0.637766 -0.799695 0.0573714 0.597659 -0.921358 -0.0214398 0.388124 -0.949596 0.0759525 0.304136 -0.992294 -0.043882 0.115879 -0.99868 0.0492755 -0.0144732 -0.975449 -0.0740448 -0.207404 -0.95324 0.0413685 -0.299368 -0.850405 -0.0685503 -0.521644 -0.8083 0.0322413 -0.587887 -0.640562 -0.043969 -0.766647 -0.616796 -0.0762347 -0.783423 -0.446844 0.0212911 -0.894359 -0.239731 -0.161276 -0.95735 -0.140621 0.00521522 -0.99005 0 1 0 0 1 0 0 1 0 0 1 0 0 1 0 0 1 0 0 1 0 0 1 0 0 1 0 0 1 0 0 1 0 0 1 0 0 1 0 0 1 0 0 1 0 0 1 0 0 1 0 0 1 0 0 1 0 0 1 0 0 1 0 0 1 0 0 1 0 0 1 0 0 1 0 0 1 0 0 1 0 0 1 0 0 1 0 0 1 0 0 1 0 0 1 0 0.12317 0.00082582 -0.992385 0.2992 0.137655 -0.944209 0.358192 0.0635113 -0.931485 0.537935 -0.00794362 -0.842949 0.677254 0.129992 -0.724174 0.730026 0.040786 -0.682202 0.868809 0.0370075 -0.493763 0.89913 0.130454 -0.417788 0.968337 -0.0281198 -0.24806 0.998143 0.0572998 -0.0206815 0.999884 0.00870399 0.0124664 0.951723 0.0132817 0.30667 0.950772 0.017599 0.309391 0.782908 -0.0372782 0.621019 0.783662 -0.0353064 0.620183 0.569992 0.019224 0.821425 0.523808 -0.0594249 0.849761 0.212474 0.0450056 0.97613 0.174409 -0.0126675 0.984592 -0.0965833 0.0752122 0.992479 -0.146807 0 0.989165 -0.473993 0 0.880529 -0.472996 -0.00184719 0.881063 -0.695758 -0.0233846 0.717895 -0.694362 -0.0204787 0.719334 -0.905666 0.00611275 0.423949 -0.900786 0.0233374 0.433637 -0.996512 0.000788696 0.083451 -0.996251 -0.00543481 0.0863372 -0.960088 0.0146745 -0.279313 -0.956644 -0.0054055 -0.291209 -0.850806 0.116971 -0.512296 -0.812543 -0.00629055 -0.582868 -0.702547 -0.0287483 -0.711056 -0.619528 0.0397848 -0.783966 -0.545402 -0.0339294 -0.837487 -0.387748 0.0382732 -0.920971 -0.343925 0 -0.938997 -0.0473344 0 -0.998879 -0.127242 0.157796 -0.979239 0.953847 -0.00354826 0.300272 0.632652 0.00011634 0.774436 0.215309 0.00910276 0.976504 -0.323984 -0.00389225 0.946055 -0.882361 0.00363518 0.470558 -0.596124 0.00263956 -0.802888 -0.231757 -0.00398514 -0.972766 0.172529 0.663066 0.728408 0.448907 0.78491 -0.427082 0.331482 0.909865 0.249531 -0.0737189 0.855245 -0.512954 -0.252352 0.816043 -0.519993 -0.463738 0.81302 -0.35206 -0.377152 0.918749 0.116865 -0.145471 0.94912 0.279302 -0.121359 0.891831 0.435785 0.571807 -0.00221714 -0.820386 0.99884 -2.43113e-05 -0.0481628 0.180285 -0.00150233 0.983613 -0.230623 -0.00649424 0.973022 0.427967 0.852085 0.301323 0.455767 0.864522 0.211845 -0.225933 0.703665 -0.673655 0.279839 0.827039 -0.487541 0.159076 0.865808 -0.474417 -0.428323 0.881011 0.200894 -0.329415 0.920819 -0.208756 0.0171092 0.904367 0.426414 -0.079432 0.919572 0.384809 -0.0361074 0.999348 -0.000501857 -0.0112976 0.999936 0.00101267 -0.00790793 0.999969 -0.000227031 0.0191105 0.999817 0.000548649 0.0193425 0.999813 0.000682487 0 0.99969 -0.0249044 0 0.99969 -0.0249044 0 0.997204 -0.0747295 0 0.997204 -0.0747295 0 0.984794 -0.173725 0 0.992239 -0.124346 0 0.992239 -0.124346 0 0.984794 -0.173725 0 0.962626 -0.270835 0 0.974939 -0.22247 0 0.974939 -0.22247 0 0.947925 -0.318495 0 0.962626 -0.270835 0 0.947925 -0.318495 0 0.930821 -0.365475 0 0.930821 -0.365475 0 0.889775 -0.456399 0 0.911579 -0.411125 0 0.911579 -0.411125 0 0.889775 -0.456399 0 0.866109 -0.499855 0 0.84008 -0.542463 0 0.866109 -0.499855 0 0.84008 -0.542463 0 0.811755 -0.583999 0 0.811755 -0.583999 0 0.781857 -0.623458 0 0.749846 -0.661613 0 0.781857 -0.623458 0 0.749846 -0.661613 0 0.715815 -0.69829 0 0.715815 -0.69829 0 0.680305 -0.732929 0 0.680305 -0.732929 0 0.642721 -0.7661 0 0.603687 -0.797222 0 0.642721 -0.7661 0 0.603687 -0.797222 0 0.563615 -0.826038 0 0.563615 -0.826038 0 0.521433 -0.853292 0 0.521433 -0.853292 0 0.434136 -0.900847 0 0.477914 -0.878406 0 0.477914 -0.878406 0 0.434136 -0.900847 0 0.388434 -0.921477 0 0.388434 -0.921477 0 0.342067 -0.939675 0 0.342067 -0.939675 0 0.294781 -0.955565 0 0.294781 -0.955565 0 0.246324 -0.969187 0 0.246324 -0.969187 0 0.149113 -0.98882 0 0.198502 -0.9801 0 0.198502 -0.9801 0 0.149113 -0.98882 0 0.0991566 -0.995072 0 0.0991566 -0.995072 0 0.0500319 -0.998748 0 0.0500319 -0.998748 0 -0.0500319 -0.998748 0 0 -1 0 0 -1 0 -0.0500319 -0.998748 0 -0.0991566 -0.995072 0 -0.0991566 -0.995072 0 -0.149113 -0.98882 0 -0.149113 -0.98882 0 -0.198502 -0.9801 0 -0.198502 -0.9801 0 -0.246324 -0.969187 0 -0.246324 -0.969187 0 -0.294781 -0.955565 0 -0.342067 -0.939675 0 -0.294781 -0.955565 0 -0.342067 -0.939675 0 -0.388434 -0.921477 0 -0.388434 -0.921477 0 -0.477914 -0.878406 0 -0.434136 -0.900847 0 -0.434136 -0.900847 0 -0.477914 -0.878406 0 -0.521433 -0.853292 0 -0.521433 -0.853292 0 -0.563615 -0.826038 0 -0.563615 -0.826038 0 -0.603687 -0.797222 0 -0.603687 -0.797222 0 -0.680305 -0.732929 0 -0.642721 -0.7661 0 -0.642721 -0.7661 0 -0.680305 -0.732929 0 -0.715815 -0.69829 0 -0.715815 -0.69829 0 -0.749846 -0.661613 0 -0.749846 -0.661613 0 -0.781857 -0.623458 0 -0.781857 -0.623458 0 -0.84008 -0.542463 0 -0.811755 -0.583999 0 -0.811755 -0.583999 0 -0.84008 -0.542463 0 -0.866109 -0.499855 0 -0.889775 -0.456399 0 -0.866109 -0.499855 0 -0.889775 -0.456399 0 -0.911579 -0.411125 0 -0.911579 -0.411125 0 -0.930821 -0.365475 0 -0.947925 -0.318495 0 -0.930821 -0.365475 0 -0.947925 -0.318495 0 -0.962626 -0.270835 0 -0.974939 -0.22247 0 -0.962626 -0.270835 0 -0.974939 -0.22247 0 -0.984794 -0.173725 0 -0.984794 -0.173725 0 -0.992239 -0.124346 0 -0.997204 -0.0747295 0 -0.992239 -0.124346 0 -0.997204 -0.0747295 0 -0.99969 -0.0249044 0 -0.99969 0.0249045 0 -0.99969 -0.0249044 0 -0.99969 0.0249045 0 -0.997204 0.0747295 0 -0.997204 0.0747295 0 -0.992239 0.124346 0 -0.992239 0.124346 0 -0.984789 0.173754 0 -0.984789 0.173754 0 -0.974948 0.222434 0 -0.974948 0.222434 0 -0.962626 0.270835 0 -0.962626 0.270835 0 -0.947925 0.318495 0 -0.930819 0.36548 0 -0.947925 0.318495 0 -0.930819 0.36548 0 -0.911555 0.411178 0 -0.889805 0.456342 0 -0.911555 0.411178 0 -0.889805 0.456342 0 -0.866127 0.499824 0 -0.866127 0.499824 0 -0.84008 0.542463 0 -0.84008 0.542463 0 -0.811754 0.583999 0 -0.78183 0.623492 0 -0.811754 0.583999 0 -0.78183 0.623492 0 -0.749846 0.661613 0 -0.749846 0.661613 0 -0.715815 0.69829 0 -0.680306 0.732928 0 -0.715815 0.69829 0 -0.680306 0.732928 0 -0.642721 0.7661 0 -0.642721 0.7661 0 -0.603687 0.797222 0 -0.603687 0.797222 0 -0.521434 0.853292 0 -0.563614 0.826038 0 -0.563614 0.826038 0 -0.521434 0.853292 0 -0.434135 0.900848 0 -0.477914 0.878406 0 -0.477914 0.878406 0 -0.388256 0.921552 0 -0.434135 0.900848 0 -0.388256 0.921552 0 -0.34213 0.939653 0 -0.34213 0.939653 0 -0.294781 0.955565 0 -0.246324 0.969187 0 -0.294781 0.955565 0 -0.246324 0.969187 0 -0.198636 0.980073 0 -0.148976 0.988841 0 -0.198636 0.980073 0 -0.148976 0.988841 0 -0.0992955 0.995058 0 -0.0500332 0.998748 0 -0.0992955 0.995058 0 -0.0500332 0.998748 0 0 1 0 0 1 0 0.0500332 0.998748 0 0.0500332 0.998748 0 0.0992955 0.995058 0 0.148976 0.988841 0 0.0992955 0.995058 0 0.148976 0.988841 0 0.198636 0.980073 0 0.198636 0.980073 0 0.246324 0.969187 0 0.294781 0.955565 0 0.246324 0.969187 0 0.294781 0.955565 0 0.388256 0.921552 0 0.34213 0.939653 0 0.34213 0.939653 0 0.388256 0.921552 0 0.477914 0.878406 0 0.434135 0.900848 0 0.434135 0.900848 0 0.477914 0.878406 0 0.563614 0.826038 0 0.521434 0.853292 0 0.521434 0.853292 0 0.563614 0.826038 0 0.603687 0.797222 0 0.603687 0.797222 0 0.680306 0.732928 0 0.642721 0.7661 0 0.642721 0.7661 0 0.680306 0.732928 0 0.749846 0.661613 0 0.715815 0.69829 0 0.715815 0.69829 0 0.749846 0.661613 0 0.78183 0.623492 0 0.78183 0.623492 0 0.811754 0.583999 0 0.811754 0.583999 0 0.84008 0.542463 0 0.84008 0.542463 0 0.866127 0.499824 0 0.866127 0.499824 0 0.889805 0.456342 0 0.911555 0.411178 0 0.889805 0.456342 0 0.911555 0.411178 0 0.930819 0.36548 0 0.930819 0.36548 0 0.947925 0.318495 0 0.962626 0.270835 0 0.947925 0.318495 0 0.974948 0.222434 0 0.962626 0.270835 0 0.974948 0.222434 0 0.992239 0.124346 0 0.984789 0.173754 0 0.984789 0.173754 0 0.997204 0.0747295 0 0.992239 0.124346 0 0.99969 0.0249045 0 0.997204 0.0747295 0 0.99969 0.0249045 0 0 -1 0 0 -1 0 0 -1 0 0 -1 0 0 -1 0 0 -1 0 0 -1 0 0 -1 0.156433 0.987689 0 0.814508 0.0221736 0.579728 0.156446 0.987687 5.41532e-05 0.156412 0.987692 2.39771e-05 0.156431 0.987689 7.67814e-06 0.156526 0.987674 4.08432e-05 0.156343 0.987703 -3.82066e-05 0.156356 0.987701 -4.45781e-05 0.156509 0.987677 -9.46265e-05 0.15664 0.987656 -0.000272244 0.156423 0.98769 0 0.156442 0.987687 5.39041e-06 0.156402 0.987694 -1.59927e-05 0.156412 0.987692 1.70548e-05 0.156324 0.987706 1.84329e-05 0.156454 0.987685 -3.92711e-06 0.156592 0.987663 3.31631e-05 0.15681 0.987629 7.92618e-05 0.156367 0.987699 -4.63135e-06 0.156134 0.987736 0 1 0 0 1 0 0 1 0 0 1 0 0 1 0 0 1 0 0 1 0 0 1 0 0 1 0 0 1 0 0 1 0 0 1 0 0 1 0 0 1 0 0 1 0 0 1 0 0 0.999994 -0.00342633 0.000231386 0.999977 -0.00668529 -0.000779594 0.999998 -0.0021962 -0.000361121 0.999999 -0.00109707 -0.000232724 1 0 0 1 0 0 1 0 0 1 0 0 1 0 0 1 0 0 1 0 0 1 0 0 1 0 0 0.0212145 -0.0226749 0.999518 -0.00628732 -0.0370586 0.999293 -0.00567548 -0.0367383 0.999309 0.0105339 -0.0281938 0.999547 0.0595128 -0.0331836 0.997676 0.0427543 -0.037909 0.998366 0.0201272 -0.035332 0.999173 0.101942 -0.0331942 0.994236 0.079982 -0.0431205 0.995863 0.117492 -0.0455927 0.992027 0.188919 -0.0561411 0.980387 0.144087 -0.0491674 0.988343 0.156757 -0.0365004 0.986963 0.19832 -0.0986588 0.975159 0.18267 -0.0544061 -0.981668 0.158494 -0.0526146 -0.985957 0.206057 -0.0591016 -0.976754 0.181585 -0.0554432 -0.981811 0.205196 -0.0593487 -0.97692 0.15319 -0.044097 -0.987212 0.181603 -0.0554603 -0.981807 0.121365 -0.0578427 -0.990921 0.117969 -0.0477131 -0.99187 0.0862079 -0.0386308 -0.995528 0.0849337 -0.0358552 -0.995741 0.0587986 -0.0387155 -0.997519 0.0356353 -0.0549908 -0.997851 0.0555437 -0.0337424 -0.997886 -0.00718958 -0.0305258 0.999508 -0.0040974 -0.0258555 0.999657 -0.00409451 -0.0258348 0.999658 -0.00409429 -0.0258334 0.999658 -0.00408582 -0.0259022 0.999656 -0.0040994 -0.0259022 0.999656 -0.00409465 -0.0258805 0.999657 -0.00408239 -0.0257752 0.999659 -0.00404847 -0.0255937 0.999664 0 -0.999773 0.0213193 2.1176e-05 -0.999732 0.0231378 -2.39257e-05 -0.99801 0.0630534 4.31471e-05 -0.997589 0.0694013 -3.97592e-05 -0.994421 0.105481 5.66145e-05 -0.993287 0.115676 -5.26466e-05 -0.989132 0.147028 6.69986e-05 -0.986899 0.161342 0.0010163 -0.955016 0.296553 -6.02952e-05 -0.982067 0.188531 7.43181e-05 -0.978337 0.207021 -0.00106214 -0.942525 0.334135 -0.000140687 -0.959433 0.281936 -6.08367e-05 -0.973177 0.230058 7.44503e-05 -0.96775 0.251912 0.000642894 -0.940283 0.340394 -0.000120829 -0.953988 0.299846 -0.00023047 -0.957516 0.288379 2.51857e-05 -0.948707 0.316157 -1.22106e-05 -0.945174 0.326567 -0.00242456 -0.929365 0.369154 1.78109e-05 -0.943562 0.331197 -7.49377e-05 -0.951475 0.307725 0.000580992 -0.962719 0.270502 -1.10249e-05 -0.93984 0.341614 1.22707e-05 -0.938589 0.345037 0.00290121 -0.922499 0.38599 -0.00370112 -0.908418 0.418046 -1.89835e-05 -0.934325 0.356421 1.56267e-05 -0.933034 0.359788 1.23499e-05 -0.945831 0.324659 2.43203e-05 -0.942319 0.334717 -8.84723e-05 -0.938157 0.346211 -0.000129245 -0.950509 0.310698 2.49154e-06 -0.927964 0.372671 -1.83755e-06 -0.928161 0.372178 -7.78143e-06 -0.922634 0.385676 1.8234e-06 -0.923046 0.38469 5.59198e-06 -0.917747 0.397166 4.62348e-06 -0.9177 0.397274 1.41278e-06 -0.91309 0.407759 2.06594e-05 -0.912051 0.410078 -1.6811e-05 -0.933429 0.358761 2.87984e-05 -0.928305 0.37182 -9.9428e-05 -0.922645 0.38565 -0.000148908 -0.936659 0.350242 -7.68992e-06 -0.90717 0.420764 3.98349e-05 -0.904765 0.425912 -3.1245e-05 -0.900376 0.435114 6.90334e-06 -0.897204 0.441616 -0.000151393 -0.921446 0.388507 -2.00591e-05 -0.917335 0.398117 2.22969e-05 -0.913082 0.407776 -4.88347e-05 -0.907368 0.420338 -1.63191e-05 -0.893299 0.449464 6.52965e-05 -0.888348 0.459171 3.4272e-05 -0.887171 0.46144 0.00290692 -0.8653 0.501246 -1.59824e-05 -0.881616 0.471968 2.01844e-05 -0.877148 0.48022 -0.000150159 -0.904446 0.426588 -3.11661e-05 -0.901056 0.433702 2.6634e-05 -0.894701 0.446666 -7.81001e-05 -0.888184 0.459488 2.7446e-05 -0.868385 0.49589 -4.79669e-05 -0.873241 0.487289 -0.00014917 -0.885978 0.463728 -0.000104811 -0.884623 0.466307 -2.2628e-05 -0.880006 0.474963 3.64839e-05 -0.873536 0.486759 2.92085e-05 -0.873867 0.486166 -0.0040657 -0.0256486 -0.999663 -0.0040985 -0.0258478 -0.999658 -0.00409411 -0.0258658 -0.999657 -0.0041003 -0.0258594 -0.999657 -0.00408162 -0.0257671 -0.99966 -0.00408274 -0.0258336 -0.999658 -0.00408193 -0.025771 -0.99966 -0.00409732 -0.0258505 -0.999657 2.2687e-05 -0.814202 -0.580581 9.25159e-06 -0.822113 -0.569324 -5.36674e-05 -0.819736 -0.572742 1.83558e-05 -0.832905 -0.553416 -7.02271e-05 -0.830235 -0.557413 2.86977e-05 -0.819221 -0.573478 -7.68937e-05 -0.826225 -0.56334 7.03993e-05 -0.845842 -0.533434 -7.52313e-05 -0.8417 -0.539946 -6.01241e-05 -0.855086 -0.518487 7.25627e-07 -0.834368 -0.551208 8.2403e-06 -0.84108 -0.540911 -0.000135102 -0.828127 -0.560541 5.96487e-05 -0.86058 -0.509315 5.99419e-06 -0.863005 -0.505195 -1.15175e-05 -0.870803 -0.491632 8.2344e-05 -0.875338 -0.483512 -3.92137e-07 -0.878439 -0.477855 -6.31555e-05 -0.850045 -0.52671 3.44217e-05 -0.857315 -0.514792 -5.16379e-05 -0.864485 -0.502659 -0.000131928 -0.848048 -0.52992 1.94543e-05 -0.886761 -0.462228 -1.8679e-05 -0.883997 -0.467492 -1.78804e-05 -0.890233 -0.455505 -6.01993e-06 -0.892965 -0.450127 -9.21587e-05 -0.86841 -0.495846 7.41987e-06 -0.874157 -0.485644 1.37197e-05 -0.879271 -0.476322 -0.000128335 -0.867123 -0.498094 -2.54845e-05 -0.89506 -0.445946 -7.62221e-06 -0.896551 -0.44294 4.33062e-05 -0.904114 -0.427292 -7.30447e-06 -0.900529 -0.434797 -1.69422e-05 -0.880656 -0.473757 1.39881e-05 -0.886035 -0.463618 1.52638e-05 -0.905409 -0.424541 -9.6397e-06 -0.914799 -0.403909 -1.31173e-06 -0.907577 -0.419885 -0.00025503 -0.921274 -0.388914 -0.000464319 -0.925164 -0.379566 1.23305e-05 -0.89247 -0.451107 -2.81273e-05 -0.888277 -0.459309 -1.35657e-05 -0.896724 -0.442591 1.26356e-05 -0.902641 -0.430394 -3.53163e-06 -0.907043 -0.421038 -6.93907e-05 -0.898893 -0.438169 -3.14797e-05 -0.938926 -0.34412 -0.00570715 -0.945159 -0.32656 -0.000109885 -0.909063 -0.416659 -5.88808e-05 -0.91074 -0.41298 0.000993806 -0.954652 -0.297724 -8.45667e-05 -0.919456 -0.393193 -5.22561e-06 -0.927758 -0.373183 5.37898e-06 -0.930933 -0.365191 -3.40235e-06 -0.933639 -0.358216 -2.94377e-05 -0.936232 -0.351383 0.000323303 -0.923612 -0.383329 -0.00174305 -0.96117 -0.275953 -2.00266e-05 -0.938873 -0.344265 4.03805e-06 -0.942168 -0.335142 -3.35294e-06 -0.945031 -0.32698 -4.4468e-05 -0.937119 -0.349009 0.00119595 -0.967445 -0.253079 -1.88866e-05 -0.948346 -0.317237 -1.63621e-05 -0.948581 -0.316534 2.56044e-06 -0.951364 -0.308069 4.05347e-06 -0.952904 -0.303271 -1.51545e-05 -0.955353 -0.295466 -3.35281e-05 -0.947358 -0.320175 -0.0008844 -0.978232 -0.207514 -1.09385e-05 -0.958073 -0.286524 9.28852e-06 -0.960648 -0.277768 -9.71391e-06 -0.963902 -0.266257 -3.59623e-05 -0.956603 -0.291395 -2.8408e-05 -0.964987 -0.262296 -1.14107e-05 -0.966053 -0.258346 3.36868e-06 -0.968046 -0.250773 -8.59369e-06 -0.970519 -0.241026 0.000108393 -0.97725 -0.212092 -0.000229719 -0.968948 -0.247264 -0.000246561 -0.968509 -0.24898 -4.50833e-05 -0.973478 -0.228779 7.30503e-05 -0.98675 -0.162251 -5.63556e-05 -0.982243 -0.187614 6.07851e-05 -0.993269 -0.115828 -5.37588e-05 -0.989237 -0.146319 4.78792e-05 -0.997564 -0.0697545 -3.85529e-05 -0.994464 -0.105077 2.34546e-05 -0.999727 -0.0233527 -2.36425e-05 -0.998018 -0.0629237 -2.51806e-08 -0.999772 -0.0213344 0 -1 0 0 -1 0 0 -1 0 0.24657 -0.0658839 0.966883 0.214396 -0.060443 -0.974875 0.193645 -0.0552185 -0.979517 0.198407 -0.060401 -0.978257 0.157702 -0.049945 -0.986223 0.161817 -0.0541527 -0.985334 0.121711 -0.0446266 -0.991562 0.125188 -0.0479273 -0.990975 0.0856849 -0.0393638 -0.995544 0.0495894 -0.0352568 -0.998147 0.0883256 -0.0417975 -0.995214 0.0138535 -0.0290898 -0.999481 0.0514735 -0.0342606 -0.998087 -0.0044459 -0.0257771 -0.999658 -0.00405813 -0.0258379 -0.999658 0.0144934 -0.0287939 -0.99948 -0.912446 -0.221108 -0.344316 -0.910168 -0.243233 0.33531 -0.92465 -0.240564 0.295213 -0.920292 -0.270207 0.282932 -0.926593 -0.242324 0.287583 -0.945741 -0.204196 0.252741 -0.922501 -0.283708 0.261728 -0.939083 -0.252088 0.233611 -0.905242 -0.341356 0.253008 -0.94163 -0.242266 0.233752 -0.929445 -0.307094 0.204514 -0.956774 -0.204006 0.207279 -0.90097 -0.368573 0.228926 -0.892586 -0.391204 0.224165 -0.93274 -0.307069 0.188956 -0.950738 -0.248677 0.185084 -0.959506 -0.231667 0.160246 -0.923667 -0.346342 0.163971 -0.960815 -0.223 0.16464 -0.892815 -0.41198 0.182081 -0.875253 -0.451086 0.17451 -0.941446 -0.298916 0.155977 -0.920803 -0.347271 0.177549 -0.903391 -0.406715 0.135898 -0.965719 -0.23079 0.118838 -0.971039 -0.209556 0.114759 -0.872472 -0.464879 0.150597 -0.955774 -0.271278 0.113595 -0.946941 -0.298919 0.118107 -0.93376 -0.341248 0.107896 -0.905815 -0.406687 0.118768 -0.891795 -0.440614 0.102767 -0.975032 -0.211354 0.0681378 -0.973656 -0.21723 0.069315 -0.960079 -0.271249 0.0683485 -0.957481 -0.281025 0.065226 -0.937603 -0.341223 0.0668446 -0.894832 -0.440636 0.0715206 -0.927325 -0.370129 0.055438 -0.976769 -0.213219 0.0214394 -0.97627 -0.215444 0.0219015 -0.879493 -0.4721 0.060121 -0.959467 -0.280998 0.0215111 -0.959456 -0.281036 0.0215243 -0.928773 -0.370063 0.020823 -0.931661 -0.362422 0.0256633 -0.976643 -0.213371 -0.0253221 -0.974313 -0.213379 -0.0719932 -0.976596 -0.213592 -0.025274 -0.881194 -0.472116 0.0245698 -0.888384 -0.458673 0.019853 -0.959377 -0.281033 -0.0248129 -0.95939 -0.28099 -0.0248287 -0.931684 -0.36247 -0.0240966 -0.931681 -0.362476 -0.0241002 -0.970915 -0.227459 -0.0747423 -0.888303 -0.458674 -0.0231526 -0.888091 -0.459093 -0.0229727 -0.957275 -0.280996 -0.0683123 -0.95152 -0.298929 -0.0724673 -0.929457 -0.362479 -0.0686981 -0.923014 -0.380424 -0.0576445 -0.88637 -0.458319 -0.0655135 -0.964227 -0.237449 -0.117835 -0.966156 -0.227427 -0.121739 -0.885733 -0.459485 -0.0659612 -0.947228 -0.298913 -0.115802 -0.935564 -0.330042 -0.125665 -0.968203 -0.187446 -0.165672 -0.960173 -0.237511 -0.147161 -0.918188 -0.380552 -0.110048 -0.944124 -0.289602 -0.157358 -0.951884 -0.238732 -0.192158 -0.88237 -0.457826 -0.108717 -0.887404 -0.439903 -0.137836 -0.890006 -0.440774 -0.116651 -0.934176 -0.330063 -0.135545 -0.939466 -0.289578 -0.183164 -0.89996 -0.402524 -0.167473 -0.935861 -0.298875 -0.186647 -0.953768 -0.214443 -0.210575 -0.897646 -0.405776 -0.171981 -0.898065 -0.403445 -0.175247 -0.939992 -0.252824 -0.22912 -0.927163 -0.298824 -0.225993 -0.892612 -0.410931 -0.185415 -0.927161 -0.298829 -0.225994 -0.942722 -0.213844 -0.256021 -0.838607 -0.506115 -0.201459 -0.902092 -0.371324 -0.219883 -0.925233 -0.232975 -0.299444 -0.923367 -0.261792 -0.280817 -0.883249 -0.400394 -0.244041 -0.913543 -0.298797 -0.275969 -0.883173 -0.392799 -0.256348 -0.9068 -0.315655 -0.279419 -0.909487 -0.261362 -0.323301 -0.91841 -0.194282 0.344642 -0.905846 -0.169311 -0.3883 -0.909473 -0.179201 -0.37516 -0.934112 -0.18984 -0.302318 -0.918278 -0.191553 -0.346516 -0.958994 -0.188418 -0.211729 -0.947025 -0.192347 -0.257189 -0.94079 -0.181466 -0.286329 -0.910832 -0.193131 -0.364809 -0.928009 -0.189002 -0.321057 -0.915243 -0.193585 -0.35335 -0.901063 -0.207988 -0.38056 -0.909363 -0.190598 -0.369771 -0.939135 -0.190601 -0.285825 -0.975146 -0.186787 -0.11917 -0.967155 -0.192932 -0.165492 -0.96278 -0.181866 -0.199948 -0.93913 -0.190612 -0.285837 -0.958633 -0.195822 -0.206583 -0.950813 -0.188806 -0.245575 -0.938634 -0.197799 -0.282565 -0.937387 -0.199763 -0.285307 -0.982423 -0.184925 -0.0254719 -0.978475 -0.193284 -0.0723007 -0.976817 -0.182497 -0.111907 -0.972761 -0.192406 -0.12929 -0.967309 -0.189634 -0.16838 -0.961157 -0.190611 -0.19961 -0.975286 -0.190611 -0.111731 -0.961157 -0.190613 -0.199608 -0.959321 -0.200031 -0.199226 -0.980884 -0.193398 0.0215297 -0.982778 -0.183356 -0.0229732 -0.980424 -0.190199 -0.0509304 -0.977351 -0.191435 -0.090209 -0.975283 -0.190623 -0.111745 -0.973315 -0.200555 -0.111519 -0.974361 -0.193289 0.115151 -0.980368 -0.184889 0.0685107 -0.980817 -0.183375 0.066119 -0.981397 -0.190616 -0.0229409 -0.981571 -0.189063 0.0278148 -0.980887 -0.194238 -0.011547 -0.981396 -0.19062 -0.0229366 -0.979501 -0.200135 -0.0228923 -0.958965 -0.192938 0.207754 -0.968985 -0.18676 0.161829 -0.970953 -0.18251 0.154723 -0.979443 -0.190608 0.0660264 -0.969979 -0.195055 0.145241 -0.9762 -0.188938 0.106467 -0.977883 -0.19814 0.0669805 -0.97944 -0.19062 0.0660401 -0.977823 -0.198787 0.0659311 -0.934838 -0.192345 0.298466 -0.9488 -0.188381 0.253558 -0.926072 -0.192623 0.32448 -0.953066 -0.181874 0.242049 -0.922153 -0.174596 0.345183 -0.969438 -0.190608 0.154463 -0.955764 -0.192034 0.222795 -0.964352 -0.189834 0.184359 -0.969432 -0.190624 0.154481 -0.967562 -0.200143 0.154164 -0.951457 -0.190625 0.241643 -0.928091 -0.190681 0.319826 -0.919967 -0.204311 0.334541 -0.935175 -0.18992 0.298962 -0.946086 -0.191862 0.260979 -0.951458 -0.190623 0.241641 -0.949449 -0.201001 0.241133 -0.88152 0.0932648 -0.462844 -0.66353 0.0645672 -0.745358 -0.418526 0.0297699 -0.907717 0.520123 -0.124549 -0.844961 -0.975233 0.089548 -0.202242 -0.8823 0.104496 -0.458942 0.770336 -0.148714 -0.620054 -0.691628 0.0964637 -0.715783 -0.41877 0.0276564 -0.907671 0.168707 -0.0568909 -0.984023 0.908873 -0.163277 -0.383783 0.519618 -0.119985 -0.845932 0.682114 -0.116288 -0.72194 0.968187 -0.187552 -0.165645 0.927605 -0.160753 -0.337207 -0.0593543 -0.0573113 0.99659 -0.0597478 -0.0543548 0.996733 -0.838325 0.15912 -0.521433 -0.832941 -0.256668 -0.490236 -0.333142 -0.0401888 -0.94202 0.954533 -0.245563 -0.169016 0.147293 -0.0774398 -0.986057 0.827453 -0.301088 -0.473991 0.968199 -0.190176 0.162553 0.712691 -0.150565 0.685129 -0.0979257 -0.050055 0.993934 -0.698045 0.0675886 0.712857 -0.860091 0.100065 0.500231 -0.958937 0.0944285 0.267438 0.959466 -0.179632 0.21716 0.963955 -0.219829 0.149886 0.916538 -0.161093 0.36607 0.818602 -0.140258 0.556972 0.836936 -0.293337 0.462051 0.625514 -0.220149 0.74851 0.498988 -0.0972711 0.861133 -0.384535 0.0411874 0.922191 0.161522 -0.0423515 0.98596 -0.0536067 -0.0250962 0.998247 -0.410612 0.0508729 0.91039 -0.961954 0.127576 0.241595 -0.705427 0.0645595 0.705837 -0.833236 0.11125 0.54161 -0.959484 0.129543 0.250218 -0.867457 0.105386 0.486222 1 0 0 1 0 0 0.00318274 -0.000243276 -0.999995 0.00379552 0.934072 -0.357065 0.00216333 0.999688 -0.0248837 0.0122793 0.996842 -0.0784508 -0.00307541 0.999152 0.041061 0.0224441 0.994088 0.106228 -0.00401067 -0.0491229 0.998785 -0.00389434 -0.100338 0.994946 -0.00394989 -0.0898645 0.995946 -0.00377446 -0.144093 0.989557 -0.0037542 -0.147745 0.989018 -0.00351925 -0.21014 0.977665 -0.00361954 -0.192964 0.981199 -0.00340999 -0.25946 0.965748 -0.00333574 -0.271427 0.962453 -0.00321367 -0.320094 0.94738 -0.00311471 -0.335147 0.942161 -0.00293455 -0.379925 0.925013 -0.0029226 -0.381652 0.924302 -0.00266392 -0.441095 0.897457 -0.00268177 -0.439051 0.898458 -0.00239483 -0.498733 0.866752 -0.00242469 -0.495509 0.868599 -0.00216852 -0.548326 0.836262 -0.00211826 -0.554336 0.83229 -0.0018372 -0.607342 0.794439 -0.00187624 -0.603622 0.797269 -0.00155523 -0.656329 0.754473 -0.00159453 -0.652831 0.757502 -0.00117051 -0.712462 0.70171 -0.0012501 -0.704861 0.709345 -0.000966186 -0.749758 0.661711 -0.000904387 -0.755199 0.655495 -0.000693035 -0.790279 0.612747 -0.000605034 -0.797361 0.603503 -0.000382887 -0.825002 0.56513 -0.000321694 -0.829524 0.558471 -0.000111951 -0.853594 0.520939 -0.000146244 -0.851243 0.524772 0.00146755 -0.851239 0.524777 0.00313274 -0.824989 0.56514 0.0748092 -0.794936 0.602064 0.022766 -0.722625 0.690865 0.0501457 -0.754065 0.654882 0.0242746 -0.652586 0.757326 0.0345442 -0.7119 0.701431 0.024084 -0.603334 0.797125 0.0321934 -0.547923 0.835909 0.0446286 -0.494903 0.867802 0.0652386 -0.437781 0.896712 0.0493994 -0.379266 0.923968 0.0572856 -0.454014 0.889151 0.0479926 -0.334561 0.941151 0.0504858 -0.270942 0.961271 0.0541887 -0.245229 0.96795 0.0423365 -0.209828 0.976821 0.0283375 -0.143907 0.989185 0.0225383 -0.100204 0.994712 0.0197867 -0.0491136 0.998597 -0.000482263 -0.782136 -0.623107 -0.00395423 -0.32024 -0.947328 -0.00392665 -0.0796891 -0.996812 0.0678154 -0.493677 -0.866997 -0.00203976 -0.586486 -0.809957 0.0369667 -0.79516 -0.605272 -0.00224447 -0.472423 -0.881369 -0.00179428 -0.399843 -0.916582 -0.000468849 -0.543518 -0.839397 0.190498 -0.12035 -0.974283 0.166045 -0.224408 -0.960245 0.0118539 -0.811714 -0.583935 0.109069 -0.303204 -0.946663 0.00226649 -0.785609 -0.618719 0.00345627 -0.780173 -0.625554 0.0131585 -0.678961 -0.734056 0.0197294 0.0440053 -0.998837 0.00367509 -0.373679 -0.927551 0.15136 -0.328113 -0.932433 0.151477 -0.181556 -0.971644 0.0107566 -0.791352 -0.611266 0.0296956 -0.710781 -0.702786 0.0105744 -0.791874 -0.610593 0.00629444 -0.787222 -0.616638 0.047157 -0.409418 -0.911128 0.0213629 -0.691741 -0.72183 0.00682559 -0.781245 -0.624188 0.0171232 -0.386921 -0.921954 0.0263909 -0.796689 -0.603813 0.0476327 -0.680849 -0.730874 0.108484 -0.442518 -0.890174 0.0349672 -0.630052 -0.775765 0.0376 -0.626285 -0.778687 0.0345768 -0.506376 -0.861619 0.0228877 -0.547236 -0.836665 0.0130176 -0.655659 -0.754945 0.000478943 -0.76689 -0.641779 0.00163627 -0.674826 -0.737975 0.0170931 -0.507551 -0.861452 0.0204937 -0.344321 -0.938628 0.00452799 -0.730924 -0.682443 0.012899 -0.269765 -0.96284 0.00714778 -0.563882 -0.825825 -0.000232493 -0.186075 -0.982536 -0.0041661 -0.135632 -0.990751 -0.00165478 -0.222116 -0.975019 0.0338628 -0.805964 -0.590995 0.0870038 -0.653542 -0.751873 0.0917669 -0.610093 -0.786998 0.0918841 -0.61022 -0.786885 0.110135 -0.446451 -0.888004 0.0462443 -0.71321 -0.699423 0.0308115 -0.769862 -0.637466 0.122318 -0.315283 -0.941082 0.0752294 -0.524832 -0.847875 0.0630672 -0.501555 -0.862824 0.0466923 -0.410333 -0.91074 0.0346991 -0.331392 -0.942855 0.0319703 -0.415618 -0.908977 -0.000944604 -0.680649 -0.732609 0.153411 -0.373497 -0.914858 0.195109 -0.138276 -0.970985 0.0333606 -0.821071 -0.569851 0.169294 -0.16636 -0.971424 0.227596 -0.337477 -0.913405 0.0334243 -0.82108 -0.569833 0.195803 -0.102345 -0.975288 0.150026 -0.379933 -0.912767 0.0184249 -0.83327 -0.55256 -4.56967e-05 -0.806094 -0.591787 -0.000387723 -0.769922 -0.638138 -0.000103046 -0.80197 -0.597365 -0.000708286 -0.725505 -0.688217 -0.000485582 -0.762284 -0.647243 -0.00100328 -0.679784 -0.733411 -0.000787134 -0.718821 -0.695194 -0.00135883 -0.63366 -0.77361 -0.00109928 -0.671012 -0.741446 -0.00218246 -0.482765 -0.875747 -0.00199571 -0.52894 -0.848657 -0.00252454 -0.426139 -0.904654 -0.00229543 -0.469625 -0.882863 -0.00287554 -0.400062 0.916484 -0.00261925 -0.457203 0.889359 -0.00214051 -0.55692 0.830563 -0.00195487 -0.593306 0.804975 -0.00191033 -0.598312 0.801261 -0.00172553 -0.632394 0.774645 -0.00142627 -0.685037 0.728507 -0.00114843 -0.728347 0.685208 -0.00110124 -0.732029 0.681273 -0.000823064 -0.77163 0.636071 -0.000513716 -0.813415 0.581684 -0.000220842 -0.848077 0.529873 -0.0001616 -0.851564 0.52425 0.116203 -0.302879 0.945918 0.127294 -0.0438612 0.990895 0.0138579 -0.881204 0.472534 0.0377922 -0.793604 0.607259 0.0479013 -0.784659 0.618075 0.124591 -0.61924 0.775254 0.120094 -0.572799 0.81085 0.183541 -0.437302 0.880386 0.197275 -0.282576 0.93874 0.18718 -0.226024 0.955969 0.0117943 -0.867399 -0.497474 -0.0135746 -0.910658 -0.412939 0.0295939 -0.750642 -0.660046 0.011829 -0.797282 -0.603491 0.036492 -0.575176 -0.817215 -0.108576 -0.618489 -0.778256 -0.00679253 -0.40756 -0.913153 0.0138698 -0.634046 -0.773171 0.031668 -0.373768 -0.926981 -0.426411 0.773849 -0.468329 0.0242584 -0.351172 -0.935997 -0.0614866 -0.0372403 0.997413 -0.890902 -0.187684 0.413604 -0.869082 -0.183369 0.459426 -0.810882 -0.173998 0.558745 -0.797713 -0.173962 0.5774 -0.329083 -0.0886697 0.940129 -0.435071 -0.0988841 0.89495 -0.636767 -0.14782 0.756754 -0.773884 -0.166548 0.611036 -0.172523 -0.0572444 0.983341 -0.156887 -0.0535765 0.986162 -0.397947 -0.104905 0.911391 -0.175923 -0.0637954 0.982335 -0.569727 -0.128858 0.811669 -0.433031 -0.117222 0.893725 -0.198663 -0.0664229 0.977814 -0.346666 -0.092864 0.933381 -0.570328 -0.12836 0.811326 -0.658051 -0.145749 0.738733 -0.182707 -0.0668788 0.98089 -0.677941 -0.1592 0.717671 -0.431371 -0.115366 0.894768 -0.494018 -0.128066 0.859968 -0.588538 -0.128783 0.798147 -0.719851 -0.161488 0.675082 -0.344567 -0.0934546 0.934098 0.92095 0.188703 -0.340942 -0.130137 -0.844637 0.519281 -0.837949 -0.200168 0.507714 -0.731841 -0.509949 0.452062 -0.937853 -0.235185 0.255187 -0.6733 -0.168405 0.719936 -0.530358 -0.161934 0.832164 -0.424478 -0.723269 0.544703 -0.427474 -0.746222 0.510313 -0.548922 -0.624636 0.555441 -0.000831014 -0.865313 0.501231 -0.00258733 0.929904 -0.367794 -0.351629 -0.686447 0.636512 -0.350304 -0.686184 0.637526 -0.406193 -0.292998 0.86554 0.00141205 0.269173 -0.963091 -0.00422074 -0.502291 0.864688 -0.209482 -0.585713 0.78298 -0.00583801 -0.513901 0.85783 -0.00727499 0.0228822 0.999712 -0.00353421 -0.696472 0.717576 -0.00906805 -0.336348 0.941694 -0.00147249 0.701251 -0.712913 -0.0103519 -0.292617 0.956174 -0.0111594 -0.194551 0.980829 -0.0122961 -0.242947 0.969962 -0.0121687 -0.238469 0.971074 -0.0101128 -0.138932 0.99025 0.00400827 -0.529277 -0.84844 -0.00598708 0.155692 0.987787 -0.702918 -0.542755 0.459698 -0.127336 -0.852016 0.507794 -0.148138 -0.860728 0.487034 -0.83373 -0.538453 0.122325 -0.237735 -0.843878 0.48099 -0.867496 -0.353394 0.35009 -0.194141 -0.870495 0.452271 -0.870828 -0.375956 0.316725 -0.853378 -0.421988 0.30606 -0.210924 -0.88582 0.413322 -0.208782 -0.886003 0.414015 -0.656414 -0.65305 0.377686 -0.806977 -0.503257 0.309065 -0.46992 -0.784796 0.404068 -0.501996 -0.771141 0.391588 -0.142198 -0.919059 0.367572 -0.423903 -0.838483 0.342421 -0.163766 -0.923625 0.346552 -0.117132 -0.938565 0.324618 -0.79905 -0.537675 0.269118 -0.427388 -0.848603 0.31179 -0.825562 -0.509159 0.24332 -0.569818 -0.776497 0.268998 -0.133003 -0.949118 0.285457 -0.266959 -0.923709 0.274763 -0.1776 -0.944561 0.276157 -0.54089 -0.811673 0.220509 -0.330891 -0.922562 0.198469 -0.813501 -0.542973 0.20832 -0.699677 -0.689109 0.188629 -0.19775 -0.963938 0.178099 -0.378254 -0.905298 0.193285 -0.168333 -0.971701 0.165715 -0.690291 -0.705199 0.161842 -0.358411 -0.923451 0.137038 -0.177991 -0.975916 0.126126 -0.56408 -0.816102 0.125663 -0.166295 -0.977708 0.128191 -0.391024 -0.908655 0.146448 -0.800273 -0.591474 -0.0986014 -0.832747 -0.541969 0.113142 -0.791163 -0.605139 0.0886975 -0.561902 -0.823031 0.0829822 -0.463744 -0.884365 0.0532849 -0.343064 -0.938046 0.0487495 -0.195895 -0.980486 0.0164921 -0.740884 -0.666038 0.0865117 -0.793729 -0.605128 0.0617532 -0.489175 -0.871713 0.0287189 -0.45786 -0.888426 0.0326253 -0.244842 -0.969463 0.0139332 -0.191768 -0.981325 0.0150496 -0.780219 -0.625507 -0.000364983 -0.745202 -0.666754 0.0106257 -0.522918 -0.852335 0.00902996 -0.780154 -0.625472 -0.0120013 -0.796734 -0.603973 -0.0207659 -0.478321 -0.877996 -0.01822 -0.498267 -0.86691 -0.0140264 -0.322141 -0.946654 -0.008506 -0.792822 -0.606587 -0.059042 -0.800238 -0.591524 -0.0985854 -0.795317 -0.603185 -0.0603255 -0.53742 -0.842076 -0.045686 -0.525526 -0.849215 -0.0515339 -0.367235 -0.928979 -0.0462168 -0.236996 -0.971366 -0.0167418 -0.827296 -0.537082 -0.164695 -0.423421 -0.899424 -0.108404 -0.133465 -0.983593 -0.121376 -0.153847 -0.979907 -0.126942 -0.186555 -0.950427 -0.248771 -0.183938 -0.941586 -0.282103 -0.783398 -0.512779 -0.351206 -0.208891 -0.915876 -0.342836 -0.23384 -0.894835 -0.380249 -0.875861 -0.360965 -0.320267 -0.243203 -0.894583 -0.374932 -0.235023 -0.881137 -0.41032 -0.251214 -0.870298 -0.423642 -0.224594 -0.868974 -0.440956 -0.120126 -0.860867 -0.494447 -0.609281 -0.78281 -0.126437 -0.68215 -0.711643 -0.168034 -0.800726 -0.574153 -0.170839 -0.63525 -0.749498 -0.186308 -0.306846 -0.940436 -0.146375 -0.381268 -0.906364 -0.18204 -0.793853 -0.530666 -0.296971 -0.72308 -0.629594 -0.284195 -0.222342 -0.922624 -0.315166 -0.223697 -0.922518 -0.314516 -0.546973 -0.723307 -0.421484 -0.880502 -0.33693 -0.333457 -0.215531 -0.857205 -0.467702 -0.218903 -0.856506 -0.467416 -0.398119 -0.755067 -0.520936 -0.145044 -0.863865 -0.48239 -0.624962 -0.775348 -0.0908719 -0.832435 -0.531692 -0.156063 -0.82679 -0.515176 -0.225859 -0.364919 -0.900047 -0.23822 -0.623775 -0.741964 -0.245751 -0.725507 -0.636796 -0.261018 -0.181687 -0.950859 -0.250713 -0.452869 -0.852623 -0.260661 -0.401025 -0.860457 -0.314315 -0.496627 -0.792626 -0.353703 -0.484518 -0.790458 -0.374726 -0.555209 -0.721032 -0.414554 -0.766617 -0.470906 -0.436516 -0.589046 -0.644476 -0.487519 -0.544125 -0.66306 -0.51408 -0.36777 -0.928807 -0.0454183 -0.817453 -0.376925 -0.435544 -0.816962 -0.359884 -0.450619 -0.120373 -0.846313 -0.518907 -0.794101 -0.35501 -0.493327 -0.805335 -0.354364 -0.475249 -0.272302 -0.759067 -0.591328 -0.249155 -0.760897 -0.599131 -0.798148 -0.375568 -0.471072 -0.562011 -0.625906 -0.540727 -0.209915 -0.805348 -0.554392 -0.206521 -0.80285 -0.559268 -0.482373 -0.640416 -0.597649 -0.283573 -0.76988 -0.571727 0.00412227 0.00671239 0.999969 -0.0224872 -0.233268 -0.972153 -0.00564869 -0.0473605 -0.998862 -0.539208 -0.173684 -0.824068 -0.0131436 -0.13725 -0.990449 -0.0127307 -0.290751 -0.956714 -0.0127983 -0.335844 -0.941831 -0.47908 -0.505474 -0.71762 -0.527718 -0.447129 -0.722211 -0.00703477 0.0510799 -0.99867 -0.013112 -0.383414 -0.923483 -0.349489 -0.441263 -0.826526 -0.00574288 -0.779349 -0.626563 -0.376918 -0.472163 -0.796866 -0.00490765 -0.789256 -0.614044 -0.00609289 0.986806 0.161791 -0.267713 -0.647571 -0.713429 -0.257202 -0.695509 -0.670905 -0.26278 -0.73637 -0.623463 -0.87156 -0.187357 -0.453079 -0.83354 -0.184329 -0.520802 -0.802677 -0.17601 -0.569851 -0.867168 -0.186464 -0.46179 -0.668469 -0.14893 -0.728676 -0.541134 -0.132036 -0.830506 -0.66664 -0.15546 -0.728988 -0.330544 -0.0855607 -0.939904 -0.350427 -0.0913208 -0.932127 -0.0455006 -0.0413216 -0.998109 -0.816539 -0.187958 -0.545835 -0.0948877 -0.0445923 -0.994489 -0.155814 -0.0556277 -0.986219 -0.509925 -0.123514 -0.851305 -0.332634 -0.0943207 -0.938327 -0.767639 -0.16743 -0.618626 -0.718097 -0.171313 -0.674529 -0.491299 -0.150922 -0.857816 -0.380477 -0.122748 -0.916608 -0.325036 -0.0936781 -0.941051 -0.528436 -0.11455 -0.84121 -0.678339 -0.120689 -0.724769 -0.587266 -0.141483 -0.796932 -0.800625 -0.176124 -0.572696 -0.73026 -0.166098 -0.66267 -0.991448 0.130501 0 -0.991448 0.130501 0 -0.19345 -0.981109 -0.00155884 -0.151231 -0.98849 -0.00419689 -0.156441 -0.987687 -1.33332e-06 0.156481 0.987681 1.03618e-05 0.156427 0.987689 3.68862e-07 -0.156761 -0.987637 5.98675e-05 -0.156423 -0.98769 -9.76958e-07 -0.49506 0.00420568 -0.868849 -0.787892 0.134073 -0.601041 -0.828222 0.118844 -0.547654 -0.928534 0.133239 -0.346513 -0.985375 0.126709 0.113936 -0.976365 0.110405 0.185802 -0.920558 0.104882 0.376262 -0.913932 0.0953161 0.394517 -0.647666 0.0725483 0.758463 -0.0730157 -0.996691 0.0357307 -0.272083 -0.0329422 0.96171 -0.961569 -0.241806 0.13006 -0.0947138 -0.985761 0.138942 -0.0218753 -0.318354 0.94772 -0.165007 -0.359803 0.918322 -0.186821 -0.375745 0.907697 -0.922334 0.0229053 -0.385714 -0.904211 -0.426966 -0.0101628 -0.684335 -0.729104 0.00964332 -0.834336 -0.541613 -0.102656 -0.942327 -0.297205 -0.153911 -0.840362 -0.502668 -0.202771 -0.947163 -0.129645 -0.293386 -0.909342 -0.226662 -0.348886 -0.882772 -0.351498 0.31171 -0.816195 -0.524644 0.242023 -0.892314 -0.380461 0.242954 -0.862137 -0.453905 0.225146 -0.665427 -0.729055 0.160268 -0.822964 -0.539663 0.177468 -0.945372 -0.273737 0.17703 -0.949922 -0.255834 0.179435 -0.900211 -0.415906 0.129003 -0.245635 0.966356 0.0762867 -0.0930898 0.994745 0.0426112 -0.742726 -0.665447 0.074421 -0.993345 -0.0298001 0.111252 -0.961872 -0.249579 0.111858 -0.850041 -0.523915 0.0542572 -0.918161 -0.395417 0.0249999 -0.984814 -0.173071 0.0136752 -0.928842 -0.367528 -0.046652 -0.277161 0.960551 -0.0228679 -0.975946 -0.209059 -0.0618382 -0.857601 -0.508967 -0.0739778 -0.359643 0.932622 -0.0295487 -0.91693 -0.368046 -0.154216 -0.474568 -0.877933 -0.0633923 -0.934285 -0.316291 -0.164533 -0.97485 0.0430096 -0.218675 0.934285 0.316291 0.164533 -0.875258 -0.454811 -0.164534 -0.329217 0.93535 -0.129373 -0.95483 -0.00754726 -0.297057 -0.875339 -0.386146 -0.290986 -0.80041 -0.541679 0.256765 -0.56268 -0.806892 -0.179767 -0.679301 -0.69786 0.227028 -0.960294 0.209355 -0.184406 -0.687025 -0.704721 -0.177098 -0.67953 -0.100958 -0.726668 -0.332352 -0.941657 -0.0531465 -0.101513 -0.164445 -0.981149 -0.672333 -0.71822 0.179241 0.398639 -0.0977767 0.911881 0.282381 -0.0771837 0.956192 0.275897 -0.0763019 0.958154 0.100048 -0.0462455 0.993907 0.488487 -0.139508 0.861346 -0.0732789 0.0293423 -0.99688 0.23718 -0.259727 0.936102 -0.984821 0.147631 -0.0912806 0.229713 -0.0700493 0.970734 0.385048 -0.78213 0.489909 0.362242 -0.779072 0.511691 0.000369827 -0.574818 0.818281 0.303647 -0.798905 0.519182 0.00621154 0.299131 -0.954192 0.263481 -0.701621 0.662046 0.0014847 0.196171 0.980569 0.00456753 -0.972806 0.231578 0.275914 -0.569364 0.774401 0.00216375 0.899057 -0.437826 0.482228 -0.698048 0.529325 0.93517 -0.201247 0.291472 0.937822 -0.203365 0.281306 0.872002 -0.386334 0.300596 0.00560158 -0.513861 0.857855 0.00113472 -0.708359 0.705852 -0.00184552 -0.155382 0.987853 0.00170133 -0.336324 0.941745 0.355768 -0.445318 0.821657 0.895799 -0.188134 0.402679 0.00105907 -0.292597 0.956235 0.556671 -0.578048 0.596639 0.000595287 -0.242919 0.970046 0.82428 -0.175414 0.538323 0.000396248 -0.194531 0.980896 0.000450559 -0.138909 0.990305 -0.00125124 -0.367327 0.930091 0.499942 -0.404997 0.765529 0.713505 -0.166604 0.680554 0.582124 -0.165228 0.796135 0.563956 -0.165634 0.809023 0.160728 -0.863053 0.47886 0.978414 -0.182536 0.0968889 -0.196311 -0.830071 0.521962 -0.341702 -0.802478 0.489152 0.130637 -0.874529 0.467047 0.138708 -0.87134 0.470666 -0.690032 -0.405072 0.599811 -0.290487 -0.35242 0.889617 -0.274082 -0.626509 0.729634 -0.0391638 -0.175769 0.983652 0.0241086 -0.716926 0.696732 0.266201 -0.690858 0.672199 0.599225 -0.60375 0.525752 0.298281 -0.796352 0.526168 0.930808 -0.145382 0.335352 0.541229 -0.683552 0.489723 -0.771172 -0.00235139 0.636623 -0.132594 -0.866482 0.481277 -0.410177 -0.643434 0.646334 -0.126318 -0.870453 0.475769 -0.122309 -0.874505 0.469342 -0.123036 -0.876489 0.465435 -0.125808 -0.877123 0.463495 -0.242986 -0.392534 0.88706 -0.126538 -0.877127 0.463288 -0.125833 -0.877203 0.463337 -0.117774 -0.878717 0.462585 -0.102453 -0.88245 0.459115 -0.196481 -0.847716 0.49272 -0.130091 -0.845345 0.518139 -0.0691541 -0.856956 0.510729 0.00744928 -0.890906 0.454127 -0.0905424 -0.0775921 0.992865 -0.00251109 0.892429 -0.451181 0.00165401 -0.907873 0.419241 0.00647543 -0.910235 0.414042 0.692715 -0.191817 0.695235 -0.0757455 -0.836109 0.543308 0.0995199 -0.769028 0.631421 0.266075 -0.782988 0.562257 0.073216 -0.886351 0.457189 0.0974488 -0.884265 0.456705 0.107848 -0.885548 0.451855 0.108055 -0.887288 0.44838 0.116505 -0.885462 0.44987 0.126162 -0.883907 0.450324 0.880907 -0.326707 0.34244 0.125419 -0.883992 0.450364 0.127498 -0.883898 0.449965 0.123623 -0.883582 0.451665 0.120816 -0.882317 0.454884 0.121754 -0.879577 0.459914 0.126961 -0.876254 0.464822 -0.852288 -0.29271 0.433505 -0.315106 -0.807802 0.49816 -0.329843 -0.0131773 0.943944 -0.360543 -0.513988 0.778348 -0.277602 -0.67796 0.680667 -0.329815 -0.620956 0.71108 -0.406699 -0.555725 0.725097 -0.500157 -0.481741 0.719561 -0.377444 -0.463619 0.801619 -0.442903 -0.523753 0.727681 -0.340008 -0.415642 0.843585 -0.290388 -0.307046 0.90631 -0.312433 -0.363722 0.877549 -0.322172 -0.808778 0.49202 -0.279834 -0.25055 0.926778 -0.284998 -0.142759 0.947837 -0.279976 -0.185248 0.941964 -0.295324 -0.0986346 0.950292 -0.985995 0.123701 0.111861 -0.930116 0.0830759 0.357746 -0.940304 0.0903176 0.328133 -0.880666 0.0933307 0.464453 -0.889339 -0.28428 0.358136 -0.810209 -0.374442 0.450949 -0.787876 0.0770797 0.610991 -0.566277 0.0111626 0.824139 -0.527483 0.0168401 0.849399 -0.73974 0.0205672 0.672578 -0.609169 -0.301564 0.733466 -0.574191 -0.659834 0.484689 -0.264282 -0.0333832 0.963868 -0.409463 -0.729396 0.548016 -0.284039 -0.796007 0.534504 -0.247617 -0.766494 0.592598 -0.245577 -0.727682 0.640446 -0.267418 0.00869205 0.963542 -0.0936997 -0.0138039 0.995505 0.23326 -0.0671596 0.970092 0.957932 -0.226769 0.175902 0.883181 -0.20069 0.423927 0.283351 -0.706334 0.648694 0.709227 -0.548063 0.443424 0.733675 -0.415881 0.537369 0.302634 -0.507716 0.806621 0.406554 -0.250353 0.878656 0.536327 -0.237855 0.809801 0.332415 -0.154524 0.930388 0.378882 -0.780179 0.497764 0.263965 -0.836714 0.479825 0.199527 -0.871035 0.448872 0.224719 -0.855748 0.466044 0.92388 -0.353958 0.14546 0.511054 -0.73176 0.450945 0.200026 -0.876323 0.438233 -0.827643 -0.226485 0.513529 -0.939647 0.16943 0.29725 -0.123398 -0.886469 0.446033 0.920223 -0.349194 0.176788 0.193218 -0.876579 0.440768 0.198103 -0.87651 0.438731 0.200651 -0.876743 0.437105 -0.633208 0.0492598 0.772413 -0.644326 0.0693587 0.761599 -0.120912 -0.89111 0.437383 -0.327468 -0.703544 0.630707 -0.495055 -0.582001 0.645132 -0.098521 -0.893624 0.437869 -0.11684 -0.886519 0.447697 -0.106909 -0.0841719 0.9907 0.00897742 0.870551 -0.491996 0.0108189 -0.34451 0.93872 -0.0975896 -0.824546 0.557315 -0.0142127 -0.900365 0.434903 0.471907 -0.215855 0.854816 0.872017 -0.00673412 0.48943 0.350859 -0.650687 0.673427 0.874233 -0.0495119 0.482974 0.265593 -0.796467 0.543232 0.00763079 -0.944953 0.327117 0.0797816 -0.870436 0.485774 0.170187 -0.85628 0.487668 0.198198 -0.854854 0.479522 0.211979 -0.857339 0.469079 0.22374 -0.870314 0.438742 0.178434 -0.877953 0.444252 0.187212 -0.876998 0.442523 0.500512 -0.717662 0.484199 -0.901111 -0.194263 0.387635 -0.594789 -0.528797 0.605475 -0.456727 -0.7019 0.546569 -0.15002 -0.591544 0.792193 -0.298066 -0.780942 0.548895 -0.126697 -0.758881 0.638786 -0.891567 -0.128575 0.434254 -0.61673 0.0650303 0.784484 -0.505359 -0.187108 0.842379 -0.496039 -0.459241 0.736914 -0.0898396 -0.286137 0.953968 -0.0533864 -0.535528 0.842829 0.287624 -0.0742474 -0.954861 0.438294 -0.148944 -0.886405 0.155003 -0.621953 -0.76756 0.164498 -0.528944 -0.832561 0.143807 -0.574649 -0.805666 0.643902 -0.153991 -0.749451 0.621597 -0.531937 -0.57503 0.764572 -0.30057 -0.570164 0.917266 -0.246406 -0.312901 0.237108 -0.888106 -0.393761 0.167527 -0.935154 -0.312124 0.938187 -0.293581 -0.183347 0.616114 -0.709587 -0.341891 0.238385 -0.891667 -0.38484 0.547119 -0.718914 -0.428747 0.489914 -0.533657 -0.689343 0.183731 -0.783522 -0.593579 0.117889 -0.55653 -0.822421 0.00474156 -0.389635 -0.920957 0.00292968 -0.872547 -0.488522 -0.206535 -0.631373 -0.74747 -0.510028 -0.466056 -0.722955 -0.495106 -0.584642 -0.6427 0.944636 -0.244387 -0.218945 0.100798 -0.917429 -0.38492 0.0958183 -0.919042 -0.382336 0.215848 -0.876832 -0.429622 0.0881821 -0.921902 -0.377254 0.568727 -0.127631 -0.812564 0.0837185 -0.924 -0.373116 0.484368 -0.145868 -0.862619 0.0814073 -0.925696 -0.369404 0.0810877 -0.927173 -0.365752 0.0831445 -0.928308 -0.362398 0.0866006 -0.928557 -0.360947 0.421194 -0.827352 -0.371597 0.0943678 -0.928148 -0.36005 0.0898253 -0.928522 -0.360248 0.0605786 -0.938165 -0.340848 0.074102 -0.930021 -0.359958 0.440151 -0.684644 -0.580973 0.0601291 -0.938454 -0.34013 0.0580119 -0.940114 -0.335888 0.0573997 -0.940774 -0.33414 0.194856 -0.0635563 -0.978771 0.057463 -0.940607 -0.334599 0.0562768 -0.939792 -0.337081 0.0501023 -0.939484 -0.33891 0.0353617 -0.941492 -0.335175 0.165705 -0.690186 -0.704404 -0.308394 -0.057972 -0.949491 0.0275304 -0.944113 -0.32847 0.0244159 -0.940353 -0.339322 0.0112964 -0.935798 -0.352356 0.00859791 -0.935181 -0.354067 0.00409495 -0.934592 -0.355697 -0.0618678 -0.950513 0.304462 -0.757016 -0.0908236 -0.647053 -0.0152485 -0.855286 -0.517932 -0.150033 -0.872131 -0.465702 -0.141394 -0.899561 -0.413277 -0.177344 -0.893201 -0.413209 -0.187244 -0.873913 -0.448572 -0.283807 -0.702724 -0.652405 -0.413406 -0.692642 -0.591051 -0.545391 -0.596987 -0.588349 -0.537909 -0.600229 -0.591929 -0.851933 -0.241285 -0.464749 -0.441639 -0.386942 -0.809463 -0.580653 -0.132957 -0.803221 -0.293264 -0.028615 -0.955603 -0.00909495 -0.149187 -0.988767 -0.839659 -0.023011 -0.542627 -0.0889411 -0.0149037 -0.995925 -0.266614 0.00687156 -0.963779 -0.495879 0.0390611 -0.867513 -0.97681 0.120787 -0.176782 -0.764191 -0.296404 -0.57285 -0.036164 -0.349662 0.936177 -0.989178 0.0744542 -0.126422 -0.031705 -0.586311 -0.809466 -0.306188 -0.636446 -0.707944 -0.0476272 -0.706703 -0.705905 -0.0232935 -0.77323 -0.633697 -0.00824797 0.879527 0.475778 -0.470192 -0.0190729 -0.882358 -0.263513 -0.0553396 -0.963067 -0.471085 -0.0658362 -0.879627 -0.655706 -0.118464 -0.745665 -0.765854 0.0487767 -0.641162 -0.0111577 -0.343185 -0.939202 -0.777332 0.0541374 -0.626757 -0.528284 -0.15605 -0.834604 -0.022012 -0.190873 -0.981368 -0.892994 0.0861029 -0.441756 -0.0243736 -0.102854 -0.994398 -0.487086 -0.542084 -0.684757 -0.415602 -0.638515 -0.647746 0.106961 -0.815283 -0.569099 0.830268 -0.453041 -0.324669 0.820938 -0.198344 -0.535463 0.11116 -0.818794 -0.563223 0.121986 -0.821683 -0.556738 0.157959 -0.82385 -0.544353 0.172466 -0.814003 -0.554667 0.550054 -0.209047 -0.808542 0.170295 -0.816192 -0.552115 0.170288 -0.816211 -0.552088 0.170223 -0.81614 -0.552214 0.167196 -0.815076 -0.554704 0.161304 -0.817331 -0.553129 0.163079 -0.814396 -0.556925 0.16276 -0.811644 -0.56102 0.132683 -0.762027 -0.633806 0.0441807 -0.86776 -0.495015 0.0418877 -0.871048 -0.489409 0.230667 -0.0827938 -0.969504 0.0425101 -0.869592 -0.491938 0.0411261 -0.862435 -0.504494 -0.156298 0.0194646 -0.987518 -0.361426 -0.0119483 -0.932324 0.0205274 -0.86523 -0.500955 0.0907386 -0.809696 -0.579793 0.0115096 -0.821994 -0.569381 -0.0428214 -0.841069 -0.539231 -0.0109688 -0.870168 -0.492634 -0.158332 -0.351089 -0.922858 -0.441752 -0.354415 -0.824163 -0.71091 0.0885461 -0.697687 -0.0323152 -0.857541 -0.513399 -0.0589724 -0.848289 -0.52624 -0.0690434 -0.847115 -0.526906 -0.0718323 -0.849398 -0.522841 -0.0718324 -0.849679 -0.522384 -0.0727131 -0.848042 -0.524916 -0.101813 -0.815643 -0.569527 -0.165281 -0.802382 -0.573468 -0.16876 -0.801787 -0.573287 -0.170164 -0.801653 -0.573059 -0.164661 -0.800755 -0.575915 -0.164393 -0.797326 -0.580728 0.484376 -0.661299 -0.572768 0.506387 -0.561435 -0.654495 -0.5094 -0.304808 -0.804738 -0.758628 -0.311419 -0.572277 -0.94293 0.131041 -0.306124 -0.169861 -0.792212 -0.586129 0.481145 -0.661831 -0.574873 0.375537 -0.552211 -0.744336 0.0881074 -0.791781 -0.604417 0.336505 -0.392265 -0.856092 0.0449358 -0.53527 -0.843485 -0.153623 -0.365855 -0.917905 -0.151007 -0.341503 -0.927671 -0.219649 -0.667212 -0.711747 0.958136 -0.189061 -0.215018 0.96992 -0.18856 -0.153949 0.000197955 -0.367501 -0.930023 0.00349706 -0.233226 -0.972416 0.00251192 -0.290714 -0.956807 0.00197946 -0.335814 -0.941926 0.00168097 -0.383385 -0.923587 0.000673559 0.864966 -0.501831 0.265369 -0.464177 -0.845055 0.00608404 0.0268588 0.999621 -1.11651e-05 -0.459509 -0.888173 -0.00124045 -0.417935 -0.908476 0.487207 -0.591688 -0.642289 0.42883 -0.587521 -0.686239 0.453365 -0.226251 -0.862131 0.276483 -0.696179 -0.66249 0.187898 -0.755714 -0.627368 0.120615 -0.801023 -0.586357 0.391715 -0.214491 -0.894736 0.543009 -0.540147 -0.642949 0.530912 -0.148052 -0.834394 0.410935 -0.662148 -0.626652 0.547079 -0.148864 -0.823738 0.722058 -0.171293 -0.670292 0.757278 -0.178663 -0.62818 0.762287 -0.444417 -0.470543 0.842105 -0.210985 -0.496332 0.88418 -0.201405 -0.4215 0.180915 -0.0609718 -0.981607 0.257477 -0.0721992 -0.963583 -0.129642 -0.82505 0.549987 -0.10343 -0.65389 0.749487 -0.0283449 -0.175511 0.984069 -0.0597463 -0.618733 0.783326 0.0950273 -0.130375 0.9869 0.217689 -0.104886 0.970366 -0.0161042 -0.558311 0.829475 -0.00578147 -0.610554 0.791954 -0.170264 -0.980605 0.0970746 -0.0866854 -0.0781766 -0.993164 0.181293 -0.112871 0.97693 0.304899 -0.932333 0.1944 0.0232275 -0.527414 0.849291 0.0807673 -0.426707 0.900776 -0.0757415 -0.892959 0.443721 -0.0708838 -0.941901 0.328326 0.0447608 -0.270085 -0.961796 0.0764303 -0.436016 -0.896688 0.0893057 -0.213492 -0.972854 -0.155512 -0.97345 -0.16796 0.0663553 -0.0723876 -0.995167 0.0286894 -0.450307 -0.892413 0.180952 -0.0811131 -0.980141 -0.430826 -0.879443 0.202409 -0.0511776 -0.829235 -0.556551 -0.204072 -0.978949 0.00365259 -0.0884896 -0.333668 0.938528 -0.996942 -0.0781142 0.00223698 -0.685386 -0.728177 0.00197066 -0.29724 -0.954793 0.00434929 -0.389016 -0.921218 0.00488428 -0.208026 -0.978115 0.00396087 -0.954717 -0.297502 0.00301334 -0.97849 -0.206278 0.00260911 -0.920633 -0.390413 0.00357738 -0.557564 -0.83011 0.00627665 -0.635361 -0.772183 0.00713885 -0.311277 -0.370695 0.875038 -0.348648 -0.418853 0.838455 -0.240521 -0.92095 0.306595 0.146892 -0.621055 0.769879 -0.796672 -0.515554 0.315465 -0.82884 -0.559462 0.00506377 -0.879657 -0.47559 0.00424459 -0.706042 -0.708124 0.00808101 -0.771756 -0.635853 0.00913325 -0.47433 -0.88033 0.00551606 -0.670234 -0.742115 0.00727385 -0.998725 0.0504876 0 0.991445 -0.130527 -0.000207722 -0.996927 -0.0781131 -0.00585796 -0.999376 0.0346553 -0.00689956 -0.204069 -0.978937 -0.0062097 -0.297238 -0.954788 -0.00540984 -0.389017 -0.921219 -0.0047125 -0.378771 -0.92548 -0.00433742 -0.0330895 -0.0915406 -0.995251 -0.156953 -0.84207 -0.516027 -0.920632 -0.390412 -0.00381834 -0.954712 -0.297501 -0.00431054 -0.557571 -0.830121 -0.0037085 -0.635373 -0.772198 -0.00339278 -0.0711952 -0.108391 -0.991556 -0.978481 -0.206276 -0.0049002 -0.828847 -0.559467 -0.00325027 -0.87966 -0.475591 -0.00347389 -0.706061 -0.708144 -0.00321307 -0.99865 0.0308803 0.0417692 -0.474333 -0.880336 -0.00415495 -0.733624 -0.535766 -0.418033 0.528862 -0.848293 -0.026521 -0.1732 0.614665 -0.769538 -0.771785 -0.635876 -0.00316478 -0.736346 -0.04245 -0.675273 -0.287144 -0.415492 -0.863084 -0.0898653 -0.562836 -0.821669 -0.0274374 -0.166972 -0.98558 -0.0717746 -0.450278 -0.889999 -0.101134 -0.684167 -0.722279 -0.136145 -0.858544 -0.494336 -0.112581 -0.781506 -0.613656 0.130071 0.852444 0.506381 -0.101781 -0.123372 -0.987127 -0.150466 -0.00384353 -0.988608 -0.225123 -0.974245 0.0129002 -0.472904 -0.260581 -0.841701 -0.355794 0.024189 -0.934251 -0.222446 -0.38788 -0.894465 -0.435113 0.00305521 -0.900371 -0.607466 0.0623081 -0.791898 -0.172071 -0.984779 -0.024526 -0.777847 0.0487195 -0.626563 -0.912448 0.124303 -0.389855 -0.928863 0.117422 -0.35132 -0.765363 -0.524748 -0.372639 -0.865423 -0.446972 -0.226407 -0.973743 0.11877 -0.194211 -0.944967 0.0839672 -0.316208 -0.178384 -0.974163 -0.138511 -0.730071 0.0542653 -0.681213 -0.222733 -0.97258 -0.0669262 -0.215545 -0.975021 -0.0536172 -0.0309741 -0.995543 -0.0890778 -0.213651 -0.0211544 -0.976681 -0.151057 -0.0232516 -0.988252 0.139426 -0.0661435 -0.988021 0.329386 -0.135561 -0.934413 -0.06202 -0.992184 -0.108281 0.737838 -0.164824 -0.654544 0.869445 -0.253174 -0.424227 0.811449 -0.288501 -0.50825 0.965777 -0.184081 -0.182726 0.978172 -0.178944 -0.105632 -0.0590339 -0.991421 0.116615 0.855531 -0.134907 -0.499868 0.893006 -0.155047 -0.422494 0.951429 -0.176437 -0.252295 0.0250271 -0.341578 -0.93952 0.0704795 -0.0384181 -0.996773 0.391089 -0.0982788 -0.91509 -0.629791 0.40521 -0.662697 0.775252 -0.10239 -0.623298 0.559779 -0.111631 -0.821089 -0.156045 -0.976456 -0.148939 -0.106733 -0.980615 -0.164324 0.0948471 -0.452162 -0.886878 0.540115 -0.768534 0.342974 0.349801 -0.772689 -0.529708 0.924025 -0.230341 -0.305157 0.616283 -0.704969 -0.35102 0.59538 -0.460395 -0.658452 -0.132524 -0.991097 -0.0128448 0.384799 -0.423606 -0.820053 0.4099 -0.434301 -0.8021 -0.45296 -0.244726 -0.857284 -0.610037 -0.297033 -0.734592 -0.608964 -0.63057 -0.481191 -0.906316 0.108936 -0.40832 -0.175787 -0.952785 0.24759 -0.151624 -0.23112 0.961038 -0.668494 -0.6474 0.366044 -0.174493 -0.960687 0.215944 -0.987724 0.0301382 0.153277 -0.472264 -0.871168 -0.134284 -0.643721 0.0283734 0.764734 -0.522708 -0.182791 0.832685 0.237009 -0.27128 0.932863 0.454016 -0.179583 0.872708 -0.133142 -0.984457 0.114531 0.724265 -0.206914 0.657744 0.842915 -0.451684 0.292362 -0.105808 -0.993027 -0.051985 0.947273 -0.247173 0.20391 -0.0568683 -0.99755 0.0407378 0.761285 0.110583 0.638918 0.00824522 -0.356444 0.93428 0.713269 -0.167679 0.680537 0.590764 -0.13675 0.795171 0.513788 -0.112898 0.850456 -0.126277 -0.950256 0.284725 0.499027 -0.111972 0.859322 -0.0184198 -0.335651 0.941806 -0.0993034 -0.995034 0.00675732 0.956793 -0.179062 0.229093 0.834907 -0.183623 0.518858 0.903907 -0.142639 0.403245 0.934261 -0.171226 0.31279 -0.130668 -0.988728 -0.0730957 0.687874 -0.667616 0.284813 0.977701 -0.184564 0.100181 0.712739 -0.624444 0.319488 0.88116 -0.271993 0.386751 -0.156345 -0.984627 0.0778785 0.794931 -0.188228 0.576763 0.739802 -0.170516 0.65086 -0.167329 -0.981793 0.0899051 0.224788 -0.240219 0.944333 0.307763 -0.088327 0.947354 0.144242 -0.140232 0.979556 -0.374972 0.00588246 0.927018 -0.162654 -0.982554 0.0901772 -0.375571 -0.888399 0.263995 -0.563219 0.00559876 0.826289 -0.928117 -0.286479 0.237757 -0.96497 0.0888532 0.246855 -0.800978 0.0723109 0.594311 -0.272019 -0.961772 0.031642 -0.902043 0.106972 0.41818 -0.940659 0.113853 0.319684 -0.985397 0.127136 0.113266 -0.86582 0.114858 0.486995 -0.240455 -0.963665 -0.116323 0.0381788 0.265937 -0.963234 -0.00947085 0.0123532 -0.999879 -0.00840075 -0.0292696 0.999536 -0.221157 -0.969889 0.102005 -0.170262 -0.905022 0.389802 -0.577638 0.0376646 0.815424 -0.442942 0.0328235 0.895949 -0.474495 0.0433661 0.879189 -0.103133 -0.308808 0.945516 0.154358 0.988014 0.00104316 0.15604 0.987751 -0.000389401 0.0580194 0.449306 -0.891492 0.0598148 0.87006 -0.489304 0.0648419 0.444038 -0.893659 0.287027 0.854653 -0.432648 0.161192 0.15285 -0.975015 0.191757 0.0847787 -0.977774 0.921245 0.0170608 -0.388609 0.428112 0.0411115 -0.90279 0.997621 0.0472882 -0.0501653 0.178236 0.0847973 -0.980327 0.00522861 0.999725 -0.0228582 0.999334 -0.00744175 -0.0357166 0.740677 0.590837 -0.319858 0.728109 0.60891 -0.314779 0.747673 0.632567 -0.202098 0.378389 0.794048 -0.47572 0.951271 0.295798 -0.0871045 0.905285 0.409186 -0.114133 0.354882 0.876457 -0.325394 0.681284 0.70248 -0.205852 0.0448656 0.950204 -0.308381 0.121445 0.953917 -0.274395 0.650898 0.733631 -0.195237 0.1246 0.966915 -0.222598 0.0953167 0.960389 -0.261853 0.479495 0.86342 -0.156814 0.094159 0.963998 -0.24868 0.0816739 0.967527 -0.239208 0.640116 0.748901 -0.171461 0.971082 0.236149 -0.035133 0.957145 0.286838 -0.0399534 0.891069 0.447952 -0.0730487 0.80505 0.587579 -0.081527 0.0397374 0.984963 -0.168135 0.998548 0.0538434 -0.00193943 0.991005 0.133817 -0.00126595 0.972112 0.234506 -0.00228234 0.486858 0.869636 -0.0818671 0.438273 0.892538 -0.106263 0.949673 0.313226 -0.00317287 0.957196 0.289419 -0.00353685 0.947721 0.319084 -0.00318371 0.800685 0.597677 -0.0410512 0.790445 0.608011 -0.0742891 0.831006 0.553498 -0.0553936 0.0672456 0.990424 -0.120572 0.0602364 0.992117 -0.109887 0.0661576 0.990572 -0.119963 0.730683 0.681708 -0.0371048 0.622649 0.78112 -0.046468 0.523924 0.849168 -0.0664681 0.485744 0.870586 -0.0783139 0.416246 0.907225 -0.0606817 0.266579 0.962864 -0.0427667 0.133638 0.98998 -0.0456075 0.251839 0.96723 -0.0323099 0.00522997 0.999986 0 0.00522997 0.999986 0 0.133777 0.991011 0 0.133777 0.991011 0 0.266824 0.963745 0 0.266824 0.963745 0 0.417015 0.9089 0 0.417015 0.9089 0 0.525085 0.85105 0 0.545631 0.838026 0.000279147 0.623322 0.781965 -8.65626e-05 0.643303 0.765611 0.000110763 0.731187 0.682177 -0.000352705 0.754534 0.656261 0.000179917 0.832284 0.554349 -6.57529e-05 0.842608 0.538528 0.000210515 0.90732 0.420442 -0.000133622 0.999947 0.0103172 6.2682e-05 0.999045 0.0436393 0.0020641 0.991005 0.133817 0.0013669 0.972112 0.234506 0.00245953 0.941092 0.338114 0.00491921 0.949663 0.313222 0.00576607 0.995128 -0.0979197 0.0114992 0.842358 0.538368 0.0243347 0.776509 0.628647 0.0428702 0.754003 0.6558 0.0375054 0.642945 0.765186 0.0333497 0.545195 0.837355 0.0399916 0.527846 0.848231 0.0434036 0.416762 0.90835 0.0347698 0.282035 0.958488 0.0419164 0.266637 0.963073 0.0373528 0.133727 0.990644 0.0272286 0.00522682 0.999384 0.0347025 0.935666 0.348623 0.054693 0.843148 0.527569 0.103792 0.233747 0.96914 0.0782909 0.789445 0.608051 0.0839725 0.0345821 0.994992 0.0937857 0.990706 0.13378 0.0245816 0.507851 0.854337 0.110436 0.904683 0.425452 0.0232048 0.451769 0.882806 0.128679 0.0211792 0.994116 0.106225 0.607603 0.774031 0.178031 0.376246 0.89809 0.227758 0.287152 0.943876 0.163224 0.0652989 0.983686 0.167626 0.922678 0.370163 0.107914 0.130369 0.955779 0.263609 0.645088 0.725219 0.240664 0.996693 0.0498149 0.0641924 0.122498 0.949202 0.289845 0.135573 0.943263 0.303108 0.653677 0.719812 0.233616 0.996258 0.0575081 0.0645268 0.274124 0.0462168 0.960583 0.758389 0.0189988 0.651525 0.983309 0.0735465 0.166414 0.153529 0.0565871 0.986523 0.0808338 0.920816 0.381528 0.154477 0.0769371 0.984996 0.448014 0.597079 0.665418 0.127085 0.751932 0.646875 0.691072 0.604683 0.395953 0.0261961 0.28469 0.958262 0.000894828 0.00564984 0.999984 0.828137 0.00978137 -0.560441 0.521612 0.00793849 -0.853146 -0.0027922 0.780178 -0.625551 -0.787584 0.512127 -0.342691 0.139859 -0.025162 -0.989852 -0.288055 0.0822318 -0.954077 0.0571684 0.448312 -0.892047 -0.997221 0.0383014 -0.0639026 0.418284 0.68975 -0.591002 -0.882488 0.381865 -0.27458 0.987419 0.157973 -0.00691611 0.994489 0.104688 0.00570198 0.0156095 0.999364 -0.0320523 0.0539818 0.921423 -0.384792 0.0396675 0.950413 -0.308449 0.993835 0.10942 -0.0178974 0.177756 0.935897 -0.304137 -0.0200015 0.962483 -0.270602 0.269151 0.949646 -0.160407 0.00532902 0.976485 -0.215518 0.975013 0.216506 -0.049747 0.106828 0.9801 -0.167305 0.24191 0.970229 -0.011637 -0.0348738 0.992143 -0.120153 0.99336 0.114871 0.00633499 0.949027 0.315194 -0.000368708 -0.523271 0.851903 -0.0211804 0.385692 0.921908 -0.0364375 0.467578 0.883686 -0.0216805 0.783321 0.621618 4.5023e-05 0.470795 0.882243 -0.00049039 0.430102 0.90278 0 0.0156175 0.999878 0 0.0156175 0.999878 0 0.994489 0.104688 -0.00564923 0.996014 0.0890795 -0.00468041 0.949027 0.315194 0.00128214 0.159263 0.987148 0.0131999 0.54729 0.836659 0.0218115 0.470542 0.881768 0.0327917 0.0155996 0.99873 0.0478972 -0.00321672 0.999151 0.041061 0.547317 0.827182 0.127332 0.0131661 0.993745 0.110893 0.995751 0.0920537 -0.00235513 0.0898438 0.983285 0.15836 0.983623 0.178501 0.024985 0.0956854 0.964204 0.247294 0.986044 0.162006 0.0383604 0.108836 0.956697 0.269974 0.0621506 0.956705 0.284346 -0.0399139 0.139984 0.989349 0.235415 -0.0707898 0.969314 0.160632 0.922235 0.351683 -0.993836 0.05227 0.0977599 -0.990221 0.0784249 0.115379 -0.036391 0.783349 0.620517 0.0420722 0.676007 0.735693 -0.996549 0.0430742 0.0709519 0.504906 -0.0243186 0.862831 0 0.99998 -0.0063882 -0.996286 0.0859703 0.00475426 0 0.47688 0.878969 0 0 1 0 0 1 0 -0.269949 0.962875 0.519972 -0.811858 0.265549 -0.175246 -0.946146 0.272207 0.00768927 -0.97681 0.213971 0.333722 -0.917528 0.216267 0.785577 -0.618693 -0.00939614 0 -1 0 -0.101349 -0.99485 -0.00121222 0 0.00907411 -0.999959 0.995148 -0.0066365 -0.098168 0 -0.00887422 -0.999961 0 0.999649 -0.0264967 0.964108 -0.0228497 0.264527 0.950389 -0.016516 0.310624 0.935372 -0.0358209 0.351848 0.935798 -0.0368147 0.35061 0.919359 -0.0320006 0.392117 0.908152 -0.048607 0.415809 0.901462 -0.041793 0.430835 0.856166 -0.0684178 0.512152 0.239634 -0.970863 -0.00116176 0.242304 -0.9702 0.000217152 0.239773 -0.970828 -0.00112085 0.240903 -0.970549 -0.000629506 0.242246 -0.970215 0.000194724 0.243079 -0.970006 0.000728951 0.239974 -0.970779 0.000667528 0.239693 -0.970848 0.000884727 0.939856 -0.0240966 -0.340721 0.912311 -0.0389657 -0.407641 0.919134 -0.0660475 -0.388369 0.901444 -0.0611322 -0.428557 0.861648 -0.15951 -0.481787 0.241472 -0.970408 0.000199055 0.241806 -0.970325 6.86454e-05 0.241563 -0.970385 0.0002022 0.242942 -0.970041 -0.000598395 0 0 -1 0 0 -1 0 0 -1 0 0 -1 0 0 -1 0 0 -1 0.000624283 -0.00075716 -1 -0.000181392 0.000838195 -1 0 0 -1 0 0 -1 0 0 -1 0 0 -1 0.00148758 0.00415854 -0.99999 0.00689246 -0.000871803 0.999976 0 0 -1 0 0 -1 0 0 -1 0 0 -1 0 0 -1 -0.000727951 -0.93346 -0.358681 0 -0.926807 -0.375538 7.90907e-05 -0.941966 -0.335708 -0.000135055 -0.930943 -0.365164 0.00024358 -0.951034 -0.309085 -0.000630752 -0.958515 -0.285041 -0.000486433 -0.944965 -0.327171 0.000103237 -0.964939 -0.262474 -0.000945394 -0.969386 -0.24554 -0.000221978 -0.957428 -0.288671 4.82917e-05 -0.972974 -0.230917 -0.000158363 -0.975319 -0.2208 -0.000609876 -0.977003 -0.213224 -0.000912995 -0.977713 -0.209945 -0.00149448 -0.978718 -0.205205 -0.00182583 -0.979176 -0.203003 -0.000409048 -0.968265 -0.249925 0.0396414 -0.999214 -0.000687255 -0.0020176 -0.979389 -0.201971 0 -0.977613 -0.210413 0.0361592 -0.999346 8.37216e-05 -0.00365344 -0.977688 0.210028 -0.000295399 -0.977878 0.209178 -0.00174459 -0.979094 0.2034 -0.0011647 -0.978224 0.207548 -0.000593858 -0.976986 0.213302 -0.000184181 -0.97563 0.219421 5.95569e-05 -0.973651 0.228046 -0.000145551 -0.970652 0.240489 -0.00196298 -0.979342 0.2022 -0.000613932 -0.968222 0.250092 -1.15505e-05 -0.965003 0.262238 -6.33736e-06 -0.961229 0.27575 -0.000628808 -0.968265 0.249925 -0.000470616 -0.957202 0.28942 3.57112e-05 -0.952881 0.303345 -0.000530679 -0.957428 0.288671 0.000231302 -0.94043 0.339988 -0.000947545 -0.947602 0.319452 -0.000151211 -0.94496 0.327185 0 -0.929239 0.369478 -0.000323062 -0.930943 0.365164 0 -1 0 0 -1 0 3.57451e-07 -0.0183446 -0.999832 1.72905e-05 -0.0508546 -0.998706 -2.29248e-05 -0.0240374 -0.999711 3.44515e-05 -0.0890638 -0.996026 -2.42221e-05 -0.0744383 -0.997226 5.93627e-05 -0.147076 -0.989125 -3.82196e-05 -0.122379 -0.992483 -3.44361e-05 -0.170293 -0.985393 -8.72891e-05 -0.199646 -0.979868 5.33534e-05 -0.253744 -0.967271 8.53821e-05 -0.218751 -0.975781 -2.34397e-05 -0.266967 -0.963706 3.69666e-05 -0.31296 -0.949766 0.000379936 -0.35281 -0.935695 0.000292611 -0.358754 -0.933432 -2.82555e-05 -0.405838 -0.913945 2.64172e-05 -0.448844 -0.89361 0.000405236 -0.487805 -0.872952 0.000317716 -0.492837 -0.870122 -2.31571e-05 -0.534123 -0.845407 2.58118e-05 -0.575285 -0.817953 0.000368984 -0.605777 -0.795634 0.000223407 -0.614058 -0.789261 -4.3763e-05 -0.653406 -0.757007 0.000252067 -0.696631 -0.717429 0.00012019 -0.688793 -0.724958 -2.83715e-05 -0.723169 -0.690671 5.98503e-05 -0.757047 -0.653361 0.000167609 -0.763432 -0.645889 -5.59179e-05 -0.787792 -0.615941 9.87055e-05 -0.812124 -0.583485 4.65055e-06 -0.817333 -0.576166 -2.04273e-05 -0.843485 -0.537153 9.80486e-05 -0.850187 -0.526481 0.000152867 -0.884519 -0.466505 -4.45854e-05 -0.870079 -0.492913 4.67765e-07 -0.892719 -0.450613 0 -0.910684 -0.413104 9.84169e-05 -0.91391 -0.405918 0 -0.916962 0.398975 2.24957e-05 -0.90025 0.435374 -6.09093e-05 -0.91391 0.405918 9.05108e-05 -0.878095 0.478486 -6.89047e-05 -0.892719 0.450613 0.000100766 -0.852949 0.521994 -1.93182e-05 -0.870079 0.492913 4.00326e-05 -0.822666 0.568526 -3.96029e-05 -0.843485 0.537153 4.89909e-05 -0.792472 0.609908 -3.32005e-05 -0.817278 0.576244 -1.78751e-05 -0.787854 0.615861 2.56227e-05 -0.756067 0.654495 1.15964e-05 -0.756974 0.653445 0.000119571 -0.712876 0.70129 -6.93069e-06 -0.723169 0.690671 0.000110829 -0.655279 0.755387 -5.5923e-05 -0.688883 0.724873 8.36719e-05 -0.653406 0.757007 0.000141559 -0.589851 0.807512 -4.19986e-05 -0.614271 0.789095 -5.70262e-06 -0.575056 0.818114 -4.23862e-06 -0.534123 0.845407 0.000240087 -0.508484 0.861071 6.35467e-05 -0.492707 0.870195 -3.87942e-05 -0.44898 0.893542 0.00016057 -0.416661 0.909062 5.51995e-05 -0.405838 0.913945 -2.79646e-05 -0.359052 0.933318 0.000162251 -0.327069 0.945 3.82773e-05 -0.312652 0.949868 -2.32124e-05 -0.266967 0.963706 3.55488e-05 -0.256795 0.966466 -6.56209e-05 -0.204856 0.978792 4.54642e-05 -0.218751 0.975781 -2.74766e-05 -0.166185 0.986095 -1.66968e-06 -0.170293 0.985393 1.67046e-06 -0.124468 0.992224 -1.0065e-05 -0.122386 0.992483 6.41642e-06 -0.0820686 0.996627 -2.4211e-05 -0.0744321 0.997226 1.72905e-05 -0.0508546 0.998706 -2.25213e-05 -0.0243066 0.999705 0 -0.0188089 0.999823 0 -0.941947 -0.33576 0.00217012 -0.996682 -0.0813595 0 -0.996419 0.0845505 0 -0.9965 0.0835883 0.000210296 -0.995465 0.0951263 -9.86894e-05 1 5.05369e-05 -6.36222e-06 1 -5.4292e-06 -8.44831e-06 1 -4.85001e-06 2.58124e-05 1 -9.05167e-05 -8.46058e-06 1 -5.86322e-06 -4.35252e-06 1 -8.41562e-06 1.22163e-05 1 -1.25086e-05 -1.55009e-05 1 1.36454e-05 0 1 0 0 1 0 -5.12215e-05 1 9.21678e-05 0 1 0 1.72111e-05 1 -8.15103e-05 0 1 0 0 1 0 0 1 0 0 1 0 0 1 0 -4.19795e-05 1 -1.9956e-05 0 1 0 0 1 0 0 1 0 0 1 0 0 1 0 0 1 0 0 1 0 -1.64398e-05 1 -3.58374e-05 0 1 0 1.50762e-05 1 3.92243e-06 0 1 0 0.0425682 0.99857 -0.0323393 -8.94119e-06 1 5.22663e-06 -4.05815e-06 1 2.73341e-05 0 1 0 -7.7149e-06 1 5.38694e-06 0 1 0 -0.000148529 1 -4.5165e-05 5.15816e-05 1 -0.000186375 5.63953e-05 1 0.000104888 0.000125608 1 2.54659e-05 -5.51741e-06 1 7.0613e-06 0.000105565 1 1.49997e-05 0 1 0 -3.06637e-06 1 1.56546e-05 -0.00025317 -1 0.000579295 5.95828e-05 -1 -0.000136335 0 1 0 0 1 0 0 1 0 0.000124895 1 -0.000278509 0 1 0 0 1 0 0 1 0 0 1 0 0 1 0 0 1 0 0 1 0 0 1 0 1.55743e-05 1 -8.74133e-05 1.86112e-05 1 4.98803e-05 0.000190326 1 3.41747e-05 0.000179506 1 5.18088e-05 0.000188265 1 7.87677e-05 0.000131861 1 2.21521e-06 0 1 0 0 1 0 -7.47003e-05 1 0.000146568 2.51996e-05 1 4.23343e-07 1.55153e-05 1 1.31321e-05 3.57318e-05 1 9.11872e-05 0 1 0 0 -1 0 0 -1 0 0 1 0 0 1 0 0 1 0 0 1 0 0 1 0 0 -1 0 0 1 0 0.00149058 0.999994 0.00319058 0.678106 -0.733666 -0.0436635 0.707111 -0.707103 -0.000167807 0.707387 -0.706827 0.000486467 0.707499 -0.706715 0.000306576 0.706775 -0.707438 -0.000259134 0.70704 -0.707173 -0.000156153 0.706986 -0.707228 0.000223398 0.70718 -0.707034 -3.26473e-05 0.707041 -0.707173 -0.000158382 0.70712 -0.707094 2.6846e-07 0.707088 -0.707126 -8.88201e-05 0.673198 -0.73661 0.0648864 0.707181 -0.707033 9.28463e-05 0.70726 -0.706953 2.13083e-05 0.707213 -0.707001 7.57441e-05 -0.895836 0.0626466 0.439947 1 0 0 1 0 0 -0.819583 0.0498093 -0.570792 -0.537587 0.825732 0.170787 1 0 0 1 0 0 -0.00229092 0.919059 -0.394113 -0.000100211 0.999906 -0.0137485 0.000967759 0.999972 0.00736716 0 0.999976 -0.00686742 0.00114357 0.999619 -0.0275967 0.879657 -3.61365e-05 0.475608 0.879788 -5.12879e-06 0.475366 0.900281 3.32112e-05 0.435309 0.899895 -5.62537e-05 0.436107 0.918587 1.85332e-05 0.395219 0.918292 -5.82198e-05 0.395905 0.934873 5.4099e-05 0.354983 0.935289 -6.06285e-05 0.353884 0.949531 8.45844e-05 0.313674 0.950122 -0.000100085 0.31188 0.962797 8.74524e-05 0.270225 0.963965 -0.000416746 0.26603 0.972846 0.00030707 0.231455 0.975127 -0.000345004 0.221648 0.982155 -0.000480949 0.188073 0.979902 0.000577245 0.199476 0.98807 0.00169325 0.153999 0.989213 0.000712729 0.146481 0.994486 0.000273149 0.10487 0.998026 -0.000548544 0.0627967 0.994997 0.000868919 0.0998976 0.998607 0.000301423 0.0527737 0.999788 -0.000310523 0.0205846 0.999983 0.00122851 0.00568691 0.999788 -0.000127549 -0.0205855 0.999162 0.00130674 -0.0409115 0.998026 -0.000548543 -0.0627967 0.99608 0.000431576 -0.0884619 0.994767 -0.000479728 -0.102169 0.992449 0.000720311 -0.122657 0.988587 -0.000335003 -0.150648 0.987394 0.00024786 -0.158284 0.982241 -0.000371464 -0.187625 0.980128 0.000696822 -0.198363 0.973755 -0.000392623 -0.227597 0.973338 -0.000226838 -0.229374 0.970186 -2.67367e-05 -0.242361 0.963048 7.45552e-05 -0.269329 0.966124 -0.00142682 -0.258074 0.962384 -0.000934213 -0.271691 0.962811 9.14221e-05 -0.270175 0.950108 -9.59445e-05 -0.31192 0.94954 8.17882e-05 -0.313647 0.935301 -6.37823e-05 -0.353854 0.934879 5.25471e-05 -0.354968 0.918284 -6.00404e-05 -0.395921 0.918587 1.84995e-05 -0.395219 0.899895 -5.62906e-05 -0.436107 0.900256 2.73511e-05 -0.435361 0.879836 0 -0.475277 0.879788 -1.14718e-05 -0.475366 0 0 1 0 0 1 0 0 1 0 0 1 0 0 1 1.45107e-05 -8.53557e-06 1 0 0 1 0 0 1 0 0 1 0 0 1 0 0 1 0 0 1 0 0 1 0 0 1 0 0 1 0 0 1 -5.31032e-06 2.51247e-05 1 0 1 0 0 1 0 -0.00784094 0.990693 0.135892 -0.00509812 0.916309 0.400439 0.00425139 0.71403 0.700102 -0.0312835 -0.871503 -0.489391 -0.007006 0.463317 0.886165 0.00198062 0.323994 0.946057 -0.0182603 0.158648 0.987166 0.00998167 0.0716364 -0.997381 -0.0113934 -0.999214 -0.0379782 -0.00428014 0.978535 -0.206038 0.00185442 0.880005 -0.474961 -0.00698711 0.847995 -0.529959 0.00701189 0.487642 -0.873015 0.00183447 0.456459 -0.889742 -0.0116225 0.0458102 0.998883 -0.437447 0.712509 -0.548609 -0.584869 0.742803 -0.32584 0 1 0 0 1 0 -0.308361 0.764428 -0.566183 -0.310733 0.741928 -0.594128 0 1 0 -0.232953 0.713439 -0.660861 -0.683074 0.723032 -0.103125 0 1 0 0 1 0 0 1 0 0 1 0 0.051529 0.723139 -0.688778 -0.667853 0.741752 0.0614462 -0.642939 0.764399 0.0481927 0 1 0 0 1 0 0 1 0 0 1 0 0 1 0 0 1 0 0 1 0 0 1 0 0.180716 0.744864 -0.642277 -0.620899 0.723086 0.302705 -0.591611 0.757917 0.274881 0 1 0 0.322871 0.737771 -0.592831 0 1 0 0 1 0 0 1 0 0 1 0 0.433849 0.737857 -0.517051 0 1 0 -0.491821 0.706082 0.509471 -0.499814 0.715923 0.487483 0 1 0 0 1 0 0.524407 0.728937 -0.440056 0.530225 0.7232 -0.442541 0 1 0 0 1 0 0 1 0 0 1 0 0 1 0 0 1 0 0.584552 0.737851 -0.337455 -0.319122 0.714772 0.622304 0 1 0 0 1 0 0.368152 -0.590815 -0.717915 -0.260616 0.756618 0.599673 0.639652 0.738012 -0.214904 -0.142562 0.750771 0.644995 0 1 0 0 1 0 0.664681 0.737861 -0.117306 0 1 0 0 1 0 -0.0341495 0.738464 0.673427 0 1 0 0 1 0 0 1 0 0 1 0 0.0515297 0.723138 0.688779 0.698671 0.712023 0.0698693 0.640648 0.749795 0.165461 0 1 0 0.635651 0.754814 0.161879 0.216657 0.74716 0.628341 0.219772 0.743339 0.631782 0 1 0 0 1 0 0 1 0 0 1 0 0.595197 0.749761 0.289134 0.590957 0.754842 0.284577 0 1 0 0 1 0 0 1 0 0.584099 0.707272 0.398239 0 1 0 0 1 0 0 1 0 0 1 0 0 1 0 0.406718 0.75172 0.519132 0 1 0 0 1 0 0 1 0 0.832428 -0.000149845 0.554133 0.846297 0.000830665 0.532711 0.865673 0.000503343 0.50061 0.844091 -0.000596554 0.5362 0.88395 0.0002869 0.467582 0.864535 -0.00026763 0.502573 0.883564 7.58675e-06 0.46831 0.0437503 4.69796e-06 0.999043 0.0524744 0.000230701 0.998622 0.133461 -0.000192081 0.991054 0.149352 0.000445919 0.988784 0.245578 -0.000513183 0.969377 0.268201 0.000232328 0.963363 0.359556 -0.00020632 0.933124 0.361123 -0.000143375 0.932518 0.455038 -0.000638781 0.890472 0.436452 -8.25378e-05 0.899728 0.508603 6.9348e-05 0.861001 0.560507 -0.000926197 0.828149 0.57796 -0.000113777 0.816065 0.654575 -3.72896e-05 0.755997 0.666308 -0.000610243 0.745676 0.739831 -0.000292368 0.672792 0.726482 0.000249113 0.687186 0.797696 -0.000391489 0.60306 0.78013 0.000198006 0.625617 0.819842 2.81932e-05 0.57259 0.882872 1.96459e-05 0.469615 -0.985416 -0.128831 -0.111164 -0.981327 -0.157258 -0.110755 -0.991113 -0.0917568 -0.0963153 -0.995739 -0.0547451 -0.0742074 -0.983259 -0.158431 -0.0900035 -0.996293 -0.0540547 -0.0669172 -0.995708 -0.0521377 -0.0764721 -0.988251 -0.138604 -0.0644063 -0.995342 -0.0436415 -0.0859621 -0.964755 -0.221909 -0.141438 -0.995778 -0.0204788 -0.0894821 -0.915862 -0.373779 -0.146583 -0.935099 -0.331495 -0.125299 -0.996688 0.000671801 -0.0813157 -0.911742 -0.388178 -0.134331 -0.949012 -0.301505 -0.0920442 -0.944046 -0.315763 -0.0952418 -0.930679 -0.35423 -0.0914161 -0.924141 -0.373495 -0.0804113 -0.919398 -0.390001 -0.0510502 -0.952918 -0.29514 -0.069568 -0.918405 -0.391853 -0.0546222 -1 0 0 -0.833189 -0.292461 0.469321 -1 0 0 -1 0 0 -1 0 0 0.976448 -0.114106 -0.18311 -0.975719 -0.116325 0.185584 -1 0 0 -1 0 0 -1 0 0 -0.0332475 -0.00911523 -0.999406 -1 0 0 0.857255 0.235028 -0.458122 -0.306869 0.8071 -0.504401 -1 0 0 -0.968502 0.243661 -0.0513047 -0.988642 0.150289 0.000959291 -0.997665 -0.0665239 0.0154566 -0.984614 -0.165134 0.0571442 -0.981081 -0.180232 0.0706825 -0.895897 -0.421524 0.140305 -0.821072 -0.517666 0.240548 -0.821892 -0.495309 0.281357 -0.904383 -0.348881 0.245712 -0.990251 -0.0762994 0.116539 -0.998825 -0.0366957 0.0316667 -0.99835 -0.0396129 0.0415763 -0.997886 -0.0400063 0.0512081 -0.997645 -0.0366744 0.0579652 -0.997775 -0.0231744 0.0625192 -0.998152 -0.00892972 0.0601046 -0.998532 0.0039323 0.0540219 -0.998682 -0.0363047 0.0362926 -1 0 0 -0.994916 0.0159797 0.0994318 -0.995254 0.0964104 0.0132245 -0.987792 0.0721753 0.138046 -0.108264 0.632711 0.766783 -0.146463 0.921328 -0.360144 -1 0 0 -1 0 0 -1 0 0 0.883567 0 -0.468305 0.883951 0.00028375 -0.46758 0.865666 0.00051004 -0.500622 0.86449 -0.000269797 -0.502649 0.846299 0.000813189 -0.532707 0.832461 -0.0003185 -0.554084 0.844123 -0.000585808 -0.536149 0.79229 -0.000270923 -0.610145 0.786948 3.68638e-05 -0.617019 0.725243 -0.000405021 -0.688493 0.726482 -0.000329437 -0.687186 0.626668 -0.000414987 -0.779286 0.637808 0.000251012 -0.770195 0.517718 -0.000667047 -0.855551 0.545691 0.000437428 -0.837986 0.425842 -0.000348357 -0.904797 0.451271 0.000326058 -0.892387 0.3613 0.000402943 -0.932449 0.31648 -0.000833267 -0.948599 0.267917 0.000164461 -0.963442 0.20212 -0.00095999 -0.97936 0.171737 3.26255e-05 -0.985143 0.0944896 -0.000128807 -0.995526 0.0897221 -0.00027531 -0.995967 0.0192683 6.78162e-07 -0.999814 0.0245561 7.87679e-05 -0.999698 0.70327 0.710898 0.00602499 0.709504 0.703575 0.0398226 0.703818 0.699049 0.126377 0.703148 0.699975 0.12497 0.684751 0.706994 0.176852 0.687985 0.698031 0.198566 0.65722 0.701749 0.274973 0.683533 0.683889 0.255103 0.655847 0.71411 0.24477 0.633598 0.680001 0.368988 0.636495 0.706592 0.309196 0.617087 0.69207 0.37449 0.55293 0.707033 0.440877 0.530079 0.707034 0.468102 0.559865 0.679707 0.473867 0.561758 0.702735 0.436568 0.495397 0.710932 0.499157 0.527506 0.702952 0.47707 0.467712 0.703243 0.535438 0.471571 0.713551 0.518136 0.446434 0.703105 0.553479 0.399706 0.703594 0.58753 0.41459 0.711048 0.567913 0.350919 0.706747 0.6143 0.307014 0.707008 0.637088 0.355717 0.712751 0.604526 0.309263 0.702967 0.640463 0.352533 0.705598 0.614697 0.290408 0.695296 0.657439 0.291386 0.711822 0.639064 0.266675 0.70317 0.659117 0.221534 0.707964 0.670604 0.177027 0.708963 0.682666 0.22933 0.710674 0.665095 0.151611 0.706823 0.690952 0.105515 0.707023 0.699275 0.122734 0.695856 0.707617 0.178198 0.689392 0.702129 0.161234 0.716205 0.679009 0.0836811 0.695331 0.713802 0.0901058 0.712048 0.696325 0.0525899 0.699603 0.712594 -0.0342229 0.693867 0.719289 0.0122391 0.683764 0.729601 0.01176 0.713028 0.701037 -0.115546 0.70022 0.704515 -0.0561233 0.705482 0.706502 -0.125617 0.70546 0.697529 -0.179623 0.705208 0.68587 -0.247071 0.700863 0.669139 -0.20821 0.682691 0.700415 -0.198854 0.716223 0.668941 -0.261238 0.709172 0.654851 -0.317669 0.706379 0.632546 -0.312692 0.70883 0.632285 -0.370679 0.707153 0.602106 -0.377518 0.689917 0.617652 -0.366466 0.70009 0.612843 -0.40557 0.711063 0.574371 -0.444185 0.709188 0.547497 -0.436676 0.704969 0.558867 -0.539749 0.70421 0.461259 -0.556918 0.711081 0.429192 -0.585606 0.709445 0.392114 -0.619623 0.706003 0.342968 -0.581446 0.705045 0.405996 -0.666185 0.698965 0.260088 -0.659867 0.719657 0.216032 -0.690092 0.682489 0.240794 -0.694961 0.695598 0.182133 -0.677551 0.70697 0.202773 -0.692002 0.706968 0.146044 -0.702131 0.703299 0.11128 -0.713344 0.689358 0.1262 -0.685749 0.715756 0.132067 -0.713285 0.699654 0.0413278 -0.702238 0.709004 0.0646098 -0.712368 0.701802 0.00253468 -0.702433 0.711745 -0.00257567 -0.717584 0.69584 -0.0296739 -0.700498 0.712488 -0.0407834 -0.71459 0.695252 -0.0773701 -0.698868 0.712092 -0.0671414 -0.707429 0.699646 -0.100203 -0.697706 0.69582 -0.170416 -0.68933 0.707161 -0.157311 -0.677551 0.706971 -0.202774 -0.705384 0.695517 -0.136707 -0.688196 0.711571 -0.141607 -0.679968 0.702587 -0.209798 -0.669899 0.713102 -0.206691 -0.681112 0.685376 -0.257578 -0.650681 0.715148 -0.255299 -0.660494 0.689412 -0.29742 -0.643344 0.712751 -0.279455 -0.63615 0.697436 -0.329993 -0.603092 0.715951 -0.351702 -0.554257 0.717517 -0.421863 -0.581386 0.706866 -0.402903 -0.502277 0.712676 -0.489704 -0.539458 0.705029 -0.460347 -0.491168 0.70511 -0.511442 -0.432554 0.705203 -0.56177 -0.378856 0.706768 -0.59745 -0.359208 0.690755 -0.627556 -0.328895 0.704535 -0.628855 -0.287553 0.703784 -0.649616 -0.228471 0.731546 -0.642372 -0.282165 0.691596 -0.664889 -0.178332 0.705425 -0.685983 -0.164894 0.691255 -0.703546 -0.161899 0.712605 -0.68263 -0.121215 0.715373 -0.688148 -0.0881652 0.700825 -0.707864 -0.11709 0.706709 -0.697748 -0.0703427 0.706899 -0.703808 -0.123457 0.702523 -0.700871 -0.0525427 0.712519 -0.699683 -0.0410108 0.704524 -0.708494 0.0174217 0.709373 -0.704618 -0.0536056 0.698257 -0.713837 -0.0351413 0.707092 -0.706248 0 0.707089 -0.707125 0.0235958 0.695475 -0.718163 0.0165592 0.708642 -0.705374 0.0646536 0.703445 -0.707803 0.0907737 0.713813 -0.694429 0.0836679 0.695342 -0.713792 0.123125 0.700701 -0.702751 0.116121 0.712526 -0.69197 0.153927 0.711549 -0.685569 0.160938 0.701856 -0.6939 0.181033 0.700211 -0.690603 0.261999 0.711579 -0.651929 0.224851 0.701496 -0.676273 0.234306 0.712541 -0.661352 0.332615 0.692644 -0.640009 0.312144 0.703808 -0.638138 0.394775 0.701347 -0.59352 0.355889 0.706725 -0.61146 0.398448 0.706992 -0.584295 0.355894 0.709363 -0.608394 0.408416 0.716136 -0.565991 0.440564 0.704459 -0.556454 0.431471 0.691945 -0.57883 0.503116 0.695024 -0.51363 0.490633 0.687727 -0.53508 0.475869 0.710078 -0.518978 0.553166 0.71153 -0.43328 0.603208 0.705211 -0.372582 0.621814 0.703984 -0.343153 0.587335 0.714958 -0.379305 0.641023 0.706284 -0.30042 0.669805 0.707335 -0.225917 0.644675 0.707012 -0.290738 0.663912 0.706741 -0.244412 0.645043 0.691893 -0.32435 0.630326 0.713384 -0.306223 0.678272 0.693895 -0.241778 0.68944 0.702753 -0.175533 0.713906 0.676241 -0.181762 0.710025 0.686423 -0.157122 0.710194 0.701027 -0.064699 0.699957 0.70671 -0.103058 0.706226 0.706791 -0.0411244 0.709225 0.703988 -0.0374277 0.690341 0.723254 -0.0182771 0.696869 0.710109 -0.100589 0 0.999704 0.0243117 0 0.999704 0.0243117 0 0.997339 0.0729004 0 0.997339 0.0729004 0 0.992622 0.121249 0 0.992622 0.121249 0 0.985578 0.169222 0 0.985578 0.169222 0 0.976139 0.217149 0 0.976139 0.217149 0 0.964497 0.264092 0 0.964497 0.264092 0 0.950497 0.310735 0 0.950497 0.310735 0 0.934192 0.356772 0 0.934192 0.356772 0 0.915892 0.401424 0 0.915892 0.401424 0 0.895176 0.445714 0 0.895176 0.445714 0 0.872593 0.488448 0 0.872593 0.488448 0 0.847783 0.530343 0 0.847783 0.530343 0 0.820828 0.571176 0 0.820828 0.571176 0 0.792475 0.609904 0 0.792475 0.609904 0 0.761431 0.648246 0 0.761431 0.648246 0 0.729441 0.684044 0 0.695067 0.718945 0 0.729441 0.684044 0 0.659168 0.751996 0 0.695067 0.718945 0 0.659168 0.751996 0 0.622284 0.782792 0 0.583322 0.812241 0 0.622284 0.782792 0 0.543066 0.83969 0 0.583322 0.812241 0 0.543066 0.83969 0 0.501666 0.865061 0 0.501666 0.865061 0 0.459221 0.888322 0 0.41522 0.909721 0 0.459221 0.888322 0 1 0 0 1 0 0 0.371112 -0.928588 0 0.415036 -0.909805 0 0.371112 -0.928588 0 0.45928 -0.888292 0 0.415036 -0.909805 0 0.501668 -0.86506 0 0.45928 -0.888292 0 0.543064 -0.839691 0 0.501668 -0.86506 0 0.583273 -0.812276 0 0.543064 -0.839691 -0.000223094 0.624157 -0.781299 0.00011056 0.5852 -0.810889 -4.23275e-05 0.729682 -0.683787 -0.000568244 0.690668 -0.723172 0.000223736 0.871453 -0.490479 -0.000211108 0.895146 -0.445773 0 0.893409 -0.449244 0 0.915892 -0.401424 0 0.915892 -0.401424 0 0.934192 -0.356772 0 0.934192 -0.356772 0 0.950497 -0.310735 0 0.950497 -0.310735 0 0.964492 -0.264111 0 0.964492 -0.264111 0 0.976142 -0.217133 0 0.976142 -0.217133 0 0.985576 -0.169234 0 0.985576 -0.169234 0 0.992626 -0.121214 0 0.992626 -0.121214 0 0.997338 -0.0729164 0 0.997338 -0.0729164 0 0.999704 -0.0243135 0 0.999704 -0.0243135 -1 0 0 0.0530248 0.798556 0.599581 1 0 0 1 0 0 1 0 0 1 0 0 1 0 0 -1 0 0 1 0 0 0 0.999749 0.0224152 0.00105128 0.997367 0.0725176 0 0.99372 0.111899 0.00161165 0.995407 0.0957248 0 0.987705 0.15633 0 0.987705 0.15633 0.000142123 0.980012 0.198939 0 0.979726 0.200344 0.00145724 0.967896 0.251347 0 1 0 0 1 0 7.64322e-05 0.979376 0.202045 0.00038658 0.996467 0.0839864 -0.000921907 0.994381 0.105858 0.668091 0.742786 -0.0438625 0.636601 0.768432 -0.0652004 0.619774 0.635719 -0.460154 0.616588 0.625785 -0.477716 0.668734 0.743502 0 0.668734 0.743502 0 0.604382 0.619201 0.501311 0.660168 0.742195 0.115435 0.654813 0.748004 0.108208 0.668389 0.743118 0.03214 0.663486 0.747214 0.0381928 -0.513328 0.627679 0.585247 -0.495755 0.867017 0.0500943 -0.4996 0.865289 0.0409213 -0.498622 0.855634 0.138806 -0.460857 0.884564 0.0718197 -0.492796 0.841776 0.220376 -0.486692 0.832438 0.26491 -0.485882 0.7836 0.387157 -0.499543 0.703561 0.505429 -0.498737 0.660424 0.561339 -0.503292 0.786549 0.357823 -0.496725 0.749152 0.438218 -0.501295 0.750023 0.431473 -0.489714 0.711725 0.503614 -0.500019 0.866014 0 -0.500019 0.866014 0 -0.48464 0.588677 -0.64698 -0.498973 0.695234 -0.517374 -0.480682 0.641147 -0.598227 -0.504811 0.773686 -0.382853 -0.489013 0.73962 -0.462415 -0.50105 0.782345 -0.36998 -0.498183 0.69583 -0.517333 -0.497043 0.813927 -0.300784 -0.496352 0.708547 -0.501593 -0.452013 0.811898 -0.369468 -0.452797 0.819588 -0.351072 -0.501929 0.744178 -0.440757 -0.506079 0.853945 -0.121085 -0.486447 0.873354 -0.0249471 -0.499582 0.865257 -0.0418197 -0.50576 0.861991 -0.0343376 -0.480649 0.871033 -0.10138 -0.498175 0.857651 -0.127501 -0.494874 0.84339 -0.20927 0.650241 0.758401 -0.0448799 0.100321 0.36924 -0.923903 0.112596 0.412397 -0.904019 0.0846767 0.514607 -0.853235 -0.0714533 0.458106 -0.886021 0.00526177 0.501661 -0.865048 0.0436327 0.542547 -0.838891 0.287033 0.456365 -0.842225 0.0431307 0.58273 -0.81152 -0.000745924 0.626337 -0.779552 -0.000496059 0.626443 -0.779467 0.00528269 0.659284 -0.751875 0.263006 0.615004 -0.743369 0.0175027 0.817673 -0.575416 0.291006 0.631627 -0.718584 0.0292717 -0.907066 0.419969 0.00410329 0.742953 -0.669331 0.00851402 0.761466 -0.648149 0.012249 0.792334 -0.609964 0.0114983 0.868519 -0.495523 -0.0111535 0.8208 -0.571107 0.464723 0.509273 -0.724343 0.277344 0.72793 -0.627055 0.223068 0.702201 -0.676132 -0.00317313 0.847779 -0.53034 0.0726719 0.851786 -0.518825 0.511153 0.650051 -0.562278 0.484713 0.645429 -0.590317 -0.173322 0.90203 -0.395348 0.245398 0.83969 -0.484459 0.647542 0.54451 -0.533103 0.124197 0.888165 -0.442423 0.374877 0.771744 -0.51369 0.46849 0.755511 -0.457952 0.079223 0.931255 -0.355651 0.0343837 0.949935 -0.310551 0.0736841 0.961871 -0.263393 0.0530629 0.944829 -0.323237 0.304597 0.883005 -0.357104 0.319422 0.883681 -0.342165 0.628397 0.635512 -0.448599 0.0575346 0.974525 -0.216773 0.00867728 0.985539 -0.169228 0.0404192 0.98137 -0.187825 0.598378 0.726429 -0.338001 0.0787967 0.98954 -0.120837 0.237512 0.955134 -0.176936 0.241568 0.954642 -0.174077 0.490466 0.792217 -0.363091 0.0244454 0.999673 -0.00754181 0.0768948 0.994385 -0.0727006 0.0454907 0.998669 -0.0242884 0.637341 0.727321 -0.254559 0.0730867 0.996759 -0.0336249 0.121614 0.991464 -0.0469953 0.437614 0.877504 -0.196166 0.170004 0.984293 -0.0475977 0.563747 0.815145 -0.133144 0.242028 0.969828 -0.0292665 0.218107 0.975868 -0.0105178 0.265431 0.963484 -0.0352752 0.31194 0.948914 -0.0474953 0.357894 0.932565 -0.0472634 0.605151 0.780378 -0.15749 0.402906 0.914585 -0.03465 0.447744 0.894114 -0.00922071 0.401322 0.914665 -0.0482567 0.48941 0.869652 -0.0646789 0.531772 0.844527 -0.0631956 0.572855 0.817992 -0.0522124 0.612497 0.789831 -0.0318358 0.605968 0.794637 -0.0367958 0.0244461 0.999701 0 0.0244461 0.999701 0 0.073128 0.997323 0 0.073128 0.997323 0 0.121749 0.992561 0 0.121749 0.992561 0 0.170197 0.98541 0 0.170197 0.98541 0 0.218119 0.975922 0 0.265596 0.964084 0 0.218119 0.975922 0 0.265596 0.964084 0 0.312293 0.949986 0 0.358295 0.933609 0 0.312293 0.949986 0 0.358295 0.933609 0 0.403148 0.915135 0 0.447763 0.894152 0 0.403148 0.915135 0 0.447763 0.894152 0 0.490437 0.871477 0 0.532837 0.846218 0 0.490437 0.871477 0 0.532837 0.846218 0 0.573637 0.81911 0 0.573637 0.81911 0 0.612808 0.790232 0 0.650897 0.759166 0 0.612808 0.790232 0 0.650897 0.759166 0 0.0244441 0.999617 0.012974 0.0397931 0.998913 0.0242925 0.0730928 0.996842 0.0310281 0.12169 0.992079 0.0311737 0.0607157 0.995499 0.0727659 0.170182 0.985323 0.0133123 0.217463 0.972988 0.0774893 0.0537893 0.99372 0.0981166 0.065989 0.990459 0.120985 0.0491435 0.99414 0.096289 0.265072 0.962182 0.0627924 0.0714253 0.983061 0.16879 0.311666 0.94808 0.0633072 0.277013 0.959174 0.0569982 0.357608 0.931818 0.0618986 0.04943 0.974945 0.216883 0.40263 0.913959 0.0506809 0.46872 0.883144 0.0189471 0.447763 0.894152 0.000315088 -0.0622455 0.962627 0.26358 -0.0208327 0.958592 0.284021 0.490319 0.871267 0.0219386 0.53264 0.845905 0.0272022 0.573566 0.819008 0.0157437 0.00589875 0.95048 0.310729 0.612464 0.789788 0.0335098 0.573055 0.819359 0.0160996 0.211504 0.938403 0.273252 0.396165 0.900818 0.177708 0.65045 0.758644 0.0370703 0.0451757 0.933238 0.356408 0.416903 0.890893 0.180279 0.529486 0.842556 0.0987165 0.0551233 0.9145 0.400814 0.289738 0.906586 0.306844 0.587391 0.799947 0.122706 0.0360087 0.894595 0.445425 0.00799853 0.882167 0.470869 0.0371952 0.871989 0.48811 0.0797182 0.845085 0.528655 0.513468 0.803757 0.300542 0.093945 0.817198 0.56865 0.554545 0.790267 0.260686 0.660124 0.70833 0.250011 0.0202551 0.792313 0.609779 0.0705855 0.770044 0.634074 0.273648 0.847107 0.45555 0.0727654 0.759413 0.646527 0.335092 0.808915 0.483084 0.101226 0.725694 0.680531 0.107465 0.691041 0.714782 0.558616 0.719957 0.411837 0.541697 0.740756 0.397296 0.0910715 0.656429 0.748871 0.276705 0.740145 0.612879 0.116602 0.618039 0.777452 0.0847616 0.650862 0.75445 0.133637 0.57809 0.804956 0.304022 0.718318 0.625772 0.534005 0.640503 0.551901 0.129266 0.53851 0.832645 0.535553 0.638682 0.552511 0.105556 0.50212 0.858332 0.108067 0.498728 0.859995 0.298162 0.680254 0.669592 0.117932 0.456017 0.882123 0.501761 0.570111 0.650546 0.0918861 0.366395 0.925911 0.350855 0.605353 0.714457 0.000867945 0.423679 0.905812 0.00444657 0.370981 0.92863 -0.0237563 0.99786 -0.0609195 0.0604526 0.997876 -0.0242691 -0.0711137 0.994791 -0.0730388 -0.11858 0.989977 -0.0767105 -0.0139182 0.997241 -0.0729094 -0.16519 0.983634 -0.0719508 -0.2123 0.975448 -0.0585686 -0.0507704 0.991346 -0.121057 -0.258373 0.964678 -0.0513743 -0.241067 0.969459 -0.045121 -0.0502179 0.984332 -0.169021 -0.304027 0.950956 -0.0570123 -0.34922 0.936399 0.0346614 -0.411848 0.910197 -0.0438454 -0.0120214 0.976071 -0.217117 -0.393746 0.919213 -0.00330239 -0.47877 0.877511 -0.0274648 -0.436972 0.899154 -0.0240243 0.0794485 0.961444 -0.263276 0.0694604 0.961058 -0.267474 0.000827264 0.950496 -0.310735 -0.402346 0.913061 -0.0666166 -0.0391346 0.933476 -0.356499 -0.1983 0.964997 -0.171635 -0.29383 0.921839 -0.25274 -0.0399015 0.915163 -0.401104 -0.459879 0.869956 -0.178013 -0.0941594 0.891169 -0.443792 -0.053201 0.921265 -0.385281 -0.144382 0.897826 -0.416007 -0.477144 0.80795 -0.345759 -0.462086 0.869701 -0.173482 -0.0341298 0.990324 -0.134513 -0.0151899 0.847686 -0.530281 -0.408127 0.860471 -0.304996 -0.00440261 0.820843 -0.571137 -0.00710981 0.812311 -0.583181 -0.00930135 0.79236 -0.609984 -0.307928 0.83275 -0.460117 -0.010264 0.761453 -0.648139 -0.00463432 0.700232 -0.713901 -0.329895 0.799419 -0.502094 -0.247579 0.760908 -0.59977 -0.0576195 0.721294 -0.690228 0.00330116 0.65929 -0.751882 0.00272615 0.656701 -0.754146 -0.498813 0.695156 -0.517632 -0.304216 0.648454 -0.697825 -0.144397 0.649821 -0.746245 -0.108178 0.561086 -0.820658 -0.0851343 0.541093 -0.836643 -0.0482921 0.595831 -0.801657 -0.0844563 0.499876 -0.86197 -0.511837 0.558659 -0.652628 -0.305313 0.648816 -0.697009 -0.0179811 0.459205 -0.888148 -0.0457118 0.443779 -0.89497 -0.0630579 0.41421 -0.907994 -0.337182 0.577509 -0.7435 -0.252903 0.456245 -0.853159 -0.0719501 0.37015 -0.926181 -0.256014 0.449619 -0.855745 -0.0238005 0.999717 0 -0.0713042 0.997455 0 -0.0238005 0.999717 0 -0.11893 0.992903 0 -0.0713042 0.997455 0 -0.165619 0.98619 0 -0.11893 0.992903 0 -0.212665 0.977125 0 -0.165619 0.98619 0 -0.258715 0.965954 0 -0.212665 0.977125 0 -0.304522 0.952505 0 -0.258715 0.965954 0 -0.34943 0.936962 0 -0.304522 0.952505 0 -0.393749 0.919218 0 -0.34943 0.936962 0 -0.437098 0.899414 0 -0.393749 0.919218 0 -0.47895 0.877842 0 -0.437098 0.899414 0 -0.47895 0.877842 0 -0.478632 0.877258 0.0364712 -0.00354272 0.370983 0.928633 -0.0156533 -0.256362 -0.966454 -0.00363654 0.370215 0.928939 -0.0987947 0.456975 0.883976 -0.0995268 0.499175 0.860766 0.00997361 0.543039 0.839648 -0.0564218 0.574901 0.816276 -0.0298113 0.583063 0.81188 -0.0273603 0.622051 0.782499 -0.106328 0.560849 0.821062 0.0167021 0.659076 0.751891 -0.121644 0.689905 0.713606 -0.140417 0.583872 0.79961 -0.286355 0.56323 0.775096 -0.103568 0.716115 0.690256 -0.114773 0.72462 0.679524 -0.131096 0.75486 0.642651 -0.351229 0.522062 0.777232 0.0310232 0.792094 0.60961 -0.114204 0.828727 0.547876 -0.0302869 0.820451 0.570914 -0.369792 0.631286 0.681713 -0.0556944 0.846468 0.529519 -0.0441522 0.871742 0.487972 -0.199662 0.804995 0.558676 -0.295883 0.717752 0.630305 0.00395717 0.895169 0.44571 0.064433 0.908165 0.413623 -0.324076 0.802344 0.501218 0.0374296 0.915251 0.401143 -0.0139586 0.934101 0.356737 -0.512729 0.724091 0.461304 -0.42575 0.728735 0.53636 -0.224426 0.853247 0.470746 -0.29666 0.865227 0.404197 -0.0254263 0.950189 0.310634 0.0036193 0.964491 0.26409 -0.455099 0.816065 0.356263 0.0724437 0.973574 0.216578 0.0495393 0.972675 0.226825 -0.0336686 0.985019 0.169126 -0.0634953 0.990619 0.121004 -0.229769 0.948643 0.217444 -0.0237873 0.999161 0.033348 -0.0549596 0.995832 0.0727902 -0.00784636 0.999674 0.024311 -0.263983 0.935559 0.234611 -0.0712185 0.996256 0.0490188 -0.501249 0.834388 0.229229 -0.11876 0.991484 0.0534292 -0.165439 0.985118 0.0466056 -0.212577 0.976721 0.0287476 -0.212133 0.976826 0.0284585 -0.258385 0.964724 0.0504463 -0.3486 0.934735 0.0689123 -0.3039 0.950559 0.0638899 -0.466061 0.882746 0.0595555 -0.437044 0.899303 0.0157155 -0.393688 0.919077 -0.0175124 0.648927 0.756868 -0.0777475 -0.00863982 0.827245 -0.561775 0.0426453 0.849097 -0.526513 0.134265 0.830571 -0.540485 0.0227388 0.886748 -0.461693 0.036698 0.881736 -0.470314 0.400139 0.759019 -0.513594 0.253 0.846692 -0.468086 0.339617 0.811934 -0.474788 0.173926 0.8981 -0.403938 0.0644164 0.960756 -0.269811 0.547747 0.716941 -0.431241 0.206033 0.888452 -0.410126 0.0200446 0.959218 -0.281957 0.0232457 0.950915 -0.308578 0.0714661 0.92201 -0.380514 0.571045 0.737292 -0.360983 0.39319 0.877661 -0.274067 0.453024 0.821287 -0.346781 0.600267 0.724722 -0.338315 0.247863 0.93018 -0.270794 0.0908049 0.976652 -0.194693 0.086328 0.980568 -0.176164 0.391997 0.871736 -0.293964 0.347163 0.897647 -0.271491 0.0293763 0.995342 -0.0918275 0.098037 0.981491 -0.164509 0.622421 0.739494 -0.256397 0.0301995 0.994591 -0.0993792 0.0303042 0.994653 -0.0987293 0.0242805 0.994264 -0.104158 0.121383 0.990655 -0.0622015 0.073145 0.994345 -0.0769928 0.610883 0.754781 -0.239014 0.502379 0.831735 -0.23629 0.169894 0.983655 -0.0596582 0.358144 0.921558 -0.149883 0.251731 0.961635 -0.109036 0.217583 0.973564 -0.0695093 0.264483 0.960022 -0.0916835 0.643872 0.750765 -0.14758 0.250981 0.964545 -0.0816127 0.31188 0.94873 -0.0514126 0.357996 0.932815 -0.0411663 0.509253 0.851993 -0.121529 0.402754 0.914241 -0.0441824 0.49632 0.860629 -0.113946 0.44284 0.884322 -0.147875 0.493195 0.866397 -0.0781944 0.487998 0.86695 -0.101275 0.616609 0.779767 -0.108428 0.531449 0.844183 -0.0701248 0.572745 0.817836 -0.0557538 0.611766 0.788889 -0.0582795 0.0244133 0.999702 0 0.0244133 0.999702 0 0.0733627 0.997305 0 0.0733627 0.997305 0 0.121619 0.992577 0 0.121619 0.992577 0 0.170197 0.98541 0 0.170197 0.98541 0 0.21811 0.975924 0 0.21811 0.975924 0 0.265602 0.964083 0 0.265602 0.964083 0 0.358299 0.933607 0 0.312293 0.949986 0 0.312293 0.949986 0 0.358299 0.933607 0 0.403148 0.915135 0 0.403148 0.915135 0 0.447763 0.894152 0 0.447763 0.894152 0 0.49052 0.87143 0 0.49052 0.87143 0 0.532761 0.846266 0 0.532761 0.846266 0 0.573637 0.81911 0 0.573637 0.81911 0 0.612808 0.790232 0 0.612808 0.790232 0 0.650897 0.759166 0 0.650897 0.759166 0 0.620205 0.637617 0.456935 0.556376 0.655245 0.510979 0.0248306 0.931176 0.363723 0.650515 0.75872 0.0342655 0.04849 0.855286 0.515883 0.194137 0.834761 0.515252 0.00474307 0.998915 0.0463292 0.0243906 0.998771 0.043151 0.0732799 0.996179 0.0475126 0.121405 0.990834 0.0592377 0.112718 0.991756 0.0609467 0.169886 0.98361 0.060422 0.217541 0.973375 0.0722273 0.204145 0.976723 0.065852 0.0984025 0.988246 0.116989 0.265214 0.962673 0.0540555 0.311796 0.948476 0.0563645 0.100134 0.974801 0.199337 0.120154 0.980549 0.155198 0.125316 0.980601 0.150724 0.382119 0.920841 0.077693 0.356623 0.929238 0.0966259 0.402055 0.912653 0.0735926 0.44692 0.89247 0.0613177 0.127842 0.945185 0.300468 0.211406 0.966629 0.144693 0.489627 0.869844 0.0603125 0.531434 0.844158 0.070534 0.547421 0.833118 0.0790254 0.572671 0.81773 0.0580183 0.301415 0.936307 0.180218 0.612352 0.789644 0.0385604 0.377767 0.915145 0.140719 0.299516 0.935212 0.188861 0.550376 0.829444 0.0954408 0.492487 0.857499 0.148833 0.531258 0.817727 0.221559 0.625561 0.752248 0.206873 0.58953 0.7245 0.357147 0.607386 0.699634 0.376291 0.404892 0.775422 0.484544 -0.459181 0.548626 -0.698686 -0.461308 0.560924 -0.68743 -0.380155 0.459179 -0.802893 -0.264081 0.32558 -0.907887 -0.369658 0.4559 -0.809634 -0.473376 0.649022 -0.595555 -0.472864 0.642131 -0.60338 -0.175502 0.220501 -0.959468 -0.271982 0.343504 -0.898905 -0.431215 0.574939 -0.695341 -0.0394821 0.0519145 -0.997871 -0.189787 0.232277 -0.953954 -0.104047 0.135236 -0.985335 -0.364816 0.486708 -0.793741 -0.401633 0.54996 -0.732281 -0.329439 0.455303 -0.827145 -0.264451 0.35882 -0.895161 -0.445175 0.647857 -0.618143 -0.397524 0.566699 -0.721684 -0.0505917 0.0710223 -0.996191 -0.0933792 0.126172 -0.987604 -0.25622 0.352906 -0.899893 -0.353261 0.542468 -0.762191 -0.113985 0.165468 -0.979606 -0.188332 0.267466 -0.944983 -0.183588 0.25894 -0.948286 -0.317266 0.467085 -0.825333 -0.260885 0.404328 -0.876617 -0.249026 0.400047 -0.882014 -0.185198 0.282421 -0.941244 -0.043815 0.0650582 -0.996919 -0.0307012 0.0314702 -0.999033 -0.057685 0.178709 -0.98221 -0.00327965 -0.239783 0.970821 -0.0915729 0.102786 -0.990479 -0.100077 0.107775 -0.989125 -0.174527 0.22259 -0.959163 -0.253439 0.324579 -0.911272 -0.378581 0.479345 -0.791773 -0.244803 0.273829 -0.930102 -0.0593714 0.143312 -0.987895 -0.138763 0.258036 -0.956118 -0.14388 0.34239 -0.928476 -0.0521618 0.107851 -0.992798 0.00334671 0.0960725 -0.995369 0.024064 0.0666292 -0.997488 -0.00761851 0.0750072 -0.997154 -0.0182206 0.155636 -0.987646 -0.00087332 0.282279 -0.959332 -0.00179085 0.270802 -0.962633 0.000207424 0.0367865 -0.999323 -9.4182e-05 0.0561189 -0.998424 0 0.110861 -0.993836 0.000271189 0.0960731 -0.995374 0 0.155662 -0.98781 0 0.155662 -0.98781 0 0.213145 -0.977021 0 0.326117 -0.945329 0.00318251 -0.242384 0.970175 0.0033199 0.153467 -0.988148 0.00738336 0.270795 -0.962609 0.00687716 0.30616 -0.951955 0.00638751 0.0494745 -0.998755 0.0233698 0.155619 -0.987541 0.0206896 0.110837 -0.993623 0.037309 0.0992254 -0.994365 0.0202866 0.182421 -0.983011 0.0279254 0.0574119 -0.99796 0.0922517 0.152393 -0.984005 0.119957 0.236564 -0.964182 0.196892 0.321351 -0.926265 0.230062 0.416341 -0.87962 0.453692 0.506851 -0.732984 0.0617831 0.0752915 -0.995246 0.187345 0.206549 -0.960333 0.0762888 0.0994036 -0.992118 0.220984 0.287611 -0.931905 0.319229 0.243531 -0.915852 0.366673 0.371268 -0.85306 0.157842 0.171155 -0.972518 0.569631 0.530114 -0.628092 0.50361 0.43042 -0.749076 0.0249712 0.718709 -0.694863 0.0286803 0.725424 -0.687705 0.217542 0.764369 -0.606973 0.176248 0.779233 -0.601442 0.394344 0.749452 -0.531803 0.0506546 0.600662 -0.797896 0.44665 0.66634 -0.597072 0.187176 0.531411 -0.826176 0.264704 0.570525 -0.777453 0.550258 0.614941 -0.564858 0.0384846 0.328548 -0.943703 0.346074 0.560042 -0.752719 0.164149 0.3649 -0.916462 0.4157 0.423605 -0.804831 0.199047 0.328697 -0.923222 0.0229802 0.133938 -0.990723 0.324493 0.328177 -0.887133 0.0504361 0.0820475 -0.995351 0.0775747 0.0946662 -0.992482 0.0128469 0.134812 -0.990788 0.0180122 0.34419 -0.938727 -0.00463693 0.534329 -0.845264 -0.000635311 0.678415 0.734679 0.0011397 0.748756 0.662845 -0.00500275 0.0930977 0.995644 0.0228343 0.791646 0.610554 0.529841 0.561362 0.635722 0.321345 0.757214 0.568652 0.26994 0.772522 0.574754 0.395049 0.61723 0.680414 0.0236292 0.806998 0.590081 0.0308186 -0.861019 -0.507639 0.14905 0.663979 0.732746 0.27726 0.505297 0.817191 0.269166 0.45192 0.850481 0.0179828 0.602629 0.797819 0.0273415 0.661659 0.749306 0.271329 0.449857 0.850887 0.164408 0.177025 0.970377 0.204067 0.432741 0.878118 0.0187851 0.52422 0.851376 0.004915 0.42835 0.903599 0.0185224 0.523304 0.851945 0.00461021 0.336786 0.94157 0.104983 0.273716 0.956064 0.190139 0.185924 0.963991 0.0157703 0.266142 0.963805 0.00816519 0.23552 0.971835 -0.00517723 0.127696 0.9918 0.289357 0.276831 0.916317 0.446655 0.43092 0.784097 0.529066 0.478682 0.70068 0.0773498 0.0607733 0.99515 0.00307658 0.312509 0.94991 0.0637891 0.0861766 0.994236 0.461168 0.456476 0.76089 0.0345845 0.0612344 0.997524 0.230687 0.359856 0.904039 0.132646 0.220774 0.966263 0.00511443 0.0770189 0.997017 0.231186 0.308556 0.922684 -0.00992831 0.326542 0.94513 0.00603843 0.0798525 0.996788 0.0071182 0.313997 0.949397 -0.00169403 0.248536 0.968621 0.365613 0.284766 0.886135 0.0545632 0.0511299 0.9972 0.159338 0.183556 0.97001 0.601968 0.567969 0.56129 0.470789 0.498434 0.727957 0.304104 0.356271 0.883511 0.168133 0.189694 0.96734 0.316091 0.551186 0.772192 0.321654 0.485253 0.813061 0.302369 0.342694 0.889457 -0.000195328 0.176809 0.984245 0.000559906 0.0947566 0.9955 -0.00555644 0.312506 0.9499 -0.0506794 0.0640506 0.996659 -0.00181361 -0.0639728 -0.99795 0.0010189 0.0744731 0.997223 0.000164289 0.184567 0.98282 -0.0765975 0.271031 0.959518 -0.00451681 0.248534 0.968613 -0.0776296 0.117853 0.989992 -0.0392829 0.0742208 0.996468 -0.218907 0.383924 0.897041 -0.0703592 0.295712 0.952682 -0.113596 0.209079 0.971279 -0.0451582 0.0603599 0.997155 -0.292898 0.359007 0.886185 -0.151873 0.216551 0.964386 -0.15801 0.157397 0.974812 -0.304777 0.342472 0.888721 -0.24699 0.325007 0.912889 -0.364724 0.453211 0.813373 -0.503132 0.512253 0.696028 -0.0217981 0.0170394 0.999617 -0.121269 0.144328 0.982071 -0.123101 0.153809 0.980403 -0.176677 0.226366 0.957885 -0.395247 0.444537 0.803845 -0.277254 0.309514 0.909578 -0.253897 0.29829 0.920087 -0.471006 0.577596 0.666736 -0.332313 0.406105 0.851262 -0.0414075 0.0588163 0.99741 -0.0936951 0.133326 0.986633 -0.480068 0.649844 0.589268 -0.415779 0.535064 0.735415 -0.470613 0.5775 0.667096 -0.336562 0.45105 0.826608 -0.244379 0.334645 0.910105 -0.1797 0.254282 0.950289 -0.259273 0.364533 0.894368 -0.332768 0.451471 0.827913 -0.0999514 0.145631 0.984277 -0.423298 0.535966 0.730451 -0.330366 0.442073 0.833924 -0.170519 0.248062 0.953619 -0.40556 0.568614 0.715681 -0.468941 0.701893 0.536135 -0.469426 0.65166 0.595801 -0.409808 0.570612 0.711659 -0.0329571 0.0489427 0.998258 -0.291963 0.44909 0.844438 -0.249571 0.371294 0.894346 -0.504961 0.686028 0.523813 -0.313464 0.470066 0.825093 -0.192299 0.308099 0.931717 -0.433057 0.671384 0.601419 -0.374134 0.59023 0.715299 -0.384833 0.595463 0.705215 0.00311224 0.8961 0.443841 0.0285005 0.94128 0.336422 0.0151352 0.987388 0.157597 0.0220816 0.671698 0.740496 0.0130822 0.859411 0.511118 0.138958 0.943318 0.3014 0.165058 0.835137 0.524692 0.0146554 0.694578 0.719268 0.0267979 0.672614 0.739509 0.481853 0.831545 0.276317 0.402054 0.868352 0.290376 0.0191398 0.768222 0.639898 0.00685624 0.823998 0.566551 -0.00285211 0.849897 0.526941 0.506059 0.78386 0.359816 0.0378324 -0.771622 -0.634956 -0.00117739 0.893254 0.449551 0.00586417 0.943547 0.331185 0.000331032 0.979945 0.199266 0.0457727 0.959861 0.276716 0.0676772 0.957096 0.281758 0.360801 0.823858 0.437127 0.138833 0.98868 0.0568936 0.0168974 0.991184 0.131412 0.03001 0.90144 0.431863 0.00996215 0.670205 0.742109 0.00404295 0.999837 -0.0175923 -0.999664 0.0258534 -0.00212088 0.135448 0.360202 0.922989 -0.110131 0.576613 -0.809561 0.491405 0.838114 -0.236825 0.0103287 0.730053 -0.683312 0.086962 0.889999 -0.447593 -0.256708 0.945708 -0.199343 0.0792826 0.996849 -0.00248669 0.315363 0.929383 -0.191817 0.165111 0.986114 -0.0178105 0.487378 0.872617 -0.0316677 0.656713 0.75353 -0.0303371 0.831608 0.55521 -0.0130089 -0.802564 -0.596116 0.0231663 0.900688 0.434462 0.00197063 0.795438 0.606003 -0.00618805 0.247802 0.968736 -0.0120767 0.109922 0.993872 0.011667 0.00398185 0.999879 -0.0150689 0.28182 0.959373 -0.0134578 0.172801 0.984954 -0.00235183 0.398826 0.916967 -0.0104499 0.747015 0.664799 -0.0031712 0.65623 0.754519 -0.0080074 0.734504 0.678528 -0.0102056 0.734551 0.678553 0.000210919 0.699964 0.71416 -0.00517872 0.933897 0.357539 -0.00165166 0.944597 0.32823 -0.00112259 0.980819 0.194919 -0.000786428 0.967694 0.252107 -0.0031458 0.0163632 0.999866 0 0.0407218 0.999171 -3.22302e-05 0.107486 0.994207 0.00014649 0.172394 0.985028 -0.0002098 0.283046 0.959106 0.0003808 0.392666 0.919681 -0.000345432 0.564114 0.825697 -1.23545e-05 0.727026 0.68661 2.34473e-05 0.859095 0.511817 -0.000423764 -0.999915 0.0130762 3.85276e-05 0.0362194 0.986348 -0.160641 0.0402336 0.987192 -0.154383 0.0630228 0.997879 0.0163203 0.64198 0.766712 0.00388273 0.188531 -0.306136 0.933133 0.0127912 0.999856 0.0111391 0.652154 0.758068 0.00523547 0.644126 0.764912 0.00326307 0.758252 0.651917 0.00758276 0.933892 0.357538 0.0036116 0.97001 0.243066 0.000697713 0.970267 0.242038 0.000713136 0.233153 0.966333 0.108815 0.999915 -0.0130762 -3.85276e-05 0.173198 0.972778 0.153968 0.691275 0.709526 0.136794 0.0320774 0.978887 0.201869 0.284345 0.946073 0.155224 0.403129 0.869581 0.28516 0.965637 0.257083 0.0381172 0.014656 0.941561 0.336522 0.119734 -0.319106 -0.940125 -0.0372588 0.834155 0.55027 -0.0152849 0.872668 0.488075 0.839409 0.516358 0.169609 0.545238 0.78623 0.290788 0.991701 -0.128133 0.0105277 0.981571 0.184354 0.0503129 0.646528 0.718484 0.256481 0.00943949 0.996486 0.0832284 0.716006 0.674681 0.179282 0.00657468 -0.50393 -0.863719 0.260825 0.959962 0.102194 0.0269462 -0.988743 0.147181 0.0246517 0.942077 0.334489 0.032683 0.958961 0.281649 0.0184003 0.893366 0.448952 0.70685 0.569448 0.419635 0.0260839 0.8263 0.562626 0.0368908 0.773258 0.633018 0.0655361 0.671806 0.737823 0.0916593 0.753833 0.650642 0.0783343 0.153948 -0.984969 -0.00756879 0.981055 0.19358 -0.00400207 0.975796 0.218645 -0.00252231 0.812566 0.582864 0.325984 0.936074 0.132286 -0.00547651 0.799029 0.601268 0.427643 0.735176 0.525964 0.157057 0.620231 0.768535 0.0306983 0.602332 0.797655 -0.00346476 0.663266 0.748375 0.0586376 0.523867 0.849779 0.109676 0.248672 0.962358 0.121118 -0.0534309 0.991199 -0.0022923 0.327473 0.944858 0.991477 0.113311 0.0642911 0.00651271 0.235523 0.971847 0.494353 0.146852 0.856767 0.00241069 0.127697 0.99181 -0.00449039 0.0883749 0.996077 0.763124 -0.0455521 -0.644644 -0.0248002 0.960387 -0.277564 0.270866 0.0308222 -0.962123 0.715267 -0.096158 -0.692204 0.128384 -0.00942624 -0.99168 0.110709 -0.0350219 -0.993236 0.268741 -0.230572 -0.935208 0.4036 -0.353076 -0.844064 0.488401 -0.404333 -0.773291 0.561445 -0.621749 -0.546084 0.68264 -0.724263 -0.0971895 0.0305581 -0.988062 -0.150998 0.0404185 0.238691 -0.970254 0.297179 0.12008 -0.947241 0.131094 0.844758 -0.518843 0.0348784 -0.978677 -0.202421 0.187689 0.90688 -0.377281 0.465181 0.140398 -0.874011 0.017194 -0.995957 0.0881707 0.0129419 0.935802 0.352288 -0.00556791 0.74517 0.666851 -0.0340229 0.0829369 0.995974 0.704927 0.168516 0.688971 0.546651 0.457202 0.701526 0.148846 0.526835 0.836833 0.255574 -0.697264 0.669705 -0.932252 0.352206 0.082802 0.260442 -0.0697895 0.962964 0.297382 -0.457948 0.837764 0.789974 0.551758 -0.267404 -0.347717 -0.0167417 -0.93745 0.317012 1.43321e-05 0.948421 0.757057 -0.0411209 0.652054 0.141643 0.987481 0.069422 0.871259 0.138905 0.470758 0.880973 0.188877 0.433834 0.912507 0.112066 0.393411 0.887393 0.166107 0.430049 0.849071 0.482568 0.214957 0.800577 0.453637 0.391523 0.79847 0.456246 0.392792 0.470458 0.85984 0.198355 0.92472 0.190771 0.329394 0.926825 0.21738 0.306173 0.912514 0.217395 0.346493 0.0965726 0.994188 0.0475905 0.535961 0.805283 0.253505 0.430455 0.881389 0.19458 0.810313 0.46425 0.357581 0.315777 0.935458 0.158759 0.926995 0.224595 0.300394 0.763046 0.588588 0.267068 0.983094 0.106557 0.148905 0.594596 -0.12681 0.793962 0.777054 0.586542 0.228374 0.0826661 0.995833 0.0385062 0.40678 0.901456 0.14801 0.735851 0.451015 0.505082 0.801586 0.421819 0.423707 0.152934 0.987035 0.0487136 0.330185 0.927243 0.176631 0.313424 0.94674 0.0738187 0.879938 0.120128 0.45965 0.839722 0.0727031 0.538127 0.819018 0.242462 0.520021 0.814248 0.278981 0.509087 0.701287 0.550265 0.453216 0.704224 0.5434 0.456931 0.538295 0.7667 0.34987 0.446521 0.836757 0.31695 0.314019 0.926002 0.209553 0.843301 0.307797 0.440573 0.827053 0.278893 0.48806 0.839858 0.239111 0.487304 0.857549 0.238963 0.455529 0.759361 0.505555 0.409616 0.748782 0.505554 0.428649 0.731038 0.565045 0.382501 0.724915 0.543509 0.423197 0.534529 0.78878 0.303489 0.558905 0.771845 0.303117 0.560764 0.766625 0.312777 0.304508 0.936255 0.175217 0.313404 0.932686 0.178536 0.0977971 0.993626 0.0560544 0.817672 0.072705 0.571075 0.0935362 0.170614 0.980888 0.0110476 0.313992 0.949361 0.147813 0.143202 0.978593 0.0116698 -0.0327686 0.999395 0.00487627 0.073241 -0.997302 0.00983255 0.383283 0.923579 0.25961 0.251079 0.932503 0.005845 0.299883 0.953958 0.30565 0.357637 0.882425 0.0221997 0.430537 0.9023 0.00191138 0.632728 0.774372 0.341638 0.324037 0.882204 0.00708365 0.409835 0.912132 0.00337431 0.657957 0.753048 0.418331 0.285151 0.862373 0.488853 0.275964 0.827567 0.00363873 0.713316 0.700833 0.00506407 0.767609 0.640898 0.26993 0.4542 0.849023 0.34186 0.65512 0.673758 0.551804 0.297427 0.779133 0.00742375 0.813213 0.58192 0.00663309 0.830249 0.557352 0.569773 0.319054 0.757339 0.00652027 0.880243 0.474479 0.643209 0.185539 0.742871 0.00779681 0.918357 0.395675 0.00501986 0.871603 0.490187 0.720884 0.123906 0.68189 0.0197162 0.949898 0.311939 0.00367 0.986221 0.16539 0.00357816 0.986644 0.162851 0.765522 0.192615 0.613902 0.756249 0.144379 0.638156 0.00204848 0.995649 0.0931586 0.577461 0.409614 0.706226 0.00144667 0.999411 0.0342754 0.398578 0.697391 0.595636 0.290685 0.731886 0.616316 0.707193 0.388601 0.59065 0.145966 0.940096 0.308079 0.546836 0.225234 0.806375 0.658329 0.549101 0.51487 0.406426 0.766526 0.497248 0.135852 0.983185 0.122033 0.0471782 0.998337 0.0331374 6.64625e-05 0.126562 0.991959 8.42527e-05 0.227113 0.973868 -0.000222548 0.306387 0.951907 0.000325538 0.971099 0.238676 -0.262377 0.901222 0.344901 -0.256982 0.882182 0.394608 -0.242611 0.880382 0.407513 -0.122719 0.801051 0.585881 -0.191712 0.735664 0.64965 -0.09278 0.36914 0.924731 -0.178611 0.404888 0.896752 -0.014458 0.999454 0.0297066 -0.080902 0.958499 0.273378 -0.0605739 0.178289 0.982112 -0.00341214 0.0538149 -0.998545 -0.00182563 0.0360775 0.999347 -0.000907622 0.993149 0.11685 -0.00133979 0.98665 0.162851 -0.00163901 0.99565 0.0931587 -0.00255269 0.999409 0.0342753 -0.00305199 0.999874 0.0155811 -0.194084 0.608122 0.769752 -0.131961 0.805006 0.578405 -0.0770705 0.946871 0.312244 -0.0020164 0.962169 0.272445 -0.00143922 -0.994426 -0.105431 -0.237088 0.747611 0.620376 -0.00283583 0.880258 0.474488 -0.0023262 0.918383 0.395686 -0.00292239 0.956208 0.292674 -0.00149048 0.71332 0.700837 -0.00117482 0.767618 0.640906 -0.00224304 0.830266 0.557363 -0.00392729 0.855283 0.518146 -0.0153147 -0.170789 -0.985189 -0.125968 0.239254 0.962751 -0.00218725 0.398957 0.916967 -0.0692768 0.585361 0.807808 -0.00242642 0.3833 0.923621 -0.00243511 0.516899 0.856043 -0.00147482 0.441977 0.897025 -0.00286449 0.657958 0.753049 -0.0059854 0.587054 0.809526 -0.464762 0.884161 0.047497 -0.249696 0.968321 0.00259062 -0.322745 0.946479 0.00351992 -0.431977 0.900574 0.0486115 -0.114772 0.993391 0.00161681 -0.147755 0.989023 0.00148958 -0.128393 0.991722 0.0018252 -0.357102 0.92191 0.150202 -0.477593 0.843354 0.246289 -0.462259 0.851961 0.245924 -0.456589 0.833818 0.310282 -0.450076 0.799513 0.397758 -0.433026 0.843407 0.318044 -0.466421 0.801091 0.375107 -0.0471424 0.997831 0.0459473 -0.274068 0.961703 0.00378106 -0.249492 0.968372 0.00307219 -0.338869 0.928053 0.154549 -0.245496 0.963897 0.103121 -0.0687905 0.99682 0.0402119 -0.0197434 0.999793 0.00495549 -0.286709 0.95423 0.0851009 -0.183883 0.972297 0.14431 -0.139367 0.982463 0.123867 -0.465287 0.88516 0 -0.465287 0.88516 0 -0.407791 0.913075 0 -0.0177731 0.999842 -9.95842e-05 -0.4651 0.884804 -0.0283606 -0.0510548 0.998695 -0.00102203 0.78473 -0.619796 -0.00719938 -0.322745 0.946477 -0.00411 -0.259972 0.965609 -0.00373258 -0.146612 0.989162 -0.00798268 -0.414119 0.869199 -0.270181 -0.447849 0.857125 -0.254497 -0.129561 0.986333 -0.10179 -0.450106 0.859768 -0.241254 -0.0762562 0.996127 -0.0437772 -0.322185 0.939844 -0.113536 -0.39341 0.914555 -0.0939052 -0.126595 0.990777 -0.048319 -0.249491 0.96837 -0.00378261 -0.310898 0.950432 -0.00458028 -0.00135595 0.152233 -0.988344 -0.00150291 0.171042 -0.985263 -0.116052 0.203585 -0.972155 -0.118773 0.207181 -0.971066 -0.125893 0.726705 -0.675315 -0.000783096 0.988463 -0.15146 -0.000721792 0.990099 -0.140368 -0.00109856 0.994587 -0.103901 -0.095302 0.763528 -0.638704 -0.206733 0.490118 -0.846786 -0.0274272 0.998216 -0.0530307 -0.199875 0.762702 -0.61509 -0.232171 0.759976 -0.607069 -0.0867194 0.985974 -0.142599 -0.268733 0.81259 -0.517185 -0.441563 0.764292 -0.46998 -0.37875 0.690714 -0.616005 -0.377503 0.851151 -0.364738 -0.0668683 0.989138 -0.130899 -0.118919 0.983262 -0.138035 -0.00337739 0.23945 -0.970903 -0.00230032 0.396849 -0.917881 -0.11666 0.41637 -0.90168 -0.00548742 0.93981 -0.341655 -0.00517019 0.942887 -0.333072 -0.175137 0.721114 -0.670314 -0.0791641 0.929638 -0.359871 -0.00308739 0.250075 -0.968221 -0.00224971 0.314757 -0.94917 -0.00204723 0.375512 -0.926815 -0.00988427 0.516595 -0.856173 -0.0022544 0.602044 -0.79846 -0.0109039 -0.905765 0.423639 -0.0736551 0.510479 -0.85673 -0.0054871 0.93306 -0.359678 -0.00892144 0.911625 -0.410927 -0.0047016 0.844357 -0.535761 -0.00313483 0.741043 -0.67145 -0.00169627 0.807475 -0.589899 -0.00215445 0.870264 -0.49258 -0.0570347 0.92181 -0.383423 -0.00351587 0.749352 -0.662162 -3.57255e-05 0.999262 -0.0384158 -6.2317e-05 0.670865 -0.741579 0.000119061 0.614998 -0.788529 -0.000243446 0.575998 -0.817451 2.85404e-05 0.0809743 -0.996716 0.00497577 0.928252 -0.37192 0.719861 0.134705 -0.680923 0.613405 0.36952 -0.697989 0.600847 0.335476 -0.725561 0.510865 0.369045 -0.776417 0.524414 0.276521 -0.805311 0.568802 0.568411 -0.594452 0.60006 0.476568 -0.642503 0.432925 0.282236 -0.856107 0.340228 0.336517 -0.878067 0.262276 0.932164 -0.249563 0.415466 0.85167 -0.319446 0.241787 0.430757 -0.869476 0.322386 0.32049 -0.890704 0.289531 0.936601 -0.19736 0.307853 0.875063 -0.373485 0.168685 0.187678 -0.967637 0.0715411 0.188243 -0.979513 0.0882491 0.180457 -0.979616 0.122631 0.987825 -0.0957207 0.00341887 0.250114 -0.96821 -0.387449 -0.898885 0.204667 0.309574 0.379241 -0.871975 0.00558938 0.171039 -0.985248 0.059666 0.997269 -0.0435171 0.382322 0.596153 -0.705997 0.00495997 0.250073 -0.968214 0.00537358 0.314753 -0.949158 0.29817 0.726153 -0.619513 0.00636523 0.375505 -0.926799 0.0247497 0.907301 -0.419753 0.00380896 0.390965 -0.920398 0.00426846 -0.928149 0.372184 0.009758 0.4804 -0.876995 0.113489 0.611025 -0.783434 0.123953 0.957736 -0.25957 0.0108081 0.308623 0.951123 0.243079 0.758155 -0.605073 0.00918187 0.741015 -0.671425 0.00536688 0.668711 -0.743503 0.0702257 0.946834 -0.313965 0.00118854 0.807476 -0.589899 0.0016181 0.870265 -0.492581 0.0166176 0.911535 -0.410886 0.00652995 0.955826 -0.293862 0.0118374 0.939758 -0.341636 0.00445627 0.977932 -0.208877 0.00420384 -0.996694 -0.0811379 0.00264586 0.998415 -0.0562176 0.843294 0.295879 -0.448677 0.836624 0.329036 -0.437944 0.719312 0.579937 -0.382445 0.694508 0.624155 -0.357896 0.49878 0.821672 -0.275815 0.421076 0.881114 -0.215253 0.230444 0.964517 -0.128851 0.784447 0.350197 -0.511864 0.83453 0.295985 -0.464707 0.738473 0.500987 -0.451297 0.738654 0.500985 -0.451003 0.687021 0.577957 -0.440418 0.704255 0.579925 -0.409526 0.501973 0.807646 -0.309404 0.492029 0.821603 -0.287881 0.493875 0.81992 -0.289515 0.287233 0.942326 -0.171813 0.22725 0.965349 -0.128289 0.133826 0.987922 -0.0781136 0.0452322 0.99866 -0.0251393 0.177563 0.980493 -0.0842883 0.87264 -0.127216 -0.471504 0.878234 0.128239 -0.460717 0.901156 -0.115989 -0.417689 0.973996 0.115684 -0.194805 0.830431 0.27614 -0.483871 0.941645 0.12868 -0.31104 0.770297 0.574026 -0.277734 0.915601 0.202027 -0.347648 0.274279 0.950464 -0.146247 0.912544 0.233075 -0.336064 0.573776 0.639842 -0.511257 0.608517 0.730897 -0.309025 0.0351427 0.999014 -0.0271349 0.862764 0.402757 -0.305655 0.908012 0.14916 -0.391492 0.850078 0.422633 -0.314243 0.88454 0.183941 -0.428666 0.87754 0.204805 -0.433565 0.843528 0.328978 -0.42454 0.841366 0.339541 -0.420495 0.599161 0.753934 -0.269425 0.0571927 0.997986 -0.027429 0.686597 0.62728 -0.367565 0.63009 0.733422 -0.255105 0.316525 0.939799 -0.128804 0.431504 0.878695 -0.204204 0.0287798 0.999523 -0.011197 0.0169492 0.999702 -0.0175899 0.0679437 -0.061257 -0.995807 0.90346 -0.159365 -0.397948 0.0496331 0.458393 -0.887363 0.20766 0.714177 -0.668452 0.16373 0.679067 -0.715584 0.0979927 0.889084 -0.447132 0.995458 -0.00917694 -0.0947614 0.111979 0.972344 -0.204957 0.145668 0.986653 -0.0727772 0.473438 0.87951 -0.0481494 0.555819 0.83002 -0.0461646 0.955966 0.271081 -0.11245 0.958267 0.263963 -0.109767 0.984846 0.152814 -0.0820095 0.0170811 0.999697 -0.0177304 -0.0218128 0.271125 -0.962297 0.413862 -0.0107801 -0.910276 0.296462 0.00339492 -0.955039 -0.0264411 0.556101 -0.830694 0.930684 0.190933 -0.312045 0.544913 0.112926 -0.830853 0.91642 0.277956 -0.287949 0.0923323 0.720791 -0.686975 0.941787 0.286571 -0.175821 0.139757 0.874264 -0.464897 0.891384 0.407421 -0.198602 0.0664541 0.825308 -0.560759 0.0905185 0.813528 -0.574438 0.030128 0.981386 -0.189666 0.912771 0.301137 -0.275981 0.0482589 0.998697 -0.0165907 -0.00940594 0.997674 -0.0675185 0.943605 0.329768 -0.029362 0.0876055 0.961945 -0.258817 0.935446 0.351925 -0.0330204 0.590756 0.805873 -0.0397089 0.0514993 0.947332 -0.316085 0.795652 0.551328 -0.250947 0.108602 0.91574 -0.386814 0.027879 0.944808 -0.326437 0.00586023 0.9892 -0.146453 0.707037 0 -0.707177 0.707037 0 -0.707177 0.707036 0 0.707177 0.707036 0 0.707177 0.240054 -0.970738 -0.00652077 0.241803 -0.970325 -0.000800154 0.2442 -0.969697 0.00739147 0.241214 -0.97047 -0.00200236 0.242209 -0.970224 0.000889597 0.24212 -0.970245 0.00167384 0.24139 -0.970427 -0.00134748 0.242201 -0.970226 0.000578898 0.241769 -0.970333 -0.00156098 0.242058 -0.970262 0.000267902 0.241928 -0.970294 7.96401e-06 0.241993 -0.970278 -1.53398e-05 0.241967 -0.970284 1.74248e-07 0.241967 -0.970285 0 0.241917 -0.970297 -4.17163e-05 0.242007 -0.970275 1.62756e-05 0.241959 -0.970286 -6.68408e-06 0.242001 -0.970276 2.30368e-06 0.240937 -0.970541 6.36688e-06 0.242255 -0.970213 -3.41464e-05 0.241915 -0.970297 -1.40535e-05 0.241882 -0.970306 -0.00013131 0.241986 -0.97028 0.000151695 0.241984 -0.97028 0.000146473 0.24176 -0.970336 -0.000210071 0.242197 -0.970227 0.000289788 0.241731 -0.970343 -6.08839e-05 0.241934 -0.970293 -1.20527e-06 0.241905 -0.9703 3.48367e-06 0.241997 -0.970277 -4.987e-05 0.241999 -0.970277 -4.82212e-05 0.241912 -0.970298 -9.34254e-06 0.242192 -0.970224 -0.0030014 0.12458 -0.712393 -0.690634 0.239473 -0.970358 -0.0325177 0.0983087 -0.695311 -0.711954 0.0886524 -0.738218 -0.668711 0.079554 -0.726954 -0.682062 0.0370963 -0.711872 -0.701329 0.00859906 -0.741333 -0.671082 -0.0594795 -0.709187 -0.702507 0.0239825 -0.78665 -0.616933 -0.0734678 -0.746271 -0.661576 -0.0721511 -0.747362 -0.660488 -0.0939875 -0.783326 -0.614465 -0.150488 -0.749113 -0.645122 -0.355288 -0.732238 -0.581031 -0.305194 -0.805938 -0.507268 -0.323511 -0.846072 -0.423678 -0.416801 -0.800633 -0.430423 -0.377763 -0.852387 -0.36157 -0.470156 -0.816843 -0.334247 -0.373549 -0.892039 -0.254418 -0.472956 -0.849005 -0.235593 -0.428276 -0.889453 -0.159538 -0.543585 -0.826018 -0.149032 -0.472204 -0.879038 -0.0656871 -0.550948 -0.833809 -0.0349062 -0.484769 -0.874476 0.0170504 -0.507413 -0.860946 0.0361059 -0.459533 -0.883564 0.0902423 -0.508087 -0.851707 0.128229 -0.459878 -0.873817 0.157975 -0.510385 -0.835109 0.205181 -0.44141 -0.863976 0.242286 -0.458154 -0.850286 0.259054 -0.417841 -0.855456 0.305949 -0.463261 -0.813959 0.350512 -0.370057 -0.85029 0.374251 -0.409987 -0.790613 0.454799 -0.30997 -0.845156 0.435465 -0.308888 -0.802535 0.510418 -0.0893124 -0.774365 0.626405 -0.134433 -0.752754 0.644429 -0.0569245 -0.753197 0.655327 -0.0625859 -0.748293 0.66041 -0.0312223 -0.714716 0.698718 -0.0102396 -0.737371 0.675411 0.0248407 -0.728045 0.685079 0.0570606 -0.719136 0.692522 0.0324079 -0.697871 0.71549 0.0770703 -0.706432 0.703573 0.0929351 -0.719844 0.687887 0.0982922 -0.695525 0.711747 0.125204 -0.713 0.689894 -0.15163 -0.787772 -0.597012 -0.302859 -0.805514 0.509336 0.0136567 -0.999907 0 0.0340913 -0.999419 0 0.0136567 -0.999907 0 0.0449499 -0.998989 -6.94718e-05 0.0615349 -0.998105 -2.9528e-05 0.0502602 -0.998736 1.81391e-05 0.0652291 -0.99787 9.33308e-05 0.0744048 -0.997228 -7.48983e-06 0.089504 -0.995987 -2.485e-05 0.0825541 -0.996587 0.000140537 0.103347 -0.994645 -2.8325e-05 0.100262 -0.994961 5.02937e-05 0.120662 -0.992694 -1.12787e-05 0.117789 -0.993039 7.65482e-05 0.140741 -0.990046 -6.4379e-05 0.13591 -0.990721 0.000107659 0.163928 -0.986472 -0.000138615 0.156637 -0.987656 5.06151e-05 0.17318 -0.98489 6.05063e-05 0.192944 -0.98121 -0.000132886 0.193117 -0.981176 -0.000141366 0.225499 -0.974243 -0.000210159 0.21333 -0.97698 6.5758e-05 0.232246 -0.972657 0 0.0797166 -0.773604 -0.628635 0.0218289 -0.903732 -0.427542 0.103651 -0.958462 -0.26572 0.217101 -0.971022 -0.0999179 0.0560273 -0.893731 -0.445091 0.0436301 -0.873976 -0.484007 0.175819 -0.966832 -0.185266 0.125358 -0.905741 -0.404869 0.0222998 -0.781006 -0.624125 0.0143148 -0.772845 -0.634433 0.0150212 -0.901057 -0.43344 -0.263494 0.964394 -0.0226893 0.239846 -0.970709 -0.0140866 0.0151142 -0.990098 0.139561 0.0293467 -0.984395 0.173511 0.140431 -0.985767 0.0924286 -0.161266 -0.931605 0.325739 -0.121294 -0.953396 0.276268 0.119206 -0.986291 0.114108 -0.254583 0.967024 0.00724102 -0.263852 0.964452 0.0146649 0.0409707 -0.989061 0.141706 -0.250505 -0.929917 0.269261 0.0675793 -0.99171 0.109294 -0.225763 -0.94205 0.24814 -0.301892 0.952971 0.0265853 -0.00508433 -0.99164 0.128934 -0.308342 -0.929926 0.200407 -0.339891 -0.91396 0.221699 0.0172279 -0.996836 0.0775958 -0.333142 -0.929669 0.157267 -0.329766 0.943407 0.035178 -0.116049 -0.983004 0.142251 -0.0107464 -0.998218 0.0586923 -0.338058 -0.927914 0.157135 -0.249678 -0.965339 0.0760371 -0.20996 -0.976733 0.0436912 -0.289775 0.957092 0.00246218 -0.309888 -0.948959 0.0586957 -0.487673 -0.872251 0.0367782 -0.0892668 -0.99578 -0.0212812 -0.278373 -0.960021 -0.0294636 -0.299958 0.953944 0.00398708 -0.125948 -0.990637 -0.0526752 0.158524 -0.987235 -0.015397 -0.379419 -0.920836 -0.0900152 -0.276688 -0.956437 -0.0931209 -0.154057 -0.98625 -0.0598068 -0.00285594 -0.995134 -0.0984896 -0.374848 -0.903328 -0.208538 -0.281872 -0.945846 -0.161006 -0.221869 -0.949482 -0.221943 -0.183169 -0.959119 -0.215729 -0.0122557 -0.994551 -0.103524 0.232629 -0.972561 -0.00298858 -0.297114 0.954622 -0.0205044 0.0315487 -0.995213 -0.0925012 -0.184112 -0.939992 -0.287259 0.0265662 -0.997834 -0.0601807 -0.129853 -0.954167 -0.269635 0.25404 -0.967048 -0.0167612 -0.0965743 -0.939377 -0.329006 -0.0719323 -0.946409 -0.314858 -0.0691962 -0.944654 0.320689 -0.309695 -0.632399 0.710042 0.154123 -0.978414 0.137667 0.123276 -0.978041 0.168044 0.0820154 -0.811136 0.579079 0.0625029 -0.793657 0.605146 0.113625 -0.907013 0.405484 0.0684517 -0.859177 0.50708 0.144185 -0.934297 0.326038 0.170402 -0.93731 0.303995 0.000746504 -0.830053 0.557684 0.142459 -0.958821 0.245698 0.217074 -0.970428 0.105585 0.0153971 -0.860251 0.509638 -0.138418 -0.726247 0.673354 -0.133391 -0.753694 0.643547 -0.00136448 -0.902235 0.431243 0.165387 -0.969357 0.181645 0.000824735 -0.53705 -0.84355 0.000569315 -0.602581 -0.798057 -0.000283269 -0.56332 -0.826239 -0.000583783 -0.628381 -0.777906 0.000282971 -0.665837 -0.746098 -0.00086423 -0.689765 -0.724033 0.00123533 -0.731709 -0.681616 -0.000440097 -0.757112 -0.653285 0.00156849 -0.804562 -0.593867 0 -0.817582 -0.575812 0 -0.869489 -0.493951 0 -0.869489 -0.493951 0 -0.906873 -0.421403 0 -0.906873 -0.421403 0 -0.930971 -0.365094 0 -0.930971 -0.365094 0 -0.945015 -0.327028 0 -0.945015 -0.327028 0 -0.957397 -0.288774 0 -0.968276 -0.249883 0 -0.957397 -0.288774 0 -0.968276 -0.249883 0 -0.9776 -0.210472 0 -0.9776 -0.210472 0 -0.991542 -0.12979 0 -0.991542 -0.12979 0 -0.998689 -0.051181 0 -0.998689 -0.051181 0 -1 0 0 -1 0 0 -0.998689 0.0511813 0.00026355 -0.997686 0.0679889 0.000538384 -0.994655 0.103257 0 -0.991542 0.12979 0 -0.9776 0.210472 0 -0.9776 0.210472 0 -0.968279 0.249872 0 -0.968279 0.249872 0 -0.957392 0.288792 0 -0.945017 0.327021 0 -0.957392 0.288792 0 -0.945017 0.327021 0 -0.930968 0.365102 0 -0.930968 0.365102 0.00137225 -0.895621 0.444816 0 -0.906873 0.421403 0.00183785 -0.875581 0.483068 0.000852593 -0.869508 0.493919 0.00226197 -0.7959 0.605424 -5.90941e-07 -0.817582 0.575812 -0.000450284 -0.757079 0.653323 0.00154885 -0.70556 0.708648 0 -0.689805 0.723995 0 -0.615644 0.788025 0 -0.615644 0.788025 0.000695282 -0.525251 0.850947 0 -0.534668 0.845062 0.127676 -0.90643 0.402596 0.0992786 -0.888309 0.448387 0.0590775 -0.868559 0.492052 0.161194 -0.832454 0.530129 0.112878 -0.887648 0.446476 0.17427 -0.804772 0.567426 0.178536 -0.775196 0.605967 0.173483 -0.745496 0.643537 0.158596 -0.714016 0.68193 0.134818 -0.682594 0.718255 0.101784 -0.650013 0.753076 0.140484 -0.679397 0.720198 0.161398 -0.606217 0.77875 0.162554 -0.567408 0.807233 0.154215 -0.527734 0.835293 0.136642 -0.488086 0.862033 0.108779 -0.446316 0.888239 0.0652979 -0.396594 0.915669 0.08672 -0.357699 0.929801 0.05731 -0.405171 0.912443 0.100913 -0.311056 0.945019 0.100816 -0.265607 0.958796 0.0862861 -0.217935 0.972141 0.0573835 -0.170013 0.98377 -0.114132 -0.0241478 0.993172 -0.0416397 -0.0743675 0.996361 0.014777 -0.122372 0.992374 0.0902569 -0.973886 0.208324 0.328478 -0.927796 0.176912 0.23886 -0.948902 0.206229 0.103798 -0.973543 0.203568 0.246686 -0.93752 0.245362 0.308555 -0.913101 0.266535 0.131597 -0.959844 0.247752 0.0788996 -0.954444 0.287771 0.0670367 -0.956574 0.283678 0.341 -0.88918 0.305088 0.255853 -0.908999 0.329029 -0.027581 -0.930589 0.365025 0.0788512 -0.942018 0.326166 0.152179 -0.931996 0.328977 0.393935 -0.919138 -0.000378472 0.374827 -0.927095 0.000343591 0.332119 -0.943237 0.000964875 0.288163 -0.957581 0.000607468 0.230696 -0.973026 -0.000558237 0.237129 -0.971478 -0.000927872 0.173015 -0.984919 0.000848491 0.0944829 -0.995526 0.000203546 0.0868608 -0.992734 0.0832723 0.0671045 -0.997744 -0.00196449 0.408063 -0.912954 0.000206895 0.0369628 -0.999317 0 0.0294084 -0.999568 -0.000163999 0.688977 -0.724729 -0.00884539 0.374827 -0.927094 -0.00123665 0.332119 -0.943237 -0.000653919 0.348511 -0.937305 -4.73335e-05 0.288163 -0.957581 -0.00127656 0.230696 -0.973026 -0.000807731 0.173015 -0.984918 0.00153714 0.164878 -0.986312 0.00212894 0.0991074 -0.995077 -9.87765e-05 0.0335035 -0.977064 -0.210294 0.0381303 -0.930266 -0.364898 0.354182 -0.882798 -0.308583 0.223443 -0.919818 -0.322503 0.0484606 -0.943855 -0.326786 0.0204084 -0.932689 -0.360105 0.302457 -0.909002 -0.286766 0.00589819 -0.957412 -0.288666 -0.0319202 -0.954915 -0.29516 0.354394 -0.913782 -0.198513 0.291385 -0.937368 -0.190881 0.234664 -0.937234 -0.257924 0.179473 -0.957911 -0.224046 0.078764 -0.965257 -0.249149 0.0109388 -0.976889 -0.213469 0.0453692 -0.0743617 -0.996199 -0.0105724 -0.0178837 -0.999784 0.0840762 -0.121946 -0.988969 0.11398 -0.169184 -0.978972 -0.116158 -0.21727 -0.969175 0.21385 -0.393597 -0.894063 -0.0491696 -0.266644 -0.96254 -0.00138291 -0.31296 -0.949765 0.0290641 -0.358603 -0.933038 0.0420807 -0.405479 -0.913135 0.0365966 -0.448543 -0.893012 0.0123541 -0.492799 -0.870055 -0.0288451 -0.533901 -0.845055 -0.0890592 -0.572999 -0.814703 0.159053 -0.606241 -0.779214 0.0844469 -0.480921 -0.872687 0.17422 -0.678259 -0.713871 0.171943 -0.643675 -0.745733 0.343301 -0.829831 -0.439915 0.307632 -0.718339 -0.62398 0.166573 -0.713066 -0.681022 0.148198 -0.748687 -0.646146 0.204548 -0.887065 -0.413855 -0.00526256 -0.787781 -0.615933 0.0833987 -0.821919 -0.563466 0.041246 -0.816637 -0.575676 0.295285 -0.886498 -0.356271 0.0625436 -0.841833 -0.536102 0.0610132 -0.868458 -0.491995 -0.0879238 -0.920591 -0.380501 -0.0423879 -0.920972 -0.387316 -0.0129745 -0.913833 -0.405884 0.0363962 -0.892128 -0.450315 0.241198 -0.880099 -0.408962 0.312603 -0.825914 -0.469197 0.367864 -0.822838 -0.433144 0.196039 -0.788951 -0.582344 0.225957 -0.712786 -0.663988 0.33125 -0.632992 -0.699711 0.31282 -0.63242 -0.708653 0.178424 -0.592912 -0.785252 0.231535 -0.66474 -0.710291 0.147181 -0.531201 -0.834364 0.110375 -0.971627 -0.209186 0.173917 -0.960056 -0.219194 0.296432 -0.930995 -0.213019 0.298165 -0.930657 -0.212074 0.104086 -0.963017 -0.248526 0.337275 -0.908581 -0.246429 0.146869 -0.947015 -0.285643 0.183637 -0.943438 -0.276049 0.306414 -0.9141 -0.265577 0.139255 -0.9219 -0.361537 0.28406 -0.906086 -0.313556 0.146786 -0.929597 -0.338089 0.310367 -0.892059 -0.328487 0.0221869 -0.998444 -0.0511684 0.10178 -0.986424 -0.128875 0.107356 -0.985811 -0.12904 0.111205 -0.986628 -0.119163 0.22015 -0.970306 -0.100199 0.296074 -0.939116 -0.17436 0.344878 -0.93294 -0.103352 0.346735 -0.937963 -0.000151985 0.318448 -0.94794 0.000172532 0.180879 -0.983505 0.000128027 0.221263 -0.975214 -0.000375114 0.0631867 -0.998002 0.000290911 0.102636 -0.994719 -8.49705e-05 0.0889883 -0.996033 0 0.022216 -0.999753 0.000180159 0.221873 -0.963829 0.147667 0.126988 -0.96536 0.227936 0.177059 -0.962738 0.204415 0.31287 -0.931334 0.186361 0.337169 -0.921446 0.193012 0.179104 -0.961792 0.207068 0.214979 -0.903791 0.370063 0.181268 -0.915545 0.359054 0.209577 -0.92403 0.319759 0.211688 -0.923509 0.319875 0.310288 -0.900624 0.304298 0.108349 -0.951756 0.287092 0.109796 -0.962425 0.248362 0.178809 -0.949477 0.257915 0.1097 -0.977124 0.182196 0.310342 -0.917683 0.248085 0.404355 -0.889193 0.214086 -0.944908 -0.171933 0.278545 0.271979 -0.592436 0.758319 0.274585 -0.559294 0.782172 0.338446 -0.435635 0.834073 0.302192 -0.672574 0.675518 0.284282 -0.658666 0.696666 0.251444 -0.770331 0.585974 0.279777 -0.819181 0.500668 0.310281 -0.831033 0.461637 0.278832 -0.881489 0.38109 0.00159758 -0.285005 0.958525 -0.000665765 -0.347566 0.937655 -7.19821e-05 -0.146957 0.989143 -0.00361204 -0.07891 -0.996875 -0.984208 -0.0504512 0.169677 0.196272 -0.199326 0.960076 0.103175 -0.125164 -0.986757 0.237035 -0.363869 -0.900785 0.328151 -0.524019 -0.785952 0.3188 -0.380767 -0.867976 0.294214 -0.396944 -0.86941 0.155681 -0.219173 -0.963186 -0.0014098 -0.223091 -0.974797 -0.000932683 -0.235431 -0.971891 -0.000417826 -0.401729 -0.915759 -0.00174376 -0.452685 -0.891669 0.973805 -0.0053331 -0.227321 0.980533 -0.011655 -0.196009 0.993434 0.0145065 -0.113483 0.99798 0.00860587 -0.0629371 0.998789 -0.0126447 -0.0475553 0.99976 0.00742205 -0.020624 0.999785 0.00250416 0.0205991 0.997989 0.00770671 0.0629236 0.993438 -0.00686205 0.114167 0.994332 -0.0206226 0.104304 0.98808 0.000230919 0.153944 0.982774 -0.00852311 0.184613 0.999592 -0.00490456 0.0281241 0.173754 -0.983852 -0.0429537 0.21699 -0.975568 0.034379 0.026499 -0.999623 0.0071678 0.0419901 -0.999077 -0.00910764 0.176231 -0.984289 -0.0108396 0.154153 -0.988031 -0.00560108 0.0721609 -0.997388 -0.0031596 0.169506 -0.985523 -0.00340776 0.0505872 -0.99872 9.24433e-05 0.17632 -0.984327 0.00354474 0.184732 -0.982723 0.0113483 0.166034 -0.986104 0.00569013 0.0627496 -0.998027 0.00215048 0.170876 -0.98509 0.0199592 0.0555828 -0.998431 0.00673019 0.179576 -0.980849 0.0754117 0.0123872 -0.982297 0.186919 0.16715 -0.981477 0.0936188 0.0844728 -0.98314 0.162173 0.061621 -0.978231 0.19816 0.0866631 -0.974676 0.206145 0.19578 -0.976724 0.0876411 0.0786984 -0.974493 0.210167 0.18332 -0.977392 0.105353 0.0725185 -0.969621 0.233616 0.0709637 -0.958425 0.27638 0.178377 -0.9739 0.140357 0.0744362 -0.956137 0.283303 0.211318 -0.971398 0.108306 0.110235 -0.958719 0.26212 0.185799 -0.968507 0.165752 0.190178 -0.975058 0.114429 0.179668 -0.9737 0.140102 0.0935839 -0.96787 0.233389 0.180533 -0.975414 0.126397 0.102292 -0.960113 0.26023 5.95648e-05 -1 0.000593383 0 -1 0 0 -1 0 5.06331e-05 -1 -0.000760291 0.00217391 -0.992912 0.118829 0.027575 -0.998089 0.0552971 0.0181311 -0.98157 -0.190241 0.203277 -0.97856 -0.0331577 0.0967575 -0.994637 -0.0365329 0.0360254 -0.991407 -0.125756 0.0171967 -0.984279 -0.175781 0.056522 -0.97679 -0.206607 0.175951 -0.979834 -0.0946872 0.084749 -0.981944 -0.169124 0.194746 -0.977069 -0.0860829 0.0811131 -0.972572 -0.218003 0.182845 -0.975085 -0.125608 0.0606791 -0.962328 -0.265033 0.166119 -0.977362 -0.131027 0.0764613 -0.9724 -0.220435 0.183865 -0.974645 -0.127518 0.176978 -0.973523 -0.144678 0.0676263 -0.961339 -0.266936 0.0645607 -0.958889 -0.276339 0.026221 -0.928342 -0.370802 0.176769 -0.973293 -0.14647 0.0981305 -0.956515 -0.27468 0.159856 -0.97998 -0.118684 0.219956 -0.969936 -0.104134 0.178384 -0.973152 -0.145448 0.23914 -0.969872 -0.0464718 0.241354 -0.968204 -0.0658031 0.242039 -0.968892 -0.0516336 0.241904 -0.968351 -0.0614756 0.244122 -0.968147 -0.0556431 0.243508 -0.968451 -0.0529696 0.243099 -0.968669 -0.0508199 0.242694 -0.968906 -0.0481778 0.25868 -0.965667 -0.0239279 0.240373 -0.970231 -0.0295323 0.241006 -0.970196 -0.0252033 0.271322 -0.962347 -0.016527 0.241453 -0.97019 -0.0207894 0.24172 -0.970198 -0.0169683 0.241837 -0.970212 -0.0142685 0.240384 -0.97023 -0.0294752 0.274389 -0.953124 0.127533 0.242053 -0.970251 -0.00486624 0.241464 -0.970345 -0.0112124 0.24169 -0.970319 -0.00815457 0.241877 -0.970298 -0.00420421 0.241936 -0.970292 -0.000859245 0.241899 -0.970297 0.00302522 0.241778 -0.970309 0.00667555 0.241555 -0.970333 0.0102 0.242048 -0.970252 0.00486615 0.241859 -0.970218 0.0134589 0.241796 -0.970208 0.0151908 0.241684 -0.970198 0.017444 0.241439 -0.97019 0.0209692 0.241038 -0.970196 0.0249054 0.240482 -0.970227 0.0287808 0.240115 -0.970251 0.0309453 0.241583 -0.968006 0.0678436 0.239141 -0.969872 0.0464781 0.241959 -0.968919 0.0514953 0.259037 -0.965578 0.0236329 0.240326 -0.970235 0.0297849 0.270817 -0.962489 0.0164969 0.242804 -0.968837 0.0490105 0.239238 -0.968593 0.0677627 0.244153 -0.96813 0.0557971 0.243589 -0.96814 0.0580409 0.243381 -0.968514 0.0524035 0.422114 -0.893232 0.154777 0.43683 -0.884416 0.164284 0.89152 -0.042949 0.45094 0.502733 -0.845971 -0.177744 0.879324 0.17316 -0.443626 0.90587 -0.0538555 -0.420118 0.780437 -0.486138 -0.393177 0.785382 -0.47527 -0.396602 0.640985 -0.7099 0.291858 0.393243 -0.911339 0.121742 0.744416 -0.562456 -0.359845 0.762984 -0.531794 0.367493 0.747403 -0.561798 0.354644 0.389034 -0.914798 0.108617 0.909325 -0.0640646 0.411126 0.467497 -0.875354 0.123296 0.478606 -0.868044 0.132047 0.907913 -0.0659371 0.41394 0.502009 -0.856978 0.116515 0.483685 -0.867816 0.113771 0.930736 -0.0842779 0.355847 0.797243 -0.543201 0.26332 0.696474 -0.695085 0.178271 0.935744 -0.127338 0.328891 0.381417 -0.922535 0.0587368 0.375951 -0.925329 0.0492606 0.970101 -0.0414031 0.239146 0.760509 -0.638605 0.117514 0.387104 -0.920895 0.0458489 0.986142 -0.0705251 0.150168 0.452053 -0.890805 0.0459876 0.651957 -0.755398 0.0657685 0.955473 -0.146121 0.256358 0.650756 -0.757457 0.0526803 0.986796 -0.0991529 0.128072 0.469774 -0.871496 0.140737 0.987951 -0.110655 0.108208 0.997759 -0.0654553 0.0138683 0.437362 -0.893934 -0.0979615 0.702361 -0.710865 -0.0368824 0.994924 -0.0806396 -0.0601961 0.660256 -0.748118 -0.0661868 0.991955 -0.0973528 -0.080914 0.990198 -0.0854222 -0.110499 0.637984 -0.766188 0.0770224 0.985623 -0.0828203 -0.147271 0.989424 -0.0760133 -0.123541 0.920458 -0.351431 -0.171035 0.966334 -0.184246 -0.17959 0.249412 -0.968208 -0.0191379 0.965503 -0.203795 -0.162087 0.417186 -0.904905 -0.084282 0.377913 -0.922709 -0.0760956 0.716776 -0.669348 -0.195459 0.765703 -0.586386 -0.264294 0.706214 -0.413697 -0.574558 0.93011 -0.0934354 -0.355198 0.389051 -0.916605 -0.0920547 0.509375 -0.842165 -0.176906 0.909215 -0.0531927 -0.412916 0.595424 -0.759049 -0.263277 0.679574 -0.665835 0.307966 0.847178 -0.268482 0.458484 0.724164 -0.633574 0.272343 0.740354 -0.616713 -0.267473 0.519832 -0.827274 -0.213057 0.508322 -0.8365 -0.204638 0.307188 -0.947638 0.0872755 0.867936 -0.102156 0.486056 0.866599 -0.126743 0.482642 0.238028 -0.955166 0.176071 0.0487632 -0.188903 0.980784 0.0332511 -0.133359 0.99051 -0.0362763 -0.428009 0.903046 0.0772688 -0.373733 0.924312 0.109818 -0.476127 0.872492 0.163258 -0.687369 0.707722 0.244336 -0.965502 0.090036 0.0880648 -0.684992 0.723208 -0.0391238 -0.397215 0.916891 0.213926 -0.964081 0.157428 0.205513 -0.962732 0.175818 0.160082 -0.672259 0.722801 0.11626 -0.726851 0.676883 0.0775814 -0.375264 0.923666 0.0274231 -0.339926 0.940052 0.0210451 -0.408272 0.912618 0.21421 -0.962459 0.166693 -0.00248983 -0.371914 0.928264 0.00902494 -0.928206 0.371958 -0.00220785 -0.932483 0.361208 0.000621134 -0.945306 0.326185 0.00329803 -0.942485 0.334233 0.00270853 -0.949605 0.313436 -0.00250836 -0.955405 0.295289 0.00192218 -0.960271 0.279064 -0.00374198 -0.966087 0.258191 0.00193233 -0.970066 0.242832 -0.00332851 -0.976973 0.213337 0.0440262 -0.637631 -0.769083 0.0625888 -0.383822 -0.921284 0.133152 -0.645135 -0.752377 0.0589002 -0.325257 -0.943789 0.151199 -0.62784 -0.763516 0.213697 -0.865147 -0.453711 0.242619 -0.968022 -0.0637859 -0.0551215 -0.366304 -0.928861 -0.0206442 -0.429741 -0.902716 -0.0275441 -0.319146 -0.947305 0.134882 -0.759409 -0.636479 0.211353 -0.961318 -0.176627 0.0125631 -0.320409 -0.947196 0.0835372 -0.447681 -0.890283 0.145179 -0.710266 -0.6888 -0.00294358 -0.974179 -0.225758 -0.00414398 -0.962866 -0.269948 0.0046531 -0.969198 -0.246237 -0.00457362 -0.949927 -0.312438 0.001747 -0.957518 -0.288367 0.00070198 -0.946175 -0.323656 -0.00203114 -0.93881 -0.34443 0.00110113 -0.927546 -0.373708 0.00391327 -0.935197 -0.354107 0.037658 -0.151033 -0.987811 0.0507654 -0.199951 -0.97849 0.227309 -0.907312 -0.353718 0.242046 -0.966727 -0.0827764 0.297613 -0.951203 -0.0814888 0.868343 -0.0932823 -0.487112 -0.870546 0.0111057 -0.491962 0.844025 -0.218094 0.489956 0.180775 -0.0529723 0.982097 0.852039 -0.0726188 0.518417 0.820866 -0.360207 0.443204 0.749959 -0.110017 0.652272 0.0926255 -0.364612 0.926541 0.162684 -0.575291 0.801607 0.227415 -0.890828 0.393329 0.224137 -0.883903 0.41046 0.777586 -0.48089 0.405098 0.5129 -0.826416 0.232315 0.544101 -0.732028 0.409986 0.392114 -0.822641 0.411714 0.238045 -0.756475 0.609163 0.712895 -0.0830162 0.69634 0.567959 -0.777334 0.270508 0.588547 -0.755245 0.288474 0.386948 -0.14104 0.911252 0.464178 -0.231181 0.855041 0.313146 -0.128205 0.941012 0.357429 -0.097106 0.928878 0.215713 -0.664584 0.715399 0.364157 -0.850302 0.37997 -0.201127 -0.568164 0.797958 -0.126568 -0.816707 0.563001 -0.387116 -0.550318 0.739791 -0.0790055 -0.864998 0.495516 -0.305184 -0.488765 0.817296 -0.267803 -0.594157 0.758459 -0.318746 -0.357386 0.877882 -0.249698 -0.416747 0.874056 -0.0493688 -0.854477 0.517138 -0.0266282 -0.879921 0.474373 -0.232638 -0.622203 0.747491 -0.165725 -0.633969 0.755393 -0.242552 -0.234446 0.941384 -0.138588 -0.397797 0.906946 -0.105952 -0.340011 0.934434 -0.140516 -0.392836 0.90881 0.0740462 -0.766776 0.63763 0.0395494 -0.894662 0.44499 -0.226215 -0.472668 0.851711 0.00163964 -0.748488 0.663146 -0.0951567 -0.57008 0.81606 0.0709944 -0.725185 0.684885 -0.454051 -0.474104 0.754363 -0.761701 -0.524947 -0.379794 -0.0254265 -0.99946 -0.0207948 -0.800084 -0.505541 0.322945 -0.0571334 -0.996847 0.0550658 -0.795711 -0.547376 0.259275 -0.522651 -0.835051 0.17183 -0.773085 -0.585446 0.244117 -0.880711 -0.42386 0.211404 -0.74279 -0.659148 0.117414 -0.794529 -0.592806 0.13155 -0.0359482 -0.999334 -0.00633847 -0.719982 -0.693518 0.025647 -0.0784448 -0.996915 0.00274439 -0.644573 -0.764537 -0.00295362 -0.864453 -0.500816 -0.0436376 -0.883977 -0.449906 -0.127159 -0.758701 -0.636401 -0.139163 -0.320375 -0.945855 -0.0521337 -0.758843 -0.62821 -0.171784 -0.733962 -0.654357 -0.181981 -0.833483 -0.488424 -0.258357 -0.317169 -0.945641 -0.0718862 -0.532555 -0.831984 -0.155522 -0.814337 -0.49072 -0.309917 -0.695113 -0.648913 -0.309402 -0.514102 -0.84116 0.167778 -0.529312 -0.840679 0.1144 -0.304903 -0.951844 0.0320342 -0.752182 -0.658882 0.00985503 -0.564149 -0.82343 -0.0608132 -0.597627 -0.755991 -0.267058 -0.17499 -0.979262 -0.102104 -0.204421 -0.931622 0.300486 -0.0992794 -0.977356 -0.186866 -0.272065 -0.774256 -0.571409 -0.170335 -0.875404 -0.452386 -0.512709 -0.554467 -0.655511 -0.532052 -0.527602 -0.662237 -0.310157 -0.822517 -0.476727 -0.707845 -0.30299 -0.638085 -0.582299 -0.578485 -0.571212 -0.253646 -0.928449 -0.271379 -0.234324 -0.933529 -0.271322 -0.674984 -0.583322 -0.451809 -0.750192 -0.448021 -0.486301 -0.421194 -0.615444 -0.666202 -0.210159 -0.890603 -0.403311 -0.424681 -0.730127 -0.535313 -0.519999 -0.65366 -0.549845 -0.753596 -0.33381 -0.566271 -0.437127 -0.809928 -0.391072 -0.50209 -0.333441 -0.797949 -0.750549 -0.452159 0.481901 -0.218038 -0.806271 0.549896 -0.624833 -0.677411 0.388198 -0.0984712 -0.972182 0.212523 -0.30075 -0.84786 0.436672 -0.739483 -0.392313 0.547043 -0.308348 -0.845034 0.436852 -0.628281 -0.550485 0.549753 -0.627534 -0.507569 0.590403 -0.333635 -0.813253 0.476768 -0.533113 -0.59999 0.596491 -0.238405 -0.849589 0.47049 -0.552604 -0.528564 0.644398 -0.301724 -0.77444 0.556063 -0.469523 -0.580964 0.664853 -0.522706 -0.524172 0.672327 -0.523901 -0.692188 0.49639 -0.212845 -0.816492 0.536692 -0.0658308 -0.996234 0.0564372 -0.0635021 -0.997189 0.0397808 -0.148624 -0.97129 0.185759 -0.561968 -0.767532 0.308362 -0.248669 -0.944535 0.214517 -0.729192 -0.557406 0.39696 -0.445643 -0.305096 -0.841617 -0.253633 -0.378112 -0.890338 -0.25778 -0.450851 -0.854566 -0.264061 -0.419645 -0.86843 -0.0778848 -0.845432 -0.528373 -0.136139 -0.740647 -0.657958 -0.280911 -0.468567 -0.837577 -0.160132 -0.80883 -0.56582 -0.155757 -0.813039 -0.560988 -0.140471 -0.698229 -0.701957 -0.276326 -0.581024 -0.765543 -0.26079 -0.549702 -0.79361 -0.118404 -0.327852 -0.93728 0.115775 -0.946574 -0.300987 -0.185686 -0.262982 -0.946764 -0.193789 -0.402916 -0.894486 -0.194355 -0.401716 -0.894903 -0.117801 -0.334038 -0.935169 0.0274022 -0.920077 -0.390778 0.202718 -0.962764 -0.178862 0.139199 -0.942936 -0.302481 0.0172369 -0.691193 -0.722465 0.0151369 -0.688346 -0.725225 -0.11944 -0.641106 -0.758101 -0.107078 -0.722345 -0.683192 -0.868887 -0.00909966 0.494927 -0.222686 0.974275 0.0346319 0.252068 -0.959069 -0.129028 0.265208 -0.0669976 -0.961861 0.502119 -0.209344 -0.839078 0.564157 -0.149984 -0.811931 0.693001 -0.216395 -0.687693 0.731556 -0.182033 -0.657031 0.457076 -0.816303 -0.353174 0.357107 -0.924607 -0.132573 0.700883 -0.617034 -0.357816 -0.309583 -0.93103 0.19324 0.360337 -0.920839 -0.149038 0.0755432 -0.299173 -0.951204 0.428115 -0.674419 -0.601562 0.111223 -0.424747 -0.898454 0.245879 -0.0708598 -0.966707 0.193797 -0.764457 -0.614856 0.207906 -0.722842 -0.658995 0.246665 -0.81406 -0.525797 0.81156 -0.372759 -0.449911 0.840882 -0.211498 -0.498182 0.785287 -0.451797 -0.423326 0.248118 -0.851582 -0.461785 0.161382 -0.547573 -0.821048 0.889372 -0.0272608 -0.45637 0.949425 -0.0109453 -0.313802 0.938935 -0.022836 -0.343335 0.963517 -0.0132797 -0.267316 0.96225 -0.0162556 -0.271683 0.970315 -0.0430533 0.23798 0.884342 -0.0322269 0.465726 0.873687 -0.0313985 0.485473 0.839565 -0.0259714 0.542638 0.869263 -0.0325938 0.493273 0.869271 -0.0325093 0.493265 0.068884 -0.00259344 0.997621 0 0 1 0 0 1 -0.0166601 -0.00415538 0.999853 -0.024764 -0.000772097 0.999693 -0.07137 -0.01464 0.997342 -0.0572283 -0.020517 0.99815 -0.118969 -0.023325 0.992624 -0.0971577 -0.0303422 0.994806 -0.165545 -0.0349695 0.985582 -0.142775 -0.0414797 0.988886 -0.184352 -0.0503714 0.981569 -0.211149 -0.0489759 0.976226 -0.257281 -0.0589374 0.964538 -0.220584 -0.0607683 0.973473 -0.270947 -0.0776804 0.959455 -0.301915 -0.0720847 0.950606 -0.346472 -0.083007 0.934381 -0.321709 -0.099815 0.941563 -0.388769 -0.0981433 0.916093 -0.379407 -0.108441 0.918853 -0.430526 -0.118458 0.894771 -0.439441 -0.108294 0.89172 -0.558415 -0.200249 0.80503 -0.636329 -0.130288 0.760335 -0.662065 -0.176345 0.728404 -0.693412 -0.161779 0.702145 -0.712353 -0.201434 0.672293 -0.745519 -0.18112 0.641403 -0.759861 -0.202398 0.617775 -0.797958 -0.176146 0.576399 -0.809653 -0.211931 0.547309 -0.837867 -0.200419 0.50775 -0.846193 -0.221718 0.484561 -0.87563 -0.208651 0.435588 -0.881406 -0.225417 0.415103 -0.899085 -0.224837 0.375626 -0.90161 -0.220718 0.371999 -0.926717 -0.228141 0.298575 -0.925632 -0.230184 0.300369 -0.93873 -0.251957 0.235168 -0.944584 -0.237847 0.22625 -0.959522 -0.235046 0.155146 -0.955528 -0.265745 0.12785 -0.963672 -0.251462 0.0900232 -0.97538 -0.220099 -0.01378 -0.957856 -0.28191 0.0551283 -0.966822 -0.252084 -0.0413425 -0.971638 -0.208537 -0.111501 -0.958942 -0.24797 -0.137626 -0.949125 -0.225864 -0.219425 -0.952198 -0.217804 -0.214197 -0.928574 -0.235345 -0.286989 -0.925831 -0.210085 -0.314166 -0.909612 -0.231476 -0.344999 -0.895893 -0.21148 -0.390706 -0.87615 -0.233421 -0.421754 -0.860258 -0.20985 -0.464671 -0.84462 -0.222127 -0.487111 -0.823106 -0.188385 -0.535731 -0.796142 -0.216805 -0.564937 -0.774854 -0.189426 -0.603091 -0.725429 -0.173224 -0.666143 -0.739192 -0.215459 -0.638101 -0.679085 -0.171069 -0.713848 -0.682049 -0.181888 -0.708327 -0.61521 -0.16919 -0.769994 -0.447047 -0.183959 -0.87539 -0.426895 -0.127514 -0.895266 -0.388764 -0.0981629 -0.916093 -0.398847 -0.127485 -0.908113 -0.343989 -0.0931013 -0.934347 -0.301931 -0.0718488 -0.950618 -0.345728 -0.0912859 -0.933884 -0.295842 -0.0763643 -0.95218 -0.257637 -0.0574972 -0.96453 -0.276473 -0.0777377 -0.957872 -0.211151 -0.0489687 -0.976226 -0.228913 -0.0640132 -0.97134 -0.165526 -0.0349538 -0.985586 -0.190143 -0.0551267 -0.980208 -0.149786 -0.0394588 -0.987931 -0.115901 -0.0359092 -0.992612 -0.109354 -0.0220838 -0.993757 -0.0708848 -0.016584 -0.997347 -0.0237079 -0.00501259 -0.999706 -0.0680065 -0.0180945 -0.997521 -0.0226588 -0.00565158 -0.999727 0 0 -1 0 0 -1 0.174832 -0.00658234 -0.984576 0.110085 -0.0100553 -0.993871 0.83851 -0.0257359 -0.544278 0.86927 -0.0324937 -0.493269 0.869263 -0.0325649 -0.493276 -0.241868 0.970309 -0.000146825 -0.24245 0.970164 -0.000610597 -0.583912 0.113563 -0.803835 -0.242109 0.970249 0.000219395 -0.714142 0.0310449 -0.699312 -0.243091 0.970003 -0.000960404 -0.242536 0.970142 -0.000742637 -0.242021 0.970271 -0.000359619 -0.24216 0.970236 -0.00015592 -0.242373 0.970183 -0.000245708 -0.242103 0.97025 -0.000597789 -0.242408 0.970174 -0.000378119 -0.242711 0.970097 -0.00152327 -0.242188 0.970229 -0.000463928 -0.242634 0.970118 -0.000113141 -0.241877 0.970307 4.81584e-05 -0.242149 0.970239 -0.000515141 -0.241795 0.970327 0.000287683 -0.242216 0.970222 -0.000202607 -0.241759 0.970336 0.000240651 -0.241949 0.970289 -0.000254785 -0.241829 0.970319 6.23062e-05 -0.241824 0.97032 6.24085e-05 -0.241995 0.970277 -0.000196302 -0.284758 -0.17671 -0.942171 -0.069167 -0.509621 -0.857614 -0.241803 0.970325 -2.13182e-06 -0.0939423 0.0816092 -0.992227 -0.241614 0.970372 5.7703e-05 -0.242001 0.970276 -0.000525674 -0.241365 0.970434 -7.10221e-05 -0.242018 0.970272 -0.000583994 -0.241381 0.970431 -7.51536e-05 -0.24185 0.970314 0.00040432 -0.241511 0.970398 3.454e-05 -0.24187 0.970309 0.000427479 -0.241865 0.97031 0.000468893 -0.241879 0.970306 -9.24615e-05 -0.242475 0.970158 0.000190608 -0.241919 0.970296 0.000530914 0.239827 -0.970401 -0.0283825 -0.242511 0.970149 6.24248e-05 -0.241821 0.970321 8.27248e-05 -0.241753 0.970338 2.29116e-05 -0.241849 0.970314 3.92899e-06 -0.241572 0.970383 -0.000188691 -0.24159 0.970379 -3.38968e-05 -0.242271 0.970209 9.94226e-05 -0.242377 0.970182 0.000211198 -0.241918 0.970296 -0.000682422 -0.241914 0.970298 -4.42918e-05 0.528412 0.655444 -0.539606 0.0148901 0.0175239 -0.999736 0.0769513 0.0698667 -0.994584 -0.242326 0.970195 0.000214449 0.18116 0.0835679 -0.979897 -0.242838 0.970067 0.00070054 0.316099 0.000862528 -0.948726 0.290915 0.0292666 -0.956301 0.420175 0.0266367 -0.907052 0.530452 -0.0139875 -0.8476 0.521715 -0.0233845 -0.8528 0.624676 0.0124083 -0.780786 -0.242793 0.970078 0.000737959 0.723668 -0.0283222 -0.689566 0.727896 -0.0247901 -0.685239 -0.242367 0.970185 0.000479912 0.793206 -0.0106294 -0.60886 -0.242353 0.970188 0.000461439 0.833878 -0.0214342 -0.551533 -0.253191 0.967036 -0.0271426 -0.25987 -0.591921 0.762953 -0.0426309 0.965554 0.256685 -0.242582 0.97013 0.00121902 -0.242197 0.970227 0.000450738 -0.242149 0.970239 0.000515176 -0.241784 0.97033 -0.000311958 -0.241871 0.970308 0.00011439 -0.242113 0.970248 0.000641735 -0.241914 0.970298 2.70703e-05 -0.241912 0.970298 2.93181e-05 -0.241865 0.97031 -0.000143555 -0.241886 0.970305 -0.000168665 -0.24196 0.970286 0.000167008 -0.241967 0.970284 0.000158709 -0.241867 0.970309 -0.000424302 -0.24187 0.970309 -0.000427302 -0.242074 0.970257 0.00125422 -0.241993 0.970274 0.00264134 -0.241908 0.970299 5.22474e-05 -0.241918 0.970295 0.00155425 0.719252 0.309809 0.621848 0.0246294 0.0762419 0.996785 0.114237 0.076593 0.990497 0.230033 0.0178453 0.973019 0.237301 0.0341872 0.970835 0.339929 0.0839934 0.936693 0.450462 0.0219188 0.892527 0.474256 -0.0082243 0.880348 0.833057 -0.00880684 0.553117 0.558205 0.0122899 0.829612 0.795933 0.0176463 0.605128 0.742193 -0.0229884 0.669792 0.668858 -0.0199766 0.743121 0.72589 -0.0648124 0.684751</float_array>
                    <technique_common>
                        <accessor count="7999" source="#shape0-lib-normals-array" stride="3">
                            <param name="X" type="float"/>
                            <param name="Y" type="float"/>
                            <param name="Z" type="float"/>
                        </accessor>
                    </technique_common>
                </source>
                <vertices id="shape0-lib-vertices">
                    <input semantic="POSITION" source="#shape0-lib-positions"/>
                </vertices>
                <triangles count="7999">
                    <input offset="0" semantic="VERTEX" source="#shape0-lib-vertices"/>
                    <input offset="1" semantic="NORMAL" source="#shape0-lib-normals"/>
                    <p>0 0 1 0 2 0 3 1 0 1 2 1 4 2 5 2 6 2 5 3 7 3 6 3 5 4 8 4 7 4 9 5 1014 5 10 5 10 6 11 6 12 6 1014 7 11 7 10 7 13 8 14 8 15 8 12 9 11 9 13 9 13 10 11 10 14 10 11 11 16 11 14 11 18 12 17 12 11 12 11 13 17 13 16 13 18 14 19 14 17 14 2146 15 20 15 21 15 22 16 20 16 2146 16 20 17 22 17 23 17 23 18 22 18 24 18 22 19 26 19 24 19 24 20 26 20 25 20 26 21 27 21 25 21 26 22 28 22 27 22 30 23 29 23 2150 23 2150 24 29 24 32 24 29 25 31 25 32 25 31 26 33 26 32 26 32 27 33 27 37 27 33 28 34 28 37 28 37 29 35 29 36 29 34 30 35 30 37 30 35 31 27 31 36 31 36 32 27 32 28 32 38 33 29 33 30 33 39 34 41 34 40 34 56 35 41 35 39 35 40 36 43 36 42 36 41 37 43 37 40 37 42 38 43 38 44 38 43 39 45 39 44 39 44 40 45 40 46 40 45 41 47 41 46 41 46 42 47 42 48 42 48 43 47 43 49 43 47 44 50 44 49 44 49 45 50 45 51 45 50 46 53 46 51 46 51 47 53 47 52 47 53 48 55 48 52 48 52 49 55 49 54 49 55 50 56 50 54 50 54 51 56 51 39 51 71 52 70 52 57 52 70 53 58 53 57 53 57 54 58 54 59 54 58 55 61 55 59 55 59 56 61 56 60 56 60 57 61 57 63 57 61 58 62 58 63 58 63 59 62 59 64 59 62 60 66 60 64 60 64 61 66 61 65 61 66 62 67 62 65 62 65 63 67 63 68 63 67 64 69 64 68 64 68 65 69 65 71 65 69 66 70 66 71 66 1533 67 73 67 1529 67 72 68 73 68 1533 68 73 69 74 69 1527 69 1527 70 74 70 1531 70 74 71 75 71 1531 71 1536 72 75 72 1541 72 75 73 76 73 1541 73 1541 74 76 74 1544 74 76 75 78 75 77 75 78 76 81 76 79 76 79 77 81 77 80 77 80 78 81 78 1550 78 1550 79 81 79 1547 79 81 80 82 80 1547 80 82 81 84 81 1547 81 1547 82 84 82 83 82 83 83 84 83 1538 83 1538 84 84 84 1533 84 84 85 72 85 1533 85 95 86 86 86 1506 86 1506 87 86 87 85 87 85 88 86 88 1499 88 1499 89 86 89 1500 89 1500 90 86 90 1504 90 86 91 87 91 1504 91 87 92 1555 92 1508 92 1508 93 1555 93 88 93 88 94 90 94 89 94 90 95 92 95 91 95 91 96 92 96 1526 96 92 97 93 97 1523 97 1523 98 93 98 1520 98 93 99 94 99 1520 99 1520 100 94 100 1517 100 1517 101 94 101 1512 101 94 102 95 102 1511 102 1451 103 97 103 96 103 1454 104 1328 104 1324 104 99 105 100 105 101 105 99 106 102 106 100 106 102 107 104 107 100 107 100 108 104 108 103 108 104 109 105 109 103 109 106 110 107 110 108 110 109 111 107 111 106 111 110 112 109 112 106 112 113 113 109 113 110 113 111 114 112 114 109 114 134 115 109 115 113 115 1418 116 111 116 109 116 114 117 115 117 116 117 114 118 116 118 368 118 119 119 117 119 118 119 120 120 118 120 117 120 121 121 119 121 118 121 122 122 118 122 120 122 121 123 118 123 1418 123 123 124 121 124 1418 124 124 125 118 125 122 125 125 126 123 126 1418 126 126 127 118 127 124 127 126 128 124 128 127 128 136 129 125 129 1418 129 128 130 126 130 127 130 126 131 128 131 129 131 126 132 129 132 130 132 131 133 126 133 130 133 1451 134 132 134 115 134 1451 135 133 135 132 135 1451 136 134 136 133 136 1451 137 114 137 135 137 1451 138 109 138 134 138 1451 139 1418 139 109 139 1451 140 115 140 114 140 1451 141 136 141 1418 141 137 142 138 142 136 142 139 143 137 143 136 143 140 144 138 144 137 144 140 145 141 145 138 145 139 146 136 146 1451 146 142 147 141 147 140 147 142 148 143 148 141 148 144 149 139 149 1451 149 142 150 145 150 143 150 146 151 145 151 142 151 155 152 144 152 1451 152 148 153 145 153 146 153 148 154 147 154 145 154 148 155 149 155 147 155 150 156 149 156 148 156 150 157 152 157 149 157 151 158 152 158 150 158 151 159 153 159 152 159 154 160 153 160 151 160 154 161 131 161 153 161 154 162 126 162 131 162 164 163 126 163 154 163 157 164 155 164 1451 164 157 165 1451 165 96 165 157 166 156 166 155 166 157 167 158 167 156 167 157 168 160 168 158 168 159 169 160 169 157 169 159 170 161 170 160 170 159 171 162 171 161 171 159 172 163 172 162 172 159 173 164 173 165 173 159 174 165 174 163 174 159 175 126 175 164 175 166 176 167 176 168 176 166 177 169 177 167 177 170 178 169 178 166 178 168 179 171 179 172 179 167 180 171 180 168 180 170 181 173 181 169 181 174 182 173 182 170 182 172 183 175 183 176 183 171 184 175 184 172 184 174 185 177 185 173 185 178 186 177 186 174 186 176 187 179 187 180 187 175 188 179 188 176 188 178 189 181 189 177 189 182 190 181 190 178 190 180 191 183 191 184 191 179 192 183 192 180 192 182 193 185 193 181 193 186 194 185 194 182 194 184 195 187 195 188 195 183 196 187 196 184 196 186 197 189 197 185 197 400 198 189 198 186 198 188 199 190 199 191 199 187 200 190 200 188 200 400 201 192 201 189 201 401 202 192 202 400 202 191 203 193 203 194 203 190 204 193 204 191 204 401 205 195 205 192 205 402 206 195 206 401 206 193 207 196 207 194 207 194 208 196 208 197 208 402 209 198 209 195 209 403 210 198 210 402 210 197 211 199 211 200 211 196 212 199 212 197 212 403 213 201 213 198 213 404 214 201 214 403 214 200 215 202 215 203 215 199 216 202 216 200 216 404 217 204 217 201 217 205 218 204 218 404 218 203 219 206 219 207 219 202 220 206 220 203 220 205 221 208 221 204 221 209 222 208 222 205 222 206 223 210 223 207 223 209 224 211 224 208 224 212 225 211 225 209 225 210 226 213 226 207 226 212 227 214 227 211 227 215 228 214 228 212 228 213 229 219 229 207 229 218 230 220 230 221 230 216 231 224 231 217 231 217 232 224 232 218 232 218 233 224 233 220 233 215 234 222 234 214 234 223 235 222 235 215 235 219 236 225 236 207 236 216 237 226 237 224 237 216 238 227 238 226 238 223 239 228 239 222 239 229 240 228 240 223 240 230 241 231 241 232 241 227 242 231 242 230 242 216 243 231 243 227 243 225 244 233 244 207 244 231 245 234 245 235 245 216 246 236 246 231 246 231 247 236 247 234 247 229 248 237 248 228 248 238 249 237 249 229 249 216 250 239 250 236 250 233 251 240 251 207 251 238 252 242 252 237 252 243 253 242 253 238 253 239 254 244 254 241 254 216 255 245 255 239 255 239 256 245 256 244 256 216 257 107 257 245 257 240 258 246 258 207 258 247 259 248 259 243 259 243 260 248 260 242 260 207 261 249 261 216 261 246 262 249 262 207 262 250 263 251 263 247 263 247 264 251 264 248 264 249 265 252 265 216 265 250 266 253 266 251 266 254 267 253 267 250 267 252 268 255 268 216 268 254 269 256 269 253 269 257 270 256 270 254 270 255 271 258 271 216 271 257 272 259 272 256 272 260 273 259 273 257 273 216 274 261 274 107 274 258 275 261 275 216 275 260 276 262 276 259 276 263 277 262 277 260 277 261 278 264 278 107 278 263 279 265 279 262 279 266 280 265 280 263 280 264 281 267 281 107 281 266 282 268 282 265 282 269 283 268 283 266 283 267 284 270 284 107 284 269 285 271 285 268 285 272 286 271 286 269 286 270 287 273 287 107 287 272 288 274 288 271 288 275 289 274 289 272 289 273 290 276 290 107 290 275 291 277 291 274 291 278 292 277 292 275 292 276 293 279 293 107 293 278 294 280 294 277 294 281 295 280 295 278 295 279 296 282 296 107 296 281 297 283 297 280 297 284 298 283 298 281 298 282 299 285 299 107 299 284 300 286 300 283 300 285 301 287 301 107 301 284 302 288 302 286 302 288 303 289 303 286 303 287 304 290 304 107 304 289 305 291 305 292 305 288 306 291 306 289 306 290 307 293 307 107 307 293 308 294 308 107 308 292 309 295 309 296 309 291 310 295 310 292 310 296 311 297 311 298 311 295 312 297 312 296 312 298 313 299 313 300 313 297 314 299 314 298 314 301 315 108 315 302 315 302 316 108 316 303 316 303 317 108 317 304 317 304 318 108 318 305 318 305 319 108 319 294 319 294 320 108 320 107 320 300 321 306 321 307 321 299 322 306 322 300 322 301 323 309 323 108 323 308 324 309 324 301 324 310 325 309 325 308 325 306 326 311 326 307 326 307 327 311 327 312 327 310 328 313 328 309 328 314 329 313 329 310 329 314 330 315 330 313 330 316 331 315 331 314 331 311 332 317 332 312 332 312 333 317 333 318 333 316 334 319 334 315 334 320 335 319 335 316 335 320 336 321 336 319 336 322 337 321 337 320 337 317 338 323 338 318 338 318 339 323 339 324 339 322 340 325 340 321 340 326 341 325 341 322 341 326 342 330 342 325 342 327 343 330 343 326 343 324 344 328 344 329 344 323 345 328 345 324 345 331 346 330 346 327 346 332 347 333 347 331 347 331 348 333 348 330 348 332 349 334 349 333 349 335 350 334 350 332 350 329 351 336 351 337 351 328 352 336 352 329 352 338 353 340 353 335 353 335 354 340 354 334 354 339 355 340 355 338 355 341 356 342 356 339 356 339 357 342 357 340 357 337 358 343 358 344 358 336 359 343 359 337 359 341 360 116 360 342 360 345 361 116 361 346 361 346 362 116 362 347 362 347 363 116 363 348 363 348 364 116 364 341 364 344 365 349 365 350 365 343 366 349 366 344 366 349 367 351 367 350 367 350 368 351 368 352 368 354 369 356 369 353 369 356 370 355 370 353 370 354 371 359 371 356 371 353 372 355 372 357 372 358 373 359 373 354 373 357 374 362 374 360 374 355 375 362 375 357 375 361 376 359 376 358 376 360 377 362 377 363 377 361 378 367 378 359 378 364 379 367 379 361 379 363 380 362 380 365 380 366 381 367 381 364 381 362 382 368 382 365 382 365 383 368 383 369 383 369 384 368 384 370 384 370 385 368 385 371 385 371 386 368 386 372 386 366 387 373 387 367 387 352 388 373 388 366 388 351 389 374 389 352 389 352 390 374 390 373 390 374 391 99 391 373 391 99 392 101 392 373 392 345 393 368 393 116 393 372 394 368 394 375 394 375 395 368 395 376 395 376 396 368 396 377 396 377 397 368 397 378 397 378 398 368 398 379 398 379 399 368 399 380 399 380 400 368 400 381 400 381 401 368 401 345 401 382 402 383 402 384 402 203 403 385 403 200 403 207 404 385 404 203 404 1488 405 385 405 207 405 200 406 386 406 197 406 385 407 386 407 200 407 386 408 387 408 197 408 197 409 388 409 194 409 387 410 388 410 197 410 194 411 389 411 191 411 388 412 389 412 194 412 389 413 390 413 191 413 191 414 390 414 188 414 390 415 391 415 188 415 188 416 392 416 184 416 391 417 392 417 188 417 184 418 393 418 180 418 392 419 393 419 184 419 172 420 394 420 168 420 394 421 395 421 168 421 168 422 395 422 166 422 170 423 396 423 174 423 174 424 396 424 178 424 396 425 397 425 178 425 178 426 397 426 182 426 397 427 398 427 182 427 182 428 398 428 186 428 186 429 399 429 400 429 398 430 399 430 186 430 404 431 405 431 205 431 205 432 406 432 209 432 405 433 406 433 205 433 406 434 407 434 209 434 209 435 408 435 212 435 407 436 408 436 209 436 408 437 409 437 212 437 212 438 409 438 215 438 409 439 410 439 215 439 215 440 410 440 223 440 229 441 411 441 238 441 411 442 412 442 238 442 238 443 412 443 243 443 412 444 413 444 243 444 413 445 414 445 243 445 243 446 414 446 247 446 247 447 415 447 250 447 414 448 415 448 247 448 250 449 416 449 254 449 415 450 416 450 250 450 416 451 417 451 254 451 254 452 418 452 257 452 417 453 418 453 254 453 257 454 419 454 260 454 418 455 419 455 257 455 419 456 420 456 260 456 260 457 421 457 263 457 420 458 421 458 260 458 263 459 422 459 266 459 421 460 422 460 263 460 266 461 423 461 269 461 422 462 423 462 266 462 423 463 424 463 269 463 269 464 425 464 272 464 424 465 425 465 269 465 272 466 426 466 275 466 425 467 426 467 272 467 426 468 427 468 275 468 275 469 428 469 278 469 427 470 428 470 275 470 278 471 429 471 281 471 428 472 429 472 278 472 429 473 430 473 281 473 281 474 431 474 284 474 430 475 431 475 281 475 284 476 432 476 288 476 431 477 432 477 284 477 432 478 433 478 288 478 288 479 434 479 291 479 433 480 434 480 288 480 291 481 435 481 295 481 434 482 435 482 291 482 435 483 436 483 295 483 295 484 437 484 297 484 436 485 437 485 295 485 297 486 438 486 299 486 437 487 438 487 297 487 438 488 439 488 299 488 299 489 440 489 306 489 439 490 440 490 299 490 306 491 441 491 311 491 440 492 441 492 306 492 311 493 442 493 317 493 441 494 442 494 311 494 442 495 443 495 317 495 317 496 444 496 323 496 443 497 444 497 317 497 444 498 445 498 323 498 323 499 445 499 328 499 445 500 446 500 328 500 446 501 447 501 328 501 328 502 447 502 336 502 447 503 448 503 336 503 336 504 448 504 343 504 448 505 449 505 343 505 449 506 450 506 343 506 343 507 450 507 349 507 450 508 451 508 349 508 349 509 451 509 351 509 451 510 452 510 351 510 351 511 452 511 374 511 452 512 453 512 374 512 374 513 453 513 99 513 453 514 102 514 99 514 454 515 455 515 1362 515 456 516 457 516 454 516 456 517 1362 517 458 517 456 518 454 518 1362 518 459 519 456 519 458 519 459 520 458 520 460 520 461 521 459 521 460 521 461 522 460 522 462 522 461 523 462 523 463 523 464 524 461 524 463 524 464 525 463 525 465 525 464 526 465 526 1383 526 466 527 464 527 1383 527 466 528 1383 528 467 528 468 529 466 529 467 529 468 530 467 530 469 530 468 531 469 531 470 531 471 532 468 532 470 532 471 533 470 533 472 533 471 534 472 534 473 534 474 535 471 535 473 535 474 536 473 536 475 536 476 537 474 537 475 537 476 538 475 538 477 538 478 539 476 539 477 539 478 540 477 540 479 540 480 541 478 541 479 541 480 542 479 542 1349 542 481 543 480 543 1349 543 481 544 1349 544 482 544 483 545 481 545 482 545 483 546 482 546 484 546 483 547 484 547 485 547 486 548 483 548 485 548 486 549 485 549 487 549 488 550 486 550 487 550 488 551 487 551 489 551 490 552 488 552 489 552 490 553 489 553 491 553 492 554 490 554 491 554 492 555 491 555 493 555 492 556 493 556 494 556 495 557 492 557 494 557 495 558 494 558 496 558 497 559 495 559 496 559 497 560 496 560 1365 560 497 561 1365 561 498 561 499 562 497 562 498 562 499 563 498 563 500 563 499 564 500 564 501 564 502 565 501 565 1335 565 502 566 499 566 501 566 503 567 1335 567 504 567 503 568 504 568 1368 568 503 569 502 569 1335 569 505 570 503 570 1368 570 505 571 1368 571 506 571 505 572 506 572 507 572 508 573 505 573 507 573 508 574 507 574 509 574 510 575 508 575 509 575 510 576 509 576 511 576 510 577 511 577 512 577 513 578 510 578 512 578 514 579 510 579 513 579 515 580 512 580 516 580 515 581 513 581 512 581 517 582 515 582 516 582 519 583 517 583 516 583 518 584 510 584 514 584 519 585 516 585 520 585 521 586 519 586 520 586 522 587 521 587 520 587 523 588 522 588 520 588 523 589 520 589 524 589 525 590 523 590 524 590 526 591 524 591 527 591 526 592 525 592 524 592 528 593 526 593 527 593 529 594 527 594 530 594 529 595 528 595 527 595 531 596 529 596 530 596 532 597 530 597 533 597 532 598 531 598 530 598 534 599 532 599 533 599 535 600 533 600 536 600 535 601 534 601 533 601 960 602 535 602 536 602 538 603 536 603 537 603 538 604 960 604 536 604 539 605 538 605 537 605 959 606 537 606 540 606 959 607 539 607 537 607 541 608 959 608 540 608 542 609 540 609 543 609 542 610 541 610 540 610 544 611 542 611 543 611 958 612 543 612 545 612 958 613 544 613 543 613 546 614 958 614 545 614 547 615 545 615 548 615 547 616 546 616 545 616 549 617 547 617 548 617 550 618 548 618 551 618 550 619 549 619 548 619 552 620 550 620 551 620 553 621 552 621 551 621 554 622 551 622 555 622 554 623 553 623 551 623 556 624 554 624 555 624 557 625 555 625 558 625 557 626 556 626 555 626 559 627 557 627 558 627 560 628 559 628 558 628 561 629 558 629 562 629 561 630 560 630 558 630 563 631 561 631 562 631 564 632 563 632 562 632 564 633 562 633 565 633 566 634 564 634 565 634 567 635 565 635 568 635 567 636 566 636 565 636 569 637 567 637 568 637 571 638 568 638 570 638 571 639 569 639 568 639 572 640 571 640 570 640 573 641 572 641 570 641 573 642 570 642 574 642 575 643 573 643 574 643 577 644 575 644 574 644 577 645 574 645 576 645 579 646 577 646 576 646 579 647 576 647 578 647 580 648 578 648 581 648 580 649 582 649 579 649 580 650 583 650 582 650 580 651 579 651 578 651 584 652 581 652 585 652 584 653 585 653 1388 653 584 654 580 654 581 654 586 655 1388 655 587 655 586 656 587 656 588 656 586 657 584 657 1388 657 589 658 586 658 588 658 589 659 588 659 590 659 591 660 589 660 590 660 591 661 590 661 592 661 591 662 592 662 593 662 594 663 593 663 595 663 594 664 595 664 596 664 594 665 591 665 593 665 597 666 596 666 598 666 597 667 598 667 599 667 597 668 594 668 596 668 600 669 599 669 601 669 600 670 597 670 599 670 602 671 600 671 601 671 602 672 601 672 603 672 602 673 603 673 604 673 605 674 604 674 606 674 605 675 606 675 607 675 605 676 602 676 604 676 608 677 605 677 607 677 608 678 607 678 609 678 608 679 609 679 610 679 611 680 608 680 610 680 611 681 610 681 612 681 611 682 612 682 613 682 614 683 611 683 613 683 614 684 613 684 1345 684 615 685 614 685 1345 685 615 686 1345 686 616 686 615 687 616 687 617 687 618 688 615 688 617 688 618 689 617 689 619 689 620 690 618 690 619 690 620 691 619 691 621 691 620 692 621 692 1346 692 622 693 620 693 1346 693 622 694 1346 694 623 694 624 695 622 695 623 695 624 696 623 696 625 696 626 697 625 697 1376 697 626 698 624 698 625 698 627 699 626 699 1376 699 627 700 1376 700 1377 700 627 701 1377 701 628 701 629 702 628 702 630 702 629 703 627 703 628 703 631 704 630 704 632 704 631 705 629 705 630 705 633 706 631 706 1162 706 1066 707 633 707 1162 707 634 708 633 708 1066 708 635 709 634 709 1066 709 1068 710 635 710 1066 710 636 711 635 711 1068 711 637 712 636 712 1068 712 638 713 637 713 1071 713 640 714 639 714 1070 714 1074 715 640 715 1070 715 641 716 640 716 1074 716 1078 717 641 717 1074 717 642 718 641 718 1078 718 644 719 643 719 642 719 645 720 643 720 644 720 646 721 645 721 644 721 647 722 645 722 646 722 1082 723 647 723 646 723 648 724 647 724 1082 724 649 725 647 725 648 725 650 726 649 726 648 726 651 727 650 727 1086 727 652 728 651 728 1086 728 653 729 651 729 652 729 654 730 653 730 652 730 655 731 654 731 652 731 658 732 657 732 656 732 659 733 657 733 658 733 660 734 659 734 658 734 1093 735 665 735 664 735 666 736 665 736 1093 736 669 737 668 737 1099 737 672 738 671 738 1102 738 673 739 672 739 1104 739 673 740 1104 740 1105 740 674 741 1105 741 1151 741 457 742 1151 742 454 742 457 743 674 743 1151 743 455 744 454 744 1150 744 455 745 1150 745 675 745 455 746 675 746 676 746 455 747 676 747 677 747 1333 748 455 748 677 748 678 749 1333 749 677 749 1327 750 678 750 677 750 679 751 1327 751 677 751 677 752 680 752 679 752 681 753 989 753 988 753 682 754 989 754 683 754 988 755 989 755 682 755 989 756 684 756 683 756 989 757 685 757 684 757 685 758 686 758 687 758 687 759 686 759 688 759 989 760 686 760 685 760 689 761 691 761 690 761 689 762 692 762 691 762 689 763 693 763 692 763 696 764 694 764 695 764 693 765 694 765 697 765 697 766 694 766 698 766 698 767 694 767 696 767 689 768 694 768 693 768 989 769 694 769 686 769 686 770 694 770 689 770 699 771 686 771 689 771 699 772 689 772 690 772 700 773 701 773 7 773 6 774 702 774 4 774 7 775 702 775 6 775 701 776 702 776 7 776 4 777 703 777 12 777 702 778 703 778 4 778 10 779 1439 779 9 779 12 780 1439 780 10 780 703 781 1439 781 12 781 9 782 704 782 1014 782 1014 783 704 783 995 783 1439 784 704 784 9 784 995 785 1445 785 705 785 704 786 1445 786 995 786 706 787 696 787 707 787 698 788 696 788 706 788 697 789 706 789 708 789 697 790 698 790 706 790 693 791 708 791 709 791 693 792 697 792 708 792 692 793 709 793 710 793 692 794 693 794 709 794 716 795 1029 795 711 795 712 796 716 796 711 796 716 797 1032 797 1029 797 2422 798 712 798 713 798 716 799 714 799 1032 799 715 800 2422 800 713 800 717 801 714 801 716 801 720 802 2422 802 715 802 718 803 717 803 716 803 719 804 720 804 715 804 721 805 720 805 719 805 722 806 720 806 721 806 723 807 722 807 721 807 699 808 722 808 723 808 699 809 723 809 724 809 690 810 725 810 699 810 2427 811 690 811 726 811 2427 812 725 812 690 812 2427 813 726 813 710 813 727 814 2427 814 710 814 731 815 710 815 709 815 731 816 727 816 710 816 728 817 717 817 718 817 728 818 729 818 717 818 2419 819 729 819 728 819 2419 820 730 820 729 820 732 821 730 821 2419 821 731 822 709 822 708 822 159 823 732 823 2419 823 159 824 2419 824 741 824 2428 825 731 825 708 825 706 826 2428 826 708 826 733 827 2428 827 706 827 707 828 733 828 706 828 2429 829 733 829 707 829 734 830 2429 830 707 830 735 831 2429 831 734 831 736 832 2429 832 735 832 2430 833 2429 833 736 833 737 834 2430 834 736 834 738 835 2430 835 737 835 738 836 739 836 2430 836 126 837 741 837 742 837 742 838 740 838 739 838 1443 839 126 839 742 839 1443 840 742 840 743 840 126 841 159 841 741 841 1445 842 742 842 739 842 1445 843 739 843 705 843 717 844 744 844 745 844 729 845 744 845 717 845 1007 846 746 846 747 846 746 847 748 847 747 847 749 848 750 848 1 848 749 849 1 849 0 849 1304 850 0 850 751 850 1304 851 749 851 0 851 1306 852 751 852 752 852 1306 853 1304 853 751 853 1310 854 752 854 15 854 1310 855 15 855 14 855 1310 856 1306 856 752 856 1291 857 14 857 16 857 1291 858 16 858 17 858 1291 859 17 859 747 859 1291 860 1310 860 14 860 748 861 1291 861 747 861 753 862 1488 862 207 862 753 863 207 863 216 863 754 864 753 864 216 864 755 865 754 865 216 865 758 866 757 866 756 866 759 867 758 867 756 867 760 868 756 868 757 868 761 869 756 869 760 869 762 870 759 870 756 870 763 871 762 871 756 871 766 872 764 872 765 872 766 873 765 873 756 873 766 874 756 874 761 874 767 875 763 875 756 875 768 876 766 876 769 876 768 877 775 877 770 877 768 878 770 878 771 878 768 879 769 879 772 879 768 880 772 880 773 880 768 881 764 881 766 881 768 882 773 882 774 882 768 883 774 883 775 883 776 884 768 884 771 884 777 885 768 885 776 885 21 886 778 886 779 886 21 887 767 887 756 887 21 888 779 888 780 888 21 889 780 889 781 889 21 890 781 890 782 890 21 891 782 891 783 891 21 892 783 892 784 892 21 893 784 893 785 893 21 894 785 894 767 894 786 895 21 895 20 895 786 896 787 896 778 896 786 897 778 897 21 897 788 898 777 898 789 898 788 899 789 899 790 899 788 900 790 900 791 900 788 901 791 901 787 901 788 902 768 902 777 902 788 903 787 903 786 903 1153 904 788 904 786 904 792 905 794 905 1077 905 792 906 1077 906 793 906 1220 907 794 907 792 907 701 908 700 908 795 908 1411 909 795 909 796 909 1411 910 701 910 795 910 797 911 796 911 798 911 797 912 1411 912 796 912 1423 913 798 913 799 913 1423 914 797 914 798 914 1409 915 1423 915 799 915 801 916 799 916 800 916 801 917 1409 917 799 917 802 918 801 918 800 918 803 919 802 919 800 919 804 920 800 920 764 920 804 921 803 921 800 921 1406 922 804 922 764 922 805 923 1406 923 764 923 768 924 805 924 764 924 806 925 642 925 643 925 807 926 806 926 643 926 808 927 642 927 806 927 809 928 807 928 643 928 809 929 643 929 645 929 810 930 642 930 808 930 810 931 641 931 642 931 811 932 809 932 645 932 812 933 641 933 810 933 813 934 645 934 647 934 813 935 811 935 645 935 814 936 640 936 641 936 814 937 641 937 812 937 815 938 813 938 647 938 816 939 640 939 814 939 817 940 815 940 647 940 818 941 640 941 816 941 819 942 647 942 649 942 819 943 817 943 647 943 820 944 640 944 818 944 820 945 639 945 640 945 821 946 819 946 649 946 822 947 639 947 820 947 823 948 821 948 649 948 824 949 639 949 822 949 824 950 638 950 639 950 825 951 649 951 650 951 825 952 823 952 649 952 826 953 638 953 824 953 827 954 650 954 651 954 827 955 825 955 650 955 828 956 638 956 826 956 829 957 651 957 653 957 829 958 827 958 651 958 830 959 637 959 638 959 830 960 638 960 828 960 831 961 653 961 654 961 831 962 829 962 653 962 832 963 636 963 637 963 832 964 637 964 830 964 833 965 831 965 654 965 833 966 654 966 655 966 834 967 635 967 636 967 834 968 636 968 832 968 835 969 655 969 656 969 835 970 833 970 655 970 836 971 634 971 635 971 836 972 635 972 834 972 837 973 656 973 657 973 837 974 835 974 656 974 838 975 634 975 836 975 839 976 837 976 657 976 839 977 657 977 659 977 840 978 634 978 838 978 840 979 633 979 634 979 841 980 659 980 660 980 841 981 839 981 659 981 842 982 633 982 840 982 843 983 841 983 660 983 843 984 660 984 1089 984 844 985 631 985 633 985 844 986 633 986 842 986 845 987 843 987 1089 987 846 988 631 988 844 988 846 989 629 989 631 989 847 990 1089 990 661 990 847 991 845 991 1089 991 848 992 627 992 629 992 848 993 629 993 846 993 849 994 847 994 661 994 850 995 627 995 848 995 850 996 626 996 627 996 851 997 849 997 661 997 851 998 661 998 662 998 852 999 624 999 626 999 852 1000 626 1000 850 1000 853 1001 662 1001 663 1001 853 1002 851 1002 662 1002 854 1003 624 1003 852 1003 854 1004 622 1004 624 1004 855 1005 853 1005 663 1005 856 1006 622 1006 854 1006 856 1007 620 1007 622 1007 857 1008 855 1008 663 1008 857 1009 663 1009 664 1009 858 1010 618 1010 620 1010 858 1011 620 1011 856 1011 859 1012 857 1012 664 1012 859 1013 664 1013 665 1013 860 1014 615 1014 618 1014 860 1015 618 1015 858 1015 861 1016 859 1016 665 1016 862 1017 614 1017 615 1017 862 1018 615 1018 860 1018 863 1019 861 1019 665 1019 863 1020 665 1020 666 1020 864 1021 611 1021 614 1021 864 1022 614 1022 862 1022 865 1023 666 1023 667 1023 865 1024 863 1024 666 1024 866 1025 608 1025 611 1025 866 1026 611 1026 864 1026 867 1027 865 1027 667 1027 868 1028 608 1028 866 1028 1097 1029 867 1029 667 1029 605 1030 608 1030 868 1030 869 1031 867 1031 1097 1031 870 1032 605 1032 868 1032 668 1033 869 1033 1097 1033 668 1034 871 1034 869 1034 602 1035 605 1035 870 1035 602 1036 870 1036 872 1036 668 1037 873 1037 871 1037 600 1038 602 1038 872 1038 600 1039 872 1039 874 1039 668 1040 875 1040 873 1040 597 1041 600 1041 874 1041 597 1042 874 1042 876 1042 669 1043 877 1043 875 1043 669 1044 875 1044 668 1044 594 1045 597 1045 876 1045 594 1046 876 1046 878 1046 670 1047 879 1047 877 1047 670 1048 877 1048 669 1048 591 1049 594 1049 878 1049 591 1050 878 1050 880 1050 671 1051 881 1051 879 1051 671 1052 879 1052 670 1052 589 1053 591 1053 880 1053 589 1054 880 1054 882 1054 671 1055 883 1055 881 1055 586 1056 589 1056 882 1056 586 1057 882 1057 884 1057 671 1058 885 1058 883 1058 584 1059 586 1059 884 1059 584 1060 884 1060 886 1060 672 1061 887 1061 885 1061 672 1062 885 1062 671 1062 580 1063 584 1063 886 1063 580 1064 886 1064 888 1064 673 1065 887 1065 672 1065 673 1066 889 1066 887 1066 583 1067 580 1067 888 1067 583 1068 888 1068 890 1068 583 1069 890 1069 891 1069 583 1070 891 1070 892 1070 583 1071 892 1071 893 1071 673 1072 894 1072 889 1072 1105 1073 895 1073 894 1073 1105 1074 894 1074 673 1074 1105 1075 896 1075 895 1075 674 1076 897 1076 896 1076 674 1077 896 1077 1105 1077 674 1078 898 1078 897 1078 457 1079 899 1079 898 1079 457 1080 898 1080 674 1080 900 1081 583 1081 893 1081 900 1082 901 1082 583 1082 900 1083 893 1083 902 1083 900 1084 902 1084 903 1084 900 1085 903 1085 904 1085 900 1086 904 1086 905 1086 906 1087 901 1087 900 1087 456 1088 907 1088 899 1088 456 1089 899 1089 457 1089 459 1090 908 1090 907 1090 459 1091 907 1091 456 1091 461 1092 909 1092 908 1092 461 1093 908 1093 459 1093 464 1094 910 1094 909 1094 464 1095 909 1095 461 1095 466 1096 911 1096 910 1096 466 1097 910 1097 464 1097 518 1098 900 1098 905 1098 518 1099 905 1099 912 1099 518 1100 912 1100 913 1100 518 1101 913 1101 914 1101 518 1102 914 1102 915 1102 916 1103 917 1103 900 1103 916 1104 900 1104 518 1104 468 1105 918 1105 911 1105 468 1106 911 1106 466 1106 510 1107 518 1107 915 1107 510 1108 915 1108 919 1108 471 1109 920 1109 918 1109 471 1110 918 1110 468 1110 508 1111 919 1111 921 1111 508 1112 510 1112 919 1112 474 1113 922 1113 920 1113 474 1114 920 1114 471 1114 505 1115 508 1115 921 1115 505 1116 921 1116 923 1116 476 1117 922 1117 474 1117 476 1118 924 1118 922 1118 503 1119 505 1119 923 1119 503 1120 923 1120 925 1120 478 1121 924 1121 476 1121 478 1122 926 1122 924 1122 502 1123 503 1123 925 1123 502 1124 925 1124 927 1124 480 1125 928 1125 926 1125 480 1126 926 1126 478 1126 499 1127 502 1127 927 1127 499 1128 927 1128 929 1128 481 1129 930 1129 928 1129 481 1130 928 1130 480 1130 497 1131 499 1131 929 1131 497 1132 929 1132 931 1132 483 1133 932 1133 930 1133 483 1134 930 1134 481 1134 495 1135 497 1135 931 1135 495 1136 931 1136 933 1136 486 1137 934 1137 932 1137 486 1138 932 1138 483 1138 492 1139 495 1139 933 1139 492 1140 933 1140 935 1140 488 1141 934 1141 486 1141 488 1142 936 1142 934 1142 490 1143 492 1143 935 1143 490 1144 936 1144 488 1144 490 1145 935 1145 936 1145 1 1146 750 1146 937 1146 937 1147 750 1147 938 1147 750 1148 1313 1148 938 1148 1313 1149 939 1149 938 1149 939 1150 940 1150 938 1150 940 1151 38 1151 938 1151 38 1152 941 1152 29 1152 940 1153 941 1153 38 1153 940 1154 942 1154 941 1154 940 1155 943 1155 942 1155 943 1156 1139 1156 942 1156 944 1157 632 1157 946 1157 945 1158 632 1158 944 1158 1160 1159 632 1159 945 1159 631 1160 632 1160 1160 1160 946 1161 1396 1161 947 1161 632 1162 1396 1162 946 1162 1396 1163 948 1163 947 1163 948 1164 1404 1164 947 1164 1404 1165 949 1165 947 1165 805 1166 949 1166 1404 1166 950 1167 577 1167 579 1167 950 1168 579 1168 582 1168 952 1169 950 1169 951 1169 952 1170 577 1170 950 1170 952 1171 575 1171 577 1171 952 1172 573 1172 575 1172 954 1173 952 1173 951 1173 952 1174 572 1174 573 1174 954 1175 569 1175 571 1175 954 1176 572 1176 952 1176 954 1177 951 1177 953 1177 954 1178 571 1178 572 1178 954 1179 567 1179 569 1179 954 1180 566 1180 567 1180 954 1181 563 1181 564 1181 954 1182 564 1182 566 1182 956 1183 953 1183 955 1183 956 1184 954 1184 953 1184 956 1185 563 1185 954 1185 956 1186 560 1186 561 1186 956 1187 561 1187 563 1187 956 1188 557 1188 559 1188 956 1189 559 1189 560 1189 956 1190 554 1190 556 1190 956 1191 556 1191 557 1191 554 1192 552 1192 553 1192 554 1193 956 1193 955 1193 547 1194 554 1194 955 1194 547 1195 955 1195 957 1195 547 1196 549 1196 550 1196 547 1197 550 1197 552 1197 547 1198 552 1198 554 1198 958 1199 546 1199 547 1199 958 1200 547 1200 957 1200 958 1201 541 1201 542 1201 958 1202 542 1202 544 1202 959 1203 957 1203 961 1203 959 1204 541 1204 958 1204 959 1205 958 1205 957 1205 959 1206 538 1206 539 1206 960 1207 959 1207 961 1207 960 1208 538 1208 959 1208 532 1209 961 1209 963 1209 532 1210 960 1210 961 1210 532 1211 534 1211 535 1211 532 1212 535 1212 960 1212 962 1213 532 1213 963 1213 962 1214 528 1214 529 1214 962 1215 529 1215 531 1215 962 1216 531 1216 532 1216 962 1217 525 1217 526 1217 962 1218 526 1218 528 1218 962 1219 963 1219 964 1219 965 1220 962 1220 964 1220 965 1221 525 1221 962 1221 965 1222 522 1222 523 1222 965 1223 523 1223 525 1223 967 1224 965 1224 964 1224 965 1225 521 1225 522 1225 967 1226 519 1226 521 1226 967 1227 521 1227 965 1227 515 1228 967 1228 964 1228 515 1229 964 1229 966 1229 967 1230 517 1230 519 1230 515 1231 966 1231 514 1231 515 1232 514 1232 513 1232 515 1233 517 1233 967 1233 514 1234 966 1234 916 1234 514 1235 916 1235 518 1235 950 1236 582 1236 583 1236 950 1237 583 1237 901 1237 968 1238 950 1238 901 1238 968 1239 901 1239 906 1239 969 1240 917 1240 916 1240 60 1241 63 1241 968 1241 63 1242 950 1242 968 1242 59 1243 60 1243 968 1243 59 1244 968 1244 969 1244 63 1245 951 1245 950 1245 64 1246 951 1246 63 1246 57 1247 59 1247 969 1247 64 1248 953 1248 951 1248 65 1249 953 1249 64 1249 955 1250 953 1250 65 1250 957 1251 955 1251 65 1251 966 1252 969 1252 916 1252 966 1253 57 1253 969 1253 966 1254 71 1254 57 1254 964 1255 71 1255 966 1255 961 1256 957 1256 65 1256 961 1257 65 1257 68 1257 963 1258 71 1258 964 1258 963 1259 961 1259 68 1259 963 1260 68 1260 71 1260 972 1261 1065 1261 973 1261 970 1262 1065 1262 972 1262 970 1263 972 1263 974 1263 970 1264 974 1264 971 1264 106 1265 108 1265 975 1265 108 1266 309 1266 975 1266 975 1267 309 1267 976 1267 976 1268 313 1268 977 1268 309 1269 313 1269 976 1269 977 1270 315 1270 978 1270 313 1271 315 1271 977 1271 978 1272 319 1272 979 1272 315 1273 319 1273 978 1273 979 1274 321 1274 980 1274 319 1275 321 1275 979 1275 980 1276 325 1276 981 1276 981 1277 325 1277 982 1277 321 1278 325 1278 980 1278 325 1279 330 1279 982 1279 982 1280 330 1280 983 1280 983 1281 333 1281 984 1281 330 1282 333 1282 983 1282 984 1283 334 1283 985 1283 333 1284 334 1284 984 1284 985 1285 340 1285 986 1285 334 1286 340 1286 985 1286 986 1287 342 1287 987 1287 340 1288 342 1288 986 1288 987 1289 116 1289 115 1289 342 1290 116 1290 987 1290 106 1291 975 1291 110 1291 110 1292 976 1292 113 1292 975 1293 976 1293 110 1293 976 1294 977 1294 113 1294 977 1295 978 1295 113 1295 978 1296 979 1296 113 1296 113 1297 980 1297 134 1297 979 1298 980 1298 113 1298 980 1299 981 1299 134 1299 134 1300 982 1300 133 1300 981 1301 982 1301 134 1301 982 1302 983 1302 133 1302 983 1303 984 1303 133 1303 133 1304 985 1304 132 1304 984 1305 985 1305 133 1305 985 1306 986 1306 132 1306 986 1307 987 1307 132 1307 987 1308 115 1308 132 1308 685 1309 687 1309 723 1309 685 1310 723 1310 721 1310 684 1311 721 1311 719 1311 684 1312 685 1312 721 1312 1027 1313 715 1313 713 1313 683 1314 719 1314 715 1314 683 1315 684 1315 719 1315 1027 1316 683 1316 715 1316 682 1317 1027 1317 988 1317 682 1318 683 1318 1027 1318 989 1319 681 1319 990 1319 992 1320 989 1320 990 1320 992 1321 990 1321 991 1321 992 1322 991 1322 993 1322 992 1323 993 1323 1034 1323 995 1324 994 1324 996 1324 1015 1325 995 1325 996 1325 1015 1326 996 1326 997 1326 694 1327 1015 1327 997 1327 694 1328 997 1328 695 1328 998 1329 1003 1329 11 1329 11 1330 1003 1330 18 1330 999 1331 1003 1331 998 1331 1000 1332 1003 1332 999 1332 1001 1333 1003 1333 1000 1333 1012 1334 1003 1334 1001 1334 1011 1335 1003 1335 1012 1335 1011 1336 1006 1336 1003 1336 1002 1337 1006 1337 1011 1337 1010 1338 1006 1338 1002 1338 1009 1339 1006 1339 1010 1339 1008 1340 1006 1340 1009 1340 1004 1341 1006 1341 1008 1341 1004 1342 989 1342 1006 1342 1005 1343 989 1343 1004 1343 1003 1344 1006 1344 992 1344 992 1345 18 1345 1003 1345 989 1346 992 1346 1006 1346 18 1347 992 1347 19 1347 19 1348 992 1348 1007 1348 1007 1349 992 1349 1034 1349 989 1350 1005 1350 694 1350 995 1351 1013 1351 1014 1351 11 1352 1014 1352 998 1352 998 1353 1014 1353 999 1353 995 1354 1015 1354 1013 1354 999 1355 1014 1355 1000 1355 1000 1356 1014 1356 1001 1356 1001 1357 1014 1357 1012 1357 1014 1358 1013 1358 1012 1358 1012 1359 1013 1359 1011 1359 1011 1360 1013 1360 1002 1360 1015 1361 694 1361 1013 1361 1002 1362 1013 1362 1010 1362 1010 1363 1013 1363 1009 1363 1009 1364 1013 1364 1008 1364 1008 1365 1013 1365 1004 1365 1004 1366 694 1366 1005 1366 1013 1367 694 1367 1004 1367 1007 1368 1016 1368 746 1368 746 1369 1016 1369 1017 1369 1017 1370 1018 1370 1019 1370 1016 1371 1018 1371 1017 1371 1019 1372 1020 1372 1021 1372 1018 1373 1020 1373 1019 1373 1021 1374 1022 1374 1023 1374 1020 1375 1022 1375 1021 1375 1023 1376 1024 1376 1025 1376 1022 1377 1024 1377 1023 1377 1025 1378 1026 1378 744 1378 1024 1379 1026 1379 1025 1379 1026 1380 745 1380 744 1380 1027 1381 713 1381 712 1381 1028 1382 1027 1382 712 1382 1028 1383 712 1383 711 1383 1035 1384 1032 1384 714 1384 745 1385 714 1385 717 1385 745 1386 1035 1386 714 1386 1016 1387 1007 1387 1034 1387 745 1388 1026 1388 1035 1388 1028 1389 988 1389 1027 1389 711 1390 1030 1390 1028 1390 1031 1391 1030 1391 711 1391 1029 1392 1031 1392 711 1392 1032 1393 1033 1393 1031 1393 1032 1394 1031 1394 1029 1394 1034 1395 1018 1395 1016 1395 1034 1396 1020 1396 1018 1396 1035 1397 1022 1397 1020 1397 1035 1398 1020 1398 1034 1398 1035 1399 1034 1399 1033 1399 1035 1400 1033 1400 1032 1400 1035 1401 1024 1401 1022 1401 1035 1402 1026 1402 1024 1402 993 1403 1033 1403 1034 1403 747 1404 19 1404 1007 1404 991 1405 1031 1405 1033 1405 991 1406 1033 1406 993 1406 991 1407 1030 1407 1031 1407 990 1408 1030 1408 991 1408 681 1409 1030 1409 990 1409 681 1410 1028 1410 1030 1410 988 1411 1028 1411 681 1411 17 1412 19 1412 747 1412 1037 1413 696 1413 695 1413 1038 1414 1037 1414 695 1414 1038 1415 695 1415 997 1415 1036 1416 1038 1416 997 1416 1036 1417 997 1417 996 1417 1039 1418 996 1418 994 1418 1036 1419 996 1419 1039 1419 994 1420 1040 1420 1039 1420 1041 1421 994 1421 995 1421 1041 1422 995 1422 705 1422 1041 1423 1040 1423 994 1423 1041 1424 705 1424 739 1424 1041 1425 739 1425 738 1425 1040 1426 1041 1426 738 1426 1040 1427 738 1427 737 1427 1039 1428 1040 1428 737 1428 1036 1429 1039 1429 737 1429 1036 1430 737 1430 736 1430 1036 1431 736 1431 735 1431 1038 1432 1036 1432 735 1432 1037 1433 1038 1433 735 1433 1037 1434 735 1434 734 1434 696 1435 734 1435 707 1435 696 1436 1037 1436 734 1436 1042 1437 1043 1437 1044 1437 1357 1438 1467 1438 1392 1438 1466 1439 1375 1439 1048 1439 1466 1440 1049 1440 1375 1440 1049 1441 1050 1441 1375 1441 686 1442 699 1442 724 1442 688 1443 686 1443 724 1443 688 1444 724 1444 723 1444 687 1445 688 1445 723 1445 692 1446 710 1446 726 1446 691 1447 692 1447 726 1447 690 1448 691 1448 726 1448 755 1449 216 1449 1051 1449 1051 1450 217 1450 1052 1450 216 1451 217 1451 1051 1451 1052 1452 218 1452 1053 1452 217 1453 218 1453 1052 1453 218 1454 221 1454 1053 1454 1053 1455 220 1455 1054 1455 221 1456 220 1456 1053 1456 220 1457 224 1457 1054 1457 1054 1458 224 1458 1055 1458 1055 1459 226 1459 1056 1459 224 1460 226 1460 1055 1460 226 1461 227 1461 1056 1461 227 1462 230 1462 1056 1462 230 1463 1057 1463 1056 1463 230 1464 232 1464 1057 1464 232 1465 231 1465 1057 1465 231 1466 235 1466 1057 1466 235 1467 234 1467 1057 1467 234 1468 1058 1468 1057 1468 234 1469 236 1469 1058 1469 236 1470 239 1470 1058 1470 239 1471 1059 1471 1058 1471 239 1472 241 1472 1059 1472 241 1473 1060 1473 1059 1473 241 1474 244 1474 1060 1474 1060 1475 245 1475 109 1475 244 1476 245 1476 1060 1476 245 1477 107 1477 109 1477 900 1478 1061 1478 906 1478 1061 1479 968 1479 906 1479 917 1480 1061 1480 900 1480 969 1481 1061 1481 917 1481 969 1482 968 1482 1061 1482 1062 1483 970 1483 1229 1483 1063 1484 970 1484 1062 1484 1063 1485 1065 1485 970 1485 1064 1486 1065 1486 1063 1486 1066 1487 1067 1487 1068 1487 1068 1488 1071 1488 637 1488 1068 1489 1069 1489 1071 1489 1067 1490 1069 1490 1068 1490 638 1491 1070 1491 639 1491 1172 1492 1071 1492 1069 1492 1172 1493 1072 1493 1071 1493 1071 1494 1070 1494 638 1494 1071 1495 1073 1495 1070 1495 1071 1496 1072 1496 1073 1496 1073 1497 1074 1497 1070 1497 793 1498 1076 1498 1072 1498 1077 1499 1076 1499 793 1499 1072 1500 1076 1500 1073 1500 1073 1501 1075 1501 1074 1501 1074 1502 1075 1502 1078 1502 1073 1503 1076 1503 1075 1503 1076 1504 1079 1504 1075 1504 1076 1505 1077 1505 1079 1505 1079 1506 1078 1506 1075 1506 1078 1507 644 1507 642 1507 1078 1508 1079 1508 644 1508 794 1509 1080 1509 1077 1509 1077 1510 1080 1510 1079 1510 644 1511 1081 1511 646 1511 1079 1512 1081 1512 644 1512 1079 1513 1083 1513 1081 1513 1080 1514 1083 1514 1079 1514 1081 1515 1082 1515 646 1515 794 1516 1083 1516 1080 1516 1081 1517 1084 1517 1082 1517 1083 1518 1084 1518 1081 1518 1084 1519 1083 1519 1220 1519 1220 1520 1083 1520 794 1520 1082 1521 1084 1521 648 1521 1086 1522 648 1522 1088 1522 648 1523 1084 1523 1088 1523 648 1524 1086 1524 650 1524 1086 1525 1215 1525 652 1525 652 1526 1215 1526 655 1526 1215 1527 1085 1527 655 1527 655 1528 1085 1528 656 1528 658 1529 1087 1529 660 1529 1085 1530 1087 1530 658 1530 660 1531 1087 1531 1089 1531 1215 1532 1086 1532 1216 1532 1217 1533 1087 1533 1085 1533 1087 1534 1090 1534 1089 1534 1216 1535 1086 1535 1088 1535 656 1536 1085 1536 658 1536 1090 1537 1087 1537 1217 1537 1089 1538 1090 1538 661 1538 661 1539 1090 1539 662 1539 1217 1540 1091 1540 1090 1540 1212 1541 1091 1541 1217 1541 1090 1542 663 1542 662 1542 1090 1543 1092 1543 663 1543 1090 1544 1091 1544 1092 1544 1092 1545 664 1545 663 1545 384 1546 1091 1546 1212 1546 1092 1547 1093 1547 664 1547 383 1548 1091 1548 384 1548 383 1549 1095 1549 1091 1549 1092 1550 1094 1550 1093 1550 1093 1551 1094 1551 666 1551 1092 1552 1095 1552 1094 1552 1091 1553 1095 1553 1092 1553 1094 1554 1095 1554 1098 1554 666 1555 1094 1555 667 1555 1094 1556 1097 1556 667 1556 1095 1557 1096 1557 1098 1557 383 1558 1096 1558 1095 1558 1094 1559 1098 1559 1097 1559 1097 1560 1098 1560 1099 1560 1097 1561 1099 1561 668 1561 382 1562 1096 1562 383 1562 1098 1563 1100 1563 1099 1563 1098 1564 1096 1564 1100 1564 1099 1565 1100 1565 669 1565 1096 1566 1101 1566 1100 1566 669 1567 1100 1567 670 1567 1100 1568 1102 1568 670 1568 1101 1569 1102 1569 1100 1569 670 1570 1102 1570 671 1570 1152 1571 1102 1571 1101 1571 1103 1572 1102 1572 1152 1572 1102 1573 1103 1573 672 1573 672 1574 1103 1574 1104 1574 1148 1575 1104 1575 1103 1575 1104 1576 1147 1576 1105 1576 1148 1577 1147 1577 1104 1577 1105 1578 1147 1578 1151 1578 31 1579 941 1579 1106 1579 31 1580 29 1580 941 1580 33 1581 31 1581 1106 1581 33 1582 1106 1582 1107 1582 34 1583 33 1583 1107 1583 34 1584 1107 1584 1133 1584 35 1585 34 1585 1133 1585 1108 1586 35 1586 1133 1586 1109 1587 1108 1587 1133 1587 1110 1588 1109 1588 1133 1588 1111 1589 1110 1589 1133 1589 1112 1590 1111 1590 1133 1590 1112 1591 1133 1591 1113 1591 1114 1592 1112 1592 1113 1592 1115 1593 1114 1593 1113 1593 1064 1594 1115 1594 1113 1594 1064 1595 1113 1595 1116 1595 1065 1596 1064 1596 1116 1596 1118 1597 1117 1597 1138 1597 1119 1598 1118 1598 1138 1598 1119 1599 1138 1599 1120 1599 1121 1600 1120 1600 1122 1600 1121 1601 1119 1601 1120 1601 1123 1602 1122 1602 1124 1602 1123 1603 1121 1603 1122 1603 1125 1604 1123 1604 1124 1604 1125 1605 1124 1605 1126 1605 1127 1606 1125 1606 1126 1606 1127 1607 1126 1607 1128 1607 1130 1608 942 1608 1139 1608 1130 1609 1106 1609 941 1609 1130 1610 941 1610 942 1610 1131 1611 1122 1611 1120 1611 1131 1612 1141 1612 1143 1612 1132 1613 1131 1613 1143 1613 1132 1614 1122 1614 1131 1614 1132 1615 1124 1615 1122 1615 1137 1616 1129 1616 1128 1616 1137 1617 1128 1617 1126 1617 1132 1618 1126 1618 1124 1618 1133 1619 1107 1619 1106 1619 1133 1620 1106 1620 1130 1620 1133 1621 1116 1621 1113 1621 1134 1622 1133 1622 1130 1622 1134 1623 1130 1623 1140 1623 1134 1624 1140 1624 1141 1624 1137 1625 1096 1625 382 1625 1137 1626 382 1626 1129 1626 1135 1627 1137 1627 1126 1627 1135 1628 1126 1628 1132 1628 1142 1629 1132 1629 1143 1629 1142 1630 1135 1630 1132 1630 1101 1631 1135 1631 1142 1631 1136 1632 1116 1632 1133 1632 1136 1633 1133 1633 1134 1633 1136 1634 1117 1634 1116 1634 1136 1635 1134 1635 1141 1635 1136 1636 1141 1636 1131 1636 1137 1637 1135 1637 1101 1637 1137 1638 1101 1638 1096 1638 1138 1639 1117 1639 1136 1639 1138 1640 1136 1640 1131 1640 1138 1641 1131 1641 1120 1641 676 1642 1130 1642 1139 1642 676 1643 1139 1643 677 1643 1130 1644 676 1644 675 1644 1145 1645 1130 1645 675 1645 1146 1646 1141 1646 1140 1646 1144 1647 1143 1647 1141 1647 1145 1648 1140 1648 1130 1648 1146 1649 1140 1649 1145 1649 1152 1650 1142 1650 1143 1650 1144 1651 1141 1651 1146 1651 1152 1652 1143 1652 1144 1652 1145 1653 675 1653 1150 1653 1144 1654 1103 1654 1152 1654 1148 1655 1103 1655 1144 1655 1148 1656 1144 1656 1146 1656 1147 1657 1146 1657 1145 1657 1147 1658 1148 1658 1146 1658 1149 1659 1145 1659 1150 1659 1147 1660 1145 1660 1149 1660 1151 1661 1147 1661 1149 1661 454 1662 1149 1662 1150 1662 454 1663 1151 1663 1149 1663 1142 1664 1152 1664 1101 1664 946 1665 947 1665 1153 1665 1156 1666 1167 1666 1154 1666 1156 1667 946 1667 1153 1667 1156 1668 1153 1668 1167 1668 1156 1669 944 1669 946 1669 1157 1670 1156 1670 1154 1670 1154 1671 1166 1671 1155 1671 1157 1672 1154 1672 1155 1672 1157 1673 944 1673 1156 1673 1159 1674 1157 1674 1155 1674 1158 1675 1159 1675 1155 1675 1159 1676 944 1676 1157 1676 1159 1677 945 1677 944 1677 1160 1678 1159 1678 1158 1678 1160 1679 945 1679 1159 1679 1160 1680 1158 1680 1161 1680 1160 1681 1161 1681 1162 1681 1160 1682 1162 1682 631 1682 1163 1683 793 1683 1072 1683 1178 1684 1166 1684 1167 1684 1165 1685 1178 1685 1167 1685 1166 1686 1154 1686 1167 1686 1158 1687 1067 1687 1066 1687 1161 1688 1158 1688 1066 1688 1161 1689 1066 1689 1162 1689 1168 1690 1164 1690 1176 1690 1169 1691 1168 1691 1163 1691 1169 1692 1163 1692 1072 1692 1169 1693 1170 1693 1168 1693 1164 1694 1168 1694 1170 1694 1171 1695 1164 1695 1170 1695 1171 1696 1166 1696 1164 1696 1171 1697 1155 1697 1166 1697 1172 1698 1169 1698 1072 1698 1172 1699 1170 1699 1169 1699 1172 1700 1173 1700 1170 1700 1069 1701 1173 1701 1172 1701 1173 1702 1171 1702 1170 1702 1173 1703 1155 1703 1171 1703 1173 1704 1158 1704 1155 1704 1173 1705 1069 1705 1067 1705 1173 1706 1067 1706 1158 1706 1163 1707 1204 1707 1174 1707 1163 1708 1174 1708 793 1708 1163 1709 1203 1709 1204 1709 1168 1710 1203 1710 1163 1710 1168 1711 1175 1711 1203 1711 1176 1712 1175 1712 1168 1712 1176 1713 1177 1713 1175 1713 1176 1714 1202 1714 1177 1714 1176 1715 1201 1715 1202 1715 1199 1716 1200 1716 1201 1716 1199 1717 1201 1717 1176 1717 1178 1718 1179 1718 1198 1718 1178 1719 1198 1719 1199 1719 1178 1720 1180 1720 1179 1720 1178 1721 1181 1721 1180 1721 1165 1722 1182 1722 1181 1722 1165 1723 1181 1723 1178 1723 1165 1724 1183 1724 1182 1724 1165 1725 1184 1725 1183 1725 1167 1726 1184 1726 1165 1726 1167 1727 1185 1727 1184 1727 1153 1728 1185 1728 1167 1728 1153 1729 1186 1729 1185 1729 1153 1730 1187 1730 1186 1730 1153 1731 1188 1731 1187 1731 1153 1732 786 1732 1188 1732 786 1733 20 1733 23 1733 1188 1734 786 1734 23 1734 1188 1735 23 1735 24 1735 1187 1736 1188 1736 24 1736 1187 1737 24 1737 25 1737 1186 1738 1187 1738 25 1738 1186 1739 25 1739 27 1739 1185 1740 27 1740 1189 1740 1185 1741 1189 1741 1190 1741 1185 1742 1190 1742 1191 1742 1185 1743 1186 1743 27 1743 1184 1744 1185 1744 1191 1744 1184 1745 1191 1745 1192 1745 1184 1746 1192 1746 1193 1746 1184 1747 1193 1747 1194 1747 1184 1748 1194 1748 1195 1748 1184 1749 1195 1749 1063 1749 1183 1750 1063 1750 1062 1750 1183 1751 1062 1751 1196 1751 1183 1752 1184 1752 1063 1752 1182 1753 1183 1753 1196 1753 1182 1754 1196 1754 1197 1754 1181 1755 1197 1755 1180 1755 1181 1756 1182 1756 1197 1756 793 1757 1174 1757 792 1757 973 1758 1207 1758 1205 1758 1206 1759 1207 1759 973 1759 1206 1760 1213 1760 1207 1760 1209 1761 1206 1761 973 1761 1208 1762 1212 1762 1206 1762 1209 1763 1208 1763 1206 1763 1208 1764 1129 1764 382 1764 1065 1765 1209 1765 973 1765 1209 1766 1129 1766 1208 1766 1210 1767 1128 1767 1129 1767 1210 1768 1129 1768 1209 1768 1211 1769 1209 1769 1065 1769 1210 1770 1127 1770 1128 1770 1210 1771 1125 1771 1127 1771 1210 1772 1209 1772 1211 1772 1210 1773 1123 1773 1125 1773 1210 1774 1121 1774 1123 1774 1211 1775 1121 1775 1210 1775 1211 1776 1119 1776 1121 1776 1211 1777 1118 1777 1119 1777 1211 1778 1117 1778 1118 1778 1211 1779 1116 1779 1117 1779 1211 1780 1065 1780 1116 1780 1208 1781 382 1781 384 1781 1208 1782 384 1782 1212 1782 1205 1783 972 1783 973 1783 1213 1784 1206 1784 1212 1784 1205 1785 1207 1785 1213 1785 1217 1786 1213 1786 1212 1786 1214 1787 1205 1787 1213 1787 1214 1788 974 1788 972 1788 1216 1789 974 1789 1214 1789 1216 1790 1214 1790 1215 1790 1214 1791 972 1791 1205 1791 1085 1792 1213 1792 1217 1792 1215 1793 1214 1793 1085 1793 1218 1794 974 1794 1216 1794 1213 1795 1085 1795 1214 1795 1218 1796 1222 1796 1219 1796 1218 1797 1219 1797 971 1797 1224 1798 1084 1798 1220 1798 1224 1799 1220 1799 1225 1799 1224 1800 1225 1800 1226 1800 1223 1801 1228 1801 1222 1801 1223 1802 1222 1802 1218 1802 1223 1803 1216 1803 1088 1803 1224 1804 1223 1804 1088 1804 1223 1805 1218 1805 1216 1805 1224 1806 1227 1806 1221 1806 1224 1807 1226 1807 1227 1807 1224 1808 1221 1808 1223 1808 1218 1809 971 1809 974 1809 1223 1810 1221 1810 1228 1810 1224 1811 1088 1811 1084 1811 1220 1812 792 1812 1225 1812 792 1813 1174 1813 1225 1813 1229 1814 970 1814 1231 1814 1229 1815 1196 1815 1062 1815 1229 1816 1197 1816 1196 1816 1229 1817 1180 1817 1197 1817 1230 1818 1180 1818 1229 1818 1230 1819 1179 1819 1180 1819 1230 1820 1229 1820 1231 1820 1179 1821 1230 1821 1198 1821 1230 1822 1199 1822 1198 1822 1230 1823 1200 1823 1199 1823 1232 1824 1230 1824 1231 1824 1230 1825 1201 1825 1200 1825 1232 1826 1201 1826 1230 1826 1232 1827 1231 1827 1233 1827 1233 1828 1231 1828 970 1828 1232 1829 1202 1829 1201 1829 1232 1830 1177 1830 1202 1830 1175 1831 1177 1831 1232 1831 1233 1832 971 1832 1219 1832 1233 1833 970 1833 971 1833 1232 1834 1203 1834 1175 1834 1233 1835 1219 1835 1222 1835 1233 1836 1222 1836 1228 1836 1234 1837 1232 1837 1233 1837 1234 1838 1233 1838 1228 1838 1234 1839 1228 1839 1221 1839 1232 1840 1204 1840 1203 1840 1234 1841 1221 1841 1227 1841 1234 1842 1227 1842 1226 1842 1234 1843 1226 1843 1225 1843 1234 1844 1204 1844 1232 1844 1234 1845 1174 1845 1204 1845 1234 1846 1225 1846 1174 1846 1237 1847 45 1847 1235 1847 1235 1848 45 1848 1236 1848 1237 1849 47 1849 45 1849 45 1850 43 1850 1236 1850 1236 1851 43 1851 1238 1851 1239 1852 47 1852 1237 1852 1238 1853 43 1853 1240 1853 1241 1854 47 1854 1239 1854 1240 1855 43 1855 1242 1855 43 1856 41 1856 1242 1856 1243 1857 47 1857 1241 1857 1243 1858 50 1858 47 1858 1244 1859 50 1859 1243 1859 41 1860 1246 1860 1242 1860 1244 1861 1245 1861 50 1861 1245 1862 1247 1862 50 1862 50 1863 1247 1863 53 1863 56 1864 1246 1864 41 1864 56 1865 1250 1865 1246 1865 1247 1866 1248 1866 53 1866 1248 1867 1249 1867 53 1867 56 1868 1251 1868 1250 1868 53 1869 1252 1869 55 1869 1249 1870 1252 1870 53 1870 55 1871 1251 1871 56 1871 1252 1872 1253 1872 55 1872 55 1873 1253 1873 1251 1873 1249 1874 1248 1874 775 1874 775 1875 1248 1875 770 1875 770 1876 1248 1876 771 1876 1248 1877 1247 1877 771 1877 771 1878 1247 1878 776 1878 1247 1879 1245 1879 776 1879 776 1880 1245 1880 777 1880 777 1881 1245 1881 789 1881 1245 1882 1244 1882 789 1882 789 1883 1244 1883 790 1883 790 1884 1244 1884 791 1884 1244 1885 1243 1885 791 1885 791 1886 1243 1886 787 1886 787 1887 1243 1887 778 1887 1243 1888 1241 1888 778 1888 778 1889 1241 1889 779 1889 779 1890 1239 1890 780 1890 1241 1891 1239 1891 779 1891 780 1892 1239 1892 781 1892 1239 1893 1237 1893 781 1893 781 1894 1237 1894 782 1894 782 1895 1237 1895 783 1895 1237 1896 1235 1896 783 1896 783 1897 1235 1897 784 1897 1235 1898 1236 1898 784 1898 784 1899 1236 1899 785 1899 785 1900 1236 1900 767 1900 1236 1901 1238 1901 767 1901 767 1902 1238 1902 763 1902 1238 1903 1240 1903 763 1903 763 1904 1240 1904 762 1904 1240 1905 1242 1905 762 1905 762 1906 1242 1906 759 1906 759 1907 1242 1907 758 1907 758 1908 1246 1908 757 1908 1242 1909 1246 1909 758 1909 757 1910 1246 1910 760 1910 760 1911 1250 1911 761 1911 1246 1912 1250 1912 760 1912 1250 1913 1251 1913 761 1913 761 1914 1251 1914 766 1914 766 1915 1251 1915 769 1915 769 1916 1253 1916 772 1916 1251 1917 1253 1917 769 1917 772 1918 1253 1918 773 1918 1253 1919 1252 1919 773 1919 773 1920 1252 1920 774 1920 1252 1921 1249 1921 774 1921 774 1922 1249 1922 775 1922 100 1923 1254 1923 101 1923 101 1924 1254 1924 373 1924 368 1925 1255 1925 114 1925 114 1926 1255 1926 135 1926 1258 1927 103 1927 1257 1927 1259 1928 103 1928 1258 1928 1260 1929 103 1929 1259 1929 1261 1930 103 1930 1260 1930 1262 1931 103 1931 1261 1931 1263 1932 103 1932 1262 1932 1264 1933 103 1933 1263 1933 1265 1934 103 1934 1264 1934 1266 1935 103 1935 1265 1935 1267 1936 103 1936 1266 1936 1268 1937 103 1937 1267 1937 1269 1938 103 1938 1268 1938 1270 1939 103 1939 1269 1939 1271 1940 103 1940 1270 1940 135 1941 103 1941 1271 1941 1255 1942 103 1942 135 1942 1256 1943 1272 1943 1255 1943 1272 1944 1254 1944 1255 1944 1255 1945 1254 1945 103 1945 1273 1946 1254 1946 1272 1946 1254 1947 100 1947 103 1947 367 1948 373 1948 1254 1948 367 1949 1254 1949 1273 1949 359 1950 367 1950 1273 1950 359 1951 1273 1951 1272 1951 356 1952 1272 1952 1256 1952 356 1953 359 1953 1272 1953 355 1954 356 1954 1256 1954 355 1955 1256 1955 1255 1955 362 1956 355 1956 1255 1956 368 1957 362 1957 1255 1957 103 1958 105 1958 1257 1958 105 1959 1274 1959 1257 1959 1257 1960 1275 1960 1258 1960 1258 1961 1275 1961 1259 1961 1274 1962 1275 1962 1257 1962 1259 1963 1276 1963 1260 1963 1275 1964 1276 1964 1259 1964 1260 1965 1277 1965 1261 1965 1276 1966 1277 1966 1260 1966 1261 1967 1278 1967 1262 1967 1277 1968 1278 1968 1261 1968 1262 1969 1279 1969 1263 1969 1278 1970 1279 1970 1262 1970 1263 1971 1280 1971 1264 1971 1279 1972 1280 1972 1263 1972 1264 1973 1281 1973 1265 1973 1265 1974 1281 1974 1266 1974 1280 1975 1281 1975 1264 1975 1281 1976 1282 1976 1266 1976 1266 1977 1282 1977 1267 1977 1282 1978 1283 1978 1267 1978 1267 1979 1283 1979 1268 1979 1268 1980 1283 1980 1269 1980 1283 1981 1284 1981 1269 1981 1269 1982 1284 1982 1270 1982 1284 1983 1285 1983 1270 1983 1270 1984 1285 1984 1271 1984 1271 1985 1451 1985 135 1985 1285 1986 1451 1986 1271 1986 112 1987 1286 1987 109 1987 1401 1988 1497 1988 1287 1988 1401 1989 1491 1989 1497 1989 1401 1990 1400 1990 1491 1990 1288 1991 1289 1991 1491 1991 1288 1992 1398 1992 1289 1992 730 1993 744 1993 729 1993 1290 1994 732 1994 159 1994 1025 1995 744 1995 730 1995 730 1996 732 1996 1290 1996 1290 1997 159 1997 1309 1997 1293 1998 730 1998 1290 1998 730 1999 1023 1999 1025 1999 1293 2000 1290 2000 1294 2000 1292 2001 730 2001 1293 2001 730 2002 1021 2002 1023 2002 1292 2003 1293 2003 1291 2003 1292 2004 1021 2004 730 2004 1292 2005 1019 2005 1021 2005 1292 2006 1017 2006 1019 2006 1292 2007 746 2007 1017 2007 748 2008 746 2008 1292 2008 1291 2009 748 2009 1292 2009 1309 2010 1294 2010 1290 2010 749 2011 1295 2011 750 2011 1297 2012 1295 2012 749 2012 1297 2013 1296 2013 1295 2013 1297 2014 1298 2014 1296 2014 1297 2015 1299 2015 1298 2015 1300 2016 1299 2016 1297 2016 1300 2017 1301 2017 1299 2017 1300 2018 1302 2018 1301 2018 1305 2019 1302 2019 1300 2019 1305 2020 1303 2020 1302 2020 1305 2021 1318 2021 1303 2021 1305 2022 157 2022 1318 2022 1304 2023 1297 2023 749 2023 1300 2024 1297 2024 1304 2024 1307 2025 1305 2025 1300 2025 1308 2026 157 2026 1305 2026 1306 2027 1300 2027 1304 2027 1312 2028 1300 2028 1306 2028 1312 2029 1307 2029 1300 2029 1308 2030 1305 2030 1307 2030 1309 2031 157 2031 1308 2031 1309 2032 159 2032 157 2032 1311 2033 1306 2033 1310 2033 1311 2034 1310 2034 1291 2034 1311 2035 1291 2035 1293 2035 1311 2036 1293 2036 1294 2036 1311 2037 1312 2037 1306 2037 1312 2038 1311 2038 1294 2038 1308 2039 1312 2039 1294 2039 1308 2040 1307 2040 1312 2040 1308 2041 1294 2041 1309 2041 1313 2042 750 2042 1295 2042 1313 2043 1295 2043 1296 2043 1314 2044 1313 2044 1296 2044 1314 2045 1296 2045 1298 2045 1315 2046 1298 2046 1299 2046 1315 2047 1314 2047 1298 2047 1316 2048 1315 2048 1299 2048 1316 2049 1299 2049 1301 2049 1317 2050 1301 2050 1302 2050 1317 2051 1316 2051 1301 2051 1317 2052 1302 2052 1303 2052 1319 2053 1317 2053 1303 2053 96 2054 1318 2054 157 2054 1319 2055 1318 2055 96 2055 1319 2056 96 2056 97 2056 1319 2057 1303 2057 1318 2057 1321 2058 1319 2058 97 2058 1321 2059 97 2059 98 2059 1322 2060 940 2060 939 2060 939 2061 1313 2061 1314 2061 1322 2062 939 2062 1315 2062 1325 2063 1321 2063 1320 2063 1321 2064 1317 2064 1319 2064 939 2065 1314 2065 1315 2065 1315 2066 1317 2066 1321 2066 1320 2067 1321 2067 98 2067 1322 2068 1315 2068 1321 2068 1315 2069 1316 2069 1317 2069 1325 2070 1322 2070 1321 2070 1326 2071 1334 2071 1333 2071 1322 2072 679 2072 680 2072 1331 2073 1323 2073 1334 2073 1457 2074 1381 2074 1323 2074 1326 2075 1333 2075 678 2075 1326 2076 678 2076 1327 2076 1330 2077 1327 2077 679 2077 1322 2078 1325 2078 1330 2078 1325 2079 1320 2079 1452 2079 1331 2080 1334 2080 1326 2080 1328 2081 1457 2081 1331 2081 1326 2082 1329 2082 1331 2082 1331 2083 1329 2083 1328 2083 1329 2084 1326 2084 1327 2084 1328 2085 1329 2085 1324 2085 1327 2086 1330 2086 1329 2086 1330 2087 1324 2087 1329 2087 1325 2088 1324 2088 1330 2088 1325 2089 1452 2089 1324 2089 1322 2090 1330 2090 679 2090 1457 2091 1323 2091 1331 2091 1334 2092 1362 2092 1332 2092 1333 2093 1334 2093 1332 2093 1332 2094 455 2094 1333 2094 1332 2095 1362 2095 455 2095 1363 2096 1046 2096 1045 2096 1385 2097 1045 2097 1042 2097 1385 2098 1042 2098 1044 2098 1350 2099 487 2099 485 2099 494 2100 491 2100 489 2100 1365 2101 496 2101 494 2101 1335 2102 498 2102 1365 2102 1335 2103 500 2103 498 2103 1368 2104 504 2104 1335 2104 1336 2105 1460 2105 1047 2105 1368 2106 507 2106 506 2106 1369 2107 512 2107 511 2107 1337 2108 512 2108 1369 2108 1337 2109 524 2109 520 2109 1337 2110 527 2110 524 2110 1338 2111 1353 2111 1047 2111 1337 2112 533 2112 530 2112 1339 2113 533 2113 1337 2113 1339 2114 536 2114 533 2114 1339 2115 540 2115 537 2115 1339 2116 543 2116 540 2116 1340 2117 548 2117 545 2117 1354 2118 1338 2118 1342 2118 1340 2119 551 2119 548 2119 1355 2120 558 2120 555 2120 1355 2121 562 2121 558 2121 1342 2122 1341 2122 1354 2122 1355 2123 568 2123 565 2123 1356 2124 568 2124 1355 2124 1356 2125 570 2125 568 2125 1356 2126 576 2126 574 2126 1341 2127 576 2127 1356 2127 1341 2128 578 2128 576 2128 1388 2129 585 2129 581 2129 1371 2130 1357 2130 1392 2130 1388 2131 588 2131 587 2131 1388 2132 590 2132 588 2132 1358 2133 592 2133 590 2133 1358 2134 593 2134 592 2134 1370 2135 596 2135 595 2135 1370 2136 598 2136 596 2136 1343 2137 601 2137 599 2137 1343 2138 599 2138 1370 2138 1343 2139 606 2139 604 2139 1344 2140 609 2140 607 2140 1389 2141 1048 2141 1375 2141 1344 2142 610 2142 609 2142 1344 2143 613 2143 612 2143 1345 2144 613 2144 1344 2144 1345 2145 617 2145 616 2145 1390 2146 619 2146 617 2146 1390 2147 617 2147 1345 2147 1390 2148 621 2148 619 2148 1346 2149 621 2149 1390 2149 1346 2150 1390 2150 1393 2150 1360 2151 623 2151 1346 2151 1360 2152 625 2152 623 2152 1360 2153 1376 2153 625 2153 1394 2154 1379 2154 1050 2154 1377 2155 1376 2155 1347 2155 628 2156 1396 2156 632 2156 628 2157 632 2157 630 2157 460 2158 1362 2158 1382 2158 1362 2159 460 2159 458 2159 460 2160 463 2160 462 2160 460 2161 465 2161 463 2161 467 2162 472 2162 470 2162 472 2163 475 2163 473 2163 472 2164 1348 2164 475 2164 1348 2165 477 2165 475 2165 1349 2166 477 2166 1348 2166 477 2167 1349 2167 479 2167 1351 2168 1386 2168 1385 2168 1349 2169 1350 2169 482 2169 1350 2170 484 2170 482 2170 1350 2171 485 2171 484 2171 487 2172 494 2172 489 2172 494 2173 493 2173 491 2173 1044 2174 1366 2174 1351 2174 1336 2175 1044 2175 1460 2175 1336 2176 1366 2176 1044 2176 1352 2177 1366 2177 1336 2177 1335 2178 501 2178 500 2178 1368 2179 509 2179 507 2179 1369 2180 511 2180 509 2180 1337 2181 516 2181 512 2181 1337 2182 520 2182 516 2182 1337 2183 530 2183 527 2183 1339 2184 537 2184 536 2184 1340 2185 545 2185 543 2185 1387 2186 1338 2186 1354 2186 1355 2187 555 2187 551 2187 1355 2188 551 2188 1340 2188 1354 2189 1355 2189 1387 2189 1355 2190 565 2190 562 2190 1356 2191 574 2191 570 2191 1357 2192 1342 2192 1467 2192 1357 2193 1341 2193 1342 2193 1388 2194 581 2194 578 2194 1358 2195 590 2195 1388 2195 1372 2196 1358 2196 1371 2196 1370 2197 595 2197 593 2197 1370 2198 599 2198 598 2198 1343 2199 603 2199 601 2199 1343 2200 604 2200 603 2200 1343 2201 607 2201 606 2201 1343 2202 1344 2202 607 2202 1343 2203 1373 2203 1344 2203 1344 2204 612 2204 610 2204 1374 2205 1389 2205 1375 2205 1393 2206 1390 2206 1345 2206 1361 2207 1374 2207 1375 2207 1379 2208 1378 2208 1361 2208 1347 2209 1360 2209 1361 2209 1347 2210 1361 2210 1378 2210 1377 2211 1347 2211 1378 2211 628 2212 1402 2212 1396 2212 628 2213 1380 2213 1402 2213 1323 2214 1362 2214 1334 2214 1382 2215 1381 2215 1046 2215 1383 2216 465 2216 460 2216 467 2217 1383 2217 1384 2217 467 2218 470 2218 469 2218 467 2219 1364 2219 472 2219 1385 2220 1363 2220 1045 2220 1364 2221 1363 2221 1385 2221 1350 2222 1349 2222 1386 2222 1385 2223 1044 2223 1351 2223 487 2224 1350 2224 1391 2224 487 2225 1391 2225 494 2225 1351 2226 1366 2226 1391 2226 1367 2227 1391 2227 1366 2227 1367 2228 1365 2228 494 2228 1365 2229 1367 2229 1335 2229 1352 2230 1367 2230 1366 2230 1367 2231 1352 2231 1368 2231 1367 2232 1368 2232 1335 2232 1352 2233 1369 2233 1368 2233 1369 2234 1352 2234 1336 2234 1047 2235 1369 2235 1336 2235 1369 2236 509 2236 1368 2236 1369 2237 1047 2237 1353 2237 1369 2238 1353 2238 1337 2238 1356 2239 1355 2239 1354 2239 1356 2240 1354 2240 1341 2240 1388 2241 1341 2241 1357 2241 1357 2242 1358 2242 1388 2242 1358 2243 1357 2243 1371 2243 1370 2244 1358 2244 1372 2244 1372 2245 1343 2245 1370 2245 1373 2246 1372 2246 1371 2246 1373 2247 1343 2247 1372 2247 1389 2248 1359 2248 1373 2248 1359 2249 1344 2249 1373 2249 1389 2250 1393 2250 1359 2250 1374 2251 1393 2251 1389 2251 1361 2252 1360 2252 1374 2252 1375 2253 1050 2253 1379 2253 1375 2254 1379 2254 1361 2254 1376 2255 1360 2255 1347 2255 1379 2256 1395 2256 1378 2256 1380 2257 628 2257 1378 2257 1380 2258 1378 2258 1395 2258 1362 2259 1323 2259 1382 2259 1323 2260 1381 2260 1382 2260 1382 2261 1046 2261 1363 2261 1383 2262 460 2262 1382 2262 1382 2263 1363 2263 1384 2263 1382 2264 1384 2264 1383 2264 1363 2265 1364 2265 1384 2265 1384 2266 1364 2266 467 2266 1364 2267 1348 2267 472 2267 1364 2268 1385 2268 1386 2268 1348 2269 1364 2269 1349 2269 1386 2270 1349 2270 1364 2270 1351 2271 1391 2271 1386 2271 1350 2272 1386 2272 1391 2272 1367 2273 494 2273 1391 2273 1353 2274 1339 2274 1337 2274 1339 2275 1353 2275 1387 2275 1340 2276 1339 2276 1387 2276 1355 2277 1340 2277 1387 2277 1371 2278 1048 2278 1373 2278 1389 2279 1373 2279 1048 2279 1393 2280 1374 2280 1360 2280 1346 2281 1393 2281 1360 2281 1387 2282 1353 2282 1338 2282 1339 2283 1340 2283 543 2283 1388 2284 578 2284 1341 2284 1370 2285 593 2285 1358 2285 1048 2286 1371 2286 1392 2286 1345 2287 1344 2287 1359 2287 1359 2288 1393 2288 1345 2288 1378 2289 628 2289 1377 2289 1395 2290 1379 2290 1394 2290 1402 2291 948 2291 1396 2291 1406 2292 805 2292 1404 2292 1399 2293 1402 2293 1397 2293 948 2294 1402 2294 1399 2294 1399 2295 1398 2295 1403 2295 1403 2296 1398 2296 1288 2296 1403 2297 1404 2297 948 2297 1403 2298 948 2298 1399 2298 1400 2299 1403 2299 1288 2299 1400 2300 1404 2300 1403 2300 1400 2301 1405 2301 1404 2301 1406 2302 1404 2302 1405 2302 1394 2303 1397 2303 1395 2303 1402 2304 1380 2304 1395 2304 1395 2305 1397 2305 1402 2305 1397 2306 1398 2306 1399 2306 1400 2307 1288 2307 1491 2307 1400 2308 1401 2308 1405 2308 1407 2309 1286 2309 112 2309 1409 2310 801 2310 802 2310 1407 2311 1287 2311 1286 2311 1406 2312 802 2312 803 2312 1406 2313 803 2313 804 2313 1408 2314 1406 2314 1405 2314 1407 2315 1408 2315 1287 2315 1410 2316 1423 2316 1409 2316 1406 2317 1409 2317 802 2317 1410 2318 1408 2318 1407 2318 1409 2319 1408 2319 1410 2319 1409 2320 1406 2320 1408 2320 1401 2321 1287 2321 1408 2321 1405 2322 1401 2322 1408 2322 1413 2323 1412 2323 1411 2323 1414 2324 1412 2324 1413 2324 1414 2325 1415 2325 1412 2325 1416 2326 1415 2326 1414 2326 1416 2327 1428 2327 1415 2327 1417 2328 1428 2328 1416 2328 1417 2329 1432 2329 1428 2329 1418 2330 1432 2330 1417 2330 797 2331 1413 2331 1411 2331 1419 2332 1413 2332 797 2332 1419 2333 1414 2333 1413 2333 1420 2334 1414 2334 1419 2334 1420 2335 1416 2335 1414 2335 1421 2336 1416 2336 1420 2336 1421 2337 1417 2337 1416 2337 1422 2338 1418 2338 1417 2338 1422 2339 1417 2339 1421 2339 111 2340 1418 2340 1422 2340 1423 2341 1419 2341 797 2341 1424 2342 1423 2342 1410 2342 1424 2343 1419 2343 1423 2343 1424 2344 1420 2344 1419 2344 1425 2345 1420 2345 1424 2345 1425 2346 1424 2346 1410 2346 1425 2347 1410 2347 1407 2347 1425 2348 1421 2348 1420 2348 1426 2349 1425 2349 1407 2349 1426 2350 1421 2350 1425 2350 1422 2351 1426 2351 1407 2351 1422 2352 1421 2352 1426 2352 1422 2353 1407 2353 112 2353 111 2354 1422 2354 112 2354 1427 2355 1418 2355 118 2355 1432 2356 1418 2356 1427 2356 1429 2357 1412 2357 1415 2357 1430 2358 1411 2358 1412 2358 1430 2359 1412 2359 1429 2359 1430 2360 701 2360 1411 2360 1430 2361 702 2361 701 2361 1431 2362 1427 2362 118 2362 1432 2363 1427 2363 1431 2363 1437 2364 1428 2364 1432 2364 1433 2365 1415 2365 1428 2365 1433 2366 1428 2366 1437 2366 1433 2367 1429 2367 1415 2367 1434 2368 1429 2368 1433 2368 1435 2369 1429 2369 1434 2369 1435 2370 1430 2370 1429 2370 1435 2371 702 2371 1430 2371 1435 2372 703 2372 702 2372 1436 2373 1432 2373 1431 2373 1436 2374 1437 2374 1432 2374 1438 2375 1433 2375 1437 2375 1438 2376 1434 2376 1433 2376 1439 2377 1434 2377 1438 2377 1439 2378 1435 2378 1434 2378 1439 2379 703 2379 1435 2379 1440 2380 118 2380 126 2380 1440 2381 1431 2381 118 2381 1436 2382 1431 2382 1440 2382 1436 2383 1440 2383 1442 2383 1441 2384 1436 2384 1442 2384 1441 2385 1437 2385 1436 2385 1441 2386 1438 2386 1437 2386 1444 2387 1441 2387 1442 2387 1444 2388 1442 2388 1443 2388 1444 2389 1438 2389 1441 2389 1444 2390 1443 2390 1445 2390 1444 2391 1439 2391 1438 2391 1446 2392 1444 2392 1445 2392 1446 2393 1439 2393 1444 2393 1446 2394 1445 2394 704 2394 1446 2395 704 2395 1439 2395 743 2396 742 2396 1445 2396 743 2397 1445 2397 1443 2397 126 2398 1443 2398 1442 2398 126 2399 1442 2399 1440 2399 1139 2400 940 2400 680 2400 1139 2401 943 2401 940 2401 677 2402 1139 2402 680 2402 1322 2403 680 2403 940 2403 1166 2404 1178 2404 1199 2404 1164 2405 1166 2405 1199 2405 1176 2406 1164 2406 1199 2406 1447 2407 1153 2407 947 2407 1448 2408 1153 2408 1447 2408 788 2409 1153 2409 1448 2409 947 2410 949 2410 1449 2410 1447 2411 947 2411 1449 2411 1448 2412 1450 2412 768 2412 1448 2413 1449 2413 1450 2413 1448 2414 1447 2414 1449 2414 788 2415 1448 2415 768 2415 805 2416 1449 2416 949 2416 805 2417 768 2417 1450 2417 805 2418 1450 2418 1449 2418 98 2419 1282 2419 1281 2419 97 2420 1284 2420 1283 2420 97 2421 1285 2421 1284 2421 1451 2422 1285 2422 97 2422 1452 2423 1276 2423 1275 2423 1453 2424 1278 2424 1277 2424 1453 2425 1277 2425 1452 2425 1453 2426 1279 2426 1278 2426 1453 2427 1280 2427 1279 2427 1453 2428 1281 2428 1280 2428 1453 2429 98 2429 1281 2429 97 2430 1283 2430 1282 2430 97 2431 1282 2431 98 2431 1454 2432 1274 2432 105 2432 1452 2433 1275 2433 1274 2433 1452 2434 1277 2434 1276 2434 1320 2435 1453 2435 1452 2435 1320 2436 98 2436 1453 2436 1454 2437 1452 2437 1274 2437 1454 2438 1456 2438 1328 2438 1454 2439 104 2439 1456 2439 1452 2440 1454 2440 1324 2440 1454 2441 105 2441 104 2441 1456 2442 1455 2442 1457 2442 1328 2443 1456 2443 1457 2443 1456 2444 104 2444 1455 2444 102 2445 1455 2445 104 2445 1463 2446 1455 2446 102 2446 1457 2447 1455 2447 1381 2447 1458 2448 1050 2448 1049 2448 1479 2449 388 2449 387 2449 1464 2450 388 2450 1479 2450 1464 2451 390 2451 389 2451 1472 2452 1459 2452 1049 2452 1476 2453 1047 2453 1460 2453 1468 2454 425 2454 424 2454 1468 2455 426 2455 425 2455 1477 2456 427 2456 426 2456 1477 2457 429 2457 428 2457 1043 2458 1460 2458 1044 2458 1477 2459 431 2459 430 2459 1477 2460 432 2460 431 2460 1487 2461 434 2461 433 2461 1487 2462 436 2462 435 2462 1469 2463 436 2463 1487 2463 1469 2464 437 2464 436 2464 1478 2465 1043 2465 1042 2465 1469 2466 439 2466 438 2466 1478 2467 1042 2467 1045 2467 1461 2468 441 2468 440 2468 1461 2469 442 2469 441 2469 1470 2470 1045 2470 1046 2470 1470 2471 444 2471 443 2471 1470 2472 445 2472 444 2472 1470 2473 447 2473 446 2473 1462 2474 449 2474 448 2474 1455 2475 1046 2475 1381 2475 1463 2476 451 2476 450 2476 1463 2477 450 2477 1462 2477 1463 2478 452 2478 451 2478 1463 2479 453 2479 452 2479 1459 2480 1495 2480 1458 2480 1489 2481 1495 2481 1459 2481 1479 2482 385 2482 1488 2482 1479 2483 386 2483 385 2483 1464 2484 389 2484 388 2484 1465 2485 392 2485 391 2485 1465 2486 393 2486 392 2486 1465 2487 180 2487 393 2487 1465 2488 176 2488 180 2488 1480 2489 394 2489 172 2489 1480 2490 166 2490 395 2490 1466 2491 1048 2491 1392 2491 1482 2492 396 2492 170 2492 1483 2493 1392 2493 1467 2493 1482 2494 399 2494 398 2494 1473 2495 399 2495 1482 2495 1473 2496 401 2496 400 2496 1474 2497 403 2497 402 2497 1474 2498 405 2498 404 2498 1484 2499 407 2499 406 2499 1484 2500 408 2500 407 2500 1484 2501 409 2501 408 2501 1485 2502 223 2502 410 2502 1485 2503 411 2503 229 2503 1486 2504 412 2504 1485 2504 1486 2505 413 2505 412 2505 1486 2506 414 2506 413 2506 1476 2507 1475 2507 1338 2507 1486 2508 415 2508 414 2508 1475 2509 415 2509 1486 2509 1475 2510 416 2510 415 2510 1476 2511 1338 2511 1047 2511 1475 2512 417 2512 416 2512 1475 2513 418 2513 417 2513 1468 2514 420 2514 419 2514 1468 2515 422 2515 421 2515 1468 2516 424 2516 423 2516 1487 2517 433 2517 432 2517 1469 2518 440 2518 439 2518 1469 2519 1461 2519 440 2519 1470 2520 446 2520 445 2520 1470 2521 448 2521 447 2521 1471 2522 1462 2522 1470 2522 1462 2523 450 2523 449 2523 1463 2524 102 2524 453 2524 1459 2525 1458 2525 1049 2525 1464 2526 1465 2526 391 2526 1481 2527 1049 2527 1466 2527 1480 2528 395 2528 394 2528 1483 2529 1481 2529 1466 2529 1480 2530 170 2530 166 2530 1482 2531 170 2531 1480 2531 1482 2532 1481 2532 1483 2532 1482 2533 397 2533 396 2533 1482 2534 398 2534 397 2534 1473 2535 400 2535 399 2535 1467 2536 1473 2536 1483 2536 1473 2537 402 2537 401 2537 1473 2538 1474 2538 402 2538 1474 2539 404 2539 403 2539 1474 2540 406 2540 405 2540 1484 2541 406 2541 1474 2541 1484 2542 410 2542 409 2542 1474 2543 1342 2543 1338 2543 1484 2544 1485 2544 410 2544 1486 2545 1474 2545 1338 2545 1485 2546 412 2546 411 2546 1475 2547 1468 2547 419 2547 1475 2548 419 2548 418 2548 1460 2549 1477 2549 1476 2549 1468 2550 423 2550 422 2550 1477 2551 426 2551 1468 2551 1477 2552 428 2552 427 2552 1477 2553 430 2553 429 2553 1043 2554 1487 2554 1477 2554 1477 2555 1487 2555 432 2555 1487 2556 435 2556 434 2556 1043 2557 1478 2557 1487 2557 1469 2558 1487 2558 1478 2558 1469 2559 438 2559 437 2559 1478 2560 1470 2560 1461 2560 1470 2561 1478 2561 1045 2561 1461 2562 443 2562 442 2562 1470 2563 443 2563 1461 2563 1046 2564 1471 2564 1470 2564 1462 2565 448 2565 1470 2565 1463 2566 1462 2566 1471 2566 1471 2567 1455 2567 1463 2567 1479 2568 1488 2568 1489 2568 1489 2569 1459 2569 1479 2569 1479 2570 387 2570 386 2570 1472 2571 1479 2571 1459 2571 1479 2572 1465 2572 1464 2572 1465 2573 1479 2573 1472 2573 1464 2574 391 2574 390 2574 1472 2575 1049 2575 1481 2575 1472 2576 1480 2576 1465 2576 1465 2577 172 2577 176 2577 1480 2578 172 2578 1465 2578 1472 2579 1481 2579 1480 2579 1481 2580 1482 2580 1480 2580 1392 2581 1483 2581 1466 2581 1483 2582 1473 2582 1482 2582 1473 2583 1467 2583 1474 2583 1485 2584 1484 2584 1474 2584 1474 2585 1467 2585 1342 2585 1485 2586 1474 2586 1486 2586 1485 2587 229 2587 223 2587 1475 2588 1486 2588 1338 2588 1468 2589 1475 2589 1476 2589 1468 2590 421 2590 420 2590 1476 2591 1477 2591 1468 2591 1043 2592 1477 2592 1460 2592 1478 2593 1461 2593 1469 2593 1455 2594 1471 2594 1046 2594 1394 2595 1050 2595 1458 2595 1394 2596 1458 2596 1495 2596 1492 2597 1397 2597 1394 2597 1494 2598 753 2598 754 2598 1490 2599 1494 2599 754 2599 1490 2600 754 2600 755 2600 1494 2601 1488 2601 753 2601 1495 2602 1492 2602 1394 2602 1492 2603 1493 2603 1398 2603 1493 2604 1494 2604 1490 2604 1496 2605 1491 2605 1289 2605 1494 2606 1489 2606 1488 2606 1489 2607 1492 2607 1495 2607 1493 2608 1492 2608 1494 2608 1289 2609 1398 2609 1493 2609 1496 2610 1493 2610 1490 2610 1492 2611 1489 2611 1494 2611 1397 2612 1492 2612 1398 2612 1493 2613 1496 2613 1289 2613 1497 2614 1058 2614 1059 2614 1496 2615 1053 2615 1054 2615 1497 2616 1054 2616 1055 2616 1497 2617 1496 2617 1054 2617 1497 2618 1056 2618 1057 2618 1497 2619 1057 2619 1058 2619 1287 2620 1497 2620 1059 2620 1287 2621 1059 2621 1060 2621 1286 2622 1060 2622 109 2622 1286 2623 1287 2623 1060 2623 1496 2624 1490 2624 755 2624 1496 2625 755 2625 1051 2625 1496 2626 1051 2626 1052 2626 1496 2627 1052 2627 1053 2627 1496 2628 1497 2628 1491 2628 1497 2629 1055 2629 1056 2629 35 2630 1189 2630 27 2630 35 2631 1108 2631 1189 2631 1108 2632 1190 2632 1189 2632 1108 2633 1109 2633 1190 2633 1109 2634 1191 2634 1190 2634 1191 2635 1110 2635 1192 2635 1109 2636 1110 2636 1191 2636 1192 2637 1111 2637 1193 2637 1110 2638 1111 2638 1192 2638 1111 2639 1112 2639 1193 2639 1112 2640 1194 2640 1193 2640 1112 2641 1114 2641 1194 2641 1114 2642 1195 2642 1194 2642 1114 2643 1115 2643 1195 2643 1115 2644 1063 2644 1195 2644 1115 2645 1064 2645 1063 2645 1498 2646 1500 2646 1501 2646 1499 2647 1500 2647 1498 2647 1502 2648 85 2648 1498 2648 1498 2649 85 2649 1499 2649 1502 2650 1506 2650 85 2650 1505 2651 1506 2651 1502 2651 1500 2652 1504 2652 1501 2652 1501 2653 1504 2653 1503 2653 1509 2654 1506 2654 1505 2654 1504 2655 1508 2655 1503 2655 1509 2656 1511 2656 1506 2656 1503 2657 1508 2657 1507 2657 1510 2658 1511 2658 1509 2658 1514 2659 1512 2659 1510 2659 1510 2660 1512 2660 1511 2660 1508 2661 1513 2661 1507 2661 1514 2662 1515 2662 1512 2662 1516 2663 1513 2663 1508 2663 1512 2664 1515 2664 1517 2664 1517 2665 1519 2665 1520 2665 1515 2666 1519 2666 1517 2666 1516 2667 1518 2667 1513 2667 89 2668 1518 2668 1516 2668 1519 2669 1522 2669 1520 2669 89 2670 1521 2670 1518 2670 1520 2671 1522 2671 1523 2671 1522 2672 1524 2672 1523 2672 91 2673 1521 2673 89 2673 91 2674 1525 2674 1521 2674 1523 2675 1524 2675 1526 2675 1524 2676 1525 2676 1526 2676 1526 2677 1525 2677 91 2677 160 2678 1505 2678 158 2678 1505 2679 1502 2679 158 2679 1502 2680 1498 2680 158 2680 158 2681 1498 2681 156 2681 1498 2682 1501 2682 156 2682 156 2683 1501 2683 155 2683 1501 2684 1503 2684 155 2684 155 2685 1503 2685 144 2685 144 2686 1503 2686 139 2686 1503 2687 1507 2687 139 2687 139 2688 1507 2688 137 2688 1507 2689 1513 2689 137 2689 137 2690 1513 2690 140 2690 140 2691 1513 2691 142 2691 1513 2692 1518 2692 142 2692 142 2693 1518 2693 146 2693 1518 2694 1521 2694 146 2694 146 2695 1521 2695 148 2695 1521 2696 1525 2696 148 2696 148 2697 1525 2697 150 2697 150 2698 1525 2698 151 2698 1525 2699 1524 2699 151 2699 151 2700 1524 2700 154 2700 154 2701 1524 2701 164 2701 1524 2702 1522 2702 164 2702 164 2703 1522 2703 165 2703 1522 2704 1519 2704 165 2704 165 2705 1519 2705 163 2705 1519 2706 1515 2706 163 2706 163 2707 1515 2707 162 2707 1515 2708 1514 2708 162 2708 1514 2709 1510 2709 162 2709 162 2710 1510 2710 161 2710 1510 2711 1509 2711 161 2711 161 2712 1509 2712 160 2712 1509 2713 1505 2713 160 2713 1530 2714 1527 2714 1528 2714 1527 2715 1531 2715 1528 2715 1530 2716 1529 2716 1527 2716 1528 2717 1531 2717 1532 2717 1535 2718 1529 2718 1530 2718 1535 2719 1533 2719 1529 2719 1531 2720 1536 2720 1532 2720 1532 2721 1536 2721 1534 2721 1537 2722 1533 2722 1535 2722 1537 2723 1538 2723 1533 2723 1534 2724 1536 2724 1539 2724 1540 2725 1538 2725 1537 2725 1536 2726 1541 2726 1539 2726 1539 2727 1541 2727 1543 2727 1542 2728 83 2728 1540 2728 1540 2729 83 2729 1538 2729 1544 2730 1543 2730 1541 2730 83 2731 1546 2731 1547 2731 1542 2732 1546 2732 83 2732 1544 2733 1545 2733 1543 2733 77 2734 1545 2734 1544 2734 1546 2735 1548 2735 1547 2735 77 2736 1549 2736 1545 2736 1547 2737 1548 2737 1550 2737 1548 2738 1551 2738 1550 2738 77 2739 1552 2739 1549 2739 79 2740 1552 2740 77 2740 1550 2741 1551 2741 80 2741 79 2742 1553 2742 1552 2742 1551 2743 1554 2743 80 2743 80 2744 1553 2744 79 2744 1554 2745 1553 2745 80 2745 145 2746 1535 2746 143 2746 1535 2747 1530 2747 143 2747 143 2748 1530 2748 141 2748 141 2749 1530 2749 138 2749 1530 2750 1528 2750 138 2750 138 2751 1528 2751 136 2751 136 2752 1528 2752 125 2752 1528 2753 1532 2753 125 2753 125 2754 1532 2754 123 2754 1532 2755 1534 2755 123 2755 123 2756 1534 2756 121 2756 121 2757 1534 2757 119 2757 1534 2758 1539 2758 119 2758 1539 2759 1543 2759 119 2759 119 2760 1543 2760 117 2760 1543 2761 1545 2761 117 2761 117 2762 1545 2762 120 2762 1545 2763 1549 2763 120 2763 120 2764 1549 2764 122 2764 1549 2765 1552 2765 122 2765 122 2766 1552 2766 124 2766 124 2767 1552 2767 127 2767 1552 2768 1553 2768 127 2768 1553 2769 1554 2769 127 2769 127 2770 1554 2770 128 2770 128 2771 1551 2771 129 2771 1554 2772 1551 2772 128 2772 129 2773 1551 2773 130 2773 1551 2774 1548 2774 130 2774 130 2775 1546 2775 131 2775 1548 2776 1546 2776 130 2776 131 2777 1542 2777 153 2777 1546 2778 1542 2778 131 2778 153 2779 1542 2779 152 2779 1542 2780 1540 2780 152 2780 152 2781 1540 2781 149 2781 1540 2782 1537 2782 149 2782 149 2783 1537 2783 147 2783 1537 2784 1535 2784 147 2784 147 2785 1535 2785 145 2785 87 2786 1508 2786 1504 2786 88 2787 1516 2787 1508 2787 88 2788 89 2788 1516 2788 89 2789 90 2789 91 2789 1526 2790 92 2790 1523 2790 1512 2791 94 2791 1511 2791 1511 2792 95 2792 1506 2792 90 2793 88 2793 1555 2793 87 2794 1556 2794 1555 2794 86 2795 1556 2795 87 2795 95 2796 1556 2796 86 2796 94 2797 1556 2797 95 2797 93 2798 1556 2798 94 2798 92 2799 1556 2799 93 2799 92 2800 1555 2800 1556 2800 90 2801 1555 2801 92 2801 1529 2802 73 2802 1527 2802 1531 2803 75 2803 1536 2803 1544 2804 76 2804 77 2804 77 2805 78 2805 79 2805 75 2806 1557 2806 76 2806 74 2807 1557 2807 75 2807 73 2808 1557 2808 74 2808 72 2809 1557 2809 73 2809 84 2810 1557 2810 72 2810 82 2811 1557 2811 84 2811 81 2812 1557 2812 82 2812 78 2813 1557 2813 81 2813 76 2814 1557 2814 78 2814 66 2815 69 2815 67 2815 62 2816 69 2816 66 2816 62 2817 70 2817 69 2817 62 2818 58 2818 70 2818 61 2819 58 2819 62 2819 326 2820 837 2820 327 2820 837 2821 839 2821 327 2821 327 2822 841 2822 331 2822 839 2823 841 2823 327 2823 332 2824 843 2824 335 2824 331 2825 843 2825 332 2825 841 2826 843 2826 331 2826 843 2827 845 2827 335 2827 338 2828 847 2828 339 2828 335 2829 847 2829 338 2829 845 2830 847 2830 335 2830 339 2831 849 2831 341 2831 847 2832 849 2832 339 2832 849 2833 851 2833 341 2833 341 2834 853 2834 348 2834 851 2835 853 2835 341 2835 347 2836 855 2836 346 2836 348 2837 855 2837 347 2837 853 2838 855 2838 348 2838 855 2839 857 2839 346 2839 857 2840 859 2840 346 2840 345 2841 859 2841 381 2841 346 2842 859 2842 345 2842 859 2843 861 2843 381 2843 381 2844 861 2844 380 2844 861 2845 863 2845 380 2845 863 2846 865 2846 380 2846 379 2847 865 2847 378 2847 380 2848 865 2848 379 2848 865 2849 867 2849 378 2849 867 2850 869 2850 378 2850 378 2851 869 2851 377 2851 869 2852 871 2852 377 2852 377 2853 871 2853 376 2853 871 2854 873 2854 376 2854 375 2855 873 2855 372 2855 376 2856 873 2856 375 2856 873 2857 875 2857 372 2857 372 2858 877 2858 371 2858 875 2859 877 2859 372 2859 371 2860 879 2860 370 2860 877 2861 879 2861 371 2861 369 2862 881 2862 365 2862 370 2863 881 2863 369 2863 879 2864 881 2864 370 2864 881 2865 883 2865 365 2865 365 2866 885 2866 363 2866 883 2867 885 2867 365 2867 363 2868 887 2868 360 2868 885 2869 887 2869 363 2869 360 2870 889 2870 357 2870 887 2871 889 2871 360 2871 357 2872 894 2872 353 2872 889 2873 894 2873 357 2873 354 2874 895 2874 358 2874 353 2875 895 2875 354 2875 894 2876 895 2876 353 2876 895 2877 896 2877 358 2877 358 2878 897 2878 361 2878 896 2879 897 2879 358 2879 361 2880 898 2880 364 2880 897 2881 898 2881 361 2881 366 2882 899 2882 352 2882 364 2883 899 2883 366 2883 898 2884 899 2884 364 2884 899 2885 907 2885 352 2885 352 2886 908 2886 350 2886 907 2887 908 2887 352 2887 350 2888 909 2888 344 2888 908 2889 909 2889 350 2889 909 2890 910 2890 344 2890 344 2891 910 2891 337 2891 910 2892 911 2892 337 2892 337 2893 911 2893 329 2893 911 2894 918 2894 329 2894 324 2895 918 2895 318 2895 329 2896 918 2896 324 2896 918 2897 920 2897 318 2897 318 2898 922 2898 312 2898 920 2899 922 2899 318 2899 307 2900 924 2900 300 2900 312 2901 924 2901 307 2901 922 2902 924 2902 312 2902 924 2903 926 2903 300 2903 300 2904 928 2904 298 2904 926 2905 928 2905 300 2905 298 2906 930 2906 296 2906 928 2907 930 2907 298 2907 296 2908 932 2908 292 2908 930 2909 932 2909 296 2909 289 2910 934 2910 286 2910 292 2911 934 2911 289 2911 932 2912 934 2912 292 2912 934 2913 936 2913 286 2913 286 2914 935 2914 283 2914 936 2915 935 2915 286 2915 283 2916 933 2916 280 2916 935 2917 933 2917 283 2917 280 2918 931 2918 277 2918 933 2919 931 2919 280 2919 274 2920 929 2920 271 2920 277 2921 929 2921 274 2921 931 2922 929 2922 277 2922 929 2923 927 2923 271 2923 927 2924 925 2924 271 2924 268 2925 925 2925 265 2925 271 2926 925 2926 268 2926 925 2927 923 2927 265 2927 923 2928 921 2928 265 2928 265 2929 921 2929 262 2929 921 2930 919 2930 262 2930 259 2931 919 2931 256 2931 262 2932 919 2932 259 2932 919 2933 915 2933 256 2933 915 2934 914 2934 256 2934 253 2935 914 2935 251 2935 256 2936 914 2936 253 2936 914 2937 913 2937 251 2937 251 2938 912 2938 248 2938 913 2939 912 2939 251 2939 912 2940 905 2940 248 2940 242 2941 905 2941 237 2941 248 2942 905 2942 242 2942 905 2943 904 2943 237 2943 904 2944 903 2944 237 2944 228 2945 903 2945 222 2945 237 2946 903 2946 228 2946 903 2947 902 2947 222 2947 902 2948 893 2948 222 2948 222 2949 893 2949 214 2949 893 2950 892 2950 214 2950 214 2951 892 2951 211 2951 892 2952 891 2952 211 2952 211 2953 891 2953 208 2953 891 2954 890 2954 208 2954 208 2955 890 2955 204 2955 890 2956 888 2956 204 2956 204 2957 888 2957 201 2957 888 2958 886 2958 201 2958 198 2959 886 2959 195 2959 201 2960 886 2960 198 2960 886 2961 884 2961 195 2961 884 2962 882 2962 195 2962 192 2963 882 2963 189 2963 195 2964 882 2964 192 2964 882 2965 880 2965 189 2965 880 2966 878 2966 189 2966 189 2967 878 2967 185 2967 878 2968 876 2968 185 2968 185 2969 876 2969 181 2969 876 2970 874 2970 181 2970 177 2971 874 2971 173 2971 181 2972 874 2972 177 2972 874 2973 872 2973 173 2973 872 2974 870 2974 173 2974 173 2975 870 2975 169 2975 870 2976 868 2976 169 2976 167 2977 868 2977 171 2977 169 2978 868 2978 167 2978 868 2979 866 2979 171 2979 171 2980 864 2980 175 2980 866 2981 864 2981 171 2981 175 2982 862 2982 179 2982 864 2983 862 2983 175 2983 183 2984 860 2984 187 2984 179 2985 860 2985 183 2985 862 2986 860 2986 179 2986 860 2987 858 2987 187 2987 190 2988 856 2988 193 2988 187 2989 856 2989 190 2989 858 2990 856 2990 187 2990 193 2991 854 2991 196 2991 856 2992 854 2992 193 2992 854 2993 852 2993 196 2993 852 2994 850 2994 196 2994 196 2995 850 2995 199 2995 850 2996 848 2996 199 2996 202 2997 848 2997 206 2997 199 2998 848 2998 202 2998 848 2999 846 2999 206 2999 846 3000 844 3000 206 3000 210 3001 844 3001 213 3001 206 3002 844 3002 210 3002 844 3003 842 3003 213 3003 842 3004 840 3004 213 3004 219 3005 840 3005 225 3005 213 3006 840 3006 219 3006 840 3007 838 3007 225 3007 225 3008 838 3008 233 3008 838 3009 836 3009 233 3009 836 3010 834 3010 233 3010 233 3011 834 3011 240 3011 834 3012 832 3012 240 3012 246 3013 832 3013 249 3013 240 3014 832 3014 246 3014 832 3015 830 3015 249 3015 249 3016 830 3016 252 3016 830 3017 828 3017 252 3017 828 3018 826 3018 252 3018 255 3019 826 3019 258 3019 252 3020 826 3020 255 3020 826 3021 824 3021 258 3021 261 3022 822 3022 264 3022 258 3023 822 3023 261 3023 824 3024 822 3024 258 3024 822 3025 820 3025 264 3025 267 3026 818 3026 270 3026 264 3027 818 3027 267 3027 820 3028 818 3028 264 3028 818 3029 816 3029 270 3029 273 3030 814 3030 276 3030 270 3031 814 3031 273 3031 816 3032 814 3032 270 3032 814 3033 812 3033 276 3033 276 3034 810 3034 279 3034 812 3035 810 3035 276 3035 282 3036 808 3036 285 3036 279 3037 808 3037 282 3037 810 3038 808 3038 279 3038 808 3039 806 3039 285 3039 287 3040 807 3040 290 3040 285 3041 807 3041 287 3041 806 3042 807 3042 285 3042 807 3043 809 3043 290 3043 809 3044 811 3044 290 3044 290 3045 811 3045 293 3045 811 3046 813 3046 293 3046 293 3047 813 3047 294 3047 813 3048 815 3048 294 3048 294 3049 815 3049 305 3049 815 3050 817 3050 305 3050 305 3051 817 3051 304 3051 817 3052 819 3052 304 3052 303 3053 819 3053 302 3053 304 3054 819 3054 303 3054 819 3055 821 3055 302 3055 302 3056 821 3056 301 3056 821 3057 823 3057 301 3057 823 3058 825 3058 301 3058 308 3059 825 3059 310 3059 301 3060 825 3060 308 3060 310 3061 827 3061 314 3061 825 3062 827 3062 310 3062 827 3063 829 3063 314 3063 316 3064 831 3064 320 3064 314 3065 831 3065 316 3065 829 3066 831 3066 314 3066 320 3067 833 3067 322 3067 831 3068 833 3068 320 3068 322 3069 835 3069 326 3069 833 3070 835 3070 322 3070 835 3071 837 3071 326 3071 48 3072 49 3072 46 3072 46 3073 49 3073 44 3073 49 3074 51 3074 44 3074 44 3075 51 3075 42 3075 51 3076 52 3076 42 3076 42 3077 52 3077 40 3077 52 3078 54 3078 40 3078 40 3079 54 3079 39 3079 1558 3080 2417 3080 1559 3080 1560 3081 2414 3081 2417 3081 2415 3082 1560 3082 2417 3082 2415 3083 2417 3083 1558 3083 1561 3084 2415 3084 1558 3084 2392 3085 1561 3085 1558 3085 2392 3086 1558 3086 12 3086 1562 3087 2392 3087 12 3087 1563 3088 1562 3088 12 3088 1565 3089 2398 3089 1564 3089 1604 3090 1566 3090 2398 3090 1604 3091 1565 3091 2343 3091 1604 3092 2398 3092 1565 3092 1567 3093 1604 3093 2343 3093 1567 3094 2343 3094 2337 3094 13 3095 1567 3095 2337 3095 13 3096 2337 3096 1568 3096 13 3097 1568 3097 2338 3097 12 3098 13 3098 2338 3098 12 3099 2338 3099 1563 3099 2398 3100 1570 3100 1569 3100 2398 3101 1569 3101 1576 3101 2398 3102 1572 3102 1570 3102 1576 3103 1569 3103 1571 3103 2398 3104 1573 3104 1572 3104 2398 3105 1605 3105 1574 3105 2398 3106 1574 3106 1575 3106 2398 3107 1575 3107 1573 3107 1576 3108 1571 3108 1622 3108 1581 3109 1576 3109 1577 3109 1581 3110 1577 3110 1578 3110 2398 3111 1566 3111 1605 3111 1581 3112 1578 3112 1579 3112 1581 3113 1579 3113 1580 3113 1583 3114 1581 3114 1582 3114 1583 3115 1582 3115 1584 3115 1588 3116 1583 3116 1584 3116 1586 3117 1588 3117 1585 3117 1587 3118 1588 3118 1586 3118 2416 3119 1588 3119 1587 3119 1590 3120 2416 3120 1589 3120 1591 3121 2416 3121 1590 3121 2416 3122 1591 3122 1592 3122 1593 3123 2416 3123 1592 3123 1594 3124 2416 3124 1593 3124 1595 3125 2417 3125 2416 3125 1595 3126 2416 3126 1594 3126 1596 3127 2417 3127 1595 3127 1559 3128 2417 3128 1596 3128 1597 3129 2 3129 1 3129 1597 3130 1 3130 937 3130 1597 3131 937 3131 938 3131 1598 3132 1597 3132 938 3132 1599 3133 3 3133 2 3133 1599 3134 2 3134 1597 3134 1975 3135 1597 3135 1598 3135 1600 3136 1602 3136 3 3136 1600 3137 3 3137 1599 3137 1601 3138 1602 3138 1600 3138 1603 3139 1567 3139 13 3139 1603 3140 13 3140 1602 3140 1603 3141 1602 3141 1601 3141 1605 3142 1604 3142 2214 3142 5 3143 1608 3143 8 3143 5 3144 4 3144 1608 3144 8 3145 1609 3145 1606 3145 1608 3146 1609 3146 8 3146 1606 3147 1609 3147 1607 3147 4 3148 1610 3148 1608 3148 1608 3149 1611 3149 1609 3149 4 3150 12 3150 1610 3150 12 3151 1612 3151 1610 3151 12 3152 1558 3152 1612 3152 1558 3153 1613 3153 1612 3153 1558 3154 1559 3154 1613 3154 1613 3155 1596 3155 1614 3155 1559 3156 1596 3156 1613 3156 2282 3157 38 3157 30 3157 1615 3158 2280 3158 1616 3158 1615 3159 2282 3159 2280 3159 1615 3160 38 3160 2282 3160 2029 3161 1615 3161 1616 3161 1598 3162 1617 3162 1618 3162 1598 3163 938 3163 1617 3163 938 3164 38 3164 1617 3164 1617 3165 38 3165 1615 3165 2091 3166 2076 3166 1582 3166 2091 3167 1582 3167 1581 3167 1619 3168 2091 3168 1581 3168 1619 3169 1581 3169 1580 3169 1620 3170 1619 3170 1580 3170 1620 3171 1580 3171 1579 3171 1621 3172 1620 3172 1579 3172 1621 3173 1579 3173 1578 3173 2205 3174 1576 3174 1622 3174 2086 3175 1621 3175 1578 3175 2086 3176 1578 3176 1577 3176 1628 3177 1623 3177 1622 3177 1624 3178 1576 3178 2205 3178 1624 3179 2086 3179 1577 3179 1624 3180 1577 3180 1576 3180 1571 3181 1628 3181 1622 3181 1626 3182 2205 3182 1627 3182 1625 3183 1624 3183 2205 3183 1626 3184 1627 3184 1629 3184 1630 3185 1626 3185 1629 3185 1636 3186 1628 3186 1571 3186 1630 3187 1629 3187 1631 3187 1632 3188 1625 3188 1633 3188 1632 3189 1624 3189 1625 3189 1634 3190 1630 3190 1631 3190 1634 3191 1631 3191 1635 3191 1569 3192 1636 3192 1571 3192 2053 3193 1636 3193 1569 3193 1638 3194 1634 3194 1635 3194 1638 3195 1635 3195 1637 3195 1639 3196 1633 3196 1640 3196 1639 3197 1640 3197 1641 3197 1639 3198 1641 3198 1642 3198 1639 3199 1632 3199 1633 3199 1643 3200 1637 3200 1644 3200 1643 3201 1638 3201 1637 3201 1643 3202 1644 3202 1645 3202 1646 3203 1643 3203 1645 3203 1646 3204 1645 3204 1648 3204 1647 3205 1646 3205 1648 3205 1653 3206 1647 3206 1648 3206 1653 3207 1648 3207 1654 3207 1649 3208 1642 3208 1650 3208 1649 3209 1650 3209 1651 3209 1649 3210 1651 3210 1652 3210 1649 3211 1639 3211 1642 3211 1655 3212 1653 3212 1654 3212 1655 3213 1654 3213 1656 3213 1657 3214 1655 3214 1656 3214 1657 3215 1656 3215 1658 3215 1659 3216 1649 3216 1652 3216 1659 3217 1652 3217 1660 3217 1659 3218 1660 3218 1661 3218 1659 3219 1661 3219 1662 3219 1663 3220 1657 3220 1658 3220 1663 3221 1658 3221 1664 3221 1665 3222 1663 3222 1664 3222 1666 3223 1667 3223 1668 3223 1669 3224 1665 3224 1664 3224 1669 3225 1664 3225 1667 3225 1670 3226 1659 3226 1662 3226 1670 3227 1662 3227 1671 3227 1670 3228 1671 3228 1672 3228 1670 3229 1672 3229 1673 3229 1674 3230 1667 3230 1666 3230 1674 3231 1669 3231 1667 3231 1675 3232 1670 3232 1673 3232 1675 3233 1673 3233 1676 3233 1675 3234 1676 3234 1677 3234 1678 3235 1677 3235 1679 3235 1678 3236 1675 3236 1677 3236 1680 3237 2124 3237 2130 3237 1680 3238 2264 3238 2028 3238 1680 3239 2028 3239 2124 3239 1681 3240 1682 3240 2303 3240 756 3241 2303 3241 1680 3241 756 3242 1681 3242 2303 3242 21 3243 756 3243 1680 3243 21 3244 1680 3244 2130 3244 1683 3245 1684 3245 1685 3245 1687 3246 1685 3246 1686 3246 1687 3247 1683 3247 1685 3247 1693 3248 1686 3248 1688 3248 1693 3249 1687 3249 1686 3249 1689 3250 1690 3250 1691 3250 1689 3251 1691 3251 1692 3251 1695 3252 1688 3252 1694 3252 1695 3253 1693 3253 1688 3253 1699 3254 1695 3254 1694 3254 1696 3255 1692 3255 1697 3255 1696 3256 1697 3256 1698 3256 1696 3257 1689 3257 1692 3257 1699 3258 1694 3258 1700 3258 1701 3259 1699 3259 1700 3259 1702 3260 1701 3260 1700 3260 1702 3261 1700 3261 1703 3261 1708 3262 1702 3262 1703 3262 1704 3263 1698 3263 1705 3263 1704 3264 1705 3264 1706 3264 1704 3265 1706 3265 1707 3265 1704 3266 1696 3266 1698 3266 1709 3267 1703 3267 1710 3267 1709 3268 1708 3268 1703 3268 1711 3269 1709 3269 1710 3269 1711 3270 1710 3270 1712 3270 1713 3271 1707 3271 1714 3271 1713 3272 1714 3272 1715 3272 1713 3273 1715 3273 1716 3273 1713 3274 1704 3274 1707 3274 1718 3275 1711 3275 1712 3275 1718 3276 1712 3276 1717 3276 1719 3277 1717 3277 1720 3277 1719 3278 1718 3278 1717 3278 1721 3279 1713 3279 1716 3279 1721 3280 1716 3280 1722 3280 1723 3281 1719 3281 1720 3281 1725 3282 1720 3282 1724 3282 1725 3283 1723 3283 1720 3283 1725 3284 1724 3284 1726 3284 1725 3285 1726 3285 1727 3285 1728 3286 1722 3286 1729 3286 1728 3287 1721 3287 1722 3287 1728 3288 1729 3288 1730 3288 1731 3289 1730 3289 1732 3289 1731 3290 1732 3290 1733 3290 1731 3291 1728 3291 1730 3291 1590 3292 2230 3292 1591 3292 1740 3293 2230 3293 1590 3293 1734 3294 1733 3294 1725 3294 1734 3295 1731 3295 1733 3295 1589 3296 1740 3296 1590 3296 1735 3297 1725 3297 1727 3297 1735 3298 1727 3298 1736 3298 1735 3299 1736 3299 1737 3299 1735 3300 1737 3300 1738 3300 1735 3301 1738 3301 1739 3301 1735 3302 1734 3302 1725 3302 1745 3303 1740 3303 1589 3303 1741 3304 1739 3304 1742 3304 1741 3305 1742 3305 1743 3305 1741 3306 1743 3306 1744 3306 1741 3307 1735 3307 1739 3307 2416 3308 1745 3308 1589 3308 1746 3309 1744 3309 1747 3309 1746 3310 1747 3310 1748 3310 1746 3311 1748 3311 1749 3311 1746 3312 1749 3312 1750 3312 1746 3313 1750 3313 1751 3313 1746 3314 1741 3314 1744 3314 1587 3315 1752 3315 2416 3315 1753 3316 1751 3316 1754 3316 1753 3317 1754 3317 1755 3317 1753 3318 1755 3318 1756 3318 1753 3319 1746 3319 1751 3319 1757 3320 1753 3320 1756 3320 1757 3321 1756 3321 1758 3321 1757 3322 1758 3322 1759 3322 1757 3323 1759 3323 1760 3323 1761 3324 1752 3324 1587 3324 1761 3325 1760 3325 1762 3325 1761 3326 1762 3326 1752 3326 1761 3327 1757 3327 1760 3327 2103 3328 1587 3328 1586 3328 2103 3329 1761 3329 1587 3329 1763 3330 1586 3330 1585 3330 1763 3331 2103 3331 1586 3331 1764 3332 1585 3332 1588 3332 1764 3333 1763 3333 1585 3333 1765 3334 1588 3334 1584 3334 1765 3335 1764 3335 1588 3335 1766 3336 1765 3336 1584 3336 1584 3337 2096 3337 1766 3337 1582 3338 2076 3338 2096 3338 1582 3339 2096 3339 1584 3339 1566 3340 1604 3340 1605 3340 1607 3341 1767 3341 1606 3341 1768 3342 1769 3342 1767 3342 1768 3343 1767 3343 1607 3343 1994 3344 1770 3344 1769 3344 1994 3345 1769 3345 1768 3345 2003 3346 1771 3346 1770 3346 2003 3347 1770 3347 1994 3347 2004 3348 1772 3348 1771 3348 2004 3349 1773 3349 1772 3349 2004 3350 1771 3350 2003 3350 1996 3351 764 3351 1773 3351 1996 3352 1773 3352 2004 3352 1681 3353 756 3353 765 3353 1681 3354 765 3354 764 3354 1681 3355 764 3355 1996 3355 1776 3356 2105 3356 1777 3356 1778 3357 1775 3357 1774 3357 1778 3358 1774 3358 1779 3358 1781 3359 1778 3359 1779 3359 1780 3360 1778 3360 1781 3360 1781 3361 1779 3361 1782 3361 1783 3362 1780 3362 1781 3362 1784 3363 1781 3363 1782 3363 2084 3364 1780 3364 1783 3364 1784 3365 1783 3365 1781 3365 1786 3366 1783 3366 1784 3366 1784 3367 1782 3367 1785 3367 1786 3368 2084 3368 1783 3368 1788 3369 2084 3369 1786 3369 1790 3370 1786 3370 1784 3370 1790 3371 1784 3371 1785 3371 1790 3372 1785 3372 1787 3372 1792 3373 1786 3373 1790 3373 1791 3374 1790 3374 1787 3374 1792 3375 1788 3375 1786 3375 1792 3376 1789 3376 1788 3376 1793 3377 1790 3377 1791 3377 1793 3378 1792 3378 1790 3378 1796 3379 1792 3379 1793 3379 1794 3380 1791 3380 1787 3380 1794 3381 1787 3381 1795 3381 1796 3382 1789 3382 1792 3382 1798 3383 1791 3383 1794 3383 1798 3384 1793 3384 1791 3384 1799 3385 1793 3385 1798 3385 1799 3386 1796 3386 1793 3386 1797 3387 1796 3387 1799 3387 1800 3388 1795 3388 1801 3388 1800 3389 1794 3389 1795 3389 1800 3390 1798 3390 1794 3390 1803 3391 1798 3391 1800 3391 1803 3392 1799 3392 1798 3392 1806 3393 1797 3393 1799 3393 1806 3394 1799 3394 1803 3394 1804 3395 1801 3395 1805 3395 1804 3396 1800 3396 1801 3396 1806 3397 1802 3397 1797 3397 1807 3398 1803 3398 1800 3398 1807 3399 1800 3399 1804 3399 1807 3400 1806 3400 1803 3400 1808 3401 1806 3401 1807 3401 1809 3402 1805 3402 1810 3402 1809 3403 1810 3403 1811 3403 1809 3404 1804 3404 1805 3404 1812 3405 1802 3405 1806 3405 1812 3406 1806 3406 1808 3406 1813 3407 1807 3407 1804 3407 1813 3408 1804 3408 1809 3408 1813 3409 1808 3409 1807 3409 1814 3410 1808 3410 1813 3410 1815 3411 1809 3411 1811 3411 1816 3412 1812 3412 1808 3412 1816 3413 1808 3413 1814 3413 1815 3414 1813 3414 1809 3414 1817 3415 1813 3415 1815 3415 1818 3416 1814 3416 1813 3416 1818 3417 1813 3417 1817 3417 1818 3418 1816 3418 1814 3418 1819 3419 1811 3419 1820 3419 1819 3420 1815 3420 1811 3420 1821 3421 1816 3421 1818 3421 1819 3422 1817 3422 1815 3422 1822 3423 1817 3423 1819 3423 1823 3424 1820 3424 1824 3424 1823 3425 1819 3425 1820 3425 1822 3426 1818 3426 1817 3426 1825 3427 1819 3427 1823 3427 1829 3428 1823 3428 1824 3428 1826 3429 1821 3429 1818 3429 1826 3430 1822 3430 1828 3430 1826 3431 1818 3431 1822 3431 1825 3432 1822 3432 1819 3432 1829 3433 1825 3433 1823 3433 1828 3434 1822 3434 1825 3434 1827 3435 1825 3435 1829 3435 1829 3436 1824 3436 1830 3436 1834 3437 1825 3437 1827 3437 1834 3438 1828 3438 1825 3438 1832 3439 1829 3439 1830 3439 1832 3440 1827 3440 1829 3440 1831 3441 1834 3441 1827 3441 1835 3442 1827 3442 1832 3442 1832 3443 1830 3443 1833 3443 1834 3444 1831 3444 2113 3444 1831 3445 1827 3445 1835 3445 1836 3446 1833 3446 1777 3446 1836 3447 1832 3447 1833 3447 1837 3448 1831 3448 1835 3448 1836 3449 1835 3449 1832 3449 1838 3450 1837 3450 1835 3450 1838 3451 1835 3451 1836 3451 1836 3452 1777 3452 2105 3452 1839 3453 1774 3453 1775 3453 1840 3454 1841 3454 1842 3454 1840 3455 1842 3455 1776 3455 1840 3456 1777 3456 1833 3456 1840 3457 1776 3457 1777 3457 1843 3458 1830 3458 1824 3458 1843 3459 1833 3459 1830 3459 1843 3460 1840 3460 1833 3460 1844 3461 1845 3461 1841 3461 1844 3462 1846 3462 1847 3462 1844 3463 1847 3463 1848 3463 1844 3464 1848 3464 1845 3464 1844 3465 1841 3465 1840 3465 1844 3466 1840 3466 1843 3466 1849 3467 1820 3467 1811 3467 1849 3468 1824 3468 1820 3468 1849 3469 1843 3469 1824 3469 1850 3470 1844 3470 1843 3470 1850 3471 1851 3471 1852 3471 1850 3472 1852 3472 1853 3472 1850 3473 1853 3473 1846 3473 1850 3474 1846 3474 1844 3474 1854 3475 1810 3475 1805 3475 1854 3476 1811 3476 1810 3476 1854 3477 1849 3477 1811 3477 1855 3478 1856 3478 1857 3478 1855 3479 1857 3479 1851 3479 1855 3480 1843 3480 1849 3480 1855 3481 1849 3481 1854 3481 1855 3482 1850 3482 1843 3482 1855 3483 1851 3483 1850 3483 1858 3484 1805 3484 1801 3484 1858 3485 1854 3485 1805 3485 1859 3486 1860 3486 1861 3486 1859 3487 1861 3487 1856 3487 1859 3488 1855 3488 1854 3488 1859 3489 1856 3489 1855 3489 1862 3490 1795 3490 1787 3490 1862 3491 1801 3491 1795 3491 1862 3492 1858 3492 1801 3492 1863 3493 1854 3493 1858 3493 1863 3494 1864 3494 1865 3494 1863 3495 1865 3495 1860 3495 1863 3496 1859 3496 1854 3496 1863 3497 1860 3497 1859 3497 1866 3498 1785 3498 1782 3498 1866 3499 1787 3499 1785 3499 1866 3500 1862 3500 1787 3500 1867 3501 1858 3501 1862 3501 1867 3502 1868 3502 1869 3502 1867 3503 1869 3503 1870 3503 1867 3504 1870 3504 1864 3504 1867 3505 1863 3505 1858 3505 1867 3506 1864 3506 1863 3506 1871 3507 1779 3507 1774 3507 1871 3508 1782 3508 1779 3508 1871 3509 1839 3509 1872 3509 1871 3510 1866 3510 1782 3510 1871 3511 1774 3511 1839 3511 1873 3512 1867 3512 1862 3512 1873 3513 1874 3513 1875 3513 1873 3514 1875 3514 1868 3514 1873 3515 1862 3515 1866 3515 1873 3516 1868 3516 1867 3516 1876 3517 1873 3517 1866 3517 1876 3518 1871 3518 1872 3518 1876 3519 1872 3519 1877 3519 1876 3520 1877 3520 1878 3520 1876 3521 1878 3521 1874 3521 1876 3522 1866 3522 1871 3522 1876 3523 1874 3523 1873 3523 1883 3524 1885 3524 2311 3524 1885 3525 1887 3525 2312 3525 2312 3526 1887 3526 1890 3526 1882 3527 1888 3527 2314 3527 2246 3528 1883 3528 1880 3528 1883 3529 1886 3529 1885 3529 1888 3530 1892 3530 1891 3530 1885 3531 1886 3531 1887 3531 2250 3532 1890 3532 1887 3532 1889 3533 2248 3533 1882 3533 1892 3534 1884 3534 1891 3534 1882 3535 2248 3535 1888 3535 2248 3536 1892 3536 1888 3536 1884 3537 2260 3537 1881 3537 1892 3538 2260 3538 1884 3538 1895 3539 1898 3539 1896 3539 1895 3540 2202 3540 1898 3540 2233 3541 1903 3541 2319 3541 2234 3542 1903 3542 2233 3542 2222 3543 1904 3543 1903 3543 2317 3544 1905 3544 1901 3544 2222 3545 1902 3545 1904 3545 1906 3546 2220 3546 1905 3546 1911 3547 1910 3547 2328 3547 1909 3548 1915 3548 1908 3548 1920 3549 1918 3549 2331 3549 1914 3550 1923 3550 2332 3550 2332 3551 1923 3551 1912 3551 1912 3552 1913 3552 2332 3552 1917 3553 1910 3553 1911 3553 1919 3554 1909 3554 1917 3554 1917 3555 1909 3555 1910 3555 1909 3556 1919 3556 1915 3556 2182 3557 1915 3557 1919 3557 2177 3558 1916 3558 1915 3558 1915 3559 1916 3559 1908 3559 1921 3560 1914 3560 1918 3560 1916 3561 1921 3561 1920 3561 1920 3562 1921 3562 1918 3562 1921 3563 1922 3563 1914 3563 1913 3564 1912 3564 2179 3564 1922 3565 1923 3565 1914 3565 1924 3566 1923 3566 1922 3566 2179 3567 1912 3567 1924 3567 1923 3568 1924 3568 1912 3568 2346 3569 2378 3569 1563 3569 2338 3570 2346 3570 1563 3570 1565 3571 1926 3571 2343 3571 1929 3572 1928 3572 1927 3572 2366 3573 2404 3573 1935 3573 1934 3574 2404 3574 2366 3574 1936 3575 1937 3575 2381 3575 1937 3576 1938 3576 1939 3576 1618 3577 1942 3577 1598 3577 1943 3578 1944 3578 1942 3578 1943 3579 1942 3579 1618 3579 1945 3580 1946 3580 1944 3580 1945 3581 1944 3581 1943 3581 1947 3582 1948 3582 1946 3582 1947 3583 1946 3583 1945 3583 1949 3584 1948 3584 1947 3584 1949 3585 1950 3585 1948 3585 1951 3586 1950 3586 1949 3586 1951 3587 1952 3587 1950 3587 1953 3588 1954 3588 1952 3588 1953 3589 1952 3589 1951 3589 1955 3590 1954 3590 1953 3590 1955 3591 1956 3591 1954 3591 1957 3592 1956 3592 1955 3592 1957 3593 1958 3593 1956 3593 1959 3594 1960 3594 1958 3594 1959 3595 1958 3595 1957 3595 1961 3596 1960 3596 1959 3596 1961 3597 1962 3597 1960 3597 1963 3598 1962 3598 1961 3598 1963 3599 1964 3599 1962 3599 1965 3600 1966 3600 1964 3600 1965 3601 1964 3601 1963 3601 1967 3602 1966 3602 1965 3602 1967 3603 1968 3603 1966 3603 1969 3604 1968 3604 1967 3604 1969 3605 1970 3605 1968 3605 1971 3606 1972 3606 1970 3606 1971 3607 1970 3607 1969 3607 1674 3608 1972 3608 1971 3608 1674 3609 1666 3609 1972 3609 1668 3610 1972 3610 1666 3610 1668 3611 1970 3611 1972 3611 1973 3612 1968 3612 1970 3612 1973 3613 1970 3613 1668 3613 1973 3614 1966 3614 1968 3614 1973 3615 1962 3615 1964 3615 1973 3616 1964 3616 1966 3616 1973 3617 1960 3617 1962 3617 1973 3618 1958 3618 1960 3618 1973 3619 1956 3619 1958 3619 1973 3620 1954 3620 1956 3620 1974 3621 1952 3621 1954 3621 1974 3622 1954 3622 1973 3622 1974 3623 1950 3623 1952 3623 1974 3624 1948 3624 1950 3624 1975 3625 1948 3625 1974 3625 1975 3626 1946 3626 1948 3626 1975 3627 1944 3627 1946 3627 1975 3628 1942 3628 1944 3628 1975 3629 1598 3629 1942 3629 1683 3630 1976 3630 1684 3630 1981 3631 1979 3631 1980 3631 1682 3632 1681 3632 1982 3632 1986 3633 1998 3633 2003 3633 1989 3634 1977 3634 1978 3634 1983 3635 1990 3635 1700 3635 1992 3636 1978 3636 1980 3636 1992 3637 1980 3637 1979 3637 1992 3638 1989 3638 1978 3638 2008 3639 1768 3639 1607 3639 1993 3640 1768 3640 2008 3640 1985 3641 1694 3641 1688 3641 1994 3642 1986 3642 2003 3642 2005 3643 1685 3643 1684 3643 2005 3644 2001 3644 1685 3644 2005 3645 1995 3645 2001 3645 1997 3646 1681 3646 1996 3646 1997 3647 1996 3647 1988 3647 1991 3648 1993 3648 2008 3648 1993 3649 1994 3649 1768 3649 2000 3650 1688 3650 1686 3650 2000 3651 1998 3651 1985 3651 2000 3652 1985 3652 1688 3652 2000 3653 1686 3653 1685 3653 2004 3654 2003 3654 1999 3654 2001 3655 1995 3655 2000 3655 2001 3656 2000 3656 1685 3656 1979 3657 1988 3657 1987 3657 1983 3658 1700 3658 1694 3658 1998 3659 1984 3659 1985 3659 1986 3660 1993 3660 1984 3660 1998 3661 2000 3661 1999 3661 1995 3662 1999 3662 2000 3662 1987 3663 1999 3663 1995 3663 1987 3664 1995 3664 2002 3664 2002 3665 1995 3665 2005 3665 2005 3666 1684 3666 1976 3666 2005 3667 1976 3667 2002 3667 1992 3668 1987 3668 2002 3668 1992 3669 1979 3669 1987 3669 2002 3670 1976 3670 1989 3670 1979 3671 1997 3671 1988 3671 1992 3672 2002 3672 1989 3672 1981 3673 1982 3673 1681 3673 1981 3674 1681 3674 1997 3674 1981 3675 1997 3675 1979 3675 1990 3676 1703 3676 1700 3676 2006 3677 1990 3677 1983 3677 1991 3678 2006 3678 1983 3678 1983 3679 1984 3679 1991 3679 1993 3680 1991 3680 1984 3680 1983 3681 1985 3681 1984 3681 1983 3682 1694 3682 1985 3682 1986 3683 1994 3683 1993 3683 1986 3684 1984 3684 1998 3684 1999 3685 2003 3685 1998 3685 1987 3686 2004 3686 1999 3686 1988 3687 2004 3687 1987 3687 1988 3688 1996 3688 2004 3688 1989 3689 1976 3689 1977 3689 2006 3690 1991 3690 2008 3690 2008 3691 1607 3691 1609 3691 1990 3692 1710 3692 1703 3692 2007 3693 1609 3693 1611 3693 2007 3694 1611 3694 2216 3694 1990 3695 1712 3695 1710 3695 2008 3696 1609 3696 2007 3696 2006 3697 2008 3697 2007 3697 1990 3698 1717 3698 1712 3698 1689 3699 2009 3699 1690 3699 2010 3700 2011 3700 2009 3700 2010 3701 2009 3701 1689 3701 2012 3702 2013 3702 2011 3702 2012 3703 2011 3703 2010 3703 2014 3704 2015 3704 2013 3704 2014 3705 2013 3705 2012 3705 2016 3706 2017 3706 2015 3706 2016 3707 2015 3707 2014 3707 2020 3708 2021 3708 2019 3708 2020 3709 2019 3709 2018 3709 2022 3710 2023 3710 2021 3710 2022 3711 2021 3711 2020 3711 2037 3712 2036 3712 2035 3712 2038 3713 2036 3713 2037 3713 2040 3714 2041 3714 2039 3714 2042 3715 2043 3715 2041 3715 2042 3716 2041 3716 2040 3716 2044 3717 2043 3717 2042 3717 2045 3718 2046 3718 2044 3718 2047 3719 2048 3719 2046 3719 2047 3720 2046 3720 2045 3720 2049 3721 2048 3721 2047 3721 2050 3722 2051 3722 2049 3722 1678 3723 1679 3723 2051 3723 1678 3724 2051 3724 2050 3724 2212 3725 1605 3725 2214 3725 2052 3726 1605 3726 2212 3726 1570 3727 2053 3727 1569 3727 1570 3728 2213 3728 2053 3728 1572 3729 2213 3729 1570 3729 1573 3730 2213 3730 1572 3730 1573 3731 2052 3731 2213 3731 1575 3732 2052 3732 1573 3732 1574 3733 2052 3733 1575 3733 1574 3734 1605 3734 2052 3734 2054 3735 1592 3735 1591 3735 2054 3736 1591 3736 2230 3736 2056 3737 1593 3737 1592 3737 2056 3738 1592 3738 2054 3738 2055 3739 1594 3739 1593 3739 2055 3740 2056 3740 2231 3740 1596 3741 2231 3741 2235 3741 2056 3742 2055 3742 1593 3742 2055 3743 1595 3743 1594 3743 2055 3744 2231 3744 1596 3744 2055 3745 1596 3745 1595 3745 2063 3746 1616 3746 2280 3746 2057 3747 1872 3747 1839 3747 2058 3748 1872 3748 2057 3748 2059 3749 2057 3749 2066 3749 2059 3750 2058 3750 2057 3750 2062 3751 2061 3751 2064 3751 2060 3752 2062 3752 2064 3752 2069 3753 2059 3753 2060 3753 2069 3754 2058 3754 2059 3754 2063 3755 2064 3755 2061 3755 2280 3756 2064 3756 2063 3756 2065 3757 2060 3757 2064 3757 2063 3758 2071 3758 1616 3758 2072 3759 2068 3759 2067 3759 2070 3760 2071 3760 2072 3760 2071 3761 2063 3761 2061 3761 2071 3762 2061 3762 2068 3762 2068 3763 2062 3763 2067 3763 2059 3764 2067 3764 2060 3764 2070 3765 1616 3765 2071 3765 2067 3766 2066 3766 2072 3766 2072 3767 2071 3767 2068 3767 2060 3768 2067 3768 2062 3768 2065 3769 2069 3769 2060 3769 2067 3770 2059 3770 2066 3770 2068 3771 2061 3771 2062 3771 2057 3772 1839 3772 1775 3772 2050 3773 2074 3773 1678 3773 2073 3774 2057 3774 1775 3774 2073 3775 1775 3775 2078 3775 2073 3776 2066 3776 2057 3776 2073 3777 2072 3777 2066 3777 2070 3778 2072 3778 2073 3778 2075 3779 2073 3779 2080 3779 2074 3780 2080 3780 2079 3780 2074 3781 2075 3781 2080 3781 2074 3782 2049 3782 2047 3782 2074 3783 2050 3783 2049 3783 2075 3784 2047 3784 2045 3784 2075 3785 2074 3785 2047 3785 2075 3786 2070 3786 2073 3786 2075 3787 2044 3787 2042 3787 2075 3788 2045 3788 2044 3788 2075 3789 2042 3789 2040 3789 2075 3790 2039 3790 2038 3790 2075 3791 2040 3791 2039 3791 2075 3792 2038 3792 2037 3792 2075 3793 2035 3793 2034 3793 2075 3794 2037 3794 2035 3794 2075 3795 2034 3795 2033 3795 2070 3796 2032 3796 2031 3796 2070 3797 2033 3797 2032 3797 2070 3798 2075 3798 2033 3798 2070 3799 2031 3799 2030 3799 2070 3800 2029 3800 1616 3800 2070 3801 2030 3801 2029 3801 2080 3802 2073 3802 2078 3802 1675 3803 1678 3803 2074 3803 2074 3804 1670 3804 1675 3804 2077 3805 1789 3805 1796 3805 2079 3806 1670 3806 2074 3806 2078 3807 1775 3807 1778 3807 2079 3808 1659 3808 1670 3808 2078 3809 1778 3809 1780 3809 2078 3810 1780 3810 2084 3810 2079 3811 1649 3811 1659 3811 2081 3812 1649 3812 2079 3812 2083 3813 2080 3813 2078 3813 2084 3814 2083 3814 2078 3814 2081 3815 2079 3815 2080 3815 2081 3816 2080 3816 2083 3816 2081 3817 1639 3817 1649 3817 2083 3818 2082 3818 2081 3818 2082 3819 1639 3819 2081 3819 2082 3820 1632 3820 1639 3820 2084 3821 2088 3821 2083 3821 2085 3822 2082 3822 2083 3822 2088 3823 2084 3823 1788 3823 2085 3824 2083 3824 2088 3824 2082 3825 1624 3825 1632 3825 2086 3826 2082 3826 2085 3826 2086 3827 1624 3827 2082 3827 2088 3828 2089 3828 2085 3828 2086 3829 2085 3829 2087 3829 2088 3830 1788 3830 1789 3830 1789 3831 2089 3831 2088 3831 2087 3832 1621 3832 2086 3832 2089 3833 2087 3833 2085 3833 2087 3834 1620 3834 1621 3834 2077 3835 2089 3835 1789 3835 2089 3836 2090 3836 2087 3836 2087 3837 1619 3837 1620 3837 2077 3838 2090 3838 2089 3838 2087 3839 2091 3839 1619 3839 2091 3840 2087 3840 2090 3840 2100 3841 1821 3841 1826 3841 1797 3842 2077 3842 1796 3842 2092 3843 2077 3843 1797 3843 2092 3844 2090 3844 2077 3844 2093 3845 2090 3845 2092 3845 2093 3846 2091 3846 2090 3846 2093 3847 2076 3847 2091 3847 2094 3848 1797 3848 1802 3848 2094 3849 2092 3849 1797 3849 2095 3850 2092 3850 2094 3850 2095 3851 2093 3851 2092 3851 2096 3852 2093 3852 2095 3852 2096 3853 2076 3853 2093 3853 2097 3854 1802 3854 1812 3854 2097 3855 2094 3855 1802 3855 2097 3856 2095 3856 2094 3856 2098 3857 2097 3857 1812 3857 2098 3858 1812 3858 1816 3858 2098 3859 2095 3859 2097 3859 2099 3860 2095 3860 2098 3860 2099 3861 2096 3861 2095 3861 2101 3862 1816 3862 1821 3862 2101 3863 1821 3863 2100 3863 2101 3864 2098 3864 1816 3864 2099 3865 2098 3865 2101 3865 2099 3866 2101 3866 2116 3866 1766 3867 2099 3867 2116 3867 2096 3868 2099 3868 1766 3868 1828 3869 2100 3869 1826 3869 2102 3870 1765 3870 2116 3870 1765 3871 1763 3871 1764 3871 2103 3872 1763 3872 1765 3872 2114 3873 1757 3873 1761 3873 2114 3874 1753 3874 1757 3874 2111 3875 2104 3875 1838 3875 2110 3876 1741 3876 1746 3876 2115 3877 1741 3877 2110 3877 2111 3878 1836 3878 2105 3878 2115 3879 1735 3879 1741 3879 2115 3880 1734 3880 1735 3880 2112 3881 1734 3881 2115 3881 2112 3882 1731 3882 1734 3882 2106 3883 1713 3883 1721 3883 2102 3884 2116 3884 2100 3884 2113 3885 2102 3885 2100 3885 2113 3886 2100 3886 1834 3886 2113 3887 2108 3887 2102 3887 1765 3888 2102 3888 2103 3888 2103 3889 2102 3889 2108 3889 1837 3890 1838 3890 2104 3890 2109 3891 1837 3891 2104 3891 2110 3892 1753 3892 2114 3892 2110 3893 1746 3893 1753 3893 2115 3894 2104 3894 2111 3894 2111 3895 1838 3895 1836 3895 2106 3896 1731 3896 2112 3896 2106 3897 1728 3897 1731 3897 2106 3898 2112 3898 2107 3898 2106 3899 1721 3899 1728 3899 2100 3900 2116 3900 2101 3900 2100 3901 1828 3901 1834 3901 2113 3902 1831 3902 1837 3902 2114 3903 2103 3903 2108 3903 2109 3904 2108 3904 2113 3904 2113 3905 1837 3905 2109 3905 2103 3906 2114 3906 1761 3906 2109 3907 2114 3907 2108 3907 2114 3908 2109 3908 2110 3908 2110 3909 2109 3909 2104 3909 2110 3910 2104 3910 2115 3910 2115 3911 2111 3911 2112 3911 2119 3912 2111 3912 2105 3912 2119 3913 2112 3913 2111 3913 2119 3914 2107 3914 2112 3914 1765 3915 1766 3915 2116 3915 2119 3916 2105 3916 1776 3916 2119 3917 1776 3917 1842 3917 2106 3918 1704 3918 1713 3918 2117 3919 1841 3919 2122 3919 2117 3920 1842 3920 1841 3920 2118 3921 1689 3921 1696 3921 2107 3922 2118 3922 1696 3922 2117 3923 2119 3923 1842 3923 2117 3924 2107 3924 2119 3924 2107 3925 1704 3925 2106 3925 2107 3926 1696 3926 1704 3926 2117 3927 2118 3927 2107 3927 1689 3928 2118 3928 2010 3928 2120 3929 2028 3929 2264 3929 2120 3930 2027 3930 2026 3930 2120 3931 2264 3931 2027 3931 2122 3932 2131 3932 2121 3932 2121 3933 2120 3933 2026 3933 2121 3934 2026 3934 2025 3934 2121 3935 2025 3935 2024 3935 2117 3936 2122 3936 2121 3936 2117 3937 2121 3937 2118 3937 2121 3938 2023 3938 2022 3938 2121 3939 2024 3939 2023 3939 2121 3940 2022 3940 2020 3940 2118 3941 2020 3941 2018 3941 2118 3942 2121 3942 2020 3942 2118 3943 2018 3943 2017 3943 2118 3944 2017 3944 2016 3944 2118 3945 2016 3945 2014 3945 2118 3946 2014 3946 2012 3946 2118 3947 2012 3947 2010 3947 2123 3948 1841 3948 1845 3948 2125 3949 1841 3949 2123 3949 2133 3950 2127 3950 2123 3950 2133 3951 2123 3951 1845 3951 2126 3952 2131 3952 2127 3952 2126 3953 2128 3953 2131 3953 2135 3954 2126 3954 2127 3954 2132 3955 2134 3955 2129 3955 2130 3956 2129 3956 2134 3956 2124 3957 2129 3957 2130 3957 2125 3958 2122 3958 1841 3958 2120 3959 2124 3959 2028 3959 2120 3960 2129 3960 2124 3960 2132 3961 2128 3961 2126 3961 2132 3962 2129 3962 2128 3962 2135 3963 2127 3963 2133 3963 2122 3964 2125 3964 2131 3964 2128 3965 2121 3965 2131 3965 2128 3966 2120 3966 2121 3966 2129 3967 2120 3967 2128 3967 2126 3968 2135 3968 2132 3968 2135 3969 2133 3969 2134 3969 2132 3970 2135 3970 2134 3970 2127 3971 2125 3971 2123 3971 2125 3972 2127 3972 2131 3972 36 3973 28 3973 2136 3973 2137 3974 36 3974 2136 3974 2140 3975 2138 3975 2139 3975 2141 3976 2139 3976 2301 3976 2141 3977 2140 3977 2139 3977 2142 3978 2140 3978 2141 3978 2140 3979 2145 3979 2143 3979 2143 3980 2144 3980 2140 3980 2145 3981 2140 3981 2142 3981 22 3982 2146 3982 2147 3982 26 3983 22 3983 2147 3983 26 3984 2147 3984 2148 3984 26 3985 2148 3985 28 3985 37 3986 36 3986 2137 3986 37 3987 2137 3987 2285 3987 32 3988 2285 3988 2149 3988 32 3989 37 3989 2285 3989 2150 3990 32 3990 2149 3990 2143 3991 2282 3991 2144 3991 2065 3992 2064 3992 2280 3992 2058 3993 2282 3993 1872 3993 2144 3994 2282 3994 2281 3994 2069 3995 2282 3995 2058 3995 2069 3996 2065 3996 2282 3996 2065 3997 2280 3997 2282 3997 1848 3998 2158 3998 1845 3998 1865 3999 2157 3999 1860 3999 2145 4000 2157 4000 2151 4000 1856 4001 2155 4001 1857 4001 2155 4002 2152 4002 1857 4002 1852 4003 2160 4003 1853 4003 2160 4004 2158 4004 1853 4004 1847 4005 2158 4005 1848 4005 1872 4006 2159 4006 1877 4006 1877 4007 2159 4007 1878 4007 2159 4008 2153 4008 1878 4008 1878 4009 2153 4009 1874 4009 2143 4010 2153 4010 2159 4010 1874 4011 2153 4011 1875 4011 2153 4012 2154 4012 1875 4012 1875 4013 2154 4013 1868 4013 1868 4014 2154 4014 1869 4014 2145 4015 2154 4015 2143 4015 2143 4016 2154 4016 2153 4016 2145 4017 2151 4017 2154 4017 1869 4018 2154 4018 1870 4018 2154 4019 2151 4019 1870 4019 1870 4020 2151 4020 1864 4020 1864 4021 2151 4021 1865 4021 2151 4022 2157 4022 1865 4022 1860 4023 2157 4023 1861 4023 2142 4024 2157 4024 2145 4024 2157 4025 2155 4025 1861 4025 1861 4026 2155 4026 1856 4026 2142 4027 2155 4027 2157 4027 1857 4028 2152 4028 1851 4028 2142 4029 2160 4029 2155 4029 2152 4030 2156 4030 1851 4030 1851 4031 2152 4031 1852 4031 2156 4032 2152 4032 1851 4032 2152 4033 2160 4033 1852 4033 2141 4034 2160 4034 2142 4034 1853 4035 2158 4035 1846 4035 1846 4036 2158 4036 1847 4036 2282 4037 2159 4037 1872 4037 1845 4038 2158 4038 2141 4038 2143 4039 2159 4039 2282 4039 2155 4040 2160 4040 2152 4040 2141 4041 2158 4041 2160 4041 2133 4042 1845 4042 2134 4042 2141 4043 2301 4043 1845 4043 2134 4044 2301 4044 2130 4044 2301 4045 2134 4045 1845 4045 2168 4046 2167 4046 2326 4046 2168 4047 2326 4047 2275 4047 2169 4048 2168 4048 2275 4048 1615 4049 2169 4049 2275 4049 2173 4050 2166 4050 2167 4050 2173 4051 2167 4051 2168 4051 2173 4052 2168 4052 2169 4052 2173 4053 2169 4053 1615 4053 2173 4054 1615 4054 2029 4054 2170 4055 2051 4055 1679 4055 2170 4056 1679 4056 2184 4056 2170 4057 2049 4057 2051 4057 2170 4058 2184 4058 2178 4058 2170 4059 2048 4059 2049 4059 2170 4060 2046 4060 2048 4060 2170 4061 2044 4061 2046 4061 2170 4062 2043 4062 2044 4062 2170 4063 2041 4063 2043 4063 2170 4064 2039 4064 2041 4064 2170 4065 2178 4065 2172 4065 2171 4066 2161 4066 2162 4066 2171 4067 1917 4067 2161 4067 2171 4068 2172 4068 1917 4068 2170 4069 2038 4069 2039 4069 2170 4070 2036 4070 2038 4070 2173 4071 2035 4071 2036 4071 2173 4072 2034 4072 2035 4072 2173 4073 2036 4073 2170 4073 2171 4074 2162 4074 2163 4074 2173 4075 2033 4075 2034 4075 2171 4076 2170 4076 2172 4076 2173 4077 2032 4077 2033 4077 2171 4078 2163 4078 2164 4078 2173 4079 2031 4079 2032 4079 2173 4080 2030 4080 2031 4080 2173 4081 2029 4081 2030 4081 2173 4082 2170 4082 2171 4082 2171 4083 2164 4083 2165 4083 2171 4084 2165 4084 2166 4084 2173 4085 2171 4085 2166 4085 1677 4086 2184 4086 1679 4086 1911 4087 2161 4087 1917 4087 1665 4088 2185 4088 2181 4088 1665 4089 1669 4089 2185 4089 1676 4090 1673 4090 2184 4090 1677 4091 1676 4091 2184 4091 2174 4092 2180 4092 1922 4092 2175 4093 2174 4093 1922 4093 2176 4094 2174 4094 2175 4094 2177 4095 2175 4095 1921 4095 2177 4096 2176 4096 2175 4096 2183 4097 2177 4097 2182 4097 2178 4098 2183 4098 2182 4098 2184 4099 2183 4099 2178 4099 2172 4100 2182 4100 1919 4100 2172 4101 2178 4101 2182 4101 1924 4102 1922 4102 2180 4102 2181 4103 1663 4103 1665 4103 2180 4104 2174 4104 2181 4104 2181 4105 1657 4105 1663 4105 2181 4106 1655 4106 1657 4106 2181 4107 1653 4107 1655 4107 2181 4108 1647 4108 1653 4108 1921 4109 2175 4109 1922 4109 2181 4110 1646 4110 1647 4110 2181 4111 1643 4111 1646 4111 2181 4112 1638 4112 1643 4112 2181 4113 1634 4113 1638 4113 2174 4114 1634 4114 2181 4114 2174 4115 1630 4115 1634 4115 2174 4116 1626 4116 1630 4116 2176 4117 1626 4117 2174 4117 2177 4118 1921 4118 1916 4118 2176 4119 2205 4119 1626 4119 2176 4120 1625 4120 2205 4120 2176 4121 1633 4121 1625 4121 2182 4122 2177 4122 1915 4122 2177 4123 1633 4123 2176 4123 2177 4124 1640 4124 1633 4124 2183 4125 1640 4125 2177 4125 2183 4126 1641 4126 1640 4126 2183 4127 1642 4127 1641 4127 2183 4128 1650 4128 1642 4128 2184 4129 1650 4129 2183 4129 2184 4130 1651 4130 1650 4130 2184 4131 1652 4131 1651 4131 1917 4132 2172 4132 1919 4132 2184 4133 1660 4133 1652 4133 2184 4134 1661 4134 1660 4134 2184 4135 1662 4135 1661 4135 2184 4136 1671 4136 1662 4136 2184 4137 1672 4137 1671 4137 2184 4138 1673 4138 1672 4138 2180 4139 2179 4139 1924 4139 1674 4140 2185 4140 1669 4140 2186 4141 1618 4141 2193 4141 2186 4142 2192 4142 2185 4142 2185 4143 1965 4143 1963 4143 2185 4144 1963 4144 1961 4144 2185 4145 1961 4145 1959 4145 2185 4146 1959 4146 1957 4146 2186 4147 1957 4147 1955 4147 2186 4148 2185 4148 1957 4148 2186 4149 1955 4149 1953 4149 2186 4150 1951 4150 1949 4150 2186 4151 1953 4151 1951 4151 1971 4152 2185 4152 1674 4152 2186 4153 1949 4153 1947 4153 2186 4154 1945 4154 1943 4154 2186 4155 1947 4155 1945 4155 2186 4156 1943 4156 1618 4156 2179 4157 2187 4157 1913 4157 2179 4158 2188 4158 2187 4158 2190 4159 2188 4159 2179 4159 2190 4160 2189 4160 2188 4160 2180 4161 2190 4161 2179 4161 2192 4162 2190 4162 2180 4162 2190 4163 2191 4163 2189 4163 2186 4164 2191 4164 2190 4164 2186 4165 2194 4165 2191 4165 2186 4166 2195 4166 2194 4166 2192 4167 2186 4167 2190 4167 2192 4168 2180 4168 2181 4168 2186 4169 2193 4169 2195 4169 2185 4170 2192 4170 2181 4170 2185 4171 1971 4171 1969 4171 2185 4172 1969 4172 1967 4172 2185 4173 1967 4173 1965 4173 2336 4174 2195 4174 2193 4174 1617 4175 2193 4175 1618 4175 1975 4176 2196 4176 1597 4176 2325 4177 2197 4177 1893 4177 2325 4178 2199 4178 2197 4178 2198 4179 1973 4179 1668 4179 2198 4180 2200 4180 2197 4180 2199 4181 2198 4181 2197 4181 1974 4182 1973 4182 2198 4182 2196 4183 2198 4183 2199 4183 2196 4184 1974 4184 2198 4184 2196 4185 1975 4185 1974 4185 2207 4186 2198 4186 1668 4186 2207 4187 1668 4187 1667 4187 2207 4188 1664 4188 1658 4188 2207 4189 1667 4189 1664 4189 2197 4190 2200 4190 1893 4190 2200 4191 2198 4191 2207 4191 1658 4192 1656 4192 2207 4192 1899 4193 2208 4193 2322 4193 1899 4194 2322 4194 2323 4194 2201 4195 1636 4195 2053 4195 2200 4196 1894 4196 1893 4196 2207 4197 1648 4197 1645 4197 2207 4198 1654 4198 1648 4198 2207 4199 1656 4199 1654 4199 1898 4200 2202 4200 1899 4200 2202 4201 2208 4201 1899 4201 2201 4202 1628 4202 1636 4202 2203 4203 2201 4203 2208 4203 2203 4204 2208 4204 2202 4204 2201 4205 1623 4205 1628 4205 2203 4206 1623 4206 2201 4206 2202 4207 1895 4207 2204 4207 2203 4208 1622 4208 1623 4208 2204 4209 2203 4209 2202 4209 2204 4210 2205 4210 2203 4210 2205 4211 1622 4211 2203 4211 1897 4212 2204 4212 1895 4212 2204 4213 1897 4213 2200 4213 2206 4214 2205 4214 2204 4214 2200 4215 1897 4215 1894 4215 2206 4216 2204 4216 2200 4216 2205 4217 1629 4217 1627 4217 2206 4218 1629 4218 2205 4218 2206 4219 1631 4219 1629 4219 2206 4220 1635 4220 1631 4220 2206 4221 1637 4221 1635 4221 2207 4222 1637 4222 2206 4222 2207 4223 1644 4223 1637 4223 2207 4224 1645 4224 1644 4224 2207 4225 2206 4225 2200 4225 2208 4226 2210 4226 2322 4226 2208 4227 2209 4227 2210 4227 2209 4228 2208 4228 2201 4228 2209 4229 2213 4229 2211 4229 2209 4230 2201 4230 2053 4230 2053 4231 2213 4231 2209 4231 2322 4232 2210 4232 2321 4232 2210 4233 2212 4233 2321 4233 2211 4234 2212 4234 2210 4234 2210 4235 2209 4235 2211 4235 2052 4236 2212 4236 2211 4236 2213 4237 2052 4237 2211 4237 2215 4238 1611 4238 1608 4238 2215 4239 2216 4239 1611 4239 1990 4240 2006 4240 2216 4240 2216 4241 2006 4241 2007 4241 1717 4242 1990 4242 2216 4242 2218 4243 2216 4243 2215 4243 2217 4244 1717 4244 2216 4244 2217 4245 2216 4245 2218 4245 1901 4246 2217 4246 2218 4246 2219 4247 1724 4247 1720 4247 2219 4248 1720 4248 1717 4248 1905 4249 2217 4249 1901 4249 2219 4250 1717 4250 2217 4250 1726 4251 1724 4251 2219 4251 2220 4252 2219 4252 2217 4252 2221 4253 2220 4253 2227 4253 2228 4254 2220 4254 2221 4254 2222 4255 2221 4255 2227 4255 2229 4256 2221 4256 2222 4256 2223 4257 2221 4257 2229 4257 2229 4258 2222 4258 2224 4258 2229 4259 2224 4259 2225 4259 2234 4260 2225 4260 2224 4260 2217 4261 1905 4261 2220 4261 2226 4262 1727 4262 1726 4262 2226 4263 1736 4263 1727 4263 2226 4264 1726 4264 2219 4264 2226 4265 1737 4265 1736 4265 2227 4266 2220 4266 1906 4266 2226 4267 1738 4267 1737 4267 2227 4268 1906 4268 1902 4268 2226 4269 1739 4269 1738 4269 2226 4270 1742 4270 1739 4270 2226 4271 1743 4271 1742 4271 2226 4272 1744 4272 1743 4272 2226 4273 2219 4273 2220 4273 2226 4274 1747 4274 1744 4274 2226 4275 1748 4275 1747 4275 2228 4276 1749 4276 1748 4276 2228 4277 1748 4277 2226 4277 2228 4278 2226 4278 2220 4278 2228 4279 1750 4279 1749 4279 2228 4280 1751 4280 1750 4280 2228 4281 1754 4281 1751 4281 2222 4282 2227 4282 1902 4282 2228 4283 1755 4283 1754 4283 2228 4284 1756 4284 1755 4284 2228 4285 1758 4285 1756 4285 2228 4286 1759 4286 1758 4286 2228 4287 2221 4287 2223 4287 2224 4288 2222 4288 1903 4288 2223 4289 1759 4289 2228 4289 2223 4290 1760 4290 1759 4290 2223 4291 1762 4291 1760 4291 2223 4292 1752 4292 1762 4292 2223 4293 2416 4293 1752 4293 2223 4294 1745 4294 2416 4294 2224 4295 1903 4295 2234 4295 2229 4296 1745 4296 2223 4296 2229 4297 1740 4297 1745 4297 2225 4298 1740 4298 2229 4298 2225 4299 2230 4299 1740 4299 2230 4300 2225 4300 2054 4300 2231 4301 2056 4301 2054 4301 2231 4302 2054 4302 2225 4302 2225 4303 2232 4303 2231 4303 2234 4304 2232 4304 2225 4304 2232 4305 2234 4305 2233 4305 2235 4306 2231 4306 2232 4306 1907 4307 2235 4307 2232 4307 2235 4308 1907 4308 1614 4308 1596 4309 2235 4309 1614 4309 2233 4310 1907 4310 2232 4310 2303 4311 1682 4311 2236 4311 2237 4312 2236 4312 2238 4312 2309 4313 2238 4313 2239 4313 2243 4314 2242 4314 1880 4314 1886 4315 2246 4315 2245 4315 2244 4316 1980 4316 1978 4316 2246 4317 1880 4317 2242 4317 2244 4318 1978 4318 1977 4318 2254 4319 2245 4319 2244 4319 2254 4320 2244 4320 1977 4320 2254 4321 1977 4321 1976 4321 2254 4322 1976 4322 1683 4322 2244 4323 2236 4323 1682 4323 2244 4324 2238 4324 2236 4324 2239 4325 2238 4325 2244 4325 2239 4326 2244 4326 2245 4326 2246 4327 2240 4327 2239 4327 2244 4328 1682 4328 1982 4328 2246 4329 2241 4329 2240 4329 2245 4330 2246 4330 2239 4330 2244 4331 1982 4331 1981 4331 2246 4332 2242 4332 2241 4332 2244 4333 1981 4333 1980 4333 2254 4334 2252 4334 2253 4334 2254 4335 2253 4335 2245 4335 1691 4336 1690 4336 2265 4336 2259 4337 2260 4337 1892 4337 2247 4338 2259 4338 1892 4338 2265 4339 1692 4339 1691 4339 2265 4340 1697 4340 1692 4340 2255 4341 1697 4341 2265 4341 2255 4342 1698 4342 1697 4342 2247 4343 1892 4343 2248 4343 2255 4344 1705 4344 1698 4344 2255 4345 1706 4345 1705 4345 2255 4346 1707 4346 1706 4346 2255 4347 1714 4347 1707 4347 2249 4348 1715 4348 1714 4348 2249 4349 1714 4349 2255 4349 2249 4350 1716 4350 1715 4350 2251 4351 1716 4351 2249 4351 2251 4352 1722 4352 1716 4352 2251 4353 1729 4353 1722 4353 2257 4354 2248 4354 1889 4354 2251 4355 1730 4355 1729 4355 2251 4356 1732 4356 1730 4356 2250 4357 1889 4357 1890 4357 2250 4358 2257 4358 1889 4358 2251 4359 1733 4359 1732 4359 2256 4360 1733 4360 2251 4360 2256 4361 1725 4361 1733 4361 2252 4362 1725 4362 2256 4362 2252 4363 1723 4363 1725 4363 2252 4364 2256 4364 2258 4364 1886 4365 2258 4365 2250 4365 1886 4366 2250 4366 1887 4366 2252 4367 1719 4367 1723 4367 2252 4368 1718 4368 1719 4368 2252 4369 1711 4369 1718 4369 2252 4370 1709 4370 1711 4370 2252 4371 1708 4371 1709 4371 2252 4372 1702 4372 1708 4372 2254 4373 1702 4373 2252 4373 2254 4374 1701 4374 1702 4374 2254 4375 1699 4375 1701 4375 2254 4376 1695 4376 1699 4376 2254 4377 1693 4377 1695 4377 2254 4378 1687 4378 1693 4378 2247 4379 2255 4379 2259 4379 2247 4380 2249 4380 2255 4380 2258 4381 1886 4381 2253 4381 2245 4382 2253 4382 1886 4382 1886 4383 1883 4383 2246 4383 1683 4384 1687 4384 2254 4384 2255 4385 2265 4385 2259 4385 2249 4386 2247 4386 2248 4386 2256 4387 2251 4387 2249 4387 2256 4388 2249 4388 2248 4388 2257 4389 2256 4389 2248 4389 2258 4390 2256 4390 2257 4390 2258 4391 2257 4391 2250 4391 2252 4392 2258 4392 2253 4392 2260 4393 2261 4393 2262 4393 1881 4394 2260 4394 2262 4394 2263 4395 2027 4395 2264 4395 2263 4396 2026 4396 2027 4396 2263 4397 2025 4397 2026 4397 2263 4398 2024 4398 2025 4398 2263 4399 2023 4399 2024 4399 2263 4400 2021 4400 2023 4400 2263 4401 2019 4401 2021 4401 2263 4402 2018 4402 2019 4402 2263 4403 2017 4403 2018 4403 2263 4404 2015 4404 2017 4404 2263 4405 2013 4405 2015 4405 2265 4406 2013 4406 2263 4406 2263 4407 2264 4407 2271 4407 2265 4408 2011 4408 2013 4408 2265 4409 2009 4409 2011 4409 2265 4410 1690 4410 2009 4410 2266 4411 2263 4411 2271 4411 2259 4412 2265 4412 2263 4412 2266 4413 2271 4413 2267 4413 2266 4414 2259 4414 2263 4414 2266 4415 2267 4415 2268 4415 2268 4416 2269 4416 2266 4416 2266 4417 2269 4417 2270 4417 2259 4418 2266 4418 2260 4418 2260 4419 2266 4419 2270 4419 2260 4420 2270 4420 2261 4420 2271 4421 2264 4421 2302 4421 2271 4422 2302 4422 2316 4422 2273 4423 2272 4423 2274 4423 2275 4424 2273 4424 2274 4424 1615 4425 2275 4425 1617 4425 2276 4426 1599 4426 1597 4426 2276 4427 1597 4427 2196 4427 2214 4428 1604 4428 1567 4428 2276 4429 1600 4429 1599 4429 2277 4430 1600 4430 2276 4430 2320 4431 2276 4431 1900 4431 2277 4432 1567 4432 1603 4432 2214 4433 1567 4433 2277 4433 2276 4434 2196 4434 2325 4434 2277 4435 1601 4435 1600 4435 2277 4436 1603 4436 1601 4436 2276 4437 2320 4437 2277 4437 2276 4438 2325 4438 1900 4438 2278 4439 1612 4439 1613 4439 2279 4440 1608 4440 1610 4440 2278 4441 1610 4441 1612 4441 2317 4442 2279 4442 1907 4442 1614 4443 2278 4443 1613 4443 2279 4444 1610 4444 2278 4444 2279 4445 2215 4445 1608 4445 1907 4446 2278 4446 1614 4446 2279 4447 2278 4447 1907 4447 2140 4448 2144 4448 2286 4448 2281 4449 2282 4449 30 4449 2285 4450 2298 4450 2283 4450 2285 4451 2137 4451 2298 4451 2284 4452 2287 4452 2286 4452 2284 4453 2288 4453 2287 4453 2284 4454 2286 4454 2144 4454 2285 4455 2297 4455 2296 4455 2285 4456 2283 4456 2297 4456 2285 4457 2296 4457 2295 4457 2284 4458 2290 4458 2289 4458 2284 4459 2291 4459 2290 4459 2281 4460 30 4460 2150 4460 2284 4461 2281 4461 2150 4461 2144 4462 2281 4462 2284 4462 2284 4463 2150 4463 2149 4463 2285 4464 2284 4464 2149 4464 2285 4465 2294 4465 2293 4465 2285 4466 2295 4466 2294 4466 2284 4467 2292 4467 2291 4467 2284 4468 2293 4468 2292 4468 2284 4469 2289 4469 2288 4469 2284 4470 2285 4470 2293 4470 2136 4471 2298 4471 2137 4471 28 4472 2298 4472 2136 4472 2299 4473 2283 4473 2298 4473 2299 4474 2298 4474 28 4474 2299 4475 2140 4475 2286 4475 2299 4476 2286 4476 2287 4476 2299 4477 2287 4477 2288 4477 2299 4478 2138 4478 2140 4478 21 4479 2130 4479 2300 4479 2300 4480 2301 4480 2139 4480 2299 4481 2295 4481 2296 4481 2299 4482 2296 4482 2297 4482 2299 4483 2289 4483 2290 4483 2299 4484 2290 4484 2291 4484 2300 4485 2146 4485 21 4485 2299 4486 2297 4486 2283 4486 2299 4487 2293 4487 2294 4487 2299 4488 2294 4488 2295 4488 2299 4489 2291 4489 2292 4489 2299 4490 28 4490 2148 4490 2299 4491 2288 4491 2289 4491 2299 4492 2148 4492 2147 4492 2146 4493 2299 4493 2147 4493 2300 4494 2139 4494 2138 4494 2299 4495 2292 4495 2293 4495 2138 4496 2299 4496 2146 4496 2146 4497 2300 4497 2138 4497 2301 4498 2300 4498 2130 4498 2302 4499 1680 4499 2303 4499 2304 4500 2303 4500 2305 4500 2304 4501 2302 4501 2303 4501 2306 4502 2304 4502 2305 4502 2308 4503 2304 4503 2306 4503 2307 4504 2308 4504 2306 4504 2305 4505 2303 4505 2237 4505 2237 4506 2303 4506 2236 4506 2307 4507 2306 4507 2310 4507 2305 4508 2309 4508 2306 4508 2238 4509 2309 4509 2237 4509 2305 4510 2237 4510 2309 4510 2306 4511 2309 4511 2240 4511 2240 4512 2309 4512 2239 4512 2307 4513 2310 4513 1879 4513 2241 4514 2306 4514 2240 4514 2242 4515 2243 4515 2241 4515 2243 4516 2306 4516 2241 4516 2310 4517 2306 4517 2243 4517 2243 4518 2311 4518 2310 4518 1883 4519 2243 4519 1880 4519 1883 4520 2311 4520 2243 4520 2310 4521 2311 4521 1879 4521 1885 4522 2312 4522 2311 4522 2311 4523 2313 4523 1879 4523 2312 4524 2313 4524 2311 4524 2313 4525 2314 4525 1879 4525 1890 4526 2313 4526 2312 4526 1889 4527 2313 4527 1890 4527 1882 4528 2313 4528 1889 4528 2313 4529 1882 4529 2314 4529 2314 4530 2315 4530 1879 4530 1891 4531 2314 4531 1888 4531 1891 4532 2315 4532 2314 4532 1884 4533 2315 4533 1891 4533 1881 4534 2315 4534 1884 4534 2315 4535 1881 4535 2262 4535 1879 4536 2315 4536 2307 4536 2269 4537 2315 4537 2270 4537 2270 4538 2315 4538 2261 4538 2261 4539 2315 4539 2262 4539 2316 4540 2302 4540 2304 4540 2264 4541 1680 4541 2302 4541 2271 4542 2316 4542 2267 4542 2268 4543 2315 4543 2269 4543 2268 4544 2316 4544 2315 4544 2267 4545 2316 4545 2268 4545 2307 4546 2315 4546 2308 4546 2308 4547 2315 4547 2316 4547 2308 4548 2316 4548 2304 4548 2218 4549 2279 4549 2317 4549 2279 4550 2218 4550 2215 4550 1901 4551 2218 4551 2317 4551 1905 4552 2318 4552 1906 4552 2317 4553 2318 4553 1905 4553 1907 4554 2318 4554 2317 4554 2318 4555 1902 4555 1906 4555 1902 4556 2318 4556 1904 4556 1904 4557 2318 4557 1903 4557 2318 4558 2319 4558 1903 4558 1907 4559 2319 4559 2318 4559 2233 4560 2319 4560 1907 4560 2214 4561 2277 4561 2320 4561 2320 4562 2212 4562 2214 4562 2212 4563 2320 4563 2321 4563 1900 4564 2321 4564 2320 4564 2321 4565 2323 4565 2322 4565 2323 4566 2321 4566 1900 4566 2323 4567 1898 4567 1899 4567 2323 4568 1896 4568 1898 4568 1896 4569 2324 4569 1895 4569 2324 4570 1897 4570 1895 4570 2323 4571 2324 4571 1896 4571 1897 4572 2324 4572 1894 4572 2324 4573 2325 4573 1894 4573 2323 4574 2325 4574 2324 4574 1894 4575 2325 4575 1893 4575 1900 4576 2325 4576 2323 4576 2325 4577 2196 4577 2199 4577 2275 4578 2326 4578 2273 4578 2164 4579 2329 4579 2165 4579 2165 4580 2329 4580 2166 4580 2329 4581 2326 4581 2166 4581 2272 4582 2326 4582 2329 4582 2166 4583 2326 4583 2167 4583 2273 4584 2326 4584 2272 4584 2272 4585 2329 4585 1925 4585 2161 4586 2328 4586 2162 4586 2163 4587 2329 4587 2164 4587 2162 4588 2328 4588 2163 4588 2328 4589 2329 4589 2163 4589 1925 4590 2329 4590 2327 4590 2327 4591 2329 4591 2328 4591 2328 4592 2161 4592 1911 4592 2328 4593 2330 4593 2327 4593 2328 4594 1910 4594 2330 4594 2327 4595 2330 4595 1925 4595 1909 4596 2330 4596 1910 4596 1909 4597 1908 4597 2330 4597 2330 4598 2331 4598 1925 4598 2330 4599 1908 4599 2331 4599 1920 4600 1908 4600 1916 4600 1920 4601 2331 4601 1908 4601 1914 4602 2331 4602 1918 4602 1925 4603 2331 4603 2333 4603 2331 4604 2332 4604 2333 4604 2331 4605 1914 4605 2332 4605 2333 4606 2332 4606 2335 4606 2335 4607 2332 4607 1913 4607 2191 4608 2334 4608 2189 4608 1925 4609 2335 4609 2272 4609 2334 4610 2335 4610 2189 4610 2188 4611 2335 4611 2187 4611 2187 4612 2335 4612 1913 4612 2189 4613 2335 4613 2188 4613 1925 4614 2333 4614 2335 4614 2336 4615 2275 4615 2274 4615 2336 4616 2193 4616 2275 4616 2193 4617 1617 4617 2275 4617 2272 4618 2335 4618 2334 4618 2272 4619 2334 4619 2336 4619 2194 4620 2334 4620 2191 4620 2194 4621 2336 4621 2334 4621 2195 4622 2336 4622 2194 4622 2272 4623 2336 4623 2274 4623 2337 4624 2338 4624 1568 4624 1563 4625 2392 4625 1562 4625 2339 4626 2400 4626 2340 4626 2340 4627 1929 4627 1927 4627 2340 4628 2341 4628 2339 4628 2348 4629 2341 4629 2340 4629 2339 4630 2341 4630 1926 4630 1926 4631 2341 4631 2343 4631 2337 4632 2342 4632 2338 4632 2343 4633 2342 4633 2337 4633 2338 4634 2342 4634 2346 4634 2343 4635 2341 4635 2342 4635 2366 4636 1935 4636 2345 4636 2347 4637 2346 4637 2342 4637 2341 4638 2347 4638 2342 4638 2341 4639 2348 4639 2347 4639 2348 4640 2349 4640 2347 4640 2340 4641 1927 4641 2348 4641 2347 4642 2350 4642 2346 4642 2347 4643 2349 4643 2350 4643 1927 4644 2351 4644 2348 4644 2348 4645 2351 4645 2349 4645 1930 4646 1927 4646 1928 4646 1930 4647 2351 4647 1927 4647 2351 4648 2352 4648 2349 4648 1931 4649 2351 4649 1930 4649 1931 4650 2352 4650 2351 4650 2352 4651 2354 4651 2353 4651 1931 4652 2354 4652 2352 4652 1932 4653 2354 4653 1931 4653 2352 4654 2353 4654 2349 4654 2350 4655 2355 4655 2346 4655 2350 4656 2356 4656 2355 4656 2349 4657 2356 4657 2350 4657 2349 4658 2353 4658 2356 4658 1933 4659 2354 4659 1932 4659 2346 4660 2355 4660 2344 4660 2344 4661 2355 4661 2377 4661 2377 4662 2355 4662 2376 4662 2353 4663 2363 4663 2359 4663 2354 4664 2363 4664 2353 4664 2376 4665 2356 4665 2375 4665 2355 4666 2356 4666 2376 4666 2375 4667 2356 4667 2357 4667 2356 4668 2359 4668 2357 4668 2353 4669 2359 4669 2356 4669 2357 4670 2359 4670 2358 4670 1933 4671 2363 4671 2354 4671 2366 4672 2363 4672 1934 4672 1934 4673 2363 4673 1933 4673 2358 4674 2359 4674 2360 4674 2360 4675 2359 4675 2361 4675 2361 4676 2359 4676 2362 4676 2359 4677 2363 4677 2362 4677 2362 4678 2363 4678 2364 4678 2364 4679 2363 4679 2365 4679 2365 4680 2363 4680 2345 4680 2363 4681 2366 4681 2345 4681 1935 4682 1936 4682 2345 4682 1936 4683 2367 4683 2345 4683 2345 4684 2367 4684 2365 4684 2367 4685 2368 4685 2365 4685 2365 4686 2368 4686 2364 4686 2368 4687 2369 4687 2364 4687 2364 4688 2369 4688 2362 4688 2369 4689 2370 4689 2362 4689 2362 4690 2370 4690 2361 4690 2370 4691 2371 4691 2361 4691 2361 4692 2371 4692 2360 4692 2371 4693 2372 4693 2360 4693 2360 4694 2372 4694 2358 4694 2372 4695 2373 4695 2358 4695 2358 4696 2373 4696 2357 4696 2373 4697 2374 4697 2357 4697 2357 4698 2374 4698 2375 4698 2344 4699 2378 4699 2346 4699 2344 4700 2379 4700 2378 4700 2377 4701 2379 4701 2344 4701 2376 4702 2379 4702 2377 4702 2376 4703 2380 4703 2379 4703 2375 4704 2380 4704 2376 4704 2374 4705 2380 4705 2375 4705 2373 4706 2380 4706 2374 4706 2373 4707 2382 4707 2380 4707 2372 4708 2382 4708 2373 4708 2371 4709 2382 4709 2372 4709 2370 4710 2382 4710 2371 4710 2370 4711 2383 4711 2382 4711 2369 4712 2383 4712 2370 4712 2369 4713 2381 4713 2383 4713 2368 4714 2381 4714 2369 4714 2367 4715 2381 4715 2368 4715 1936 4716 2381 4716 2367 4716 2380 4717 2387 4717 2379 4717 2380 4718 2384 4718 2387 4718 2381 4719 2385 4719 2383 4719 2382 4720 2384 4720 2380 4720 1937 4721 2385 4721 2381 4721 2379 4722 2387 4722 2378 4722 2383 4723 2384 4723 2382 4723 2384 4724 2386 4724 2387 4724 2383 4725 2385 4725 2384 4725 1939 4726 2385 4726 1937 4726 2384 4727 2388 4727 2386 4727 2385 4728 2389 4728 2384 4728 2384 4729 2389 4729 2388 4729 1939 4730 2389 4730 2385 4730 2386 4731 2390 4731 2387 4731 2389 4732 1940 4732 2388 4732 2386 4733 2388 4733 2390 4733 2378 4734 2387 4734 2390 4734 1941 4735 2388 4735 1940 4735 2388 4736 1941 4736 2395 4736 2390 4737 2388 4737 2395 4737 2378 4738 2390 4738 1563 4738 2391 4739 1561 4739 2392 4739 2391 4740 2392 4740 1563 4740 2390 4741 2391 4741 1563 4741 2391 4742 2394 4742 1561 4742 2395 4743 1941 4743 2396 4743 2391 4744 2393 4744 2394 4744 2395 4745 2393 4745 2391 4745 2393 4746 2395 4746 2396 4746 2391 4747 2390 4747 2395 4747 2393 4748 2397 4748 2394 4748 2394 4749 2415 4749 1561 4749 1564 4750 2398 4750 2399 4750 1564 4751 2399 4751 1565 4751 1929 4752 2340 4752 2400 4752 1929 4753 2400 4753 2401 4753 2339 4754 1565 4754 2399 4754 2339 4755 1926 4755 1565 4755 2400 4756 2339 4756 2399 4756 2399 4757 2398 4757 1576 4757 2401 4758 2399 4758 1576 4758 2400 4759 2399 4759 2401 4759 2401 4760 1576 4760 2402 4760 2407 4761 1581 4761 1583 4761 1935 4762 2404 4762 2406 4762 2401 4763 1928 4763 1929 4763 2401 4764 1930 4764 1928 4764 2402 4765 1576 4765 1581 4765 1931 4766 2401 4766 2402 4766 1931 4767 1930 4767 2401 4767 2403 4768 1931 4768 2402 4768 2403 4769 1932 4769 1931 4769 2403 4770 2402 4770 1581 4770 2403 4771 1933 4771 1932 4771 2404 4772 1933 4772 2403 4772 2404 4773 1934 4773 1933 4773 2403 4774 1581 4774 2407 4774 2403 4775 2407 4775 2408 4775 2405 4776 2403 4776 2408 4776 2405 4777 2404 4777 2403 4777 2404 4778 2405 4778 2406 4778 2405 4779 2408 4779 2409 4779 2405 4780 2409 4780 2410 4780 2406 4781 2405 4781 2410 4781 2406 4782 2410 4782 1936 4782 1935 4783 2406 4783 1936 4783 1588 4784 2407 4784 1583 4784 2412 4785 2407 4785 1588 4785 2412 4786 2408 4786 2407 4786 2412 4787 2409 4787 2408 4787 1938 4788 2409 4788 2412 4788 1938 4789 2410 4789 2409 4789 1938 4790 1936 4790 2410 4790 1938 4791 1937 4791 1936 4791 2413 4792 1938 4792 2412 4792 1939 4793 1938 4793 2413 4793 2413 4794 2412 4794 1588 4794 2413 4795 2389 4795 1939 4795 2413 4796 1588 4796 2416 4796 2413 4797 1940 4797 2389 4797 2413 4798 2416 4798 2411 4798 1941 4799 2413 4799 2411 4799 1941 4800 1940 4800 2413 4800 2394 4801 2397 4801 2414 4801 2394 4802 2414 4802 2415 4802 2411 4803 2396 4803 1941 4803 2397 4804 2411 4804 2416 4804 2397 4805 2416 4805 2414 4805 2396 4806 2411 4806 2397 4806 2397 4807 2393 4807 2396 4807 2417 4808 2414 4808 2416 4808 1560 4809 2415 4809 2414 4809 2418 4810 2432 4810 741 4810 2418 4811 741 4811 2419 4811 2420 4812 2419 4812 728 4812 2420 4813 718 4813 2421 4813 728 4814 718 4814 2420 4814 716 4815 2421 4815 718 4815 2423 4816 2422 4816 720 4816 2423 4817 720 4817 722 4817 2424 4818 722 4818 699 4818 2424 4819 2423 4819 722 4819 2425 4820 699 4820 725 4820 2425 4821 725 4821 2426 4821 2427 4822 2426 4822 725 4822 2431 4823 739 4823 740 4823 2431 4824 2430 4824 739 4824 742 4825 2431 4825 740 4825 2432 4826 742 4826 741 4826 2433 4827 2435 4827 2434 4827 2436 4828 2435 4828 2433 4828 3816 4829 2435 4829 2436 4829 2437 4830 3816 4830 2436 4830 2438 4831 3816 4831 2437 4831 3807 4832 3816 4832 2438 4832 2439 4833 3807 4833 2438 4833 2440 4834 3807 4834 2439 4834 2441 4835 2442 4835 2440 4835 2441 4836 2440 4836 2439 4836 2443 4837 2442 4837 2441 4837 2444 4838 2442 4838 2443 4838 2444 4839 2443 4839 2445 4839 2444 4840 2445 4840 2446 4840 2447 4841 2448 4841 2449 4841 2447 4842 2449 4842 2450 4842 2450 4843 2449 4843 2451 4843 2450 4844 2451 4844 2452 4844 2450 4845 2452 4845 2453 4845 2453 4846 2452 4846 2454 4846 2454 4847 2452 4847 2455 4847 2454 4848 2455 4848 2456 4848 2456 4849 2455 4849 2457 4849 2457 4850 2455 4850 2458 4850 2458 4851 2455 4851 4009 4851 3524 4852 2459 4852 2461 4852 3494 4853 2461 4853 2460 4853 3494 4854 3524 4854 2461 4854 2462 4855 3494 4855 2460 4855 2463 4856 2462 4856 2460 4856 2464 4857 2463 4857 2460 4857 3693 4858 2465 4858 3277 4858 3693 4859 3277 4859 2464 4859 3289 4860 2465 4860 3693 4860 3562 4861 3693 4861 3722 4861 3562 4862 3289 4862 3693 4862 3562 4863 3722 4863 2466 4863 3562 4864 3301 4864 3289 4864 3558 4865 2467 4865 3562 4865 3558 4866 3562 4866 2466 4866 3375 4867 3558 4867 2466 4867 2468 4868 3375 4868 2466 4868 2468 4869 2736 4869 3375 4869 2460 4870 3693 4870 2464 4870 2469 4871 2470 4871 2471 4871 2469 4872 2472 4872 2470 4872 2473 4873 2471 4873 2474 4873 2473 4874 2469 4874 2471 4874 2475 4875 2474 4875 2476 4875 2475 4876 2476 4876 2477 4876 2475 4877 2473 4877 2474 4877 2478 4878 2477 4878 2479 4878 2478 4879 2479 4879 2480 4879 2478 4880 2475 4880 2477 4880 2481 4881 2480 4881 2482 4881 2481 4882 2482 4882 2483 4882 2481 4883 2483 4883 2484 4883 2481 4884 2484 4884 2485 4884 2481 4885 2485 4885 2486 4885 2481 4886 2486 4886 2487 4886 2481 4887 2478 4887 2480 4887 2488 4888 2487 4888 2489 4888 2488 4889 2481 4889 2487 4889 2490 4890 2481 4890 2488 4890 2491 4891 2489 4891 2492 4891 2493 4892 2491 4892 2492 4892 2494 4893 2495 4893 2491 4893 2494 4894 2493 4894 2496 4894 2494 4895 2496 4895 2497 4895 2494 4896 2497 4896 2498 4896 2494 4897 2498 4897 2499 4897 2494 4898 2499 4898 2500 4898 2494 4899 2500 4899 2501 4899 2494 4900 2491 4900 2493 4900 2502 4901 2501 4901 2503 4901 2502 4902 2503 4902 2504 4902 2502 4903 2504 4903 2505 4903 2502 4904 2494 4904 2501 4904 2506 4905 2505 4905 2507 4905 2506 4906 2507 4906 2508 4906 2506 4907 2502 4907 2505 4907 2509 4908 2510 4908 2511 4908 2509 4909 2508 4909 2510 4909 2509 4910 2506 4910 2508 4910 2512 4911 2511 4911 2513 4911 2512 4912 2509 4912 2511 4912 2514 4913 2515 4913 2516 4913 2516 4914 2515 4914 2517 4914 3693 4915 2460 4915 2518 4915 2519 4916 2518 4916 2520 4916 2519 4917 3693 4917 2518 4917 2521 4918 2520 4918 2522 4918 2521 4919 2519 4919 2520 4919 2523 4920 2522 4920 2524 4920 2523 4921 2521 4921 2522 4921 2525 4922 2523 4922 2524 4922 2526 4923 2524 4923 2527 4923 2526 4924 2527 4924 2528 4924 2526 4925 2525 4925 2524 4925 2529 4926 2526 4926 2528 4926 2530 4927 2529 4927 2528 4927 2531 4928 2530 4928 2528 4928 2532 4929 2530 4929 2531 4929 2533 4930 2532 4930 2531 4930 2534 4931 2533 4931 2531 4931 2535 4932 2534 4932 2531 4932 2536 4933 2534 4933 2535 4933 2537 4934 2536 4934 2535 4934 2538 4935 2537 4935 2535 4935 2539 4936 2538 4936 2535 4936 2540 4937 2538 4937 2539 4937 2541 4938 2540 4938 2539 4938 2542 4939 2539 4939 2543 4939 2542 4940 2541 4940 2539 4940 2544 4941 2542 4941 2543 4941 2545 4942 2544 4942 2543 4942 2545 4943 2543 4943 2546 4943 2547 4944 2545 4944 2546 4944 2547 4945 2546 4945 2548 4945 2549 4946 2547 4946 2548 4946 2550 4947 2549 4947 2548 4947 2550 4948 2548 4948 2551 4948 2552 4949 2551 4949 2553 4949 2552 4950 2550 4950 2551 4950 2554 4951 2552 4951 2553 4951 2469 4952 2553 4952 2472 4952 2469 4953 2554 4953 2553 4953 2512 4954 2513 4954 2555 4954 2556 4955 2555 4955 2557 4955 2556 4956 2512 4956 2555 4956 2558 4957 2557 4957 2559 4957 2558 4958 2556 4958 2557 4958 2560 4959 2559 4959 2561 4959 2560 4960 2558 4960 2559 4960 2562 4961 2561 4961 2563 4961 2562 4962 2560 4962 2561 4962 2564 4963 2563 4963 2565 4963 2564 4964 2562 4964 2563 4964 2566 4965 2564 4965 2565 4965 2567 4966 2565 4966 2568 4966 2567 4967 2566 4967 2565 4967 2569 4968 2568 4968 2570 4968 2569 4969 2567 4969 2568 4969 2571 4970 2570 4970 2572 4970 2571 4971 2569 4971 2570 4971 2573 4972 2571 4972 2572 4972 2574 4973 2572 4973 2575 4973 2574 4974 2573 4974 2572 4974 2576 4975 2574 4975 2575 4975 2577 4976 2576 4976 2575 4976 2577 4977 2575 4977 2578 4977 2579 4978 2577 4978 2578 4978 2580 4979 2579 4979 2578 4979 2580 4980 2578 4980 2581 4980 2582 4981 2580 4981 2581 4981 2583 4982 2582 4982 2581 4982 2583 4983 2581 4983 3642 4983 2584 4984 2583 4984 3642 4984 2585 4985 2584 4985 3642 4985 2585 4986 3642 4986 2586 4986 2585 4987 2586 4987 2587 4987 2588 4988 2585 4988 2587 4988 2588 4989 2587 4989 2589 4989 2590 4990 2588 4990 2589 4990 2590 4991 2589 4991 2591 4991 2592 4992 2590 4992 2591 4992 2592 4993 2591 4993 2593 4993 2594 4994 2592 4994 2593 4994 2594 4995 2593 4995 2595 4995 2596 4996 2594 4996 2595 4996 2596 4997 2595 4997 2597 4997 3685 4998 2490 4998 2488 4998 2514 4999 3685 4999 2488 4999 2516 5000 3685 5000 2514 5000 2495 5001 2517 5001 2515 5001 2495 5002 2515 5002 2491 5002 2750 5003 2598 5003 2913 5003 2912 5004 2913 5004 2598 5004 2912 5005 2598 5005 2599 5005 2601 5006 2598 5006 2750 5006 2600 5007 2912 5007 2599 5007 2601 5008 2602 5008 2598 5008 2603 5009 2602 5009 2601 5009 2604 5010 2600 5010 2599 5010 2605 5011 2602 5011 2603 5011 2606 5012 2604 5012 2599 5012 2607 5013 2602 5013 2605 5013 2608 5014 2606 5014 2599 5014 2609 5015 2602 5015 2607 5015 2610 5016 2608 5016 2599 5016 2611 5017 2602 5017 2609 5017 2617 5018 2610 5018 2599 5018 2612 5019 2602 5019 2611 5019 2613 5020 2617 5020 2599 5020 2613 5021 2905 5021 2614 5021 2613 5022 2614 5022 2615 5022 2613 5023 2615 5023 2616 5023 2613 5024 2616 5024 2617 5024 2618 5025 2612 5025 2619 5025 2618 5026 2619 5026 2620 5026 2618 5027 2620 5027 2621 5027 2618 5028 2621 5028 2622 5028 2618 5029 2622 5029 2623 5029 2618 5030 2602 5030 2612 5030 2624 5031 2618 5031 2623 5031 2634 5032 2618 5032 2624 5032 2634 5033 3536 5033 2618 5033 2904 5034 2613 5034 2628 5034 2904 5035 2905 5035 2613 5035 2625 5036 2634 5036 2624 5036 2903 5037 2904 5037 2628 5037 2634 5038 2625 5038 2626 5038 2902 5039 2903 5039 2628 5039 2925 5040 2634 5040 2626 5040 2784 5041 2902 5041 2628 5041 2634 5042 2925 5042 2627 5042 2628 5043 2629 5043 2784 5043 2634 5044 2627 5044 2630 5044 2634 5045 2630 5045 2633 5045 2656 5046 2629 5046 2628 5046 2656 5047 2631 5047 2632 5047 2656 5048 2632 5048 2629 5048 2634 5049 2633 5049 2635 5049 2639 5050 2635 5050 2636 5050 2639 5051 2634 5051 2635 5051 2637 5052 2631 5052 2656 5052 2638 5053 2637 5053 2656 5053 2640 5054 2638 5054 2656 5054 2641 5055 2639 5055 2636 5055 2664 5056 2640 5056 2656 5056 2681 5057 2639 5057 2641 5057 2642 5058 2681 5058 2641 5058 2642 5059 2643 5059 2681 5059 2642 5060 2641 5060 2644 5060 2642 5061 2644 5061 2645 5061 2642 5062 2645 5062 2646 5062 2647 5063 2646 5063 2648 5063 2647 5064 2648 5064 2649 5064 2647 5065 2649 5065 2651 5065 2653 5066 2647 5066 2651 5066 3413 5067 2650 5067 2642 5067 3413 5068 2642 5068 2646 5068 3413 5069 2646 5069 2647 5069 2653 5070 2651 5070 2652 5070 2653 5071 2652 5071 2895 5071 2653 5072 2895 5072 2654 5072 2653 5073 2654 5073 2655 5073 2656 5074 2657 5074 2658 5074 2656 5075 2658 5075 2659 5075 2656 5076 2659 5076 2660 5076 2656 5077 2660 5077 2661 5077 2656 5078 2661 5078 2662 5078 2656 5079 2662 5079 2663 5079 2656 5080 2663 5080 2664 5080 2653 5081 2657 5081 2656 5081 2653 5082 2655 5082 2657 5082 3460 5083 2653 5083 2656 5083 2665 5084 2666 5084 2713 5084 3409 5085 2667 5085 2666 5085 3409 5086 2666 5086 2665 5086 2668 5087 2667 5087 3409 5087 2669 5088 2668 5088 3409 5088 2670 5089 2672 5089 2671 5089 2673 5090 2671 5090 2669 5090 2673 5091 2669 5091 3409 5091 2673 5092 2670 5092 2671 5092 2674 5093 2672 5093 2670 5093 2675 5094 2672 5094 2674 5094 3418 5095 2703 5095 2676 5095 3418 5096 2677 5096 2675 5096 3418 5097 2676 5097 2677 5097 3418 5098 2675 5098 2674 5098 3418 5099 3413 5099 2678 5099 2674 5100 3413 5100 3418 5100 2650 5101 3413 5101 2674 5101 2680 5102 2681 5102 3409 5102 3411 5103 2682 5103 2681 5103 2681 5104 2673 5104 3409 5104 2681 5105 2643 5105 2673 5105 2685 5106 2684 5106 2686 5106 2691 5107 3355 5107 2692 5107 2691 5108 2692 5108 2693 5108 2695 5109 2691 5109 2693 5109 2695 5110 2694 5110 2691 5110 2820 5111 2441 5111 2439 5111 2696 5112 2820 5112 2439 5112 2696 5113 2439 5113 2438 5113 2697 5114 2696 5114 2438 5114 2697 5115 2438 5115 2437 5115 2698 5116 2697 5116 2437 5116 2699 5117 2698 5117 2437 5117 2699 5118 2437 5118 2436 5118 2700 5119 2699 5119 2436 5119 2700 5120 2436 5120 2433 5120 2701 5121 2700 5121 2433 5121 2701 5122 2433 5122 2434 5122 2703 5123 2701 5123 2434 5123 2703 5124 2434 5124 2702 5124 2676 5125 2702 5125 2704 5125 2676 5126 2703 5126 2702 5126 2677 5127 2704 5127 3727 5127 2677 5128 2676 5128 2704 5128 2677 5129 3727 5129 2705 5129 2675 5130 2705 5130 2706 5130 2675 5131 2677 5131 2705 5131 2672 5132 2675 5132 2706 5132 2672 5133 2706 5133 2707 5133 2671 5134 2672 5134 2707 5134 2671 5135 2707 5135 2708 5135 2669 5136 2671 5136 2708 5136 2669 5137 2708 5137 2709 5137 2668 5138 2669 5138 2709 5138 2668 5139 2709 5139 3724 5139 2667 5140 2668 5140 3724 5140 2667 5141 3724 5141 2710 5141 2666 5142 2667 5142 2710 5142 2666 5143 2710 5143 2711 5143 2713 5144 2666 5144 2711 5144 2713 5145 2711 5145 2712 5145 2714 5146 2713 5146 2712 5146 2715 5147 2714 5147 2712 5147 2715 5148 2712 5148 2448 5148 2716 5149 2715 5149 2448 5149 2717 5150 2718 5150 2716 5150 2717 5151 2716 5151 2448 5151 2717 5152 2448 5152 2447 5152 2719 5153 2717 5153 2447 5153 2719 5154 2447 5154 2450 5154 2720 5155 2719 5155 2450 5155 2721 5156 2720 5156 2450 5156 2721 5157 2450 5157 2453 5157 2722 5158 2721 5158 2453 5158 2722 5159 2453 5159 2454 5159 2723 5160 2454 5160 2456 5160 2723 5161 2722 5161 2454 5161 2724 5162 2872 5162 3718 5162 2724 5163 3718 5163 2596 5163 3406 5164 2872 5164 2724 5164 3318 5165 2724 5165 2596 5165 2725 5166 3318 5166 2596 5166 2726 5167 2725 5167 2596 5167 2727 5168 2872 5168 3406 5168 2727 5169 3406 5169 3025 5169 2728 5170 2727 5170 3025 5170 2597 5171 2731 5171 2729 5171 2597 5172 2729 5172 2730 5172 3462 5173 2731 5173 2597 5173 3462 5174 2597 5174 2732 5174 3443 5175 3462 5175 2732 5175 3443 5176 2732 5176 2733 5176 2596 5177 2597 5177 2730 5177 2596 5178 2730 5178 2726 5178 2735 5179 2736 5179 2737 5179 2735 5180 2737 5180 2418 5180 2735 5181 2418 5181 2738 5181 2735 5182 2738 5182 2739 5182 2728 5183 2739 5183 2740 5183 2741 5184 2728 5184 2740 5184 2741 5185 2740 5185 2742 5185 2743 5186 2741 5186 2742 5186 2728 5187 2742 5187 2727 5187 2728 5188 2743 5188 2742 5188 2737 5189 2736 5189 2744 5189 2745 5190 2737 5190 2744 5190 2745 5191 2744 5191 2747 5191 2746 5192 2745 5192 2747 5192 2746 5193 2747 5193 2748 5193 2468 5194 2746 5194 2748 5194 2468 5195 2748 5195 2736 5195 2755 5196 2750 5196 2751 5196 2752 5197 2753 5197 2754 5197 2758 5198 2751 5198 2749 5198 2758 5199 2755 5199 2751 5199 2758 5200 2914 5200 2755 5200 2758 5201 2915 5201 2914 5201 2756 5202 2753 5202 2752 5202 2757 5203 2607 5203 2758 5203 2761 5204 2762 5204 2909 5204 2761 5205 2763 5205 2762 5205 2761 5206 2756 5206 2763 5206 2764 5207 2765 5207 2759 5207 2768 5208 2769 5208 2764 5208 2768 5209 2919 5209 2769 5209 2770 5210 2766 5210 2771 5210 2770 5211 2767 5211 2766 5211 2772 5212 2768 5212 2764 5212 2773 5213 2767 5213 2770 5213 2773 5214 2761 5214 2767 5214 2773 5215 2753 5215 2756 5215 2773 5216 2749 5216 2753 5216 2773 5217 2756 5217 2761 5217 2774 5218 2764 5218 2759 5218 2774 5219 2772 5219 2764 5219 2774 5220 2921 5220 2772 5220 2775 5221 2906 5221 2905 5221 2775 5222 2776 5222 2906 5222 2775 5223 2773 5223 2776 5223 2777 5224 2922 5224 2778 5224 2779 5225 2773 5225 2775 5225 2779 5226 2775 5226 2780 5226 2781 5227 2778 5227 2774 5227 2781 5228 2782 5228 2777 5228 2781 5229 2924 5229 2782 5229 2781 5230 2777 5230 2778 5230 2783 5231 2902 5231 2784 5231 2783 5232 2779 5232 2902 5232 2785 5233 2779 5233 2783 5233 2785 5234 2773 5234 2779 5234 2786 5235 2787 5235 2781 5235 2786 5236 2925 5236 2787 5236 2788 5237 2773 5237 2785 5237 2789 5238 2758 5238 2749 5238 2789 5239 2757 5239 2758 5239 2789 5240 2773 5240 2788 5240 2789 5241 2760 5241 2757 5241 2789 5242 2749 5242 2773 5242 2790 5243 2926 5243 2786 5243 2791 5244 2789 5244 2901 5244 2792 5245 2790 5245 2786 5245 2792 5246 2786 5246 2781 5246 2793 5247 2789 5247 2791 5247 2794 5248 2789 5248 2793 5248 2795 5249 2928 5249 2792 5249 2796 5250 2794 5250 2900 5250 2796 5251 2760 5251 2789 5251 2796 5252 2789 5252 2794 5252 2797 5253 2929 5253 2795 5253 2797 5254 2795 5254 2792 5254 2798 5255 2774 5255 2759 5255 2798 5256 2796 5256 2799 5256 2798 5257 2759 5257 2760 5257 2798 5258 2760 5258 2796 5258 2800 5259 2801 5259 2797 5259 2800 5260 2797 5260 2792 5260 2802 5261 2798 5261 2899 5261 2803 5262 2646 5262 2800 5262 2805 5263 2892 5263 2804 5263 2805 5264 2803 5264 2800 5264 2805 5265 2804 5265 2803 5265 2806 5266 2807 5266 2808 5266 2806 5267 2809 5267 2807 5267 2806 5268 2810 5268 2809 5268 2812 5269 2798 5269 2802 5269 2812 5270 2802 5270 2810 5270 2812 5271 2810 5271 2806 5271 2813 5272 2893 5272 2811 5272 2813 5273 2811 5273 2805 5273 2814 5274 2774 5274 2798 5274 2814 5275 2781 5275 2774 5275 2814 5276 2798 5276 2812 5276 2815 5277 2652 5277 2813 5277 2815 5278 2800 5278 2792 5278 2815 5279 2805 5279 2800 5279 2815 5280 2781 5280 2814 5280 2815 5281 2792 5281 2781 5281 2815 5282 2813 5282 2805 5282 2816 5283 2814 5283 2896 5283 2817 5284 2818 5284 2815 5284 2816 5285 2815 5285 2814 5285 2816 5286 2817 5286 2815 5286 2819 5287 2839 5287 2444 5287 2819 5288 2444 5288 2446 5288 3431 5289 2446 5289 2445 5289 3431 5290 2819 5290 2446 5290 3440 5291 2445 5291 2443 5291 3440 5292 3431 5292 2445 5292 2820 5293 3440 5293 2443 5293 3443 5294 2733 5294 2821 5294 2822 5295 3443 5295 2821 5295 2822 5296 2821 5296 2823 5296 2824 5297 2822 5297 2823 5297 2824 5298 2823 5298 2825 5298 2826 5299 2824 5299 2825 5299 2826 5300 2825 5300 2828 5300 2827 5301 2826 5301 2828 5301 2829 5302 2828 5302 2830 5302 2829 5303 2827 5303 2828 5303 2831 5304 2829 5304 2830 5304 2831 5305 2830 5305 2832 5305 2833 5306 2831 5306 2832 5306 2834 5307 2833 5307 2832 5307 2834 5308 2832 5308 2835 5308 2836 5309 2835 5309 2837 5309 2836 5310 2834 5310 2835 5310 2838 5311 2837 5311 2839 5311 2838 5312 2836 5312 2837 5312 2819 5313 2838 5313 2839 5313 2443 5314 2441 5314 2820 5314 2429 5315 2840 5315 2841 5315 2429 5316 2841 5316 2843 5316 2429 5317 2842 5317 2840 5317 2430 5318 2842 5318 2429 5318 2429 5319 2843 5319 2845 5319 2430 5320 2844 5320 2842 5320 2430 5321 2846 5321 2844 5321 2429 5322 2845 5322 2847 5322 2430 5323 2848 5323 2846 5323 733 5324 2429 5324 2847 5324 2430 5325 2466 5325 2848 5325 2849 5326 733 5326 2847 5326 2428 5327 733 5327 2849 5327 2431 5328 2466 5328 2430 5328 2850 5329 2428 5329 2849 5329 731 5330 2428 5330 2850 5330 2851 5331 731 5331 2850 5331 2852 5332 731 5332 2851 5332 727 5333 2852 5333 2853 5333 727 5334 2853 5334 2854 5334 727 5335 731 5335 2852 5335 2427 5336 727 5336 2854 5336 2426 5337 2854 5337 2855 5337 2426 5338 2427 5338 2854 5338 2856 5339 2426 5339 2855 5339 2425 5340 2426 5340 2856 5340 2425 5341 2856 5341 2857 5341 699 5342 2425 5342 2857 5342 2424 5343 699 5343 2857 5343 2424 5344 2857 5344 2858 5344 2859 5345 2424 5345 2858 5345 2423 5346 2424 5346 2859 5346 742 5347 2468 5347 2431 5347 2860 5348 2423 5348 2859 5348 2746 5349 2468 5349 742 5349 2745 5350 2746 5350 742 5350 2861 5351 2423 5351 2860 5351 2737 5352 2745 5352 742 5352 2737 5353 742 5353 2432 5353 2422 5354 2423 5354 2861 5354 2862 5355 2422 5355 2861 5355 2863 5356 2422 5356 2862 5356 2863 5357 712 5357 2422 5357 2864 5358 712 5358 2863 5358 2865 5359 712 5359 2864 5359 2866 5360 712 5360 2865 5360 716 5361 712 5361 2866 5361 2867 5362 716 5362 2866 5362 2868 5363 716 5363 2867 5363 2869 5364 716 5364 2868 5364 2870 5365 716 5365 2869 5365 2871 5366 716 5366 2870 5366 2872 5367 716 5367 2871 5367 2421 5368 716 5368 2872 5368 2727 5369 2419 5369 2420 5369 2727 5370 2420 5370 2421 5370 2742 5371 2419 5371 2727 5371 2738 5372 2418 5372 2419 5372 2740 5373 2419 5373 2742 5373 2739 5374 2738 5374 2419 5374 2740 5375 2739 5375 2419 5375 2468 5376 2466 5376 2431 5376 2872 5377 2727 5377 2421 5377 2418 5378 2737 5378 2432 5378 3538 5379 2723 5379 2456 5379 3538 5380 2456 5380 2457 5380 2873 5381 2457 5381 2458 5381 2873 5382 3538 5382 2457 5382 3525 5383 2458 5383 4009 5383 3525 5384 4009 5384 2874 5384 3525 5385 2873 5385 2458 5385 3525 5386 2874 5386 2876 5386 2875 5387 3525 5387 2876 5387 2877 5388 2876 5388 2878 5388 2877 5389 2875 5389 2876 5389 2879 5390 2878 5390 2880 5390 2879 5391 2877 5391 2878 5391 2881 5392 2880 5392 2882 5392 2881 5393 2879 5393 2880 5393 2883 5394 2882 5394 2884 5394 2883 5395 2881 5395 2882 5395 2885 5396 2883 5396 2884 5396 2885 5397 2884 5397 2886 5397 2887 5398 2885 5398 2886 5398 2887 5399 2886 5399 2888 5399 2889 5400 2887 5400 2888 5400 2890 5401 2888 5401 2891 5401 2890 5402 2889 5402 2888 5402 3524 5403 2891 5403 2459 5403 3524 5404 2890 5404 2891 5404 2645 5405 2801 5405 2800 5405 2646 5406 2645 5406 2800 5406 2804 5407 2648 5407 2646 5407 2804 5408 2646 5408 2803 5408 2892 5409 2648 5409 2804 5409 2892 5410 2649 5410 2648 5410 2811 5411 2651 5411 2649 5411 2811 5412 2892 5412 2805 5412 2811 5413 2649 5413 2892 5413 2893 5414 2652 5414 2651 5414 2893 5415 2651 5415 2811 5415 2652 5416 2893 5416 2813 5416 2894 5417 2815 5417 2818 5417 2894 5418 2818 5418 2817 5418 2894 5419 2895 5419 2652 5419 2894 5420 2652 5420 2815 5420 2895 5421 2817 5421 2816 5421 2895 5422 2894 5422 2817 5422 2896 5423 2895 5423 2816 5423 2896 5424 2654 5424 2895 5424 2896 5425 2655 5425 2654 5425 2814 5426 2657 5426 2655 5426 2814 5427 2655 5427 2896 5427 2897 5428 2814 5428 2812 5428 2897 5429 2812 5429 2806 5429 2897 5430 2658 5430 2657 5430 2897 5431 2659 5431 2658 5431 2897 5432 2657 5432 2814 5432 2808 5433 2897 5433 2806 5433 2808 5434 2659 5434 2897 5434 2808 5435 2660 5435 2659 5435 2807 5436 2661 5436 2660 5436 2807 5437 2662 5437 2661 5437 2807 5438 2660 5438 2808 5438 2898 5439 2809 5439 2810 5439 2898 5440 2810 5440 2802 5440 2898 5441 2663 5441 2662 5441 2898 5442 2807 5442 2809 5442 2898 5443 2662 5443 2807 5443 2899 5444 2898 5444 2802 5444 2899 5445 2663 5445 2898 5445 2899 5446 2664 5446 2663 5446 2799 5447 2640 5447 2664 5447 2799 5448 2899 5448 2798 5448 2799 5449 2664 5449 2899 5449 2796 5450 2638 5450 2640 5450 2796 5451 2640 5451 2799 5451 2900 5452 2638 5452 2796 5452 2900 5453 2637 5453 2638 5453 2793 5454 2631 5454 2637 5454 2793 5455 2900 5455 2794 5455 2793 5456 2637 5456 2900 5456 2631 5457 2793 5457 2791 5457 2631 5458 2791 5458 2901 5458 2901 5459 2632 5459 2631 5459 2901 5460 2629 5460 2632 5460 2901 5461 2789 5461 2788 5461 2629 5462 2901 5462 2788 5462 2629 5463 2788 5463 2785 5463 2784 5464 2785 5464 2783 5464 2784 5465 2629 5465 2785 5465 2903 5466 2902 5466 2779 5466 2903 5467 2779 5467 2780 5467 2904 5468 2780 5468 2775 5468 2904 5469 2775 5469 2905 5469 2904 5470 2903 5470 2780 5470 2906 5471 2614 5471 2905 5471 2907 5472 2614 5472 2906 5472 2907 5473 2906 5473 2776 5473 2907 5474 2615 5474 2614 5474 2907 5475 2776 5475 2773 5475 2907 5476 2773 5476 2770 5476 2771 5477 2616 5477 2615 5477 2771 5478 2907 5478 2770 5478 2771 5479 2615 5479 2907 5479 2766 5480 2617 5480 2616 5480 2766 5481 2616 5481 2771 5481 2908 5482 2766 5482 2767 5482 2908 5483 2617 5483 2766 5483 2908 5484 2610 5484 2617 5484 2908 5485 2767 5485 2761 5485 2909 5486 2908 5486 2761 5486 2909 5487 2610 5487 2908 5487 2909 5488 2608 5488 2610 5488 2910 5489 2606 5489 2608 5489 2910 5490 2762 5490 2763 5490 2910 5491 2763 5491 2756 5491 2910 5492 2909 5492 2762 5492 2910 5493 2608 5493 2909 5493 2911 5494 2910 5494 2756 5494 2911 5495 2606 5495 2910 5495 2911 5496 2604 5496 2606 5496 2911 5497 2756 5497 2752 5497 2754 5498 2911 5498 2752 5498 2754 5499 2604 5499 2911 5499 2754 5500 2600 5500 2604 5500 2600 5501 2754 5501 2753 5501 2912 5502 2753 5502 2749 5502 2912 5503 2600 5503 2753 5503 2913 5504 2749 5504 2751 5504 2913 5505 2912 5505 2749 5505 2750 5506 2913 5506 2751 5506 2601 5507 2750 5507 2755 5507 2914 5508 2601 5508 2755 5508 2914 5509 2603 5509 2601 5509 2915 5510 2603 5510 2914 5510 2915 5511 2605 5511 2603 5511 2607 5512 2605 5512 2915 5512 2607 5513 2915 5513 2758 5513 2916 5514 2607 5514 2757 5514 2916 5515 2609 5515 2607 5515 2916 5516 2757 5516 2760 5516 2917 5517 2609 5517 2916 5517 2917 5518 2611 5518 2609 5518 2917 5519 2760 5519 2759 5519 2917 5520 2759 5520 2765 5520 2917 5521 2916 5521 2760 5521 2918 5522 2611 5522 2917 5522 2918 5523 2612 5523 2611 5523 2918 5524 2619 5524 2612 5524 2918 5525 2917 5525 2765 5525 2918 5526 2765 5526 2764 5526 2918 5527 2764 5527 2769 5527 2919 5528 2918 5528 2769 5528 2919 5529 2619 5529 2918 5529 2919 5530 2620 5530 2619 5530 2920 5531 2620 5531 2919 5531 2920 5532 2919 5532 2768 5532 2920 5533 2621 5533 2620 5533 2920 5534 2768 5534 2772 5534 2921 5535 2621 5535 2920 5535 2921 5536 2920 5536 2772 5536 2921 5537 2622 5537 2621 5537 2623 5538 2774 5538 2778 5538 2623 5539 2921 5539 2774 5539 2623 5540 2622 5540 2921 5540 2922 5541 2624 5541 2623 5541 2922 5542 2623 5542 2778 5542 2923 5543 2625 5543 2624 5543 2923 5544 2922 5544 2777 5544 2923 5545 2777 5545 2782 5545 2923 5546 2624 5546 2922 5546 2924 5547 2625 5547 2923 5547 2924 5548 2626 5548 2625 5548 2924 5549 2923 5549 2782 5549 2787 5550 2925 5550 2626 5550 2787 5551 2924 5551 2781 5551 2787 5552 2626 5552 2924 5552 2627 5553 2925 5553 2786 5553 2627 5554 2786 5554 2926 5554 2926 5555 2633 5555 2630 5555 2926 5556 2630 5556 2627 5556 2927 5557 2635 5557 2633 5557 2927 5558 2636 5558 2635 5558 2927 5559 2790 5559 2792 5559 2927 5560 2792 5560 2928 5560 2927 5561 2926 5561 2790 5561 2927 5562 2633 5562 2926 5562 2928 5563 2636 5563 2927 5563 2929 5564 2636 5564 2928 5564 2929 5565 2928 5565 2795 5565 2929 5566 2641 5566 2636 5566 2930 5567 2644 5567 2641 5567 2930 5568 2929 5568 2797 5568 2930 5569 2797 5569 2801 5569 2930 5570 2801 5570 2645 5570 2930 5571 2645 5571 2644 5571 2930 5572 2641 5572 2929 5572 2931 5573 2932 5573 2933 5573 2931 5574 2934 5574 2932 5574 2935 5575 2933 5575 2936 5575 2935 5576 2931 5576 2933 5576 2937 5577 2936 5577 2938 5577 2937 5578 2935 5578 2936 5578 2939 5579 2938 5579 2940 5579 2939 5580 2937 5580 2938 5580 2941 5581 2940 5581 2942 5581 2941 5582 2939 5582 2940 5582 2943 5583 2942 5583 2944 5583 2943 5584 2941 5584 2942 5584 2945 5585 2944 5585 2946 5585 2945 5586 2943 5586 2944 5586 2947 5587 2946 5587 2948 5587 2947 5588 2945 5588 2946 5588 2949 5589 2948 5589 2950 5589 2949 5590 2947 5590 2948 5590 2951 5591 2950 5591 2952 5591 2951 5592 2949 5592 2950 5592 2953 5593 2951 5593 2952 5593 2953 5594 2952 5594 2954 5594 2955 5595 2953 5595 2954 5595 2955 5596 2954 5596 2956 5596 2957 5597 2955 5597 2956 5597 2957 5598 2956 5598 2958 5598 2959 5599 2958 5599 2960 5599 2959 5600 2957 5600 2958 5600 2959 5601 2960 5601 2961 5601 2962 5602 2959 5602 2961 5602 2963 5603 2961 5603 2964 5603 2963 5604 2964 5604 2965 5604 2963 5605 2962 5605 2961 5605 2966 5606 2965 5606 2967 5606 2966 5607 2963 5607 2965 5607 2968 5608 2966 5608 2967 5608 2969 5609 2967 5609 2970 5609 2969 5610 2970 5610 2971 5610 2969 5611 2968 5611 2967 5611 2972 5612 2971 5612 2973 5612 2972 5613 2969 5613 2971 5613 2974 5614 2972 5614 2973 5614 2975 5615 2973 5615 2976 5615 2975 5616 2974 5616 2973 5616 2977 5617 2976 5617 2978 5617 2977 5618 2978 5618 2979 5618 2977 5619 2975 5619 2976 5619 2932 5620 2981 5620 2982 5620 2934 5621 2981 5621 2932 5621 2983 5622 2984 5622 2985 5622 2986 5623 2985 5623 2987 5623 2986 5624 2983 5624 2985 5624 2988 5625 2987 5625 2989 5625 2988 5626 2986 5626 2987 5626 2990 5627 2989 5627 2991 5627 2990 5628 2988 5628 2989 5628 2992 5629 2991 5629 2993 5629 2992 5630 2990 5630 2991 5630 2994 5631 2993 5631 2995 5631 2994 5632 2992 5632 2993 5632 2996 5633 2995 5633 2997 5633 2996 5634 2994 5634 2995 5634 3170 5635 2999 5635 3000 5635 3170 5636 2998 5636 2999 5636 3005 5637 3004 5637 3006 5637 3007 5638 3005 5638 3006 5638 3007 5639 3006 5639 3008 5639 3009 5640 3007 5640 3008 5640 3009 5641 3008 5641 3010 5641 3011 5642 3009 5642 3010 5642 3011 5643 3010 5643 3012 5643 3013 5644 3011 5644 3012 5644 3013 5645 3012 5645 3014 5645 3015 5646 3013 5646 3014 5646 3015 5647 3014 5647 3016 5647 3017 5648 3015 5648 3016 5648 3017 5649 3016 5649 3018 5649 3019 5650 3017 5650 3018 5650 3019 5651 3018 5651 3020 5651 3021 5652 3019 5652 3020 5652 3021 5653 3020 5653 3022 5653 3023 5654 3022 5654 3024 5654 3023 5655 3021 5655 3022 5655 2981 5656 3024 5656 2982 5656 2981 5657 3023 5657 3024 5657 2741 5658 2743 5658 2728 5658 2735 5659 2739 5659 2728 5659 2735 5660 2728 5660 3025 5660 2735 5661 3025 5661 3026 5661 3394 5662 2735 5662 3026 5662 2736 5663 3394 5663 3375 5663 2736 5664 2735 5664 3394 5664 2744 5665 2736 5665 2748 5665 2747 5666 2744 5666 2748 5666 3029 5667 3027 5667 3028 5667 3030 5668 3029 5668 3031 5668 3032 5669 3031 5669 3033 5669 3032 5670 3030 5670 3031 5670 3034 5671 3033 5671 3035 5671 3034 5672 3032 5672 3033 5672 3036 5673 3035 5673 3037 5673 3036 5674 3034 5674 3035 5674 3038 5675 3036 5675 3037 5675 3027 5676 2695 5676 3028 5676 3028 5677 2695 5677 2693 5677 3045 5678 3046 5678 3047 5678 3047 5679 3046 5679 3049 5679 3046 5680 3048 5680 3049 5680 3050 5681 3051 5681 3121 5681 3052 5682 3050 5682 3121 5682 3203 5683 3205 5683 3099 5683 3292 5684 3203 5684 3099 5684 3054 5685 3055 5685 3050 5685 3050 5686 3055 5686 3051 5686 3056 5687 3149 5687 3242 5687 3250 5688 3058 5688 3059 5688 3249 5689 3250 5689 3059 5689 3054 5690 3059 5690 3055 5690 3054 5691 3249 5691 3059 5691 3067 5692 3195 5692 3190 5692 3199 5693 3060 5693 3061 5693 3199 5694 3061 5694 3062 5694 3064 5695 3060 5695 3199 5695 3064 5696 3199 5696 3198 5696 3197 5697 3064 5697 3198 5697 3066 5698 3197 5698 3063 5698 3065 5699 3066 5699 3063 5699 3070 5700 3069 5700 3195 5700 3070 5701 3195 5701 3067 5701 3068 5702 3066 5702 3065 5702 3068 5703 3065 5703 3069 5703 3072 5704 3068 5704 3069 5704 3072 5705 3069 5705 3070 5705 3062 5706 3061 5706 3073 5706 3073 5707 3061 5707 3074 5707 3254 5708 3075 5708 3171 5708 3076 5709 3171 5709 3077 5709 3076 5710 3254 5710 3171 5710 3080 5711 3078 5711 3169 5711 3080 5712 3077 5712 3078 5712 3081 5713 3080 5713 3169 5713 3077 5714 3261 5714 3076 5714 3079 5715 3081 5715 3169 5715 3082 5716 3261 5716 3077 5716 3080 5717 3081 5717 3083 5717 3080 5718 3083 5718 3082 5718 3080 5719 3082 5719 3077 5719 3084 5720 3165 5720 3085 5720 3084 5721 3085 5721 3073 5721 3084 5722 3073 5722 3074 5722 3084 5723 3074 5723 3491 5723 3084 5724 3491 5724 3086 5724 3084 5725 3086 5725 3165 5725 3086 5726 3079 5726 3165 5726 3121 5727 3051 5727 3091 5727 2984 5728 3285 5728 2985 5728 2985 5729 3285 5729 2987 5729 3285 5730 3092 5730 2987 5730 2987 5731 3092 5731 2989 5731 2989 5732 3092 5732 2991 5732 2991 5733 3092 5733 2993 5733 3285 5734 3093 5734 3092 5734 2993 5735 3092 5735 2995 5735 3092 5736 3094 5736 2995 5736 2995 5737 3094 5737 2997 5737 2997 5738 3094 5738 2998 5738 3096 5739 3094 5739 3092 5739 2998 5740 3094 5740 2999 5740 3093 5741 3096 5741 3092 5741 2999 5742 3094 5742 3000 5742 3094 5743 3095 5743 3000 5743 3000 5744 3095 5744 3001 5744 3001 5745 3095 5745 3002 5745 3095 5746 3006 5746 3002 5746 3002 5747 3006 5747 3003 5747 3098 5748 3096 5748 3093 5748 3094 5749 3097 5749 3095 5749 3096 5750 3097 5750 3094 5750 3003 5751 3006 5751 3004 5751 3095 5752 3101 5752 3006 5752 3098 5753 3099 5753 3096 5753 3096 5754 3099 5754 3097 5754 3008 5755 3006 5755 3010 5755 3097 5756 3101 5756 3095 5756 3098 5757 3292 5757 3099 5757 3006 5758 3101 5758 3010 5758 3097 5759 3100 5759 3101 5759 3099 5760 3100 5760 3097 5760 3010 5761 3101 5761 3012 5761 3012 5762 3101 5762 3014 5762 3014 5763 3102 5763 3016 5763 3101 5764 3102 5764 3014 5764 3101 5765 3103 5765 3102 5765 3100 5766 3103 5766 3101 5766 3099 5767 3205 5767 3100 5767 3016 5768 3102 5768 3018 5768 3018 5769 3102 5769 3020 5769 3102 5770 3104 5770 3020 5770 3205 5771 3053 5771 3100 5771 3020 5772 3104 5772 3022 5772 3103 5773 3110 5773 3102 5773 3102 5774 3110 5774 3104 5774 3100 5775 3111 5775 3103 5775 2982 5776 3104 5776 3105 5776 3022 5777 3104 5777 3024 5777 3024 5778 3104 5778 2982 5778 3100 5779 3053 5779 3111 5779 3105 5780 3104 5780 3106 5780 3106 5781 3104 5781 3108 5781 3103 5782 3107 5782 3110 5782 3108 5783 3104 5783 3109 5783 3103 5784 3111 5784 3107 5784 3104 5785 3110 5785 3109 5785 3109 5786 3110 5786 3112 5786 3112 5787 3110 5787 3113 5787 3113 5788 3110 5788 3114 5788 3114 5789 3110 5789 3115 5789 3111 5790 3121 5790 3107 5790 3115 5791 3110 5791 3116 5791 3116 5792 3110 5792 3117 5792 3110 5793 3107 5793 3117 5793 3117 5794 3107 5794 3118 5794 3118 5795 3107 5795 3119 5795 3119 5796 3107 5796 3120 5796 3120 5797 3107 5797 3091 5797 3107 5798 3121 5798 3091 5798 2932 5799 2982 5799 3122 5799 2982 5800 3105 5800 3122 5800 3122 5801 3106 5801 3123 5801 3105 5802 3106 5802 3122 5802 3123 5803 3108 5803 3124 5803 3106 5804 3108 5804 3123 5804 3124 5805 3109 5805 3125 5805 3108 5806 3109 5806 3124 5806 3125 5807 3112 5807 3126 5807 3126 5808 3112 5808 3127 5808 3109 5809 3112 5809 3125 5809 3112 5810 3113 5810 3127 5810 3127 5811 3114 5811 3128 5811 3128 5812 3114 5812 3129 5812 3113 5813 3114 5813 3127 5813 3114 5814 3115 5814 3129 5814 3129 5815 3116 5815 3130 5815 3130 5816 3116 5816 3131 5816 3115 5817 3116 5817 3129 5817 3116 5818 3117 5818 3131 5818 3131 5819 3118 5819 3132 5819 3132 5820 3118 5820 3133 5820 3117 5821 3118 5821 3131 5821 3118 5822 3119 5822 3133 5822 3133 5823 3120 5823 3134 5823 3119 5824 3120 5824 3133 5824 3134 5825 3091 5825 3135 5825 3135 5826 3091 5826 3055 5826 3120 5827 3091 5827 3134 5827 3091 5828 3051 5828 3055 5828 3122 5829 3136 5829 2932 5829 2932 5830 3136 5830 2933 5830 3123 5831 3136 5831 3122 5831 3124 5832 3136 5832 3123 5832 2933 5833 3136 5833 2936 5833 3125 5834 3136 5834 3124 5834 3126 5835 3137 5835 3125 5835 3125 5836 3137 5836 3136 5836 2936 5837 3137 5837 2938 5837 3136 5838 3137 5838 2936 5838 3127 5839 3137 5839 3126 5839 2938 5840 3137 5840 2940 5840 3128 5841 3138 5841 3127 5841 3127 5842 3138 5842 3137 5842 3129 5843 3138 5843 3128 5843 2940 5844 3137 5844 2942 5844 3130 5845 3138 5845 3129 5845 3130 5846 3141 5846 3138 5846 3131 5847 3141 5847 3130 5847 2942 5848 3140 5848 2944 5848 3137 5849 3140 5849 2942 5849 3132 5850 3141 5850 3131 5850 3133 5851 3141 5851 3132 5851 3134 5852 3141 5852 3133 5852 2944 5853 3140 5853 2946 5853 3135 5854 3059 5854 3134 5854 3134 5855 3059 5855 3141 5855 3138 5856 3140 5856 3137 5856 3141 5857 3139 5857 3138 5857 3055 5858 3059 5858 3135 5858 2946 5859 3140 5859 2948 5859 3138 5860 3139 5860 3140 5860 3141 5861 3058 5861 3139 5861 2948 5862 3140 5862 2950 5862 3139 5863 3143 5863 3140 5863 3141 5864 3059 5864 3058 5864 2950 5865 3140 5865 2952 5865 3140 5866 3142 5866 2952 5866 2952 5867 3142 5867 2954 5867 2954 5868 3142 5868 2956 5868 3058 5869 3143 5869 3139 5869 2956 5870 3142 5870 2958 5870 3058 5871 3057 5871 3143 5871 3252 5872 3057 5872 3058 5872 2958 5873 3144 5873 2960 5873 3142 5874 3144 5874 2958 5874 3140 5875 3145 5875 3142 5875 2960 5876 3144 5876 2961 5876 3143 5877 3145 5877 3140 5877 2961 5878 3144 5878 2964 5878 2964 5879 3144 5879 2965 5879 3143 5880 3242 5880 3145 5880 3057 5881 3242 5881 3143 5881 2965 5882 3144 5882 2967 5882 3145 5883 3148 5883 3142 5883 2967 5884 3146 5884 2970 5884 3144 5885 3146 5885 2967 5885 2970 5886 3146 5886 2971 5886 3142 5887 3148 5887 3144 5887 3145 5888 3149 5888 3148 5888 2971 5889 3146 5889 2973 5889 3242 5890 3149 5890 3145 5890 3146 5891 3147 5891 2973 5891 2973 5892 3147 5892 2976 5892 3150 5893 3144 5893 3148 5893 2976 5894 3147 5894 2978 5894 3150 5895 3148 5895 3149 5895 3147 5896 3151 5896 2978 5896 3150 5897 3146 5897 3144 5897 2978 5898 3151 5898 2979 5898 2979 5899 3151 5899 2980 5899 3152 5900 3158 5900 2981 5900 2981 5901 3158 5901 3023 5901 3153 5902 3158 5902 3152 5902 3154 5903 3158 5903 3153 5903 3023 5904 3158 5904 3021 5904 3155 5905 3158 5905 3154 5905 3156 5906 3158 5906 3155 5906 3021 5907 3158 5907 3019 5907 3157 5908 3160 5908 3156 5908 3156 5909 3160 5909 3158 5909 3019 5910 3158 5910 3017 5910 3159 5911 3160 5911 3157 5911 3161 5912 3085 5912 3159 5912 3159 5913 3085 5913 3160 5913 3017 5914 3158 5914 3015 5914 3162 5915 3085 5915 3161 5915 3073 5916 3085 5916 3163 5916 3163 5917 3085 5917 3162 5917 3015 5918 3164 5918 3013 5918 3158 5919 3164 5919 3015 5919 3013 5920 3164 5920 3011 5920 3085 5921 3165 5921 3160 5921 3011 5922 3164 5922 3009 5922 3160 5923 3167 5923 3158 5923 3167 5924 3164 5924 3158 5924 3009 5925 3164 5925 3007 5925 3160 5926 3165 5926 3167 5926 3007 5927 3166 5927 3005 5927 3164 5928 3166 5928 3007 5928 3164 5929 3167 5929 3166 5929 3169 5930 3167 5930 3079 5930 3079 5931 3167 5931 3165 5931 3005 5932 3166 5932 3004 5932 3004 5933 3166 5933 3003 5933 3167 5934 3169 5934 3166 5934 3003 5935 3168 5935 3002 5935 3166 5936 3168 5936 3003 5936 3002 5937 3168 5937 3001 5937 3169 5938 3078 5938 3166 5938 3001 5939 3168 5939 3000 5939 3168 5940 3170 5940 3000 5940 3078 5941 3168 5941 3166 5941 3078 5942 3171 5942 3168 5942 3168 5943 3175 5943 3170 5943 2998 5944 2996 5944 2997 5944 3170 5945 2996 5945 2998 5945 3077 5946 3171 5946 3078 5946 3171 5947 3175 5947 3168 5947 3170 5948 3175 5948 2996 5948 3175 5949 3172 5949 2996 5949 2994 5950 3172 5950 2992 5950 2996 5951 3172 5951 2994 5951 2992 5952 3172 5952 2990 5952 3075 5953 3173 5953 3171 5953 3171 5954 3173 5954 3175 5954 2990 5955 3174 5955 2988 5955 3172 5956 3174 5956 2990 5956 2988 5957 3174 5957 2986 5957 3173 5958 3172 5958 3175 5958 3176 5959 3172 5959 3173 5959 2986 5960 3174 5960 2983 5960 3176 5961 3174 5961 3172 5961 2981 5962 2934 5962 3152 5962 3152 5963 3177 5963 3153 5963 2934 5964 3177 5964 3152 5964 3153 5965 3178 5965 3154 5965 3177 5966 3178 5966 3153 5966 3154 5967 3179 5967 3155 5967 3178 5968 3179 5968 3154 5968 3155 5969 3180 5969 3156 5969 3179 5970 3180 5970 3155 5970 3156 5971 3181 5971 3157 5971 3180 5972 3181 5972 3156 5972 3157 5973 3182 5973 3159 5973 3181 5974 3182 5974 3157 5974 3159 5975 3183 5975 3161 5975 3182 5976 3183 5976 3159 5976 3161 5977 3184 5977 3162 5977 3183 5978 3184 5978 3161 5978 3162 5979 3185 5979 3163 5979 3184 5980 3185 5980 3162 5980 3163 5981 3186 5981 3073 5981 3185 5982 3186 5982 3163 5982 3186 5983 3062 5983 3073 5983 3199 5984 3062 5984 3186 5984 2980 5985 3332 5985 2979 5985 2979 5986 3187 5986 2977 5986 3332 5987 3187 5987 2979 5987 2977 5988 3187 5988 2975 5988 2975 5989 3187 5989 2974 5989 2974 5990 3188 5990 2972 5990 3187 5991 3188 5991 2974 5991 2972 5992 3188 5992 2969 5992 2969 5993 3188 5993 2968 5993 3187 5994 3189 5994 3188 5994 2968 5995 3188 5995 2966 5995 2966 5996 3189 5996 2963 5996 3188 5997 3189 5997 2966 5997 3335 5998 3189 5998 3187 5998 3189 5999 3192 5999 2963 5999 2963 6000 3192 6000 2962 6000 2962 6001 3192 6001 2959 6001 3335 6002 3190 6002 3189 6002 2959 6003 3191 6003 2957 6003 3192 6004 3191 6004 2959 6004 2957 6005 3191 6005 2955 6005 3190 6006 3192 6006 3189 6006 2955 6007 3191 6007 2953 6007 2953 6008 3191 6008 2951 6008 3192 6009 3193 6009 3191 6009 3190 6010 3195 6010 3192 6010 2951 6011 3191 6011 2949 6011 3191 6012 3194 6012 2949 6012 3195 6013 3193 6013 3192 6013 2949 6014 3194 6014 2947 6014 2947 6015 3194 6015 2945 6015 3069 6016 3065 6016 3195 6016 3195 6017 3065 6017 3193 6017 3193 6018 3063 6018 3191 6018 3191 6019 3063 6019 3194 6019 2945 6020 3194 6020 2943 6020 2943 6021 3194 6021 2941 6021 3065 6022 3063 6022 3193 6022 2941 6023 3194 6023 2939 6023 3194 6024 3196 6024 2939 6024 2939 6025 3196 6025 2937 6025 2937 6026 3196 6026 2935 6026 3063 6027 3196 6027 3194 6027 2934 6028 3196 6028 3177 6028 2935 6029 3196 6029 2931 6029 2931 6030 3196 6030 2934 6030 3063 6031 3198 6031 3196 6031 3177 6032 3196 6032 3178 6032 3197 6033 3198 6033 3063 6033 3178 6034 3196 6034 3179 6034 3179 6035 3196 6035 3180 6035 3180 6036 3198 6036 3181 6036 3196 6037 3198 6037 3180 6037 3181 6038 3198 6038 3182 6038 3183 6039 3198 6039 3184 6039 3182 6040 3198 6040 3183 6040 3198 6041 3199 6041 3184 6041 3185 6042 3199 6042 3186 6042 3184 6043 3199 6043 3185 6043 3050 6044 3052 6044 3200 6044 3293 6045 3303 6045 2683 6045 3201 6046 3293 6046 2683 6046 3202 6047 3293 6047 3201 6047 2685 6048 3201 6048 2683 6048 2685 6049 2683 6049 2684 6049 3208 6050 3203 6050 3202 6050 3206 6051 3202 6051 3201 6051 3206 6052 3208 6052 3202 6052 3204 6053 3201 6053 2685 6053 3204 6054 2685 6054 2686 6054 3208 6055 3205 6055 3203 6055 3204 6056 3206 6056 3201 6056 3207 6057 2687 6057 2688 6057 3207 6058 2686 6058 2687 6058 3207 6059 3204 6059 2686 6059 3209 6060 3205 6060 3208 6060 3209 6061 3206 6061 3204 6061 3209 6062 3208 6062 3206 6062 3209 6063 3053 6063 3205 6063 3210 6064 3204 6064 3207 6064 3210 6065 2688 6065 2689 6065 3210 6066 3207 6066 2688 6066 3217 6067 3209 6067 3204 6067 3217 6068 3204 6068 3210 6068 3215 6069 2689 6069 2690 6069 3215 6070 3210 6070 2689 6070 3209 6071 3111 6071 3053 6071 3215 6072 2694 6072 2695 6072 3215 6073 2690 6073 2694 6073 3215 6074 2695 6074 3211 6074 3215 6075 3212 6075 3213 6075 3215 6076 3211 6076 3212 6076 3214 6077 3111 6077 3209 6077 3214 6078 3209 6078 3217 6078 3215 6079 3213 6079 3216 6079 3219 6080 3217 6080 3210 6080 3219 6081 3210 6081 3215 6081 3215 6082 3216 6082 3218 6082 3215 6083 3218 6083 3220 6083 3214 6084 3121 6084 3111 6084 3219 6085 3215 6085 3220 6085 3219 6086 3220 6086 3221 6086 3219 6087 3221 6087 3222 6087 3052 6088 3214 6088 3217 6088 3219 6089 3222 6089 3223 6089 3052 6090 3217 6090 3219 6090 3052 6091 3223 6091 3224 6091 3052 6092 3219 6092 3223 6092 3052 6093 3224 6093 3225 6093 3052 6094 3121 6094 3214 6094 3052 6095 3225 6095 3226 6095 3052 6096 3226 6096 3227 6096 3052 6097 3227 6097 3200 6097 3211 6098 2695 6098 3027 6098 3211 6099 3027 6099 3228 6099 3212 6100 3228 6100 3229 6100 3212 6101 3211 6101 3228 6101 3213 6102 3229 6102 3230 6102 3213 6103 3212 6103 3229 6103 3216 6104 3230 6104 3231 6104 3216 6105 3213 6105 3230 6105 3218 6106 3231 6106 3232 6106 3218 6107 3216 6107 3231 6107 3220 6108 3232 6108 3233 6108 3220 6109 3218 6109 3232 6109 3221 6110 3234 6110 3235 6110 3221 6111 3233 6111 3234 6111 3221 6112 3220 6112 3233 6112 3222 6113 3221 6113 3235 6113 3223 6114 3235 6114 3236 6114 3223 6115 3222 6115 3235 6115 3224 6116 3236 6116 3237 6116 3224 6117 3223 6117 3236 6117 3225 6118 3237 6118 3238 6118 3225 6119 3224 6119 3237 6119 3226 6120 3238 6120 3239 6120 3226 6121 3225 6121 3238 6121 3227 6122 3239 6122 3240 6122 3227 6123 3226 6123 3239 6123 3200 6124 3240 6124 3241 6124 3200 6125 3227 6125 3240 6125 3050 6126 3241 6126 3054 6126 3050 6127 3200 6127 3241 6127 3371 6128 3312 6128 3056 6128 3242 6129 3371 6129 3056 6129 3365 6130 3036 6130 3038 6130 3249 6131 3054 6131 3241 6131 3244 6132 3372 6132 3243 6132 3244 6133 3370 6133 3372 6133 3030 6134 3027 6134 3029 6134 3030 6135 3228 6135 3027 6135 3030 6136 3229 6136 3228 6136 3245 6137 3230 6137 3229 6137 3245 6138 3229 6138 3030 6138 3245 6139 3231 6139 3230 6139 3245 6140 3232 6140 3231 6140 3246 6141 3232 6141 3245 6141 3245 6142 3030 6142 3032 6142 3246 6143 3233 6143 3232 6143 3246 6144 3234 6144 3233 6144 3248 6145 3034 6145 3036 6145 3248 6146 3032 6146 3034 6146 3248 6147 3245 6147 3032 6147 3247 6148 3234 6148 3246 6148 3247 6149 3235 6149 3234 6149 3247 6150 3236 6150 3235 6150 3247 6151 3237 6151 3236 6151 3248 6152 3036 6152 3365 6152 3248 6153 3246 6153 3245 6153 3247 6154 3238 6154 3237 6154 3247 6155 3239 6155 3238 6155 3249 6156 3239 6156 3247 6156 3249 6157 3240 6157 3239 6157 3251 6158 3246 6158 3248 6158 3249 6159 3241 6159 3240 6159 3251 6160 3247 6160 3246 6160 3367 6161 3251 6161 3248 6161 3250 6162 3249 6162 3247 6162 3251 6163 3250 6163 3247 6163 3252 6164 3250 6164 3251 6164 3252 6165 3058 6165 3250 6165 3057 6166 3252 6166 3371 6166 3242 6167 3057 6167 3371 6167 3371 6168 3370 6168 3312 6168 3257 6169 3075 6169 3254 6169 3257 6170 3173 6170 3075 6170 3257 6171 3253 6171 3173 6171 3259 6172 3271 6172 3253 6172 3256 6173 3253 6173 3257 6173 3258 6174 3076 6174 3261 6174 3258 6175 3254 6175 3076 6175 3270 6176 3271 6176 3259 6176 3256 6177 3259 6177 3253 6177 3257 6178 3254 6178 3258 6178 3255 6179 2462 6179 2463 6179 3263 6180 3270 6180 3259 6180 3255 6181 3270 6181 3263 6181 3260 6182 3256 6182 3257 6182 3260 6183 3257 6183 3258 6183 3262 6184 3256 6184 3260 6184 3259 6185 3256 6185 3262 6185 3504 6186 3258 6186 3261 6186 3504 6187 3260 6187 3258 6187 3264 6188 2462 6188 3255 6188 3264 6189 3255 6189 3263 6189 3265 6190 3259 6190 3262 6190 3260 6191 3504 6191 3502 6191 3266 6192 3264 6192 3263 6192 3266 6193 3259 6193 3265 6193 3266 6194 3263 6194 3259 6194 3262 6195 3260 6195 3502 6195 3265 6196 3262 6196 3502 6196 3265 6197 3502 6197 3267 6197 3266 6198 3265 6198 3267 6198 3264 6199 3494 6199 2462 6199 3264 6200 3268 6200 3494 6200 3264 6201 3266 6201 3267 6201 2983 6202 3174 6202 3269 6202 3270 6203 3255 6203 2463 6203 3272 6204 3270 6204 2463 6204 3272 6205 3271 6205 3270 6205 3176 6206 3253 6206 3271 6206 3176 6207 3173 6207 3253 6207 3176 6208 3271 6208 3272 6208 3276 6209 3272 6209 2463 6209 3174 6210 3272 6210 3276 6210 3174 6211 3176 6211 3272 6211 3276 6212 2463 6212 2464 6212 3276 6213 3273 6213 3274 6213 3276 6214 2464 6214 3273 6214 3276 6215 3275 6215 3281 6215 3276 6216 3274 6216 3275 6216 3276 6217 3269 6217 3174 6217 3276 6218 3281 6218 3269 6218 3273 6219 2464 6219 3277 6219 3273 6220 3277 6220 3278 6220 3274 6221 3278 6221 3279 6221 3274 6222 3273 6222 3278 6222 3275 6223 3279 6223 3280 6223 3275 6224 3274 6224 3279 6224 3281 6225 3275 6225 3280 6225 2983 6226 3269 6226 2984 6226 3285 6227 2984 6227 3269 6227 3282 6228 3281 6228 3280 6228 3282 6229 3269 6229 3281 6229 3282 6230 3285 6230 3269 6230 3283 6231 3278 6231 3277 6231 3283 6232 3280 6232 3279 6232 3283 6233 3279 6233 3278 6233 3283 6234 3277 6234 2465 6234 3283 6235 3282 6235 3280 6235 3287 6236 3283 6236 2465 6236 3287 6237 3282 6237 3283 6237 3287 6238 3284 6238 3282 6238 3285 6239 3282 6239 3284 6239 3093 6240 3285 6240 3284 6240 3093 6241 3286 6241 3098 6241 3287 6242 2465 6242 3289 6242 3288 6243 3284 6243 3287 6243 3287 6244 3289 6244 3288 6244 3288 6245 3286 6245 3284 6245 3290 6246 3286 6246 3288 6246 3093 6247 3284 6247 3286 6247 3290 6248 3288 6248 3300 6248 3098 6249 3291 6249 3292 6249 3098 6250 3286 6250 3291 6250 3296 6251 3303 6251 3293 6251 3296 6252 3294 6252 3303 6252 3296 6253 3202 6253 3295 6253 3296 6254 3293 6254 3202 6254 3295 6255 3202 6255 3203 6255 3297 6256 3294 6256 3296 6256 3291 6257 3295 6257 3203 6257 3298 6258 3297 6258 3296 6258 3298 6259 3296 6259 3295 6259 3292 6260 3291 6260 3203 6260 3300 6261 3299 6261 3297 6261 3298 6262 3295 6262 3291 6262 3300 6263 3297 6263 3298 6263 3298 6264 3291 6264 3286 6264 3290 6265 3300 6265 3298 6265 3300 6266 3301 6266 3299 6266 3298 6267 3286 6267 3290 6267 3300 6268 3289 6268 3301 6268 3288 6269 3289 6269 3300 6269 3299 6270 3301 6270 3562 6270 3297 6271 3299 6271 3302 6271 3297 6272 3302 6272 3294 6272 3304 6273 3404 6273 3305 6273 3304 6274 2734 6274 3404 6274 3318 6275 3311 6275 2724 6275 2734 6276 3244 6276 3243 6276 3313 6277 3056 6277 3312 6277 3314 6278 3312 6278 3370 6278 3314 6279 3370 6279 3244 6279 3314 6280 3313 6280 3312 6280 3244 6281 2734 6281 3304 6281 3244 6282 3304 6282 3305 6282 3315 6283 3314 6283 3244 6283 3315 6284 3313 6284 3314 6284 3316 6285 3319 6285 3313 6285 3315 6286 3305 6286 3306 6286 3315 6287 3244 6287 3305 6287 3316 6288 3313 6288 3315 6288 3326 6289 3327 6289 3316 6289 3317 6290 3316 6290 3315 6290 3317 6291 3306 6291 3307 6291 3317 6292 3307 6292 3308 6292 3317 6293 3315 6293 3306 6293 3317 6294 3308 6294 3309 6294 3318 6295 3316 6295 3317 6295 3318 6296 3326 6296 3316 6296 3318 6297 3317 6297 3309 6297 3318 6298 3309 6298 3310 6298 3318 6299 3310 6299 3311 6299 3327 6300 3319 6300 3316 6300 3322 6301 3313 6301 3319 6301 3056 6302 3313 6302 3322 6302 2725 6303 3326 6303 3318 6303 2980 6304 3151 6304 3328 6304 3320 6305 2725 6305 2726 6305 3321 6306 3150 6306 3322 6306 3325 6307 3320 6307 2726 6307 3147 6308 3321 6308 3323 6308 3323 6309 3320 6309 3325 6309 3325 6310 2726 6310 3324 6310 3147 6311 3323 6311 3325 6311 3151 6312 3147 6312 3325 6312 3325 6313 3324 6313 3329 6313 3151 6314 3325 6314 3329 6314 3151 6315 3329 6315 3328 6315 3322 6316 3319 6316 3327 6316 3326 6317 2725 6317 3320 6317 3326 6318 3320 6318 3327 6318 3056 6319 3150 6319 3149 6319 3056 6320 3322 6320 3150 6320 3323 6321 3321 6321 3327 6321 3323 6322 3327 6322 3320 6322 3321 6323 3146 6323 3150 6323 3147 6324 3146 6324 3321 6324 3321 6325 3322 6325 3327 6325 3330 6326 3329 6326 3324 6326 2726 6327 3330 6327 3324 6327 3332 6328 2980 6328 3328 6328 3334 6329 2729 6329 2731 6329 3331 6330 3330 6330 2726 6330 3331 6331 2726 6331 2730 6331 3332 6332 3329 6332 3330 6332 3332 6333 3330 6333 3331 6333 3332 6334 3328 6334 3329 6334 3333 6335 3331 6335 2730 6335 3333 6336 2730 6336 2729 6336 3335 6337 3187 6337 3332 6337 3335 6338 3332 6338 3331 6338 3336 6339 3331 6339 3333 6339 3334 6340 3333 6340 2729 6340 3335 6341 3331 6341 3336 6341 3336 6342 3333 6342 3334 6342 3338 6343 3336 6343 3334 6343 3336 6344 3339 6344 3335 6344 3338 6345 3339 6345 3336 6345 3335 6346 3339 6346 3343 6346 3335 6347 3343 6347 3190 6347 3337 6348 3334 6348 2731 6348 3338 6349 3334 6349 3337 6349 3340 6350 3338 6350 3337 6350 3341 6351 3338 6351 3340 6351 3344 6352 3343 6352 3339 6352 3342 6353 3338 6353 3341 6353 3342 6354 3339 6354 3338 6354 3343 6355 3067 6355 3190 6355 3344 6356 3339 6356 3342 6356 3351 6357 3337 6357 2731 6357 3340 6358 3337 6358 3351 6358 3347 6359 3070 6359 3067 6359 3347 6360 3343 6360 3344 6360 3347 6361 3067 6361 3343 6361 3346 6362 3344 6362 3342 6362 3345 6363 3342 6363 3341 6363 3345 6364 3341 6364 3340 6364 3348 6365 3342 6365 3345 6365 3348 6366 3346 6366 3342 6366 3352 6367 3340 6367 3351 6367 3347 6368 3344 6368 3346 6368 3349 6369 3346 6369 3348 6369 3345 6370 3340 6370 3352 6370 3353 6371 3346 6371 3349 6371 3353 6372 3072 6372 3070 6372 3353 6373 3070 6373 3347 6373 3353 6374 3347 6374 3346 6374 3351 6375 2731 6375 3462 6375 3348 6376 3350 6376 3354 6376 3348 6377 3345 6377 3350 6377 3353 6378 3071 6378 3072 6378 3354 6379 3349 6379 3348 6379 3350 6380 3345 6380 3352 6380 3471 6381 3071 6381 3353 6381 3471 6382 3353 6382 3349 6382 3471 6383 3349 6383 3354 6383 3243 6384 3364 6384 3403 6384 3365 6385 3038 6385 3373 6385 3372 6386 3363 6386 3364 6386 3365 6387 3366 6387 3040 6387 3365 6388 3373 6388 3366 6388 3365 6389 3367 6389 3248 6389 3365 6390 3368 6390 3367 6390 3365 6391 3040 6391 3041 6391 3368 6392 3365 6392 3041 6392 3368 6393 3252 6393 3251 6393 3368 6394 3251 6394 3367 6394 3368 6395 3041 6395 3042 6395 3368 6396 3042 6396 3043 6396 3371 6397 3368 6397 3043 6397 3371 6398 3252 6398 3368 6398 3369 6399 3371 6399 3043 6399 3369 6400 3043 6400 3044 6400 3369 6401 3044 6401 3045 6401 3369 6402 3045 6402 3047 6402 3370 6403 3047 6403 3049 6403 3370 6404 3369 6404 3047 6404 3371 6405 3369 6405 3370 6405 3372 6406 3370 6406 3049 6406 3372 6407 3049 6407 3363 6407 3243 6408 3372 6408 3364 6408 3366 6409 3039 6409 3040 6409 3356 6410 3374 6410 3355 6410 3375 6411 3394 6411 3377 6411 3375 6412 3360 6412 3558 6412 3360 6413 3376 6413 3359 6413 3375 6414 3376 6414 3360 6414 3359 6415 3376 6415 3358 6415 3358 6416 3376 6416 3357 6416 3357 6417 3374 6417 3356 6417 3376 6418 3374 6418 3357 6418 3375 6419 3377 6419 3376 6419 3374 6420 3376 6420 3383 6420 3383 6421 3376 6421 3380 6421 3380 6422 3376 6422 3378 6422 3378 6423 3376 6423 3379 6423 3379 6424 3376 6424 3387 6424 3376 6425 3377 6425 3387 6425 3379 6426 3385 6426 3378 6426 3383 6427 3381 6427 3374 6427 3355 6428 3381 6428 2692 6428 3374 6429 3381 6429 3355 6429 3381 6430 3383 6430 3382 6430 3382 6431 3380 6431 3390 6431 3383 6432 3380 6432 3382 6432 3390 6433 3380 6433 3384 6433 3380 6434 3378 6434 3384 6434 3378 6435 3385 6435 3384 6435 3392 6436 3384 6436 3385 6436 3385 6437 3379 6437 3386 6437 3386 6438 3379 6438 3393 6438 3379 6439 3387 6439 3393 6439 3393 6440 3387 6440 3394 6440 3377 6441 3394 6441 3387 6441 2693 6442 2692 6442 3028 6442 3028 6443 2692 6443 3388 6443 2692 6444 3381 6444 3388 6444 3388 6445 3381 6445 3389 6445 3381 6446 3382 6446 3389 6446 3389 6447 3382 6447 3390 6447 3390 6448 3384 6448 3391 6448 3391 6449 3384 6449 3392 6449 3385 6450 3386 6450 3392 6450 3395 6451 3394 6451 3026 6451 3028 6452 3389 6452 3029 6452 3388 6453 3389 6453 3028 6453 3390 6454 3396 6454 3389 6454 3391 6455 3396 6455 3390 6455 3029 6456 3396 6456 3031 6456 3389 6457 3396 6457 3029 6457 3392 6458 3397 6458 3391 6458 3391 6459 3397 6459 3396 6459 3386 6460 3397 6460 3392 6460 3393 6461 3397 6461 3386 6461 3393 6462 3026 6462 3397 6462 3394 6463 3026 6463 3393 6463 3031 6464 3396 6464 3033 6464 3395 6465 3026 6465 3394 6465 3033 6466 3396 6466 3035 6466 3397 6467 3398 6467 3396 6467 3035 6468 3396 6468 3037 6468 3396 6469 3398 6469 3037 6469 3397 6470 3402 6470 3398 6470 3402 6471 3397 6471 3026 6471 3038 6472 3398 6472 3373 6472 3037 6473 3398 6473 3038 6473 3373 6474 3398 6474 3366 6474 3398 6475 3039 6475 3366 6475 3025 6476 3402 6476 3026 6476 3398 6477 3402 6477 3039 6477 3025 6478 3400 6478 3402 6478 3405 6479 3400 6479 3025 6479 3405 6480 3399 6480 3400 6480 3049 6481 3399 6481 3363 6481 3399 6482 3401 6482 3400 6482 3048 6483 3399 6483 3049 6483 3046 6484 3399 6484 3048 6484 3045 6485 3399 6485 3046 6485 3044 6486 3401 6486 3045 6486 3045 6487 3401 6487 3399 6487 3043 6488 3401 6488 3044 6488 3400 6489 3401 6489 3402 6489 3042 6490 3401 6490 3043 6490 3041 6491 3401 6491 3042 6491 3041 6492 3402 6492 3401 6492 3040 6493 3402 6493 3041 6493 3039 6494 3402 6494 3040 6494 3399 6495 3403 6495 3363 6495 3363 6496 3403 6496 3364 6496 3243 6497 3403 6497 2734 6497 3399 6498 3405 6498 3403 6498 3403 6499 3404 6499 2734 6499 3405 6500 3404 6500 3403 6500 3405 6501 3406 6501 3404 6501 3305 6502 3406 6502 3306 6502 3404 6503 3406 6503 3305 6503 3306 6504 3406 6504 3307 6504 3307 6505 3406 6505 3308 6505 3406 6506 3407 6506 3308 6506 3308 6507 3407 6507 3309 6507 3406 6508 3405 6508 3025 6508 3309 6509 3407 6509 3310 6509 3407 6510 3406 6510 2724 6510 3310 6511 3407 6511 3311 6511 3311 6512 3407 6512 2724 6512 2680 6513 3089 6513 2681 6513 2680 6514 3409 6514 3408 6514 3408 6515 3090 6515 3089 6515 3408 6516 3089 6516 2680 6516 3408 6517 2718 6517 3090 6517 2716 6518 2718 6518 3408 6518 2715 6519 2716 6519 3408 6519 2714 6520 2715 6520 3408 6520 2714 6521 3408 6521 3409 6521 2713 6522 2714 6522 3409 6522 2713 6523 3409 6523 2665 6523 2639 6524 2681 6524 3412 6524 3090 6525 3410 6525 3411 6525 3411 6526 3089 6526 3090 6526 3412 6527 3411 6527 3410 6527 3412 6528 2681 6528 2682 6528 3411 6529 3412 6529 2682 6529 3089 6530 3411 6530 2681 6530 3413 6531 2647 6531 3414 6531 3416 6532 3413 6532 3414 6532 3415 6533 3416 6533 3414 6533 3087 6534 3417 6534 3415 6534 3417 6535 3088 6535 2679 6535 3416 6536 3417 6536 2679 6536 3417 6537 3416 6537 3415 6537 2679 6538 3413 6538 3416 6538 3413 6539 2679 6539 3088 6539 3418 6540 3087 6540 2701 6540 3418 6541 2701 6541 2703 6541 3418 6542 2678 6542 3088 6542 3418 6543 3088 6543 3417 6543 3418 6544 3417 6544 3087 6544 3413 6545 3088 6545 2678 6545 3419 6546 3414 6546 2647 6546 2696 6547 3420 6547 2820 6547 3422 6548 3420 6548 2696 6548 3422 6549 2697 6549 2698 6549 3422 6550 2696 6550 2697 6550 3430 6551 3421 6551 3420 6551 3425 6552 3420 6552 3422 6552 3425 6553 3430 6553 3420 6553 3425 6554 3423 6554 3430 6554 3427 6555 3422 6555 2698 6555 3427 6556 2699 6556 2700 6556 3427 6557 2698 6557 2699 6557 3424 6558 3426 6558 2653 6558 3428 6559 3423 6559 3425 6559 3426 6560 3423 6560 3428 6560 3427 6561 3425 6561 3422 6561 3424 6562 3423 6562 3426 6562 3429 6563 3427 6563 2700 6563 3428 6564 3425 6564 3427 6564 3429 6565 2700 6565 2701 6565 3429 6566 2701 6566 3087 6566 3428 6567 3427 6567 3429 6567 3426 6568 2647 6568 2653 6568 3419 6569 3426 6569 3428 6569 3429 6570 3087 6570 3415 6570 3415 6571 3428 6571 3429 6571 3419 6572 2647 6572 3426 6572 3419 6573 3428 6573 3415 6573 3419 6574 3415 6574 3414 6574 3420 6575 3440 6575 2820 6575 3431 6576 3432 6576 2819 6576 3431 6577 3433 6577 3432 6577 3434 6578 3433 6578 3431 6578 3434 6579 3435 6579 3433 6579 3436 6580 3435 6580 3434 6580 3437 6581 3435 6581 3436 6581 3437 6582 3438 6582 3435 6582 3439 6583 3438 6583 3437 6583 3441 6584 3420 6584 3421 6584 3441 6585 3434 6585 3431 6585 3441 6586 3431 6586 3440 6586 3441 6587 3440 6587 3420 6587 3442 6588 3441 6588 3421 6588 3442 6589 3434 6589 3441 6589 3442 6590 3421 6590 3430 6590 3442 6591 3436 6591 3434 6591 3423 6592 3436 6592 3442 6592 3423 6593 3442 6593 3430 6593 3423 6594 3437 6594 3436 6594 3424 6595 3439 6595 3437 6595 3424 6596 3437 6596 3423 6596 3424 6597 2653 6597 3439 6597 3432 6598 2838 6598 2819 6598 3444 6599 3443 6599 2822 6599 3444 6600 3445 6600 3443 6600 3444 6601 2822 6601 2824 6601 3444 6602 3446 6602 3445 6602 3444 6603 3447 6603 3446 6603 3444 6604 3464 6604 3447 6604 3444 6605 2824 6605 2826 6605 3444 6606 3465 6606 3464 6606 3451 6607 3444 6607 2826 6607 3449 6608 3465 6608 3444 6608 3449 6609 3466 6609 3465 6609 3451 6610 2826 6610 2827 6610 3449 6611 3448 6611 3466 6611 3449 6612 3450 6612 3448 6612 3451 6613 2827 6613 2829 6613 3451 6614 2829 6614 2831 6614 3449 6615 3467 6615 3450 6615 3449 6616 3468 6616 3467 6616 3451 6617 3449 6617 3444 6617 3451 6618 3454 6618 3449 6618 3451 6619 2831 6619 2833 6619 3454 6620 3468 6620 3449 6620 3454 6621 3452 6621 3468 6621 3458 6622 3451 6622 2833 6622 3454 6623 3453 6623 3452 6623 3458 6624 2833 6624 2834 6624 3454 6625 3455 6625 3453 6625 3454 6626 3469 6626 3455 6626 3458 6627 2834 6627 2836 6627 3460 6628 3469 6628 3454 6628 3460 6629 3456 6629 3469 6629 3460 6630 3457 6630 3456 6630 3458 6631 2836 6631 2838 6631 3458 6632 2838 6632 3432 6632 3460 6633 3459 6633 3457 6633 3461 6634 3451 6634 3458 6634 3460 6635 2656 6635 3459 6635 3438 6636 3454 6636 3451 6636 3461 6637 3438 6637 3451 6637 3461 6638 3458 6638 3432 6638 3438 6639 3460 6639 3454 6639 3461 6640 3432 6640 3433 6640 3461 6641 3433 6641 3435 6641 3438 6642 3461 6642 3435 6642 3439 6643 3460 6643 3438 6643 3439 6644 2653 6644 3460 6644 3462 6645 3443 6645 3445 6645 3463 6646 3445 6646 3446 6646 3463 6647 3446 6647 3447 6647 3470 6648 3469 6648 3456 6648 3472 6649 3483 6649 3071 6649 3472 6650 3071 6650 3471 6650 3473 6651 3472 6651 3471 6651 3475 6652 3473 6652 3477 6652 3477 6653 3473 6653 3354 6653 3477 6654 3350 6654 3352 6654 3478 6655 3477 6655 3352 6655 3476 6656 2628 6656 3472 6656 3476 6657 3472 6657 3473 6657 3478 6658 3352 6658 3351 6658 3351 6659 3462 6659 3445 6659 3351 6660 3445 6660 3463 6660 3476 6661 3470 6661 3456 6661 3476 6662 3456 6662 3457 6662 3476 6663 3457 6663 3459 6663 3476 6664 3459 6664 2656 6664 3476 6665 2656 6665 2628 6665 3477 6666 3354 6666 3350 6666 3474 6667 3475 6667 3477 6667 3475 6668 3476 6668 3473 6668 3476 6669 3455 6669 3469 6669 3476 6670 3469 6670 3470 6670 3354 6671 3473 6671 3471 6671 3475 6672 3452 6672 3453 6672 3475 6673 3453 6673 3455 6673 3475 6674 3455 6674 3476 6674 3474 6675 3450 6675 3467 6675 3474 6676 3467 6676 3468 6676 3474 6677 3468 6677 3452 6677 3474 6678 3452 6678 3475 6678 3478 6679 3466 6679 3448 6679 3478 6680 3351 6680 3463 6680 3478 6681 3463 6681 3447 6681 3478 6682 3474 6682 3477 6682 3478 6683 3447 6683 3464 6683 3478 6684 3464 6684 3465 6684 3478 6685 3465 6685 3466 6685 3474 6686 3448 6686 3450 6686 3474 6687 3478 6687 3448 6687 3060 6688 3479 6688 3061 6688 3480 6689 3487 6689 3479 6689 3480 6690 3484 6690 3487 6690 3480 6691 3479 6691 3060 6691 3485 6692 3489 6692 3488 6692 3485 6693 3490 6693 3489 6693 3485 6694 2613 6694 3490 6694 3064 6695 3480 6695 3060 6695 3064 6696 3197 6696 3066 6696 3481 6697 3064 6697 3066 6697 3481 6698 3066 6698 3068 6698 3483 6699 3068 6699 3072 6699 3483 6700 3481 6700 3068 6700 3071 6701 3483 6701 3072 6701 3472 6702 2628 6702 3482 6702 3485 6703 3484 6703 3480 6703 3485 6704 3488 6704 3484 6704 3480 6705 3064 6705 3482 6705 3485 6706 3480 6706 3482 6706 3485 6707 2628 6707 2613 6707 3485 6708 3482 6708 2628 6708 3481 6709 3482 6709 3064 6709 3481 6710 3483 6710 3482 6710 3483 6711 3472 6711 3482 6711 3074 6712 3061 6712 3479 6712 3486 6713 3074 6713 3479 6713 3487 6714 3486 6714 3479 6714 2599 6715 3490 6715 2613 6715 3486 6716 3491 6716 3074 6716 3490 6717 2599 6717 3489 6717 3491 6718 3486 6718 3487 6718 3491 6719 3487 6719 3484 6719 3493 6720 3488 6720 3489 6720 3493 6721 3489 6721 2599 6721 3492 6722 3083 6722 3081 6722 3492 6723 3081 6723 3079 6723 3492 6724 2598 6724 3083 6724 3492 6725 3079 6725 3086 6725 3492 6726 2599 6726 2598 6726 3493 6727 3492 6727 3086 6727 3493 6728 3086 6728 3491 6728 3493 6729 2599 6729 3492 6729 3493 6730 3484 6730 3488 6730 3493 6731 3491 6731 3484 6731 3268 6732 3496 6732 3494 6732 3268 6733 3497 6733 3496 6733 3498 6734 3268 6734 3264 6734 3267 6735 3498 6735 3264 6735 3513 6736 3508 6736 3499 6736 3503 6737 3500 6737 3501 6737 3503 6738 3516 6738 3500 6738 3503 6739 2602 6739 3516 6739 3499 6740 3514 6740 3513 6740 3502 6741 3508 6741 3267 6741 3503 6742 2598 6742 2602 6742 3502 6743 3495 6743 3499 6743 3504 6744 3495 6744 3502 6744 3495 6745 2598 6745 3503 6745 3504 6746 3505 6746 3495 6746 3261 6747 3505 6747 3504 6747 3505 6748 3261 6748 3082 6748 3505 6749 3082 6749 3083 6749 3505 6750 2598 6750 3495 6750 3505 6751 3083 6751 2598 6751 3498 6752 3497 6752 3268 6752 3498 6753 3507 6753 3506 6753 3508 6754 3498 6754 3267 6754 3503 6755 3517 6755 3518 6755 3503 6756 3501 6756 3517 6756 3499 6757 3508 6757 3502 6757 3495 6758 3503 6758 3499 6758 3498 6759 3509 6759 3497 6759 3498 6760 3510 6760 3509 6760 3498 6761 3506 6761 3510 6761 3513 6762 3507 6762 3498 6762 3513 6763 3511 6763 3507 6763 3513 6764 3512 6764 3511 6764 3513 6765 3498 6765 3508 6765 3503 6766 3519 6766 3514 6766 3503 6767 3518 6767 3519 6767 3513 6768 3521 6768 3512 6768 3513 6769 3515 6769 3521 6769 3514 6770 3520 6770 3515 6770 3514 6771 3519 6771 3520 6771 3503 6772 3514 6772 3499 6772 3514 6773 3515 6773 3513 6773 2602 6774 2618 6774 3516 6774 3512 6775 3521 6775 3522 6775 3512 6776 3522 6776 3523 6776 3511 6777 3512 6777 3523 6777 3494 6778 3496 6778 3524 6778 2618 6779 3536 6779 3516 6779 3525 6780 2875 6780 2877 6780 3529 6781 3525 6781 2877 6781 3529 6782 2877 6782 2879 6782 3527 6783 3526 6783 3525 6783 3529 6784 2879 6784 2881 6784 3527 6785 3528 6785 3526 6785 3527 6786 3525 6786 3529 6786 3529 6787 2881 6787 2883 6787 3529 6788 2883 6788 2885 6788 3527 6789 3530 6789 3528 6789 3532 6790 3530 6790 3527 6790 3529 6791 2885 6791 2887 6791 3534 6792 3529 6792 2887 6792 3532 6793 3545 6793 3530 6793 3532 6794 3527 6794 3531 6794 3534 6795 2887 6795 2889 6795 3534 6796 2890 6796 3524 6796 3534 6797 2889 6797 2890 6797 3532 6798 3533 6798 3545 6798 3534 6799 3524 6799 3496 6799 3532 6800 2634 6800 3533 6800 3534 6801 3535 6801 3529 6801 3534 6802 3496 6802 3497 6802 3532 6803 3536 6803 2634 6803 3527 6804 3529 6804 3535 6804 3534 6805 3497 6805 3509 6805 3534 6806 3509 6806 3510 6806 3531 6807 3527 6807 3535 6807 3534 6808 3510 6808 3506 6808 3534 6809 3506 6809 3507 6809 3534 6810 3507 6810 3511 6810 3535 6811 3511 6811 3523 6811 3535 6812 3534 6812 3511 6812 3535 6813 3523 6813 3522 6813 3536 6814 3532 6814 3531 6814 3535 6815 3522 6815 3521 6815 3537 6816 3531 6816 3535 6816 3535 6817 3521 6817 3515 6817 3537 6818 3535 6818 3515 6818 3537 6819 3536 6819 3531 6819 3537 6820 3515 6820 3520 6820 3537 6821 3520 6821 3519 6821 3536 6822 3519 6822 3518 6822 3536 6823 3537 6823 3519 6823 3536 6824 3518 6824 3517 6824 3536 6825 3517 6825 3501 6825 3536 6826 3501 6826 3500 6826 3536 6827 3500 6827 3516 6827 3539 6828 3548 6828 3538 6828 3539 6829 3547 6829 3548 6829 3540 6830 3547 6830 3539 6830 3540 6831 3542 6831 3547 6831 3541 6832 3542 6832 3540 6832 3541 6833 3546 6833 3542 6833 3543 6834 3546 6834 3541 6834 2873 6835 3525 6835 3526 6835 2873 6836 3539 6836 3538 6836 3544 6837 3539 6837 2873 6837 3544 6838 2873 6838 3526 6838 3544 6839 3526 6839 3528 6839 3544 6840 3540 6840 3539 6840 3544 6841 3528 6841 3530 6841 3530 6842 3541 6842 3540 6842 3530 6843 3540 6843 3544 6843 3545 6844 3541 6844 3530 6844 3545 6845 3543 6845 3541 6845 3533 6846 3543 6846 3545 6846 3533 6847 2634 6847 3543 6847 3543 6848 3551 6848 3546 6848 3538 6849 2722 6849 2723 6849 3548 6850 2722 6850 3538 6850 3549 6851 3090 6851 2718 6851 3549 6852 2718 6852 2717 6852 3552 6853 3090 6853 3549 6853 3549 6854 2717 6854 2719 6854 3552 6855 3410 6855 3090 6855 3554 6856 2719 6856 2720 6856 3551 6857 3410 6857 3550 6857 3554 6858 3549 6858 2719 6858 3551 6859 3412 6859 3410 6859 3550 6860 3410 6860 3552 6860 3551 6861 2639 6861 3412 6861 3552 6862 3549 6862 3554 6862 3554 6863 2720 6863 2721 6863 3553 6864 3552 6864 3554 6864 3554 6865 2721 6865 2722 6865 3554 6866 2722 6866 3548 6866 3554 6867 3548 6867 3547 6867 3553 6868 3554 6868 3547 6868 3550 6869 3552 6869 3553 6869 3551 6870 2634 6870 2639 6870 3553 6871 3547 6871 3542 6871 3542 6872 3550 6872 3553 6872 3546 6873 3551 6873 3550 6873 3550 6874 3542 6874 3546 6874 3543 6875 2634 6875 3551 6875 3559 6876 3356 6876 3355 6876 3558 6877 3555 6877 2467 6877 3558 6878 3556 6878 3555 6878 3558 6879 3360 6879 3359 6879 3558 6880 3359 6880 3358 6880 3557 6881 3558 6881 3358 6881 3557 6882 3358 6882 3357 6882 3558 6883 3361 6883 3556 6883 3557 6884 3357 6884 3356 6884 3557 6885 3356 6885 3559 6885 3557 6886 3559 6886 3560 6886 3557 6887 3560 6887 3561 6887 3558 6888 3557 6888 3561 6888 3558 6889 3561 6889 3362 6889 3558 6890 3362 6890 3361 6890 3559 6891 3355 6891 2691 6891 3562 6892 3302 6892 3299 6892 3302 6893 3562 6893 3555 6893 3555 6894 3562 6894 2467 6894 3302 6895 3563 6895 3294 6895 3563 6896 3302 6896 3556 6896 3556 6897 3302 6897 3555 6897 3361 6898 3563 6898 3556 6898 3294 6899 3563 6899 3303 6899 3563 6900 3361 6900 3564 6900 2683 6901 3564 6901 2684 6901 3361 6902 3362 6902 3564 6902 3303 6903 3563 6903 2683 6903 2683 6904 3563 6904 3564 6904 2688 6905 3565 6905 2689 6905 3559 6906 2690 6906 3560 6906 2691 6907 2690 6907 3559 6907 2694 6908 2690 6908 2691 6908 3362 6909 3565 6909 3564 6909 2686 6910 3565 6910 2687 6910 3561 6911 3565 6911 3362 6911 3560 6912 3565 6912 3561 6912 2687 6913 3565 6913 2688 6913 2690 6914 3565 6914 3560 6914 2684 6915 3564 6915 2686 6915 3565 6916 2686 6916 3564 6916 3565 6917 2690 6917 2689 6917 2642 6918 2650 6918 2674 6918 2642 6919 2674 6919 2670 6919 2642 6920 2670 6920 2673 6920 2643 6921 2642 6921 2673 6921 2543 6922 2548 6922 2546 6922 2528 6923 2543 6923 2539 6923 2543 6924 2551 6924 2548 6924 2543 6925 2553 6925 2551 6925 2543 6926 2472 6926 2553 6926 2528 6927 2539 6927 2535 6927 2543 6928 2470 6928 2472 6928 2543 6929 2471 6929 2470 6929 2528 6930 2535 6930 2531 6930 2543 6931 2474 6931 2471 6931 3566 6932 2474 6932 2543 6932 3566 6933 2476 6933 2474 6933 2507 6934 3566 6934 3567 6934 2507 6935 2476 6935 3566 6935 3567 6936 2508 6936 2507 6936 3567 6937 2510 6937 2508 6937 2511 6938 2510 6938 3567 6938 2513 6939 2511 6939 3567 6939 2555 6940 2513 6940 3567 6940 2557 6941 2555 6941 3567 6941 3568 6942 2557 6942 3567 6942 2559 6943 2557 6943 3568 6943 2561 6944 2559 6944 3568 6944 2563 6945 2561 6945 3568 6945 2565 6946 2563 6946 3568 6946 2568 6947 2565 6947 3568 6947 2570 6948 2568 6948 3568 6948 2572 6949 2570 6949 3568 6949 2575 6950 2572 6950 3568 6950 3569 6951 2575 6951 3568 6951 2578 6952 2575 6952 3569 6952 3642 6953 2578 6953 3569 6953 2581 6954 2578 6954 3642 6954 3571 6955 2460 6955 2461 6955 3571 6956 2461 6956 3570 6956 2518 6957 2460 6957 3571 6957 3572 6958 2518 6958 3571 6958 2520 6959 2518 6959 3572 6959 3573 6960 2520 6960 3572 6960 3574 6961 3575 6961 3573 6961 3576 6962 3575 6962 3574 6962 3614 6963 3575 6963 3576 6963 3577 6964 3614 6964 3576 6964 3612 6965 3614 6965 3577 6965 3578 6966 3612 6966 3577 6966 3609 6967 3612 6967 3578 6967 3637 6968 3609 6968 3610 6968 3637 6969 3610 6969 3579 6969 3580 6970 3637 6970 3579 6970 3634 6971 3637 6971 3580 6971 3581 6972 3634 6972 3580 6972 3582 6973 3634 6973 3581 6973 3583 6974 3582 6974 3581 6974 3584 6975 3582 6975 3583 6975 3585 6976 3584 6976 3583 6976 3627 6977 3584 6977 3585 6977 3586 6978 3627 6978 3585 6978 3587 6979 3627 6979 3586 6979 3588 6980 3587 6980 3586 6980 3589 6981 3587 6981 3588 6981 3590 6982 3589 6982 3588 6982 3591 6983 3589 6983 3590 6983 3592 6984 3591 6984 3590 6984 3593 6985 3591 6985 3592 6985 3594 6986 3593 6986 3592 6986 3621 6987 3593 6987 3594 6987 3595 6988 3621 6988 3594 6988 3620 6989 3621 6989 3595 6989 3596 6990 3620 6990 3595 6990 3598 6991 3620 6991 3596 6991 3597 6992 3598 6992 3596 6992 3599 6993 3598 6993 3597 6993 3641 6994 3601 6994 3602 6994 3641 6995 3600 6995 3601 6995 3639 6996 3602 6996 3603 6996 3639 6997 3641 6997 3602 6997 3604 6998 3603 6998 3605 6998 3604 6999 3639 6999 3603 6999 3604 7000 3605 7000 3606 7000 2593 7001 3606 7001 3607 7001 2593 7002 3604 7002 3606 7002 2595 7003 2593 7003 3607 7003 3608 7004 2595 7004 3607 7004 2597 7005 2595 7005 3608 7005 2732 7006 2597 7006 3608 7006 3609 7007 3578 7007 3610 7007 3973 7008 3599 7008 3597 7008 2515 7009 2514 7009 2488 7009 2491 7010 2488 7010 2489 7010 2491 7011 2515 7011 2488 7011 2492 7012 2489 7012 2487 7012 2493 7013 2487 7013 2486 7013 2493 7014 2492 7014 2487 7014 2496 7015 2493 7015 2486 7015 2496 7016 2486 7016 2485 7016 2497 7017 2485 7017 2484 7017 2497 7018 2496 7018 2485 7018 2498 7019 2484 7019 2483 7019 2498 7020 2497 7020 2484 7020 2499 7021 2483 7021 2482 7021 2499 7022 2498 7022 2483 7022 2500 7023 2482 7023 2480 7023 2500 7024 2499 7024 2482 7024 2501 7025 2480 7025 2479 7025 2501 7026 2500 7026 2480 7026 2503 7027 2501 7027 2479 7027 2504 7028 2503 7028 2479 7028 2504 7029 2479 7029 2477 7029 2505 7030 2477 7030 2476 7030 2505 7031 2504 7031 2477 7031 2507 7032 2505 7032 2476 7032 2522 7033 2520 7033 3573 7033 3609 7034 3613 7034 3612 7034 2528 7035 3613 7035 3611 7035 2528 7036 2527 7036 3613 7036 3613 7037 3614 7037 3612 7037 3614 7038 3613 7038 2524 7038 2524 7039 3613 7039 2527 7039 2522 7040 3614 7040 2524 7040 2522 7041 3575 7041 3614 7041 3573 7042 3575 7042 2522 7042 3611 7043 3613 7043 3609 7043 2528 7044 3611 7044 3636 7044 2543 7045 2528 7045 3636 7045 3568 7046 3615 7046 3616 7046 3615 7047 3619 7047 3616 7047 3568 7048 3617 7048 3615 7048 3616 7049 3619 7049 3598 7049 3598 7050 3619 7050 3620 7050 3617 7051 3619 7051 3615 7051 3567 7052 3618 7052 3568 7052 3568 7053 3618 7053 3617 7053 3617 7054 3618 7054 3619 7054 3619 7055 3623 7055 3620 7055 3618 7056 3623 7056 3619 7056 3623 7057 3621 7057 3620 7057 3567 7058 3622 7058 3618 7058 3618 7059 3622 7059 3623 7059 3623 7060 3625 7060 3621 7060 3621 7061 3625 7061 3593 7061 3622 7062 3624 7062 3623 7062 3625 7063 3591 7063 3593 7063 3567 7064 3624 7064 3622 7064 3623 7065 3624 7065 3625 7065 3624 7066 3626 7066 3625 7066 3625 7067 3626 7067 3591 7067 3591 7068 3626 7068 3589 7068 3624 7069 3629 7069 3626 7069 3567 7070 3629 7070 3624 7070 3626 7071 3629 7071 3589 7071 3589 7072 3628 7072 3587 7072 3589 7073 3629 7073 3628 7073 3587 7074 3628 7074 3627 7074 3566 7075 3629 7075 3567 7075 3628 7076 3629 7076 3630 7076 3566 7077 3631 7077 3629 7077 3628 7078 3630 7078 3627 7078 3627 7079 3630 7079 3584 7079 3629 7080 3631 7080 3630 7080 3630 7081 3631 7081 3632 7081 3630 7082 3582 7082 3584 7082 3630 7083 3632 7083 3582 7083 3632 7084 3633 7084 3582 7084 3633 7085 3634 7085 3582 7085 3631 7086 3635 7086 3632 7086 2543 7087 3635 7087 3566 7087 3566 7088 3635 7088 3631 7088 3632 7089 3635 7089 3633 7089 3633 7090 3636 7090 3634 7090 2543 7091 3633 7091 3635 7091 3636 7092 3637 7092 3634 7092 2543 7093 3636 7093 3633 7093 3609 7094 3637 7094 3611 7094 3637 7095 3636 7095 3611 7095 3599 7096 3616 7096 3598 7096 3599 7097 3638 7097 3616 7097 3569 7098 3616 7098 3638 7098 3569 7099 3568 7099 3616 7099 2591 7100 3604 7100 2593 7100 2591 7101 3640 7101 3604 7101 2589 7102 3640 7102 2591 7102 3604 7103 3640 7103 3639 7103 2587 7104 3640 7104 2589 7104 2586 7105 3640 7105 2587 7105 3640 7106 3638 7106 3639 7106 2586 7107 3638 7107 3640 7107 2586 7108 3642 7108 3638 7108 3638 7109 3641 7109 3639 7109 3973 7110 3600 7110 3599 7110 3600 7111 3641 7111 3599 7111 3641 7112 3638 7112 3599 7112 3638 7113 3642 7113 3569 7113 2846 7114 3643 7114 3644 7114 2844 7115 3644 7115 3645 7115 2844 7116 2846 7116 3644 7116 2842 7117 2844 7117 3645 7117 2842 7118 3645 7118 3646 7118 2840 7119 2842 7119 3646 7119 2840 7120 3646 7120 3647 7120 2841 7121 2840 7121 3647 7121 2841 7122 3647 7122 3648 7122 2843 7123 2841 7123 3648 7123 2845 7124 3648 7124 3649 7124 2845 7125 2843 7125 3648 7125 2847 7126 3649 7126 3650 7126 2847 7127 2845 7127 3649 7127 2849 7128 2847 7128 3650 7128 2849 7129 3650 7129 3651 7129 2850 7130 3651 7130 3652 7130 2850 7131 2849 7131 3651 7131 2851 7132 3652 7132 3653 7132 2851 7133 3653 7133 3654 7133 2851 7134 2850 7134 3652 7134 2852 7135 2851 7135 3654 7135 2853 7136 3654 7136 3655 7136 2853 7137 2852 7137 3654 7137 2854 7138 2853 7138 3655 7138 2854 7139 3655 7139 3656 7139 2855 7140 3656 7140 3657 7140 2855 7141 2854 7141 3656 7141 3657 7142 3658 7142 2856 7142 3657 7143 2856 7143 2855 7143 2857 7144 2856 7144 3658 7144 2857 7145 3658 7145 3712 7145 2857 7146 3712 7146 3659 7146 2858 7147 2857 7147 3659 7147 2859 7148 2858 7148 3659 7148 2859 7149 3659 7149 3660 7149 2860 7150 3660 7150 3661 7150 2860 7151 2859 7151 3660 7151 2861 7152 3661 7152 3662 7152 2861 7153 3662 7153 3663 7153 2861 7154 2860 7154 3661 7154 2862 7155 2861 7155 3663 7155 2863 7156 3663 7156 3664 7156 2863 7157 2862 7157 3663 7157 2864 7158 3664 7158 3714 7158 2864 7159 2863 7159 3664 7159 2864 7160 3714 7160 3665 7160 2865 7161 2864 7161 3665 7161 2866 7162 3665 7162 3666 7162 2866 7163 2865 7163 3665 7163 2867 7164 2866 7164 3666 7164 2867 7165 3666 7165 3667 7165 2868 7166 2867 7166 3667 7166 2868 7167 3667 7167 3668 7167 2869 7168 2868 7168 3668 7168 2870 7169 3668 7169 3669 7169 2870 7170 2869 7170 3668 7170 2556 7171 3670 7171 2512 7171 2558 7172 3670 7172 2556 7172 2560 7173 3670 7173 2558 7173 2562 7174 3671 7174 2560 7174 2560 7175 3671 7175 3670 7175 2564 7176 3671 7176 2562 7176 2566 7177 3671 7177 2564 7177 2567 7178 3671 7178 2566 7178 2569 7179 3671 7179 2567 7179 2571 7180 3671 7180 2569 7180 2573 7181 3671 7181 2571 7181 2573 7182 3672 7182 3671 7182 2574 7183 3672 7183 2573 7183 2576 7184 3672 7184 2574 7184 2577 7185 3672 7185 2576 7185 2579 7186 3672 7186 2577 7186 2580 7187 3672 7187 2579 7187 2580 7188 3720 7188 3672 7188 2583 7189 3720 7189 2582 7189 2582 7190 3720 7190 2580 7190 2584 7191 3720 7191 2583 7191 2585 7192 3720 7192 2584 7192 2588 7193 3720 7193 2585 7193 2590 7194 3720 7194 2588 7194 2596 7195 3720 7195 2594 7195 2594 7196 3720 7196 2592 7196 2592 7197 3720 7197 2590 7197 2495 7198 2494 7198 3673 7198 3674 7199 3676 7199 3713 7199 3673 7200 3676 7200 3674 7200 2494 7201 3676 7201 3673 7201 3676 7202 3675 7202 3713 7202 3676 7203 3677 7203 3675 7203 2502 7204 3676 7204 2494 7204 2506 7205 3677 7205 2502 7205 2502 7206 3677 7206 3676 7206 3675 7207 3670 7207 3715 7207 3677 7208 3670 7208 3675 7208 2512 7209 3677 7209 2509 7209 2509 7210 3677 7210 2506 7210 3670 7211 3677 7211 2512 7211 3678 7212 3674 7212 3709 7212 3679 7213 3674 7213 3678 7213 3680 7214 3674 7214 3679 7214 3681 7215 3674 7215 3680 7215 3682 7216 3673 7216 3681 7216 3681 7217 3673 7217 3674 7217 3683 7218 3673 7218 3682 7218 3684 7219 3673 7219 3683 7219 2495 7220 3673 7220 2517 7220 2517 7221 3673 7221 3684 7221 3708 7222 3678 7222 3709 7222 3684 7223 2516 7223 2517 7223 3685 7224 2516 7224 3684 7224 3708 7225 3686 7225 3678 7225 3678 7226 3686 7226 3679 7226 3679 7227 3687 7227 3680 7227 3686 7228 3687 7228 3679 7228 3680 7229 3687 7229 3681 7229 3681 7230 3687 7230 3682 7230 3682 7231 3687 7231 3683 7231 3687 7232 3685 7232 3683 7232 3683 7233 3685 7233 3684 7233 2481 7234 2490 7234 3685 7234 2473 7235 3689 7235 2469 7235 3688 7236 3690 7236 3704 7236 3691 7237 3690 7237 3688 7237 2475 7238 3691 7238 2473 7238 2473 7239 3691 7239 3689 7239 3691 7240 3692 7240 3690 7240 2478 7241 3692 7241 2475 7241 2475 7242 3692 7242 3691 7242 3686 7243 3702 7243 3687 7243 3702 7244 3692 7244 3687 7244 3690 7245 3692 7245 3702 7245 3687 7246 3692 7246 3685 7246 2481 7247 3692 7247 2478 7247 3685 7248 3692 7248 2481 7248 2521 7249 3694 7249 2519 7249 2519 7250 3694 7250 3693 7250 2523 7251 3694 7251 2521 7251 2525 7252 3694 7252 2523 7252 2526 7253 3695 7253 2525 7253 2525 7254 3695 7254 3694 7254 2529 7255 3695 7255 2526 7255 2530 7256 3695 7256 2529 7256 2532 7257 3695 7257 2530 7257 2533 7258 3695 7258 2532 7258 2534 7259 3695 7259 2533 7259 2536 7260 3695 7260 2534 7260 2537 7261 3695 7261 2536 7261 2538 7262 3695 7262 2537 7262 2540 7263 3696 7263 2538 7263 2538 7264 3696 7264 3695 7264 2542 7265 3696 7265 2541 7265 2541 7266 3696 7266 2540 7266 3699 7267 3688 7267 3698 7267 3696 7268 3697 7268 3699 7268 2544 7269 3696 7269 2542 7269 2545 7270 3696 7270 2544 7270 3697 7271 3688 7271 3699 7271 2547 7272 3697 7272 2545 7272 2545 7273 3697 7273 3696 7273 2549 7274 3697 7274 2547 7274 3688 7275 3697 7275 3691 7275 2550 7276 3697 7276 2549 7276 2552 7277 3697 7277 2550 7277 3691 7278 3697 7278 3689 7278 3689 7279 3697 7279 2469 7279 2469 7280 3697 7280 2554 7280 2554 7281 3697 7281 2552 7281 3698 7282 3650 7282 3649 7282 3699 7283 3649 7283 3648 7283 3699 7284 3698 7284 3649 7284 3699 7285 3648 7285 3647 7285 3699 7286 3647 7286 3646 7286 3700 7287 3699 7287 3646 7287 3700 7288 3646 7288 3645 7288 3700 7289 3645 7289 3644 7289 3696 7290 3699 7290 3700 7290 3700 7291 3644 7291 3643 7291 3654 7292 3701 7292 3655 7292 3703 7293 3701 7293 3654 7293 3702 7294 3686 7294 3701 7294 3702 7295 3701 7295 3703 7295 3703 7296 3654 7296 3653 7296 3690 7297 3702 7297 3703 7297 3704 7298 3653 7298 3652 7298 3704 7299 3703 7299 3653 7299 3704 7300 3690 7300 3703 7300 3698 7301 3651 7301 3650 7301 3698 7302 3652 7302 3651 7302 3698 7303 3704 7303 3652 7303 3688 7304 3704 7304 3698 7304 3705 7305 3657 7305 3656 7305 3701 7306 3706 7306 3705 7306 3701 7307 3656 7307 3655 7307 3701 7308 3705 7308 3656 7308 3701 7309 3707 7309 3706 7309 3686 7310 3707 7310 3701 7310 3686 7311 3708 7311 3707 7311 3707 7312 3708 7312 3709 7312 3707 7313 3709 7313 3710 7313 3706 7314 3710 7314 3711 7314 3706 7315 3707 7315 3710 7315 3705 7316 3711 7316 3712 7316 3705 7317 3706 7317 3711 7317 3657 7318 3712 7318 3658 7318 3657 7319 3705 7319 3712 7319 3713 7320 3659 7320 3712 7320 3711 7321 3713 7321 3712 7321 3710 7322 3713 7322 3711 7322 3713 7323 3710 7323 3709 7323 3713 7324 3709 7324 3674 7324 3713 7325 3660 7325 3659 7325 3715 7326 3714 7326 3664 7326 3715 7327 3664 7327 3663 7327 3716 7328 3663 7328 3662 7328 3716 7329 3715 7329 3663 7329 3675 7330 3715 7330 3716 7330 3716 7331 3662 7331 3661 7331 3717 7332 3661 7332 3660 7332 3717 7333 3716 7333 3661 7333 3717 7334 3660 7334 3713 7334 3717 7335 3675 7335 3716 7335 3713 7336 3675 7336 3717 7336 3718 7337 3669 7337 3668 7337 3672 7338 3668 7338 3667 7338 3672 7339 3718 7339 3668 7339 3672 7340 3720 7340 3718 7340 3672 7341 3667 7341 3666 7341 3671 7342 3672 7342 3666 7342 3671 7343 3666 7343 3665 7343 3714 7344 3671 7344 3665 7344 3670 7345 3671 7345 3714 7345 3670 7346 3714 7346 3715 7346 2871 7347 3669 7347 3719 7347 2871 7348 2870 7348 3669 7348 2872 7349 2871 7349 3719 7349 3718 7350 2872 7350 3719 7350 3718 7351 3719 7351 3669 7351 3720 7352 2596 7352 3718 7352 3693 7353 3694 7353 3722 7353 3700 7354 3694 7354 3695 7354 3700 7355 3695 7355 3696 7355 3700 7356 3643 7356 3721 7356 3700 7357 3721 7357 3694 7357 3694 7358 3721 7358 3722 7358 2848 7359 2466 7359 3722 7359 2848 7360 3722 7360 3721 7360 2848 7361 3721 7361 3643 7361 2846 7362 2848 7362 3643 7362 2711 7363 3723 7363 2712 7363 2711 7364 2710 7364 3723 7364 3724 7365 2709 7365 3725 7365 2709 7366 2708 7366 3725 7366 2708 7367 3726 7367 3725 7367 2708 7368 2707 7368 3726 7368 2707 7369 2706 7369 3726 7369 2706 7370 2705 7370 3822 7370 2705 7371 3820 7371 3822 7371 2705 7372 3727 7372 3820 7372 2704 7373 3820 7373 3727 7373 2704 7374 2702 7374 3820 7374 3822 7375 3726 7375 2706 7375 3728 7376 3734 7376 3729 7376 3740 7377 3732 7377 3744 7377 3759 7378 3733 7378 3740 7378 3734 7379 3730 7379 3731 7379 3734 7380 3728 7380 3735 7380 3738 7381 3734 7381 3735 7381 3738 7382 3730 7382 3734 7382 3738 7383 3735 7383 3736 7383 3738 7384 3733 7384 3730 7384 3738 7385 3736 7385 3737 7385 3739 7386 3737 7386 3732 7386 3739 7387 3738 7387 3737 7387 3739 7388 3733 7388 3738 7388 3739 7389 3732 7389 3740 7389 3739 7390 3740 7390 3733 7390 3744 7391 3760 7391 3740 7391 3741 7392 3854 7392 3760 7392 3745 7393 3760 7393 3744 7393 3745 7394 3741 7394 3760 7394 3745 7395 3746 7395 3741 7395 3745 7396 3747 7396 3746 7396 3745 7397 3744 7397 3748 7397 3749 7398 3747 7398 3745 7398 3749 7399 3745 7399 3748 7399 3749 7400 3750 7400 3747 7400 3750 7401 3756 7401 3751 7401 3756 7402 3752 7402 3753 7402 3756 7403 3754 7403 3751 7403 3755 7404 3753 7404 3743 7404 3755 7405 3742 7405 3754 7405 3755 7406 3743 7406 3742 7406 3749 7407 3748 7407 3752 7407 3749 7408 3752 7408 3756 7408 3749 7409 3756 7409 3750 7409 3755 7410 3756 7410 3753 7410 3754 7411 3756 7411 3755 7411 3733 7412 3759 7412 3757 7412 3730 7413 3757 7413 3758 7413 3730 7414 3733 7414 3757 7414 3731 7415 3730 7415 3758 7415 3760 7416 3854 7416 3759 7416 3760 7417 3759 7417 3740 7417 3763 7418 3762 7418 3761 7418 3729 7419 3734 7419 3763 7419 3763 7420 3734 7420 3731 7420 3763 7421 3731 7421 3762 7421 3764 7422 3763 7422 3761 7422 3765 7423 3764 7423 3766 7423 3765 7424 3729 7424 3763 7424 3765 7425 3763 7425 3764 7425 3765 7426 3767 7426 3729 7426 3765 7427 3766 7427 3768 7427 3771 7428 3769 7428 3767 7428 3771 7429 3768 7429 3770 7429 3771 7430 3767 7430 3765 7430 3771 7431 3765 7431 3768 7431 3771 7432 3772 7432 3769 7432 3778 7433 3773 7433 3772 7433 3778 7434 3771 7434 3770 7434 3778 7435 3770 7435 3775 7435 3776 7436 3775 7436 3867 7436 3774 7437 3773 7437 3778 7437 3774 7438 3778 7438 3775 7438 3774 7439 3775 7439 3776 7439 3774 7440 3777 7440 3773 7440 3778 7441 3772 7441 3771 7441 3781 7442 3780 7442 3782 7442 3781 7443 3779 7443 3780 7443 3783 7444 3781 7444 3782 7444 3773 7445 3777 7445 3783 7445 3773 7446 3783 7446 3782 7446 3772 7447 3773 7447 3782 7447 3769 7448 3772 7448 3782 7448 3767 7449 3769 7449 3782 7449 3728 7450 3729 7450 3767 7450 3735 7451 3782 7451 3784 7451 3735 7452 3784 7452 3785 7452 3735 7453 3728 7453 3767 7453 3735 7454 3785 7454 3786 7454 3735 7455 3786 7455 3787 7455 3735 7456 3787 7456 3824 7456 3735 7457 3767 7457 3782 7457 3789 7458 3788 7458 3880 7458 3736 7459 3735 7459 3824 7459 3736 7460 3824 7460 3790 7460 3736 7461 3790 7461 3791 7461 3736 7462 3791 7462 3792 7462 3736 7463 3792 7463 3793 7463 3736 7464 3793 7464 3794 7464 3736 7465 3794 7465 3795 7465 3736 7466 3795 7466 3796 7466 3737 7467 3736 7467 3796 7467 3737 7468 3796 7468 3797 7468 3737 7469 3797 7469 3798 7469 3737 7470 3798 7470 3799 7470 3737 7471 3799 7471 3800 7471 3737 7472 3800 7472 3801 7472 3737 7473 3801 7473 3802 7473 3737 7474 3802 7474 3812 7474 3803 7475 3788 7475 3789 7475 3803 7476 3812 7476 3788 7476 3804 7477 3812 7477 3803 7477 3748 7478 3744 7478 3732 7478 3748 7479 3737 7479 3812 7479 3748 7480 3732 7480 3737 7480 3752 7481 3748 7481 3812 7481 3753 7482 3804 7482 3805 7482 3753 7483 3812 7483 3804 7483 3753 7484 3805 7484 3743 7484 3753 7485 3752 7485 3812 7485 3815 7486 3806 7486 3812 7486 3815 7487 3811 7487 3806 7487 3830 7488 3807 7488 3808 7488 3827 7489 3784 7489 3782 7489 3827 7490 3813 7490 3809 7490 3828 7491 3810 7491 2452 7491 3828 7492 3827 7492 3809 7492 3828 7493 3809 7493 3810 7493 3815 7494 3832 7494 3811 7494 3815 7495 3812 7495 3802 7495 3827 7496 3874 7496 3813 7496 3814 7497 3833 7497 3832 7497 3814 7498 3832 7498 3815 7498 3815 7499 3802 7499 3801 7499 3814 7500 3807 7500 3830 7500 3817 7501 3815 7501 3801 7501 3817 7502 3801 7502 3800 7502 3814 7503 3816 7503 3807 7503 3817 7504 3800 7504 3799 7504 3819 7505 3817 7505 3799 7505 3814 7506 2435 7506 3816 7506 3817 7507 3818 7507 3814 7507 3818 7508 3817 7508 3819 7508 3818 7509 2435 7509 3814 7509 3819 7510 3799 7510 3798 7510 3819 7511 3798 7511 3797 7511 3818 7512 2702 7512 2435 7512 3821 7513 3818 7513 3819 7513 3819 7514 3797 7514 3796 7514 3821 7515 2702 7515 3818 7515 3819 7516 3796 7516 3795 7516 3821 7517 3819 7517 3795 7517 3821 7518 3820 7518 2702 7518 3821 7519 3795 7519 3794 7519 3821 7520 3822 7520 3820 7520 3793 7521 3821 7521 3794 7521 3793 7522 3822 7522 3821 7522 3793 7523 3726 7523 3822 7523 3823 7524 3793 7524 3792 7524 3823 7525 3792 7525 3791 7525 3793 7526 3725 7526 3726 7526 3823 7527 3791 7527 3790 7527 3823 7528 3725 7528 3793 7528 3823 7529 3724 7529 3725 7529 3824 7530 3823 7530 3790 7530 3823 7531 2710 7531 3724 7531 3823 7532 3723 7532 2710 7532 3831 7533 3823 7533 3824 7533 3831 7534 3723 7534 3823 7534 3824 7535 3787 7535 3786 7535 3831 7536 3825 7536 3723 7536 3826 7537 3786 7537 3785 7537 3826 7538 3824 7538 3786 7538 3826 7539 3831 7539 3824 7539 3826 7540 3828 7540 3831 7540 3831 7541 2451 7541 3825 7541 3828 7542 2451 7542 3831 7542 3826 7543 3785 7543 3784 7543 3827 7544 3826 7544 3784 7544 3828 7545 2452 7545 2451 7545 3827 7546 3829 7546 3874 7546 3830 7547 3833 7547 3814 7547 3830 7548 3834 7548 3833 7548 3814 7549 3815 7549 3817 7549 3828 7550 3826 7550 3827 7550 3827 7551 3782 7551 3873 7551 3827 7552 3873 7552 3829 7552 3812 7553 3806 7553 3788 7553 3808 7554 3835 7554 3834 7554 3808 7555 3834 7555 3830 7555 3836 7556 3803 7556 3789 7556 3844 7557 3838 7557 3839 7557 3840 7558 3844 7558 3839 7558 3892 7559 3841 7559 3842 7559 3844 7560 3840 7560 3843 7560 3847 7561 3837 7561 3844 7561 3804 7562 3877 7562 3847 7562 3836 7563 3804 7563 3803 7563 3804 7564 3847 7564 3845 7564 3841 7565 3848 7565 3842 7565 3845 7566 3743 7566 3805 7566 3845 7567 3742 7567 3743 7567 3847 7568 3877 7568 3837 7568 3841 7569 3845 7569 3847 7569 3847 7570 3844 7570 3843 7570 3847 7571 3843 7571 3846 7571 3841 7572 3847 7572 3846 7572 3845 7573 3805 7573 3804 7573 3841 7574 3846 7574 3848 7574 3751 7575 3754 7575 3849 7575 3751 7576 3849 7576 3850 7576 3750 7577 3850 7577 3851 7577 3750 7578 3751 7578 3850 7578 3747 7579 3750 7579 3851 7579 3747 7580 3851 7580 3852 7580 3746 7581 3747 7581 3852 7581 3746 7582 3852 7582 3853 7582 3741 7583 3746 7583 3853 7583 3741 7584 3853 7584 3854 7584 3857 7585 3950 7585 3862 7585 3870 7586 3857 7586 3869 7586 3859 7587 3857 7587 3870 7587 3869 7588 3856 7588 3858 7588 3859 7589 3870 7589 3871 7589 3783 7590 3859 7590 3872 7590 3783 7591 3955 7591 3781 7591 3862 7592 3860 7592 3861 7592 3857 7593 3862 7593 3861 7593 3857 7594 3861 7594 3855 7594 3857 7595 3783 7595 3950 7595 3783 7596 3777 7596 3950 7596 3857 7597 3855 7597 3856 7597 3869 7598 3857 7598 3856 7598 3859 7599 3783 7599 3857 7599 3764 7600 3761 7600 3863 7600 3766 7601 3863 7601 3864 7601 3766 7602 3764 7602 3863 7602 3768 7603 3864 7603 3865 7603 3768 7604 3766 7604 3864 7604 3770 7605 3768 7605 3865 7605 3866 7606 3770 7606 3865 7606 3775 7607 3866 7607 3867 7607 3775 7608 3770 7608 3866 7608 3869 7609 3858 7609 3868 7609 3869 7610 3868 7610 3953 7610 3783 7611 3872 7611 3955 7611 3781 7612 3955 7612 3779 7612 3873 7613 3782 7613 3780 7613 3875 7614 3810 7614 3809 7614 3962 7615 3834 7615 3835 7615 3880 7616 3788 7616 3806 7616 3838 7617 3876 7617 3839 7617 3882 7618 3834 7618 3962 7618 3882 7619 3833 7619 3834 7619 3879 7620 3962 7620 3878 7620 3838 7621 3844 7621 3837 7621 3838 7622 3837 7622 3877 7622 3877 7623 3804 7623 3836 7623 3789 7624 3877 7624 3836 7624 3882 7625 3832 7625 3833 7625 3880 7626 3806 7626 3811 7626 3879 7627 3880 7627 3882 7627 3880 7628 3879 7628 3881 7628 3881 7629 3877 7629 3789 7629 3882 7630 3962 7630 3879 7630 3880 7631 3832 7631 3882 7631 3880 7632 3811 7632 3832 7632 3878 7633 3961 7633 3881 7633 3878 7634 3881 7634 3879 7634 3881 7635 3961 7635 3876 7635 3881 7636 3876 7636 3838 7636 3877 7637 3881 7637 3838 7637 3881 7638 3789 7638 3880 7638 3888 7639 3886 7639 3891 7639 3886 7640 3894 7640 3850 7640 3893 7641 3935 7641 3894 7641 3886 7642 3850 7642 3849 7642 3884 7643 3893 7643 3894 7643 3884 7644 3887 7644 3893 7644 3884 7645 3885 7645 3887 7645 3884 7646 3883 7646 3885 7646 3891 7647 3886 7647 3849 7647 3891 7648 3849 7648 3754 7648 3894 7649 3886 7649 3884 7649 3884 7650 3886 7650 3888 7650 3888 7651 3889 7651 3883 7651 3888 7652 3890 7652 3889 7652 3892 7653 3842 7653 3890 7653 3892 7654 3890 7654 3888 7654 3845 7655 3892 7655 3742 7655 3891 7656 3754 7656 3742 7656 3884 7657 3888 7657 3883 7657 3742 7658 3892 7658 3891 7658 3892 7659 3888 7659 3891 7659 3841 7660 3892 7660 3845 7660 3935 7661 3893 7661 3936 7661 3916 7662 3895 7662 3924 7662 3913 7663 3731 7663 3758 7663 3896 7664 3897 7664 3898 7664 3904 7665 3757 7665 3899 7665 3896 7666 3898 7666 3900 7666 3902 7667 3899 7667 3896 7667 3902 7668 3896 7668 3900 7668 3902 7669 3900 7669 3903 7669 3914 7670 3901 7670 3902 7670 3914 7671 3902 7671 3903 7671 3906 7672 3757 7672 3904 7672 3901 7673 3914 7673 3905 7673 3906 7674 3758 7674 3757 7674 3901 7675 3905 7675 3915 7675 3915 7676 3905 7676 3907 7676 3915 7677 3907 7677 3909 7677 3908 7678 3915 7678 3909 7678 3908 7679 3758 7679 3906 7679 3908 7680 3909 7680 3910 7680 3912 7681 3908 7681 3910 7681 3912 7682 3910 7682 3911 7682 3913 7683 3758 7683 3908 7683 3912 7684 3913 7684 3908 7684 3912 7685 3911 7685 3895 7685 3912 7686 3895 7686 3916 7686 3899 7687 3902 7687 3904 7687 3901 7688 3904 7688 3902 7688 3901 7689 3906 7689 3904 7689 3906 7690 3901 7690 3915 7690 3908 7691 3906 7691 3915 7691 3916 7692 3913 7692 3912 7692 3762 7693 3916 7693 3761 7693 3916 7694 3762 7694 3731 7694 3913 7695 3916 7695 3731 7695 3919 7696 3917 7696 3865 7696 3919 7697 3865 7697 3864 7697 3926 7698 3918 7698 3919 7698 3926 7699 3920 7699 3918 7699 3925 7700 3919 7700 3864 7700 3926 7701 3921 7701 3920 7701 3923 7702 3921 7702 3926 7702 3925 7703 3863 7703 3761 7703 3925 7704 3761 7704 3916 7704 3924 7705 3923 7705 3916 7705 3924 7706 3922 7706 3923 7706 3918 7707 3917 7707 3919 7707 3925 7708 3864 7708 3863 7708 3925 7709 3926 7709 3919 7709 3923 7710 3926 7710 3925 7710 3923 7711 3922 7711 3921 7711 3925 7712 3916 7712 3923 7712 3918 7713 3938 7713 3917 7713 3928 7714 3927 7714 3937 7714 3935 7715 3851 7715 3850 7715 3929 7716 3928 7716 3899 7716 3929 7717 3854 7717 3853 7717 3931 7718 3929 7718 3853 7718 3928 7719 3930 7719 3927 7719 3931 7720 3853 7720 3852 7720 3931 7721 3930 7721 3928 7721 3931 7722 3932 7722 3930 7722 3934 7723 3931 7723 3852 7723 3934 7724 3932 7724 3931 7724 3934 7725 3852 7725 3851 7725 3934 7726 3933 7726 3932 7726 3935 7727 3934 7727 3851 7727 3934 7728 3936 7728 3933 7728 3935 7729 3936 7729 3934 7729 3931 7730 3928 7730 3929 7730 3894 7731 3935 7731 3850 7731 3759 7732 3899 7732 3757 7732 3899 7733 3759 7733 3854 7733 3899 7734 3854 7734 3929 7734 3896 7735 3937 7735 3897 7735 3928 7736 3937 7736 3896 7736 3899 7737 3928 7737 3896 7737 3917 7738 3938 7738 3944 7738 3941 7739 3940 7739 3939 7739 3941 7740 3942 7740 3940 7740 3943 7741 3942 7741 3941 7741 3945 7742 3867 7742 3866 7742 3945 7743 3943 7743 3867 7743 3944 7744 3942 7744 3943 7744 3945 7745 3866 7745 3865 7745 3917 7746 3945 7746 3865 7746 3943 7747 3941 7747 3867 7747 3944 7748 3945 7748 3917 7748 3945 7749 3944 7749 3943 7749 3862 7750 3946 7750 3860 7750 3949 7751 3774 7751 3776 7751 3947 7752 3948 7752 3946 7752 3941 7753 3948 7753 3947 7753 3941 7754 3939 7754 3948 7754 3947 7755 3946 7755 3862 7755 3949 7756 3776 7756 3867 7756 3950 7757 3777 7757 3774 7757 3774 7758 3949 7758 3950 7758 3862 7759 3950 7759 3949 7759 3949 7760 3947 7760 3862 7760 3947 7761 3949 7761 3941 7761 3949 7762 3867 7762 3941 7762 3809 7763 3951 7763 3875 7763 3780 7764 3779 7764 3873 7764 3955 7765 3957 7765 3779 7765 3954 7766 3958 7766 4007 7766 3956 7767 3954 7767 4007 7767 3956 7768 4007 7768 4008 7768 3952 7769 4008 7769 3951 7769 3952 7770 3956 7770 4008 7770 3952 7771 3957 7771 3956 7771 3952 7772 3779 7772 3957 7772 3952 7773 3874 7773 3829 7773 3952 7774 3829 7774 3873 7774 3952 7775 3873 7775 3779 7775 3953 7776 3870 7776 3869 7776 3956 7777 3957 7777 3954 7777 3953 7778 3871 7778 3870 7778 3953 7779 3958 7779 3954 7779 3871 7780 3872 7780 3859 7780 3871 7781 3954 7781 3872 7781 3957 7782 3872 7782 3954 7782 3952 7783 3809 7783 3813 7783 3952 7784 3951 7784 3809 7784 3952 7785 3813 7785 3874 7785 3957 7786 3955 7786 3872 7786 3871 7787 3953 7787 3954 7787 2455 7788 2452 7788 3810 7788 3959 7789 3825 7789 2449 7789 2449 7790 3825 7790 2451 7790 3959 7791 3723 7791 3825 7791 2712 7792 3723 7792 3959 7792 2434 7793 2435 7793 2702 7793 2440 7794 3808 7794 3807 7794 2442 7795 3808 7795 2440 7795 2444 7796 3962 7796 3835 7796 3808 7797 2444 7797 3835 7797 2442 7798 2444 7798 3808 7798 3960 7799 3839 7799 3876 7799 3960 7800 3963 7800 3839 7800 3839 7801 3963 7801 3840 7801 3843 7802 3840 7802 3963 7802 3843 7803 3963 7803 3964 7803 3846 7804 3964 7804 3965 7804 3846 7805 3843 7805 3964 7805 3848 7806 3965 7806 3966 7806 3848 7807 3846 7807 3965 7807 3842 7808 3966 7808 3967 7808 3842 7809 3848 7809 3966 7809 3890 7810 3842 7810 3967 7810 3890 7811 3967 7811 3968 7811 3889 7812 3968 7812 3969 7812 3889 7813 3890 7813 3968 7813 3883 7814 3889 7814 3969 7814 3883 7815 3969 7815 3970 7815 3885 7816 3970 7816 3971 7816 3885 7817 3883 7817 3970 7817 3887 7818 3971 7818 3972 7818 3887 7819 3885 7819 3971 7819 3893 7820 3972 7820 3973 7820 3893 7821 3887 7821 3972 7821 3936 7822 3893 7822 3973 7822 3936 7823 3973 7823 3974 7823 3933 7824 3936 7824 3974 7824 3933 7825 3974 7825 3975 7825 3932 7826 3933 7826 3975 7826 3932 7827 3975 7827 3976 7827 3930 7828 3932 7828 3976 7828 3930 7829 3976 7829 3977 7829 3927 7830 3930 7830 3977 7830 3927 7831 3977 7831 3978 7831 3937 7832 3927 7832 3978 7832 3937 7833 3978 7833 3979 7833 3897 7834 3937 7834 3979 7834 3898 7835 3979 7835 3980 7835 3898 7836 3897 7836 3979 7836 3900 7837 3980 7837 3981 7837 3900 7838 3898 7838 3980 7838 3903 7839 3981 7839 3982 7839 3903 7840 3900 7840 3981 7840 3903 7841 3982 7841 3983 7841 3914 7842 3903 7842 3983 7842 3914 7843 3983 7843 3984 7843 3905 7844 3984 7844 3985 7844 3905 7845 3914 7845 3984 7845 3907 7846 3905 7846 3985 7846 3907 7847 3985 7847 3986 7847 3909 7848 3907 7848 3986 7848 3909 7849 3986 7849 3987 7849 3910 7850 3909 7850 3987 7850 3911 7851 3910 7851 3987 7851 3911 7852 3987 7852 3988 7852 3895 7853 3911 7853 3988 7853 3895 7854 3988 7854 3989 7854 3924 7855 3895 7855 3989 7855 3924 7856 3989 7856 3990 7856 3922 7857 3924 7857 3990 7857 3922 7858 3990 7858 3991 7858 3921 7859 3922 7859 3991 7859 3921 7860 3991 7860 3992 7860 3920 7861 3992 7861 3993 7861 3920 7862 3921 7862 3992 7862 3918 7863 3993 7863 3994 7863 3918 7864 3920 7864 3993 7864 3938 7865 3918 7865 3994 7865 3944 7866 3938 7866 3995 7866 3944 7867 3995 7867 3996 7867 3942 7868 3996 7868 3997 7868 3942 7869 3944 7869 3996 7869 3942 7870 3997 7870 3998 7870 3940 7871 3998 7871 3999 7871 3940 7872 3942 7872 3998 7872 3939 7873 3940 7873 3999 7873 3948 7874 3999 7874 4000 7874 3948 7875 3939 7875 3999 7875 3946 7876 4000 7876 4001 7876 3946 7877 3948 7877 4000 7877 3860 7878 4001 7878 4002 7878 3860 7879 3946 7879 4001 7879 3861 7880 3860 7880 4002 7880 3855 7881 4002 7881 4003 7881 3855 7882 3861 7882 4002 7882 3855 7883 4003 7883 4004 7883 3856 7884 4004 7884 4005 7884 3856 7885 3855 7885 4004 7885 3858 7886 3856 7886 4005 7886 4005 7887 4006 7887 3868 7887 4005 7888 3868 7888 3858 7888 3953 7889 3868 7889 4006 7889 3953 7890 4006 7890 3958 7890 3875 7891 3951 7891 4009 7891 4009 7892 2455 7892 3810 7892 4009 7893 3810 7893 3875 7893 3993 7894 3579 7894 3994 7894 3579 7895 3610 7895 3994 7895 3994 7896 3610 7896 3938 7896 3992 7897 3579 7897 3993 7897 3938 7898 3610 7898 3995 7898 3992 7899 3580 7899 3579 7899 3991 7900 3580 7900 3992 7900 3610 7901 3578 7901 3995 7901 3991 7902 3581 7902 3580 7902 3990 7903 3581 7903 3991 7903 3578 7904 3996 7904 3995 7904 3989 7905 3581 7905 3990 7905 3578 7906 3997 7906 3996 7906 3578 7907 3577 7907 3997 7907 3988 7908 3583 7908 3989 7908 3989 7909 3583 7909 3581 7909 3577 7910 3998 7910 3997 7910 3577 7911 3576 7911 3998 7911 3987 7912 3583 7912 3988 7912 3576 7913 3999 7913 3998 7913 3576 7914 3574 7914 3999 7914 3987 7915 3585 7915 3583 7915 3986 7916 3585 7916 3987 7916 3574 7917 4000 7917 3999 7917 3574 7918 3573 7918 4000 7918 3573 7919 4001 7919 4000 7919 3985 7920 3585 7920 3986 7920 3573 7921 3572 7921 4001 7921 3985 7922 3586 7922 3585 7922 3572 7923 4002 7923 4001 7923 3985 7924 3984 7924 3586 7924 3572 7925 4003 7925 4002 7925 3984 7926 3588 7926 3586 7926 3572 7927 3571 7927 4003 7927 3984 7928 3983 7928 3588 7928 3571 7929 4004 7929 4003 7929 3571 7930 3570 7930 4004 7930 3983 7931 3590 7931 3588 7931 3983 7932 3982 7932 3590 7932 3570 7933 4005 7933 4004 7933 3570 7934 2461 7934 4005 7934 3982 7935 3981 7935 3590 7935 3981 7936 3592 7936 3590 7936 3981 7937 3980 7937 3592 7937 3980 7938 3594 7938 3592 7938 3980 7939 3979 7939 3594 7939 3979 7940 3978 7940 3594 7940 3978 7941 3595 7941 3594 7941 3978 7942 3977 7942 3595 7942 2461 7943 4006 7943 4005 7943 2461 7944 2459 7944 4006 7944 2459 7945 3958 7945 4006 7945 2459 7946 2891 7946 3958 7946 2891 7947 2888 7947 3958 7947 3977 7948 3596 7948 3595 7948 2888 7949 2886 7949 3958 7949 3977 7950 3976 7950 3596 7950 2886 7951 2884 7951 3958 7951 2884 7952 4007 7952 3958 7952 2884 7953 2882 7953 4007 7953 2882 7954 4008 7954 4007 7954 2882 7955 2880 7955 4008 7955 2880 7956 2878 7956 4008 7956 3976 7957 3975 7957 3596 7957 2878 7958 3951 7958 4008 7958 2878 7959 2876 7959 3951 7959 3975 7960 3597 7960 3596 7960 2876 7961 2874 7961 3951 7961 3975 7962 3974 7962 3597 7962 2874 7963 4009 7963 3951 7963 3974 7964 3973 7964 3597 7964 3973 7965 3972 7965 3600 7965 3972 7966 3601 7966 3600 7966 3972 7967 3971 7967 3601 7967 3971 7968 3602 7968 3601 7968 3971 7969 3970 7969 3602 7969 3970 7970 3603 7970 3602 7970 3970 7971 3969 7971 3603 7971 3969 7972 3968 7972 3603 7972 3968 7973 3605 7973 3603 7973 3968 7974 3967 7974 3605 7974 3967 7975 3606 7975 3605 7975 3967 7976 3966 7976 3606 7976 3966 7977 3607 7977 3606 7977 3966 7978 3965 7978 3607 7978 3965 7979 3608 7979 3607 7979 3965 7980 3964 7980 3608 7980 3964 7981 2732 7981 3608 7981 3964 7982 3963 7982 2732 7982 2732 7983 3960 7983 2733 7983 3963 7984 3960 7984 2732 7984 3960 7985 3876 7985 2733 7985 2733 7986 3876 7986 2821 7986 2821 7987 3876 7987 2823 7987 3876 7988 3961 7988 2823 7988 3961 7989 2825 7989 2823 7989 3961 7990 2828 7990 2825 7990 2828 7991 3961 7991 2830 7991 3961 7992 3878 7992 2830 7992 2444 7993 2839 7993 3962 7993 2830 7994 3878 7994 2832 7994 2837 7995 3962 7995 2839 7995 2835 7996 3962 7996 2837 7996 2832 7997 3878 7997 2835 7997 3878 7998 3962 7998 2835 7998</p>
                </triangles>
            </mesh>
        </geometry>
    </library_geometries>
    <library_visual_scenes>
        <visual_scene id="VisualSceneNode" name="VisualScene">
            <node id="node" name="node">
                <instance_geometry url="#shape0-lib"/>
            </node>
        </visual_scene>
    </library_visual_scenes>
    <scene>
        <instance_visual_scene url="#VisualSceneNode"/>
    </scene>
</COLLADA>
