<?xml version="1.0" encoding="UTF-8"?>
<COLLADA xmlns="http://www.collada.org/2005/11/COLLADASchema" version="1.4.1">
    <asset>
        <contributor>
            <author>VCGLab</author>
            <authoring_tool>VCGLib | MeshLab</authoring_tool>
        </contributor>
        <created>Mi. Jan. 4 14:19:01 2023 GMT</created>
        <modified>Mi. Jan. 4 14:19:01 2023 GMT</modified>
        <up_axis>Y_UP</up_axis>
    </asset>
    <library_geometries>
        <geometry id="shape0-lib" name="shape0">
            <mesh>
                <source id="shape0-lib-positions" name="position">
                    <float_array id="shape0-lib-positions-array" count="11964">-0.0377526 -0.0479139 0.00299999 -0.0371584 -0.0309 0.00299999 -0.0356077 -0.0495287 0.00299999 -0.0287764 -0.0537859 0.00299999 -0.0125 -0.05 0.00299999 -0.0263818 -0.055 0.00299999 -0.0175592 -0.0549998 0.00300699 -0.0311152 -0.0524675 0.00299999 -0.0181971 -0.0309 0.00299999 -0.0333938 -0.0510476 0.00299999 -0.00749999 -0.04 0.00299999 -0.00749999 -0.05 0.00299999 0.00964197 -0.04 0.00299999 -0.0370467 -0.0277 0.00299999 -0.0355905 0.014 0.00299999 -0.00798185 0.052 0.00299999 0.00913921 0.1023 0.00299999 0.00964197 0.1023 0.00299999 -0.00539173 0.126171 0.00299999 0.00913921 0.1098 0.00299999 0.0198181 0.1098 0.00299999 0.135 -0.0550001 -0.116636 0.13471 -0.0466894 -0.116599 0.135 -0.055 -0.12069 0.134721 -0.0469999 -0.114394 0.133545 -0.0133264 -0.116343 0.133533 -0.013 -0.113102 0.135 -0.055 -0.04492 0.134768 -0.0483576 -0.051542 0.135 -0.055 -0.051354 0.13484 -0.0504256 -0.058145 0.134877 -0.0514799 -0.063477 0.134894 -0.0519554 -0.069876 0.134889 -0.0518307 -0.075124 0.134877 -0.0514697 -0.078571 0.132937 0.00407801 -0.116261 0.132255 0.0236083 -0.119254 0.134312 -0.0353112 -0.060807 0.134842 -0.0504739 -0.083544 0.134806 -0.049433 -0.087241 0.134771 -0.0484518 -0.089825 0.134262 -0.0338689 -0.059059 0.133642 -0.0298995 -0.061076 0.134225 -0.0327936 -0.058251 0.134037 -0.027436 -0.062601 0.134721 -0.047 -0.092963 0.134825 -0.05 -0.038627 0.133533 -0.0129996 -0.103342 0.132768 0.00892552 -0.103187 0.134825 -0.05 -0.032194 0.134153 -0.0307426 -0.057497 0.132329 0.0214809 -0.034215 0.132329 0.0214809 -0.102972 0.134015 -0.0267851 -0.05841 0.134487 -0.0403909 -0.044296 0.13394 -0.0246557 -0.060371 0.133911 -0.0238181 -0.061691 0.134175 -0.0313599 -0.044526 0.133885 -0.0230744 -0.06321 0.118687 0.045594 -0.045263 0.0949821 0.060988 -0.064458 0.118687 0.045594 -0.11816 0.089095 0.064811 -0.114025 0.0744994 0.0742895 -0.110815 0.103837 0.0552373 -0.116476 0.0414293 0.0957656 -0.05883 0.0313671 0.1023 -0.046404 0.0313671 0.1023 -0.047198 0.0198181 0.1098 -0.032937 0.000918587 0.122074 -0.04957 -0.000967142 0.123298 -0.047512 -0.0020334 0.123991 -0.046065 -0.00333133 0.124833 -0.043747 -0.00450033 0.125593 -0.040857 -0.00508875 0.125975 -0.038383 -0.00534275 0.12614 -0.036211 -0.00539173 0.126171 -0.034933 -0.0254901 -0.0280807 -0.1605 -0.0298887 -0.0211828 -0.1605 -0.0295927 -0.0180687 -0.1605 -0.0175442 -0.0297179 -0.1605 -0.0111844 -0.0240309 -0.1605 -0.010505 -0.0188164 -0.1605 -0.0146687 -0.0122206 -0.1605 -0.0188604 -0.0121621 -0.121084 -0.020156 -0.0288453 -0.127762 -0.0311539 -0.00925217 -0.095507 -0.0369194 -0.00848349 -0.08723 -0.0416906 -0.0084883 -0.07775 -0.0483435 -0.00800413 -0.074653 -0.051886 -0.009547 -0.062441 -0.0412257 -0.0227208 -0.069423 -0.0426764 -0.0268549 -0.075509 -0.0424538 -0.0252501 -0.071432 -0.0473138 -0.0234578 -0.063603 -0.0614388 -0.0257222 -0.053 -0.0541473 -0.0269583 -0.063873 -0.0193117 -0.0109172 -0.1307 -0.0129969 -0.0161857 -0.136852 -0.0140155 -0.0174527 -0.127588 -0.0164685 -0.0127517 -0.130146 -0.0156315 -0.014939 -0.125228 -0.0162783 -0.016789 -0.118576 -0.0146734 -0.0253139 -0.131319 -0.0142052 -0.0227356 -0.127478 -0.0162676 -0.027093 -0.131678 -0.0188245 -0.0265652 -0.119496 -0.0346348 -0.0101057 -0.082176 -0.028072 -0.0129141 -0.089685 -0.0314381 -0.0136261 -0.081843 -0.0275843 -0.02358 -0.090763 -0.0364002 -0.0129304 -0.075178 -0.031465 -0.0263462 -0.089294 -0.0526912 -0.00859122 -0.064481 -0.0302004 -0.0215745 -0.083261 -0.0428335 -0.00989922 -0.071521 -0.0416968 -0.0136151 -0.068248 -0.0488076 -0.0118892 -0.062092 -0.0348318 -0.0246739 -0.079847 -0.0439971 -0.0146869 -0.064934 -0.0403234 -0.0172034 -0.068368 -0.0522247 -0.0178805 -0.055821 -0.0424352 -0.0203064 -0.066468 -0.0500133 -0.0199333 -0.058378 -0.0517118 -0.0218668 -0.057699 -0.0336212 -0.0188761 -0.1276 -0.0368266 -0.0179124 -0.11624 -0.013801 -0.0194869 -0.127486 -0.0255552 -0.0175863 -0.091437 -0.0366542 -0.0210578 -0.116641 -0.0344168 -0.0172995 -0.07549 -0.0427956 -0.0187413 -0.100594 -0.0467915 -0.0198447 -0.091438 -0.0311079 -0.0208052 -0.141724 -0.0114659 -0.0175149 -0.146437 -0.0120519 -0.0197245 -0.137519 -0.0113141 -0.0211212 -0.144104 -0.0293383 -0.024753 -0.147792 -0.0321524 -0.0221618 -0.133326 -0.0518099 -0.0159164 -0.084451 -0.027657 -0.0161719 -0.086905 -0.0303301 -0.0174568 -0.081492 -0.0348738 -0.0238887 -0.119175 -0.0275907 -0.0189081 -0.086745 -0.0346067 -0.0152686 -0.075673 -0.0348728 -0.0209511 -0.075765 -0.0558346 -0.0242354 -0.07627 -0.0627851 -0.0204942 -0.072248 -0.0293964 -0.0161253 -0.150117 -0.0278452 -0.0144071 -0.1605 -0.0106858 -0.0209399 -0.15312 -0.0138989 -0.0280449 -0.1605 -0.0130581 -0.0257266 -0.144121 -0.0394106 -0.015454 -0.107473 -0.0190469 -0.0140795 -0.113553 -0.0210881 -0.0156078 -0.10434 -0.0459205 -0.0147407 -0.091921 -0.0202248 -0.0222181 -0.106552 -0.0248198 -0.0156633 -0.09436 -0.0407698 -0.0226252 -0.103087 -0.0522238 -0.0201476 -0.083812 -0.0304315 -0.0186489 -0.146687 -0.0236337 -0.0108768 -0.14577 -0.0295091 -0.0127378 -0.1321 -0.0160646 -0.0117906 -0.143969 -0.0335084 -0.014482 -0.12279 -0.0124764 -0.0235493 -0.139172 -0.0164654 -0.0185 -0.116695 -0.0164658 -0.0205453 -0.116758 -0.0229669 -0.0127513 -0.10409 -0.0182006 -0.0176497 -0.11144 -0.0167062 -0.0235981 -0.119174 -0.0247986 -0.0203588 -0.093726 -0.0231021 -0.0234818 -0.100707 -0.0256055 -0.0261178 -0.100536 -0.0517532 -0.0113645 -0.081286 -0.0410896 -0.0247541 -0.098324 -0.0597477 -0.0139932 -0.074947 -0.0471236 -0.0245113 -0.086426 -0.0262588 -0.0124088 -0.150641 -0.0135814 -0.0141158 -0.142804 -0.0115979 -0.02437 -0.152901 -0.0373422 -0.0112733 -0.104677 -0.0164077 -0.0285197 -0.142786 -0.0202693 -0.0297801 -0.142668 -0.0265986 -0.0277384 -0.150871 -0.0208072 -0.0193269 -0.103481 -0.0201886 -0.0249552 -0.110803 -0.0306409 -0.027986 -0.098701 -0.0659544 -0.0119879 -0.067018 -0.0234004 -0.0111611 -0.160499 -0.0129352 -0.0132808 -0.1605 -0.0222959 -0.010734 -0.116139 -0.0203332 -0.0300392 -0.1605 -0.0232248 -0.0295913 -0.144567 -0.0290571 -0.0103431 -0.120226 -0.0267611 -0.0105347 -0.100756 -0.0287588 -0.00932108 -0.105825 -0.0269999 -0.0287728 -0.111358 -0.0437312 -0.0103489 -0.089918 -0.0334826 -0.0268342 -0.115026 -0.0377859 -0.00889149 -0.094247 -0.0349682 -0.0280229 -0.098928 -0.0522114 -0.00951301 -0.077629 -0.018792 -0.0107021 -0.149719 -0.0275273 -0.0289315 -0.124111 -0.0225985 -0.0275675 -0.112612 -0.0289777 -0.0273714 -0.132358 -0.0528489 -0.00834908 -0.073072 -0.040684 -0.0273485 -0.087673 -0.0524141 -0.0269785 -0.073674 -0.023825 -0.010163 -0.12896 -0.0370405 -0.027046 -0.101871 -0.0420827 -0.0275154 -0.080988 -0.0231907 -0.0294886 -0.12789 -0.0549528 -0.0274051 -0.067324 -0.147609 -0.0306287 -0.022164 -0.151489 -0.034268 -0.018032 -0.151788 -0.0383145 -0.020025 -0.145836 -0.0447827 -0.025219 -0.0629016 -0.0102147 -0.050444 -0.0615477 -0.00805613 -0.05852 -0.0686369 -0.00880428 -0.048246 -0.0760773 -0.00838007 -0.04343 -0.0876634 -0.00844417 -0.034569 -0.0851014 -0.00800939 -0.039859 -0.0985689 -0.00838884 -0.030048 -0.0990736 -0.0189705 -0.0416 -0.0865071 -0.0210526 -0.050235 -0.0661421 -0.0272473 -0.054169 -0.0698103 -0.026966 -0.05626 -0.109987 -0.00996102 -0.020269 -0.0590311 -0.0234209 -0.051851 -0.109234 -0.0116521 -0.017525 -0.0755363 -0.0264052 -0.042071 -0.117333 -0.0121802 -0.014766 -0.117446 -0.0150292 -0.012111 -0.118882 -0.0104701 -0.019562 -0.110262 -0.00973707 -0.02805 -0.125964 -0.012306 -0.021539 -0.126152 -0.0138487 -0.012467 -0.111864 -0.0234712 -0.032698 -0.110035 -0.018214 -0.035113 -0.127302 -0.0167249 -0.009599 -0.133698 -0.0175334 -0.00977102 -0.124901 -0.0254438 -0.027249 -0.106353 -0.0277002 -0.021697 -0.129499 -0.0307542 -0.02334 -0.0703115 -0.0104991 -0.06099 -0.0710957 -0.00890682 -0.057071 -0.0707029 -0.00796819 -0.052766 -0.0857716 -0.00834401 -0.042598 -0.0766555 -0.0161811 -0.059269 -0.0896571 -0.0160371 -0.048258 -0.0865601 -0.0273866 -0.039711 -0.0650297 -0.0174071 -0.070534 -0.0678601 -0.0226775 -0.065843 -0.0993871 -0.00961713 -0.024872 -0.0713531 -0.0249287 -0.059905 -0.109235 -0.00915979 -0.024607 -0.0933964 -0.0225594 -0.044001 -0.103953 -0.0275166 -0.030552 -0.127834 -0.0128299 -0.015481 -0.115428 -0.029353 -0.022697 -0.0809121 -0.0119609 -0.053169 -0.0769674 -0.0200112 -0.058804 -0.0879344 -0.0261489 -0.043827 -0.137003 -0.0178424 -0.011132 -0.120927 -0.0275328 -0.026124 -0.0820653 -0.0239143 -0.051727 -0.13376 -0.0146293 -0.017019 -0.126415 -0.0321086 -0.019203 -0.133436 -0.0375361 -0.019905 -0.105175 -0.0279961 -0.024378 -0.137421 -0.0300039 -0.006055 -0.140233 -0.0278312 -0.00633401 -0.143023 -0.0253002 -0.023132 -0.0603197 -0.0172881 -0.04807 -0.0689718 -0.0173385 -0.040385 -0.0699263 -0.0142061 -0.040341 -0.076189 -0.0143563 -0.035181 -0.0851954 -0.0162898 -0.027918 -0.0947876 -0.0145865 -0.022225 -0.107582 -0.0168277 -0.014833 -0.115873 -0.0184673 -0.011171 -0.124105 -0.0198268 -0.00864202 -0.129953 -0.0235742 -0.006951 -0.0775752 -0.0180923 -0.0334 -0.0983061 -0.0276978 -0.02743 -0.0848774 -0.0201161 -0.028268 -0.13861 -0.0177121 -0.019274 -0.12798 -0.0217334 -0.02744 -0.144394 -0.0249606 -0.00958303 -0.108881 -0.0202021 -0.013985 -0.146707 -0.0306526 -0.00828302 -0.143747 -0.0228913 -0.020476 -0.14167 -0.0335274 -0.025105 -0.140599 -0.0262339 -0.024612 -0.14897 -0.0281382 -0.018104 -0.152155 -0.0401685 -0.012008 -0.126507 -0.0321002 -0.014347 -0.13389 -0.033194 -0.00782502 -0.0962597 -0.0174782 -0.02055 -0.0606391 -0.0209371 -0.048546 -0.0699198 -0.0211154 -0.040346 -0.10823 -0.0256958 -0.032361 -0.131313 -0.0189739 -0.025689 -0.0904772 -0.0232916 -0.02616 -0.0963522 -0.0207054 -0.020922 -0.136441 -0.0180882 -0.022123 -0.141846 -0.0197548 -0.013363 -0.14017 -0.0232657 -0.007844 -0.140869 -0.0186802 -0.01614 -0.146742 -0.0242672 -0.015477 -0.133257 -0.026111 -0.025795 -0.145298 -0.0387715 -0.00631601 -0.147942 -0.0268236 -0.012732 -0.150883 -0.0328165 -0.012942 -0.121534 -0.0249866 -0.00986001 -0.137259 -0.0372291 -0.024124 -0.149023 -0.0390282 -0.02337 -0.151498 -0.0457099 -0.021607 -0.131746 -0.0366066 -0.014757 -0.134067 -0.0468739 -0.014198 -0.0527726 -0.0144313 -0.0561 -0.0613931 -0.012359 -0.049253 -0.0841214 -0.0125223 -0.030348 -0.0976237 -0.0134589 -0.041464 -0.104601 -0.0133435 -0.017787 -0.127276 -0.0149843 -0.024964 -0.101637 -0.0253467 -0.020907 -0.145546 -0.0322962 -0.024251 -0.15303 -0.0418817 -0.017702 -0.134454 -0.0463465 -0.018884 -0.0599134 -0.0150434 -0.048913 -0.0769335 -0.00991247 -0.038798 -0.0873121 -0.009884 -0.031286 -0.0963075 -0.0100413 -0.038898 -0.110026 -0.0123355 -0.032534 -0.116766 -0.0159568 -0.031089 -0.119523 -0.0282178 -0.013081 -0.0729154 -0.011587 -0.039808 -0.0927497 -0.0112441 -0.025978 -0.0683762 -0.0238319 -0.043877 -0.0834578 -0.0253864 -0.033531 -0.0781766 -0.0228346 -0.034765 -0.133743 -0.0214265 -0.00732902 -0.110217 -0.0240405 -0.014719 -0.120281 -0.0300245 -0.016194 -0.148838 -0.0393959 -0.00787801 -0.120837 -0.0122118 -0.025694 -0.13563 -0.0437235 -0.00988001 -0.139398 -0.0474011 -0.007303 -0.144691 -0.0511738 -0.00670102 -0.146954 -0.0472134 -0.006749 -0.132147 -0.0575974 -0.020439 -0.134624 -0.0565128 -0.012761 -0.150643 -0.0479477 -0.009175 -0.137748 -0.0549978 -0.009312 -0.15056 -0.0533994 -0.010544 -0.152406 -0.0493681 -0.01224 -0.140263 -0.0597803 -0.00973901 -0.153178 -0.0483459 -0.016899 -0.127897 -0.069361 -0.030892 -0.152579 -0.0547021 -0.016957 -0.151105 -0.0612809 -0.020836 -0.123741 -0.0796559 -0.03477 -0.116812 -0.0909631 -0.048864 -0.121166 -0.0884888 -0.039391 -0.107651 -0.103653 -0.065897 -0.0348483 -0.138844 -0.107842 -0.0125273 -0.148436 -0.113259 -0.0121049 -0.149787 -0.110532 -0.143008 -0.0464733 -0.00620601 -0.148397 -0.0512802 -0.007992 -0.142551 -0.0547956 -0.00769001 -0.135486 -0.0625735 -0.013189 -0.15072 -0.0613861 -0.016846 -0.148463 -0.0677909 -0.019018 -0.114086 -0.10181 -0.053906 -0.103969 -0.110779 -0.072013 -0.0981398 -0.111465 -0.081637 -0.0598713 -0.129864 -0.102893 -0.0469787 -0.133814 -0.105915 -0.0322573 -0.156357 -0.121619 -0.0381391 -0.150284 -0.123273 -0.03045 -0.149263 -0.124626 -0.0140958 -0.148501 -0.119447 -0.128395 -0.0734233 -0.024892 -0.129062 -0.068449 -0.023903 -0.146942 -0.0734956 -0.02528 -0.145327 -0.0747898 -0.022681 -0.126201 -0.083431 -0.030771 -0.140042 -0.0527122 -0.027095 -0.144537 -0.0564794 -0.02881 -0.14322 -0.0818964 -0.031291 -0.141332 -0.086272 -0.037657 -0.144281 -0.0788856 -0.035369 -0.136487 -0.0604229 -0.031515 -0.1267 -0.10015 -0.044078 -0.125229 -0.0963542 -0.04032 -0.132665 -0.0716192 -0.041325 -0.142546 -0.0678846 -0.035937 -0.137877 -0.068686 -0.038576 -0.139435 -0.0852713 -0.046081 -0.128116 -0.0753465 -0.043664 -0.120713 -0.0833495 -0.04439 -0.12382 -0.0889342 -0.061339 -0.112925 -0.097411 -0.072538 -0.113635 -0.120551 -0.086688 -0.121773 -0.0964385 -0.071343 -0.116833 -0.116433 -0.086038 -0.113191 -0.105617 -0.087739 -0.108189 -0.123609 -0.093157 -0.108259 -0.10266 -0.08425 -0.110846 -0.0979251 -0.062672 -0.104402 -0.104386 -0.075496 -0.0976784 -0.128837 -0.098541 -0.102321 -0.126471 -0.098279 -0.107826 -0.11302 -0.098282 -0.103484 -0.107449 -0.094985 -0.103875 -0.109804 -0.098335 -0.0927883 -0.130422 -0.105009 -0.0893181 -0.114018 -0.092136 -0.0952152 -0.109527 -0.09899 -0.097856 -0.113159 -0.104716 -0.0835377 -0.131176 -0.113642 -0.0911836 -0.112604 -0.105632 -0.081122 -0.135253 -0.109758 -0.0758635 -0.136358 -0.11416 -0.0809442 -0.115998 -0.109992 -0.0607278 -0.144344 -0.114967 -0.0744752 -0.121319 -0.115813 -0.0827687 -0.119942 -0.114131 -0.0322212 -0.148886 -0.105237 -0.0284267 -0.14415 -0.106889 -0.0642031 -0.124604 -0.117646 -0.0499559 -0.146289 -0.121113 -0.0164349 -0.158206 -0.105487 -0.0512715 -0.14797 -0.118426 -0.0652605 -0.124 -0.103666 -0.0488766 -0.134629 -0.122205 -0.0408852 -0.135652 -0.120818 -0.0364846 -0.136299 -0.109822 -0.14896 -0.0594499 -0.012058 -0.131805 -0.0703545 -0.019396 -0.151709 -0.0539589 -0.021591 -0.148783 -0.0566227 -0.02623 -0.136933 -0.0490152 -0.023472 -0.149507 -0.0656278 -0.025388 -0.118685 -0.0982562 -0.046513 -0.147648 -0.0670248 -0.029737 -0.112033 -0.100948 -0.057006 -0.133972 -0.0581758 -0.027226 -0.12018 -0.100784 -0.047046 -0.139144 -0.0891946 -0.045287 -0.141995 -0.0754248 -0.039976 -0.130907 -0.0673849 -0.035114 -0.116045 -0.109622 -0.058309 -0.124673 -0.0773641 -0.042125 -0.136495 -0.0802157 -0.047727 -0.130596 -0.0842718 -0.054625 -0.133671 -0.0967767 -0.057084 -0.129714 -0.0924272 -0.061885 -0.12675 -0.107342 -0.069365 -0.122032 -0.111908 -0.078146 -0.118843 -0.0878337 -0.0556 -0.0966669 -0.117041 -0.082796 -0.106792 -0.124776 -0.089107 -0.113708 -0.116564 -0.09192 -0.118516 -0.105512 -0.08288 -0.119237 -0.109829 -0.083928 -0.109616 -0.0990768 -0.070369 -0.107217 -0.120618 -0.099116 -0.110016 -0.121297 -0.09411 -0.0769953 -0.125128 -0.097409 -0.106737 -0.117591 -0.100418 -0.100694 -0.123356 -0.104906 -0.10153 -0.115481 -0.10432 -0.103016 -0.104667 -0.082189 -0.101819 -0.12513 -0.101955 -0.0866551 -0.132971 -0.103905 -0.0991648 -0.121075 -0.106936 -0.0944298 -0.126049 -0.108995 -0.0967018 -0.108211 -0.09201 -0.0908602 -0.121873 -0.112198 -0.0742203 -0.138413 -0.108982 -0.0891617 -0.126151 -0.112677 -0.0768024 -0.130087 -0.117773 -0.0727162 -0.118131 -0.105963 -0.0831605 -0.124699 -0.115791 -0.0694886 -0.137545 -0.117614 -0.0704526 -0.1352 -0.118715 -0.062073 -0.143901 -0.112808 -0.0783835 -0.117866 -0.099772 -0.0638016 -0.134408 -0.121227 -0.0579511 -0.141777 -0.120572 -0.0620617 -0.12408 -0.106035 -0.0522446 -0.141265 -0.122744 -0.0562166 -0.12972 -0.120388 -0.0454596 -0.141387 -0.12382 -0.0512626 -0.128015 -0.110048 -0.0566349 -0.125863 -0.115813 -0.0440941 -0.13146 -0.11633 -0.0482664 -0.129059 -0.113159 -0.0148391 -0.160312 -0.124636 -0.0352618 -0.14947 -0.124174 -0.0391374 -0.134704 -0.118494 -0.0247571 -0.14456 -0.12192 -0.0317935 -0.137735 -0.112553 -0.0321767 -0.137286 -0.115277 -0.0285518 -0.139815 -0.117995 -0.145594 -0.068355 -0.015891 -0.141704 -0.0785872 -0.023238 -0.146152 -0.0757436 -0.03021 -0.130261 -0.0906289 -0.033273 -0.13945 -0.0886316 -0.036293 -0.12092 -0.106191 -0.052192 -0.124776 -0.104029 -0.049095 -0.123285 -0.108289 -0.055497 -0.132787 -0.100317 -0.055981 -0.126557 -0.10831 -0.059658 -0.133263 -0.0907878 -0.056994 -0.126519 -0.0819364 -0.052111 -0.121011 -0.114891 -0.073013 -0.127565 -0.107619 -0.064613 -0.126379 -0.103747 -0.071321 -0.118458 -0.0906445 -0.062089 -0.111545 -0.121838 -0.082132 -0.114337 -0.100374 -0.079748 -0.0836559 -0.132033 -0.09959 -0.0915388 -0.13013 -0.107452 -0.0716575 -0.137767 -0.10494 -0.0976295 -0.118386 -0.107741 -0.0815519 -0.114533 -0.105582 -0.047494 -0.138169 -0.104248 -0.060222 -0.144399 -0.109993 -0.0628407 -0.141827 -0.11767 -0.0726454 -0.125294 -0.118316 -0.0705371 -0.128751 -0.11964 -0.0265338 -0.148143 -0.105697 -0.0478153 -0.150797 -0.112576 -0.0561937 -0.136092 -0.122573 -0.0615129 -0.130928 -0.121277 -0.0679715 -0.120558 -0.112566 -0.0492216 -0.136538 -0.122959 -0.0328158 -0.158989 -0.116136 -0.0313905 -0.159652 -0.113231 -0.0502559 -0.129836 -0.118462 -0.0347146 -0.144069 -0.124119 -0.0136796 -0.164458 -0.1235 -0.0279559 -0.141106 -0.119934 -0.131439 -0.0800108 -0.024504 -0.127127 -0.0892891 -0.033494 -0.131159 -0.0988303 -0.043784 -0.137037 -0.0938969 -0.044236 -0.137092 -0.0934858 -0.048013 -0.132284 -0.10108 -0.051329 -0.108582 -0.109781 -0.065039 -0.108805 -0.111739 -0.066099 -0.109063 -0.11485 -0.068667 -0.119932 -0.114266 -0.066001 -0.113014 -0.112659 -0.092876 -0.0739934 -0.130257 -0.099132 -0.0895124 -0.116686 -0.110414 -0.0459588 -0.144223 -0.104848 -0.0391904 -0.150155 -0.106297 -0.0392131 -0.15441 -0.110463 -0.0350042 -0.140964 -0.122933 -0.0185545 -0.144977 -0.116901 -0.139964 -0.0845623 -0.029406 -0.137909 -0.084187 -0.027298 -0.13512 -0.0920913 -0.03615 -0.134412 -0.0967575 -0.043933 -0.12895 -0.103463 -0.050575 -0.110345 -0.118193 -0.072437 -0.117586 -0.117815 -0.080238 -0.105977 -0.123725 -0.084019 -0.0910653 -0.123277 -0.089685 -0.0866759 -0.119802 -0.092129 -0.094449 -0.129401 -0.096172 -0.02868 -0.159164 -0.109274 -0.136231 -0.0693375 -0.015676 -0.13159 -0.0932081 -0.036059 -0.113976 -0.118651 -0.073175 -0.0999677 -0.121154 -0.082299 -0.0734743 -0.13439 -0.101523 -0.146759 -0.0567638 -0.00905001 -0.144659 -0.0623398 -0.011014 -0.140253 -0.0670217 -0.013282 -0.141627 -0.0721792 -0.017048 -0.13758 -0.0764751 -0.019947 -0.134192 -0.0838676 -0.026457 -0.118071 -0.11298 -0.062524 -0.100724 -0.124225 -0.085611 -0.0917108 -0.127602 -0.093404 -0.0612135 -0.136339 -0.102707 -0.0606883 -0.140931 -0.10518 -0.054321 -0.146307 -0.108794 -0.00782666 -0.173131 -0.116961 -0.00454399 -0.155261 -0.108964 0.0160587 -0.187231 -0.110334 -0.00159046 -0.154526 -0.115875 -0.000729605 -0.155726 -0.118526 0.0112387 -0.162026 -0.113871 0.028831 -0.173719 -0.104225 0.0191768 -0.167314 -0.109195 0.0324318 -0.174856 -0.104913 0.0238481 -0.169558 -0.113452 0.0358067 -0.176654 -0.109601 -0.00517434 -0.156479 -0.107664 0.00839003 -0.18234 -0.115781 0.024823 -0.190884 -0.11272 0.0309001 -0.193398 -0.098817 0.0314805 -0.17695 -0.100909 0.0421063 -0.19044 -0.091839 -0.00253654 -0.156601 -0.121375 0.0073345 -0.161907 -0.12052 0.0117381 -0.162968 -0.117675 -0.00292709 -0.174704 -0.119698 0.0260035 -0.170601 -0.11004 0.0248634 -0.170915 -0.115121 -0.00584326 -0.173769 -0.111423 0.018415 -0.168297 -0.11857 0.0238439 -0.173637 -0.118722 0.00619585 -0.179852 -0.118837 -0.00227908 -0.173796 -0.108511 0.0356931 -0.176214 -0.107661 0.0135105 -0.183613 -0.117878 0.00353664 -0.162664 -0.106762 0.000455563 -0.169035 -0.105197 0.001146 -0.178464 -0.112988 0.0170876 -0.187094 -0.106654 0.00930997 -0.175821 -0.104351 0.0294791 -0.192118 -0.112959 0.0307585 -0.195562 -0.107136 0.0179685 -0.18599 -0.104102 0.0265875 -0.177048 -0.100297 0.00611323 -0.160133 -0.110572 -0.023727 -0.16327 -0.118992 -0.0157077 -0.166163 -0.121398 -0.00896568 -0.165946 -0.106211 0.0132344 -0.181246 -0.120145 -0.00299788 -0.164101 -0.105341 0.0348084 -0.181817 -0.115322 0.0320382 -0.176903 -0.114694 0.00745002 -0.179699 -0.107408 0.0105821 -0.169064 -0.104921 0.0186069 -0.169289 -0.105744 0.0189776 -0.177243 -0.101309 -0.0123589 -0.170645 -0.113892 0.0163345 -0.168711 -0.120494 -0.0181045 -0.163622 -0.107905 0.00603516 -0.164743 -0.12315 0.0024264 -0.174719 -0.122261 0.02018 -0.175184 -0.121077 -0.0130102 -0.151617 -0.122426 0.013469 -0.170972 -0.122718 0.0157788 -0.179619 -0.121345 0.0405981 -0.180678 -0.109926 0.0447232 -0.185675 -0.110359 0.000497032 -0.165745 -0.124507 0.00404124 -0.172284 -0.123738 -0.00629755 -0.157155 -0.123478 -0.00986364 -0.158248 -0.124614 0.0118108 -0.173206 -0.123174 0.0352856 -0.185686 -0.115526 0.025236 -0.18712 -0.116928 0.0350086 -0.190014 -0.114561 -0.0203126 -0.150134 -0.123909 0.0262561 -0.183019 -0.118763 0.082959 -0.236167 0.008169 0.078132 -0.227047 0.00470898 0.0750726 -0.246087 0.00304699 0.0693218 -0.229294 -0.000687003 0.0576527 -0.189575 -0.096762 0.0848963 -0.210043 -0.072539 0.0906576 -0.216476 -0.05949 0.0682916 -0.220985 -0.077525 0.067055 -0.195974 -0.091822 0.0800896 -0.234788 -0.052037 0.0834135 -0.226963 -0.00407001 0.0889872 -0.214119 -0.067912 0.0897907 -0.231422 -0.00912401 0.085581 -0.228887 -0.00265101 0.0816998 -0.230127 0.00735098 0.0617413 -0.215902 -0.087858 0.0679701 -0.217761 -0.089756 0.0848612 -0.214237 -0.057885 0.0578488 -0.190368 -0.100046 0.0717083 -0.223898 -0.077497 0.0770227 -0.227224 -0.074582 0.0865334 -0.218737 -0.044517 0.0752555 -0.227938 -0.065824 0.0898374 -0.22551 -0.021835 0.0793517 -0.236438 -0.042888 0.0787132 -0.232783 -0.055734 0.0820053 -0.232483 -0.063786 0.0825826 -0.23598 -0.052583 0.0905425 -0.216699 -0.06872 0.0937895 -0.223126 -0.043114 0.071036 -0.244348 0.000422984 0.0933376 -0.230876 -0.022105 0.0929413 -0.226172 -0.02909 0.0787466 -0.243308 -0.017203 0.0810018 -0.243446 0.006897 0.0435576 -0.182178 -0.098437 0.0596458 -0.192311 -0.090153 0.0656768 -0.199376 -0.081602 0.0465548 -0.205351 -0.095314 0.0743742 -0.202885 -0.078612 0.0478314 -0.202737 -0.105164 0.0565465 -0.211812 -0.087735 0.0758671 -0.206362 -0.072841 0.0533602 -0.207786 -0.100161 0.0829638 -0.210262 -0.067309 0.0646177 -0.21675 -0.078404 0.0630142 -0.212081 -0.096561 0.0647063 -0.195502 -0.097115 0.0601721 -0.213854 -0.092803 0.0747653 -0.22678 -0.061863 0.0741356 -0.201561 -0.088633 0.0737481 -0.223393 -0.081641 0.0878049 -0.223593 -0.024945 0.0806809 -0.206559 -0.081753 0.0797034 -0.227258 -0.075563 0.0772971 -0.231881 -0.050027 0.0791279 -0.231267 -0.064249 0.0855816 -0.222063 -0.030311 0.0861182 -0.231081 -0.066509 0.0802208 -0.22487 -0.01548 0.0813976 -0.23868 -0.040154 0.0928321 -0.220802 -0.064277 0.0845556 -0.239532 -0.040653 0.093088 -0.21968 -0.057595 0.0802487 -0.225816 -0.00524202 0.0866936 -0.242099 -0.027361 0.0825373 -0.24283 -0.023934 0.0672023 -0.234295 -0.002065 0.0796105 -0.245121 -0.006574 0.0908834 -0.228209 -0.017525 0.0851799 -0.238724 0.003593 0.0861297 -0.231842 0.000566989 0.0494696 -0.184946 -0.097614 0.0469783 -0.186585 -0.093589 0.06571 -0.195293 -0.089367 0.0762466 -0.202799 -0.082001 0.0507496 -0.201397 -0.106306 0.0461637 -0.182396 -0.103538 0.048409 -0.184839 -0.105574 0.0629252 -0.197046 -0.100889 0.0887127 -0.21644 -0.054074 0.0710414 -0.201104 -0.094142 0.0915911 -0.221137 -0.04217 0.0831583 -0.220845 -0.037526 0.0864051 -0.234822 -0.057629 0.0868901 -0.237351 -0.049546 0.0950811 -0.224414 -0.052577 0.0459688 -0.18236 -0.101025 0.0212674 -0.183973 -0.100625 0.0449795 -0.187644 -0.092596 0.0501542 -0.205653 -0.089023 0.0467738 -0.19444 -0.110275 0.0476329 -0.190841 -0.110154 0.0583397 -0.207213 -0.101226 0.0955832 -0.227779 -0.041299 0.0676375 -0.240512 -0.00178301 0.0879844 -0.239496 -0.00420001 0.0868806 -0.234928 0.000647992 0.0332945 -0.191114 -0.095785 0.0358969 -0.198854 -0.101801 0.0568922 -0.196601 -0.085175 0.0567383 -0.202133 -0.082782 0.0498878 -0.207665 -0.096779 0.0378286 -0.194848 -0.111517 0.0452995 -0.197326 -0.109483 0.0619281 -0.210806 -0.078529 0.0592151 -0.203084 -0.103365 0.0587155 -0.198574 -0.104417 0.0685865 -0.201914 -0.097489 0.0793118 -0.207183 -0.086673 0.0942344 -0.225193 -0.059696 0.0904504 -0.236851 -0.047722 0.0748123 -0.227333 -0.00949103 0.0771414 -0.236254 -0.034445 0.0890136 -0.239587 -0.038393 0.0725197 -0.226591 0.001389 0.0778364 -0.240005 -0.026434 0.0948496 -0.228273 -0.033564 0.0922032 -0.238614 -0.02329 0.0938947 -0.234279 -0.023793 0.0878941 -0.242311 -0.016589 0.083162 -0.244353 -0.00512102 0.0348936 -0.197433 -0.099415 0.0470416 -0.199857 -0.088975 0.0418143 -0.201306 -0.10462 0.0561279 -0.192753 -0.104767 0.0744548 -0.224434 -0.059226 0.0730993 -0.217646 -0.089674 0.0785499 -0.20856 -0.088787 0.0832201 -0.21321 -0.083749 0.0846343 -0.226585 -0.074758 0.0782591 -0.225349 -0.025668 0.0710528 -0.239091 -0.009709 0.0851128 -0.243611 -0.01699 0.0888038 -0.241048 -0.011638 0.0909841 -0.236658 -0.011902 0.0788816 -0.223512 -0.081596 0.0864548 -0.212923 -0.076851 0.0760777 -0.23074 -0.036901 0.0929647 -0.23571 -0.04471 0.0732277 -0.233186 -0.019152 0.0734787 -0.236588 -0.019213 0.0734436 -0.229884 -0.015114 0.0783743 -0.211753 -0.064326 0.0821609 -0.216341 -0.053669 0.0746645 -0.216442 -0.062107 0.0761851 -0.227841 -0.047834 0.079495 -0.222174 -0.04145 0.0906264 -0.224133 -0.06984 0.0888079 -0.219216 -0.074935 0.0890797 -0.227553 -0.069385 0.0906154 -0.232634 -0.0589 0.0753652 -0.230822 -0.029132 0.0946634 -0.231873 -0.048825 0.0915429 -0.239261 -0.031752 0.0946008 -0.234492 -0.030725 0.0695839 -0.205687 -0.09718 0.0772226 -0.21109 -0.090539 0.0770517 -0.220424 -0.053513 0.0828933 -0.217168 -0.083781 0.0827285 -0.221487 -0.081475 0.0929628 -0.229422 -0.06009 0.0678811 -0.207874 -0.074227 0.0696156 -0.21827 -0.070326 0.067049 -0.208971 -0.097908 0.0732154 -0.213479 -0.09259 0.077147 -0.225758 -0.040236 0.0759722 -0.228362 -0.027455 0.0955977 -0.230118 -0.043391 0.0938441 -0.236164 -0.035829 -0.038 -0.055 0.0849999 -0.0355442 -0.0549994 0.0746399 -0.0318706 -0.055 0.088311 -0.0255443 -0.055 0.091228 -0.0212113 -0.055 0.092902 -0.0123549 -0.055 0.095718 0.009 -0.055 0.096 0.009 -0.055 0.0985 0.00484855 -0.055 0.088849 0.01 -0.055 0.094 0.00420442 -0.0549998 0.098461 -0.00420011 -0.0549985 0.09736 -0.0263824 -0.055 0.074135 0.00484855 -0.055 0.042699 -0.0142745 -0.055 0.027214 0.065 -0.055 0.096 0.065 -0.055 0.0985 0.035 -0.055 0.0985 0.035 -0.055 0.096 -0.0166901 -0.055 0.015214 -0.0156589 -0.055 0.021249 0.0974391 -0.055 0.0985 0.091 -0.055 0.0985 0.091 -0.055 0.096 0.0982723 -0.055 0.098481 0.0995702 -0.055 0.098381 0.10306 -0.055 0.097673 0.105771 -0.055 0.096698 0.109923 -0.055 0.094 -0.0370467 -0.0277 0.017 -0.0371584 -0.0309 0.017 -0.0355905 0.014 0.085002 -0.0377526 -0.0479139 0.065234 -0.0379948 -0.0549303 0.073153 0.132285 0.0223631 -0.03425 0.13225 0.0228528 -0.102943 0.132216 0.0232437 -0.034307 0.132191 0.0229268 -0.115983 0.132119 0.0241086 -0.102919 0.132026 0.0247814 -0.03446 0.131911 0.0255347 -0.102895 0.131192 0.0286802 -0.119131 0.131466 0.0276514 -0.115909 0.131767 0.0263088 -0.034671 0.131688 0.0266823 -0.102878 0.13142 0.0278187 -0.034952 0.131004 0.0293112 -0.035288 0.130883 0.0296941 -0.119104 0.130681 0.0302925 -0.03555 0.130609 0.0304987 -0.11908 0.130123 0.0317617 -0.119041 0.130108 0.0317933 -0.036014 0.129613 0.0329478 -0.119002 0.12936 0.0334842 -0.036619 0.128959 0.0342772 -0.118953 0.128781 0.0346205 -0.037088 0.128358 0.0353825 -0.118909 0.127818 0.0362725 -0.037868 0.127397 0.0369595 -0.118842 0.126762 0.0378674 -0.038723 0.126257 0.0385534 -0.118757 0.125999 0.0388892 -0.039341 0.125735 0.0392231 -0.118719 0.125193 0.0398777 -0.039994 0.124872 0.0402438 -0.118656 0.124346 0.0408311 -0.040679 0.124006 0.0411926 -0.118591 0.123267 0.0419366 -0.118535 0.12346 0.0417476 -0.041397 0.122658 0.0425126 -0.118488 0.12243 0.0427207 -0.042231 0.121233 0.0437436 -0.043201 0.121649 0.0433961 -0.118408 0.120648 0.0442057 -0.118326 0.119984 0.0447022 -0.044212 0.119684 0.0449178 -0.118246 0.034616 -0.077 0.0985 0.012 -0.077 0.096 0.034616 -0.077 0.096 0.00938401 -0.077 0.0985 0.00938401 -0.077 0.096 0.012 -0.057 0.096 0.0349651 -0.057 0.096 0.090616 -0.077 0.096 0.065384 -0.077 0.0985 0.065384 -0.077 0.096 0.090616 -0.077 0.0985 0.0650349 -0.057 0.096 0.0909651 -0.057 0.096 0.127996 -0.055 0.087623 0.121 -0.055 0.0899999 0.124284 -0.055027 0.086717 0.13482 -0.055 0.0847889 0.136488 -0.055 0.08045 0.139237 -0.055 0.082604 0.145629 -0.055 0.078897 0.142213 -0.055 0.076998 0.149477 -0.055 0.0718299 0.155663 -0.055 0.071766 0.161202 -0.055 0.066875 0.156274 -0.055 0.065993 0.161019 -0.055 0.061244 0.166406 -0.055 0.061629 0.171161 -0.055 0.055973 0.165364 -0.055 0.05618 0.175532 -0.055 0.050015 0.179398 -0.055 0.043718 0.173275 -0.0549987 0.045067 0.178273 -0.055 0.035331 0.18284 -0.055 0.037179 0.185731 -0.055 0.030379 0.180812 -0.055 0.029154 0.182971 -0.055 0.022841 0.188169 -0.055 0.023403 0.190023 -0.055 0.016251 0.185295 -0.055 0.013065 0.191402 -0.055 0.00899097 0.186529 -0.055 0.005317 0.192 -0.055 0.00409999 0.192945 -0.055 -0.009285 0.187382 -0.055 -0.00572601 0.187887 -0.055 -0.019529 0.193264 -0.055 -0.0227 0.187814 -0.055 -0.029561 0.192957 -0.055 -0.036115 0.187386 -0.055 -0.039577 0.192024 -0.055 -0.049501 0.186603 -0.055 -0.049578 0.185462 -0.055 -0.059583 0.190466 -0.055 -0.062829 0.183967 -0.055 -0.06954 0.138667 -0.055 -0.120736 0.19 -0.055 -0.0695 0.143835 -0.055 -0.116152 0.182117 -0.055 -0.07944 0.142335 -0.055 -0.120736 0.146002 -0.055 -0.12069 0.149456 -0.0550005 -0.115615 0.19 -0.055 -0.083 0.189915 -0.055 -0.084839 0.189665 -0.055 -0.08665 0.179916 -0.055 -0.089276 0.156 -0.055 -0.1205 0.157968 -0.055 -0.113921 0.187893 -0.055 -0.09194 0.179166 -0.055 -0.092202 0.178148 -0.055 -0.095009 0.182471 -0.055 -0.100745 0.175711 -0.055 -0.100032 0.164683 -0.055 -0.110956 0.181444 -0.055 -0.102979 0.174357 -0.055 -0.102046 0.16825 -0.055 -0.10845 0.17223 -0.055 -0.104724 0.00216222 0.155 -0.050605 0.000758409 0.155 -0.049168 -0.000161314 0.155 -0.048061 -0.0012655 0.155 -0.046491 -0.00231257 0.155 -0.044605 -0.0031744 0.155 -0.042626 -0.00361293 0.155 -0.041255 -0.00415708 0.155 -0.038676 -0.00438501 0.155 -0.036438 0.0762918 0.155 0.03719 -0.00438501 0.155 0.03719 0.0292708 0.155 -0.073169 0.0792183 0.108341 0.087078 -0.00600925 0.108488 0.087068 -0.00798185 0.052 0.091018 -0.0121915 -0.000384555 0.094681 -0.0187506 0.0371781 0.092054 0.111289 0.0956232 0.0879669 0.113871 0.0877527 0.088518 0.0976451 0.102709 0.087472 0.105018 0.0189319 0.09333 -0.00715977 -0.0220415 0.096195 -0.00320413 -0.0360984 0.097178 0.072701 0.13369 -0.109318 0.0695644 0.142982 -0.106669 0.0636088 0.148125 -0.10175 -0.020735 0.0256559 0.091577 -0.0245099 0.029251 0.090063 -0.0301308 0.0215145 0.087709 -0.0292792 0.0141336 0.088258 -0.0122071 -0.0261943 0.095139 -0.020797 0.0133955 0.091783 -0.0122818 -0.0434777 0.095432 -0.0295787 -0.0261805 0.088894 -0.0211432 -0.0434777 0.092713 -0.0297074 -0.0434777 0.089167 -0.00595426 0.110063 0.086933 0.0764385 0.111135 0.0868089 -0.00589944 0.111633 0.086748 -0.00581945 0.113923 0.0863869 0.0762918 0.115671 0.086038 -0.00574013 0.116194 0.08592 0.0762918 0.118023 0.085464 -0.00566166 0.118442 0.085349 0.0762918 0.120344 0.084777 -0.00558419 0.12066 0.084674 0.0762918 0.122629 0.083979 -0.0055079 0.122845 0.083897 0.0762918 0.124873 0.083071 -0.00543295 0.124991 0.083019 0.0762918 0.12707 0.082055 -0.0053595 0.127094 0.082043 -0.00528772 0.12915 0.080971 0.0762918 0.129216 0.080934 -0.00521774 0.131154 0.079804 0.0762918 0.131305 0.079711 -0.00514973 0.133101 0.078546 0.0762918 0.133332 0.078388 -0.00508383 0.134989 0.077198 0.0762918 0.135293 0.076968 -0.00502018 0.136811 0.075765 0.0762918 0.137183 0.075456 -0.00495892 0.138565 0.074249 0.0762918 0.138997 0.073853 -0.00490018 0.140247 0.072652 0.0798305 0.140806 0.072086 -0.00484409 0.141854 0.07098 0.0762918 0.142382 0.0703939 -0.00479077 0.143381 0.069235 0.0762918 0.143946 0.068546 -0.00474033 0.144825 0.067421 0.0762918 0.145418 0.066624 -0.00469288 0.146184 0.065542 0.0762918 0.146795 0.064634 -0.00464852 0.147454 0.063603 0.0762918 0.148074 0.0625789 -0.00460735 0.148633 0.061606 0.0762918 0.149253 0.060464 -0.00456946 0.149718 0.059557 0.0762918 0.150327 0.058295 -0.00453492 0.150707 0.057459 0.0762918 0.151296 0.056076 -0.00450382 0.151598 0.055319 0.0762918 0.152156 0.053814 -0.00447622 0.152388 0.053139 -0.00445218 0.153076 0.050925 0.0762918 0.153542 0.049176 -0.00443175 0.153662 0.048681 0.0762918 0.154065 0.046813 -0.00441497 0.154142 0.046412 0.0762918 0.154473 0.044427 -0.00440189 0.154517 0.044124 0.0762918 0.154766 0.042024 -0.00439252 0.154785 0.041821 0.0762918 0.154941 0.03961 -0.00438689 0.154946 0.039508 0.0873424 0.153821 -0.091316 0.0844909 0.154323 -0.090757 0.0844807 0.154325 0.039481 0.0905064 0.153197 0.037242 0.0901831 0.153264 -0.091849 0.0939409 0.152439 -0.092519 0.0964709 0.151826 0.037306 0.0976792 0.151516 -0.093144 0.102375 0.150212 0.037381 0.101398 0.150497 -0.093727 0.105096 0.149381 -0.094268 0.108208 0.14836 0.037468 0.108774 0.148166 -0.094768 0.112431 0.146852 -0.095228 0.11396 0.146271 0.037565 0.116067 0.145438 -0.095648 0.119622 0.143949 0.037673 0.119681 0.143924 -0.09603 0.123292 0.142297 -0.096375 0.125186 0.141398 0.037792 0.127453 0.140278 -0.09673 0.13064 0.138622 0.037922 0.130947 0.138457 -0.096991 0.134356 0.136567 -0.09951 0.135976 0.135626 0.038061 0.139509 0.133481 -0.097493 0.141187 0.132415 0.038211 0.144495 0.130219 -0.099658 0.146261 0.128994 0.03837 0.14938 0.126737 -0.09783 0.151192 0.125369 0.038539 0.155971 0.121546 0.038718 0.15875 0.11917 -0.097913 0.16059 0.117531 0.038905 0.162731 0.115553 -0.097903 0.165041 0.11333 0.039101 0.166579 0.111797 -0.097896 0.167607 0.110746 0.039221 0.17029 0.107905 -0.097894 0.170109 0.108101 0.039344 0.171041 0.107081 -0.097842 0.172844 0.105056 0.035928 0.172624 0.105305 -0.097486 0.173853 0.103888 -0.096908 0.17747 0.0994974 0.029044 0.176212 0.101055 -0.093998 0.177622 0.0993049 -0.090762 0.179261 0.0971917 -0.085301 0.179215 0.0972518 0.025934 0.180764 0.0951819 -0.079806 0.182372 0.0929509 -0.073237 0.182372 0.0929461 0.019076 0.184258 0.0902109 -0.064007 0.18421 0.0902847 0.013815 0.185936 0.0876767 -0.053921 0.186075 0.087455 0.00598398 0.187972 0.0844293 -0.028372 0.187624 0.0848921 -0.00262201 0.187102 0.0858361 -0.043649 0.181258 -0.00965451 -0.101382 0.178707 0.0890667 -0.102968 0.179908 0.055 -0.101676 0.181 -0.055 -0.103999 0.180235 0.0814842 -0.09952 0.181254 0.0872604 -0.09589 0.181798 0.055 -0.096034 0.180567 0.0597084 -0.099721 0.181248 0.0549974 -0.097941 0.182244 0.055 -0.09433 0.184018 0.0838884 -0.084808 0.185055 0.0549999 -0.082418 0.187113 0.0588083 -0.071407 0.188532 0.0549996 -0.062796 0.187528 0.055 -0.069346 0.18771 0.0789963 -0.065522 0.188898 0.0791047 -0.056791 0.190302 0.0587817 -0.046395 0.189723 0.0761118 -0.049526 0.190359 0.0751635 -0.041813 0.190812 0.0759703 -0.033214 0.191273 0.0588083 -0.021246 0.19098 0.0742214 -0.026887 0.190999 0.0741912 -0.020471 0.190737 0.0745916 -0.010947 0.190222 0.0753695 -0.00193202 0.189722 0.0761068 0.003885 0.189458 -0.0114947 -0.065011 0.192763 -0.0265481 -0.021237 0.191786 -0.0265445 -0.046542 0.184978 -0.0451163 0.031894 0.188153 -0.0451163 0.022858 0.175322 0.00831722 0.048332 0.180949 -0.0451163 0.040582 0.140248 0.0932503 0.079111 0.176103 -0.0451163 0.048842 0.170484 -0.0451163 0.056597 0.132231 0.0438366 0.0840659 0.114718 -0.055 0.09163 0.156355 0.0249318 0.069379 0.14896 0.0141154 0.075295 0.157146 -0.0451163 0.070312 0.123642 0.00430789 0.088093 0.149836 -0.0549872 0.076214 0.141428 -0.0451145 0.081219 0.132855 -0.0451193 0.085488 0.123911 -0.0451163 0.088913 0.11787 -0.055 0.090861 0.189249 0.0771796 0.007467 0.186842 0.0801504 0.01919 0.18259 0.0845085 0.031694 0.186168 0.0734861 0.022267 0.18468 0.0821016 0.026363 0.188581 0.063604 0.013195 0.176606 0.0904061 0.043503 0.18306 0.0734915 0.031114 0.174225 0.0833713 0.047615 0.162414 0.0932549 0.062092 0.160063 0.101153 0.064223 0.16861 0.0927665 0.055087 0.155584 0.0932549 0.06847 0.155749 0.102238 0.06811 0.152475 0.106581 0.070734 0.148173 0.0932549 0.07416 0.144017 0.103047 0.076631 0.137062 0.102343 0.080619 0.124996 0.0967406 0.08589 0.120851 0.0915606 0.087376 0.164145 -0.0451106 0.063776 0.131953 0.0833696 0.083435 0.190443 -0.0451155 0.013561 0.178942 0.0847499 0.039529 0.113764 -0.00184586 0.091503 0.145949 0.104476 -0.117907 0.0967336 0.103608 -0.11462 0.0879796 0.132766 -0.112614 0.0962612 0.130543 -0.114058 0.104553 0.130994 -0.115242 0.114821 0.125331 -0.116455 0.12127 0.103608 -0.11733 0.120275 0.121079 -0.116955 0.127766 0.116998 -0.117447 0.13813 0.110328 -0.117827 0.0966492 0.0718861 -0.115168 0.121233 0.0718861 -0.117882 0.155949 0.0948966 -0.117884 0.158338 0.0918888 -0.117779 0.161656 0.0922266 -0.117149 0.165996 0.0910776 -0.115622 0.170355 0.0896903 -0.113133 0.174032 0.0894292 -0.109913 0.177024 0.0874515 -0.106103 0.177804 0.0905421 -0.104444 0.175257 0.0603086 -0.10935 0.1585 0.00967211 -0.119205 0.16812 0.00699077 -0.116264 0.170582 -0.0227908 -0.115405 0.177679 -0.00459526 -0.108067 0.16573 0.0222623 -0.117102 0.163391 0.0191506 -0.118009 0.176575 -0.0388899 -0.110473 0.161057 -0.00771797 -0.119099 0.178657 0.0207988 -0.105693 0.174994 -0.055 -0.112575 0.173013 -0.0549999 -0.114327 0.161236 -0.0549999 -0.11998 0.167398 -0.055 -0.1179 0.17901 -0.0549999 -0.107743 0.189302 -0.015 -0.0695 0.190118 -0.0549998 -0.066156 0.189354 -0.015 -0.067237 0.189302 -0.015 -0.083 0.185441 -0.0149998 -0.094582 0.188998 -0.0549999 -0.089313 0.189082 -0.0155058 -0.085636 0.188337 -0.0117188 -0.088204 0.186902 -0.055 -0.093691 0.184451 -0.0549999 -0.097227 0.182373 -0.017 -0.099452 0.183673 -0.017 -0.097219 0.184403 -0.015 -0.096035 0.0779375 0.154973 -0.089822 0.0783503 0.154958 0.03719 0.0795803 0.154892 -0.090061 0.0804053 0.154831 0.03719 0.082039 0.154669 -0.090413 0.0824533 0.154619 0.03719 0.113963 -0.055 0.09183 0.112696 -0.0549963 0.09229 0.111574 -0.055 0.09293 0.113732 -0.0284229 0.091627 0.114248 -0.055 0.091747 0.114107 -0.0284231 0.091456 0.0790209 0.154698 0.041447 0.0843225 0.153817 0.044431 0.0841721 0.153162 0.048001 0.0839848 0.152281 0.05152 0.0806179 0.153324 0.049009 0.0837523 0.151123 0.054955 0.0791412 0.15289 0.051559 0.0819096 0.14837 0.06173 0.080306 0.149925 0.058631 0.0824528 0.144189 0.0676 0.0784484 0.144756 0.067358 0.0945955 0.138399 0.07147 0.0921599 0.131412 0.077943 0.0780325 0.133061 0.078431 0.0799413 0.129972 0.080336 0.0784998 0.126096 0.082434 0.0776928 0.120161 0.084765 0.077168 0.115401 0.086087 0.0766894 0.113263 0.086499 0.168938 0.109122 0.042429 0.11702 0.0943563 0.087918 0.118598 0.0997298 0.087082 0.150432 0.124962 0.047357 0.163766 0.111975 0.05316 0.148603 0.123209 0.05636 0.153315 0.1155 0.063107 0.156968 0.115075 0.059006 0.134237 0.135735 0.046826 0.145674 0.119999 0.065047 0.116782 0.144308 0.046404 0.0983629 0.150536 0.046097 0.123145 0.118756 0.07876 0.131718 0.111594 0.0802599 0.0975678 0.148194 0.055042 0.118802 0.11157 0.083575 0.122137 0.103939 0.085663 0.126116 0.106636 0.083985 0.0963134 0.144116 0.063677 0.114302 0.103987 0.0866 0.101529 0.110264 0.086165 0.0903701 0.123271 0.082784 0.0879229 0.114861 0.085847 0.16243 0.115433 0.044402 0.166558 0.110668 0.047536 0.141796 0.12986 0.05158 0.132721 0.133737 0.055805 0.139617 0.127221 0.06048 0.130307 0.130163 0.064469 0.125074 0.139455 0.051091 0.115613 0.142111 0.055363 0.136458 0.123075 0.068793 0.12706 0.125085 0.072282 0.123331 0.136541 0.05997 0.113761 0.138246 0.06401 0.107253 0.146795 0.050717 0.120813 0.132016 0.068267 0.111276 0.132792 0.0718119 0.105981 0.143668 0.059579 0.117623 0.12605 0.075461 0.108283 0.126019 0.07829 0.104149 0.138852 0.067864 0.113945 0.118988 0.08114 0.104966 0.118348 0.083117 0.101833 0.13253 0.075054 0.0991631 0.125063 0.080738 0.143027 0.130678 0.044851 0.125342 0.140843 0.044358 0.139656 0.11661 0.073023 0.136734 0.118095 0.073443 0.138266 0.113322 0.0763279 0.107881 0.148017 0.04401 0.110976 0.113186 0.084261 0.0970095 0.118938 0.083869 0.141662 0.119393 0.069079 0.0713047 0.146628 -0.104987 0.06593 0.152953 -0.095892 0.0775588 0.154639 -0.093071 0.069896 0.150864 -0.100417 0.069977 0.154244 -0.093451 0.0762585 0.155 -0.090842 0.0455536 0.154095 -0.086722 0.0390362 0.15478 -0.081297 0.0529847 0.15265 -0.092907 0.0772705 0.153029 -0.098295 0.0788828 0.150014 -0.10326 0.0757528 0.141998 -0.108568 0.0963023 0.151485 -0.09649 0.0833716 0.152574 -0.099103 0.08702 0.14775 -0.106028 0.152639 0.123203 -0.10329 0.144652 0.127844 -0.10601 0.14771 0.127459 -0.101241 0.125903 0.131899 -0.113001 0.123038 0.13074 -0.114364 0.110839 0.134748 -0.113821 0.100465 0.138441 -0.112491 0.0911328 0.135655 -0.11277 0.0877711 0.139843 -0.111168 0.0883267 0.142336 -0.110052 0.0898408 0.149248 -0.104067 0.143997 0.11102 -0.117368 0.1438 0.117353 -0.115537 0.154134 0.123053 -0.099228 0.0804974 0.136846 -0.111082 0.0908658 0.151248 -0.100384 0.0876399 0.153379 -0.094955 0.152501 0.116629 -0.112126 0.154703 0.118376 -0.108594 0.137911 0.124989 -0.113567 0.135664 0.128861 -0.11166 0.143755 0.125935 -0.109589 0.1269 0.133819 -0.111202 0.132894 0.132599 -0.109397 0.135832 0.132633 -0.107204 0.119121 0.137539 -0.110579 0.122708 0.137907 -0.108712 0.125773 0.138169 -0.106603 0.115809 0.136652 -0.112167 0.117772 0.141873 -0.105908 0.106218 0.140324 -0.111061 0.108448 0.141843 -0.109437 0.110443 0.143092 -0.107483 0.0988901 0.144901 -0.108053 0.109289 0.145153 -0.104946 0.0930141 0.144005 -0.109172 0.0991312 0.149025 -0.102202 0.101049 0.1462 -0.106217 0.0797499 0.145878 -0.107069 0.134783 0.118515 -0.117007 0.145286 0.121451 -0.112669 0.133859 0.123383 -0.115579 0.12962 0.118638 -0.117326 0.123987 0.126097 -0.116078 0.111216 0.128071 -0.116078 0.137779 0.133339 -0.10359 0.130036 0.137742 -0.103144 0.122349 0.141567 -0.102545 0.116737 0.144799 -0.098794 0.112058 0.145388 -0.102752 0.105999 0.148647 -0.098131 0.158675 0.118044 -0.103541 0.16916 0.107977 -0.102796 0.157597 0.0954706 -0.117705 0.163246 0.112693 -0.105725 0.162077 0.0975705 -0.116487 0.164493 0.113503 -0.100958 0.153727 0.106636 -0.116406 0.152542 0.102328 -0.11757 0.16574 0.102003 -0.11313 0.15993 0.105033 -0.11484 0.162857 0.108658 -0.11083 0.154271 0.112729 -0.113719 0.176393 0.100136 -0.098127 0.179815 0.0901596 -0.099455 0.175121 0.0922987 -0.108243 0.179075 0.0952541 -0.097976 0.171503 0.096315 -0.110978 0.167587 0.0967749 -0.114003 0.174664 0.0984277 -0.1059 0.169426 0.104843 -0.107693 0.172803 0.104159 -0.101861 0.18226 0.0890706 -0.090409 0.186081 0.0832291 -0.074739 0.183356 0.0898204 -0.082367 0.185578 0.0878579 -0.065144 0.186761 0.0849282 -0.065087 0.187994 0.0840723 -0.047906 0.188939 0.0815074 -0.048386 0.190204 0.0777416 -0.040181 0.189086 0.082272 -0.033205 0.189913 0.0799074 -0.035588 0.189067 0.082302 -0.015522 0.190196 0.0794325 -0.02303 0.190657 0.0770124 -0.015212 0.189762 0.0801591 -0.007736 0.18969 0.0788421 0.000256985 0.182292 0.0926606 -0.081045 0.18717 0.0823766 -0.066849 0.179385 0.0966024 -0.091021 0.177645 0.092012 0.041164 0.180667 0.0905301 0.034666 0.183069 0.0897298 0.026934 0.1792 0.0953048 0.034371 0.184152 0.0849642 0.027173 0.180625 0.0953707 0.026466 0.186043 0.0841009 0.020337 0.188274 0.0804924 0.013277 0.184586 0.0892322 0.017895 0.188582 0.08232 0.00446698 0.186903 0.0858232 0.00852698 0.172692 0.0976014 0.049386 0.170909 0.103048 0.049071 0.175381 0.102075 0.035235 0.174426 0.101556 0.041231 0.175836 0.0980275 0.04175 0.169529 0.107178 0.046762 0.16915 0.101719 0.053095 0.166273 0.106489 0.054822 0.1614 0.112877 0.056183 0.160522 0.108479 0.061404 0.163207 0.105285 0.059864 0.154676 0.11054 0.066437 0.121954 0.0991851 0.086671 0.166843 0.0996713 0.05685 0.161683 0.102529 0.062359 0.156369 0.112435 0.063099 0.149239 0.11455 0.068143 0.155563 0.105858 0.067627 0.145516 0.113688 0.071754 0.143366 0.105958 0.076708 0.143973 0.110367 0.074729 0.136897 0.10883 0.07935 0.13312 0.105543 0.08194 0.132039 0.0975237 0.083109 0.128225 0.102264 0.084404 0.104281 -0.0549929 0.0972899 0.101974 -0.0425627 0.097347 0.110393 -0.0134877 0.093532 0.107567 -0.0131165 0.094648 0.105301 -0.00531595 0.094809 0.113544 0.0529785 0.090481 0.113789 0.0312387 0.091101 0.113171 0.0671081 0.089867 0.116002 0.0567403 0.089694 0.117881 0.0855002 0.088282 0.114248 0.0221639 0.091068 0.112173 0.0102735 0.092215 0.109738 0.0125859 0.093029 0.10827 0.0248963 0.092752 0.187245 0.0025 -0.088627 0.188493 -0.00625 -0.085852 0.183744 0.0249988 -0.094161 0.187868 -0.0040625 -0.087823 0.186651 0.0003125 -0.090711 0.184721 0.0025 -0.094388 0.187351 -0.0125288 -0.091031 0.186414 -0.0141694 -0.093037 0.185963 0.0046875 -0.091737 0.184473 0.0199513 -0.093085 0.183536 0.0220807 -0.094899 0.184415 0.0025 -0.094894 0.182731 0.02 -0.096843 0.182322 0.02 -0.097745 0.181955 0.02 -0.09856 0.0339102 -0.105 -0.090422 0.0351448 -0.105 -0.093173 0.0272538 -0.1142 -0.091865 0.0219521 -0.1142 -0.096468 0.0255952 -0.1142 -0.088131 0.0177576 -0.1142 -0.0934 0.0226062 -0.1142 -0.087175 0.0186569 -0.1142 -0.089062 0.0199317 -0.1082 -0.095729 0.0179688 -0.1082 -0.090623 0.0206992 -0.1082 -0.087419 0.0234918 -0.1082 -0.087168 0.0266585 -0.1082 -0.089881 0.0259624 -0.1082 -0.095226 0.048085 -0.1142 -0.096652 0.0522682 -0.1142 -0.091914 0.0510654 -0.1082 -0.0887 0.0438056 -0.1142 -0.095218 0.0487629 -0.1142 -0.087372 0.042732 -0.1142 -0.091076 0.0442876 -0.1142 -0.088271 0.0460505 -0.1082 -0.096675 0.0434887 -0.1082 -0.094922 0.0428722 -0.1082 -0.090667 0.0442938 -0.1082 -0.088202 0.0460179 -0.1082 -0.087257 0.0483163 -0.1082 -0.087101 0.0523832 -0.1082 -0.091791 0.0493885 -0.1082 -0.096273 0.0105 -0.105 -0.099222 0.0100826 -0.1082 -0.100172 0.0115 -0.105 -0.102 0.0368166 -0.1082 -0.090432 0.0347648 -0.1082 -0.08971 0.0327443 -0.1082 -0.09161 0.0353002 -0.1082 -0.093818 -0.0172106 -0.105 -0.091372 -0.0173775 -0.1082 -0.092602 -0.0225138 -0.105 -0.086502 -0.021204 -0.105 -0.092198 -0.0254367 -0.1082 -0.089636 -0.0202584 -0.1082 -0.094142 0.0345 -0.126363 -0.1282 0.0344992 -0.126364 -0.125 -0.0312224 -0.160197 -0.125 -0.0323205 -0.156099 -0.125 -0.0312224 -0.160197 -0.1282 -0.0323205 -0.156099 -0.1282 -0.0253205 -0.143975 -0.125 -0.0212224 -0.142877 -0.125 -0.0253205 -0.143975 -0.1282 -0.0212224 -0.142877 -0.1282 0.0415387 -0.198742 -0.114546 0.0374406 -0.19984 -0.114546 0.0374406 -0.19984 -0.117746 0.0415387 -0.198742 -0.117746 0.0474406 -0.182519 -0.117746 0.0485387 -0.186618 -0.114546 0.0485387 -0.186618 -0.117746 0.0474406 -0.182519 -0.114546 0.0545 -0.105 -0.102 0.0575 -0.105 -0.099 0.0575 -0.1082 -0.099 0.0575 -0.105 -0.085 0.0545 -0.105 -0.082 0.0575 -0.1082 -0.085 0.0545 -0.1082 -0.082 -0.0255 -0.105 -0.095 -0.0224676 -0.105 -0.098 -0.0255 -0.1082 -0.095 -0.0224998 -0.1082 -0.098 -0.0255 -0.105 -0.0895 -0.0224948 -0.1082 -0.0865 -0.0055 -0.105 -0.0865 -0.0055 -0.1082 -0.0865 0.0105 -0.105 -0.082265 0.0115 -0.1082 -0.082 0.0345287 -0.105 -0.106688 0.0345028 -0.1082 -0.103854 0.0369427 -0.105 -0.102 0.0545 -0.1082 -0.102 0.0135318 -0.162682 -0.125 0.0134817 -0.162768 -0.1282 0.011499 -0.120202 -0.125 0.0114995 -0.120201 -0.1282 -0.00640141 -0.149547 -0.1282 -0.0079418 -0.150332 -0.125 0.0170606 -0.187342 -0.124625 0.0160907 -0.186927 -0.121601 0.0158437 -0.184667 -0.12209 0.0168451 -0.185063 -0.125108 0.0125075 -0.183591 -0.123337 0.0113408 -0.18473 -0.126903 0.0281313 -0.194465 -0.116434 0.029399 -0.1932 -0.11967 0.0283533 -0.192383 -0.116743 0.0270901 -0.190917 -0.120813 0.0262179 -0.19031 -0.117793 0.0242966 -0.190531 -0.118358 0.0248217 -0.191402 -0.12144 0.0234193 -0.191327 -0.11849 0.0242781 -0.191982 -0.121506 0.0200224 -0.189784 -0.121544 0.0325446 -0.176822 -0.118254 0.0342498 -0.177449 -0.121007 0.0353209 -0.178597 -0.117055 0.0365966 -0.179168 -0.119955 0.0383621 -0.177279 -0.116337 0.0385031 -0.178312 -0.119509 0.0220273 -0.169691 -0.126272 0.0207275 -0.167189 -0.123731 0.0267623 -0.170581 -0.121212 0.0257364 -0.171567 -0.124761 -0.0177583 -0.144877 -0.1266 -0.0165688 -0.14733 -0.1282 -0.0174246 -0.147312 -0.125 -0.0121929 -0.148114 -0.125001 -0.0220372 -0.1655 -0.125 -0.0223358 -0.165328 -0.1282 -0.0233248 -0.161608 -0.1282 -0.0258345 -0.160787 -0.1282 -0.0244087 -0.160996 -0.125 -0.0268794 -0.161289 -0.1282 -0.0267674 -0.161219 -0.125 -0.0277583 -0.162197 -0.125 -0.0277583 -0.162197 -0.1282 0.0431104 -0.18002 -0.117746 0.0331104 -0.19734 -0.117746 0.0329204 -0.19723 -0.114571 0.0428355 -0.179861 -0.114588 0.00774864 -0.182697 -0.125 0.0177487 -0.165377 -0.125 0.0186968 -0.165924 -0.128007 0.0180828 -0.16557 -0.128161 0.00823642 -0.182979 -0.1282 0.0345 -0.108202 -0.125 0.0115 -0.1082 -0.125 0.0345 -0.1082 -0.128364 0.0345 -0.107908 -0.128182 0.0345 -0.108202 -0.1282 0.0115 -0.108202 -0.1282 0.0115 -0.107562 -0.128113 0.0345 -0.106595 -0.127747 0.0115 -0.106323 -0.127556 0.0115 -0.105339 -0.126254 0.0345 -0.105 -0.125939 -0.0775169 -0.0217 -0.013776 -0.0819696 -0.0217 -0.008324 -0.0862676 -0.0217 -0.011085 -0.0810871 -0.0217 -0.017529 -0.0862194 -0.0217 -0.015524 -0.0862633 -0.0277 -0.014636 -0.0811193 -0.0277 -0.017661 -0.0776852 -0.0277 -0.01536 -0.0777511 -0.0277 -0.01114 -0.0811118 -0.0277 -0.008136 -0.0846267 -0.0277 -0.00914901 -0.0805343 -0.0217 0.011629 -0.0775838 -0.0217 0.00860199 -0.0777398 -0.0217 0.00445199 -0.084362 -0.0217 0.01103 -0.0800955 -0.0217 0.002534 -0.0869111 -0.0217 0.00759199 -0.0846722 -0.0217 0.003243 -0.0865395 -0.0277 0.00516498 -0.0833631 -0.0277 0.00244099 -0.079353 -0.0277 0.00286198 -0.077524 -0.0277 0.004987 -0.0778961 -0.0277 0.00931799 -0.0805061 -0.0277 0.011717 -0.0826494 -0.0277 0.011926 -0.0853944 -0.0277 0.01017 -0.0216032 -0.0309 -0.00757301 -0.021137 -0.0277 -0.00983101 -0.0186835 -0.0277 -0.00852501 -0.0195454 -0.0309 -0.00959402 -0.0209965 -0.0277 -0.00626102 -0.0187062 -0.0309 -0.00667402 -0.0296255 -0.0309 -0.00800002 -0.0640283 -0.0277 -0.00827402 -0.0640121 -0.0309 -0.00827003 -0.0679631 -0.0277 -0.010176 -0.0709999 -0.0309 -0.012248 -0.0717164 -0.0277 -0.016101 -0.072 -0.0277 -0.025964 -0.0719708 -0.0309 -0.017494 -0.0273135 -0.0277 -0.010132 -0.0290366 -0.0277 -0.00877902 -0.0467046 -0.0277 -0.00800002 0.00318927 -0.038051 -0.03197 0.00728821 -0.0359299 -0.033407 0.00369431 -0.0336502 -0.028277 0.00224485 -0.0369387 -0.0289 0.00316275 -0.0367143 -0.027505 -0.00912453 -0.0367143 -0.036109 -0.00810924 -0.0367929 -0.035661 -0.00464468 -0.035153 -0.039157 -0.00641195 -0.0371887 -0.0358 -0.00546808 -0.0390118 -0.041254 0.00833987 -0.0381536 -0.040129 0.00918037 -0.0371275 -0.036099 0.00855261 -0.0401345 -0.035202 0.00771211 -0.0411606 -0.039232 0.000967501 -0.0381536 -0.045291 0.000339742 -0.0411606 -0.044395 -0.00373467 -0.0401345 -0.043806 -0.00310691 -0.0371275 -0.044703 -0.0182871 -0.0309001 -0.023023 -0.00599981 -0.0309001 -0.014419 -0.0182873 -0.0309 -0.023023 -0.0228005 -0.0309 -0.016577 -0.00537205 -0.0278931 -0.015316 -0.00856803 -0.0336621 -0.036903 -0.0177461 -0.0278423 -0.023796 -0.00573109 -0.027754 -0.014803 -0.0180657 -0.0277349 -0.023339 -0.0182875 -0.0277 -0.023023 -0.0181971 -0.0277 0.00299999 -0.089 -0.0309 0.017 -0.089 -0.0277 0.017 -0.0514939 -0.0378282 -0.060749 -0.0495343 -0.0362282 -0.062708 -0.0484736 -0.0336301 -0.059526 -0.0504332 -0.0352301 -0.057567 -0.0587267 -0.0362282 -0.071901 -0.0606863 -0.0378282 -0.069941 -0.0638683 -0.0352301 -0.071002 -0.0619087 -0.0336301 -0.072961 -0.104002 -0.0359 -0.03087 -0.104002 -0.0389 -0.02787 -0.107202 -0.0359 -0.03087 -0.107202 -0.0389 -0.02787 -0.107202 -0.0389 -0.00887001 -0.104002 -0.0359 -0.00587001 -0.107202 -0.0359 -0.00587001 -0.104002 -0.0389 -0.00887001 -0.0716019 -0.0277 -0.035477 -0.0710337 -0.0309 -0.036598 -0.0982715 -0.0277 -0.00581801 -0.093 -0.0309 -0.004657 -0.0926582 -0.0277003 -0.00386801 -0.0919999 -0.0309 0.014 -0.0919995 -0.0277 0.013999 -0.104001 -0.0309012 -0.03087 -0.104002 -0.030902 -0.00587001 -0.107202 -0.030902 -0.00587001 -0.107202 -0.030902 -0.03087 -0.107133 -0.0302687 -0.03087 -0.107248 -0.0309 -0.00587001 -0.106557 -0.0290135 -0.03087 -0.106475 -0.0289226 -0.00587001 -0.10556 -0.028196 -0.03087 -0.105334 -0.0280504 -0.00587001 -0.0961687 -0.0276973 -0.038697 -0.0535074 -0.0276998 -0.054493 -0.0522018 -0.0309 -0.055798 -0.050241 -0.029301 -0.057759 -0.0641309 -0.0281907 -0.070739 -0.0510104 -0.0283111 -0.05699 -0.0786809 -0.0277 -0.02579 -0.0768467 -0.0277 -0.028734 -0.0770203 -0.0309 -0.029033 -0.0776353 -0.0277 -0.030225 -0.0795953 -0.0309 -0.030976 -0.0811073 -0.0277 -0.030464 -0.0824083 -0.0309 -0.02942 -0.0820821 -0.0309 -0.026504 -0.0820994 -0.0277 -0.026643 -0.0792725 -0.0309 -0.025631 -0.0952803 -0.0309 -0.039484 -0.0932717 -0.0309 -0.039204 -0.0906865 -0.0277 -0.041675 -0.090663 -0.0309 -0.044206 -0.0910919 -0.0277 -0.043778 -0.0797782 -0.0309 -0.055092 -0.0797782 -0.0277 -0.055092 -0.0777333 -0.0277 -0.054455 -0.0776046 -0.0309 -0.054628 -0.0750579 -0.0309 -0.058325 -0.0749687 -0.0277 -0.059897 -0.0656362 -0.0309 -0.069234 -0.061809 -0.0309 -0.046192 -0.064478 -0.0277 -0.046266 -0.0664468 -0.0309 -0.044817 -0.0676067 -0.0277001 -0.040398 -0.093 -0.0309 -0.024 -0.0720001 -0.0309 -0.024 -0.071 -0.0309 0.017 0.0490922 -0.0690714 0.102 0.0459703 -0.0718797 0.102 0.0494104 -0.0647043 0.102 0.0425836 -0.0711569 0.102 0.0480532 -0.0630966 0.102 0.0460572 -0.0621584 0.102 0.0402844 -0.0674067 0.102 0.04204 -0.0633418 0.102 0.0422637 -0.0630827 0.096 0.0450623 -0.0620047 0.096 0.046228 -0.0621772 0.096 0.047304 -0.0625738 0.096 0.0488885 -0.0640511 0.096 0.0497342 -0.0674533 0.096 0.0469261 -0.0714758 0.096 0.042333 -0.070929 0.096 0.0402889 -0.0663731 0.096 0.0341379 -0.08 0.059836 0.0313557 -0.08 0.057728 0.028682 -0.08 0.055485 0.0171633 -0.08 0.042432 0.0213769 -0.08 0.047995 0.0192007 -0.08 0.045266 0.0249049 -0.08 0.051861 0.0131646 -0.08 0.035681 0.0430502 -0.08 0.065321 0.0543735 -0.08 0.069869 0.0514809 -0.0740195 0.075269 0.00521743 -0.08 0.00823 0.0697689 -0.08 0.072804 0.0645703 -0.08 0.072197 0.005 -0.08 0.00299999 0.0767452 -0.08 0.072978 0.0732549 -0.08 0.072978 0.0854297 -0.08 0.072197 0.0804588 -0.0740105 0.078802 0.00543443 -0.08 -0.00396103 0.00763725 -0.08 -0.015953 0.101122 -0.0785 0.069557 0.0956265 -0.08 0.069869 0.0112144 -0.08 -0.025781 0.00781198 -0.0785 -0.021454 0.0135245 -0.08 -0.030478 0.111489 -0.08 0.062712 0.10538 -0.08 0.066088 0.0171633 -0.08 -0.036432 0.0152696 -0.08 -0.0335 0.0202547 -0.08 -0.040658 0.123877 -0.08 0.053111 0.115862 -0.08 0.059836 0.0273728 -0.08 -0.048329 0.0190482 -0.0740114 -0.048439 0.130799 -0.08 0.045266 0.133784 -0.08 0.040966 0.0325668 -0.0785 -0.054527 0.137272 -0.08 0.034925 0.047818 -0.08 -0.061483 0.0385109 -0.08 -0.056712 0.139503 -0.08 0.03019 0.0594235 -0.08 -0.065245 0.0522282 -0.0785 -0.064777 0.143224 -0.08 0.018572 0.144652 -0.08 0.00996998 0.0652466 -0.0785 -0.067815 0.0758715 -0.08 -0.066935 0.144913 -0.08 -0.000489026 0.144913 -0.08 0.00648898 0.145 -0.08 0.00299999 0.0837041 -0.08 -0.066457 0.143224 -0.08 -0.012572 0.144435 -0.08 -0.00570101 0.0888659 -0.08 -0.065591 0.0973059 -0.08 -0.063386 0.140141 -0.08 -0.022566 0.106833 -0.0785 -0.061004 0.111489 -0.08 -0.056712 0.137272 -0.08 -0.028925 0.138479 -0.0740136 -0.0388 0.118884 -0.0785 -0.053428 0.124387 -0.08 -0.046671 -0.109 -0.00752862 -0.145 -0.0969481 -0.00647386 -0.145 -0.109 0.00752862 -0.145 -0.0967847 0.00645992 -0.145 -0.0967847 -0.00645992 -0.1495 -0.0969483 0.00645896 -0.1495 -0.0453171 0.0695368 -0.124 -0.0491337 0.0687902 -0.125116 -0.0486185 0.0661951 -0.124 -0.0498645 0.0706896 -0.126548 -0.0399691 0.0727129 -0.124 -0.0414929 0.0780788 -0.127967 -0.0338254 0.0758043 -0.124 -0.0286591 0.0778676 -0.124 -0.0287116 0.0852983 -0.129069 -0.0221371 0.0800023 -0.124 -0.0181187 0.0810069 -0.124 -0.0120042 0.0821097 -0.124 -0.00376068 0.0828972 -0.124 0.00452125 0.0828591 -0.124 0.0107095 0.0823144 -0.124 0.016833 0.081257 -0.124 0.0228719 0.0797948 -0.124 0.0284981 0.0779381 -0.124 0.0340303 0.0757705 -0.124 -0.0508861 0.072542 -0.127988 -0.0516177 0.0735232 -0.130126 -0.0460136 0.076776 -0.129513 -0.0394306 0.0805069 -0.129748 -0.0326245 0.0838782 -0.129504 -0.020737 0.0870156 -0.129579 -0.00957074 0.0885933 -0.128924 -0.00432727 0.0897649 -0.130536 0.0065564 0.0884818 -0.128574 0.0120232 0.0889503 -0.130474 0.0147476 0.0887884 -0.1495 0.0185893 0.0880589 -0.129417 0.0227871 0.0870675 -0.131124 0.0269586 0.0858675 -0.131124 0.030608 0.0841439 -0.129685 0.0310795 0.0844633 -0.131071 0.01 -0.079 0.094 0.117 -0.079 0.094 0.115 -0.077 0.096 0.0685528 -0.058247 -0.142943 0.073059 -0.0550002 -0.139452 0.0160857 -0.0888651 -0.1465 0.01 -0.09 -0.1465 0.139858 -0.0770935 0.064032 0.135708 -0.074 0.070382 0.129308 -0.074 0.075887 0.132396 -0.0761513 0.072013 0.122598 -0.074 0.081 0.087 -0.0923137 -0.118 0.0836581 -0.0946068 -0.118 0.0616133 -0.0680729 -0.139791 0.0746243 -0.0550002 -0.137032 0.0549583 -0.0711675 -0.144315 0.0633113 -0.0639426 -0.143526 0.0665612 -0.0676986 -0.133881 0.0768042 -0.0550002 -0.13419 0.0786398 -0.0550002 -0.132049 0.0484287 -0.0787708 -0.139455 0.0399043 -0.0806429 -0.145515 0.0472317 -0.0765792 -0.144958 0.0724319 -0.0672107 -0.128634 0.0835201 -0.0550002 -0.127438 0.0806773 -0.0550002 -0.129995 0.0546091 -0.0784335 -0.133306 0.0335566 -0.0867293 -0.13912 0.02276 -0.0872112 -0.1465 0.0314748 -0.0842482 -0.146143 0.0795369 -0.0670065 -0.124 0.0894943 -0.0550001 -0.123245 0.0410826 -0.0869006 -0.132731 0.0492094 -0.0867315 -0.127678 0.0332219 -0.09344 -0.128352 0.0377557 -0.0937085 -0.126355 0.0472052 -0.0940813 -0.123291 0.0424068 -0.0939236 -0.124643 0.0881963 -0.0670455 -0.120141 0.0872469 -0.0723985 -0.119294 0.143741 -0.0586396 -0.11547 0.0664429 -0.0868501 -0.121277 0.115256 -0.0670289 -0.117594 0.11701 -0.0550001 -0.11652 0.126004 -0.0550001 -0.116763 0.148324 -0.0562336 -0.115467 0.131098 -0.0670615 -0.115577 0.123317 -0.0670412 -0.11687 0.111627 -0.0777955 -0.117056 0.129999 -0.0733686 -0.113792 0.129999 -0.068414 -0.11547 0.13 -0.0757484 -0.112553 0.156503 -0.066886 -0.106318 0.15315 -0.0677589 -0.107772 0.15315 -0.0651138 -0.109964 0.160739 -0.0667934 -0.102733 0.15315 -0.0720577 -0.103158 0.1492 -0.0562511 -0.115378 0.164453 -0.0666804 -0.098515 0.15315 -0.0769319 -0.095872 0.15315 -0.075169 -0.098882 0.125422 -0.0873382 -0.104968 0.126126 -0.0883926 -0.103018 0.129703 -0.0839633 -0.106239 0.150151 -0.0569323 -0.11504 0.12932 -0.0849381 -0.105364 0.129069 -0.0853973 -0.104972 0.127732 -0.0870252 -0.103768 0.167511 -0.066546 -0.09376 0.169805 -0.0663892 -0.088601 0.175135 -0.0659173 -0.069504 0.16869 -0.0710187 -0.076026 0.165395 -0.0732179 -0.079359 0.15315 -0.0804226 -0.089041 0.154592 -0.0792713 -0.088341 0.153793 -0.0792179 -0.089974 0.153294 -0.0787233 -0.091977 0.151529 -0.0587596 -0.114145 0.159115 -0.0767917 -0.085556 0.161338 -0.0758875 -0.082368 0.157193 -0.0783263 -0.085442 0.156753 -0.0785517 -0.08579 0.155671 -0.079004 -0.086868 0.177982 -0.0653826 -0.056175 0.170381 -0.0720715 -0.064594 0.169118 -0.0749839 -0.056402 0.165453 -0.0778364 -0.059721 0.161123 -0.0825135 -0.055439 0.180768 -0.064699 -0.033981 0.173016 -0.0737567 -0.036498 0.152797 -0.0618065 -0.112272 0.181516 -0.0639108 -0.00988701 0.164601 -0.0820713 -0.039015 0.158879 -0.0883237 -0.031093 0.157256 -0.088984 -0.036687 0.156689 -0.0869959 -0.051054 0.155107 -0.0897225 -0.042942 0.175061 -0.0723315 -0.014355 0.179474 -0.0630684 0.013157 0.168099 -0.0801841 -0.018823 0.16026 -0.0876558 -0.025436 0.161399 -0.0869814 -0.019724 0.162287 -0.0863015 -0.013965 0.176864 -0.0626635 0.023535 0.174356 -0.0707891 0.007864 0.173211 -0.0622617 0.033487 0.153136 -0.063758 -0.110941 0.172444 -0.0700414 0.018195 0.168879 -0.0781067 0.00256997 0.16278 -0.0857472 -0.00927001 0.163043 -0.0852321 -0.004906 0.163119 -0.084716 -0.000535011 0.168575 -0.061869 0.042933 0.169488 -0.0692958 0.028286 0.16773 -0.0770883 0.012855 0.16286 -0.0839425 0.006017 0.163014 -0.0614915 0.051798 0.165513 -0.0685634 0.038029 0.165529 -0.076066 0.023085 0.161894 -0.0829168 0.014706 0.160708 -0.0821553 0.021156 0.156587 -0.0611353 0.060008 0.160559 -0.0678557 0.047318 0.162271 -0.0750554 0.033124 0.159065 -0.0814056 0.027506 0.149357 -0.0608061 0.067493 0.154673 -0.0671842 0.05605 0.157973 -0.0740725 0.042838 0.156278 -0.0804272 0.035794 0.15375 -0.0797126 0.041847 0.141385 -0.0605096 0.0741819 0.147915 -0.0665598 0.064124 0.152669 -0.0731332 0.052091 0.151837 -0.0792482 0.045781 0.148037 -0.0784642 0.052421 0.132741 -0.0602505 0.080009 0.129008 -0.0607908 0.081992 0.140356 -0.0659928 0.071447 0.146418 -0.0722528 0.060756 0.142561 -0.0774994 0.060593 0.1393 -0.0714455 0.068711 0.133325 -0.0700997 0.074587 0.0870002 -0.0947296 -0.116601 0.0638852 -0.0730301 -0.130895 0.0615512 -0.0778693 -0.128156 0.0758115 -0.0670486 -0.126233 0.0860085 -0.0550002 -0.125555 0.0242007 -0.0894055 -0.140344 0.0136818 -0.0910124 -0.141986 0.0193148 -0.0919731 -0.13728 0.0835986 -0.0670317 -0.121964 0.0912041 -0.0550001 -0.122275 0.0517103 -0.0827528 -0.13032 0.0317519 -0.0901057 -0.133925 0.0253216 -0.0927371 -0.132918 0.0302779 -0.0932203 -0.129874 0.0748261 -0.0751118 -0.122657 0.0450976 -0.0868282 -0.130033 0.0996996 -0.0619055 -0.117956 0.10878 -0.0550001 -0.116765 0.113373 -0.0550001 -0.116464 0.0533571 -0.0866717 -0.125665 0.0653225 -0.082419 -0.123277 0.105114 -0.067043 -0.117678 0.0592794 -0.0867464 -0.123351 0.124707 -0.0611649 -0.117038 0.135229 -0.0595801 -0.116297 0.135594 -0.0640035 -0.11547 0.103829 -0.0801688 -0.118 0.102627 -0.0777423 -0.118423 0.0840328 -0.0869652 -0.119741 0.0592869 -0.0942964 -0.121347 0.0690802 -0.0943562 -0.120715 0.0906565 -0.0883426 -0.118619 0.101939 -0.0848416 -0.117195 0.109963 -0.0826836 -0.115879 0.10357 -0.0871427 -0.115742 0.087 -0.0933511 -0.117451 0.108382 -0.0872262 -0.113957 0.0907854 -0.0948349 -0.115231 0.117386 -0.0873441 -0.109722 0.13 -0.0801972 -0.109625 0.129995 -0.0821192 -0.107956 0.12995 -0.082955 -0.107175 0.105694 -0.0913852 -0.111766 0.100283 -0.0950986 -0.110516 0.068969 -0.0726533 -0.127243 0.0652962 -0.0776806 -0.125949 0.102571 -0.0550001 -0.117905 0.0744669 -0.072511 -0.124043 0.0575171 -0.0824661 -0.126862 0.102341 -0.0641157 -0.117507 0.104015 -0.0725636 -0.118262 0.118959 -0.0827865 -0.112634 0.13 -0.0777393 -0.111351 0.113925 -0.0911755 -0.107452 0.111889 -0.0953267 -0.102876 0.0953013 -0.0596623 -0.119319 0.0988787 -0.0550001 -0.118944 0.0944373 -0.0550001 -0.120712 0.0930133 -0.0738991 -0.11851 0.0810342 -0.0905806 -0.119721 0.0837018 -0.0789333 -0.119335 0.0907833 -0.0813615 -0.119236 0.0761813 -0.0796603 -0.120689 0.151812 -0.0906882 -0.051122 0.148984 -0.0913942 -0.057102 0.152398 -0.0897346 -0.05365 0.154807 -0.088433 -0.051214 -0.0631766 0.0606421 -0.099 -0.0651937 0.0616308 -0.099 -0.0665026 0.0635119 -0.099 -0.0666425 0.0651275 -0.099 -0.0657336 0.0673033 -0.099 -0.0620963 0.068852 -0.099 -0.0596674 0.0677557 -0.099 -0.0587148 0.0663868 -0.099 -0.0584053 0.064349 -0.099 -0.0592646 0.0621847 -0.099 -0.0609846 0.0608924 -0.099 -0.0600537 0.0615506 -0.119 -0.0585984 0.0655105 -0.119 -0.0612284 0.0684987 -0.119 -0.0643651 0.0614422 -0.119 -0.0666696 0.0645846 -0.119 -0.0643074 0.0684982 -0.099 -0.0655069 0.0674298 -0.119 -0.0183564 -0.0581725 0.023924 -0.0173344 -0.0584852 0.029221 -0.0191411 -0.0579191 0.018565 -0.0196923 -0.057734 0.013144 -0.0200089 -0.057625 0.007698 -0.0124408 -0.05 -0.000251025 -0.020093 -0.0575958 0.00227398 -0.0199484 -0.057646 -0.00312901 0.01 -0.09 -0.1495 0.0163661 -0.0888226 -0.1495 0.0247011 -0.0865878 -0.1495 -0.0829917 -0.0374 0.018 -0.0551675 -0.0711094 0.048609 -0.0573875 -0.0693579 0.046545 -0.0535437 -0.0720679 0.052233 -0.0595525 -0.0675921 0.04434 -0.0545721 -0.0703413 0.054712 -0.0527055 -0.064204 0.061954 -0.0573516 -0.0591692 0.057816 -0.0626862 -0.0636832 0.046884 -0.0641147 -0.0610681 0.047401 -0.0688408 -0.0582003 0.03883 -0.0705767 -0.0551055 0.038711 -0.0740072 -0.0523811 0.031991 -0.0770592 -0.0499982 0.024139 -0.0749452 -0.0488049 0.033631 -0.0787464 -0.0486042 0.018 -0.0767716 -0.0512888 0.018 -0.0785617 -0.0469838 0.024268 -0.0825918 -0.0409174 0.018 -0.0810976 -0.0374023 0.023388 -0.0605508 -0.066399 0.046543 -0.061663 -0.0658137 0.041993 -0.0636134 -0.0641181 0.039639 -0.0658935 -0.0617839 0.039914 -0.0655011 -0.0624274 0.037177 -0.0621347 -0.0555627 0.052736 -0.0685948 -0.0595311 0.032637 -0.072967 -0.0549196 0.028959 -0.0674117 -0.0524253 0.046209 -0.0702289 -0.0484435 0.042527 -0.0748619 -0.05336 0.018001 -0.0701205 -0.0530248 0.041496 -0.0734948 -0.0479176 0.037172 -0.0803474 -0.0459317 0.018 -0.0769892 -0.0429161 0.031322 -0.0814584 -0.0435064 0.018 -0.0633369 -0.0588115 0.050383 -0.018863 -0.0834304 0.081656 -0.0299004 -0.0848879 0.069358 -0.0245254 -0.0865938 0.073416 -0.0275007 -0.0856955 0.068894 -0.0215229 -0.0708701 0.081605 -0.0259554 -0.0837738 0.076347 -0.0325334 -0.0839142 0.067662 -0.0267674 -0.0728552 0.079286 -0.0351954 -0.080801 0.070365 -0.0251566 -0.0797523 0.0796449 -0.035797 -0.0825747 0.063396 -0.0308954 -0.0796486 0.075882 -0.0389385 -0.081141 0.063301 -0.0328179 -0.0757623 0.075939 -0.0418405 -0.079683 0.059012 -0.0399443 -0.0755902 0.070329 -0.045011 -0.0779359 0.0568559 -0.0405272 -0.0619377 0.071521 -0.0461194 -0.0766514 0.059792 -0.0479714 -0.0761495 0.054336 -0.0437693 -0.07617 0.065251 -0.0431757 -0.0701938 0.069451 -0.0509972 -0.0741571 0.0519589 -0.0482824 -0.0704365 0.064445 -0.0485194 -0.0649824 0.065698 -0.0527757 -0.0622492 0.062116 -0.00447196 -0.084385 0.086664 -0.00814984 -0.0861072 0.084728 -0.0531636 -0.0726198 0.05023 -0.0551428 -0.0681768 0.056758 -0.05785 -0.0631681 0.056207 -0.00474711 -0.0898737 0.08155 -0.0127767 -0.0888326 0.078031 -0.00688116 -0.0897366 0.078614 -0.00550582 -0.0740502 0.086829 -0.0133345 -0.0874607 0.081013 -0.00911529 -0.0895372 0.077881 -0.0112788 -0.0892905 0.077092 -0.0134689 -0.0889864 0.076215 -0.015684 -0.0886229 0.07525 -0.0177272 -0.0882369 0.074293 -0.0156322 -0.0820192 0.083658 -0.0198011 -0.0877947 0.073258 -0.0219122 -0.0872918 0.072142 0.0206138 -0.079 0.0899999 0.0130397 -0.0790014 0.089709 0.00793471 -0.0850498 0.088808 0.00491506 -0.0789963 0.088922 -0.000339661 -0.0825007 0.087943 0.0128433 -0.0869722 0.088678 -0.00138293 -0.0899958 0.081254 0.00554062 -0.0884766 0.086078 0.0217012 -0.09 0.083867 0.0245114 -0.0898413 0.085838 0.0652954 -0.0897246 0.089997 0.0260869 -0.0886943 0.088056 0.0308862 -0.0857809 0.0899999 0.0652952 -0.0900037 0.086728 0.00484849 -0.0608243 0.0842279 -0.00861007 -0.0603893 0.080633 0.000711273 -0.0609897 0.083087 -0.00271882 -0.0609334 0.082304 -0.00610178 -0.0606882 0.081394 -0.0110898 -0.0599776 0.079795 -0.01468 -0.0591988 0.078446 -0.011436 -0.0733182 0.085198 -0.0166616 -0.0722448 0.083477 -0.0175564 -0.0584189 0.077248 -0.0192565 -0.0578808 0.076483 -0.024068 -0.0560511 0.074092 -0.0308147 -0.0672128 0.077264 -0.037761 -0.0481556 0.066981 -0.0409155 -0.0452429 0.062682 -0.0393599 -0.0466026 0.063964 -0.0410457 -0.0454256 0.064377 -0.0442039 -0.059585 0.068976 -0.0448512 -0.0492734 0.068282 -0.0453223 -0.0496113 0.068234 0.00481747 -0.0633928 0.088817 -0.0146536 -0.0630253 0.083812 -0.0216936 -0.0570122 0.075314 -0.0265957 -0.059337 0.078916 -0.0348035 -0.0652461 0.075065 -0.0414679 -0.0459867 0.066088 -0.04175 -0.0463364 0.066731 -0.041175 -0.0456028 0.065093 -0.0433861 -0.0480608 0.068294 -0.0444478 -0.0489666 0.068369 -0.044038 -0.0486359 0.068407 -0.00237031 -0.0613807 0.084294 -0.0182519 -0.0598076 0.080962 -0.0378604 -0.0510029 0.071495 -0.0427185 -0.0474136 0.067949 -0.042215 -0.0468769 0.067462 -0.0139872 -0.0594151 0.08 0.0962104 0.0458315 -0.122736 0.106412 0.0394499 -0.120015 0.0516219 0.0737237 -0.1495 0.0676905 0.0636721 -0.1495 0.0516219 0.0737237 -0.108 0.0772256 -0.055 -0.098138 0.0740903 -0.055 -0.101007 0.0753901 -0.047 -0.099625 0.0712405 -0.055 -0.104159 0.0712405 -0.047 -0.104159 0.0695342 -0.055 -0.106422 0.0684938 -0.055 -0.108 -0.0829204 -0.0571568 0.018 -0.0829204 -0.0571568 -0.024 -0.0684187 -0.0597139 -0.024 -0.0684187 -0.0597139 0.018 -0.093 -0.0474 0.018 -0.093 -0.0474 -0.024 -0.0928575 -0.0480038 -0.024 -0.0928575 -0.0480038 0.018 -0.0926852 -0.0485997 0.018 -0.0926852 -0.0485997 -0.024 -0.0921815 -0.0499004 0.018 -0.0921815 -0.0499004 -0.024 -0.0917083 -0.0508767 0.018 -0.0917083 -0.0508767 -0.024 -0.0911344 -0.0517974 0.018 -0.0907183 -0.0523571 -0.024 -0.090096 -0.0531484 0.018 -0.0898898 -0.0533801 -0.024 -0.0894548 -0.0538225 0.018 -0.0894548 -0.0538225 -0.024 -0.0887603 -0.0544414 0.018 -0.0887603 -0.0544414 -0.024 -0.0877696 -0.0551871 0.018 -0.0877696 -0.0551871 -0.024 -0.0861509 -0.0560992 0.018 -0.0861509 -0.0560992 -0.024 -0.0844262 -0.05679 0.018 -0.0844262 -0.05679 -0.024 -0.0835285 -0.057034 0.018 -0.0835285 -0.057034 -0.024 -0.071 -0.0309 -0.024 -0.093 -0.0309 0.018 -0.0737073 -0.054459 -0.024 -0.0787651 -0.0489816 -0.024 -0.073112 -0.0392891 -0.024 -0.0740962 -0.0374 -0.024 -0.0720797 -0.0411523 -0.024 -0.071 -0.0429884 -0.024 -0.0835828 -0.0432917 -0.024 -0.0881512 -0.0374 -0.024 -0.071 -0.0309 0.018 -0.074164 -0.037403 0.018 -0.071 -0.0429884 0.018 0.0595 -0.105 -0.082 0.0595 -0.105 -0.102 0.0595 -0.09 -0.082 0.0595013 -0.09 -0.089281 0.0105 -0.09 -0.102 0.0105 -0.105 -0.102 0.043691 -0.09 -0.102 0.0105 -0.09 -0.082 0.011 -0.105 -0.082 0.074 -0.115 -0.115 0.084 -0.115 -0.099876 0.074 -0.115 -0.085 0.084 -0.115 -0.115 0.117502 -0.115 -0.085 0.132697 -0.115 -0.099876 0.144065 -0.115 -0.065298 0.159173 -0.115 -0.080238 -0.0292342 -0.096 -0.056406 -0.0108836 -0.096 -0.034076 -0.0343413 -0.096 -0.047445 -0.00577643 -0.096 -0.043037 -0.0292342 -0.115 -0.056406 -0.00577643 -0.115 -0.043037 0.161331 -0.096 -0.082373 0.14597 -0.096 -0.06015 0.141907 -0.096 -0.063164 0.165395 -0.096 -0.079359 0.168911 -0.096 -0.075803 0.149486 -0.096 -0.056595 0.145969 -0.0917749 -0.06015 0.175242 -0.0869959 -0.069401 0.15315 -0.112 -0.11047 0.15315 -0.112 -0.093474 0.149144 -0.112 -0.11547 0.148852 -0.112 -0.115411 0.150611 -0.112 -0.114814 0.151367 -0.112 -0.114293 0.15193 -0.112 -0.113731 0.15224 -0.0601283 -0.113361 0.152862 -0.112 -0.112059 0.13 -0.112 -0.11547 0.157193 -0.112 -0.085442 0.156806 -0.112 -0.085744 0.156434 -0.112 -0.086065 0.155665 -0.112 -0.086856 0.154976 -0.112 -0.087718 0.154154 -0.112 -0.089152 0.153625 -0.112 -0.090456 0.153269 -0.112 -0.09207 0.129986 -0.112 -0.107569 0.129804 -0.112 -0.106594 0.129316 -0.112 -0.10536 0.129016 -0.112 -0.104897 0.128677 -0.112 -0.104502 0.127081 -0.112 -0.103385 0.125763 -0.112 -0.102941 0.125 -0.112 -0.102876 0.133688 -0.112 -0.102876 0.087 -0.112 -0.102876 0.087 -0.112 -0.118 0.071 -0.112 -0.118 0.071 -0.112 -0.082 0.0710575 -0.0942486 -0.082 0.116511 -0.112 -0.082 0.107781 -0.094345 -0.082 0.071 -0.0953143 -0.103736 0.071 -0.0950805 -0.09322 0.0709999 -0.0943391 -0.081944 -0.0169412 -0.115 -0.077975 -0.0152105 -0.115 -0.079653 -0.0132998 -0.115 -0.080735 -0.0123231 -0.115 -0.081059 -0.0114552 -0.115 -0.081219 -0.0095007 -0.115 -0.081217 -0.00764508 -0.115 -0.080789 -0.00643873 -0.115 -0.080246 0.0100685 -0.115 -0.070838 -0.00761431 -0.0896761 -0.080778 -0.00643873 -0.0897694 -0.080246 -0.00885035 -0.0895632 -0.081138 -0.0104149 -0.089394 -0.081282 -0.0116956 -0.0892363 -0.081184 -0.0125336 -0.0891228 -0.081004 -0.0133403 -0.0890053 -0.08073 -0.0147301 -0.0887854 -0.080005 -0.0157502 -0.0886108 -0.079235 -0.0166364 -0.0884484 -0.078278 -0.0173504 -0.0883117 -0.077257 -0.0370945 -0.082 -0.041129 -0.0370945 -0.082 -0.042614 -0.0368176 -0.0909988 -0.0431 -0.0333192 -0.0836052 -0.039357 -0.0294747 -0.0850367 -0.037505 -0.0255689 -0.0862916 -0.035576 -0.02161 -0.0873671 -0.033574 -0.0133594 -0.091 -0.029732 -0.0176062 -0.0882611 -0.031504 -0.0135659 -0.0889717 -0.029369 0.161331 -0.112 -0.082373 0.141907 -0.112 -0.063164 3.03e-16 -0.09 -0.076577 0.0100685 -0.09 -0.070838 -0.00268457 -0.0899555 -0.078107 -0.0958855 -0.0063826 -0.126403 -0.0533641 0.0753084 -0.134994 -0.0516983 0.0736699 -0.138001 -0.0568512 0.0698046 -0.137989 -0.0633439 0.0639083 -0.138011 -0.0696453 0.0569609 -0.138 -0.0756636 0.0577297 -0.131169 -0.0737124 0.051638 -0.138 -0.0761839 0.0479168 -0.138 -0.0794912 0.0519169 -0.1315 -0.0785176 0.0439902 -0.138006 -0.0805965 0.0400542 -0.138005 -0.0833087 0.0339836 -0.138002 -0.0862679 0.0255539 -0.138002 -0.0879506 0.0190974 -0.138 -0.0890984 0.0125099 -0.138 -0.055396 0.0767777 -0.131846 -0.0720539 0.0636478 -0.130001 -0.0570039 0.0775991 -0.13 -0.064564 0.0711797 -0.130002 -0.0830193 0.047663 -0.13 -0.0809859 0.0504854 -0.13062 -0.089997 0.0337516 -0.130002 -0.091627 0.030205 -0.129006 -0.0937883 0.0222469 -0.127688 -0.0898112 0.00584982 -0.138006 -0.095722 0.00636695 -0.129726 -0.0957852 0.00637248 -0.128585 -0.0954814 0.0100372 -0.12665 -0.0957882 0.00637275 -0.126463 0.0197838 -0.0577027 -0.124 0.0203221 -0.0575249 -0.052667 0.0220327 -0.0569905 -0.124 0.021945 -0.0570161 -0.053862 0.0235119 -0.0565846 -0.055112 0.0243128 -0.0563851 -0.124 0.025092 -0.0562043 -0.056459 0.0266189 -0.0558879 -0.124 0.0268611 -0.0558423 -0.058068 0.0288407 -0.0555152 -0.059993 0.0289458 -0.0555001 -0.124 0.0310536 -0.0552453 -0.062297 0.0312885 -0.0552225 -0.124 0.0335238 -0.0550614 -0.065055 0.0336416 -0.0550557 -0.124 0.036 -0.055 -0.068015 0.036 -0.055 -0.124 -0.0887664 0.0492491 -0.114 -0.0869015 0.0512392 -0.114 -0.0887664 0.0492491 -0.13 -0.0869015 0.0512392 -0.13 -0.0842907 0.0543876 -0.114 -0.0842907 0.0543876 -0.13 -0.0818755 0.0576883 -0.114 -0.0818755 0.0576883 -0.13 -0.079717 0.0611624 -0.114 -0.077773 0.0647609 -0.114 -0.078745 0.0629617 -0.13 -0.0766244 0.0672345 -0.13 -0.108 0.042001 -0.099 -0.104425 0.045 -0.102 -0.125 0.035 -0.099 -0.128 0.0361302 -0.102 -0.122637 0.0406896 -0.099778 -0.127148 0.0389881 -0.102 -0.125941 0.0410028 -0.102 -0.123796 0.0431235 -0.102 -0.120071 0.0449996 -0.102001 -0.119282 0.0448964 -0.102 -0.128 -0.0361896 -0.102 -0.125 -0.035 -0.099 -0.119101 -0.0449308 -0.102 -0.121895 -0.0401114 -0.099 -0.121156 -0.0444558 -0.102 -0.121356 -0.0430035 -0.100809 -0.123497 -0.0433376 -0.102 -0.125231 -0.0397031 -0.100725 -0.126146 -0.0406601 -0.102 -0.127481 -0.0381321 -0.102 -0.127926 -0.036039 -0.102 -0.108 -0.042001 -0.099 -0.10443 -0.0450003 -0.101996 -0.0722356 0.0548413 -0.099 -0.0685842 0.0521466 -0.099 -0.07499 0.0584448 -0.099 -0.0664754 0.0513237 -0.099 -0.0762691 0.0623599 -0.099 -0.0644315 0.0508839 -0.099 -0.062345 0.0507536 -0.099 -0.0764541 0.0659596 -0.099 -0.0592461 0.0511811 -0.099 -0.0760306 0.068361 -0.099 -0.0754495 0.0700867 -0.099001 -0.0556086 0.0525973 -0.099 -0.0739124 0.0728247 -0.099 -0.0540686 0.0535842 -0.099 -0.0528779 0.054606 -0.099 -0.0716901 0.0752643 -0.099 -0.0508971 0.0570271 -0.099 -0.0689705 0.077134 -0.099 -0.0494355 0.0597928 -0.099 -0.0668085 0.0780548 -0.099 -0.0488442 0.0617981 -0.099 -0.0647762 0.0785453 -0.099 -0.0485453 0.0643921 -0.099 -0.0626936 0.0787275 -0.099 -0.060607 0.0785973 -0.099 -0.0486322 0.0664808 -0.099 -0.0490079 0.068361 -0.099 -0.0585631 0.0781575 -0.099 -0.049778 0.0704897 -0.099 -0.0564543 0.0773346 -0.099 -0.051061 0.0727639 -0.099 -0.0540791 0.0758831 -0.099 -0.0517213 0.0736534 -0.099 -0.0525002 0.0745129 -0.099 -0.0728112 -0.0553817 -0.114 -0.0901237 -0.0483533 -0.114 -0.0671705 -0.0608901 -0.114 -0.0781955 -0.0496226 -0.114 -0.0833124 -0.0436245 -0.114 -0.0881512 -0.0374 -0.114 -0.0891496 -0.0360224 -0.114 -0.0901237 -0.0346276 -0.114 -0.0495757 -0.0751149 -0.114 -0.0514735 -0.0738274 -0.114 -0.0533378 -0.0724919 -0.114 -0.0551675 -0.0711094 -0.114 -0.0612852 -0.0661363 -0.114 -0.0952044 0.045 -0.109737 -0.0901237 0.0483533 -0.114 -0.0952044 0.045 -0.126819 -0.09 0.0484349 -0.13 -0.128 0.0359827 -0.119 -0.127189 0.0388726 -0.119 -0.125902 0.0410502 -0.119 -0.123166 0.0434994 -0.119 -0.119462 0.0448561 -0.119 -0.118551 -0.0449654 -0.119 -0.121412 -0.0443537 -0.119 -0.124364 -0.0426575 -0.119 -0.126508 -0.0401712 -0.119 -0.127623 -0.0376631 -0.119 -0.128 -0.0356683 -0.119 -0.117537 -0.00408074 -0.099 -0.118242 -0.00394198 -0.119 -0.1198 -0.00309395 -0.099 -0.119975 -0.00292582 -0.119 -0.12059 -0.00211762 -0.099 -0.120721 -0.00189103 -0.119 -0.12097 -0.00130652 -0.099 -0.121062 -0.000984048 -0.119 -0.121135 0.00025254 -0.099 -0.121146 0.000287942 -0.119 -0.120596 0.00207674 -0.099 -0.120639 0.00198233 -0.119 -0.119065 0.00360525 -0.099 -0.11951 0.00330959 -0.119 -0.118511 0.00386475 -0.119 -0.117503 0.00409986 -0.099 -0.116351 0.00412899 -0.099 -0.116423 0.00413971 -0.119 -0.115739 0.00399236 -0.119 -0.11552 0.00391391 -0.099 -0.114857 0.00358215 -0.099 -0.115303 0.00382504 -0.119 -0.114317 0.00317728 -0.119 -0.113673 0.00250321 -0.099 -0.113009 0.00117685 -0.099 -0.113234 0.00160733 -0.119 -0.112878 -0.000394624 -0.099 -0.112874 -0.000476249 -0.119 -0.113355 -0.00202892 -0.099 -0.113432 -0.00215372 -0.119 -0.113931 -0.00284768 -0.099 -0.114862 -0.00351316 -0.099 -0.114876 -0.00348214 -0.119 -0.116428 -0.00414514 -0.099 -0.116743 -0.00417666 -0.119 -0.115945 -0.0369321 -0.119 -0.118898 -0.0366734 -0.099 -0.118642 -0.036786 -0.119 -0.120229 -0.0356094 -0.119 -0.120456 -0.0352222 -0.099 -0.121144 -0.0335455 -0.099 -0.121028 -0.0340692 -0.119 -0.121164 -0.0327893 -0.119 -0.120868 -0.0316572 -0.099 -0.120172 -0.0302706 -0.099 -0.120538 -0.0308797 -0.119 -0.119049 -0.0293989 -0.099 -0.11889 -0.0293139 -0.119 -0.117019 -0.028852 -0.099 -0.116514 -0.0289591 -0.119 -0.115015 -0.0293713 -0.099 -0.11399 -0.0301003 -0.099 -0.114111 -0.029989 -0.119 -0.113104 -0.0315624 -0.099 -0.113023 -0.0318362 -0.119 -0.112878 -0.0336184 -0.119 -0.113013 -0.0338491 -0.099 -0.114193 -0.0360818 -0.099 -0.113535 -0.0352536 -0.119 -0.116325 -0.0370322 -0.099 -0.117503 0.0289001 -0.099 -0.118314 0.0290615 -0.119 -0.119071 0.0293978 -0.099 -0.119964 0.0301668 -0.119 -0.120506 0.0307511 -0.099 -0.121039 0.0324295 -0.119 -0.121096 0.0330252 -0.099 -0.12044 0.0351214 -0.119 -0.120344 0.0352654 -0.099 -0.118364 0.0368953 -0.119 -0.118219 0.0369578 -0.099 -0.116297 0.0370701 -0.099 -0.115958 0.0369084 -0.119 -0.114357 0.0361483 -0.099 -0.113119 0.0345511 -0.099 -0.113496 0.0352097 -0.119 -0.112882 0.0333201 -0.099 -0.112901 0.0336848 -0.119 -0.113016 0.031772 -0.099 -0.113211 0.031384 -0.119 -0.113991 0.0301185 -0.099 -0.114846 0.0294821 -0.119 -0.11506 0.0293008 -0.099 -0.116009 0.0289512 -0.099 -0.116376 0.0288813 -0.119 -0.108 -0.045 -0.119 -0.109 -0.00752862 -0.119 -0.108 -0.00744114 -0.119 -0.109 0.00752862 -0.119 -0.108 0.00744114 -0.119 -0.108 0.0450002 -0.119 0.102819 -0.0630862 0.076 0.100759 -0.0694874 0.076 0.103822 -0.0709888 0.077 0.107358 -0.069393 0.077 0.103863 -0.0663762 0.07497 0.106617 -0.064057 0.076 0.101995 -0.0706737 0.096 0.100608 -0.06942 0.096 0.0999995 -0.0681071 0.096 0.100001 -0.0659085 0.096 0.10032 -0.0655901 0.0775 0.101277 -0.0638354 0.096 0.102763 -0.0630043 0.096 0.105213 -0.0630655 0.096 0.107215 -0.0643836 0.096 0.108237 -0.0666 0.096 0.107718 -0.0688758 0.096 0.106638 -0.0703077 0.096 0.104663 -0.0710839 0.096 0.115 -0.057 0.096 0.117 -0.055 0.094 0.0652952 -0.079 0.0899999 0.0742098 -0.079 0.084269 0.0652952 -0.079 0.083759 0.0831293 -0.079 0.083908 0.0890325 -0.079 0.08312 0.0929265 -0.079 0.08234 0.128662 -0.079 0.082339 0.0927761 -0.074 0.081 0.121737 -0.0751355 0.081304 0.129577 -0.074 0.081 0.0536391 -0.05 -0.081853 0.0507861 -0.055 -0.086274 0.0162153 -0.0588053 -0.04963 0.018008 -0.0582813 -0.051011 0.0144074 -0.0592742 -0.048142 0.012586 -0.0596875 -0.04655 0.0107528 -0.0600448 -0.044854 0.00890953 -0.0603458 -0.043056 0.0070579 -0.0605903 -0.041158 0.00519966 -0.060778 -0.039161 0.00333654 -0.0609087 -0.037068 0.00147029 -0.0609823 -0.03488 -0.000397331 -0.0609987 -0.0326 -0.00288662 -0.0609317 -0.02942 -0.0056811 -0.0607349 -0.025656 -0.00846361 -0.06041 -0.021704 -0.0112283 -0.0599577 -0.017571 -0.0139692 -0.059379 -0.013266 -0.0166808 -0.058675 -0.00879902 -0.0183218 -0.0581834 -0.00599203 0.058016 -0.055 -0.08786 0.0607383 -0.05 -0.083262 0.0695502 -0.055 -0.089315 0.0720464 -0.05 -0.084426 0.075894 -0.055 -0.089496 0.0782523 -0.05 -0.08444 0.0801236 -0.055 -0.089358 0.0789501 -0.0255885 -0.112832 0.106583 -0.0269949 -0.120997 0.105801 -0.0299831 -0.120936 0.0778533 -0.0287393 -0.112883 0.105443 -0.0325985 -0.120714 0.0765297 -0.0321228 -0.112471 0.0757874 -0.0338418 -0.11205 0.105406 -0.0338545 -0.120539 0.105427 -0.0345469 -0.120424 0.0752596 -0.035 -0.111682 0.0671899 -0.0485638 -0.108 0.0675213 -0.0482052 -0.124 0.064305 -0.0514113 -0.108 0.0651502 -0.0507321 -0.124 0.0624254 -0.0526955 -0.124 0.0607691 -0.0535021 -0.108 0.0591589 -0.0541445 -0.124 0.0573904 -0.0546658 -0.124 0.0578124 -0.0545626 -0.108 0.0558611 -0.055 -0.108 0.0558611 -0.055 -0.124 0.121477 -0.0930899 -0.071466 0.114921 -0.074 -0.066328 0.117629 -0.074 -0.064697 0.123455 -0.0929819 -0.070551 0.120272 -0.074 -0.062958 0.125731 -0.0928469 -0.069407 0.122846 -0.074 -0.061115 0.127964 -0.0927025 -0.068184 0.125342 -0.074 -0.059175 0.133029 -0.0923276 -0.065008 0.12776 -0.074 -0.057136 0.135812 -0.0920903 -0.062998 0.130097 -0.074 -0.055002 0.138494 -0.0918378 -0.06086 0.132338 -0.074 -0.052789 0.14107 -0.0915707 -0.058597 0.134513 -0.074 -0.050473 0.143535 -0.0912895 -0.056216 0.136596 -0.074 -0.048091 0.145883 -0.090995 -0.053721 0.138591 -0.074 -0.045634 0.148109 -0.0906877 -0.051118 0.140495 -0.074 -0.043109 0.150209 -0.0903682 -0.048412 0.142307 -0.074 -0.040517 0.152177 -0.0900374 -0.04561 0.144242 -0.074 -0.037508 0.146364 -0.074 -0.033864 0.155705 -0.0893445 -0.03974 0.148308 -0.074 -0.030121 0.0808055 -0.093724 -0.076834 0.0812037 -0.0739964 -0.076675 0.0840869 -0.074 -0.076475 0.0874586 -0.093803 -0.077506 0.084147 -0.0838846 -0.076853 0.0923624 -0.0938194 -0.077645 0.0894851 -0.0839073 -0.076664 0.0898112 -0.074 -0.0756 0.0942661 -0.0839081 -0.0762 0.0988943 -0.0937831 -0.077338 0.103763 -0.0937122 -0.076737 0.0990051 -0.083886 -0.075398 0.0967343 -0.074 -0.073946 0.108572 -0.0935979 -0.075769 0.103693 -0.0838457 -0.074327 0.113313 -0.0934497 -0.074513 0.103501 -0.074 -0.071751 0.108155 -0.0788874 -0.071437 0.116417 -0.0933285 -0.073486 0.110011 -0.074 -0.068884 0.0709999 -0.0952256 -0.109319 0.0595004 -0.0953435 -0.101999 0.0595 -0.0949051 -0.08931 0.0379784 -0.0951952 -0.107534 0.0436936 -0.0952651 -0.102 0.025826 -0.0942741 -0.121361 0.0137137 -0.0915043 -0.139613 0.0314025 -0.0948422 -0.114605 0.0429459 -0.0944136 -0.120658 0.0207433 -0.0926834 -0.133319 0.0210264 -0.0935003 -0.127909 0.116511 -0.0944101 -0.082 0.119463 -0.093178 -0.072319 0.087 -0.0951929 -0.108897 0.130152 -0.0925486 -0.066884 0.0709999 -0.0946416 -0.118 0.0531345 -0.0942538 -0.122049 -0.00122935 -0.0899873 0.038897 0.00305366 -0.09 0.046861 0.00769818 -0.09 0.0537 0.0129906 -0.09 0.0600519 0.0188799 -0.09 0.065854 0.0253095 -0.09 0.071051 0.0301069 -0.0899941 0.074339 0.0339991 -0.09 0.076643 0.0395373 -0.09 0.079436 0.0471984 -0.09 0.082543 0.0531175 -0.09 0.084397 0.057137 -0.09 0.085373 0.0611995 -0.09 0.08615 -0.0700015 -0.0445959 0.042851 -0.0695386 -0.0452858 0.043504 -0.0700015 -0.0445959 -0.124 -0.0695226 -0.0453084 -0.124 -0.0690564 -0.0459363 0.044174 -0.0690093 -0.0459967 -0.124 -0.0687041 -0.0463746 0.044657 -0.0684628 -0.0466589 -0.124 -0.0683207 -0.0468208 0.045177 -0.0678845 -0.0472935 -0.124 -0.0677939 -0.0473875 0.04588 -0.0672758 -0.047899 -0.124 -0.0671805 -0.0479887 0.046685 -0.0666382 -0.048474 -0.124 -0.0665452 -0.0485532 0.047503 -0.0659731 -0.0490169 -0.124 -0.0658882 -0.0490824 0.048333 -0.0652822 -0.0495266 -0.124 -0.0652099 -0.049577 0.049172 -0.0645671 -0.0500018 -0.124 -0.0645158 -0.050034 0.050014 -0.0638295 -0.0504413 -0.124 -0.0638072 -0.0504539 0.050857 -0.0630713 -0.0508441 -0.124 -0.0631919 -0.0507832 0.051575 -0.0624564 -0.0511369 0.052418 -0.0622943 -0.0512093 -0.124 -0.061818 -0.0514106 0.0531349 -0.0615003 -0.0515359 -0.124 -0.0609586 -0.0517332 0.0540819 -0.0606912 -0.0518232 -0.124 -0.059869 -0.0520704 -0.124 -0.0599687 -0.0520427 0.055146 -0.0590356 -0.052277 -0.124 -0.0592882 -0.052219 0.055861 -0.0581932 -0.0524425 -0.124 -0.0585166 -0.0523841 0.056657 -0.0573436 -0.0525665 -0.124 -0.0578114 -0.0525035 0.057371 -0.056489 -0.0526486 -0.124 -0.0569557 -0.052609 0.05822 -0.0556313 -0.0526888 -0.124 -0.0559842 -0.0526774 0.059162 -0.0547728 -0.0526868 -0.124 -0.0550035 -0.0526915 0.06009 -0.0539153 -0.0526428 -0.124 -0.0540136 -0.0526499 0.061004 -0.0530611 -0.0525567 -0.124 -0.0530148 -0.0525508 0.061904 -0.0522121 -0.0524288 -0.124 -0.0513704 -0.0522594 -0.124 -0.0520934 -0.0524047 0.062714 -0.0512135 -0.0522231 0.063473 -0.050538 -0.052049 -0.124 -0.0497169 -0.051798 -0.124 -0.0503513 -0.0519931 0.0642 -0.0494903 -0.0517209 0.0649129 -0.0489092 -0.051507 -0.124 -0.0481167 -0.0511768 -0.124 -0.0486359 -0.0513954 0.065604 -0.0477875 -0.0510259 0.066278 -0.0473413 -0.0508081 -0.124 -0.0472263 -0.0507494 0.066716 -0.0465849 -0.0504018 -0.124 -0.0466688 -0.0504492 0.067145 -0.0461182 -0.0501237 0.067561 -0.0458494 -0.0499589 -0.124 -0.0451365 -0.0494804 -0.124 -0.044448 -0.0489676 -0.124 -0.0437854 -0.0484216 -0.124 -0.0431503 -0.0478438 -0.124 -0.0425444 -0.0472355 -0.124 -0.0419691 -0.0465982 -0.124 -0.0414257 -0.0459335 -0.124 -0.0409155 -0.0452429 -0.124 0.0690956 -0.09 -0.083159 0.0386448 -0.0376931 -0.1435 0.0536733 -0.0523515 -0.1435 0.035731 -0.0404882 -0.1435 0.0413664 -0.0347105 -0.1435 0.0481941 -0.0574355 -0.1435 0.0591649 -0.0459881 -0.1435 0.0325953 -0.0430318 -0.1435 0.043831 -0.0315124 -0.1435 0.0292975 -0.0453614 -0.1435 0.0422359 -0.0619486 -0.1435 0.0375 -0.0649519 -0.1435 0.0467508 -0.0269916 -0.1435 0.0639968 -0.0391076 -0.1435 0.027 -0.0467654 -0.1435 0.0486523 -0.0234297 -0.1435 0.0667196 -0.0342052 -0.1435 0.0234224 -0.0486372 -0.1435 0.0316697 -0.0679148 -0.1435 0.0502516 -0.0197223 -0.1435 0.0197284 -0.0502672 -0.1435 0.0238865 -0.0710946 -0.1435 0.0700916 -0.0265058 -0.1435 0.0171983 -0.0511881 -0.1435 0.0516009 -0.0159168 -0.1435 0.0726808 -0.0185068 -0.1435 0.0523302 -0.0133249 -0.1435 0.0735129 -0.014861 -0.1435 0.0133208 -0.0523139 -0.1435 0.0185011 -0.0726582 -0.1435 0.0111747 -0.0741393 -0.1435 0.0529293 -0.0106999 -0.1435 0.0741623 -0.0111782 -0.1435 0.00804578 -0.0533803 -0.1435 0.0533969 -0.00804828 -0.1435 0.00373728 -0.0748835 -0.1435 0.0538323 -0.00403417 -0.1435 0.0748835 -0.00280151 -0.1435 0.00269084 -0.0539161 -0.1435 0.054 1.02223e-15 -0.1435 -0.00269084 -0.0539161 -0.1435 -0.00373728 -0.0748835 -0.1435 0.0538323 0.00403417 -0.1435 0.074767 0.00560301 -0.1435 -0.00932578 -0.0744179 -0.1435 0.0531631 0.00937409 -0.1435 -0.00804578 -0.0533803 -0.1435 -0.0148563 -0.0734901 -0.1435 0.0736296 0.013931 -0.1435 -0.0120161 -0.0526461 -0.1435 0.0523302 0.0133249 -0.1435 0.071668 0.0221066 -0.1435 -0.0146254 -0.0519817 -0.1435 -0.020313 -0.0721968 -0.1435 0.0516009 0.0159168 -0.1435 -0.0184633 -0.0507276 -0.1435 0.0502516 0.0197223 -0.1435 0.0697938 0.0273921 -0.1435 -0.0256435 -0.070455 -0.1435 0.0675727 0.0325413 -0.1435 -0.0234224 -0.0486372 -0.1435 -0.0333522 -0.0671045 -0.1435 0.0486523 0.0234297 -0.1435 0.0467508 0.0269916 -0.1435 -0.0281488 -0.0460634 -0.1435 -0.0444988 -0.060293 -0.1435 0.0644245 0.0382737 -0.1435 0.0446169 0.0304193 -0.1435 0.0597849 0.0452853 -0.1435 0.0430451 0.0326054 -0.1435 -0.0325953 -0.0430318 -0.1435 0.0404756 0.0357199 -0.1435 -0.035731 -0.0404882 -0.1435 -0.0509971 -0.0549618 -0.1435 0.0542919 0.0516505 -0.1435 -0.0386448 -0.0376931 -0.1435 0.0367179 0.0395725 -0.1435 -0.0562161 -0.049611 -0.1435 -0.0413664 -0.0347105 -0.1435 -0.0430451 -0.0326054 -0.1435 0.0481941 0.0574355 -0.1435 -0.0608764 -0.0437672 -0.1435 0.0325953 0.0430318 -0.1435 -0.0453473 -0.0292884 -0.1435 -0.0653582 -0.0366564 -0.1435 0.0414381 0.0624361 -0.1435 0.0281488 0.0460634 -0.1435 -0.0480381 -0.0246277 -0.1435 0.0342158 0.0667404 -0.1435 0.0246354 0.0480531 -0.1435 -0.0497597 -0.0209755 -0.1435 -0.0691107 -0.0291326 -0.1435 0.026505 0.0700919 -0.1435 0.020969 0.0497442 -0.1435 -0.0704769 -0.0256515 -0.1435 -0.0507434 -0.0184691 -0.1435 0.0171983 0.0511881 -0.1435 -0.071668 -0.0221066 -0.1435 -0.0516009 -0.0159168 -0.1435 0.020313 0.0721968 -0.1435 0.0146254 0.0519817 -0.1435 -0.0526297 -0.0120124 -0.1435 0.0166891 0.0731196 -0.1435 0.0120161 0.0526461 -0.1435 -0.0730969 -0.0166839 -0.1435 -0.0535643 -0.00671247 -0.1435 0.00838973 0.0744648 -0.1435 0.00804578 0.0533803 -0.1435 -0.0743948 -0.00932288 -0.1435 -0.0539329 -0.00269168 -0.1435 0.00403542 0.053849 -0.1435 -0.0749068 -0.00373844 -0.1435 0.0018698 0.0749767 -0.1435 0.00134626 0.0539832 -0.1435 -0.0539664 0.00134584 -0.1435 -0.00134626 0.0539832 -0.1435 -0.0749534 0.00186922 -0.1435 -0.0535643 0.00671247 -0.1435 -0.00373728 0.0748835 -0.1435 -0.00403542 0.053849 -0.1435 -0.0743948 0.00932288 -0.1435 -0.00932578 0.0744179 -0.1435 -0.00671456 0.0535809 -0.1435 -0.0529293 0.0106999 -0.1435 -0.0519655 0.0146208 -0.1435 -0.0106966 0.0529129 -0.1435 -0.0728437 0.0175838 -0.1435 -0.0175847 0.0728434 -0.1435 -0.0146254 0.0519817 -0.1435 -0.0507434 0.0184691 -0.1435 -0.0184633 0.0507276 -0.1435 -0.0704769 0.0256515 -0.1435 -0.049206 0.0222026 -0.1435 -0.0256435 0.070455 -0.1435 -0.0671042 0.033353 -0.1435 -0.0308465 0.0683629 -0.1435 -0.0222095 0.0492213 -0.1435 -0.0453473 0.0292884 -0.1435 -0.047424 0.0258257 -0.1435 -0.0258177 0.0474092 -0.1435 -0.0629824 0.0406783 -0.1435 -0.0366556 0.0653587 -0.1435 -0.0292975 0.0453614 -0.1435 -0.0437808 0.0608953 -0.1435 -0.0597849 0.0452853 -0.1435 -0.0430451 0.0326054 -0.1435 -0.0325953 0.0430318 -0.1435 -0.0481941 0.0574355 -0.1435 -0.0367179 0.0395725 -0.1435 -0.0404756 0.0357199 -0.1435 -0.0542919 0.0516505 -0.1435 -0.0740962 -0.0374 -0.056 -0.0881512 -0.0374 -0.056 0.151015 -0.0740022 0.002527 0.150591 -0.0740026 -0.00503302 0.149416 -0.074003 -0.012514 0.147603 -0.074026 -0.019388 0.145238 -0.0740035 -0.026068 0.141996 -0.0740067 -0.032911 0.135738 -0.074 -0.042682 0.129399 -0.0799998 -0.0411 0.131501 -0.074 -0.047733 0.125542 -0.074 -0.053758 0.120393 -0.074 -0.057875 0.114606 -0.077 -0.058322 0.113362 -0.074 -0.062607 0.107503 -0.074 -0.065628 0.0992466 -0.0740079 -0.069108 0.08875 -0.0740046 -0.071761 0.0812452 -0.0740047 -0.072758 0.0714745 -0.0785 -0.068391 0.0728026 -0.074 -0.072904 0.0634316 -0.074 -0.072049 0.057847 -0.074014 -0.071032 0.0488651 -0.074 -0.068297 0.0435259 -0.0740139 -0.066169 0.0361 -0.0740026 -0.062323 0.0243795 -0.0740022 -0.053751 0.0127098 -0.077 -0.035065 0.0138172 -0.0740025 -0.04213 0.0087672 -0.074 -0.034272 0.00610119 -0.0740025 -0.029139 0.00126264 -0.0740059 -0.015248 -0.000172593 -0.0740134 -0.008127 -0.00107746 -0.0740049 0.002821 0.00714655 -0.08 0.020327 -0.000391539 -0.0740018 0.012219 0.002914 -0.0740018 0.026922 0.00669651 -0.0740401 0.036252 0.0168093 -0.077 0.047078 0.0105455 -0.0740024 0.043312 0.0266969 -0.077 0.057734 0.017798 -0.0740012 0.052963 0.0263624 -0.074 0.061398 0.0372561 -0.0740121 0.068958 0.0312158 -0.0740024 0.065146 0.0443716 -0.0740024 0.072577 0.0616181 -0.0740078 0.077881 0.0724566 -0.0740024 0.078977 0.0875233 -0.0740024 0.077982 0.0960161 -0.0740003 0.076062 0.105789 -0.074 0.072459 0.11029 -0.0740004 0.07033 0.116307 -0.0740007 0.066795 0.122101 -0.0740058 0.06265 0.127379 -0.0740005 0.058108 0.132716 -0.0740023 0.052464 0.137913 -0.0740006 0.045697 0.141764 -0.0740018 0.039313 0.144893 -0.074001 0.03289 0.143046 -0.0785 0.024902 0.147932 -0.074 0.02415 0.149734 -0.0740019 0.016904 0.150686 -0.0740037 0.010088 2.81e-16 -0.09 -0.1495 0.0150825 -0.09 -0.137289 0.0227661 -0.09 -0.12556 0.0291794 -0.09 -0.117221 0.0362047 -0.09 -0.109391 2.98e-16 -0.09 -0.053172 0.0170666 -0.09 -0.058221 0.0085742 -0.0899936 -0.048888 0.0216802 -0.09 -0.062247 0.0264936 -0.0899996 -0.065934 0.00521694 -0.09 -0.044228 0.00195063 -0.09 -0.039049 0.031692 -0.09 -0.069281 0.0370433 -0.09 -0.072257 0.0602046 -0.09 -0.079978 0.066271 -0.09 -0.080809 0.054225 -0.09 -0.078661 0.0483429 -0.09 -0.076961 0.0426171 -0.09 -0.074791 0.086895 -0.074 0.082086 0.0789628 -0.074 0.082877 0.0709913 -0.074 0.082875 0.0630595 -0.074 0.082079 0.071993 -0.074 -0.076875 0.0737332 -0.0869122 -0.080474 0.0611762 -0.082 0.083972 0.0571788 -0.074 0.08099 0.0532968 -0.082 0.082225 0.0514087 -0.074 0.0794159 0.0456269 -0.082 0.0797119 0.0439185 -0.074 0.076688 0.0382406 -0.082 0.07646 0.0367371 -0.074 0.073228 0.0299359 -0.074 0.06907 0.0246004 -0.082 0.067865 0.0251098 -0.074 0.065538 0.022055 -0.074 0.062974 0.0184782 -0.082 0.062606 0.0129017 -0.082 0.056771 0.0157244 -0.074 0.056623 0.00985294 -0.0740296 0.049462 0.00359506 -0.082 0.043607 0.00627573 -0.074 0.043817 0.00291891 -0.074 0.037703 -4.51853e-05 -0.082 0.036403 -0.00296097 -0.082 0.028878 -0.00534696 -0.089841 0.028328 -0.00400813 -0.0899081 0.032225 -0.000448544 -0.074 0.029393 -0.00252757 -0.074 0.022735 -0.00512416 -0.082 0.021102 -0.00726589 -0.0897062 0.020983 -0.00632282 -0.0897771 0.024895 -0.00651385 -0.082 0.013152 -0.00890491 -0.0895583 0.00953099 -0.00852799 -0.0895951 0.013446 -0.00794934 -0.089648 0.017356 -0.00418189 -0.074 0.013922 -0.0049007 -0.074 0.00698498 -0.00711665 -0.082 0.00510398 -0.00912207 -0.0895365 0.000375003 -0.00916194 -0.0895325 0.002994 -0.0091225 -0.0895365 0.00560999 -0.00692673 -0.082 -0.002965 -0.00852195 -0.0895956 -0.007496 -0.00890272 -0.0895586 -0.00355801 -0.00495023 -0.074 0.00100398 -0.00695936 -0.0897305 -0.016361 -0.00594593 -0.082 -0.010976 -0.00790287 -0.0896519 -0.011582 -0.00435438 -0.074 -0.00694501 -0.00560127 -0.0898239 -0.021415 -0.0041837 -0.082 -0.018852 -0.00297013 -0.074 -0.014796 -0.00165707 -0.082 -0.026517 -0.00164928 -0.089979 -0.031962 -0.00388121 -0.089915 -0.026603 -0.000811234 -0.074 -0.022469 0.00160958 -0.082 -0.033897 0.00210086 -0.074 -0.02989 0.00474026 -0.074 -0.035257 0.00558471 -0.082 -0.040921 0.00673419 -0.074 -0.038711 0.0100617 -0.074 -0.04368 0.0136413 -0.0899996 -0.054817 0.0150314 -0.074 -0.049913 0.0213453 -0.082 -0.059199 0.0205969 -0.074 -0.05562 0.0267029 -0.074 -0.060745 0.0350482 -0.0740149 -0.066333 0.0420646 -0.0740151 -0.069928 0.0494004 -0.0740153 -0.072815 0.0569837 -0.0740154 -0.074965 0.0647438 -0.0740155 -0.07636 0.075 8.19e-16 -0.1495 0.074767 0.00560301 -0.1495 0.0736296 0.013931 -0.1495 0.071668 0.0221066 -0.1495 0.0697938 0.0273921 -0.1495 0.0675727 0.0325413 -0.1495 0.0634498 0.0398687 -0.1495 0.056799 0.0488801 -0.1495 0.0509971 0.0549618 -0.1495 0.0467617 0.0586374 -0.1495 0.0398679 0.0634503 -0.1495 0.0299659 0.0686836 -0.1495 0.0220998 0.0716457 -0.1495 0.0166891 0.0731196 -0.1495 0.00838973 0.0744648 -0.1495 0 0.0749767 -0.1495 -0.00560476 0.0747903 -0.1495 -0.0139319 0.0736294 -0.1495 -0.020313 0.0721968 -0.1495 -0.0256435 0.070455 -0.1495 -0.0308465 0.0683629 -0.1495 -0.0382744 0.0644241 -0.1495 -0.0452713 0.0597664 -0.1495 -0.0496264 0.0562336 -0.1495 -0.0555633 0.0502803 -0.1495 -0.0608764 0.0437672 -0.1495 -0.0639968 0.0391076 -0.1495 -0.0679152 0.0316689 -0.1495 -0.0718766 0.0211929 -0.1495 -0.0738376 0.0130196 -0.1495 -0.0747903 0.0046684 -0.1495 -0.0749068 -0.00373844 -0.1495 -0.0743948 -0.00932288 -0.1495 -0.0730969 -0.0166839 -0.1495 -0.071668 -0.0221066 -0.1495 -0.0697938 -0.0273921 -0.1495 -0.0662522 -0.0350148 -0.1495 -0.0619679 -0.042249 -0.1495 -0.0586191 -0.0467472 -0.1495 -0.052988 -0.0529874 -0.1495 -0.0444988 -0.060293 -0.1495 -0.0350156 -0.0662518 -0.1495 -0.0256435 -0.070455 -0.1495 -0.0175847 -0.0728434 -0.1495 -0.00932578 -0.0744179 -0.1495 -0.00373728 -0.0748835 -0.1495 0.0018698 -0.0749767 -0.1495 0.00746527 -0.0746041 -0.1495 0.0148563 -0.0734901 -0.1495 0.0220998 -0.0716457 -0.1495 0.0291236 -0.0690892 -0.1495 0.0358579 -0.0658461 -0.1495 0.0422359 -0.0619486 -0.1495 0.0488794 -0.0567996 -0.1495 0.0549789 -0.0510129 -0.1495 0.0602935 -0.0444981 -0.1495 0.0649317 -0.0374883 -0.1495 0.0675727 -0.0325413 -0.1495 0.0707309 -0.0247493 -0.1495 0.0730969 -0.0166839 -0.1495 0.0744647 -0.00839059 -0.1495 -0.0539664 0.00134584 -0.124 -0.0537317 0.00537666 -0.124 -0.0533969 0.00804828 -0.124 -0.0529293 0.0106999 -0.124 -0.0519655 0.0146208 -0.124 -0.0507434 0.0184691 -0.124 -0.049206 0.0222026 -0.124 -0.047424 0.0258257 -0.124 -0.0453473 0.0292884 -0.124 -0.0430451 0.0326054 -0.124 -0.0404756 0.0357199 -0.124 -0.0377048 0.0386568 -0.124 -0.0346997 0.0413535 -0.124 -0.0315222 0.0438447 -0.124 -0.0281488 0.0460634 -0.124 -0.0246354 0.0480531 -0.124 -0.0222095 0.0492213 -0.124 -0.0184633 0.0507276 -0.124 -0.0146254 0.0519817 -0.124 -0.0106966 0.0529129 -0.124 -0.00537499 0.053715 -0.124 -0.00134626 0.0539832 -0.124 0.00269084 0.0539161 -0.124 0.00804578 0.0533803 -0.124 0.0120161 0.0526461 -0.124 0.0146254 0.0519817 -0.124 0.0171983 0.0511881 -0.124 0.020969 0.0497442 -0.124 0.0246354 0.0480531 -0.124 0.0281488 0.0460634 -0.124 0.0325953 0.0430318 -0.124 0.035731 0.0404882 -0.124 0.0377048 0.0386568 -0.124 0.0404756 0.0357199 -0.124 0.0430451 0.0326054 -0.124 0.0446169 0.0304193 -0.124 0.0467508 0.0269916 -0.124 0.0486523 0.0234297 -0.124 0.0502516 0.0197223 -0.124 0.0516009 0.0159168 -0.124 0.0526297 0.0120124 -0.124 0.0533969 0.00804828 -0.124 0.0538323 0.00403417 -0.124 0.054 1.02223e-15 -0.124 0.0538323 -0.00403417 -0.124 0.0531631 -0.00937409 -0.124 0.0523302 -0.0133249 -0.124 0.0511722 -0.0171929 -0.124 0.0497597 -0.0209755 -0.124 0.0480381 -0.0246277 -0.124 0.0460777 -0.0281575 -0.124 0.0446169 -0.0304193 -0.124 0.0430451 -0.0326054 -0.124 0.0404756 -0.0357199 -0.124 0.0377048 -0.0386568 -0.124 0.035731 -0.0404882 -0.124 0.0325953 -0.0430318 -0.124 0.0292975 -0.0453614 -0.124 0.027 -0.0467654 -0.124 0.0234224 -0.0486372 -0.124 0.0197284 -0.0502672 -0.124 0.0171983 -0.0511881 -0.124 0.0133208 -0.0523139 -0.124 0.009377 -0.0531796 -0.124 0.00671456 -0.0535809 -0.124 0.00269084 -0.0539161 -0.124 -0.00134626 -0.0539832 -0.124 -0.00403542 -0.053849 -0.124 -0.00804578 -0.0533803 -0.124 -0.0120161 -0.0526461 -0.124 -0.0159118 -0.0515849 -0.124 -0.0215754 -0.0494522 -0.124 -0.027 -0.0467654 -0.124 -0.0292975 -0.0453614 -0.124 -0.0325953 -0.0430318 -0.124 -0.035731 -0.0404882 -0.124 -0.0386448 -0.0376931 -0.124 -0.0413664 -0.0347105 -0.124 -0.0430451 -0.0326054 -0.124 -0.0453473 -0.0292884 -0.124 -0.0480381 -0.0246277 -0.124 -0.0497597 -0.0209755 -0.124 -0.0507434 -0.0184691 -0.124 -0.0516009 -0.0159168 -0.124 -0.0526297 -0.0120124 -0.124 -0.0533969 -0.00804828 -0.124 -0.0537317 -0.00537666 -0.124 -0.0539329 -0.00269168 -0.124 0.0684332 -0.046997 -0.108003 0.0721729 -0.0409886 -0.108 0.0708481 -0.0432382 -0.108 0.0766309 -0.0423934 -0.108 0.0956575 -0.0459413 -0.108 0.0883915 -0.0449683 -0.108 0.0829408 -0.0439695 -0.108 0.150569 -0.074 -0.025084 0.152696 -0.074 -0.019319 0.155296 -0.074 -0.00969902 0.156434 -0.074 -0.00342602 0.15686 -0.074 0.000375003 0.157184 -0.074 0.00610298 0.156855 -0.074 0.015972 0.155367 -0.074 0.026378 0.153166 -0.074 0.034693 0.15024 -0.074 0.042784 0.147227 -0.074 0.049115 0.142839 -0.074 0.056513 0.135765 -0.074 0.065937 0.128388 -0.074 0.073425 0.119429 -0.0740001 0.081 -0.0722977 -0.0407952 0.039613 -0.0740992 -0.0373992 0.036642 -0.0098199 -0.0602044 0.037518 -0.0122321 -0.059761 0.034994 -0.0153041 -0.0590448 0.031585 0.00484855 -0.060807 0.050172 0.0024003 -0.0609527 0.048377 -0.00127785 -0.0609743 0.045426 -0.00495186 -0.0607987 0.042225 -0.00739186 -0.0605505 0.03993 -0.0952044 -0.045 -0.126819 -0.0952044 -0.045 -0.109737 -0.074106 -0.0373806 -0.05777 -0.0881905 -0.0373471 -0.05892 -0.0741353 -0.0373225 -0.059532 -0.088371 -0.0371022 -0.062842 -0.0742526 -0.0370884 -0.062983 -0.0886103 -0.0367751 -0.066012 -0.0745135 -0.0365611 -0.067536 -0.0889445 -0.0363122 -0.069151 -0.0747976 -0.0359766 -0.071073 -0.089468 -0.0355745 -0.07302 -0.0751937 -0.0351396 -0.074899 -0.0900403 -0.0347496 -0.076489 -0.0756331 -0.0341852 -0.078525 -0.090578 -0.0339549 -0.0793 -0.0760994 -0.0331344 -0.08186 -0.0913397 -0.03279 -0.082793 -0.0766111 -0.0319333 -0.085163 -0.0927901 -0.0304637 -0.088662 -0.0774404 -0.0298558 -0.089984 -0.0939592 -0.0284651 -0.092865 -0.0783055 -0.0275181 -0.094648 -0.0952352 -0.026115 -0.097077 -0.0791845 -0.0248568 -0.099123 -0.0965412 -0.0235364 -0.10117 -0.0800493 -0.0219343 -0.103448 -0.0976868 -0.0210626 -0.104611 -0.080862 -0.0186815 -0.107584 -0.0942053 -0.0160611 -0.110575 -0.0815972 -0.0151954 -0.111522 -0.0901237 -0.0127314 -0.114 -0.0820177 -0.0127314 -0.114 -0.0922187 -0.0314053 -0.112242 -0.0941684 -0.0280931 -0.110606 -0.0957958 -0.0250407 -0.109241 -0.0985736 -0.019264 -0.10691 -0.0654442 0.0510495 -0.114 -0.0678196 0.0478488 -0.114 -0.0654442 0.0510495 -0.124 -0.0678751 0.0477701 -0.124 -0.0710672 0.0428309 -0.114 -0.0711902 0.0426238 -0.124 -0.0739871 0.0376154 -0.114 -0.0741609 0.0372714 -0.124 -0.0764806 0.0321831 -0.114 -0.0766834 0.0316937 -0.124 -0.0786213 0.0266024 -0.114 -0.0788349 0.0259627 -0.124 -0.080309 0.0208684 -0.114 -0.0805099 0.0200747 -0.124 -0.0816263 0.0150381 -0.114 -0.0817954 0.0140896 -0.124 -0.0822541 0.011102 -0.114 -0.0823892 0.0100509 -0.124 -0.0826923 0.00714036 -0.114 -0.0827837 0.00598784 -0.124 -0.0829678 0.0011695 -0.114 -0.0829748 -0.000130754 -0.124 -0.0827644 -0.00624872 -0.124 -0.0826975 -0.00679298 -0.114 -0.0823571 -0.0103105 -0.124 -0.0817506 -0.0143473 -0.124 -0.0809463 -0.0183495 -0.124 -0.0799462 -0.0223072 -0.124 -0.0787527 -0.026211 -0.124 -0.0773687 -0.0300514 -0.124 -0.0757976 -0.0338191 -0.124 -0.0740431 -0.037505 -0.124 -0.0721095 -0.0411001 -0.124 -0.0676624 0.0517513 -0.114 -0.0706901 0.0534562 -0.114 -0.0737352 0.0564113 -0.114 -0.0752034 0.0588429 -0.114 -0.0763252 0.063111 -0.114 -0.0763315 0.0668373 -0.114 -0.0762226 0.0681708 -0.114 -0.0752501 0.0705378 -0.13 -0.0742723 0.0723266 -0.13 -0.0730449 0.0739543 -0.13 -0.0714579 0.0754887 -0.13 -0.0694321 0.0768842 -0.13 -0.0666309 0.0780932 -0.13 -0.0638898 0.0786619 -0.13 -0.0618518 0.0787133 -0.13 -0.059085 0.0782854 -0.13 -0.0642478 0.0508596 -0.124 -0.0611437 0.0508589 -0.124 -0.0581001 0.0514688 -0.124 -0.0555094 0.0526538 -0.124 -0.0535879 0.0539748 -0.124 -0.0520939 0.0554141 -0.124 -0.0503254 0.0579652 -0.124 -0.0490933 0.0608144 -0.124 -0.0486475 0.0630158 -0.124 -0.09 -0.0484349 -0.13 -0.0898101 -0.00584973 -0.138005 -0.0956648 -0.00636195 -0.129517 -0.0944675 -0.0169942 -0.12727 -0.0939212 -0.0181717 -0.129992 -0.0907129 -0.0323507 -0.129564 -0.0827232 -0.035465 -0.138016 -0.0808173 -0.0396097 -0.138009 -0.089992 -0.0347466 -0.130003 -0.0773689 -0.0567714 -0.13 -0.089207 -0.0118035 -0.138012 -0.0882327 -0.0177371 -0.138024 -0.087261 -0.0220255 -0.138024 -0.0860814 -0.0262596 -0.138024 -0.0845973 -0.0307048 -0.138033 -0.0776685 -0.0454236 -0.138011 -0.0733014 -0.0521875 -0.138015 -0.0730528 -0.0596201 -0.132356 -0.0690588 -0.0577139 -0.138 -0.0661767 -0.0609971 -0.138 -0.0615453 -0.0656308 -0.138 -0.0668128 -0.0637385 -0.134873 -0.0566239 -0.0699552 -0.138 -0.0560916 -0.0708144 -0.137433 -0.0495757 -0.0751149 -0.138 -0.00604778 -0.0897966 -0.042561 -0.00436983 -0.0898938 -0.1495 -0.00981549 -0.0894632 -0.03595 -0.00872934 -0.0895757 -0.1495 -0.0130683 -0.0890462 -0.1495 -0.0173764 -0.0883066 -0.1495 -0.0216435 -0.0873588 -0.1495 -0.0258595 -0.0862049 -0.1495 -0.0240873 -0.0867168 -0.065437 -0.0340989 -0.0832903 -0.1495 -0.0300146 -0.0848477 -0.1495 -0.0306817 -0.0846087 -0.053866 -0.0381027 -0.0815364 -0.1495 -0.0420166 -0.0795902 -0.1495 -0.0458315 -0.0774563 -0.1495 -0.0565926 -0.0699805 -0.1495 -0.0615185 -0.0656559 -0.1495 -0.0661542 -0.0610215 -0.1495 -0.069039 -0.0577375 -0.1495 -0.0730373 -0.0525431 -0.1495 -0.076691 -0.0471009 -0.1495 -0.0798926 -0.041381 -0.1495 -0.0835296 -0.0334369 -0.1495 -0.0857673 -0.0272757 -0.1495 -0.0869905 -0.0230793 -0.1495 -0.0880085 -0.0188283 -0.1495 -0.0891193 -0.0123682 -0.1495 -0.0898097 -0.00584969 -0.1495 -0.0518609 -0.0735815 -0.1495 0.087 -0.095299 -0.102876 0.154009 -0.0896931 -0.042716 0.140345 -0.0922771 -0.064322 0.10107 -0.0468423 -0.106001 0.0950051 -0.047 -0.108 0.0980923 -0.046464 -0.10701 0.016967 -0.0585928 -0.124 0.0141104 -0.0593456 -0.124 0.0112208 -0.0599591 -0.124 0.00830477 -0.060432 -0.124 0.00536931 -0.0607632 -0.124 0.00242126 -0.0609519 -0.124 -0.000532471 -0.0609977 -0.124 -0.00348495 -0.0609004 -0.124 -0.00642926 -0.0606602 -0.124 -0.00935849 -0.0602778 -0.124 -0.0122658 -0.0597541 -0.124 -0.0151443 -0.0590902 -0.124 -0.0179873 -0.0582877 -0.124 -0.0207881 -0.0573485 -0.124 -0.0235402 -0.0562749 -0.124 -0.026237 -0.0550692 -0.124 -0.0288724 -0.0537344 -0.124 -0.03144 -0.0522736 -0.124 -0.0339338 -0.0506902 -0.124 -0.0363481 -0.0489879 -0.124 -0.0386772 -0.0471707 -0.124 -0.0898637 0.00585721 -0.1495 -0.0883857 0.0168244 -0.1495 -0.0869301 0.0233057 -0.1495 -0.0849483 0.0296459 -0.1495 -0.0816231 0.0378518 -0.1495 -0.0786323 0.0437832 -0.1495 -0.0763827 0.0475991 -0.1495 -0.0739482 0.0512998 -0.1495 -0.0713345 0.0548762 -0.1495 -0.0670716 0.0599707 -0.1495 -0.0624839 0.0647747 -0.1495 -0.0575179 0.0691866 -0.1495 -0.0522732 0.0732633 -0.1495 -0.0484083 0.0758765 -0.1495 -0.0446695 0.078136 -0.1495 -0.0408049 0.0802213 -0.1495 -0.0368425 0.0821158 -0.1495 -0.032848 0.0837915 -0.1495 -0.0286853 0.0853062 -0.1495 -0.0244514 0.0866148 -0.1495 -0.0201621 0.0877125 -0.1495 -0.0158494 0.088594 -0.1495 -0.011503 0.0892631 -0.1495 -0.00713094 0.089719 -0.1495 -0.00274378 0.0899607 -0.1495 0.00164787 0.089988 -0.1495 0.0060343 0.0898012 -0.1495 0.0104038 0.089401 -0.1495 0.0193837 0.0878878 -0.1495 0.0236847 0.0868276 -0.1495 0.0279282 0.0855571 -0.1495 0.0321041 0.0840793 -0.1495 0.0363069 0.0823517 -0.12556 0.0362023 0.0823978 -0.1495 0.0402127 0.0805167 -0.1495 0.0414033 0.079911 -0.119945 0.0441257 0.0784405 -0.1495 0.0463365 0.0771552 -0.114301 0.0479319 0.0761744 -0.1495 0.0490092 0.0754857 -0.111149 0.0702344 -0.0442281 -0.124 0.0723115 -0.0407437 -0.124 0.0742159 -0.0371619 -0.124 0.0759429 -0.0334914 -0.124 0.0781689 -0.02783 -0.124 0.0800214 -0.0220357 -0.124 0.0810025 -0.0180996 -0.124 0.0817901 -0.0141202 -0.124 0.08258 -0.00808851 -0.124 0.0829755 -0.00201815 -0.124 0.0828756 0.00406426 -0.124 0.0823798 0.0101273 -0.124 0.0817866 0.0141402 -0.124 0.0809981 0.0181194 -0.124 0.080016 0.0220553 -0.124 0.0781621 0.0278491 -0.124 0.0759348 0.0335099 -0.124 0.0732542 0.0389707 -0.124 0.0702236 0.0442453 -0.124 0.0679779 0.0476235 -0.124 0.0642875 0.0524595 -0.124 0.06029 0.0570448 -0.124 0.0574308 0.0599225 -0.124 0.0544344 0.0626569 -0.124 0.051308 0.0652417 -0.124 0.0480591 0.0676707 -0.124 0.04296 0.0709882 -0.124 0.0864113 -0.0153647 -0.108 0.0820625 -0.01244 -0.108 0.0813696 -0.0163702 -0.108 0.0918366 -0.0145244 -0.108 0.0827217 -0.00649173 -0.108 0.0975744 -0.0138603 -0.108 0.0829628 0.00148166 -0.108 0.102256 -0.0134677 -0.108 0.107047 -0.0131926 -0.108 0.0824371 0.00944137 -0.108 0.108109 0.00689915 -0.108 0.106828 0.0187026 -0.108 0.0815659 0.0153623 -0.108 0.0571507 0.0601897 -0.108 0.0599779 0.057373 -0.108 0.0541914 0.0628672 -0.108 0.0479568 0.0677847 -0.107981 0.0807332 0.0192653 -0.108 0.104111 0.030302 -0.108 0.079112 0.0250262 -0.108 0.077125 0.0306714 -0.108 0.0990449 0.0440584 -0.108 0.0746924 0.0361395 -0.108 0.0708769 0.0431449 -0.108 0.0676028 0.0481545 -0.108 0.06521 0.0513484 -0.108 0.0626663 0.0544236 -0.108 0.0387999 0.0733728 -0.118684 0.0434421 0.0707233 -0.113343 0.081326 -0.0165856 -0.108256 0.0812016 -0.0171827 -0.1089 0.0802978 -0.0210028 -0.111633 0.0806584 -0.0195652 -0.110819 0.0810437 -0.0179126 -0.109595 0.0797607 -0.0229595 -0.112377 0.0800057 -0.0220925 -0.112097 0.0748901 -0.0357817 -0.111383 0.0727978 -0.0398645 -0.108962 0.0738032 -0.0379679 -0.110273 0.0676876 0.0636738 -0.132787 0.0677115 0.0594638 -0.138963 0.0676905 0.0593127 -0.1495 0.0718988 0.0540884 -0.1495 0.0748767 0.0498494 -0.141115 0.0769125 0.0466847 -0.1495 0.0790119 0.0430944 -0.142035 0.0802015 0.0408377 -0.1495 0.080642 0.0399607 -0.142297 0.0829953 0.0347386 -0.1495 0.0837604 0.0328095 -0.14269 0.085379 0.0284679 -0.1495 0.0858485 0.0287211 -0.141455 0.086308 0.0255133 -0.142947 0.0872356 0.0220214 -0.1495 0.0878231 0.0195292 -0.143073 0.0892363 0.0114549 -0.143182 0.0891002 0.0121407 -0.1495 0.0898236 0.00548823 -0.143228 0.089975 0.00212094 -0.1495 0.0899494 -0.00214552 -0.14325 0.0898552 -0.00458651 -0.1495 0.0895994 -0.00848183 -0.143248 0.0889562 -0.0134828 -0.1495 0.0887607 -0.0147349 -0.143229 0.0877317 -0.0200786 -0.1495 0.0869959 -0.0229622 -0.14318 0.0855828 -0.0276013 -0.1495 0.0844493 -0.0310452 -0.143104 0.0820367 -0.0370133 -0.1495 0.082071 -0.0369372 -0.143027 0.0790268 -0.0430088 -0.1495 0.0792557 -0.0425923 -0.142932 0.0749245 -0.0498183 -0.14277 0.0743676 -0.0506405 -0.1495 0.0667359 -0.0602707 -0.1495 0.05704 -0.0695175 -0.1495 0.0489511 -0.0754903 -0.1495 0.0412162 -0.0799764 -0.1495 0.0330743 -0.0836725 -0.1495 -0.00749011 -0.05 0.00158098 0.0564588 -0.05 -0.077389 0.0623894 -0.05 -0.078506 0.0683801 -0.05 -0.079234 0.0763604 -0.05 -0.079538 0.0934935 -0.0200563 -0.131777 0.0919475 -0.0328622 -0.129323 0.0901707 -0.0323419 -0.131818 0.0863144 -0.0304346 -0.140019 0.0834567 -0.0438562 -0.134462 0.0804513 -0.0433157 -0.140015 0.0887434 -0.0317535 -0.134433 0.0998046 -0.00998503 -0.126335 0.102139 -0.0105264 -0.124724 0.1003 -0.0222223 -0.124736 0.0980353 -0.0218254 -0.126367 0.125482 0.0108633 -0.116878 0.127942 -0.0461632 -0.116638 0.126289 -6.36956e-05 -0.116814 0.118446 0.000481635 -0.11838 0.110528 0.00125061 -0.121059 0.117827 -0.0119737 -0.118247 0.10987 -0.0113983 -0.120983 0.0922179 -0.019055 -0.134405 0.120572 -0.0453572 -0.116484 0.117198 -0.0448156 -0.116575 0.0968322 -0.00877023 -0.129231 0.095146 -0.0209437 -0.129277 0.123714 0.0216641 -0.116941 0.117658 0.0115514 -0.118498 0.110173 0.00876169 -0.121104 0.114839 -0.0442197 -0.116792 0.0951328 -0.00754301 -0.131735 0.10262 0.00237051 -0.124711 0.0900267 -0.0168572 -0.140023 0.0938189 -0.00615901 -0.134376 0.100161 0.00306208 -0.126302 0.118932 0.0323809 -0.117371 0.12472 0.0299312 -0.116537 0.115825 0.0224838 -0.118616 0.109267 0.0162208 -0.121149 0.102151 0.0100287 -0.124703 0.0969375 0.00461673 -0.12918 0.0990162 0.0146508 -0.126272 0.0915146 -0.00313839 -0.140027 0.095007 0.00618825 -0.13169 0.112406 0.035761 -0.118628 0.107815 0.0235877 -0.121194 0.100328 0.0213883 -0.124692 0.0934514 0.00796037 -0.134345 0.0939744 0.0143308 -0.131663 0.105825 0.0308225 -0.12124 0.0954133 0.0164898 -0.129135 0.0921715 0.0163276 -0.134327 0.0906545 0.0118244 -0.140031 0.096718 0.0260721 -0.126241 0.0922295 0.022364 -0.131636 0.103308 0.037886 -0.121285 0.0974019 0.0325173 -0.12468 0.0926156 0.0281339 -0.12909 0.0901019 0.0245571 -0.134308 0.0888906 0.0206819 -0.140034 0.0944327 0.0334984 -0.126221 0.089789 0.0302085 -0.131609 0.0947342 0.0397155 -0.124673 0.0899288 0.0356428 -0.129061 0.0872649 0.0325496 -0.13429 0.0916008 0.0407288 -0.126201 0.0866819 0.0377882 -0.131582 0.0866578 0.0428908 -0.129031 0.0836997 0.0402114 -0.134271 0.082597 0.0376899 -0.140039 0.0864407 0.0519408 -0.12588 0.0829483 0.045034 -0.131555 0.082836 0.0498271 -0.129001 0.0794614 0.0474582 -0.134253 0.0770746 0.0541599 -0.13142 0.100094 -0.04481 -0.120773 0.0927265 -0.0446048 -0.12476 0.0990617 -0.0404599 -0.122233 0.105511 -0.0354616 -0.120247 0.106379 -0.0381992 -0.119492 0.097149 -0.0336314 -0.124748 0.104616 -0.034053 -0.120843 0.0829973 0.0390098 -0.137104 0.079147 0.0451396 -0.138003 0.0752532 0.0513261 -0.137056 0.0732613 0.0558366 -0.134297 0.0796306 0.0562029 -0.128328 0.129388 0.0282831 -0.11607 0.108471 -0.04492 -0.117883 0.10927 -0.0416286 -0.118102 0.111785 -0.0430353 -0.117392 0.107714 -0.0401886 -0.118749 0.0904606 -0.0444984 -0.126429 0.0872851 -0.044288 -0.129369 0.128487 -0.0137452 -0.116513 0.125619 -0.0141072 -0.116742 0.085219 -0.0440859 -0.13186 0.0949064 -0.0333864 -0.126398 0.107888 -0.0228676 -0.120913 0.109897 -0.0212434 -0.120256 0.109512 -0.021681 -0.120367 0.10886 -0.0225241 -0.120546 0.107439 -0.0249561 -0.120874 0.121505 -0.0149274 -0.117305 0.119008 -0.0156739 -0.117805 0.116264 -0.0167288 -0.118447 0.114792 -0.0174724 -0.118838 0.112574 -0.0188888 -0.119469 0.11061 -0.0205172 -0.120047 0.111532 0.0363012 -0.105345 0.118508 0.0325843 -0.104188 0.12367 0.0303036 -0.103543 0.127917 0.0287597 -0.103126 0.13147 0.027637 -0.102853 0.112919 -0.00236786 -0.106424 0.127562 0.0140356 -0.103516 0.117877 0.0119515 -0.10506 0.125015 -0.00314337 -0.103871 0.117814 -0.00269718 -0.105107 0.117264 0.0164035 -0.105089 0.115131 0.0257942 -0.105198 0.125057 -0.0129998 -0.103799 0.122714 -0.0129975 -0.104055 0.115803 -0.0129999 -0.105346 0.107955 -0.00392028 -0.108 0.109229 -0.0130162 -0.107205 0.132282 -0.0500585 -0.053555 0.129632 -0.0512787 -0.0557 0.127169 -0.0518564 -0.057695 0.124875 -0.0519851 -0.059553 0.123209 -0.0518209 -0.060902 0.121971 -0.0515672 -0.061904 0.121156 -0.0513292 -0.062565 0.119366 -0.0505913 -0.064014 0.118014 -0.0498747 -0.065109 0.116904 -0.0491242 -0.066007 0.115494 -0.0479722 -0.06715 0.114493 -0.047 -0.06796 0.00702286 0.1098 -0.017136 0.00754177 0.1023 -0.016982 0.00702286 0.1023 -0.017136 0.00754177 -0.04 -0.016982 -0.00749085 -0.04 0.001582 0.0414293 -0.04 -0.05883 0.0564588 -0.04 -0.077389 0.106036 -0.0173 -0.055507 0.0949821 -0.04 -0.064458 0.0763243 -0.04 -0.079566 0.106036 -0.0427 -0.055507 0.125776 -0.0173 -0.039522 0.125776 -0.0427 -0.039522 0.1246 -0.0229663 -0.052248 0.123101 -0.0222506 -0.053462 0.131784 -0.0221691 -0.064792 0.121088 -0.022058 -0.055092 0.129487 -0.022178 -0.066653 0.119761 -0.0223911 -0.056166 0.128001 -0.0227767 -0.067856 0.118662 -0.0230068 -0.057056 0.127224 -0.0233277 -0.068485 0.117353 -0.0243088 -0.058117 0.125961 -0.0248103 -0.069508 0.116257 -0.0260953 -0.059004 0.124716 -0.028057 -0.070516 0.115603 -0.0285593 -0.059533 0.115619 -0.0316984 -0.059521 0.116541 -0.0342966 -0.058774 0.125109 -0.0333508 -0.070198 0.127253 -0.0366548 -0.068461 0.118893 -0.0371175 -0.056869 0.120886 -0.0378778 -0.055255 0.129573 -0.0378141 -0.066583 0.131899 -0.0378285 -0.064699 0.124175 -0.0372183 -0.052592 0.134363 -0.0367743 -0.063195 0.125818 -0.035892 -0.051261 0.127122 -0.0338261 -0.050206 0.127552 -0.0324947 -0.049857 0.127812 -0.0295938 -0.049647 0.127238 -0.0265209 -0.050112 0.126105 -0.0244646 -0.051029 0.123515 -0.0250679 -0.054413 0.13049 -0.0247586 -0.065841 0.121387 -0.024888 -0.056136 0.120108 -0.0255244 -0.057172 0.128919 -0.0252061 -0.067112 0.127887 -0.0261318 -0.067948 0.118886 -0.0271297 -0.058162 0.118255 -0.029789 -0.058673 0.126674 -0.0296092 -0.06893 0.118744 -0.0325994 -0.058277 0.127228 -0.0328616 -0.068482 0.120739 -0.0347522 -0.056661 0.129625 -0.0350025 -0.066541 0.122549 -0.0352704 -0.055195 0.132197 -0.0347972 -0.064458 0.124688 -0.0341073 -0.053463 0.134223 -0.0327392 -0.062773 0.126231 -0.031272 -0.052213 0.126149 -0.028289 -0.052281 0.125523 -0.0267279 -0.052787 0.132275 -0.0252145 -0.064395 0.060401 -0.04 -0.078198 0.066379 -0.04 -0.079024 0.131534 -0.0173 -0.046633 0.111794 -0.0173 -0.062618 0.131534 -0.0427 -0.046633 0.111794 -0.0427 -0.062618 0.08216 -0.0664397 0.081 0.0799853 -0.069032 0.081 0.0777911 -0.066576 0.081 0.0778124 -0.0659445 0.096 0.0802017 -0.0646127 0.084152 0.0782626 -0.0685104 0.092906 0.0821941 -0.0652354 0.096 0.0813159 -0.0689647 0.096 0.0180344 -0.0674835 0.081 0.0213656 -0.0651797 0.081 0.018435 -0.0688039 0.096 0.0189401 -0.0649126 0.096 0.0213261 -0.0649613 0.092437 0.0221577 -0.0662151 0.096 0.0226325 -0.0678988 0.081007 -0.0834298 -0.0397539 0.00470299 -0.0833893 -0.0423115 0.00855598 -0.0806279 -0.0428254 0.005602 -0.0805002 -0.0426477 0.008679 -0.0817212 -0.0397 -0.01344 -0.0837589 -0.0428267 -0.014191 -0.0828205 -0.043948 -0.01195 -0.0806339 -0.0426551 -0.014692 -0.0802324 -0.0428195 -0.011662 0.0212191 -0.0911078 -0.090162 0.0204627 -0.0961955 -0.094033 0.0244558 -0.0911992 -0.093072 0.0234019 -0.0887746 -0.091268 0.0471873 -0.0961978 -0.089355 0.0474121 -0.0911406 -0.09405 0.0496894 -0.091082 -0.092026 0.0477152 -0.0864512 -0.091691 0.0452248 -0.0906055 -0.092074</float_array>
                    <technique_common>
                        <accessor count="3988" source="#shape0-lib-positions-array" stride="3">
                            <param name="X" type="float"/>
                            <param name="Y" type="float"/>
                            <param name="Z" type="float"/>
                        </accessor>
                    </technique_common>
                </source>
                <source id="shape0-lib-normals" name="normal">
                    <float_array id="shape0-lib-normals-array" count="24000">0 0 -1 0 0 -1 0.000793867 -0.00220406 -0.999997 0 0 -1 0 0 -1 0 0 -1 0 0 -1 0 0 -1 0 0 -1 0 0 -1 0 0 -1 0 0 -1 0 0 -1 0 0 -1 0 0 -1 0 0 -1 0 0 -1 0 0 -1 0 0 -1 0 0 -1 -0.999392 -0.0348743 -8.65256e-07 -0.999391 -0.0348981 4.75236e-05 -0.999391 -0.0348983 6.99973e-05 0.0249904 -0.994647 0.100263 -0.99939 -0.0349129 -0.000182829 -0.99939 -0.0349194 -1.57818e-07 -0.99939 -0.0349199 1.42433e-06 -0.999391 -0.0349075 0 -0.99939 -0.0349309 -2.80332e-05 -0.99939 -0.0349302 -5.97789e-05 -0.999387 -0.0350087 0.00011878 -0.999395 -0.0347873 -0.00016108 -0.999388 -0.0349856 2.87032e-05 -0.999391 -0.0349039 4.49038e-05 -0.99939 -0.0349118 -8.59459e-05 -0.999391 -0.0348999 6.50746e-05 -0.999394 -0.0347999 -6.99668e-05 -0.999381 -0.03517 0.000182813 -0.999399 -0.0346534 -0.000195215 -0.999391 -0.0349058 3.43252e-05 -0.998851 -0.039124 -0.0276949 -0.999393 -0.0348273 0.000144957 -0.999398 -0.0346924 0.000405285 -0.957556 -0.024268 -0.287225 -0.999388 -0.0349843 -0.000272695 -0.999397 -0.0347252 -0.000138911 -0.999385 -0.0350547 0.000115761 -0.99939 -0.0349228 -1.14072e-05 -0.999389 -0.0349389 -3.14853e-05 -0.999391 -0.0349012 -2.6693e-05 -0.999392 -0.0348702 1.1743e-05 -0.999393 -0.0348268 2.26302e-05 -0.999393 -0.0348437 2.3917e-05 -0.999392 -0.0348751 0 -0.999389 -0.034944 0 0.999393 0.0348321 0.000155557 -0.999393 -0.0348416 -9.7312e-05 -0.999394 -0.034818 -0.000138974 0.99939 0.0349194 -2.84244e-05 -0.99939 -0.0349191 2.714e-05 -0.999391 -0.0348958 -8.78668e-06 -0.999391 -0.0348979 -2.41167e-05 -0.544636 -0.838673 0 -0.544639 -0.838671 2.27692e-06 -0.544644 -0.838667 3.0955e-06 -0.544623 -0.838681 8.26457e-06 -0.544639 -0.838671 2.16102e-06 -0.544635 -0.838673 0 -0.544648 -0.838665 -1.1051e-05 -0.544648 -0.838665 -1.54632e-05 -0.544646 -0.838666 -4.39419e-06 -0.544563 -0.83872 -0.000149044 -0.544744 -0.838603 0.000217756 -0.544548 -0.83873 -0.000245938 -0.544698 -0.838632 0.000211735 -0.544639 -0.838671 -4.55605e-05 -0.544649 -0.838664 1.84776e-05 -0.544598 -0.838697 -0.000531749 -0.544628 -0.838678 0 -0.544628 -0.838678 0 -0.837685 -0.534169 -0.113789 -0.354782 -0.934171 -0.0381266 0 0 -1 0 0 -1 0 0 -1 0 0 -1 -0.588365 0.805678 -0.0686282 0.828198 -0.560076 0.0200734 0.000150615 0.000101333 -1 -2.15681e-05 4.69947e-05 -1 0.991536 -0.129188 -0.0128809 0 0 -1 0.196933 0.97234 -0.125589 0.000142639 0.000233224 1 -0.000142639 -0.000233224 -1 0 0 -1 -9.4155e-05 6.1458e-06 -1 0.173457 0.984569 0.0231617 0.311354 -0.948576 0.0571213 0.204592 -0.977024 0.0597169 -0.0677693 -0.997681 0.0062824 0.504779 -0.849575 0.153037 0.464677 0.867633 0.176884 0.122702 0.986398 0.109376 0.137098 0.983815 0.11538 0.309568 0.913572 0.263731 0.327588 0.898653 0.291736 0.499993 0.727224 0.470269 0.404836 -0.864692 0.297346 0.112169 -0.988461 0.101794 0.587607 -0.556258 0.587618 0.530419 0.844481 0.0742146 0.806918 0.577978 0.12176 0.89106 0.42614 0.156256 0.806033 0.579466 0.12054 0.489247 0.867556 0.0893534 0.528539 0.844688 0.0845489 0.898312 0.392908 0.196618 0.751934 0.640316 0.156811 0.762573 0.622137 0.177282 0.900563 -0.403723 0.161228 0.851727 -0.509131 0.12388 0.728408 -0.675646 0.113688 0.494259 -0.862997 0.104609 0.858222 -0.468432 0.209826 0.705756 -0.675501 0.21356 0.788988 -0.583999 0.190904 0.525341 -0.838172 0.14658 0.202957 -0.975136 0.0889856 0.335282 0.930559 0.147126 0.597465 0.766538 0.23549 0.676979 0.64778 0.349401 0.314015 0.936092 0.158516 0.842954 -0.368084 0.392355 0.62696 -0.713724 0.31228 0.37261 0.887992 0.269504 0.651954 0.631682 0.419444 0.572505 0.699959 0.426961 0.627612 -0.669241 0.397768 0.586464 0.628948 0.510377 0.686806 -0.633205 0.356859 0.591139 0.62735 0.506939 0.704207 -0.521056 0.482279 0.749272 0.266505 0.606273 0.636479 0.485952 0.598954 0.634901 0.464651 0.617252 0.701849 0.16749 0.692355 0.661515 -0.55078 0.508959 0.70427 -0.380637 0.599265 0.578233 -0.660825 0.478494 0.41162 -0.855461 0.314255 0.678443 -0.011949 0.734556 0.556328 -0.665436 0.49769 0.648465 -0.437554 0.622929 0.730099 0.0164431 0.683143 0.67158 -0.363154 0.645833 0.746291 -0.0245895 0.665166 0.655914 -0.339424 0.674217 0.678398 -0.161852 0.716645 0.650869 -0.455275 0.607531 0.34128 -0.880516 0.328966 0.340832 -0.880988 0.328168 0.468164 -0.752673 0.462932 -0.962665 -0.0183318 -0.270076 -0.911755 0.237273 -0.335267 0.970654 -0.00759388 0.240358 -0.912744 0.12807 -0.387939 -0.915134 0.119739 -0.384957 -0.9342 -0.00572743 -0.356704 -0.910115 -0.276777 -0.308358 -0.737625 -0.0297153 -0.674557 -0.900672 0.429846 -0.0634268 -0.993929 0.0944746 -0.0563884 -0.900113 0.331952 -0.282141 0.964457 0.234645 0.121512 0.974472 -0.171016 0.145455 0.966945 0.113414 0.228376 0.961695 0.148291 0.230548 0.97942 0.111707 0.168101 0.96312 0.23127 0.137527 -0.76805 -0.637003 -0.0657741 0.972098 -0.175269 0.155907 0.977392 -0.12118 0.173263 0.928812 -0.272158 0.251472 0.966232 -0.119657 0.228204 -0.985676 0.154718 -0.0671154 -0.973206 -0.174879 -0.149292 -0.964745 0.0252695 -0.261971 0.812529 0.43481 0.388248 0.844752 0.405561 0.349162 0.831162 0.284199 0.477913 0.911251 0.199332 0.3604 0.921959 -0.063783 0.381999 0.891028 0.047988 0.451406 0.911628 0.0459744 0.408437 -0.904966 -0.292864 -0.308655 0.849326 -0.185553 0.494182 0.85944 -0.308311 0.407808 0.820547 0.282849 0.496688 0.726888 0.256914 0.63689 0.764207 0.128411 0.632059 0.735208 0.458183 0.499537 0.821445 0.126909 0.555988 0.702108 0.416237 0.577747 0.764227 -0.13379 0.630918 0.823557 -0.201805 0.530122 0.816201 -0.144062 0.559519 0.760905 -0.142689 0.632979 -0.813164 0.084268 -0.575902 -0.783869 -0.017057 -0.620692 -0.620007 -0.526164 -0.582017 -0.711279 -0.134063 -0.690007 0.915354 0.401852 0.0253539 -0.950549 0.304093 -0.0631206 -0.991465 0.0122649 -0.129796 -0.948002 0.245735 -0.202256 0.990938 0.0998384 0.0898512 -0.781749 0.564285 -0.265427 0.780034 -0.581867 0.230168 0.925781 0.150071 0.347 -0.902253 -0.371541 -0.218854 0.915276 -0.191858 0.354203 0.873683 -0.328179 0.359133 0.843484 -0.383208 0.376412 -0.713225 0.264336 -0.649181 -0.889108 -0.199267 -0.412042 -0.694271 -0.503221 -0.514544 -0.943706 0.327909 -0.0435334 -0.766781 0.629967 -0.123241 -0.752378 0.6257 -0.205977 0.872928 0.484767 0.0547506 0.880934 0.467108 0.0759343 -0.910867 0.239971 -0.335762 0.85384 0.474114 0.214878 0.882075 0.376606 0.283038 0.939222 0.20226 0.277404 -0.939636 -0.337853 -0.0542198 0.815919 0.513377 0.265934 0.894301 0.365102 0.258703 -0.777284 -0.623031 -0.0875375 -0.967975 -0.199348 -0.152594 0.855234 -0.432388 0.285685 -0.84602 -0.528548 -0.0699025 0.635223 0.736204 0.233442 -0.81374 -0.537146 -0.222041 -0.736013 0.588231 -0.335066 0.627379 -0.742125 0.235894 0.807747 0.504598 0.304837 0.829203 0.472122 0.299204 0.925524 0.164515 0.341086 0.926144 -0.0552914 0.373096 0.69956 -0.644328 0.30896 -0.800595 -0.525184 -0.288494 -0.826928 -0.383165 -0.411552 -0.616568 -0.453925 -0.643269 -0.764614 0.644444 -0.00758786 -0.0711312 0.996534 -0.0431251 0.966245 -0.254303 0.0412302 -0.634137 0.762283 -0.129595 0.804978 -0.591785 0.042439 0.899275 -0.429396 0.0832121 0.951944 -0.296012 0.0786088 -0.451856 -0.89186 -0.0203135 0.616059 0.759565 0.208643 0.642823 0.748866 0.161177 0.910456 -0.298376 0.286427 -0.757778 0.542866 -0.362035 0.829384 -0.46649 0.307423 -0.381121 0.897672 -0.221207 0.701929 -0.647352 0.297036 -0.638992 0.559356 -0.528025 -0.754235 0.381147 -0.534655 -0.729288 -0.64912 -0.216293 -0.641902 0.443114 -0.625789 -0.595998 -0.783948 -0.173816 -0.664524 -0.673729 -0.32326 -0.682266 -0.454261 -0.572853 -0.0524211 0.998423 -0.020102 -0.421089 0.905178 -0.0577565 0.388068 0.921581 -0.00961339 0.334324 0.94225 0.0197921 0.667306 0.742411 0.0593992 0.991798 0.114309 0.0571887 0.993608 0.0877597 0.0710066 0.965524 -0.252772 0.0622018 0.655664 -0.751543 0.0727164 -0.573443 0.777208 -0.259057 0.416864 -0.908306 0.0346938 0.658344 -0.747589 0.087716 -0.073181 -0.99721 0.0147518 -0.42709 -0.903453 -0.0369752 -0.495939 -0.864989 -0.0764108 0.364628 0.927843 0.078444 0.601278 0.781944 0.164401 0.950432 -0.0016235 0.310927 0.949048 -0.00988814 0.314976 0.935369 -0.151191 0.319727 0.0554799 0.998441 0.0062103 0.930257 0.147825 0.335813 0.295595 -0.946766 0.127509 0.622554 -0.743476 0.244273 -0.766826 -0.616036 -0.180218 -0.471462 0.796061 -0.379486 -0.553387 0.713118 -0.430378 -0.344689 -0.936246 -0.0680665 -0.358407 0.891279 -0.277786 -0.790774 -0.537292 -0.293246 0.401942 -0.895458 0.191306 -0.63982 0.458474 -0.616793 -0.478895 0.757575 -0.443553 -0.306136 -0.946854 -0.0987342 -0.420419 -0.898394 -0.127029 -0.43354 -0.83403 -0.34123 -0.419833 -0.842634 -0.337208 -0.0561259 -0.997783 -0.0357704 -0.383632 -0.840486 -0.382636 -0.469628 0.882525 -0.0244732 0.311201 -0.949313 0.0442468 0.236444 0.971528 0.0150688 0.344655 0.934602 0.0879338 -0.495055 0.842249 -0.213397 -0.0421691 0.996665 -0.0698585 -0.12196 -0.992515 0.0063614 0.405946 -0.889932 0.207918 0.00517783 -0.997967 0.0635263 -0.537977 0.641197 -0.547217 -0.268028 0.92379 -0.273447 -0.565216 -0.604284 -0.56158 -0.579634 0.802788 -0.139839 -0.106631 0.993351 -0.043394 0.114435 -0.993332 0.0140232 -0.145864 0.987031 -0.0670269 -0.449137 -0.889001 -0.0891844 -0.112788 -0.993473 0.0170274 -0.069991 -0.99743 0.0153067 0.299497 -0.943049 0.144778 -0.533119 -0.831237 -0.157571 -0.0193791 0.998262 -0.0556505 -0.112647 0.988025 -0.105441 0.0948108 0.994327 0.048222 -0.117047 -0.991904 -0.0492539 -0.0814083 -0.9958 -0.0418946 0.132545 -0.982244 0.132773 -0.136495 -0.983269 -0.120627 0.107169 -0.98889 0.103017 0.170726 0.985192 0.0158074 0.0422222 0.997108 -0.0631902 0.00523431 -0.998034 0.0624605 -0.104879 0.991045 -0.0826448 0.215842 -0.966357 0.139884 0.251274 -0.949574 0.18754 0.491447 0.719121 0.491268 -0.111902 -0.987492 -0.111079 0.663778 0.744537 0.0711622 -0.813393 0.304287 -0.495784 -0.869018 0.0112361 0.494653 -0.985482 0.0226452 0.168264 0.880248 -0.00190231 -0.474511 0.181399 0.963811 0.195352 0.0582225 0.995297 0.0774264 0.0752976 0.993344 0.0871698 0.0899658 0.988097 0.124782 0.252678 0.903694 0.345675 -0.44206 0.692554 -0.570046 0.106666 0.963509 0.245506 -0.0984944 0.990409 -0.0968975 0.0506443 0.980501 0.189878 -0.656342 -0.118515 -0.745097 0.237115 -0.934567 0.265257 -0.562056 -0.407641 -0.719668 -0.039328 -0.9971 -0.0651469 0.241114 -0.937086 0.252455 -0.292447 0.868354 -0.400546 0.113758 0.85943 0.498437 -0.0264455 0.938851 0.343306 0.291096 -0.880131 0.37501 -0.0819275 0.930082 0.358098 -0.213642 0.967763 -0.133387 -0.508819 -0.206854 -0.835652 -0.109785 0.723499 0.68154 -0.329632 -0.296997 -0.896178 -0.369772 0.496778 0.785162 -0.784181 0.0720395 0.616336 -0.197411 0.961413 -0.191607 -0.15687 0.967832 -0.196705 -0.683205 0.127661 -0.718981 -0.136302 0.981359 -0.135483 0.0514514 0.969833 0.238279 -0.547661 -0.500466 -0.670523 -0.569847 -0.0342576 -0.821037 0.104259 -0.99175 0.074586 -0.188735 0.976141 -0.10737 -0.178575 -0.707791 -0.683478 0.175933 -0.983954 0.0296904 0.173246 -0.0541621 -0.983388 -0.00487915 0.999723 -0.0230423 -0.416095 0.810369 -0.412513 -0.635531 0.352135 -0.687096 -0.25066 0.92359 -0.290089 0.04865 0.993261 0.105197 -0.330142 -0.876565 -0.350201 -0.646014 -0.039939 -0.76228 -0.480106 -0.688576 -0.543471 -0.275445 0.883411 -0.379098 -0.134644 0.983021 -0.124658 -0.0424458 0.983769 0.174345 -0.195372 -0.955268 -0.222021 -0.263441 0.859703 0.437617 -0.261336 0.859379 0.439512 -0.287815 -0.585024 -0.758228 0.191289 -0.881715 -0.431262 -0.95591 0.183537 -0.229239 -0.630585 0.475045 -0.613755 -0.686357 -0.0990165 -0.720492 -0.697198 -0.0301816 -0.716243 -0.292915 -0.882055 -0.369026 0.0460769 -0.849704 -0.525243 0.936838 -0.2263 -0.266689 -0.482336 0.70323 -0.522321 -0.626688 -0.436695 -0.645414 -0.631912 -0.38954 -0.670035 -0.536096 -0.464664 -0.704761 -0.485968 -0.677128 -0.552569 -0.451313 -0.712775 -0.536906 -0.346878 0.890354 0.294865 -0.472167 0.865218 0.168692 -0.44627 0.865717 0.226666 -0.0596701 -0.91808 -0.391878 0.245157 -0.969463 0.00632176 0.290095 -0.824331 -0.486131 -0.981766 0.17825 0.0660551 -0.975448 0.201299 0.0893304 0.987512 -0.125186 -0.0956443 -0.0719122 0.0349331 0.996799 -0.38082 0.360798 -0.851352 -0.534817 0.318082 -0.782812 -0.415799 0.287934 -0.862673 0.690007 0.14167 0.709803 0.692313 0.166761 0.702064 0.616607 0.140496 0.774633 0.623038 0.179159 0.761397 0.526297 0.209434 0.824105 0.677566 -0.153144 0.719341 -0.123302 -0.960936 -0.247788 0.63104 -0.150537 0.761004 -0.252441 0.967595 0.00575397 -0.0123795 0.152101 0.988287 0.0115556 0.142061 0.98979 -0.175795 -0.870208 -0.460254 -0.409381 0.788187 -0.459531 0.157516 -0.971625 0.176449 0.540055 -0.0320463 0.84102 -0.159899 0.0899261 -0.983029 -0.815599 0.32958 -0.475578 -0.185839 0.0934041 -0.978131 0.30386 -0.0728284 0.949929 0.315964 -0.0659815 0.946474 0.564841 -0.609603 -0.556182 -0.190087 0.0802708 -0.97848 0.288738 -0.205041 0.935194 0.365899 -0.107891 0.92438 0.265939 -0.0990078 0.958892 0.609037 0.500449 0.615325 0.548254 0.487399 0.679603 0.523179 0.351576 0.776323 0.452447 0.0495905 0.890411 0.389309 0.0807194 0.917564 0.547857 -0.530011 0.647257 0.576562 -0.292688 0.76283 -0.0118168 -0.999259 -0.0366232 0.0290076 0.999564 0.00554715 0.0785446 0.305622 0.948908 -0.393734 0.791228 -0.467902 0.579673 -0.0263211 0.814424 0.51029 -0.391577 0.765684 -0.164213 0.31179 0.935853 -0.289013 0.957304 -0.0064254 0.122516 -0.991065 -0.0527214 -0.441341 0.833307 -0.332893 -0.360146 0.849162 -0.386288 -0.369552 0.136835 -0.91908 -0.233034 0.600046 0.765271 0.442358 -0.501288 0.74366 0.559077 -0.110739 0.821687 -0.497657 0.643328 0.581779 -0.501742 0.859662 -0.0961054 -0.411414 0.548573 -0.727877 -0.513928 0.654336 0.554728 -0.390705 0.293908 0.872335 -0.477666 0.375505 0.794249 0.477716 -0.114099 0.871073 -0.68636 0.726186 0.0395349 -0.65662 0.710197 -0.253912 -0.677362 0.619552 0.396656 -0.550448 0.663549 -0.506665 -0.154826 -0.178499 -0.971683 -0.715836 0.418542 0.558928 -0.713241 0.640499 0.284692 -0.685333 0.694368 -0.219481 -0.291814 0.235736 -0.92697 -0.434129 0.500957 -0.748715 -0.0368152 0.00332624 0.999317 -0.15354 -0.180021 -0.971606 -0.420635 0.144014 0.895727 -0.348887 0.163042 0.922873 0.357033 -0.918188 0.171632 -0.771587 0.360282 0.524263 -0.514751 0.560544 -0.648708 -0.740687 0.612969 -0.275049 0.346537 -0.113668 0.931124 -0.89675 0.437818 0.064462 -0.880687 0.470686 0.0533451 -0.709802 0.468953 -0.525608 0.371751 -0.529053 0.762826 -0.659019 0.458936 -0.595879 -0.780479 0.217379 0.586173 -0.774502 0.209812 0.596762 -0.924936 0.380118 0.00172301 0.393049 -0.833603 0.388095 0.651436 -0.758581 0.0136542 0.813769 -0.556794 -0.166614 -0.605007 0.21204 -0.767467 0.413615 -0.850229 0.325627 0.443157 -0.479333 0.75753 -0.387921 0.080192 -0.918197 0.541871 -0.675463 0.500125 0.894762 -0.223326 0.386686 0.69941 -0.246506 0.670865 0.52149 0.664294 0.535502 0.600603 0.151414 0.785079 0.44324 0.536278 0.718292 0.446525 0.267309 0.853909 0.397958 0.567086 0.721141 0.422545 0.348003 0.836869 0.476982 -0.737637 0.47789 0.221732 0.350254 0.910031 -0.537765 -0.332301 -0.774846 -0.392631 -0.629937 -0.67009 -0.228063 -0.901396 -0.368067 0.0676387 0.357126 0.931604 -0.389493 0.53089 -0.75263 0.371144 -0.796854 0.476734 0.331661 -0.820737 0.46518 0.397209 -0.303849 0.865968 0.298451 -0.246026 -0.92217 0.0726103 -0.173742 -0.982111 -0.131677 -0.0249985 0.990977 0.287754 -0.201037 0.936366 0.62319 0.426545 0.655511 0.647834 0.187037 0.738463 0.609895 0.421213 0.671273 0.284997 0.906287 0.312123 0.564575 0.512693 0.646839 0.276016 0.89614 0.34749 0.545419 0.338947 0.766572 0.416115 0.706685 0.572227 -0.584942 0.416223 -0.696133 -0.566902 0.285023 -0.772906 0.283323 0.747025 0.601399 0.302298 0.733798 0.608406 -0.40806 0.643434 -0.647672 -0.604487 0.178179 -0.776433 0.309798 0.380026 0.871554 -0.45005 0.560111 -0.695508 -0.495658 0.151494 -0.855203 0.202175 0.663378 0.720455 0.576473 -0.506193 0.641442 0.655614 -0.156936 0.738608 -0.484383 0.104121 -0.868638 -0.415146 0.459324 -0.785287 0.454756 -0.643329 0.615894 0.602789 -0.290362 0.743192 -0.423157 0.276406 -0.862866 0.449771 -0.316274 0.835271 -0.408381 0.0333213 0.912203 -0.989344 0.0400425 0.139984 -0.754661 0.108818 -0.647029 0.87834 -0.174321 0.445119 0.655142 0.158806 0.738627 0.501145 0.662061 0.55725 0.437044 0.742721 0.507305 0.530937 0.506947 0.679051 0.433179 0.688856 0.581235 -0.0913239 0.990916 -0.0987141 0.283875 0.817939 0.500391 0.180443 0.858689 0.479681 0.312682 0.444275 0.839554 0.259365 0.592275 0.76285 0.611791 -0.460106 0.64344 0.577281 -0.492702 0.651146 0.401064 -0.787401 0.468131 0.656687 -0.153792 0.738316 0.0621771 0.67912 0.731389 -0.301192 -0.603816 -0.738031 0.152406 0.431408 0.889191 -0.372487 0.706703 -0.601519 0.524864 -0.443127 0.726744 0.450478 -0.51057 0.732386 -0.104217 -0.529483 -0.841895 -0.729442 0.215986 -0.649049 -0.911465 0.0515655 -0.408133 0.725447 -0.161361 -0.669096 0.349115 0.867528 0.354279 0.195933 0.958944 0.205027 -0.423109 0.806761 -0.412451 0.364774 0.832039 0.417912 0.271892 0.891661 0.361961 0.403154 0.697986 0.591846 0.217735 0.902182 0.37237 -0.479534 0.637467 -0.603062 0.460408 -0.73225 0.501831 0.122039 -0.979064 0.162914 -0.41193 0.625737 -0.662395 0.46152 -0.679172 0.570723 0.400995 -0.788676 0.46604 -0.0820074 0.929374 0.359915 -0.284218 0.900068 -0.3303 0.0643619 0.691615 0.719393 0.342766 -0.765838 0.544062 -0.0896725 0.52998 0.843255 -0.321016 -0.312413 -0.894062 0.396532 -0.616738 0.679998 0.333477 -0.822743 0.460312 -0.0590695 -0.558102 -0.827667 0.308436 -0.853408 0.420192 0.638168 -0.121077 0.760317 -0.125121 -0.0594963 0.990356 -0.547866 -0.0112285 0.836491 -0.539179 -0.0653221 0.839654 -0.825671 -0.149193 0.544066 -0.834498 -0.330922 0.440572 -0.897602 -0.261834 0.354618 -0.960257 -0.26565 0.0856519 0.934131 0.311381 0.174473 0.899018 0.394858 0.18935 0.820673 0.519421 0.238112 0.855243 -0.00286533 0.51822 0.614003 0.281377 0.737446 0.413751 0.352253 0.839481 0.348502 0.593736 0.725275 0.492626 0.870169 0.0111907 0.250086 -0.156644 0.955468 0.736953 -0.0186254 0.675687 0.171735 -0.163792 0.971432 -0.319701 -0.171389 0.931889 0.301413 -0.240878 0.922566 0.307898 -0.180182 0.934202 0.699498 -0.148847 0.698961 -0.664561 -0.191493 0.722281 -0.142463 -0.338191 0.930232 -0.30999 -0.268563 0.91202 0.434439 -0.304157 0.847792 -0.576861 -0.317521 0.752603 -0.58869 -0.339273 0.733715 0.864178 -0.0632868 0.49919 0.754434 -0.152387 0.638441 0.402223 -0.354648 0.844063 0.963846 0.232406 0.130337 0.271316 -0.422698 0.864704 -0.915536 -0.249393 0.31559 -0.985291 -0.0941556 0.142605 -0.937724 -0.0215975 -0.34671 -0.945673 0.0235602 -0.324263 0.935389 0.335362 0.112159 0.912113 0.385645 0.139029 0.571402 -0.418473 0.70596 0.976428 0.208124 -0.0572153 0.903994 0.0922496 0.417474 0.597252 -0.487517 0.636881 0.519325 -0.569271 0.637363 0.897004 0.3442 0.277328 0.757914 0.346893 0.552478 0.589516 0.349632 0.728168 0.383517 0.458167 0.801872 0.3256 0.411454 0.851288 0.441335 0.690915 0.57259 0.348407 0.549227 0.759581 0.218771 0.326138 0.919659 0.292432 0.500293 0.814979 -0.411443 -0.720047 -0.558792 -0.401662 -0.674978 -0.618928 -0.424212 -0.728079 -0.538466 0.0858937 0.195494 -0.976936 0.459247 0.811017 0.362414 0.467088 0.818957 0.333374 0.939531 -0.00324025 0.342449 0.951288 -0.00902961 0.308172 0.94342 0.179126 0.279055 -0.976102 -0.0901844 -0.197718 -0.77729 -0.42974 0.459504 0.791555 -0.171098 0.586657 0.913827 0.0422285 0.403903 0.917343 0.0616747 0.393291 0.811417 -0.153417 0.563973 -0.823081 -0.504893 0.26004 -0.513785 0.199137 -0.834488 -0.812268 -0.531614 0.240015 0.0582759 0.642854 -0.763768 -0.812884 -0.563728 0.146389 -0.0321839 0.652429 -0.757166 0.6867 -0.388939 0.614142 0.45725 0.669253 -0.585682 -0.601115 0.414924 -0.683007 0.804941 -0.195118 0.560356 0.90445 0.114694 0.410871 0.0483507 0.727418 -0.684489 0.00912342 0.725199 -0.688479 0.355911 0.768264 -0.532069 -0.874413 0.0667914 -0.480563 -0.783909 0.244706 -0.570619 0.914451 0.33588 0.225754 0.214033 0.867733 -0.448585 0.258886 0.874529 -0.410094 -0.303196 0.73148 -0.610745 0.6868 0.0304725 0.726207 -0.550556 -0.834629 0.0167897 -0.502095 -0.8647 -0.0139362 -0.455898 -0.888133 -0.0581047 -0.569619 -0.72955 -0.378538 -0.232666 0.808202 -0.540996 -0.554619 -0.754466 -0.350968 -0.374507 -0.92551 -0.0563467 0.0412762 0.91917 -0.391692 -0.41275 -0.910159 -0.0353346 -0.136722 0.817839 -0.558969 -0.474561 -0.812001 -0.339775 -0.474685 -0.80039 -0.366128 -0.152526 0.724726 -0.671943 -0.36046 0.385758 -0.84927 0.187849 0.929741 -0.316694 -0.460352 -0.61805 -0.637252 -0.453653 -0.825988 -0.334579 -0.415062 -0.909702 -0.0129188 -0.448232 -0.811678 -0.374523 0.351409 0.560043 0.750242 0.262667 0.388218 0.883342 -0.422442 -0.903034 -0.0779192 -0.201698 0.33747 -0.919474 -0.0248695 0.729183 -0.683866 -0.0181859 0.727827 -0.68552 -0.432693 -0.897483 -0.0854453 0.178293 0.816875 -0.548568 0.169632 0.82835 -0.533911 0.0272061 0.504882 -0.86276 -0.445559 -0.820631 -0.357829 0.264955 0.792073 -0.549927 0.228338 0.712219 -0.663781 0.0563619 0.419602 -0.905957 0.363666 0.833349 -0.416265 0.422588 0.709977 0.563341 0.352475 0.743459 -0.568358 -0.184278 -0.307336 -0.933588 0.00255031 0.0045082 -0.999987 0.409225 0.709476 0.573741 0.415217 0.729288 0.543814 0.852249 0.0102859 0.523035 -0.974748 -0.100947 -0.19919 -0.840294 0.0204427 -0.541746 0.615911 -0.350008 0.705796 -0.658832 -0.558803 0.503665 -0.926299 -0.36194 0.104737 0.378383 0.465735 -0.799948 -0.934066 -0.347802 0.0809587 -0.965332 -0.104304 -0.239281 -0.705755 -0.621424 0.340208 -0.925866 -0.0883901 -0.367369 -0.952892 -0.213196 -0.215741 0.60884 -0.411497 0.678222 -0.897509 -0.437469 0.0556591 0.77418 -0.232595 0.58868 -0.0626227 0.474451 -0.878052 0.913568 0.120528 0.388415 0.78885 0.239954 -0.565807 -0.839107 0.0893482 -0.536578 -0.521009 0.373138 -0.76767 0.391804 0.454468 -0.799968 -0.900114 -0.4345 0.0316962 0.878392 0.394494 -0.269817 0.769912 -0.23659 0.592672 -0.933828 -0.330219 -0.137556 0.444329 -0.557872 0.700963 0.554587 -0.472432 0.685012 0.842815 -0.122977 0.523964 -0.933679 -0.32885 -0.141781 0.809285 0.52555 -0.262403 -0.930671 -0.13763 -0.338982 0.787682 0.530489 -0.31327 -0.33193 0.5617 -0.757836 0.741731 0.628277 -0.23474 -0.484318 0.507549 -0.712622 0.148942 -0.807059 0.571377 -0.926012 -0.287135 -0.245061 0.781594 0.591768 -0.197287 0.745045 -0.381183 0.547364 -0.906605 -0.125622 -0.402848 0.305178 -0.761659 0.571614 -0.521221 0.535314 -0.664657 -0.817653 -0.55334 -0.158929 -0.422909 0.650434 -0.630938 0.720805 0.67662 -0.150418 -0.784929 -0.571971 -0.238193 0.474469 0.817668 -0.326034 0.552471 0.802069 -0.226851 -0.568085 -0.821953 -0.0408902 -0.864216 -0.162455 -0.476172 0.619281 -0.261563 0.740321 -0.492427 -0.866681 -0.0798756 0.795558 0.604768 0.0366409 -0.747588 0.271956 -0.605931 -0.820122 0.00567965 -0.572161 -0.272939 -0.950938 0.145676 0.718627 0.695312 0.0107988 0.768246 0.626229 0.132799 -0.634982 -0.69378 -0.339804 -0.800384 -0.432037 -0.415608 -0.645188 0.40735 -0.646373 -0.782756 -0.383983 -0.489745 -0.654639 -0.665277 -0.358963 -0.774062 -0.0173691 -0.632872 -0.773616 -0.142863 -0.61734 0.0627708 0.921536 -0.383187 0.384923 0.919101 -0.084189 -0.279597 -0.947427 0.155588 -0.686949 -0.476736 -0.548474 -0.707801 0.15358 -0.689515 -0.45604 -0.88056 -0.129004 -0.689396 -0.19121 -0.698693 0.799011 0.584572 0.140918 -0.456508 0.549305 -0.699903 -0.615907 0.118489 -0.778858 -0.619665 0.0866193 -0.780072 -0.608582 -0.555919 -0.5662 0.70365 0.542033 0.459432 -0.383417 -0.923572 -0.00237437 -0.604235 -0.263991 -0.751804 -0.531123 0.050035 -0.845816 -0.535939 -0.603055 -0.590841 -0.539566 -0.120932 -0.833213 -0.563369 -0.204983 -0.800373 0.291435 0.949417 -0.116931 -0.144867 0.814532 -0.561739 0.0348825 0.914719 -0.402583 -0.519799 -0.441287 -0.731488 0.305681 0.30861 0.900732 -0.444568 -0.0765803 -0.892466 -0.421315 -0.169432 -0.890947 -0.0284068 0.755349 -0.654706 -0.449584 -0.344946 -0.823946 0.557896 0.699691 0.446302 0.376713 0.926265 -0.0109548 -0.443131 -0.523752 -0.727543 -0.434685 -0.390304 -0.811611 -0.214646 0.232414 -0.948636 -0.43355 -0.892098 0.12726 -0.320115 -0.228143 -0.919498 -0.273963 -0.0568602 -0.960058 -0.385613 -0.517244 -0.764042 -0.399368 -0.61109 -0.683428 -0.395742 -0.620016 -0.677472 -0.459237 -0.883004 0.0969794 0.452886 0.806506 0.380055 0.0226184 0.540145 -0.841268 -0.399569 -0.676364 -0.61877 0.373527 0.924857 -0.0715365 -0.47335 -0.880317 0.0313316 0.475513 0.623063 0.621031 0.255719 0.839694 -0.479085 0.394174 0.917449 -0.0539782 -0.297391 -0.414669 -0.860005 -0.213948 -0.279713 -0.935942 -0.321741 -0.526025 -0.787261 -0.479741 -0.831343 -0.280565 0.239833 0.670731 -0.701855 0.442217 0.799946 0.405622 0.433992 0.893121 0.118259 0.331173 0.760075 -0.559115 0.0200768 0.18987 -0.981604 -0.0902886 -0.0704029 -0.993424 0.109996 0.347865 -0.931069 -0.305305 -0.514014 -0.80161 0.443849 0.89147 -0.090994 0.456847 0.877567 0.14549 -0.0875754 -0.122839 -0.988555 0.44204 0.855439 -0.269862 0.411525 0.811896 -0.414092 0.257264 0.500174 -0.826826 0.269243 0.506892 -0.818883 0.455565 0.799197 -0.392103 0.462165 0.883128 0.080548 0.486289 0.870566 0.0750838 0.396756 0.702771 -0.590506 0.466779 0.865314 -0.182615 0.558146 -0.339801 0.756974 -0.684306 -0.490789 0.539307 0.543984 -0.37615 0.750062 -0.550039 0.206012 -0.809331 0.169485 -0.0497628 -0.984276 -0.557098 -0.613595 0.559592 -0.813045 0.104392 -0.572765 -0.924151 -0.0512058 -0.378581 0.912571 0.0539804 0.405339 -0.95065 -0.310073 -0.0109466 -0.94994 -0.310203 -0.0372547 0.107632 0.302689 -0.946992 -0.609478 -0.648403 0.456191 -0.48561 0.400718 -0.776923 -0.585087 -0.716573 0.379732 0.519989 0.592454 -0.615313 0.129147 -0.722495 0.679207 0.0410712 -0.742891 0.668152 0.438542 0.664364 -0.605229 -0.203783 -0.810784 0.548728 0.349183 -0.670648 0.654449 0.0676747 -0.776574 0.626381 0.297745 -0.679207 0.670839 0.174679 -0.726103 0.665028 -0.281864 -0.832802 0.476438 -0.599599 -0.754035 0.268167 -0.674616 0.309642 -0.670086 0.30474 0.744604 -0.593884 -0.929359 -0.13821 -0.34233 0.843016 -0.142365 0.518706 0.592113 0.676998 -0.437123 -0.922486 -0.304332 -0.237492 -0.839991 0.110926 -0.531141 0.582265 0.744532 -0.326556 -0.887505 -0.425444 -0.177011 0.348411 0.769855 -0.534728 -0.853892 0.0659298 -0.516257 -0.069969 0.784894 -0.615668 0.179455 0.808432 -0.560566 0.478911 0.815546 -0.324851 -0.0549191 0.793316 -0.606328 -0.83231 -0.52648 -0.173435 0.813612 0.573791 -0.0938031 -0.900236 -0.132719 -0.414682 -0.814871 -0.531045 -0.232328 -0.815115 -0.556413 -0.16122 -0.777051 0.268037 -0.569516 -0.884232 -0.087283 -0.458819 -0.203986 0.804847 -0.557325 -0.771846 -0.548709 -0.321204 -0.871732 -0.17057 -0.459336 0.507949 0.853015 -0.119802 -0.696816 -0.663218 -0.273109 0.424046 0.877425 -0.2243 -0.578679 0.499153 -0.644963 -0.69889 -0.543838 -0.464535 -0.482626 0.582142 -0.654357 -0.692214 -0.161852 -0.70331 0.379879 0.920388 -0.0926217 -0.583081 -0.614141 -0.531834 -0.432116 0.56366 -0.703962 0.258045 -0.168552 0.951317 0.615345 0.779945 0.114172 -0.373287 0.452516 -0.809868 0.257933 -0.0257234 0.96582 -0.363054 0.45488 -0.813188 -0.49909 -0.686223 -0.529157 -0.299609 0.378988 -0.875559 -0.345236 -0.867728 0.357575 -0.385951 -0.917982 0.0913827 -0.445561 -0.786502 -0.427656 -0.443054 -0.680215 -0.583962 0.559632 0.673095 0.483482 -0.287986 0.0124038 -0.957554 -0.00579627 -0.100078 0.994963 -0.091617 0.500065 -0.861128 0.0780954 0.0193106 0.996759 -0.354368 -0.84708 0.396079 -0.109287 -0.211166 0.971321 -0.156933 0.0890805 -0.983584 0.0686536 0.0896323 0.993606 -0.310607 -0.325967 -0.892899 -0.301359 -0.319125 -0.898522 -0.19854 -0.119412 -0.972791 -0.00150755 0.596997 -0.802242 -0.291395 -0.412882 -0.862912 -0.474817 -0.845814 -0.243203 0.0373783 0.361247 -0.931721 -0.0411686 0.203116 -0.978289 -0.157562 -0.0877716 -0.983601 -0.157446 -0.155932 -0.975139 -0.0457976 0.14009 -0.989079 0.389459 0.911824 -0.129992 0.444475 0.790953 0.420518 0.210749 0.600594 -0.771279 -0.498399 -0.865675 0.046963 0.360121 0.843675 -0.398153 0.396559 0.903539 -0.162356 -0.00433658 0.0936219 -0.995598 0.210708 0.553966 -0.805434 -0.197368 -0.325782 -0.924614 0.287533 0.611751 -0.736944 0.332312 0.682224 -0.65126 0.0836559 0.16462 -0.982803 0.454147 0.819685 0.349095 0.431597 0.870972 -0.234801 -0.534768 -0.0247728 -0.844635 -0.4424 -0.703282 0.556486 -0.704317 -0.632949 0.321424 -0.410461 -0.74061 0.531996 0.313845 -0.614771 0.723573 -0.383286 0.440416 -0.811866 -0.926372 -0.0892391 -0.365884 -0.815526 0.136642 -0.562358 -0.198536 -0.797678 0.569468 -0.731545 -0.649246 0.20814 -0.810711 -0.57041 0.131831 -0.51231 -0.777849 0.36399 -0.734825 -0.656082 0.172012 -0.834091 -0.551627 -0.000287985 -0.86643 -0.497567 -0.04154 -0.28398 -0.827441 0.484456 -0.0269592 -0.835112 0.549419 -0.0188387 -0.837955 0.545414 -0.423385 -0.840869 0.337172 -0.421163 0.577232 -0.699589 -0.707558 0.330973 -0.624355 -0.917424 -0.307687 -0.252315 0.173924 -0.809256 0.56112 0.287435 -0.763063 0.578892 -0.158303 -0.895508 0.41594 -0.717561 0.308942 -0.624229 0.852945 0.119696 0.508092 0.0242494 -0.8985 0.438303 -0.543654 0.578294 -0.608289 0.057579 0.919391 -0.389107 -0.0239596 -0.827234 0.561346 -0.278177 0.784317 -0.554495 -0.637693 0.196161 -0.744895 0.112312 0.0052621 0.993659 -0.294007 0.336408 -0.894645 0.189606 0.939311 -0.285911 0.2713 0.923977 -0.26956 -0.0839142 -0.325778 0.941715 -0.429442 -0.858449 0.280436 -0.101856 -0.189638 0.976557 -0.0257679 0.343795 -0.938691 -0.15471 0.0876119 -0.984068 -0.434345 -0.831304 0.346812 -0.284113 -0.539489 0.79261 0.114943 0.363793 -0.924361 0.167217 0.365369 -0.915721 0.396961 0.705327 -0.587313 0.450765 0.821916 -0.348231 -0.41524 -0.629452 0.656785 0.294781 -0.590748 0.75108 -0.585754 -0.717524 0.376898 -0.503377 -0.760511 0.410164 -0.88425 -0.465482 -0.0377882 -0.923792 -0.361404 -0.126476 -0.599823 -0.76075 0.247934 0.663336 -0.413282 0.623846 0.519369 -0.569206 0.637386 -0.427304 -0.837645 0.340237 -0.204514 -0.877404 0.433978 -0.224964 -0.935671 0.271865 -0.532878 -0.841605 0.0879931 0.0880959 -0.87278 0.480098 -0.269122 -0.909777 0.316036 0.101768 -0.0725235 0.992161 -0.0968832 -0.339117 0.935742 -0.288739 -0.745669 0.600507 -0.368218 -0.649436 0.665319 -0.358389 -0.642068 0.677722 -0.415337 -0.823673 0.38608 -0.483142 -0.447105 0.752776 -0.504403 -0.49514 0.707399 -0.214755 -0.677221 0.703742 -0.263345 -0.786927 0.558027 -0.747737 -0.661289 0.0598914 -0.81688 -0.576774 -0.00627346 -0.571066 -0.805231 0.159647 -0.713893 -0.698622 0.0478003 0.777281 -0.14701 0.611737 0.546139 -0.559744 0.623233 0.374225 -0.721053 0.583128 0.548083 -0.347942 0.760619 -0.240328 -0.942279 0.233138 0.0574265 -0.882565 0.466671 0.400661 -0.631016 0.664296 0.262722 -0.736699 0.623098 -0.222504 -0.947102 0.231279 0.481962 0.00742653 0.876161 0.0499546 -0.495421 0.867215 -0.135474 -0.94444 0.299467 -0.259033 -0.890663 0.373659 -0.219033 -0.801563 0.556346 -0.127169 -0.481542 0.867148 -0.356576 -0.774035 0.523185 -0.28362 -0.670092 0.685956 -0.323401 -0.565105 0.758991 0.186976 -0.530199 0.827 -0.0371891 -0.582827 0.811745 0.285926 -0.531253 0.797507 0.249237 -0.573187 0.780601 -0.19403 -0.696913 0.690409 0.302648 -0.583641 0.753503 -0.0453745 -0.72218 0.690215 0.0146302 -0.880242 0.474299 -0.463422 -0.873493 0.149167 -0.46 -0.8686 0.18421 0.649881 -0.447297 0.614475 0.198517 -0.655879 0.728295 0.0970992 -0.708527 0.698971 0.00406968 -0.500368 0.865803 -0.201976 -0.748168 0.632021 0.00983318 -0.473261 0.880867 -0.118378 -0.634189 0.764062 -0.091788 -0.726092 0.681443 -0.255769 -0.759737 0.597814 0.479772 -0.0139087 0.877283 -0.035134 -0.720095 0.692986 -0.12399 -0.370873 0.920369 -0.0367408 -0.394314 0.918241 -0.00463845 -0.439486 0.898238 -0.166289 -0.552229 0.816941 0.0500231 -0.893755 0.445757 0.217773 0.780287 0.586282 -0.489417 -0.869824 -0.0622678 0.489637 0.871748 0.0176359 0.49666 0.865812 0.0608147 0.44168 0.739923 -0.507378 0.517662 0.830013 -0.207615 0.454146 0.866171 0.208564 0.345103 0.841971 0.414715 0.444564 0.87905 0.172144 0.550662 0.619942 -0.558966 0.418632 0.877134 0.235334 0.351483 0.860419 0.36897 0.435046 0.881044 0.185732 0.493301 0.868898 0.0408738 -0.46822 -0.874567 -0.126105 -0.558332 -0.794608 0.238461 -0.57786 -0.645863 0.498937 0.415476 0.729505 0.543324 0.387913 0.624935 0.67748 0.267721 0.709213 0.652183 0.504357 0.851302 -0.144596 0.373765 0.777061 0.506435 0.47191 0.7599 -0.447048 -0.492976 -0.869725 -0.0235079 0.276582 0.81366 0.511332 0.496228 0.706491 -0.504606 -0.423764 -0.738499 -0.524445 0.513337 0.855898 -0.0626471 -0.459601 -0.814164 -0.35483 0.535768 0.784605 -0.312006 0.511048 0.847607 -0.142803 0.445169 0.866834 0.224554 -0.484599 -0.851104 0.201954 0.527396 0.732959 -0.429681 -0.498961 -0.865899 -0.0354453 0.257603 0.786832 0.560834 -0.442371 -0.719951 0.53477 0.511521 0.539081 -0.669132 -0.444237 -0.839553 -0.312735 -0.319388 -0.676912 -0.663161 0.511509 0.857101 -0.0611249 0.343773 0.858641 0.380206 0.534371 0.561255 -0.632013 -0.442352 -0.824255 -0.353451 0.540702 0.826655 -0.155828 0.555994 0.777487 -0.293915 -0.496472 -0.827004 0.263779 0.574984 0.716534 -0.394933 0.568737 0.645069 -0.510318 -0.494358 -0.865464 -0.0811321 -0.374347 -0.8323 -0.408828 -0.370121 -0.459114 0.807604 -0.368166 -0.846155 -0.385325 -0.236342 -0.779363 -0.580289 -0.393093 -0.866387 -0.307981 -0.501833 -0.451277 0.737912 -0.554886 -0.811019 0.185335 -0.393677 -0.0406065 0.918352 -0.130304 0.417086 0.899478 0.466061 0.81939 0.333748 0.357174 0.541879 -0.760785 -0.334001 -0.637909 -0.693913 0.395651 0.520456 -0.756694 0.466317 0.614388 -0.636456 -0.462599 -0.784187 0.413585 -0.00305616 0.0177968 0.999837 0.229684 0.376772 0.897378 0.271629 0.502287 0.82093 -0.261614 -0.661162 -0.703152 0.00279656 0.0311294 0.999511 -0.190797 -0.272337 0.943096 0.153528 0.247773 0.956576 -0.261978 -0.683292 -0.681527 -0.472042 -0.671207 0.571539 0.113544 0.388086 0.914602 -0.46763 -0.812315 0.348519 -0.151873 -0.692845 -0.704911 -0.366677 -0.535284 0.760933 -0.115833 -0.0273581 0.992892 -0.146582 -0.688488 -0.71028 0.347033 0.594543 0.725319 -0.0272146 0.0101257 0.999578 -0.557427 -0.677549 0.479794 -0.499441 -0.3758 0.780598 -0.556167 -0.67546 0.484182 -0.300874 -0.00544395 0.953648 -0.536884 -0.401234 0.742137 -0.575457 -0.659335 0.483865 0.0840634 0.629013 0.772836 -0.537183 -0.413079 0.735391 0.481975 0.824338 -0.296928 0.482866 0.832148 0.272707 0.341167 0.557324 -0.756965 0.350376 0.53627 -0.767887 -0.306435 -0.572792 -0.760268 -0.365104 -0.666521 0.649961 -0.276315 -0.479415 0.832953 0.527078 0.393399 -0.753277 0.586349 0.727024 -0.357254 -0.522017 -0.834365 0.177014 -0.279655 0.132862 0.950863 -0.0268819 0.089052 0.995664 0.104909 0.379865 0.919074 0.0963339 0.636373 0.765342 -0.133565 0.282415 0.949949 0.0776638 0.679316 0.729725 0.474974 0.849349 -0.23023 0.36454 0.375969 -0.851914 -0.193757 -0.411655 -0.890505 0.409939 0.320453 -0.853967 -0.112401 -0.469956 -0.875504 0.412135 0.321623 -0.852469 0.212368 0.280126 -0.936178 0.185172 0.259993 -0.947689 -0.144673 -0.298907 -0.943252 -0.109029 -0.46167 -0.880326 0.449037 0.244704 -0.859352 -0.0439916 -0.547529 -0.83563 0.436961 0.743922 -0.505613 0.393996 0.703147 -0.591905 0.210376 0.146314 -0.96661 0.13922 0.0978073 -0.985419 0.402372 0.097622 -0.910256 0.0844491 -0.424397 -0.901529 0.0919781 -0.425671 -0.900191 0.26738 0.482532 -0.834069 -0.321357 -0.559572 -0.763943 -0.0407218 -0.138443 -0.989533 0.0404443 -0.250819 -0.967189 0.246345 0.0149554 -0.969067 0.529443 0.39445 -0.751065 0.0579156 -0.507554 -0.859671 -0.0892636 -0.664773 -0.741693 0.193438 0.329401 -0.924163 0.00657292 -0.00518896 -0.999965 0.0623257 -0.0831845 -0.994583 0.18661 -0.160943 -0.969162 0.331833 -0.0211975 -0.9431 0.214536 -0.119908 -0.969328 0.578861 0.531449 -0.618451 0.268907 -0.22597 -0.936283 -0.544863 -2.68812e-05 0.838525 0.486106 0.820684 0.300297 -0.492509 0.162847 0.854936 -0.544673 -4.10608e-05 0.838649 -0.544591 -7.89669e-06 0.838702 -0.544536 5.68141e-05 0.838737 -0.544854 -0.000135836 0.838531 -0.545363 -0.0011343 0.838199 -0.54482 -0.000103635 0.838553 0.500502 0.865332 0.0264206 0.517816 0.855037 0.0279109 0.657029 0.749663 0.0794882 0.52064 0.834279 0.18142 0.61074 0.75643 -0.234117 0.634376 0.770844 -0.0580303 0.647484 0.759358 -0.0643468 -0.645452 -0.745933 -0.16424 0.646964 0.762482 -0.00767624 0.555092 0.798118 0.234264 -0.568319 -0.791737 -0.223976 0.516045 0.80241 0.299726 0.698052 0.699998 0.150754 0.652322 0.727485 0.2127 0.702423 0.685546 0.191385 0.708748 0.662369 0.242783 0.790169 0.531094 0.305894 0.762418 0.536138 0.362318 0.471401 0.86499 0.171969 0.53898 0.840014 0.0622681 -0.610442 -0.779552 0.140211 -0.438491 -0.870993 -0.221579 0.567352 0.807558 -0.161125 -0.236905 -0.845731 -0.478137 0.177464 0.919052 0.351922 -0.648515 -0.760297 0.0371025 -0.647045 -0.759567 -0.0662601 -0.632445 -0.770999 -0.0746535 -0.60236 -0.780289 -0.168258 -0.459011 -0.862626 -0.212568 -0.613182 -0.767285 -0.187834 0.781106 0.611528 -0.126125 0.772065 0.620898 -0.135651 -0.599961 -0.77748 -0.188606 -0.460354 -0.857385 -0.230144 -0.798955 -0.568287 -0.196775 0.872 0.464755 0.153685 0.880164 0.415349 0.229776 0.888804 -0.044325 0.456139 0.351178 0.860084 0.37004 0.389077 0.8706 0.301121 -0.415184 -0.866981 -0.275621 0.0863736 0.863067 0.497649 -0.697642 -0.672271 0.247684 -0.0599028 -0.734932 -0.67549 0.465284 0.860388 0.207952 0.0619103 0.851419 0.52082 0.457372 0.865269 0.205233 -0.0411564 0.917616 0.395333 -0.612705 -0.781708 0.1163 -0.148557 -0.809735 -0.567679 -0.761385 -0.624044 0.175678 -0.474885 -0.856109 -0.203866 -0.74202 -0.57071 0.351704 -0.877975 -0.371704 0.301656 0.696139 0.387474 -0.604362 -0.376903 -0.878817 -0.292617 -0.277186 -0.870466 -0.406763 0.252511 0.926142 0.280176 -0.384818 -0.874257 -0.295957 -0.195567 0.921786 0.33476 0.707392 0.616235 -0.346196 0.466909 0.855312 0.224584 0.0257143 0.970641 0.239154 0.102461 0.967 0.233265 -0.161993 -0.896857 -0.411589 -0.40566 -0.876209 -0.260188 -0.149357 -0.914317 -0.376454 -0.334211 -0.898821 -0.283591 -0.855188 -0.51635 0.0451205 -0.783088 -0.614265 -0.0972241 0.038016 -0.910641 -0.411447 -0.339018 -0.902873 -0.264361 -0.823952 -0.554489 -0.116812 -0.755384 -0.628905 -0.184047 0.0557805 -0.919478 -0.389165 -0.0972104 -0.951468 -0.29199 -0.0970563 -0.951516 -0.291885 -0.117383 -0.956938 -0.265502 -0.287154 -0.930008 -0.229407 0.847863 0.527598 -0.0526263 0.792857 0.609263 0.0132559 -0.286223 -0.932899 -0.218577 -0.273238 -0.936363 -0.220375 -0.574171 -0.787196 -0.225056 0.756968 0.643011 0.116346 0.894718 0.44232 0.0619147 0.014416 -0.981321 -0.191836 0.91183 0.395078 0.111711 -0.799721 0.448812 -0.398766 0.0629621 -0.988901 -0.134575 -0.574463 -0.726165 -0.377725 0.901402 0.381104 0.205509 -0.287384 -0.940517 -0.181213 -0.124326 -0.97974 -0.157011 0.890324 0.374475 0.259021 0.801496 0.502265 0.324551 0.22944 0.795325 0.561085 0.0447899 0.637031 0.769536 0.201051 0.791287 0.577445 0.381322 0.862887 0.331692 0.127189 0.806838 0.576919 0.432486 0.863085 0.260846 0.546836 0.834464 0.0681117 -0.606356 -0.73151 0.31181 -0.548875 -0.83319 0.0673066 -0.683791 -0.634243 0.360784 0.583854 0.764445 -0.273385 0.54674 0.822902 -0.154623 0.245032 -0.370986 -0.895728 0.185785 0.862142 0.471375 0.434815 0.861535 0.262093 0.610502 0.553101 -0.566892 -0.323012 -0.854895 -0.405978 -0.570428 -0.821348 -0.000434321 0.616565 0.543257 -0.569842 -0.704577 -0.305343 0.640575 0.55637 0.198812 -0.8068 0.643271 0.562981 -0.518898 0.545138 0.816454 0.190336 0.687962 0.497636 -0.528268 0.0274103 -0.757514 -0.652243 0.643146 0.733466 -0.21998 -0.87039 -0.491057 0.0358449 0.664751 0.710246 -0.231638 -0.0142138 -0.826161 -0.563255 0.743917 0.555319 -0.371765 -0.156274 0.96398 0.215223 -0.964828 -0.242303 0.101957 0.46472 0.856582 0.224283 0.809274 0.510863 -0.289991 0.196438 -0.845663 -0.496253 0.119457 0.96674 0.226149 0.264422 0.941784 0.207665 -0.0525839 0.994367 0.0920238 -0.931351 -0.282171 -0.230141 0.0960978 -0.972267 -0.213221 0.947941 0.306131 -0.0877065 0.0908333 -0.974977 -0.202902 0.920601 0.383535 0.0734488 -0.020856 0.995536 0.0920453 -0.150846 -0.976442 -0.154293 0.220919 -0.974981 -0.0246416 0.960864 0.0779669 0.265824 0.939241 -0.115937 0.323087 0.331687 -0.934371 0.130136 0.210853 -0.977517 0.0013042 0.809619 -0.479275 0.338839 0.778554 -0.305168 0.548385 0.839388 0.240975 0.487196 -0.149344 0.398473 0.90494 0.474387 0.866849 0.153396 0.0255404 0.657708 0.75284 0.232206 0.823914 0.516959 -0.626905 -0.677477 0.384727 -0.170958 0.529038 0.831199 0.00695754 -0.621827 -0.783124 0.377432 -0.0590252 -0.924154 0.431924 0.10053 -0.89629 -0.702432 -0.382196 0.60043 0.510307 0.254832 -0.821369 -0.0158917 -0.628286 -0.777821 0.419766 -0.0697763 -0.904946 0.558262 0.283494 -0.779727 0.637487 0.568775 -0.519717 0.199633 -0.483764 -0.852126 0.647915 0.547367 -0.529713 -0.0625229 0.90844 0.413313 0.609324 0.778303 -0.151554 -0.914149 -0.350304 0.204007 -0.954207 -0.293645 0.0571116 -0.97103 -0.227369 -0.0735131 0.640623 0.711064 0.28981 0.453011 0.860202 0.234167 -0.973666 -0.217813 -0.0673199 0.911535 0.39842 -0.101809 0.00711186 0.992225 0.124257 -0.567149 0.804938 -0.174402 -0.470697 -0.844419 -0.255734 0.457063 -0.886801 -0.0683907 -0.90983 -0.0821402 -0.406771 0.930475 -0.35082 0.105559 0.968902 0.0372766 0.244619 0.421901 -0.906553 0.01267 0.907065 0.229967 0.352631 0.849822 0.219362 0.479252 -0.478505 -0.874545 -0.0787719 -0.205919 0.447253 0.87038 -0.58321 -0.319384 0.7469 -0.542899 -0.029271 0.839288 0.25727 -0.225954 -0.939551 0.0677206 -0.503049 -0.861601 0.200131 -0.353049 -0.91395 -0.240918 -0.80945 -0.535489 -0.110427 0.63494 0.764628 0.00460418 -0.654422 -0.756115 0.236312 -0.376091 -0.895942 -0.0642768 -0.721948 -0.688956 0.581624 0.211317 -0.785531 0.601783 0.152267 -0.784011 0.592559 0.0910955 -0.80036 0.478767 -0.148789 -0.865242 -0.0151021 -0.850377 -0.525957 0.82107 0.295492 -0.488393 0.907941 0.23355 -0.34799 0.356954 -0.875723 -0.325106 -0.939893 -0.0633272 -0.335545 0.993245 -0.0738762 0.0894825 0.984897 0.086972 0.149712 0.0358381 -0.991533 -0.124811 0.951246 0.0558767 0.303328 -0.40465 -0.054116 0.912869 -0.586023 -0.353532 0.729104 -0.376182 -0.867095 -0.326549 -0.242074 -0.809904 -0.53428 -0.529344 -0.848298 -0.0136099 -0.380597 -0.869933 -0.313628 -0.1087 -0.703452 -0.702381 -0.240303 -0.803226 -0.545053 -0.24564 0.598232 0.762744 0.386412 -0.168705 -0.906766 -0.24725 0.784114 0.569238 -0.821541 -0.362484 0.440085 0.224017 -0.48532 -0.845151 0.472201 -0.172876 -0.864373 0.232021 -0.562029 -0.793908 0.0275168 -0.799387 -0.600187 -0.0397809 0.961811 0.270809 0.758254 0.386505 -0.525037 -0.559067 0.789036 0.254688 0.378815 -0.682271 -0.625304 0.199493 -0.820067 -0.536369 0.752636 0.593688 -0.284735 -0.466136 0.873684 0.139263 0.843181 0.347925 -0.409871 -0.0288557 0.984002 0.175807 -0.574533 0.815282 0.0722952 0.822446 0.54589 -0.15996 0.282509 -0.91054 -0.301839 -0.385693 0.922109 0.0309115 -0.780678 0.618346 -0.0905015 0.277229 0.94458 0.17582 -0.918297 -0.256153 -0.301856 0.430276 -0.900306 -0.0656711 0.994852 0.00636997 0.101141 0.656844 -0.754 0.00639682 0.697379 -0.714652 0.0541718 0.886773 -0.430266 0.168832 0.925958 -0.342969 0.158033 0.8843 -0.427962 0.186716 -0.598572 -0.773356 0.208884 -0.2377 0.391204 0.889077 0.184242 -0.582056 -0.792001 0.698805 0.121532 -0.704912 -0.967974 0.244856 0.0554171 0.883539 0.201676 -0.422712 0.427782 -0.759097 -0.490688 0.335882 -0.864088 -0.37488 0.930524 0.165467 -0.32672 0.975996 0.17106 -0.134798 -0.981595 0.169368 -0.0882351 0.98251 -0.138842 -0.124088 0.252788 -0.938239 -0.236232 -0.951464 0.261216 -0.162734 0.998775 0.0362798 -0.0336412 -0.789742 -0.579018 -0.202598 -0.871754 0.40109 -0.281375 -0.560691 0.809673 -0.173365 -0.783055 -0.551535 -0.287463 0.997034 -0.00482586 0.0768069 0.92628 -0.145221 0.34773 -0.41181 0.0607067 0.909245 0.214024 -0.608597 -0.764071 -0.854394 0.195913 0.481278 -0.557683 0.67188 0.487408 0.699264 0.12724 -0.703449 0.733153 0.299967 -0.610333 -0.932444 0.281949 0.225949 0.349213 -0.621495 -0.70128 0.418155 -0.528604 -0.738731 0.641523 -0.720806 -0.262462 -0.939756 0.317778 -0.126001 -0.972176 -0.0677045 -0.224256 0.990454 -0.0850238 -0.108496 0.555441 -0.817151 -0.154106 0.542415 -0.823515 -0.16616 0.421162 -0.899505 -0.11625 0.584843 -0.80521 0.0979507 0.637782 -0.750924 0.171311 -0.517233 0.106891 0.849143 -0.63235 0.177458 0.754083 -0.855944 0.0502959 0.514617 -0.602786 0.763184 0.232808 0.756721 0.0541549 -0.651491 -0.981843 0.173477 0.0767417 0.822789 -0.0633686 -0.564803 0.674355 -0.388521 -0.62793 -0.984406 0.151924 -0.088677 0.479552 -0.760062 -0.438562 0.938967 -0.0544953 -0.339664 0.934106 -0.0236393 -0.356213 0.73602 -0.629838 -0.24815 0.94327 -0.264989 -0.200055 0.751813 -0.607578 -0.256177 0.725773 -0.679624 -0.106609 -0.855066 -0.404251 -0.32472 0.946949 -0.319387 -0.0357636 0.881971 -0.47072 0.0234443 -0.440254 0.366763 0.819549 -0.596894 0.0358695 0.801518 -0.396965 0.629957 0.667513 0.53305 -0.231027 -0.813931 -0.934878 0.141834 0.325403 0.545758 -0.221665 -0.808092 -0.541323 0.695433 0.472591 0.572914 -0.309375 -0.758984 0.519282 -0.417847 -0.745487 0.739645 -0.0556474 -0.670692 -0.77214 0.58771 0.241654 0.745183 -0.335991 -0.576032 0.663541 -0.493179 -0.562573 0.746232 -0.325635 -0.580602 -0.828074 0.5586 0.0475311 -0.808465 0.586802 0.0452424 0.804397 -0.419728 -0.420444 -0.964421 0.262009 -0.0352657 0.661117 -0.632612 -0.403393 0.906406 -0.24017 -0.347485 -0.7706 0.632289 -0.0799119 0.859442 -0.499122 -0.110618 0.939666 -0.338059 -0.0523811 -0.733248 0.668418 -0.124763 0.792842 -0.609236 -0.015284 0.718629 -0.660662 0.21702 -0.024613 -0.99968 -0.00589229 2.7723e-05 -1 -5.13214e-05 -6.68918e-05 -1 -2.5897e-05 0 -1 0 0 -1 0 0 -1 0 -4.19481e-05 -1 0 -3.23194e-05 -1 1.87627e-05 0 -1 0 -0.000156065 -1 1.04702e-05 0.000122383 -1 0.000306508 0 -1 0 0 -1 0 0 -1 0 0 -1 0 0 -1 0 0 -1 0 2.28156e-05 -1 -1.81039e-05 0 -1 0 0 -1 0 0 -1 0 0 -1 0 0.00178297 -0.999916 -0.0128526 -0.000506502 -0.999942 0.0107185 0 -1 0 0 -1 0 0 -1 0 0 -1 0 0 -1 0 0 -1 0 0 -1 0 -0.999391 0.0348996 0 -0.999391 0.034903 0 -0.999391 0.0348996 0 -0.999391 0.0348847 -6.46599e-06 -0.999391 0.0348998 -1.2778e-07 -0.999391 0.034903 0 -0.999391 0.0348928 2.17936e-05 -0.999391 0.0348977 5.06805e-06 -0.999418 0.0341 -0.000238095 -0.999391 0.034899 -1.33241e-06 -0.998758 -0.0498169 0 -0.998346 -0.0574955 9.88362e-05 -0.996945 -0.0781109 -4.88414e-05 -0.994603 -0.103752 9.83497e-05 -0.992451 -0.122646 -0.000142861 -0.98953 -0.14433 7.42183e-05 -0.966325 -0.257326 1.1757e-05 -0.978498 -0.205507 0.0175931 -0.985922 -0.167206 -0.000183648 -0.981639 -0.190749 9.25196e-05 -0.97459 -0.223997 -9.77141e-05 -0.974906 -0.222615 -0.000122082 -0.966195 -0.257811 -2.14859e-05 -0.956561 -0.291531 4.92544e-05 -0.963274 -0.268519 -0.000138988 -0.94662 -0.32235 2.00658e-05 -0.949859 -0.312679 -5.70304e-05 -0.933288 -0.359128 -3.19825e-05 -0.934219 -0.356701 -7.54199e-05 -0.918674 -0.395016 -1.56814e-05 -0.897296 -0.441429 0.00011862 -0.914493 -0.404602 -0.00017397 -0.878527 -0.477692 9.30669e-05 -0.890993 -0.454016 -3.33199e-05 -0.853935 -0.52038 2.47974e-05 -0.863884 -0.503691 -0.000224771 -0.813368 -0.581749 0.000145825 -0.833713 -0.552198 -0.000350289 -0.788708 -0.614767 3.7168e-05 -0.801238 -0.598346 -7.29732e-05 -0.763629 -0.645655 0.00011126 -0.774995 -0.631968 -8.07955e-05 -0.738598 -0.674146 9.52377e-05 -0.747577 -0.664175 -4.04377e-05 -0.68715 -0.726516 -6.08107e-05 -0.709485 -0.704721 4.84713e-05 -0.718934 -0.695078 -8.76927e-05 -0.658764 -0.752349 8.34744e-05 -0.686713 -0.726929 -6.94603e-05 -0.649619 -0.76026 -8.04314e-05 -0.628848 -0.777529 0.000114249 -0.608773 -0.793344 -0.000139355 -0.594163 -0.804345 6.5237e-05 -0.561308 -0.827607 0 -0.566519 -0.824049 -0.000104161 -0.987277 -0.150706 -0.0507161 0 -1 0 0 -1 0 0 -1 0 0 0 1 0 0 1 0 0 -1 0 0 -1 0 0 -1 0 0 -1 0 -1 0 0 -1 0 0 0 1 0 0 1 0 0 -1 0 0 -1 0.00423266 -0.999913 0.0124577 0.00458107 -0.999929 0.0110307 0.00275664 -0.999996 0.00105972 0 -1 0 0 -1 0 0 -1 0 0 -1 0 0.00466113 -0.999986 0.00253799 3.01748e-05 -0.999996 0.00291724 0 -1 0 0 -1 0 0 -1 0 0 -1 0 0 -1 0 0 -1 0 -4.28665e-06 -1 -0.000120043 -0.000220845 -1 -0.00016202 -0.000245548 -1 -0.000150752 -0.00020624 -1 2.7664e-05 0 -1 0 0 -1 0 0 -1 0 0 -1 0 0 -1 0 0 -1 0 0 -1 0 0 -1 0 0 -1 0 0 -1 0 0 -1 0 0 -1 0 0 -1 0 0 -1 0 0 -1 0 0 -1 0 0 -1 0 0 -1 0 0 -1 0 0 -1 0 0 -1 0 3.56493e-05 -1 -5.35259e-06 -3.67301e-05 -1 -5.66227e-05 -3.11233e-07 -1 -2.48107e-05 -3.98895e-07 -1 6.01713e-05 1.2134e-05 -1 -1.36798e-05 0 -1 0 0 -1 0 0 -1 0 -8.49331e-05 -1 -4.05576e-05 0 -1 0 0 -1 0 0 -1 0 0 -1 0 6.23575e-05 -1 -1.86532e-05 1.89379e-06 -1 -9.96511e-05 1.091e-05 -1 -4.05031e-05 1.9798e-05 -1 -5.92225e-06 1.12117e-05 -1 3.35721e-05 0 -1 0 0 -1 0 1.41519e-05 -1 -5.13239e-06 -4.83059e-06 -1 -2.5097e-05 2.17177e-05 -1 1.63678e-05 -9.06848e-06 -1 -2.14918e-05 0 -1 0 0 -1 0 0 -1 0 0 -1 0 0 -1 0 -6.83081e-06 -1 -2.32345e-05 1.09593e-05 -1 -8.70442e-06 7.66158e-06 -1 -1.09053e-05 1.43444e-05 -1 5.60846e-06 -2.07585e-05 -1 -3.39383e-05 1.75932e-05 -1 6.19382e-06 0 -1 0 0 1 0 0 1 0 0 1 0 0 1 0 0 1 0 0 1 0 0 1 0 0 1 0 0 1 0 0 1 0 0 1 0 3.45728e-06 0.0697559 0.997564 -4.55121e-05 0.0697586 0.997564 9.61767e-05 0.0698706 0.997556 -1.05497e-05 0.0697554 0.997564 -3.68463e-06 0.0697669 0.997563 -0.00810869 0.0645575 0.997881 5.16086e-06 0.0697387 0.997565 2.5092e-06 0.0697547 0.997564 1.20708e-06 0.0697503 0.997564 -6.39836e-06 0.0697579 0.997564 -3.32362e-06 0.0697618 0.997564 0 0.0697708 0.997563 0 0.0697587 0.997564 0 0.0697587 0.997564 0 0.0697587 0.997564 -0.283514 0.173189 -0.9432 -0.633273 0.00685976 -0.773898 -0.639738 6.17947e-06 -0.768593 -0.639741 1.20003e-06 -0.768591 -0.63972 1.1018e-05 -0.768608 -0.639728 -1.56966e-05 -0.768602 -0.639753 3.47773e-05 -0.76858 -0.639739 -4.38511e-07 -0.768593 -0.639741 3.63385e-06 -0.768591 -0.353847 0.0222329 0.935039 -0.378013 -0.00704382 0.925774 -0.305607 0.0132201 0.952066 -0.387187 0.0174463 0.921836 -0.293758 0.0175431 0.955719 -0.458665 0.0131705 0.888512 -0.381808 0.0246715 0.923912 -0.382405 0.017415 0.923831 -0.458707 0.0174232 0.888417 -0.218483 0.0174459 0.975685 -0.294353 0.0171343 0.955543 -0.211686 0.00877369 0.977298 -0.129873 0.0163908 0.991395 -0.464804 0.0162055 0.885265 -0.204657 0.0202087 0.978625 -0.202528 0.0174733 0.979121 -0.197331 0.0255781 0.980003 -0.30297 0.0174181 0.952841 -0.360323 0.0174262 0.932665 -0.293241 0.0255832 0.955696 -0.293193 0.0174159 0.955895 -0.293292 0.0174713 0.955863 -0.382483 0.0174345 0.923798 -0.418696 0.0111449 0.908058 -0.47514 0.0238568 0.879587 -0.468159 0.0174281 0.883472 -0.382414 0.0270332 0.923596 -0.382496 0.0174271 0.923793 3.05878e-05 0.0854029 0.996347 0.000248065 0.0960777 0.995374 0.000138627 0.14414 0.989557 -2.79686e-05 0.117034 0.993128 0.000171055 0.188051 0.982159 -9.52156e-05 0.155721 0.987801 0.000113909 0.237087 0.971489 -0.000124976 0.201427 0.979504 0.000105468 0.283823 0.958877 -0.000101491 0.246183 0.969223 8.49095e-05 0.329712 0.944082 -7.97909e-05 0.291144 0.956679 6.13509e-05 0.375087 0.926989 -5.9599e-05 0.335056 0.942198 -4.21948e-05 0.37867 0.925532 2.84822e-05 0.419737 0.907646 -9.65741e-06 0.420971 0.907074 5.49682e-06 0.462326 0.88671 2.75897e-05 0.463007 0.886355 -1.5032e-05 0.503238 0.864148 4.85372e-05 0.505232 0.862983 -4.71558e-05 0.542693 0.839931 7.44544e-05 0.546573 0.837411 -6.9119e-05 0.581075 0.81385 9.82801e-05 0.586497 0.809952 -8.7842e-05 0.618206 0.786016 0.000109444 0.624695 0.780869 -0.00011654 0.65391 0.756572 0.000131539 0.662182 0.749343 -0.000126405 0.688552 0.725187 0.000170927 0.698584 0.715528 -0.000127665 0.720984 0.692952 0.000158475 0.731912 0.681399 -0.000140969 0.75255 0.658535 0.000170554 0.763318 0.646023 -0.00015969 0.782385 0.622795 0.000170364 0.793915 0.608029 0.000175535 0.822325 0.569019 -0.000165733 0.810284 0.586038 0.000181581 0.848998 0.528397 -0.000168395 0.836538 0.547908 0.000179354 0.873454 0.486906 -0.000164323 0.861123 0.508397 0.000176177 0.896157 0.443738 -0.000166925 0.883747 0.467964 0.000169445 0.91643 0.400194 -0.000157522 0.904535 0.4264 0.000164209 0.934724 0.355374 -0.00015058 0.923181 0.384366 0.000143295 0.950841 0.30968 -0.000146637 0.94017 0.340705 0.000145891 0.964594 0.26374 -0.000125863 0.954957 0.296744 0.000126321 0.976371 0.2161 -0.000111022 0.967553 0.252668 0.000103074 0.985692 0.168554 -9.4805e-05 0.978347 0.20697 8.66597e-05 0.992649 0.12103 -6.93534e-05 0.986834 0.161734 5.31401e-05 0.997383 0.0723041 -5.67361e-05 0.993296 0.115596 3.12175e-05 0.999703 0.0243764 -2.58872e-05 0.997587 0.0694346 0 0.999729 0.0232905 0.173378 0.984855 -1.52104e-06 0.184086 0.98291 0.000240259 0.192421 0.981313 2.73824e-05 0.214432 0.976739 -3.01158e-05 0.224017 0.974585 0.000236168 0.26369 0.964607 0.000150242 0.23969 0.970849 -8.68965e-05 0.26429 0.964443 0.000127024 0.302614 0.953113 0.000238273 0.288907 0.957357 -7.18235e-05 0.313664 0.949534 -5.04773e-05 0.341359 0.939933 0.000181932 0.338153 0.941091 6.6728e-05 0.379431 0.92522 0.000215818 0.362437 0.932008 -9.54306e-05 0.386391 0.922335 -1.97975e-06 0.416764 0.909015 0.000207618 0.410796 0.911727 1.07735e-05 0.453603 0.891204 0.000224269 0.436535 0.899687 -0.000133983 0.462174 0.88679 -3.28832e-05 0.489574 0.871962 0.000199192 0.484899 0.87457 3.37719e-05 0.524596 0.851352 0.000200982 0.513838 0.857887 -0.000182808 0.559023 0.829152 0.000206225 0.547417 0.83686 -0.00019504 0.592309 0.805711 0.0002123 0.580483 0.814272 -0.000200398 0.624669 0.78089 0.000212275 0.612496 0.790473 -0.000208789 0.656033 0.754732 0.000218606 0.643768 0.765221 -0.000213241 0.686383 0.72724 0.000227118 0.67246 0.740134 -0.000177189 0.709572 0.704633 8.11258e-05 0.698502 0.715608 -0.000165966 0.726471 0.687197 -2.3379e-05 0.723735 0.690078 -0.000136622 0.739084 0.673613 1.26537e-05 0.744012 0.668167 8.66278e-05 0.746502 0.665384 1.09415e-05 0.755451 0.655205 -2.28138e-05 0.76155 0.648106 8.59351e-05 0.768519 0.639826 -0.000108241 0.776928 0.62959 2.66217e-05 0.778728 0.627361 -1.99952e-05 0.789617 0.6136 -5.01096e-06 0.790164 0.612895 1.77581e-05 0.80017 0.599774 -1.89931e-05 0.80082 0.598905 7.56268e-06 0.811375 0.584526 3.04292e-05 0.811213 0.584751 2.21416e-05 0.822815 0.568309 -3.14531e-05 0.823681 0.567054 2.95188e-05 0.834954 0.55032 -6.90785e-06 0.833585 0.552391 0.000110142 0.844707 0.535229 2.08252e-05 0.857227 0.514938 0.000941754 0.842184 0.539187 0.00169109 0.91675 0.0178151 -0.399065 0.908435 0.0184344 -0.417619 0.918876 0.0174458 -0.394161 0.948174 0.0482572 -0.314065 0.939181 0.0480165 -0.34005 0.954858 0.0174251 -0.296551 0.955143 0.0172912 -0.295639 0.92786 0.0175848 -0.372515 0.932531 0.0192008 -0.360579 0.960264 0.0341502 -0.276997 0.967264 0.0174407 -0.253174 0.971411 0.0183648 -0.236695 0.979718 0.0186629 -0.199509 0.973145 0.0159339 -0.229643 0.988129 0.02571 -0.151461 0.982551 0.00647396 -0.185882 0.986025 0.0190869 -0.165503 0.990803 0.010036 -0.134939 0.981861 0.015712 -0.188948 0.988015 0.0230214 -0.152631 0.994142 0.0138488 -0.107188 0.996628 0.0188692 -0.0798598 0.998491 0.0115417 -0.0536851 0.993844 0.012338 -0.110101 0.999666 0.0103346 -0.0236866 0.999835 0.0179541 -0.00287618 0.999505 0.0164529 0.0268049 0.998349 -0.00350826 0.0573353 0.994928 -0.0429391 0.09096 0.999255 -6.32832e-05 -0.0385813 0.993634 0.0175442 -0.111279 0.999103 0.0174365 -0.0385939 0.998616 0.0174373 0.0496286 0.993665 0.0174733 -0.111013 0.998615 0.0174325 0.0496479 0.999104 0.017443 -0.0385717 0.993031 0.0203767 -0.116082 0.997459 0.0155721 -0.069522 0.993664 0.0174543 -0.111028 0.999562 0.0187769 -0.0228743 0.999583 0.0163789 0.0237686 0.996872 0.0359423 0.0703808 0.998892 0.0269757 -0.0385621 0.94331 0.0174395 0.331454 0.920235 0.0101397 0.391234 0.907091 0.0174343 0.420573 0.943334 0.0174338 0.331387 0.862376 0.0174301 0.505968 0.906823 0.028707 0.420532 0.884859 0.00892768 0.465774 0.907059 0.0174288 0.420642 0.862387 0.017434 0.505949 0.809697 0.0174336 0.586589 0.862244 0.0251972 0.505866 0.852136 0.0128607 0.523162 0.806063 0.0236161 0.591358 0.529798 0.0174367 0.847945 0.809656 0.0174288 0.586646 0.765388 0.0118013 0.64346 0.809641 0.01842 0.586636 0.357549 0.0174344 0.933732 0.27122 0.0165838 0.962375 0.351656 0.0189395 0.935938 0.445676 0.0174366 0.895024 0.749492 0.0174339 0.661784 0.749323 0.0276785 0.661626 0.70991 0.00941841 0.704229 0.608923 0.0174389 0.793038 0.68228 0.0259144 0.730632 0.682409 0.0174393 0.730763 0.66186 0.0109569 0.749547 0.606599 0.0258743 0.794587 0.613033 0.0182754 0.789846 0.526923 0.0179801 0.849723 0.537393 0.030414 0.842784 0.501656 0.0100064 0.86501 0.445582 0.0266145 0.894846 0.443256 0.02476 0.896053 0.383518 0.0109402 0.923468 0.266098 0.0174388 0.963788 0.357565 0.0174378 0.933725 0.26513 0.0279091 0.963809 0.236759 0.0465591 0.970452 0.357502 0.0259132 0.933553 0.321686 0.00938138 0.9468 0.939717 0.0791984 0.332656 0.959354 0.0324123 0.280339 0.971708 0.0106649 0.235944 0.991599 0.00573237 0.129225 0.987618 0.0171963 0.155931 0.933997 0.0210696 0.356658 0.943461 0.00537337 0.331439 0.906624 0.0164818 0.421619 0.970581 0.0164773 0.24021 0.970806 0.0174319 0.23923 0.989328 0.0174308 0.144657 0.792591 0.0476207 0.607891 0.846081 0.024879 0.532474 0.863589 0.00242083 0.50419 0.739286 0.0389179 0.672266 0.739788 0.0389734 0.671711 0.74963 0.0229494 0.661459 0.807499 0.0135989 0.589713 0.862343 0.017438 0.506024 0.671686 0.0173446 0.740633 0.640508 0.0190027 0.767716 0.682498 0.00595994 0.730863 0.749523 0.0174307 0.661749 0.809721 0.0174382 0.586555 0.563033 0.0305602 0.825869 0.608969 0.00732188 0.79316 0.682364 0.017431 0.730804 0.682406 0.0174231 0.730765 0.608893 0.0174224 0.793061 0.989335 0.017427 0.144609 0.494971 0.0294098 0.868412 0.529799 0.0108568 0.848054 0.529747 0.0174297 0.847976 0.608932 0.0174291 0.793031 0.440071 0.00527518 0.897947 0.363339 0.0380324 0.93088 0.365349 0.0192162 0.930672 0.445311 0.0179133 0.895197 0.335623 0.00167037 0.941995 0.991808 0.0401614 0.121264 0.982394 0.00904061 0.1866 0.345858 0.0174052 0.938125 0.445782 0.0174191 0.894972 0.970831 0.01744 0.239132 0.967889 0.0154023 0.250905 0.943826 0.0197166 0.329853 0.970702 0.0238252 0.239101 0.445713 0.0174338 0.895006 0.943245 0.0210595 0.33143 0.544875 1.68838e-05 0.838517 0.543859 0.000121332 0.839177 -0.0323715 0.0227324 -0.999217 -0.0316613 0.022552 -0.999244 -0.0299065 0.0221282 -0.999308 -0.0266701 0.0213907 -0.999415 -0.0253508 0.0211042 -0.999456 -0.0255015 0.0211354 -0.999451 -0.0209778 0.020226 -0.999575 -0.0200313 0.0200421 -0.999599 -0.0125413 0.0178256 -0.999762 0 0.0188497 -0.999822 0.0125407 0.0204558 -0.999712 -0.00467998 0.0174465 -0.999837 -0.219399 -0.00332255 -0.97563 -0.196084 0.00859005 -0.980549 -0.167149 0.0176366 -0.985774 -0.142302 0.0181534 -0.989657 -0.119487 0.0115682 -0.992768 -0.102818 0.00158496 -0.994699 -0.192796 0.0188874 -0.981057 -0.0781716 0.0169435 -0.996796 -0.0556193 0.0182599 -0.998285 -0.0322092 0.00689247 -0.999457 -0.022781 -0.0167725 -0.9996 -0.109778 0.00744503 -0.993928 -0.190982 0.0174623 -0.981438 -0.188225 0.0424554 -0.981208 -0.158115 0.00930987 -0.987377 -0.0302001 0.0221369 -0.999299 -0.0740067 0.0177092 -0.997101 -0.0698532 0.0174747 -0.997404 -0.0676219 0.01743 -0.997559 -0.0638019 0.0174904 -0.997809 -0.0603131 0.0176641 -0.998023 -0.0576702 0.0178469 -0.998176 -0.0551211 0.0180804 -0.998316 -0.0509364 0.0185669 -0.998529 -0.0484262 0.018916 -0.998648 -0.0478998 0.0189959 -0.998671 -0.0239828 0.0174215 -0.999561 -0.10968 0.0307014 -0.993493 -0.109764 0.0174214 -0.993805 -0.109715 0.0174598 -0.99381 -0.0997114 0.0201741 -0.994812 0.0189979 0.0174527 -0.999667 0.0190174 0.0174514 -0.999667 0.0941035 0.0400193 -0.994758 0.180564 0.0576398 -0.981873 0.0657963 0.0174338 -0.997681 0.184736 0.0180645 -0.982622 0.159489 0.017434 -0.987046 0.251927 0.0173685 -0.96759 0.336326 0.0190659 -0.941552 0.339506 0.018913 -0.940414 0.50038 0.0192482 -0.865592 0.429936 0.017752 -0.902685 0.51948 0.018304 -0.854287 0.658557 0.127155 -0.74171 0.659435 0.0183158 -0.751538 0.589832 0.0174976 -0.807336 0.662375 0.018216 -0.748951 0.797411 0.0474769 -0.601566 0.729413 0.0174626 -0.683851 0.791683 0.0214992 -0.610553 0.870828 0.0430897 -0.489695 0.805731 0.0183649 -0.591997 0.876906 0.0185296 -0.480304 0.84504 0.017416 -0.534419 0.0658022 0.017434 -0.99768 0.730299 0.0174341 -0.682905 0.791075 0.017433 -0.611471 0.891347 0.0174286 -0.452986 0.0988143 0.0161037 -0.994976 0.170078 0.019002 -0.985247 0.235132 0.0189973 -0.971778 0.319782 0.015888 -0.947358 0.341655 0.0170813 -0.93967 0.435063 0.0186903 -0.900206 0.536816 0.0122821 -0.84361 0.505282 0.016885 -0.862789 0.769032 0.00792558 -0.639162 0.794076 0.0170632 -0.607578 0.882894 0.0168034 -0.469272 0.838394 0.0186374 -0.544745 0.994416 0.0178235 -0.104014 0.999226 0.0174365 -0.0352615 0.997153 0.0170606 -0.0734511 0.999566 0.018471 -0.0229705 0.999848 0.0174473 0 0.999848 0.0174473 0 0.841465 0.0187062 -0.539988 0.899196 0.0208292 -0.43705 0.921589 0.0200577 -0.387649 0.870138 0.0182877 -0.492469 0.941904 0.0229713 -0.335097 0.968112 0.0211814 -0.249621 0.96983 0.0205533 -0.242914 0.990443 0.0181312 -0.136724 0.996037 0.0192561 -0.0868247 0.998782 0.0174287 -0.0461625 0.821742 0.0173263 -0.569596 0.893287 0.0175864 -0.449142 0.871301 0.018933 -0.490384 0.812793 0.047067 -0.580648 0.824461 0.016999 -0.565664 0.864079 0.017797 -0.503041 0.016082 0.999871 -4.18237e-06 0.0204021 0.999792 5.18092e-05 0.0616767 0.998096 7.85131e-05 0.0492418 0.998787 -4.20409e-05 0.102972 0.994684 5.54902e-05 0.0903106 0.995914 -0.000108174 0.143517 0.989648 -3.9331e-06 0.139723 0.990191 -6.55962e-05 0.495466 0.00290567 0.868622 0.472989 0.00354149 0.881061 0.341274 0.0101448 0.939909 0.279597 0.0097627 0.960068 0.459669 0.00436185 0.88808 0.327544 0.0137149 0.944736 0.241556 0.0119055 0.970314 0.41489 0.0121624 0.90979 0.414914 0.00374576 0.909853 0.020396 0.999495 0.0243713 0.0615959 0.996788 0.0511755 0.102758 0.992617 0.0644314 0.0864128 0.994942 0.0512091 0.0534618 0.99719 0.0524814 0.0401039 0.99658 0.0722459 0.105316 0.988896 0.104851 0.0603047 0.981338 0.182589 0.0502564 0.991395 0.120877 0.102249 0.980526 0.167671 0.0900693 0.983064 0.1596 0.0574482 0.974759 0.215743 0.0870605 0.983227 0.160265 0.113905 0.962303 0.246981 0.0569965 0.978239 0.199497 0.120574 0.938189 0.324443 0.123111 0.964076 0.235373 0.0404233 0.93396 0.355083 0.110004 0.91002 0.399703 0.0782604 0.923928 0.374476 0.058178 0.914878 0.399517 0.0770855 0.923946 0.374676 0.0525288 0.894919 0.443125 0.0758943 0.870935 0.485502 0.0350983 0.848475 0.528071 0.0192642 0.897586 0.440417 0.0586568 0.820909 0.568039 0.0621673 0.822003 0.566079 0.0808073 0.815365 0.57328 0.071941 0.77568 0.627012 0.036735 0.793379 0.607619 0.0690159 0.761498 0.644482 0.0412243 0.772666 0.633473 0.136787 0.647142 0.749998 0.0356428 0.661761 0.748867 0.0989652 0.616768 0.780899 0.116414 0.613108 0.781375 0.143226 0.618254 0.772818 0.0711151 0.585012 0.807901 0.0941783 0.56409 0.820325 0.0642689 0.545444 0.83568 0.123948 0.501336 0.856329 -0.0660575 0.493873 0.867021 0.0520326 0.46238 0.885154 0.125624 0.500672 0.856473 0.0293482 0.419556 0.907255 0.0595662 0.374421 0.925343 0.0510941 0.329281 0.942849 0.0982485 0.352198 0.930755 0.0452472 0.283532 0.957895 0.0187317 0.237045 0.971318 0.00318081 0.188529 0.982062 0.0868965 0.257684 0.962314 0.724549 0.687587 0.0474644 0.706663 0.704691 0.0635446 0.221064 0.969421 0.106552 0.0258162 0.0782414 0.9966 0.0398813 0.142159 0.98904 0.0998204 0.166681 0.980945 0.0439195 0.138945 0.989326 0.614101 0.745833 0.258094 0.620127 0.779389 0.0894191 0.558882 0.712671 0.423971 0.588757 0.723032 0.361372 0.607294 0.747574 0.268937 0.486083 0.869708 0.0856244 0.523517 0.653277 0.546955 0.535529 0.717364 0.445643 0.376693 0.922467 0.0846001 0.214988 0.971364 0.101158 0.222051 0.970434 0.0946119 0.261742 0.96141 0.0847455 0.202761 0.9616 0.184969 0.208344 0.946104 0.247952 0.214116 0.940125 0.265178 0.194169 0.925514 0.325151 0.186399 0.891477 0.412946 0.169367 0.328288 0.92927 0.226173 0.408747 0.884179 0.221626 0.446815 0.86674 0.19861 0.874765 0.441973 0.163411 0.810645 0.562274 0.0404647 0.146956 0.988315 0.117003 0.227526 0.966717 0.0362416 0.148467 0.988253 0.114814 0.308546 0.944255 0.175938 0.774825 0.6072 0.148674 0.745818 0.649347 0.0401879 0.150235 0.987833 0.0811143 0.450956 0.888853 0.0577575 0.358144 0.931878 0.111647 0.489664 0.864734 0.0254863 0.152505 0.987974 0.0347598 0.263881 0.963929 0.067998 0.323897 0.943646 0.0294593 0.147328 0.988649 0.0295103 0.155644 0.987372 0.705005 0.706015 0.0671599 0.634101 0.766284 0.10356 0.68421 0.707941 0.175149 0.709678 0.694127 0.120601 0.639019 0.743752 0.196183 0.652857 0.754299 0.0693575 0.684448 0.727444 0.0485335 0.570931 0.776319 0.267147 0.481061 0.83503 0.267032 0.512396 0.781011 0.357032 0.527253 0.723737 0.445207 0.437443 0.781777 0.444375 0.502496 0.787627 0.35657 0.466448 0.843466 0.266442 0.370174 0.889906 0.266531 0.454374 0.716123 0.529823 0.375635 0.697943 0.609733 0.453478 0.716722 0.529781 0.397992 0.845641 0.35566 0.33527 0.831275 0.443368 0.431477 0.785221 0.444134 0.408844 0.840289 0.356034 0.253152 0.93013 0.26603 0.354396 0.896442 0.266075 0.360087 0.768753 0.528541 0.361375 0.768118 0.528586 0.379744 0.69557 0.609899 0.286415 0.740027 0.608544 0.287089 0.889644 0.355124 0.32879 0.833959 0.44318 0.298731 0.885692 0.3554 0.227833 0.867256 0.442672 0.22569 0.61943 0.751911 0.308198 0.660634 0.684527 0.298525 0.665404 0.684194 0.312997 0.577862 0.753729 0.262502 0.80788 0.527658 0.192842 0.770408 0.607686 0.261114 0.808351 0.527625 0.290596 0.738295 0.608666 0.223903 0.537283 0.813139 0.235405 0.438798 0.867203 0.24476 0.526998 0.813858 0.15649 0.476664 0.865045 0.215134 0.697992 0.683026 0.241298 0.612965 0.752363 0.22496 0.694658 0.68326 0.149881 0.643311 0.75079 0.159161 0.561314 0.812154 0.100938 0.492009 0.864719 0.18362 0.465427 0.86583 0.17859 0.554733 0.812636 0.555477 0.807186 0.199743 0.556589 0.828435 0.0624805 0.588306 0.8042 0.0846045 0.58987 0.802702 0.0878873 0.511882 0.854229 0.0909356 0.521744 0.830194 0.196369 0.521385 0.849766 0.077816 0.408315 0.890692 0.199867 0.476855 0.874276 0.0908339 0.446336 0.872757 0.197683 0.414654 0.90752 0.0668569 0.451441 0.889967 0.0644992 0.392082 0.915528 0.0898912 0.326973 0.552035 0.767037 0.311311 0.562771 0.765751 0.415565 0.632952 0.653206 0.383791 0.641485 0.66423 0.391449 0.564769 0.726501 0.322848 0.572052 0.754006 0.273233 0.957712 0.0901728 0.291092 0.936024 0.197797 0.301099 0.95138 0.0649308 0.339628 0.93823 0.0661672 0.330847 0.922454 0.199047 0.362257 0.927687 0.0903681 0.161991 0.401902 0.90124 0.143226 0.292209 0.945569 0.105451 0.280692 0.953988 0.170137 0.397885 0.901521 0.0923083 0.316691 0.944026 0.116194 0.419385 0.900342 0.112152 0.30847 0.944599 0.0764314 0.292164 0.953309 0.124661 0.416511 0.900543 0.0588855 0.326451 0.943378 0.445696 0.60881 0.656282 0.47111 0.614824 0.632492 0.487526 0.650107 0.58282 0.411654 0.632757 0.655865 0.45799 0.690767 0.559541 -0.185682 0.483309 -0.855532 -0.250682 0.50162 -0.827971 -0.157051 0.699693 -0.696968 -0.110636 0.861896 -0.494868 -0.0817987 0.930669 -0.3566 -0.197184 0.756242 -0.623872 -0.0351217 0.955598 -0.292572 -0.0419679 0.982116 -0.183539 -0.137959 0.847682 -0.512253 -0.0977046 0.937544 -0.333865 -0.0598294 0.978881 -0.195479 -0.0488328 0.984622 -0.167737 -0.100003 0.935556 -0.338724 -0.0185479 0.998611 -0.0493138 0.0836914 0.990228 -0.111549 0.0335696 0.993791 -0.106074 0.120502 0.984046 -0.130892 0.0917516 0.981893 -0.165733 0.0709644 0.988869 -0.130774 0.0716417 0.962794 -0.260566 0.0319949 0.954656 -0.295986 -0.00521675 0.853982 -0.520276 -0.0910579 0.837803 -0.538326 -0.154185 0.700482 -0.696815 -0.124682 0.657875 -0.742735 -0.165395 0.499028 -0.850656 -0.25268 0.226334 -0.940705 0.223241 0.930561 -0.290206 0.0697287 0.868384 -0.490966 -0.0660339 0.668427 -0.740841 0.0097206 0.787836 -0.615809 0.26164 0.425305 -0.866407 0.552865 0.780624 -0.291491 0.233211 0.47478 -0.848644 0.219865 0.465013 -0.857568 0.147817 0.368959 -0.917616 0.180539 0.528919 -0.829247 0.11383 0.465379 -0.877761 0.0595181 0.482008 -0.874143 -0.121686 0.267908 -0.955729 0.126469 0.838699 -0.529708 0.12086 0.857854 -0.499479 0.182352 0.932635 -0.31135 0.152017 0.982578 -0.106921 0.0969283 0.142974 -0.984969 0.188415 0.207537 -0.959911 0.0672258 0.0891832 -0.993744 0.217483 0.277333 -0.935835 0.582192 0.701186 -0.411571 0.631045 0.748273 -0.204621 -0.116262 0.459879 -0.880338 0.157885 0.947489 -0.278095 0.115668 0.946066 -0.302622 0.17237 0.979433 -0.104876 0.311644 0.359975 -0.879372 0.342634 0.452108 -0.823529 0.36427 0.572979 -0.734168 0.396 0.607921 -0.688198 0.595125 0.780801 -0.1902 0.586473 0.801401 -0.117501 0.420669 0.70216 -0.574464 0.402294 0.673527 -0.620098 0.283947 0.572941 -0.768839 0.279269 0.549787 -0.787237 0.607581 0.783267 -0.131674 0.336784 0.65757 -0.673927 0.225996 0.60098 -0.766648 0.385138 0.75709 -0.527715 0.33101 0.714715 -0.616129 0.342211 0.732625 -0.588348 0.21429 0.591487 -0.777318 0.276825 0.69075 -0.668006 0.311413 0.775685 -0.548939 0.181719 0.647088 -0.740443 0.0933872 0.502762 -0.859366 0.145908 0.614601 -0.775227 0.249773 0.739109 -0.625565 0.255842 0.749819 -0.610178 0.21407 0.709104 -0.671822 0.249694 0.80404 -0.539604 0.100639 0.653919 -0.749842 -0.143751 0.103754 -0.98416 -0.144463 0.104542 -0.983972 0.135112 0.726988 -0.673226 0.189248 0.802498 -0.565846 0.161056 0.748723 -0.64302 0.031124 0.542455 -0.839508 0.0572729 0.610727 -0.789767 0.185006 0.843137 -0.504869 -0.14432 0.323431 -0.935181 -0.117287 0.42742 -0.896413 0.246526 0.962831 -0.11037 0.0191475 0.841969 -0.539186 0.222605 0.969706 -0.10059 0.192173 0.973836 -0.121298 0.191713 0.974086 -0.120012 0.189363 0.27815 -0.941687 0.0628416 0.124058 -0.990283 0.0641738 0.12657 -0.98988 0.00625105 0.0665562 -0.997763 0.388733 0.494077 -0.777673 0.322105 0.461645 -0.826518 0.191729 0.309597 -0.931338 0.48634 0.623857 -0.611781 0.453377 0.604628 -0.654884 0.0652996 0.212443 -0.974989 0.522495 0.690998 -0.499521 0.558591 0.710012 -0.428788 -0.0157014 0.0912216 -0.995707 0.0250952 0.183374 -0.982723 -0.0134424 0.0997506 -0.994922 0.130715 0.301835 -0.944357 0.463717 0.728219 -0.504643 0.0262979 0.170137 -0.985069 0.537282 0.795462 -0.280301 0.0765563 0.359032 -0.93018 0.477556 0.777511 -0.409167 0.0498257 0.322352 -0.945308 0.537439 0.792065 -0.289469 0.437196 0.808705 -0.393517 0.529217 0.846586 -0.0567628 0.483353 0.86418 -0.139865 0.419027 0.806632 -0.416847 0.497132 0.801751 -0.331745 0.389191 0.841 -0.375832 0.0447675 0.367708 -0.928863 -0.0076119 0.319831 -0.947444 0.45911 0.88727 -0.0443951 0.35464 0.842243 -0.406026 -0.146034 0.101441 -0.984065 0.421539 0.894713 -0.147623 0.421402 0.880731 -0.216181 -0.0639393 0.314742 -0.947021 0.409648 0.892989 -0.186437 0.412969 0.897395 -0.155368 0.329909 0.868491 -0.369979 -0.0675474 0.308699 -0.948758 0.396333 0.908181 -0.134641 0.340086 0.901431 -0.267889 0.279055 0.851765 -0.443424 -0.0144779 0.497867 -0.867132 -0.0485235 0.417089 -0.907569 0.374488 0.921 -0.107316 0.314942 0.919433 -0.235487 0.348514 0.930256 -0.114728 0.320685 0.938162 -0.130434 0.325901 0.934316 -0.14437 0.233891 0.89037 -0.390558 0.24323 0.913726 -0.32549 0.298182 0.948098 -0.110444 0.0848789 0.763612 -0.640072 0.0656347 0.745165 -0.663643 0.0369034 0.676527 -0.735492 -0.041175 0.602954 -0.796713 -0.0493532 0.570767 -0.819628 0.271009 0.955297 -0.118164 0.257621 0.957064 -0.132894 0.662462 0.72865 -0.173821 0.663027 0.739855 -0.114061 0.652262 0.738476 -0.170903 0.715049 0.681716 -0.154818 0.075829 0.0767706 -0.994161 0.0804507 0.0788672 -0.993634 0.20903 0.201083 -0.957012 0.596026 0.682078 -0.423701 0.680534 0.671934 -0.292194 0.735565 0.664715 -0.130758 0.696499 0.713413 -0.0770122 0.41288 0.307961 -0.857141 0.303677 0.287825 -0.908261 0.665587 0.687295 -0.290894 0.526874 0.584136 -0.617405 0.481576 0.509757 -0.712904 0.463513 0.462096 -0.756058 0.58591 0.61345 -0.529518 0.470406 0.455949 -0.755532 0.600837 0.604223 -0.523363 0.684254 0.630534 -0.366364 0.314661 0.359346 -0.878555 0.7346 0.65945 -0.159652 0.831898 0.0844611 -0.548464 0.69471 0.146224 -0.704271 0.894187 0.293665 -0.33792 0.841674 0.246434 -0.480474 0.885619 0.243454 -0.395487 0.615464 0.145338 -0.774649 0.516703 0.0974238 -0.850604 0.75766 0.281575 -0.588784 0.843191 0.45434 -0.287408 0.364837 0.158822 -0.917425 0.419158 0.079024 -0.904468 0.215573 0.103305 -0.971008 0.189163 0.158522 -0.969066 0.810144 0.578759 -0.0933022 0.831771 0.473861 -0.289158 0.60054 0.33351 -0.726721 0.798959 0.585494 -0.137338 0.694334 0.399644 -0.598486 0.643459 0.406554 -0.648593 0.765218 0.517927 -0.382353 0.774707 0.618733 -0.130378 0.589147 0.479896 -0.650082 0.752941 0.643508 -0.137758 0.719657 0.601909 -0.346121 0.733446 0.660902 -0.158951 0.42778 0.29386 -0.854781 0.954281 0.183681 -0.235817 0.912894 0.206439 -0.352148 0.832842 0.549604 -0.0656515 0.950704 0.20551 -0.232222 0.942764 0.294741 -0.155964 0.914521 0.38758 -0.115899 0.870624 0.474257 -0.130746 0.837101 0.540618 -0.0836313 0.991699 0.106722 0.071713 0.846406 0.531237 -0.0372105 0.9721 0.100909 -0.211751 0.963066 0.222277 -0.151975 0.973716 0.123431 -0.19142 0.865816 0.499543 -0.0286214 0.925027 0.372025 -0.0769502 0.98626 0.108729 -0.124377 0.867884 0.496378 -0.01967 0.985295 0.104263 -0.13536 0.878236 0.478022 -0.0140358 0.882628 0.469622 -0.0205723 0.926517 0.373192 -0.0479004 0.934155 0.353427 -0.0494332 0.992236 0.103401 -0.0691047 0.884005 0.467401 -0.00842618 0.882147 0.470925 -0.00687065 0.936373 0.349989 -0.0266945 0.934841 0.354047 -0.026884 0.99321 0.0986987 -0.0615843 0.972733 0.227399 -0.0456012 0.996249 0.0864984 -0.00254287 0.978578 0.203088 -0.0337673 0.976599 0.214621 -0.0138909 0.880646 0.473763 0.00338675 0.99684 0.0756495 0.0242429 0.983503 0.180881 -0.00200259 0.99312 0.117084 0.00177326 0.93948 0.342447 0.0103904 0.971231 0.237582 0.0162733 0.915687 0.401297 0.0218564 0.924657 0.38016 0.0220931 0.967447 0.248164 0.0496046 0.991356 0.122858 0.0460317 0.991904 0.117527 0.0481054 0.981835 0.185595 0.0394248 0.835233 0.548553 -0.0384065 0.865079 0.500882 -0.027487 0.848632 0.528225 -0.0283351 0.921705 0.380462 -0.0755602 0.963345 0.238809 -0.122216 0.955439 0.27703 -0.101939 0.970634 0.221075 -0.094842 0.966045 0.24714 -0.0753623 0.97868 0.196167 -0.0608524 0.992044 0.105043 -0.0693813 0.94122 0.33769 -0.00843964 0.888687 0.458514 0.000177038 0.930904 0.365263 0.000380579 0.912712 0.39337 -0.110531 0.84611 0.531762 -0.0364408 0.795154 0.597404 0.104111 0.987081 0.132 0.0908116 0.905291 0.0672521 0.419434 0.91075 0.0921708 0.40254 0.800444 0.599051 0.0206762 0.936603 0.226264 0.267544 0.932688 0.132229 0.335573 0.9198 0.298351 0.254862 0.798307 0.602107 0.0131687 0.899829 0.403601 0.165574 0.961741 0.105895 0.252666 0.959109 0.119486 0.25658 0.863742 0.502395 0.0393566 0.945711 0.2266 0.232988 0.905839 0.403239 0.129826 0.933446 0.330929 0.13844 0.962616 0.124908 0.24035 0.864721 0.499833 0.0492494 0.936201 0.327064 0.128676 0.935137 0.337241 0.108567 0.987162 0.131473 0.090695 0.973455 0.21495 0.0786235 0.871335 0.489737 0.0305492 0.876924 0.478731 0.0426812 0.937881 0.331746 0.101608 0.912437 0.408459 0.0248942 0.880451 0.473819 0.0173671 0.881249 0.102032 0.461508 0.895986 0.0609882 0.439875 0.767112 0.638556 0.0615238 0.87363 0.307789 0.376877 0.894846 0.231949 0.38138 0.874602 0.450856 0.178326 0.8611 0.482852 0.159253 0.883359 0.391005 0.25844 0.900695 0.235281 0.365227 0.905472 0.296937 0.30323 0.809775 0.559284 0.177386 0.811769 0.566132 0.143272 0.80106 0.47286 0.367023 0.801742 0.475914 0.361546 0.821735 0.326527 0.467046 0.754523 0.480294 0.447228 0.734731 0.452878 0.505047 0.789707 0.278373 0.546691 0.752264 0.3693 0.545635 0.687738 0.494099 0.531867 0.668791 0.447827 0.59344 0.680953 0.298925 0.668541 0.696879 0.264377 0.666682 0.710961 0.296735 0.63756 0.253683 0.212803 0.943589 0.305401 0.0768111 0.949121 0.249064 0.191705 0.949324 0.150952 0.199485 0.968204 0.190163 0.0587676 0.979992 0.284006 0.0474636 0.957647 0.162529 0.0675101 0.984392 0.138734 0.112336 0.983938 0.855408 0.439265 0.274452 0.849343 0.391477 0.354066 0.768618 0.616251 0.171644 0.764761 0.597637 0.240772 0.785522 0.193126 0.587926 0.75954 0.15245 0.632343 0.619075 0.615583 0.487651 0.617066 0.617071 0.488316 0.579151 0.575569 0.577325 0.587109 0.539138 0.603849 0.553036 0.45211 0.69982 0.702789 0.222954 0.675559 0.682707 0.161574 0.712605 0.686666 0.130699 0.715128 0.564216 0.453445 0.689962 0.531656 0.41459 0.73855 0.718176 0.128159 0.683958 0.412178 0.494186 0.765435 0.469102 0.519537 0.714161 0.510316 0.292705 0.808642 0.540987 0.0988889 0.835197 0.435745 0.407212 0.802686 0.473166 0.305713 0.826228 0.376145 0.43555 0.817809 0.328139 0.322537 0.88786 0.488973 0.0863887 0.868011 0.441442 0.180998 0.878845 0.440937 0.185311 0.878199 0.311235 0.320507 0.894655 0.306116 0.236053 0.922265 0.377015 0.0836423 0.922423 0.406079 0.0779871 0.910504 0.798026 0.164185 0.579825 0.833846 0.299775 0.463504 0.198638 0.0430096 0.979129 0.0766554 0.0678839 0.994744 0.0226981 0.084076 0.996201 0.298651 0.0510575 0.952996 0.481873 0.0131682 0.876142 0.369195 0.0297355 0.928876 0.370484 0.0294999 0.92837 0.248051 0.0415982 0.967854 0.0778559 0.0616024 0.99506 0.227375 0.0459714 0.972722 0.088716 0.0598245 0.994259 0.0645302 0.061342 0.996029 0.262198 0.0304628 0.964533 0.311187 0.0305963 0.949856 0.18656 0.0443318 0.981443 0.0364151 0.0639322 0.99729 0.171874 0.0472953 0.983983 0.262578 0.0301951 0.964438 0.14938 0.0468616 0.987669 0.229915 0.0327327 0.97266 0.0573962 0.0631595 0.996352 0.12638 0.0530012 0.990565 0.484394 0.0121981 0.874765 0.42375 0.00786765 0.905745 0.452606 0.00703119 0.891683 0.393528 0.0165629 0.919163 0.289976 0.0233096 0.95675 0.339619 0.0266694 0.940185 0.370249 0.0272141 0.928534 0.217492 0.043051 0.975112 0.343001 0.0307067 0.938833 0.371031 0.0153911 0.928493 0.0642363 0.0615031 0.996038 0.204882 0.0464321 0.977685 0.997253 0.0162945 -0.0722493 0.999414 0.0253785 -0.022967 0.988233 0.021215 -0.151477 0.999679 0.0253347 0 0.980739 0.0610455 -0.185539 0.951547 0.0749632 -0.298225 0.993651 0.0610719 -0.0944896 0.971976 0.0671877 -0.225274 0.9522 0.074362 -0.296285 0.945333 0.0502693 -0.322208 0.969337 0.0629209 -0.237541 -0.919972 -0.0421714 0.38971 0.99364 0.0610222 -0.0946388 0.978334 0.057616 -0.198857 0.9708 0.0708724 -0.22918 0.953802 0.0729298 -0.291449 0.937098 0.0596532 -0.343931 0.835537 0.0404516 -0.547943 0.897308 0.0556453 -0.437883 0.884787 0.0597476 -0.462149 0.937227 0.0611707 -0.343313 0.93835 0.0680818 -0.338915 0.889231 0.0466152 -0.455077 0.89341 0.0354703 -0.447839 0.972272 0.0452311 -0.229437 -0.9522 -0.074362 0.296285 -0.985368 -0.0344404 0.166924 0.910806 0.033901 -0.411439 0.813129 0.0373168 -0.580886 0.820107 0.0366697 -0.571035 0.787338 0.0351873 -0.615517 0.966429 0.0450489 -0.252955 -0.997215 -0.0507647 0.0546405 0.960333 0.032003 -0.277014 0.908999 0.0338339 -0.415423 0.830052 0.026793 -0.557042 0.910402 0.0273731 -0.412818 0.910444 0.0256277 -0.412837 0.913443 0.0172238 -0.406601 0.93031 0.0218139 -0.366124 0.953675 0.0245688 -0.299835 0.864009 0.0218877 -0.503 0.897873 0.0207458 -0.439766 0.911514 0.0256738 -0.410467 0.911471 0.0274458 -0.410448 0.91961 0.0174169 -0.392447 -0.809017 0.587786 0 -0.809021 0.58778 -1.31262e-06 -0.809017 0.587786 8.59473e-07 -0.809017 0.587785 6.80025e-07 -0.809012 0.587792 0 -0.999391 0.0348991 0 -0.999391 0.0348991 0 -0.999391 0.0348964 2.27556e-06 -0.999391 0.0349033 -3.13887e-06 -0.999391 0.0349046 -4.11016e-06 -0.999391 0.0348912 5.14469e-06 -0.999391 0.0349084 -5.93833e-06 -0.999391 0.0348814 1.02933e-05 -0.999391 0.0349073 -4.23519e-06 -0.999391 0.0349059 -3.53314e-06 -0.999391 0.0348917 3.40806e-06 -0.999391 0.034901 -7.94939e-07 -0.999391 0.0348998 -3.02152e-07 -0.999391 0.0348983 2.58735e-07 -0.999391 0.0349048 -1.99976e-06 -0.999391 0.0348954 9.91149e-07 -0.999391 0.0349067 -2.26541e-06 -0.999391 0.0348972 1.90558e-07 -0.999391 0.0348853 2.9548e-06 -0.999391 0.0349014 -3.11233e-07 -0.999391 0.0349037 -7.19594e-07 -0.99939 0.0349114 -1.8377e-06 -0.999391 0.0348845 1.36142e-06 -0.999391 0.0349087 -8.63402e-07 -0.999391 0.0348988 -2.20772e-07 -0.999391 0.0348913 6.61458e-08 -0.999391 0.0349048 -9.14786e-08 -0.999391 0.0349042 -1.00847e-07 -0.999391 0.034894 -5.21526e-07 -0.999391 0.0349066 3.29775e-07 -0.999391 0.034885 -1.70042e-06 -0.999391 0.0349063 8.71686e-07 -0.999391 0.0349091 1.27849e-06 -0.999391 0.0348958 -1.03345e-06 -0.999391 0.0348997 -1.60348e-07 -0.999391 0.0348928 -1.59565e-06 -0.999391 0.0348994 0 -0.735894 0.00468672 -0.677081 -0.715308 0.00505192 -0.698791 -0.769144 0.00848474 -0.639019 -0.802696 0.0100773 -0.596304 -0.817901 0.012352 -0.575226 -0.870136 0.0147808 -0.49259 -0.874186 0.0157179 -0.485336 -0.916657 0.0196023 -0.399194 -0.925128 0.0189028 -0.379185 -0.952176 0.0246116 -0.304558 -0.971614 0.0261378 -0.235125 -0.978037 0.0293106 -0.206361 -0.992493 0.0306627 -0.118395 -0.994338 0.0322013 -0.101269 -0.998697 0.0328351 -0.0390716 -0.999848 -0.0174503 0 -0.999848 -0.0174522 0 -0.999848 -0.017452 1.35577e-06 0.999848 -0.0174466 0 0.999848 -0.0174522 0 0.999848 -0.0174517 4.06627e-06 0.999848 -0.0174524 0 0.999848 -0.0174466 0 0.999848 -0.0174519 4.20164e-06 -0.999848 -0.0174524 0 -0.999848 -0.0174524 0 0.631007 -0.271308 -0.726789 0 -1 0 -0.977453 -0.0593792 0.202633 0 -1 0 0 -1 0 0 -1 0 -0.587472 -0.0988955 -0.803179 -0.915465 0.195111 -0.351932 -0.428967 -0.0998289 0.897787 -0.758604 0.0811915 0.646473 -0.0895166 0.0120502 0.995912 0.304314 -0.0460273 0.951459 0.646973 0.105603 0.755165 0.913033 -0.0435164 0.405558 0.981901 0.139705 -0.127877 0.0821901 0.149047 -0.985408 0.744201 -0.120172 -0.657057 0.780645 -0.166227 0.602464 0 -1 0 0 -1 0 -0.195789 -0.108253 0.974653 0 -1 0 0 -1 0 0.119488 0.0367143 -0.992157 -0.315777 -0.110686 -0.942355 -0.564692 0.0108878 -0.82523 -0.988657 -0.0451504 -0.143245 -0.967248 0.0396918 -0.250709 -0.87445 -0.0126249 0.484951 -0.866254 -0.00484957 0.499581 -0.480625 -0.00958637 0.876874 -0.0676328 -0.0500394 0.996455 0.502781 -0.001618 0.864412 0.919586 -0.025662 0.39205 0.831467 -0.00454807 -0.555556 -0.0370417 0.000372727 -0.999314 -0.0636229 0.291637 -0.954411 -0.918285 0.217912 -0.330557 -0.923859 0.379083 -0.052742 -0.905417 -0.1257 0.405487 -0.70294 -0.63746 -0.315468 -0.318066 -0.286059 -0.903883 0.684901 0.0208547 -0.728338 0.821075 -0.435953 0.368484 0.649009 -0.11991 0.751271 0.901505 0.385668 -0.196336 -0.379352 0.593692 0.709663 -0.76856 -0.194224 0.609584 -0.7365 0.275822 -0.617649 -0.676377 -0.00447539 -0.736542 0.729311 0.00390313 -0.684172 0.652423 -0.742857 0.150025 0.634645 -0.255531 0.729335 -0.965923 -0.258829 0 -0.965923 -0.258829 0 -0.258802 0.96593 0 -0.258802 0.96593 0 0.258799 -0.965931 0 0.258799 -0.965931 0 0.965939 0.25877 0 0.965939 0.25877 0 0.707107 0 -0.707106 0.707107 0 -0.707106 0.707105 0 0.707108 0.707105 0 0.707108 -0.703298 0 -0.710895 -0.707064 0.00711473 -0.707114 -0.708494 -0.0037661 0.705707 -0.728627 -0.0434638 0.68353 -0.999725 -0.0202772 0.0117977 -1 0 0 -0.000117361 0.000623289 1 0 0 1 -0.255893 8.49798e-05 0.966705 -0.255877 0 0.966709 -0.467028 -0.072973 0.881226 0.821836 -0.381438 -0.423191 0.0823554 0.451855 -0.888282 -0.853706 0.520756 2.90488e-05 -0.810918 0.523229 -0.261998 0.423305 0.8115 0.402841 -0.585371 -0.807102 -0.0769862 -0.945639 -0.164103 -0.280778 -0.94394 -0.151428 -0.293338 -0.0923428 -0.990758 0.0993591 -0.412765 -0.819815 0.396899 -0.936276 0.0481922 -0.347945 -0.690916 -0.721505 -0.0454461 -0.682715 -0.728926 -0.0506646 0.0503169 -0.976244 0.21075 0.123023 -0.949316 0.289247 0.612901 -0.726875 0.309847 0.668283 -0.664417 0.334587 -0.458445 -0.886558 0.0619955 0.49974 0.858643 0.113981 0.563347 0.82173 0.0860189 -0.313985 0.895824 -0.314504 0.57087 0.711927 -0.408983 0.534449 0.761783 -0.366131 0.925412 0.288377 0.245868 0.151439 0.987849 0.0349438 -0.963623 -0.256189 0.0761473 -0.865845 -0.455895 -0.206089 -0.31001 -0.947672 0.0762333 0.433045 -0.901361 0.0045622 0.0935884 -0.989914 -0.106355 0.718522 -0.695504 0 0.702427 -0.711698 -0.0090155 -0.278144 0.159706 0.94717 -0.276654 0.159343 0.947667 0.866019 -0.500011 0 0.866019 -0.500011 0 0 0 -1 0 0 -1 0 0 -1 0 0 -1 -0.0107856 -0.00288942 0.999938 -0.00370033 0.0030912 0.999988 -0.00175216 0.00653968 0.999977 -0.00263285 0.00152012 0.999995 0.185781 -0.102887 -0.97719 -0.295927 0.170861 0.939805 -0.296383 0.17106 0.939625 -0.296131 0.170936 0.939727 -0.296376 0.171133 0.939614 -0.572767 -0.783408 0.241268 -0.296352 0.170799 0.939683 -0.296289 0.170936 0.939677 -0.296043 0.171298 0.939689 -0.296182 0.171045 0.939691 -0.296161 0.170992 0.939708 -0.296147 0.17098 0.939714 -0.296108 0.170971 0.939728 -0.296649 -0.877306 0.377272 -0.296241 0.171036 0.939674 -0.296258 0.171051 0.939667 -0.530027 -0.698561 -0.480712 -0.422382 -0.867227 0.26365 0.422382 0.867227 -0.26365 0.289035 0.78348 -0.550107 0.296287 -0.171066 -0.939654 0.296297 -0.171068 -0.939651 0.29613 -0.170984 -0.939719 0.29606 -0.170924 -0.939752 -0.441697 -0.859643 -0.256745 0.296299 -0.170777 -0.939703 0.296278 -0.170923 -0.939683 0.296097 -0.171159 -0.939698 0.523258 0.84183 0.132377 0.762522 0.53196 -0.36821 0.29621 -0.171004 -0.93969 0.296233 -0.171001 -0.939683 0.296286 -0.171036 -0.93966 0.296108 -0.170981 -0.939726 0.296152 -0.171006 -0.939708 0.777447 0.598915 -0.192033 0.29613 -0.170998 -0.939716 0.499895 0.866086 0 0.499844 0.866116 -9.94684e-05 0.499922 0.86607 -9.03198e-05 -0.499998 -0.866026 0 -0.499998 -0.866026 0 -0.866019 0.500011 0 -0.866019 0.500011 0 0.866027 -0.499997 6.07648e-05 0.866034 -0.499985 -0.000120584 8.71394e-05 1 0.000595781 0 0.0611121 -0.998131 -0.000946146 0.134687 -0.990888 -0.00541186 -0.528957 0.848631 -0.000232665 0.358823 -0.933406 -0.00272511 0.410029 -0.912068 0.00337467 0.749893 -0.66155 -0.00350128 0.797785 -0.602932 -0.0145448 0.999797 -0.0139743 0 0 1 0 0 1 0 0 1 0 0 1 0 0 1 0 0 1 0.000183691 -4.65853e-05 1 0 0 1 0.58405 0.500136 0.639335 -0.000158165 0.00014698 1 0 0 1 0 0 1 0 0 1 0 0 1 0 0 1 0 0 1 0 0 1 0 0 -1 0 0 -1 0 0 -1 0 0 -1 0 0 -1 0 0 -1 0 0 -1 0.594483 0.621262 -0.510513 0.212757 0.975726 -0.051903 0 0 -1 0 0 -1 0 0 -1 0 0 -1 0.00731852 -0.00189935 -0.999971 0 0 -1 0 0 -1 0 0 -1 0 0 -1 1 -4.40997e-05 0.00025028 0.999955 -0.00941306 -0.00149074 1 8.66156e-05 -0.000114297 1 0 0 1 0 0 -1 0 0 1 0 0 0 -1 0 0 -1 0 0 -1 0 0 -1 0 0 -1 0 0 -1 0 0 -1 0 0 -1 0 0 -1 0 0 -1 0 0 -1 0 0 -1 0 0 -1 0 0 -1 0 0 -1 0 0 -1 0 0 -1 0 0 -1 0 0 -1 0 0 -1 0 0 -1 0 0 -1 0 0 -1 0 0 -1 0 0 -1 0 0 -1 0 0 -1 0 0 -1 0 0 1 0 0 -1 0 0 -1 0 0 -1 0 0 -1 0 0 -1 0 0 -1 0 0 -1 0 0 -1 0 0 -1 0 0 -1 0 0 1 0 0 1 0 1 0 0 1 0 0 -1 0 0 -1 4.16802e-05 -2.61049e-08 -1 8.33395e-05 -0.000156262 -1 0 0 -1 0 0 -1 0 0 -0.500003 -0.866024 0.000106661 -0.500003 -0.866024 0.000103452 -0.491836 -0.870686 0.00175922 0.500001 0.866025 0 0.499489 0.866321 -0.000101595 0.517363 0.855734 0.00745988 0.520108 0.854096 0.0028241 0.538254 0.84221 -0.0310641 -0.500025 -0.866011 8.12879e-05 -0.499993 -0.866029 0 -0.500038 -0.866004 8.03184e-05 0 1 0 0 1 0 0 1 0 0 1 0 0 1 0 0 1 0 0 1 0 0.751802 0.240405 0.614003 0 1 0 0 1 0 -0.360603 -0.133971 -0.923048 0 1 0 -0.999925 0.0057091 -0.010857 -0.506791 0.0216786 -0.861797 0.556578 0.0152866 -0.830655 0.715249 0.159565 -0.68041 0.999361 -0.0321523 0.0156063 0.661793 0.117811 0.740372 -0.276921 -0.00948473 0.960846 -0.536395 0.122728 0.834996 -0.944751 -0.16745 0.28179 0 1 0 0 1 0 0 1 0 0 1 0 0 1 0 -0.88167 0.128996 -0.453892 -0.650444 -0.0405321 -0.758472 -0.152348 0.0982144 -0.983435 0.104318 -0.0414076 -0.993682 0.630979 0.0357217 -0.774977 0.757563 -0.0308938 -0.652031 0.998764 0.0325742 -0.0375439 0.995467 -0.0416088 0.0855272 0.715339 0.0459728 0.697264 0.676654 0.0139782 0.736168 0.0970435 0.0150529 0.995166 -0.153788 0.10286 0.982735 -0.538671 -0.0280075 0.84205 -0.802166 0.0527755 0.594765 -0.963944 -0.14891 0.220542 0.984547 -0.170778 -0.0387475 0.650282 0.372469 0.662118 -0.463359 -0.165996 0.870485 -0.948031 0.164326 0.272461 -0.647571 -0.378092 -0.661588 0.280992 0.317978 -0.905502 0.00784503 0.0418706 -0.999092 0.0158146 -0.00116777 -0.999874 0.494728 0.00141964 -0.869047 0.429046 0.167562 -0.887605 0.768863 -0.414284 -0.48705 0.983301 0.00104832 -0.181983 0.997354 -0.0668057 -0.0286777 -0.502824 0.580601 -0.640368 -0.782472 -0.00757518 -0.62264 -0.0428793 -0.228856 -0.972515 0.520441 -0.583159 0.623752 0.806119 -0.431936 0.404478 0.823946 -0.268646 -0.498941 0.366278 -0.296255 -0.882085 -0.164046 -0.384432 -0.908461 -0.564065 -0.540187 -0.624522 -0.901555 0.338689 -0.269236 0.960345 -0.241864 -0.138708 0.960345 -0.241864 -0.138708 -0.198178 -0.241674 -0.949905 -0.198024 -0.242001 -0.949854 -0.378893 -0.75077 0.541095 -8.20571e-06 -1 2.84418e-08 0 -1 0 0.195841 0.939769 -0.280142 0.108639 0.981956 -0.154788 0.125308 0.976201 -0.177001 0.052273 0.995939 -0.0733068 0.00431035 0.999991 -1.49735e-05 0.539019 -0.342126 -0.769681 0.538997 -0.341903 -0.769795 -0.196153 -0.939697 0.280167 -0.196319 -0.939696 0.280054 -0.196189 -0.939692 0.280158 -0.196177 -0.939704 0.280127 -0.196155 -0.939698 0.280164 -0.196183 -0.939684 0.280189 -0.196142 -0.939711 0.280128 -0.196201 -0.939684 0.280178 -0.196176 -0.939691 0.28017 0.430119 -0.241965 0.869742 -0.19611 -0.939696 0.280201 -0.196179 -0.939693 0.280161 -0.846489 0.382104 -0.370748 0.196223 0.93969 -0.280142 0.196175 0.939696 -0.280154 0.196185 0.939688 -0.280176 0.196169 0.939693 -0.280168 0.196154 0.939705 -0.280139 0.196153 0.939696 -0.280172 0.196176 0.939691 -0.280171 -0.707117 0.000312807 0.707096 -0.707284 0 0.706929 0.749969 -0.6124 0.250027 0.749969 -0.6124 0.250026 -0.250015 -0.612454 -0.749929 -0.250004 -0.612232 -0.750113 0 -0.707109 -0.707104 0 -0.707109 -0.707104 0 -0.707106 0.707108 0 -0.707106 0.707108 0.998798 0.0256208 0.0417977 0.986004 0.148579 0.0756369 0.773696 -0.0826699 0.628141 -0.0828169 0.216505 0.972762 -0.32192 -0.194107 0.926655 -0.999321 0.000137315 0.0368417 0.000616291 1 3.20621e-05 -0.0434331 -0.998733 -0.0254197 -0.994117 0.108312 0 -0.931364 0.364085 0.00173084 -0.908853 0.417067 0.00635105 -0.634061 0.773283 -0.000732063 -0.607304 0.794469 0.000863025 -0.444877 0.895591 -0.00119424 -0.388503 0.921432 -0.00533303 -0.0495715 0.998767 0.00250439 -0.11539 -0.991582 0.0587395 -0.314409 0.893615 -0.320311 0 -1 0 0 -1 0 1 0 0 1 -0.000199723 -0.000199722 1 -0.000124816 0 1 -1.49792e-05 3.99346e-05 -1 0 0 -1 0 0 -1 0 0 -1 0 0 0 0 -1 0 0 -1 -0.591183 -0.340697 -0.731046 0 0 -1 0 0 -1 0 0 -1 0.612547 0.499662 -0.612474 0.49025 0.739457 -0.461365 0.127843 0.985294 -0.113371 0.00909093 0.999305 -0.0361404 0.353605 -0.865993 -0.353581 0.353518 -0.866048 -0.353533 -0.612437 -0.500041 0.612274 -0.61236 -0.499991 0.612392 -0.612385 -0.499984 0.612373 -0.61236 -0.499997 0.612387 0.61238 0.500249 -0.612161 0.612233 0.50018 -0.612365 0.612405 0.499968 -0.612366 0.612406 0.499968 -0.612365 -0.827217 0.125721 -0.547637 -0.844907 0.0950249 -0.526405 -0.883964 0.00427038 0.467535 -0.592636 0.178667 0.785405 -0.0674454 -0.188617 0.979732 0.482133 0.0883545 0.871632 0.924104 -0.297426 0.239936 0.993801 0.000543835 -0.111172 0.296491 -0.0398447 -0.954204 0.241063 -0.0925673 -0.966085 0.132905 0.271133 -0.953322 -0.45821 -0.280981 -0.843264 -0.834451 0.338084 -0.435191 -0.97005 -0.155029 0.186999 0.208763 0 -0.977966 0.296809 0.0634503 -0.952827 -0.891494 -0.0113705 -0.45289 -0.797846 -0.247752 -0.549601 -0.724896 -0.287348 -0.626065 0.532525 0.460581 0.710128 0.275154 0.250957 0.928068 0.837998 -0.313261 0.446797 -0.00761707 0.00511619 0.999958 0 0 1 0 0 1 0 0 1 0 0 1 -0.707239 0.000224693 -0.706975 -0.707074 4.13644e-05 -0.70714 -0.707019 4.54522e-05 -0.707194 -0.826293 0.00449212 -0.563223 0 1 0 0 1 0 0 1 0 0.000336248 1 -0.000287306 0.000140418 1 7.09434e-05 -7.96563e-06 1 1.28938e-05 0.000134043 1 3.48032e-05 -1.15189e-05 1 8.86519e-06 1.80092e-05 1 -5.81842e-06 0 1 0 0 1 0 0 1 0 0 1 0 0 1 0 0 1 0 -0.000105274 1 0.000271032 0.000133485 1 4.62912e-05 0 1 0 -6.77206e-06 1 -9.22207e-06 0 1 0 3.62673e-05 1 4.93882e-05 -3.12164e-05 1 9.31091e-06 0 1 0 0 1 0 0 1 0 0 1 0 0 1 0 0 -1 0 -2.14062e-05 1 -1.59952e-05 -3.4841e-05 1 3.79853e-06 0 1 0 0 1 0 0 1 0 0 1 0 0 1 0 0 1 0 0 1 0 0 1 0 0 1 0 0 1 0 0 1 0 0 1 0 0 1 0 0 1 0 0 1 0 0 1 0 0 1 0 0 1 0 0 1 0 0 1 0 0 1 0 0 1 0 0 1 0 0 1 0 0 1 0 0 -1 0 1.70127e-05 -1 -0.000122032 0.00011027 -1 -1.97056e-06 0 -1 0 0 -1 0 0 -1 0 0 -1 0 0 -1 0 0 -1 0 7.31429e-05 -1 5.74815e-05 0 -1 0 0 -1 0 0 -1 0 0.82252 -0.335775 0.459038 0 -1 0 0 -1 0 0 -1 0 0 -1 0 0 1 0 0 -1 0 0 -1 0 0 -1 0 0.999986 -0.0027969 -0.00450396 0 0 1 0 0 1 0 0 1 0.70715 0.000349577 0.707063 0.707005 -1.69367e-05 0.707209 0.707059 -2.0478e-05 0.707154 0.707062 9.62269e-05 0.707151 -0.707116 -0.00019696 -0.707097 -0.707145 0 -0.707068 -0.702598 -0.0201011 -0.711303 -0.819163 -9.1062e-05 -0.573561 -0.818619 -0.00241401 -0.574332 -0.819172 9.16673e-05 -0.573547 -0.819478 0.00015671 -0.57311 -0.819154 -7.13138e-05 -0.573574 -0.113356 -0.224613 -0.967832 -0.819135 0.000129713 -0.573601 0.81826 0.000652417 0.574848 0 -1 0 0 -1 0 0 -1 0 0 -1 0 0 -1 0 0 -1 0 0 1 0 0 1 0 0 -1 0 0 -1 0 0 -1 0 0 0 1 0 0 1 0 0 1 0 0 1 0 0 1 0 0 1 -0.915946 0.395591 0.0674597 -0.857388 0.514579 -0.00974552 -0.359319 0.932827 0.026885 -0.281859 0.956807 0.0712466 0.146385 0.989227 0.00106729 0.345833 0.938271 0.00690458 0.425249 0.90471 0.0257309 0.681776 0.731248 -0.021415 0.764122 0.645061 0.00375992 0.993593 -0.072396 0.0867906 0.96883 0.240826 -0.0580537 0.818149 -0.57115 -0.0664867 0.667715 -0.742278 0.056399 -0.117781 -0.989364 -0.0853637 -0.208639 -0.97758 -0.0284172 -0.852425 -0.522612 0.0157526 -0.910071 -0.408323 -0.0710226 0 -1 0 0 -1 0 0 -1 0 0 -1 0 -0.366116 -0.715593 0.594884 0 -1 0 0 -1 0 0 -1 0 0 -1 0 -0.635723 -0.728673 0.254739 -0.643575 -0.72262 0.252252 -0.261165 -0.713436 0.650233 -0.154702 -0.71897 0.677605 -0.688518 -0.716859 0.109799 0 -1 0 0 -1 0 0 -1 0 0.0625795 -0.715439 0.695867 -0.686925 -0.71569 -0.126182 0 -1 0 0 -1 0 0 -1 0 0 -1 0 0.155761 -0.71434 0.682244 0 -1 0 0.239503 -0.748953 0.617825 0 -1 0 0 -1 0 -0.618177 -0.753148 -0.225001 0 -1 0 0 -1 0 0 -1 0 0 -1 0 0 -1 0 0 -1 0 0 -1 0 0 -1 0 0.448042 -0.717021 0.533985 0 -1 0 -0.510243 -0.717972 -0.473464 0 -1 0 0.521362 -0.718723 0.460022 0 -1 0 0 -1 0 -0.381374 -0.773171 -0.506715 -0.318765 -0.715339 -0.621836 0 -1 0 0 -1 0 0.617489 -0.761311 0.197769 -0.191775 -0.707794 -0.67989 -0.199129 -0.763536 -0.614297 0 -1 0 0.688844 -0.715833 0.114353 -0.0548558 -0.803247 -0.593115 -0.0633792 -0.784532 -0.616841 0 -1 0 0 -1 0 0 -1 0 0 -1 0 0 -1 0 0 -1 0 0 -1 0 0 -1 0 0 -1 0 0 -1 0 0 -1 0 0.663382 -0.719754 -0.204644 0 -1 0 0 -1 0 0 -1 0 0.263734 -0.78506 -0.560469 0.574778 -0.729023 -0.371693 -4.37178e-05 -1 1.17474e-05 0.374377 -0.792829 -0.480899 0 -1 0 0 -1 0 7.93263e-05 -1 -3.52573e-05 0 -1 0 0 0 -1 0 0 -1 -0.99926 -0.0126543 -0.0363231 -0.99926 0.0126241 0.0363259 -0.32295 0.319056 0.891014 -0.331472 0.483334 0.810256 -0.302349 0.509103 0.805853 -0.347731 0.448352 0.823446 -0.302238 0.509692 0.805522 -0.263629 0.523923 0.809941 -0.219168 0.548777 0.806728 -0.181113 0.553342 0.813026 0.612096 -0.790766 0.00534505 -0.475815 0.726263 0.496126 -0.517081 0.855615 0.0234466 -0.503638 0.863648 0.0214744 -0.404665 0.684214 0.606711 -0.39883 0.738003 0.544322 -0.474773 0.879874 0.0203115 -0.431289 0.902054 0.0169652 -0.492192 0.870095 0.0261056 -0.237217 0.571036 0.785904 -0.38437 0.735608 0.5578 -0.444243 0.895785 0.0147572 -0.291704 0.568017 0.769587 -0.0865064 0.630726 0.771169 -0.209298 0.97766 0.019355 -0.158464 0.633855 0.757045 -0.247836 0.968433 0.0267265 -0.11686 0.647932 0.752681 -0.200175 0.979346 0.0284837 -0.133955 0.630753 0.764334 -0.151987 0.987292 0.0464117 -0.142268 0.988874 0.043446 -0.0590095 0.617706 0.784192 -0.103705 0.994524 0.0129246 -0.202857 0.977886 0.0508825 -0.0120765 0.646847 0.762524 -0.0550092 0.99847 0.00571583 -0.00677981 0.819257 0.573386 0.00290036 0.63042 0.776249 -0.00621568 0.999933 0.00980518 0.045073 0.932052 0.359511 0.0425267 0.998606 0.0312744 0.0496374 0.998392 0.0273851 0.0544141 0.618194 0.78414 0.0911964 0.995707 0.0158248 0.110328 0.638921 0.76132 0.139638 0.990135 0.0115697 0.132843 0.991081 0.0105887 0.0600858 0.915178 0.398546 0.0767123 0.608944 0.789495 0.143713 0.593536 0.791872 0.200528 0.607644 0.768477 0.27443 0.953988 0.12081 0.218111 0.617871 0.755422 0.239172 0.61042 0.755105 0.302996 0.900924 0.31069 0.300171 0.899831 0.316545 0.737167 0.55901 0.379597 0 -0.707107 0.707107 0 -0.707107 0.707107 0 -0.707107 0.707107 0 -0.707107 0.707107 0 -0.707107 0.707107 0.171934 -0.921965 -0.347015 0.6164 -0.469978 0.6318 0.59925 -0.394388 0.696676 0.564619 -0.443269 0.696217 0.588457 -0.23946 0.772255 0.681067 -0.584879 -0.440528 0.608821 -0.655008 -0.44755 0.705325 -0.612573 -0.356752 0.710134 -0.612761 -0.346748 0.663803 -0.547838 -0.509155 0.658799 -0.546591 -0.516935 0.642849 -0.531957 -0.551151 0.465511 -0.782771 -0.412999 0.545935 -0.730774 -0.409785 0.58273 -0.729437 -0.358257 0.605045 -0.484345 -0.631926 0.589795 -0.47136 -0.655715 0.619989 -0.487211 -0.615012 0.585577 -0.675941 -0.447441 0.536972 -0.677575 -0.502547 0.434686 -0.82728 -0.355888 0.309974 -0.863859 -0.39707 0.384692 -0.828589 -0.406758 0.511883 -0.375954 -0.772421 0.466768 -0.774654 -0.426659 0.401619 -0.771293 -0.493771 0.288011 -0.612411 -0.736208 0.236795 -0.397048 -0.886725 0.247017 -0.194031 -0.949386 0.191871 -0.24582 -0.950136 -0.0268909 0.0927893 -0.995323 0.0981492 -0.18574 -0.977685 0.0952716 -0.19533 -0.976099 0.159877 -0.206286 -0.965342 0.167067 -0.211935 -0.962898 0.169179 -0.1671 -0.971317 0.238481 -0.311521 -0.919827 0.437168 -0.658037 -0.613084 0.447217 -0.570713 -0.688683 0.467647 -0.581574 -0.66564 0.444336 -0.574139 -0.687699 0.510607 -0.695249 -0.505875 0.516293 -0.616822 -0.594114 0.0930901 -0.20375 -0.974587 0.183574 -0.219177 -0.95826 0.536496 -0.619487 -0.573069 0.491778 -0.663417 -0.563944 0.553419 -0.718707 -0.420936 0.625378 -0.657367 -0.420441 0.596061 -0.648525 -0.473421 0.579939 -0.648345 -0.493275 0.542934 -0.70309 -0.459224 0.36382 -0.758075 -0.541255 0.366632 -0.697104 -0.616138 0.378212 -0.711887 -0.591754 0.389294 -0.732642 -0.558289 0.383137 -0.747563 -0.542545 0.636867 -0.664591 -0.390792 0.676729 -0.658968 -0.328327 0.188171 -0.265947 -0.945444 0.689081 -0.665788 -0.286172 0.73922 -0.646002 -0.190354 0.732855 -0.660326 -0.163991 0.729124 -0.65837 -0.186889 0.705571 -0.660827 -0.255886 0.676281 -0.708707 -0.200946 0.717614 -0.67178 -0.183687 0.647609 -0.727013 -0.228154 0.574138 -0.729081 -0.372567 0.586065 -0.727703 -0.356337 -0.682703 0.619362 0.387695 -0.68245 0.639041 0.354807 -0.702002 0.630766 0.330648 0.252246 -0.37897 -0.890367 0.614963 -0.734236 -0.287608 0.571237 -0.80976 -0.134079 0.640982 -0.729006 -0.240193 0.603702 -0.771129 -0.20225 0.593701 -0.762648 -0.256685 0.591708 -0.757388 -0.276127 0.634377 -0.728003 -0.259956 0.786782 -0.614149 -0.0615998 0.793708 -0.601527 -0.0905166 0.732042 -0.668832 -0.12953 0.78038 -0.608909 -0.142258 0.730378 -0.67131 -0.126058 0.687023 -0.711598 -0.147065 0.673487 -0.729992 -0.116309 0.810308 -0.585975 -0.00589641 0.800514 -0.59365 -0.0822029 0.816044 -0.576937 -0.0348702 0.767943 -0.635896 -0.076813 0.67735 -0.730424 -0.0876171 0.732133 -0.673503 -0.101855 0.313194 -0.441628 -0.840758 0.81975 -0.569211 0.0633204 0.82832 -0.559435 0.0303051 0.760062 -0.649847 -0.00233754 0.810375 -0.585881 -0.00599208 0.66368 -0.740591 -0.105136 0.653191 -0.74702 -0.123703 0.655388 -0.742674 -0.137484 0.646671 -0.753797 -0.116646 0.716467 -0.68477 -0.133285 0.802203 -0.595982 -0.0357276 0.792288 -0.603132 0.0922557 0.797298 -0.573055 0.189538 0.804974 -0.579293 0.128206 0.728647 -0.677864 -0.0978478 0.714875 -0.696648 -0.0602985 0.713733 -0.699881 -0.0274244 0.700929 -0.71111 -0.0549646 0.755745 -0.654281 -0.0276847 0.710337 -0.70151 -0.0574916 0.73807 -0.602673 0.303377 0.766155 -0.586816 0.262018 0.77282 -0.596148 0.217617 0.773979 -0.629522 0.0682585 0.799534 -0.593449 0.0925438 0.745976 -0.595646 0.297868 0.716418 -0.592814 0.367855 0.374553 -0.477159 -0.795003 0.356288 -0.471131 -0.806904 0.755778 -0.628054 0.18533 0.76114 -0.611813 0.215291 0.774413 -0.62899 0.0682353 0.789289 -0.613934 -0.0103981 0.756822 -0.652864 0.0314479 0.736479 -0.673166 0.0666789 0.723437 -0.681719 0.109077 0.736671 -0.675143 0.0387014 0.739453 -0.672118 0.0383062 0.719682 -0.670108 0.181693 0.708003 -0.600026 0.372425 0.732989 -0.628124 0.261128 0.736917 -0.608193 0.295049 0.685648 -0.631112 0.362746 0.722482 -0.672685 0.159731 0.730751 -0.666489 0.147631 0.766783 -0.624725 0.147521 0.617558 -0.581251 0.529877 0.671702 -0.565898 0.478097 0.668761 -0.595686 0.444879 0.653516 -0.618522 0.436289 0.733293 -0.586885 0.34329 0.732431 -0.62882 0.261016 0.723379 -0.654125 0.221004 0.732706 -0.646973 0.21111 0.724836 -0.65246 0.221151 0.402808 -0.532358 -0.74454 0.592197 -0.54699 0.591697 0.637206 -0.565737 0.523365 0.707025 -0.568668 0.420395 0.708904 -0.640843 0.294576 0.745832 -0.6111 0.265125 0.707445 -0.633823 0.312715 0.702189 -0.648817 0.2932 0.714959 -0.612196 0.337713 0.563529 -0.501818 0.656212 0.589157 -0.548625 0.593215 0.645566 -0.550578 0.529252 0.648105 -0.589445 0.482198 0.58011 -0.566516 0.585263 0.690102 -0.622946 0.36837 0.705891 -0.602007 0.373237 0.694303 -0.587924 0.415077 0.712132 -0.597866 0.368 0.459007 -0.458061 0.761244 0.517764 -0.449774 0.727753 0.541589 -0.510235 0.668088 0.53657 -0.522482 0.66265 0.644615 -0.500127 0.578225 0.734277 -0.533315 0.420016 0.684629 -0.566468 0.458691 0.668001 -0.597514 0.443566 0.676514 -0.58511 0.447187 0.669721 -0.554405 0.494074 0.481525 -0.284819 0.828862 0.424613 -0.372342 0.825267 0.498698 -0.419599 0.758444 0.486365 -0.461382 0.742008 0.606394 -0.443126 0.660247 0.656771 -0.537945 0.528457 0.640394 -0.508779 0.575361 0.642224 -0.562716 0.52048 0.681551 -0.517125 0.517755 0.474172 -0.402851 0.782861 0.552193 -0.3767 0.743761 0.600709 -0.387115 0.699493 0.688207 -0.421318 0.590645 0.604644 -0.447661 0.658791 0.611812 -0.515707 0.599776 0.628515 -0.48104 0.611203 0.570723 -0.453888 0.684295 0.622433 -0.461929 0.631822 0.508845 -0.596654 -0.620548 0.559955 -0.600663 -0.570661 0.509965 -0.600765 -0.615644 0.482043 -0.3631 -0.797366 0.539334 -0.41817 -0.730926 0.546986 -0.422257 -0.722845 0.300009 -0.874192 -0.381817 0.200843 -0.884554 -0.420982 0.223148 -0.900511 -0.37321 0.193237 -0.921949 -0.335663 0.426043 -0.299656 -0.853636 0.467972 -0.31714 -0.824878 0.465035 -0.69297 -0.55094 0.405118 -0.688074 -0.602025 0.235811 -0.896451 -0.375191 0.259224 -0.825388 -0.501536 0.299624 -0.844154 -0.444555 0.247929 -0.809514 -0.532182 0.342216 -0.837719 -0.425577 0.413106 -0.377423 -0.828791 0.350309 -0.304354 -0.885806 0.340995 -0.285879 -0.895542 0.406503 -0.700863 -0.586129 0.340302 -0.801214 -0.492189 0.290785 -0.69064 -0.662164 0.339112 -0.807297 -0.482985 0.339942 -0.753615 -0.562587 0.147956 -0.0240324 -0.988702 -0.0152606 0.131875 -0.991149 0.0653517 0.0350128 -0.997248 0.272486 -0.525076 -0.806255 0.331752 -0.670459 -0.663645 0.296228 -0.556679 -0.776117 0.293366 -0.304662 -0.906155 0.00812798 0.0877532 -0.996109 0.0194411 0.0766511 -0.996868 0.256652 -0.342956 -0.90361 0.247528 -0.414626 -0.87568 0.0357823 0.0370209 -0.998674 0.014104 0.0415979 -0.999035 0.0892704 -0.0495555 -0.994774 0.114204 -0.17346 -0.978197 0.0545618 -0.0709924 -0.995983 0.115337 -0.185828 -0.97579 0.160723 -0.182103 -0.970055 0.139422 -0.170854 -0.975382 0.0805034 -0.0695724 -0.994323 0.0771751 -0.0467273 -0.995922 0.112143 -0.0984753 -0.988801 0.147956 -0.0982617 -0.9841 0.168141 -0.165965 -0.971691 0.0892859 -0.0469062 -0.994901 0.0644076 0.0012063 -0.997923 0.150968 -0.169541 -0.973891 0.222671 -0.347038 -0.911034 0.236991 -0.302941 -0.923072 0.257435 -0.451983 -0.854072 0.242554 -0.389202 -0.888645 0.302035 -0.458702 -0.835684 0.311611 -0.678125 -0.665616 0.365752 -0.696459 -0.61739 0.353263 -0.613913 -0.705915 0.362027 -0.646765 -0.671291 0.366272 -0.679678 -0.635518 0.33429 -0.599264 -0.727415 0.526729 -0.509108 -0.680709 0.515832 -0.505055 -0.69198 0.45351 -0.517999 -0.725262 0.496982 -0.596445 -0.630288 0.180172 -0.0676706 -0.981305 0.463391 -0.425671 -0.777222 0.468741 -0.425694 -0.773994 0.392784 -0.389667 -0.832995 0.441862 -0.512351 -0.736379 0.420432 -0.380811 -0.823541 0.396714 -0.686608 -0.609252 0.436038 -0.577054 -0.690565 0.393291 -0.639671 -0.660412 0.438299 -0.578333 -0.688059 0.36521 -0.570604 -0.735549 0.267059 -0.196639 -0.943405 0.322693 -0.436269 -0.839963 0.397473 -0.449048 -0.800232 0.37416 -0.453935 -0.80867 0.348828 -0.55912 -0.752133 0.137414 -0.0368606 -0.989828 0.129187 -0.0215326 -0.991386 0.0231225 0.0801178 -0.996517 0.0507502 0.0174434 -0.998559 0.00809335 0.1036 -0.994586 0.249205 -0.384593 -0.888811 0.188396 -0.240249 -0.952254 0.195237 -0.242673 -0.950259 0.232806 -0.301858 -0.924491 0.113709 -0.0997774 -0.988491 0.170304 -0.29138 -0.941326 0.297979 -0.452639 -0.840432 0.288065 -0.442125 -0.849438 0.318289 -0.489974 -0.811553 0.33689 -0.54109 -0.770537 0.33833 -0.586806 -0.735657 0.33813 -0.586799 -0.735755 0.297013 -0.4579 -0.83792 0.281605 -0.503588 -0.81676 0.28687 -0.529805 -0.79813 0.275919 -0.512598 -0.813088 0.309902 -0.592159 -0.743848 0.349413 -0.690727 -0.633093 0.342454 -0.766651 -0.543113 0.342312 -0.707086 -0.618751 0.365822 -0.696317 -0.617509 0.369308 -0.764132 -0.52888 0.356903 -0.243034 -0.901973 0.23709 -0.120836 -0.963944 0.36139 -0.251652 -0.897813 0.268604 -0.129331 -0.954529 0.362019 -0.204637 -0.909432 0.427712 -0.185092 -0.884762 0.249355 -0.0965692 -0.963585 0.00988749 0.103245 -0.994607 0.179123 -0.310451 -0.933561 0.190799 -0.278065 -0.941422 0.1195 -0.0586109 -0.991103 0.187198 -0.170806 -0.967358 0.0427485 0.0840793 -0.995542 0.0110867 0.093542 -0.995554 0.0642795 0.0137947 -0.997837 0.0379949 0.0701644 -0.996812 0.185228 -0.0943497 -0.978156 0.297263 -0.329342 -0.896197 0.191122 -0.179956 -0.964929 0.124554 -0.110198 -0.986074 0.123901 -0.108219 -0.986376 0.0649097 0.0117293 -0.997822 0.0592858 0.0185264 -0.998069 0.769144 -0.622704 -0.143728 0.77202 -0.624939 -0.115916 0.566361 -0.80586 -0.172698 0.590471 -0.790754 -0.16141 0.608283 -0.780595 -0.143746 0.592321 -0.792542 -0.14503 0.996265 0.0862696 -0.00369162 -0.938301 0.344834 0.0260876 0 0 1 0 0 1 0.242212 -0.969508 0.0372643 0 0 1 0 0 1 -0.688014 0.704447 0.17433 -0.682326 0.71369 0.158359 -0.689726 0.714414 0.117853 -0.695664 0.705525 0.135225 -0.690826 0.721346 0.0491966 -0.705488 0.702229 0.0957102 -0.679937 0.731268 0.0541641 -0.70287 0.711203 -0.0127991 -0.717646 0.69625 0.0148753 -0.7078 0.705826 -0.0287945 -0.711776 0.701941 -0.0255708 0.183326 -0.983052 0 0.181863 -0.983319 0.00306846 0.258961 -0.965831 0.0105223 0.240272 -0.969614 -0.046021 0.321466 -0.946854 0.0112438 -0.678343 -0.726177 0.111879 -0.678677 -0.725483 0.114333 -0.680639 -0.727599 0.0856161 -0.704508 -0.685172 0.184954 -0.74948 -0.164598 0.641239 -0.817235 -0.502277 0.28257 -0.834873 -0.456457 0.307627 -0.852436 -0.285224 0.438178 -0.849709 -0.467212 0.244353 -0.875797 -0.306772 0.372653 -0.879992 -0.368343 0.299896 -0.872546 -0.443665 0.204509 -0.891758 -0.359769 0.274471 -0.907714 -0.301314 0.292003 -0.938039 -0.106646 0.329711 -0.772008 -0.532134 0.347616 -0.746183 -0.617845 0.247947 -0.782584 -0.500639 0.37003 -0.690791 -0.719011 0.0763644 -0.794756 -0.377265 0.47543 -0.761914 -0.621828 0.181155 -0.708427 -0.700886 0.083007 -0.708146 -0.70134 0.0815538 -0.710204 -0.701169 0.0630329 -0.785518 -0.584917 0.202074 -0.771291 -0.152506 0.617942 -0.774734 -0.156927 0.612504 -0.725726 -0.685606 0.0571486 -0.784556 -0.607082 0.126186 -0.753716 -0.652584 0.0777619 -0.826434 -0.537782 0.166724 -0.80042 -0.127954 0.585624 -0.737789 -0.674291 0.0316128 -0.851694 -0.134156 0.506577 -0.830696 -0.532889 0.161165 -0.854735 -0.0338554 0.51796 -0.879698 -0.227813 0.417411 -0.851838 -0.134108 0.506348 -0.734851 -0.677537 0.0306426 -0.805655 -0.586184 0.0854895 -0.85183 -0.5103 0.118236 -0.878087 -0.445182 0.175433 -0.802512 -0.590331 0.0865085 -0.867353 -0.0245805 0.497086 -0.90047 -0.15291 0.407151 -0.916408 -0.177408 0.35878 -0.893317 -0.409218 0.185809 -0.917888 -0.163844 0.361438 -0.898126 -0.393179 0.196929 -0.839708 -0.36003 0.406532 -0.837589 -0.202918 0.507217 -0.798309 -0.361436 0.481733 -0.315572 -0.948708 0.0191722 -0.364481 -0.0211471 0.930971 -0.39611 -0.0403731 0.917315 -0.508061 -0.758707 0.407723 -0.390281 -0.0432791 0.919678 -0.522476 -0.768123 0.370142 -0.460376 -0.0614237 0.885596 -0.530767 -0.274327 0.801893 -0.474617 -0.0251487 0.879833 -0.415777 -0.908878 0.0326986 -0.555652 -0.762626 0.331138 -0.598564 -0.719688 0.35181 -0.602347 -0.544923 0.583299 -0.593686 -0.304615 0.744813 -0.625778 -0.566603 0.536062 -0.490293 -0.0201571 0.871324 -0.509044 -0.859146 0.0523682 -0.572527 -0.808277 0.137479 -0.610626 -0.721481 0.326498 -0.541414 -0.0369131 0.839945 -0.543177 -0.0328308 0.838976 -0.589289 -0.797937 0.126627 -0.577411 -0.0194175 0.816222 -0.618773 -0.773191 0.138912 -0.61896 -0.772822 0.140124 -0.66519 -0.71327 0.220835 -0.686476 -0.636467 0.351654 -0.588116 -0.0208004 0.808509 -0.680745 -0.201653 0.704217 -0.67425 -0.174616 0.717562 -0.672976 -0.0850609 0.734757 -0.748764 -0.342263 0.567634 -0.739742 -0.280529 0.611625 -0.190925 -0.728031 0.658421 -0.549082 -0.719831 0.42468 -0.497218 -0.442869 0.746084 -0.604299 -0.23815 0.760334 -0.664019 -0.285159 0.691204 -0.643696 -0.760282 0.0873348 -0.711637 -0.0833684 0.697583 -0.0072452 -0.950768 0.309819 -0.157844 -0.985069 0.0687314 -0.24823 -0.74583 0.618159 -0.277422 -0.0430745 0.959782 -0.355447 -0.601694 0.715278 -0.410982 -0.748826 0.519955 -0.421202 -0.674509 0.606322 -0.49696 -0.516516 0.69731 -0.560146 -0.607274 0.563431 -0.683883 -0.458539 0.567491 -0.715767 -0.494028 0.493573 -0.625303 -0.774606 0.0947721 -0.709144 -0.573998 0.40944 -0.174244 -0.536227 0.825893 -0.170584 -0.552702 0.815734 -0.171713 -0.948762 0.265267 -0.178266 -0.966099 0.186745 -0.273204 -0.892294 0.359404 -0.197294 -0.967666 0.157155 -0.230931 -0.95815 0.16917 -0.280929 -0.933388 0.223307 -0.269804 -0.0423475 0.961984 -0.310712 -0.335973 0.889146 -0.306187 -0.885291 0.350013 -0.253291 -0.94971 0.184102 -0.24334 -0.967082 0.0744147 -0.26798 -0.0411251 0.962546 -0.245402 -0.96903 0.0275487 -0.344555 -0.409543 0.844723 -0.315677 -0.0156783 0.948737 -0.426364 -0.255056 0.867848 -0.09624 -0.0667087 0.99312 -0.128839 -0.0828773 0.988196 -0.177909 -0.254969 0.950441 -0.0110338 -0.995332 0.0958755 -0.0563829 -0.86994 0.489924 -0.0383154 -0.058044 0.997579 -0.0574319 -0.212607 0.975449 -0.054826 -0.10169 0.993304 -0.0616195 -0.923262 0.379196 -0.18554 -0.529719 0.827631 -0.0696216 -0.766167 0.63886 -0.00566722 -0.996359 0.0850665 -0.00623487 -0.996004 0.0890874 -0.046955 -0.873279 0.484953 -0.0279306 -0.522579 0.852133 -0.0559431 -0.488768 0.870618 -0.0626851 0.87108 0.487125 -0.194456 0.0053841 0.980896 0.185548 0.980318 -0.0674369 -0.0750384 0.988834 0.128747 -0.0353935 0.973701 0.225062 0.0123082 0.976042 0.217234 0.152418 0.987519 0.0396935 -0.256656 0.0687763 0.964053 0.19375 0.979776 0.0499962 -0.306671 0.0322265 0.95127 -0.363645 0.0568403 0.929802 -0.412755 0.0301588 0.910343 0.62248 0.779382 0.0712942 0.464552 0.836407 0.290888 -0.57038 -0.00285354 0.821376 -0.640107 -0.0146324 0.768146 0.25318 0.967175 0.0217472 0.344073 0.932637 -0.108639 0.438524 0.852263 -0.285211 0.436563 0.857181 -0.273226 -0.348697 0.0419237 0.936298 0.410751 0.907862 -0.084078 -0.41375 0.0301591 0.909891 -0.417718 0.0333163 0.907965 -0.482228 0.00147761 0.876044 0.571747 0.812312 0.115132 -0.310415 0.378708 0.871908 -0.554146 0.00639986 0.832395 0.315633 0.768573 0.556482 0.330645 0.794923 0.508695 0.377407 0.821232 0.427951 -0.152266 0.582626 0.798349 0.618786 -0.734893 -0.277554 0.00638259 0.915668 0.401884 -0.247671 0.0528421 0.967402 0.030427 0.833936 0.551022 -0.1853 0.469002 0.86354 0.125318 0.75797 0.640138 -0.0255939 0.684828 0.728255 -0.326052 0.328721 0.886359 -0.252835 0.454443 0.85414 -0.347252 0.266638 0.899066 0.204706 0.928417 -0.310061 0.0442875 0.840881 0.539406 -0.171923 0.538421 0.824952 -0.131009 0.811649 0.569264 -0.110085 0.587184 0.801933 0.530614 0.847613 -0.000377319 0.530192 0.847877 3.68056e-05 0.530334 0.847789 -1.04345e-06 0.527991 0.849247 -0.00199664 0.53033 0.847791 5.78825e-06 0.530333 0.84779 -1.54351e-06 0.530332 0.84779 -2.20117e-06 0.530334 0.847789 0 -0.674977 -0.0177589 0.737625 -0.737683 0.00322373 0.67514 -0.741771 0 0.670654 -0.807555 0.00541147 0.589768 -0.798464 0 0.602043 -0.834857 -0.00611521 0.550433 -0.173652 -0.984807 0 -0.173652 -0.984807 0 -0.973263 -0.229695 0 -0.973263 -0.229695 0 -0.960648 -0.277767 0 -0.932518 -0.361123 0 -0.960648 -0.277767 0 -0.932518 -0.361123 0 -0.899873 -0.436152 0 -0.899873 -0.436152 0 -0.831254 -0.555893 -0.000827433 -0.848634 -0.528981 0 -0.792859 -0.609406 0.000266073 -0.777113 -0.629361 -0.000343208 -0.724568 -0.689203 0.000244878 -0.713044 -0.701119 0 -0.665306 -0.746571 0 -0.665306 -0.746571 0 -0.601378 -0.798965 0 -0.601378 -0.798965 0 -0.490908 -0.871211 0 -0.490908 -0.871211 0 -0.371819 -0.928305 0 -0.371819 -0.928305 0 -0.262287 -0.96499 0 -0.262287 -0.96499 0 -0.197947 -0.980213 0 -0.197947 -0.980213 0 0 1 0 0 1 0 -1 0 0 -1 0 0 -1 0 0 0 0 -1 0 0 -1 0 0 -1 0 0 -1 0 0 -1 0 0 -1 0 0 -1 0 0 -1 0 0 -1 0 0 -1 0 0 -1 0 0 -1 0 0 -1 0 0 -1 0 0 -1 0 0 -1 0 0 -1 0 0 -1 0 0 -1 0 0 -1 0 0 -1 0 0 -1 0 0 -1 0 0 -1 -0.000248352 0.000260236 1 -3.42431e-05 -0.000194198 1 0 0 1 0 0 1 0 0 1 0 0 1 0 0 1 0 0 1 0 0 1 0 0 1 0 0 1 0 0 1 0 0 1 0 0 1 0 0 1 0 0 1 0 0 1 0 0 1 0 0 1 0 0 1 0 0 1 0 0 1 0 0 1 0 0 1 1 0 0 1 -8.62878e-06 0 1 2.95017e-07 3.56633e-06 1 0 -8.87577e-06 0 -1 0 0 -1 0 0 -1 0 0 -1 0 1 0 0 1 0 0 1 -0.000266112 0.000178564 1 -4.12819e-05 3.28398e-05 0 0.000103389 -1 6.3511e-05 7.05015e-05 -1 0 0 -1 0 0 -1 0 0 -1 0 0 -1 0 0 -1 0 0 -1 -1 0 0 -1 0 0 -0.468219 -0.0156073 0.883475 -1 0 0 0 0 1 0 0 1 0 0 1 0 0 1 0 0 1 0 -1 0 0 -1 0 0 -1 0 0 -1 0 0 -1 0 0 -1 0 0 -1 0 0 -1 0 -0.495149 0 0.868808 -0.495149 0 0.868808 0 -1 0 0 -1 0 0 -1 0 0 -1 0 -0.711022 -5.50525e-05 0.70317 -0.710996 -8.79267e-05 0.703196 -0.710988 -8.63312e-05 0.703204 -0.710935 -0.000167998 0.703258 0.711224 0.000175607 -0.702965 0.711096 0 -0.703095 0.711048 -1.48049e-05 -0.703143 0.711121 8.98691e-05 -0.70307 0.703145 1.65903e-05 0.711047 0.703148 3.80726e-05 0.711043 0.703133 -7.62771e-06 0.711058 0.713981 0.00704557 0.70013 0.49723 -0.707134 0.502717 0.497211 -0.707093 0.502794 0.497169 -0.707127 0.502786 1 0 0 1 0 0 0.9999 0.000152427 -0.014124 1 0 0 1 0 0 1 0 0 1 0 0 0.000620545 6.28331e-05 -1 0.101081 -4.1963e-05 -0.994878 0.198039 0.00285934 0.98019 0.335658 0.00121726 -0.941983 0.408212 -0.000336695 -0.912887 -0.641076 -0.00220529 0.767474 0.57905 0.000504363 -0.815292 0.567458 -7.23874e-05 -0.823402 0.70647 -0.000182325 -0.707743 0.741066 0.000360605 -0.671433 0.889811 -0.000784168 -0.456329 0.969135 0.000208845 -0.246529 0 0 -1 0 0 -1 0 0 -1 -0.999998 0.00027827 -0.00177094 -0.999997 0.000453679 -0.00246848 -1 0 0 -1 0 0 -1 -5.61587e-05 0.000697926 -1 -2.29059e-05 -6.76343e-05 0.620338 0 -0.784334 0.615213 -0.000109305 -0.788361 0.705989 -0.000910406 -0.708222 0.653295 -5.97237e-06 -0.757103 0.717005 -0.000384221 -0.697068 0.806872 -0.00177806 -0.590724 0.781135 -0.000369428 -0.624362 0.867574 0.000712326 -0.497308 0.89823 -0.00112977 -0.439525 0.926651 0.00077802 -0.375923 0.970258 -0.00141349 -0.242071 0.976527 -0.000131803 -0.215394 -0.998953 0.00636085 -0.0453099 0.996428 -0.00051272 -0.0844449 -0.998316 -0.000450553 -0.0580055 -0.983019 0.00127077 -0.1835 -0.966834 -0.00024895 -0.255406 -0.929924 0.00130653 -0.36775 -0.916114 7.60268e-05 -0.400918 -0.83923 4.36e-05 -0.543776 -0.842246 0.000158304 -0.539093 -0.758848 -0.000324099 -0.651267 -0.666927 -0.00333664 -0.745115 -0.573391 0.00238221 -0.819278 -0.421077 -0.00293349 -0.90702 -0.31925 0.00181769 -0.947669 -0.0848811 -0.0019451 -0.996389 -0.00721203 -0.00567116 -0.999958 0 -1 0 0 -1 0 0 -1 0 0 -1 0 0 -1 0 0 -1 0 0 -1 0 0 -1 0 0 -1 0 0 -1 0 0 -1 0 0 -1 0 0 -1 0 0.983967 -0.00145553 -0.178346 -0.198039 0.00181654 -0.980192 0 -1 0 0 -1 0 0 -1 0 0 -1 0 0.873467 -0.00174702 -0.486881 0 -1 0 0 -1 0 0 -1 0 0 -1 0 0 -1 0 0 -1 0 1 0 0 1 0 0 1 -1.36965e-05 2.52882e-05 1 6.64965e-06 -0.000225879 1 0 0 0 0 -1 0 0 -1 0 0 -1 0 0 1 0 0 1 0 0 1 -0.505995 0.0016389 0.862535 -1 -6.00909e-06 -4.04251e-07 -1 -1.57575e-05 1.84328e-05 -1 0 0 -1 0 0 -1 -5.87806e-06 -8.86398e-06 0.542184 0.00266746 -0.840256 0 -1 0 0 -1 0 0 -1 0 0 -1 0 0 -1 0 0 -1 0 0 -1 0 0 -1 0 0 -1 0 0.410453 -0.000102734 -0.911882 0.412291 0 -0.911052 0.224745 -0.00272018 -0.974414 0.279638 7.71551e-05 -0.960105 0.0917256 0.000747118 -0.995784 0.00102924 -0.00250167 -0.999996 -0.0762111 0.000643535 -0.997092 -0.181307 -0.000355681 -0.983426 -0.209966 0.000370066 -0.977709 -0.314854 -0.000543872 -0.94914 -0.321655 -0.000318763 -0.946857 -0.49276 -0.00265388 -0.870161 -0.462578 -0.000549932 -0.886578 -0.602422 0.000322304 -0.798178 -0.69609 -0.00286413 -0.717949 -0.733674 0.000667932 -0.679501 -0.819312 0.00286248 -0.573341 -0.999527 -0.0307563 0 -0.485035 -0.201318 0.851006 -0.484952 -0.201374 0.85104 -0.484988 -0.201322 0.851032 -0.485029 -0.201224 0.851032 -0.484958 -0.201352 0.851042 -0.484975 -0.201416 0.851018 -0.485096 -0.201665 0.850889 0.595706 0 -0.803203 0.595715 0 -0.803196 0.59569 -8.07363e-06 -0.803215 0.595684 -8.07221e-06 -0.803219 0.595706 0 -0.803203 -0.595721 0 0.803192 -0.595721 0 0.803192 -0.595725 -0.000115863 0.803188 -0.595785 -0.000140782 0.803144 -0.595779 -0.000150652 0.803149 0.495158 -2.18509e-05 -0.868803 0.495199 0 -0.868779 0.495154 -2.04751e-05 -0.868805 0.495051 0 -0.868864 -0.476705 0.633612 -0.609334 -0.48033 0.634086 -0.605985 -0.530121 0.586028 -0.612816 -0.583321 0.528105 -0.617124 -0.630073 0.481424 -0.609293 -0.621859 0.498499 -0.603978 -0.66183 0.439566 -0.607258 -0.652209 0.463616 -0.599736 -0.68662 0.408999 -0.60106 -0.744267 0.261271 -0.614658 -0.795712 0.539621 -0.275048 -0.405216 0.650485 -0.642393 -0.516178 0.608088 -0.603149 -0.567802 0.564557 -0.599063 -0.745033 0.524933 -0.411547 -0.714788 0.389138 -0.581077 -0.817808 0.560999 -0.128338 -0.730933 0.372487 -0.57183 -0.734308 0.387702 -0.557207 -0.667686 0.334994 -0.664812 -0.729961 0.325831 -0.600826 -0.791889 0.202121 -0.576245 -0.790269 0.205782 -0.577173 -0.840984 0.146532 -0.520841 -0.842053 0.14253 -0.520224 -0.870037 0.0935524 -0.484029 -0.79676 0.171391 -0.579482 -0.988366 0.1304 -0.078285 -0.992207 0.111557 -0.0555021 -0.996519 0.0833594 -0.00142064 -0.265487 0.964115 1.99341e-05 -0.299173 0.954199 -2.58062e-05 -0.301911 0.953336 -9.79296e-05 -0.233921 0.972256 9.60651e-05 -0.256623 0.966511 -0.000184505 -0.163103 0.986609 -8.32234e-05 -0.20042 0.97971 5.8629e-05 -0.210759 0.977538 -0.000185293 -0.121034 0.992648 3.54181e-05 -0.164392 0.986395 -3.72512e-05 -0.0741458 0.997247 8.6206e-05 -0.117673 0.993052 -8.10496e-05 -0.0247321 0.999694 4.72401e-05 -0.0707078 0.997497 -4.48514e-05 -0.0236114 0.999721 0 -0.729686 0.683782 0 -0.729686 0.683782 0 -0.769766 0.638326 0 -0.769766 0.638326 0 -0.807025 0.590518 0 -0.807025 0.590518 0 -0.859885 0.510462 0.00516644 -0.849403 0.527744 0 -0.879822 0.475303 1.38285e-06 -0.895743 0.444559 -0.00352052 -0.910287 0.413885 0.00875858 -0.923282 0.384122 -0.00034925 -0.934203 0.356733 0.00258474 -6.32952e-05 0.707263 0.70695 -0.594921 0.34627 0.725373 0 0 1 -0.529238 0.22364 0.81847 -0.462332 0.467628 0.753375 -0.28598 0.568225 0.77158 -0.0904919 0.498542 0.862129 -0.707107 0 0.707107 -0.707107 0 0.707107 -0.103617 -0.761938 0.639308 -0.00317417 -0.530725 0.847538 -0.00273325 -0.527999 0.849241 -0.147758 -0.639244 0.754675 -0.439025 -0.533852 0.722675 -0.300546 -0.629206 0.716778 -0.398879 -0.394634 0.827744 -0.441308 -0.536448 0.719354 -0.463094 -0.0437281 0.88523 -0.586332 -0.356176 0.727567 -0.629951 -0.332667 0.701779 -0.565051 -0.150973 0.811125 0 0 -1 0 0 1 0 0 1 0 0 1 0 0 1 0 0 1 0 0 1 0 0 1 0 0 1 0 0 1 0 0 1 0 0 1 0 0 1 0 0 1 0 0 1 5.74397e-05 0.000559192 1 0 0 1 -0.000178509 -0.000264424 1 0 0 1 0 0 1 0 0 1 0 0 1 0 0 1 0 0 1 0 0 1 0 0 1 0 0 1 0 0 1 0 0 1 0 0 1 0 0 1 0 0 1 0 0 1 0 0 1 0 0 1 0 0 1 0 0 1 0 0 1 0 0 1 0 0 1 0 0 1 0 0 1 0 0 1 0 0 1 0 0 1 0 0 1 0 0 1 0 0 1 0 0 1 0 0 1 0 0 1 0 0 1 0 0 1 0 0 1 0 0 1 0 0 1 0 0 1 0 0 1 -0.550846 0.834607 0 -0.550843 0.834609 -2.06994e-06 -0.550855 0.834601 0 -0.550837 0.834613 -2.00819e-06 -0.95832 0.285697 0.000369814 -0.962802 0.270197 -0.0023444 -0.857833 0.513928 -0.000534813 -0.860885 0.508798 -0.0013809 -0.703031 0.711084 -0.0103301 -0.666977 0.745078 0.000547499 -0.449818 0.893115 0.00307869 -0.343864 0.938801 -0.0202442 0.129695 0.991547 -0.00372379 -0.129031 -0.987395 -0.0916598 -0.0125708 0.999919 -0.0022373 -0.00473762 -0.999987 0.00188202 -0.225203 -0.974297 -0.005303 -0.20908 -0.977895 -0.00272454 -0.431014 -0.902345 0.00107128 -0.498185 -0.867021 -0.00927845 -0.710856 -0.70329 0.00811799 -0.757312 -0.653048 -0.00265485 -0.88426 -0.466964 0.0053999 -0.913765 -0.406227 -0.00357408 -0.978135 -0.207958 0.00243353 -0.982606 -0.185704 0.000227744 0.897427 -0.440955 -0.0135218 0.154673 0.987965 0.00140223 0.399694 0.916616 -0.00772981 0.505816 0.862637 0.00282589 0.777385 0.629023 -0.0015142 0.811181 0.584794 0.00131234 0.905545 0.424249 -0.00112461 0.936027 0.351926 0.0013686 0.994443 0.10524 -0.00287757 0.997827 0.065893 -0.000432392 0.95803 -0.286667 -0.00103456 0.959013 -0.28336 -0.00072415 0.761705 -0.647922 0.00142094 0.706522 -0.707672 -0.00525863 0.485747 -0.874097 0.00211387 0.301876 -0.953339 -0.00400755 0.130557 -0.991428 0.00507465 0.0252787 -0.99968 -0.000626834 -0.210593 -0.977574 0.000234181 -0.250564 -0.968099 -0.00105366 -0.358284 -0.933613 0.00026116 -0.447496 -0.894286 -0.000881524 -0.549067 -0.835775 0.0020941 -0.673549 -0.739136 -0.00322324 -0.823123 -0.567816 0.00736708 -0.894205 -0.447658 0.000424429 -0.996499 -0.083067 0.00942269 -0.9854 -0.170256 0.000497728 -0.959946 0.280179 0.0019472 -0.948879 0.315636 -0.00147801 -0.817885 0.575382 -0.000441756 -0.677014 0.73592 0.00864336 -0.581514 0.813535 0.00166884 -0.374237 0.927332 0.00170025 0.0579727 0.998315 -0.00248641 -0.348653 0.937243 0.00401411 0.0540903 0.998518 0.00602523 0.13811 0.99041 -0.00380827 0.681567 0.731728 -0.00643043 0.595567 0.8033 0.00310049 0.887665 0.460488 0.00116008 0.925136 0.379608 -0.00457429 0.989466 -0.144623 -0.0064579 0.994397 0.105665 0.00300057 0.950237 -0.311507 0.00356914 0.893728 -0.448602 -0.00269283 0.613174 -0.789946 0.00151732 0.688766 -0.724921 0.00947323 0.260133 -0.965571 -0.00203568 0.147683 -0.988994 0.00902497 -0.250847 -0.968026 -0.00115018 -0.393912 -0.919087 0.0105812 -0.579583 -0.814913 -0.00102861 -0.855223 -0.518247 0.00363107 -0.861644 -0.507508 0.00238854 -0.999203 -0.0397642 -0.00350253 -0.996678 -0.0810874 -0.00766276 -0.927902 0.372818 -0.00196275 -0.884076 0.467242 -0.00973753 -0.571453 0.820494 0.0151759 -0.407154 0.913354 -0.00316469 0.0925821 0.995696 0.00428108 0.302534 0.953128 -0.00457594 0.556531 0.830797 0.00709485 0.68609 0.727512 -0.00266126 0.967943 0.251125 -0.00472126 0.90318 0.429097 0.0119401 0.94801 -0.318233 -0.00225918 0.976083 -0.217199 0.00925096 0.649622 -0.760254 0.00235566 0.622987 -0.782229 -0.00207209 0.0583261 -0.998257 0.00905953 0.00544383 -0.99998 0.00308543 -0.429172 -0.903223 2.80669e-05 -0.56785 -0.82301 0.0141777 -0.790362 -0.612617 -0.00527521 -0.931581 -0.363491 0.00559049 -0.981964 -0.18905 -0.00251454 -0.99104 0.133527 0.00337631 -0.996243 0.0862316 0.0080403 -0.861397 0.50793 -0.00145536 -0.758258 0.65185 0.0116736 -0.607557 0.794275 0.000699173 -0.345675 0.938342 0.00480732 -0.365507 0.930802 0.00345394 -0.0341831 0.999411 -0.00286565 0 0 -1 0 0 -1 0 0 -1 0 0 -1 0 0 -1 0 0 -1 0 0 -1 0 0 -1 0 0 -1 0 0 -1 0 0 -1 0 0 -1 0 0 -1 0 0 -1 0 0 -1 0 0 -1 0 0 -1 0 0 -1 0 0 -1 0 0 -1 0 0 -1 0 0 -1 0 0 -1 0 0 -1 0 0 -1 0 0 -1 0 0 -1 0 0 -1 0 0 -1 0 0 -1 0 0 -1 0 0 -1 0 0 -1 0 0 -1 0 0 -1 0 0 -1 0 0 -1 0 0 -1 0 0 -1 0 0 -1 0 0 -1 0 0 -1 0 0 -1 0 0 -1 0 0 -1 0 0 -1 0 0 -1 0 0 -1 0 0 -1 0 0 -1 0 0 -1 0 0 -1 0 0 -1 0 0 -1 0 0 -1 0 0 -1 0 0 -1 0 0 -1 0 0 -1 0 0 -1 0 0 -1 0 0 1 0 0 1 0 0 1 0 0 1 0 0 1 0 0 1 0 0 1 0 0 1 0 0 1 0 0 1 0 0 1 0 0 1 0 0 1 0 0 1 0 0 1 0 0 1 0 0 1 0 0 1 0 0 1 0 0 1 0 0 1 0 0 1 0 0 1 0 0 1 0 0 1 0 0 1 0 0 1 0 0 1 0 0 1 0 0 1 0 0 1 0 0 1 0 0 1 0 0 1 0 0 1 0 0 1 0 0 1 -0.00790611 0.138699 0.990303 0 0 1 0 0 1 0 0 1 0 0 1 0 0 1 0 0 1 -0.0846675 0.106309 0.990722 -0.0642553 0.1302 0.989403 0 0 1 0 0 1 0 0 1 0 0 1 0 0 1 0 0 1 0 0 1 0 0 1 0 0 1 -1 0 0 -1 0 0 0.568185 -0.0762185 0.819364 0.524167 -0.253832 0.812908 -0.100388 0.40153 0.910327 -0.179443 0.397615 0.899835 -0.691497 -0.709409 0.136274 -0.668717 0.728872 0.146842 -0.0821552 -0.321409 0.94337 0.999851 -0.000681046 0.0172288 0.8516 -0.524162 0.0056629 -0.798372 0.602163 -0.00126474 -0.365699 0.9305 0.0208447 0 0.707107 0.707106 0 0.707107 0.707106 0 0.707107 0.707106 0 0.707107 0.707106 0 0.707107 0.707106 0 0.707107 0.707106 -0.000616407 -1 -0.000111963 0.000166933 -1 0.000442947 0 -1 0 0 -1 0 0 -1 0 0 -1 0 0 -1 0 0 -1 0 0 -1 0 0 -1 0 -9.40724e-07 -0.258865 -0.965914 -3.59675e-05 -0.258692 -0.96596 -2.73893e-05 -0.258752 -0.965944 4.31791e-05 -0.258634 -0.965976 0 -0.258682 -0.965962 -0.549585 0.707 -0.445092 -0.549553 0.707067 -0.445026 -0.549589 0.706994 -0.445098 -0.549458 0.70723 -0.444884 -0.549959 0.706155 -0.445971 -0.549151 0.707947 -0.444123 -0.549998 0.706156 -0.445922 -0.549507 0.707124 -0.444992 -0.549539 0.707093 -0.445002 -0.549508 0.707122 -0.444993 -0.549673 0.70697 -0.445032 -0.549516 0.707112 -0.445 -0.549624 0.707016 -0.445018 -0.549464 0.707154 -0.444998 -0.549435 0.707178 -0.444995 -0.549595 0.70705 -0.445 -0.549472 0.707143 -0.445006 -0.549556 0.707085 -0.444993 -0.54962 0.707046 -0.444976 -0.549527 0.707091 -0.445019 -0.54947 0.707107 -0.445064 -0.549565 0.707101 -0.444957 -0.549588 0.707034 -0.445035 -0.549376 0.707274 -0.444915 -0.549536 0.707096 -0.445002 -0.549753 0.706855 -0.445115 -0.549352 0.707293 -0.444915 -0.549533 0.707099 -0.445 -0.549533 0.707097 -0.445002 -0.152583 0.702078 -0.695561 -0.137107 0.709918 -0.690809 -0.0715481 0.715366 -0.695077 -0.0893638 0.700115 -0.708416 -0.00158452 0.711403 -0.702783 -0.0202518 0.704133 -0.70978 0.023113 0.705433 -0.708399 0.271182 -0.170999 0.947217 0.276367 -0.111657 0.954544 0.274357 -0.0521949 0.96021 0.274573 0.0439493 0.960561 0.277221 0.00854392 0.960768 0.273412 0.124834 0.953762 0.271775 0.165681 0.947992 0.274092 0.11547 0.954746 0.269452 0.206761 0.940556 0.271493 0.176871 0.946049 -0.729231 0.684268 0.000232229 -0.702461 0.711688 -0.00689631 -0.584604 0.811311 0.00355849 -0.508961 0.860739 -0.009295 -0.405486 0.914092 0.00410627 -0.337613 0.941277 -0.0038157 -0.282741 0.959195 0.00127039 -0.213493 0.976945 0 -0.218731 0.975785 -0.000524878 0.863542 -0.000672727 0.504276 0.834863 -0.00537427 0.550431 0.865957 -0.00999564 0.500018 -0.351573 -0.353996 0.866651 -0.477751 -0.377566 0.79322 -0.372063 -0.375926 0.848675 -0.505621 -0.392182 0.768466 -0.531516 -0.407963 0.742332 -0.393143 -0.397568 0.829083 -0.41521 -0.418859 0.807563 -0.441422 -0.420419 0.792713 -0.551667 -0.438047 0.709774 -0.573421 -0.456926 0.680005 -0.466564 -0.439902 0.767336 -0.593468 -0.474755 0.649926 -0.494074 -0.459149 0.73829 -0.519819 -0.477361 0.708459 -0.611904 -0.491542 0.619645 -0.628221 -0.507218 0.589972 -0.544159 -0.494469 0.677785 -0.566558 -0.5105 0.64684 -0.642223 -0.521673 0.56161 -0.655936 -0.534874 0.532596 -0.587946 -0.525113 0.615284 -0.668453 -0.546903 0.504052 -0.607943 -0.538489 0.583468 -0.680252 -0.557776 0.475546 -0.626744 -0.550595 0.551396 -0.692479 -0.567597 0.445316 -0.644525 -0.561475 0.518973 -0.706337 -0.57611 0.41132 -0.660381 -0.572337 0.486135 -0.721309 -0.582556 0.374622 -0.674152 -0.583697 0.452567 -0.686863 -0.593808 0.419061 0.0312605 -0.00868628 0.999474 -0.0691986 -0.0385417 0.996858 0.100065 -0.0320623 0.994464 0.0279184 -0.0904219 0.995512 -0.0356048 -0.0774851 0.996358 -0.150334 -0.100675 0.983496 -0.0355191 -0.0384047 0.998631 -0.0457652 -0.135505 0.989719 -0.22933 -0.16124 0.959901 -0.095855 -0.125553 0.987445 -0.0961003 -0.10316 0.990012 -0.163032 -0.188024 0.968539 -0.163319 -0.179985 0.970017 -0.117562 -0.189755 0.974768 -0.18648 -0.234372 0.954094 -0.239838 -0.258362 0.935803 -0.298995 -0.246991 0.921736 -0.214677 -0.23319 0.948439 -0.217089 -0.190481 0.957387 -0.319723 -0.245661 0.915111 -0.271898 -0.290122 0.917552 -0.289742 -0.294957 0.910522 -0.326234 -0.313193 0.891898 -0.384806 -0.357025 0.851151 -0.443716 -0.276744 0.852367 -0.383309 -0.309086 0.870368 -0.00495706 -0.999702 -0.0238889 0.00708736 -0.99782 0.065607 -0.00350337 -0.999398 0.0345286 -0.0015187 -0.999938 -0.0110621 -0.0207372 -0.979029 -0.202663 -0.0337417 -0.988487 -0.147495 0.0177018 -0.978983 -0.20317 -0.00484444 -0.996798 -0.0798201 -0.0292543 -0.985658 -0.166199 0.00403992 -0.984037 -0.177916 0.000726858 -0.998722 -0.0505335 -0.00253358 -0.988262 -0.152749 -0.000276959 -0.989817 -0.142347 5.51741e-05 -0.991066 -0.133373 0.00148518 -0.988778 -0.149382 0.00161907 -0.99474 -0.102417 -0.00119823 -0.997338 -0.0729048 -0.00337532 -0.993369 -0.114916 -0.00103053 -0.992541 -0.121905 0.00183742 -0.992493 -0.122287 -0.0010283 -0.992541 -0.121907 -0.0019682 -0.991727 -0.128347 -0.00135175 -0.994623 0.103554 -0.000480842 -0.994946 0.100407 0.00119619 -0.995732 0.0922806 -0.000253669 -0.992872 0.119185 -0.00260775 -0.99339 0.11476 -0.000372676 -0.992883 0.119095 -0.000519112 -0.992881 0.119114 -0.00739869 -0.99224 0.12412 0.0260503 0.980566 -0.194453 0.071151 0.960999 -0.267242 -0.00830426 -0.991644 0.128739 -0.00136289 -0.991945 0.126661 -0.00604161 -0.998178 -0.0600282 -0.00483359 -0.991933 0.12667 -0.00549772 -0.991868 0.127148 -0.00605279 -0.991807 0.127601 -0.00454699 -0.997734 -0.0671208 0.00799478 -0.991451 -0.130234 -0.0025754 -0.999997 -0.000210039 -0.00015119 -1 0.000102677 -0.000131157 -1 0.000109279 -0.000189898 -1 6.94571e-05 0 -1 0 0 -1 0 0.00103105 -0.999999 0.00029029 -0.000755122 -0.999999 -0.0012855 0 -1 0 0 -1 0 0 -1 0 0 -1 0 0.000155766 -0.999993 -0.00366514 0.00344108 0.999832 -0.0179914 0.830399 0.557169 0 0.829947 0.557843 4.02588e-06 0.801632 0.597818 9.82216e-06 0.803354 0.595502 -3.59635e-06 0.771268 0.636511 3.05277e-05 0.779429 0.626491 -6.69391e-06 0.739133 0.673559 2.37679e-05 0.758473 0.651705 -1.33899e-05 0.705243 0.708966 1.61797e-05 0.732428 0.680845 -1.38787e-05 0.669711 0.742622 1.63484e-05 0.699981 0.714161 -1.55102e-05 0.632351 0.774682 1.48513e-05 0.664236 0.747523 -1.49803e-05 0.593662 0.804714 1.33791e-05 0.627304 0.778775 -1.30529e-05 0.553461 0.832875 1.13418e-05 0.589188 0.807996 -1.08155e-05 0.511872 0.859062 8.07637e-06 0.549919 0.835218 -7.55203e-06 0.469165 0.883111 3.81661e-06 0.509794 0.860297 -3.00909e-06 0.47184 0.881684 1.82611e-05 0.425371 0.905019 1.94294e-05 0.433404 0.9012 -1.49088e-05 0.38041 0.924818 2.80935e-05 0.394057 0.919086 -1.51162e-05 0.334615 0.942355 2.6197e-05 0.287927 0.957652 -5.16382e-05 0.351464 0.936201 -3.18735e-05 0.240614 0.970621 -1.6178e-05 0.298394 0.954443 1.848e-05 0.192777 0.981243 -4.56769e-05 0.250755 0.968051 4.00018e-05 0.209178 0.977877 5.83567e-05 0.144421 0.989516 -6.13303e-05 0.166851 0.985982 8.78758e-05 0.09563 0.995417 -9.90988e-05 0.122269 0.992497 9.74662e-05 0.0468177 0.998903 -9.71713e-05 0.0701623 0.997536 7.30992e-05 -0.00233021 0.999997 -6.67261e-05 0.0143351 0.999897 4.35001e-05 -0.0512437 0.998686 -3.87135e-05 -0.0420024 0.999118 1.60285e-05 -0.100287 0.994959 -1.50998e-05 -0.0987283 0.995114 -6.9969e-06 -0.148967 0.988842 5.7148e-06 -0.156581 0.987665 -2.79337e-05 -0.197303 0.980343 -1.10052e-06 -0.20211 0.979363 -2.04759e-05 -0.245056 0.969509 1.73752e-05 -0.257721 0.966219 -3.13128e-05 -0.292333 0.956317 5.96466e-06 -0.301421 0.953491 -2.75988e-05 -0.338955 0.940803 2.26015e-05 -0.355981 0.934493 -3.69144e-05 -0.384606 0.923081 1.10637e-05 -0.399275 0.916831 -3.63095e-05 -0.429425 0.903102 2.67423e-05 -0.44196 0.897035 -9.59628e-06 -0.473204 0.880953 1.41931e-05 -0.474116 0.880463 1.02313e-05 -0.508892 0.86083 -9.90194e-06 -0.515866 0.856669 1.31278e-05 -0.557303 0.830309 2.67416e-05 -0.541295 0.840833 -3.61792e-05 -0.582834 0.812591 -9.99954e-06 -0.597332 0.801994 2.29208e-05 -0.605352 0.795958 -3.49795e-06 -0.635937 0.771741 2.46698e-05 -0.628006 0.778209 -3.38211e-06 -0.661556 0.749896 -3.32945e-05 -0.67295 0.739688 9.51633e-06 -0.696063 0.71798 -4.33249e-05 -0.708503 0.705708 1.21615e-05 -0.729316 0.684177 -2.66945e-05 -0.742291 0.670077 2.20367e-05 -0.758081 0.65216 -2.43245e-05 -0.774213 0.632925 2.06087e-05 -0.778322 0.627865 2.93398e-06 -0.795037 0.606561 -6.73913e-06 -0.804312 0.594207 2.71636e-05 -0.807776 0.58949 1.34311e-05 0.570065 0.811054 0.131214 -0.814372 0.580343 0 -0.537909 -2.20635e-05 0.843003 -0.539193 -0.00483576 0.842168 0 0 -1 0 0 -1 0 0 -1 0 0 -1 0 0 -1 0 0 -1 0 0 -1 0 0 -1 0 0 -1 0 0 -1 0 0 -1 0 0 -1 0 0 -1 0 0 -1 0 0 -1 0 0 -1 0 0 -1 0 0 -1 0 0 -1 0 0 -1 0 0 -1 0 0 -1 0 0 -1 0 0 -1 0 0 -1 0 0 -1 0 0 -1 0 0 -1 0 0 -1 0 0 -1 0 0 -1 0 0 -1 0 0 -1 0 0 -1 0 0 -1 0 0 -1 0 0 -1 0 0 -1 0 0 -1 0 0 -1 0 0 -1 0 0 -1 0 0 -1 0 0 -1 0 0 -1 0 0 -1 0 0 -1 0 0 -1 0 0 -1 0 0 -1 0 0 -1 0 0 -1 0 0 -1 0 0 -1 0 0 -1 0 0 -1 0 0 -1 0 0 -1 0 0 -1 0 0 -1 0 0 -1 0 0 -1 0 0 -1 0 0 -1 0 0 -1 0 0 -1 0 0 -1 0 0 -1 0 0 -1 0 0 -1 0 0 -1 0 0 -1 0 0 -1 0 0 -1 0 0 -1 0 0 -1 0 0 -1 0 0 -1 0 0 -1 0 0 -1 0 0 -1 0 0 -1 0 0 -1 0 0 -1 0 0 -1 0 0 -1 0 0 -1 0 0 -1 0 0 -1 0 0 -1 0 0 -1 0 0 -1 0 0 -1 0 0 -1 0 0 -1 0 0 -1 0 0 -1 0 0 -1 0 0 -1 0 0 -1 0 0 -1 0 0 -1 0 0 -1 0 0 -1 0 0 -1 0 0 -1 0 0 -1 0 0 -1 0 0 -1 0 0 -1 0 0 -1 0 0 -1 0 0 -1 0 0 -1 0 0 -1 0 0 -1 0 0 -1 0 0 -1 0 0 -1 0 0 -1 0 0 -1 0 0 -1 0 0 -1 0 0 -1 0 0 -1 0 0 -1 0 0 -1 0 0 -1 0 0 -1 0 0 -1 0 0 -1 0 0 -1 0 0 -1 0 0 -1 0 0 -1 0 0 -1 0 0 -1 0 0 -1 0 0 -1 0 0 -1 0 0 -1 0 0 -1 0 0 -1 0 0 -1 0 0 -1 0 0 -1 0 0 -1 0 0 -1 0 0 -1 0 0 -1 0 1 0 0 1 0 0.70529 -0.7087 -0.0175853 0.706678 -0.707316 0.01762 0.699946 -0.711306 -0.0641932 0.710373 -0.702699 -0.0398033 0.691113 -0.712408 -0.121807 0.699686 -0.705953 -0.109858 0.685405 -0.705967 -0.178411 0.639739 -0.712338 -0.288632 0.66681 -0.706047 -0.238458 0.602146 -0.713232 -0.358775 0.640119 -0.706028 -0.302939 0.57242 -0.71201 -0.406665 0.547485 -0.699532 -0.459255 0.525729 -0.707053 -0.472953 0.51099 -0.695319 -0.505392 0.456522 -0.714345 -0.530377 0.445742 -0.700382 -0.557476 0.398553 -0.719396 -0.568881 0.404106 -0.690054 -0.600437 0.410897 -0.706823 -0.575817 0.350113 -0.69863 -0.623968 0.346775 -0.71808 -0.603414 0.327062 -0.700485 -0.634312 0.274602 -0.708684 -0.649892 0.274072 -0.709122 -0.649639 0.178221 -0.709142 -0.68217 0.173663 -0.704652 -0.687973 0.116314 -0.711221 -0.693279 0.0425575 -0.71546 -0.697356 0.093699 -0.70276 -0.70523 -0.000111929 -0.696672 -0.717389 0.0117832 -0.709808 -0.704297 -0.066057 -0.696792 -0.714225 -0.0651008 -0.697602 -0.713522 -0.125138 -0.706172 -0.696894 -0.125448 -0.706444 -0.696562 -0.210426 -0.695035 -0.687493 -0.256326 -0.703054 -0.663334 -0.259901 -0.707937 -0.656717 -0.323533 -0.712536 -0.62259 -0.431146 -0.683107 -0.589473 -0.39418 -0.707377 -0.58672 -0.443082 -0.712716 -0.543796 -0.500237 -0.704611 -0.503276 -0.54934 -0.70119 -0.454486 -0.567514 -0.711042 -0.415147 -0.60609 -0.693621 -0.389287 -0.593736 -0.703074 -0.391362 -0.594046 -0.707035 -0.383681 -0.612408 -0.707032 -0.353642 -0.630677 -0.71136 -0.310183 -0.613703 -0.72218 -0.3191 -0.626663 -0.6985 -0.34553 -0.694371 -0.677694 -0.242031 -0.653565 -0.7076 -0.268617 -0.681751 -0.700031 -0.212537 -0.673834 -0.726151 -0.136575 -0.708188 -0.703638 -0.0579868 -0.700941 -0.711877 -0.043745 -0.702402 -0.711181 0.0292014 -0.711864 -0.700376 0.0521876 -0.714574 -0.680864 0.160651 -0.620278 -0.705929 0.341935 -0.601093 -0.715491 0.356035 -0.589595 -0.675274 0.443151 -0.574196 -0.707036 0.412794 -0.552901 -0.707039 0.440903 -0.582243 -0.7025 0.409252 -0.522589 -0.70673 0.476901 -0.551553 -0.702078 0.450418 -0.50741 -0.694777 0.509725 -0.509073 -0.688169 0.51698 -0.489782 -0.706775 0.510474 -0.45455 -0.706968 0.54183 -0.425013 -0.719007 0.549903 -0.449298 -0.698842 0.556553 -0.427048 -0.707074 0.563628 -0.376566 -0.71015 0.594883 -0.323129 -0.699695 0.637193 -0.245513 -0.724759 0.643776 -0.176131 -0.705257 0.686725 -0.0820328 -0.706859 0.702581 -0.0715395 -0.699639 0.710906 -0.0351548 -0.709087 0.704244 0 -0.707189 0.707024 0.0148657 -0.701778 0.712241 0.0823849 -0.706623 0.702778 0.154708 -0.713321 0.683548 0.249077 -0.693973 0.675546 0.23073 -0.706062 0.669507 0.339515 -0.71224 0.614364 0.287636 -0.698612 0.655138 0.298337 -0.716245 0.630863 0.386623 -0.710587 0.587869 0.359308 -0.704832 0.611645 0.413693 -0.702466 0.579137 0.458884 -0.711309 0.532414 0.514583 -0.705843 0.486817 0.576512 -0.712369 0.400204 0.565302 -0.701501 0.43397 0.607986 -0.712124 0.351045 0.606419 -0.705934 0.365942 0.638184 -0.708734 0.300695 0.664016 -0.70663 0.244453 0.637759 -0.704833 0.310601 0.677758 -0.696523 0.235584 0.691122 -0.698661 0.184993 0.681634 -0.711742 0.169703 0.700527 -0.706861 0.0980288 0.703387 -0.708848 0.0527407 0.710755 -0.702765 0.030788 0 -1 0 0 -1 0 0 -1 0 0 -1 0 0 -1 0 0 -1 0 0 -1 0 0 -1 0 0 -1 0 3.16703e-05 -1 1.805e-05 -7.57208e-05 -1 4.1999e-05 0 -1 0 0.000168886 -0.999999 0.00115592 0.00105344 -0.999999 -0.000614461 2.42154e-05 -1 9.36117e-07 4.10676e-05 -1 -5.55074e-05 -3.73391e-05 -1 6.22133e-05 0 -1 0 -0.00458706 -0.999989 0.000633551 0 -1 0 0 -1 0 0 -1 0 0 -1 0 0 -1 0 0.334595 -0.852237 0.402168 0 -1 0 0 -1 0 0 -1 0 0 -1 0 0 -1 0 5.47624e-05 -0.000277887 1 0 0 1 1 1.87574e-05 0 1 -1.62299e-05 -6.01514e-05 -0.175355 -0.259772 -0.949615 -0.188796 -0.275626 -0.942542 -0.128008 -0.253033 -0.958952 -0.0953537 -0.276635 -0.956232 -0.0393253 -0.233126 -0.971651 0.000241295 -0.268414 -0.963304 0.09591 -0.278232 -0.955714 0.0555198 -0.234824 -0.970451 -0.0207907 -0.271035 0.962345 0.181506 -0.257835 -0.948987 0.134703 -0.259931 -0.956186 0.13846 -0.257993 -0.956174 0.175546 -0.265634 -0.947957 0.13916 -0.258929 -0.955819 0.288875 -0.256868 -0.922264 0.227852 -0.259875 -0.938376 0.253645 -0.266624 -0.929826 0.209709 -0.247777 -0.945848 0.208428 -0.269866 -0.940069 0.301328 -0.251805 -0.919672 0.36425 -0.246281 -0.898147 0.300206 -0.265267 -0.916248 0.329363 -0.271498 -0.904328 0.435891 -0.250877 -0.864326 0.417713 -0.271755 -0.866986 0.389992 -0.251545 -0.885794 0.388511 -0.265291 -0.882429 0.502874 -0.265598 -0.822542 0.488977 -0.278163 -0.826757 0.469601 -0.253415 -0.845728 0.609273 -0.246188 -0.753775 0.559114 -0.254019 -0.789218 0.569833 -0.262764 -0.778618 0.62164 -0.255013 -0.74063 0.544861 -0.268118 -0.794506 0.680211 -0.246166 -0.690445 0.628241 -0.265386 -0.731358 0.681268 -0.273357 -0.67908 0.631183 -0.248402 -0.734782 0.744631 -0.246175 -0.620421 0.744284 -0.27388 -0.609123 0.697003 -0.265449 -0.666125 0.698321 -0.25874 -0.667384 0.800508 -0.252271 -0.543642 0.755939 -0.261277 -0.600242 0.853778 -0.2447 -0.459548 0.843867 -0.270605 -0.463315 0.816572 -0.26405 -0.51331 0.81512 -0.25954 -0.517898 0.860983 -0.263491 -0.435063 0.864348 -0.249279 -0.436763 0.892907 -0.249421 -0.374842 0.891922 -0.271736 -0.361433 0.900308 -0.260287 -0.34885 0.926687 -0.263168 -0.268316 0.91299 -0.255511 -0.318062 0.898752 -0.266401 -0.348247 0.919052 -0.270156 -0.286983 0.927927 -0.268916 -0.258138 0.94797 -0.26064 -0.182812 0.938366 -0.257228 -0.230875 0.946104 -0.270828 -0.177596 0.93287 -0.249811 -0.259514 0.961303 -0.258604 -0.0949812 0.954994 -0.258861 -0.144834 0.950873 -0.261176 -0.166216 0.95783 -0.26965 -0.0992501 0.948693 -0.269222 -0.165835 0.965434 -0.250417 -0.0723116 0.963871 -0.265943 0.0150796 0.966001 -0.258107 -0.0149586 0.963976 -0.260252 -0.0549415 0.960353 -0.269346 -0.0719311 0.964163 -0.26519 -0.00798446 0.962501 -0.270331 0.0226545 0.96122 -0.258767 0.0953731 0.964939 -0.256592 0.0552577 0.959404 -0.272712 0.0719161 0.967868 -0.250426 0.0227808 0.947196 -0.257387 0.191237 0.95523 -0.256038 0.148256 0.960953 -0.250457 0.117651 0.947492 -0.272673 0.167057 0.95559 -0.270482 0.116994 0.933202 -0.252759 0.255436 0.94476 -0.25049 0.211387 0.926162 -0.272613 0.260588 0.939721 -0.269657 0.210259 0.915823 -0.264827 0.301886 0.891629 -0.254619 0.374389 0.915049 -0.260478 0.307955 0.895653 -0.272538 0.351466 0.919435 -0.250567 0.303076 0.881621 -0.265443 0.390236 0.863827 -0.246224 0.439519 0.88524 -0.250625 0.391838 0.864983 -0.266183 0.425383 0.818734 -0.25109 0.51636 0.842935 -0.248772 0.477047 0.837661 -0.253944 0.483566 0.80155 -0.26345 0.536761 0.838044 -0.269708 0.474279 0.781723 -0.268593 0.56282 0.793936 -0.253756 0.552516 0.753763 -0.265804 0.60099 0.734668 -0.256356 0.628128 0.690088 -0.26623 0.672978 0.63641 -0.25122 0.729295 0.663313 -0.253019 0.704271 0.676938 -0.278775 0.681205 0.618677 -0.271882 0.737101 0.535888 -0.266799 0.801025 0.586039 -0.26695 0.765046 0.598716 -0.254174 0.759562 0.470014 -0.254549 0.845158 0.522788 -0.259514 0.812001 0.400289 -0.254028 0.880477 0.439905 -0.263282 0.858584 0.268215 -0.258453 0.928042 0.342481 -0.257047 0.903678 0.353507 -0.261057 0.898266 0.208025 -0.254289 0.944491 0.263365 -0.260242 0.928931 0.131259 -0.25416 0.958214 0.17068 -0.263377 0.949474 0.0689928 -0.259216 0.963352 0.0651003 -0.261793 0.962926 -0.999136 -0.0415492 0 -0.999569 -0.0138553 -0.0258784 -0.990802 -0.135319 0 -0.990802 -0.135319 0 -0.972402 -0.233312 0 -0.972402 -0.233312 0 -0.942501 -0.334204 0 -0.942501 -0.334204 0 -0.918219 -0.396073 0 -0.918219 -0.396073 0 -0.871458 -0.490342 0.011219 -0.876514 -0.481376 0 -0.833903 -0.551797 -0.0112185 -0.803794 -0.593235 0.0445816 -0.75699 -0.653262 -0.0146749 -0.723458 -0.690174 0.0163797 -0.688082 -0.725287 -0.0224252 -0.655422 -0.755245 0.00518334 -0.572407 -0.819893 0.0112098 -0.594825 -0.803631 -0.0189759 -0.4668 -0.883238 0.0445907 -0.511918 -0.858961 -0.011224 -0.398581 -0.917016 -0.0146692 -0.35236 -0.935721 0.0163826 -0.321837 -0.946753 -0.00888423 -0.262828 -0.964843 0 -0.24674 -0.968958 0.0155192 -0.159996 -0.987118 0 -0.159996 -0.987118 0 -0.0608908 -0.997964 0.0189756 -0.0782722 -0.996932 0 0.0166192 -0.999848 -0.0051791 0.0332384 -0.999434 0.0051791 0.138036 -0.990133 0.024151 0.0830221 -0.996494 -0.0103616 0.187249 -0.982203 -0.0146714 0.219051 -0.975698 0.00554231 0.28406 -0.958457 -0.0258761 0.310599 -0.950541 0 0.373066 -0.927805 0 0.373066 -0.927805 0 0.468451 -0.883418 0.0112192 0.459362 -0.888249 0 0.554032 -0.83228 0.0189628 0.530833 -0.847402 -0.0112216 0.616954 -0.786982 -0.00519075 0.62997 -0.776602 0.00518232 0.708037 -0.706086 0.0112139 0.688131 -0.725339 -0.0189706 0.774738 -0.631997 0.0189682 0.757024 -0.653291 -0.0112231 0.82151 -0.570171 -0.00518324 0.830885 -0.55642 0.00518708 0.884701 -0.466024 0.0112227 0.871352 -0.490292 -0.0189657 0.915956 -0.401122 -0.0112189 0.93443 -0.353346 0.0445837 0.959457 -0.281474 -0.0146627 0.972273 -0.233275 0.0163954 0.982578 -0.184492 -0.0224208 0.993306 -0.113316 0.0224289 0.997174 -0.0747312 -0.00775774 0.99969 -0.013854 0.0207117 0.999965 0.00830905 0 0.995823 0.0913011 0 0.995823 0.0913011 0 0.984809 0.173642 0 0.984809 0.173642 0 0.966992 0.254806 0 0.966992 0.254806 0 0.947921 0.318506 0 0.94245 0.334186 0.0103503 0.930877 0.365333 -3.06035e-06 0.906733 0.421279 0.0189746 0.894818 0.446291 -0.0112232 0.860375 0.509539 0.0112134 0.802111 0.597152 0.00518183 0.845832 0.533112 -0.018976 0.742224 0.669776 0.0224231 0.781735 0.623417 -0.0155287 0.715847 0.698214 -0.00777102 0.651936 0.757557 0.0329639 0.634264 0.773116 0 0.532039 0.84672 0 0.521291 0.853061 -0.0232848 0.409157 0.91232 0.0162243 0.398615 0.917118 0 0.310599 0.950541 0 0.28406 0.958457 0.0258761 0.230623 0.973043 5.33849e-06 0.187229 0.982098 0.0207139 0.165448 0.986219 0 0.0830266 0.996547 0 0.0830266 0.996547 0 0.0166194 0.999862 0 0 0.999879 -0.0155314 -0.0664409 0.997777 0.00518081 -0.0995526 0.994911 -0.015526 -0.149022 0.988712 0.0155384 -0.198126 0.980054 -0.0155286 -0.246725 0.968961 0.0155314 -0.341985 0.939577 0.0155376 -0.278823 0.960329 -0.00517705 -0.378121 0.925525 -0.0207004 -0.433874 0.90094 0.00777045 -0.521371 0.853189 0.0155365 -0.453027 0.891452 -0.00887063 -0.535547 0.844505 0 -0.612535 0.790323 0.0137993 -0.603799 0.797136 0 -0.680176 0.733049 3.41209e-06 -0.68821 0.725411 0.0120849 -0.774822 0.632079 0.0112225 -0.756926 0.653225 -0.0189722 -0.818311 0.574667 -0.0112152 -0.833817 0.551715 0.018976 -0.874203 0.485533 -0.00517797 -0.882149 0.470943 0.00517342 -0.926711 0.375608 0.0112177 -0.915839 0.401097 -0.0189861 -0.959392 0.281439 0.0189721 -0.95134 0.30794 -0.0112165 -0.97493 0.222512 -8.49207e-06 -0.986341 0.162675 0.025867 -0.984688 0.173633 0.0155183 -0.996261 0.0857743 -0.0103614 -0.997918 0.063665 0.0103494 -0.706623 0.000341789 0.70759 -0.707115 1.50338e-05 0.707099 -0.707076 -7.58643e-05 0.707137 -0.707129 0 0.707084 -0.707119 -2.30231e-05 0.707095 0.998309 -0.0581281 0 0.997199 -0.0747162 0.00344226 0.992239 -0.124344 -1.62397e-09 0.971092 -0.238705 0 0.984805 -0.173665 0 0.987553 -0.157268 0.00229558 0.971092 -0.238705 0 0.924671 -0.380766 0 0.953094 -0.302673 0 0.953094 -0.302673 0 0.924671 -0.380766 0 0.857593 -0.514328 0 0.897336 -0.441349 0 0.897336 -0.441349 0 0.857593 -0.514328 0 0.821517 -0.570183 0 0.821517 -0.570183 0 0.771369 -0.636388 0 0.771369 -0.636388 0 0.727376 -0.686239 0 0.715864 -0.698231 0.00344192 0.667884 -0.744264 -0.00114804 0.642787 -0.766037 0.00343806 0.616992 -0.786968 -0.00114709 0.549504 -0.835488 -0.00229244 0.57697 -0.816762 0.00229743 0.492782 -0.870152 -0.00114482 0.507178 -0.861841 0.00114964 0.433868 -0.900977 0 0.448797 -0.893631 0.00229733 0.373059 -0.927807 0 0.373059 -0.927807 0 0.310605 -0.950539 0 0.310605 -0.950539 0 0.230629 -0.973042 0 0.230629 -0.973042 0 0.149041 -0.988825 -0.0034383 0.165442 -0.98622 0 0.0664243 -0.997789 -0.00229346 0.0995727 -0.99503 2.66168e-06 0.049842 -0.998757 0 -0.0166185 -0.999859 -0.00229465 0 -1 0 -0.0995596 -0.995026 -0.00344101 -0.049842 -0.998757 2.70663e-10 -0.116082 -0.99324 0 -0.181839 -0.983328 0 -0.181839 -0.983328 0 -0.246755 -0.969078 0 -0.294743 -0.955577 0 -0.246755 -0.969078 0 -0.294743 -0.955577 0 -0.357605 -0.933873 0 -0.357605 -0.933873 0 -0.418837 -0.908062 0 -0.418837 -0.908062 0 -0.492783 -0.870152 0 -0.492783 -0.870152 0 -0.563324 -0.826236 0 -0.563324 -0.826236 0 -0.629973 -0.776617 0 -0.642787 -0.766037 0.00344066 -0.680168 -0.733056 0 -0.727376 -0.686239 0 -0.715864 -0.698231 0.00344192 -0.771369 -0.636388 0 -0.771369 -0.636388 0 -0.81192 -0.583769 0 -0.81192 -0.583769 0 -0.848934 -0.5285 0 -0.848934 -0.5285 0 -0.882166 -0.470939 0 -0.882166 -0.470939 0 -0.918209 -0.396097 0 -0.918209 -0.396097 0 -0.942509 -0.334181 0 -0.942509 -0.334181 0 -0.962619 -0.270858 0 -0.966991 -0.2548 -0.00229792 -0.978492 -0.206283 0.00114429 -0.981782 -0.190009 -0.00114752 -0.992233 -0.124347 0.00344221 -0.994169 -0.107835 0 -0.999137 -0.0415344 0 -0.999137 -0.0415344 0 -0.999137 0.0415344 0 -0.999137 0.0415344 0 -0.994169 0.107835 0 -0.992233 0.124347 -0.00344221 -0.984805 0.173665 -4.33056e-09 -0.97849 0.206283 -0.00229343 -0.974931 0.222508 0 -0.962619 0.270858 0 -0.957987 0.286802 -0.00229235 -0.942508 0.334181 0.00114853 -0.936814 0.349825 -0.00114954 -0.918206 0.396096 0.00229354 -0.904538 0.426388 -0.00229506 -0.882165 0.470939 0.00114664 -0.87422 0.485529 -0.00114661 -0.840024 0.542538 0.00344227 -0.840025 0.542536 0.00344267 -0.81192 0.583769 -1.40095e-06 -0.79208 0.610412 0.0022916 -0.771367 0.636387 -0.00229557 -0.738688 0.674047 0.00114672 -0.727376 0.686238 -0.00114899 -0.680168 0.733056 0 -0.692253 0.721651 0.00229426 -0.629973 0.776617 0 -0.629973 0.776617 0 -0.576971 0.816765 0 -0.576971 0.816765 0 -0.521442 0.853287 0 -0.521442 0.853287 0 -0.463583 0.886053 0 -0.463583 0.886053 0 -0.403701 0.914891 0 -0.403701 0.914891 0 -0.342026 0.93969 0 -0.342026 0.93969 0 -0.278827 0.960341 0 -0.278827 0.960341 0 -0.214404 0.976745 0 -0.19815 0.980166 0.0034391 -0.149043 0.988831 -2.54747e-06 -0.0995596 0.995026 0.00343927 -0.0830188 0.996548 0 -0.0166185 0.999862 0 0 0.999994 0.003441 0.049842 0.998757 -2.70663e-10 0.0995596 0.995026 0.00344101 0.116082 0.99324 0 0.181839 0.983328 0 0.181839 0.983328 0 0.262826 0.964841 -0.00229483 0.246755 0.969078 0 0.310605 0.950538 0.00114817 0.352401 0.935836 -0.00496703 0.388428 0.921477 0.00172193 0.443836 0.896096 -0.00458698 0.521442 0.853287 -1.40094e-06 0.478242 0.878221 0.00344125 0.576971 0.816765 0 0.56332 0.826231 0.00343954 0.692255 0.721653 0 0.629973 0.776617 0 0.629973 0.776617 0 0.692255 0.721653 0 0.738688 0.674047 0 0.738688 0.674047 0 0.781843 0.623476 0 0.781843 0.623476 0 0.821517 0.570183 0 0.821517 0.570183 0 0.86603 0.499992 0 0.86603 0.499992 0 0.90454 0.426389 0 0.90454 0.426389 0 0.930872 0.365344 0 0.947931 0.318477 0 0.930872 0.365344 0 0.947931 0.318477 0 0.966994 0.254801 0 0.966994 0.254801 0 0.981782 0.19001 0 0.9848 0.173661 0.0034422 0.992239 0.124344 -1.62397e-09 0.997204 0.074727 0 0.995822 0.0912911 0.002295 0.999966 0.00829635 0 0.999966 0.00829635 0 0 0 1 0 0 1 0 0 1 0 0 1 0.00191907 0.000388781 0.999998 0 0 1 0.000128465 -0.000879367 1 0 0 1 -0.000112759 -0.000367056 1 -9.65256e-05 -0.000526764 1 -0.00011248 -0.000450312 1 -0.738872 -0.58657 0.331667 -0.772379 -0.567648 0.284967 -0.769769 -0.568425 0.290428 -0.791258 -0.554114 0.258588 -0.805978 -0.547376 0.225343 -0.807427 -0.548125 0.218224 -0.823791 -0.534079 0.190075 -0.836307 -0.527321 0.150074 -0.836127 -0.527147 0.151684 -0.849929 -0.514858 0.111993 -0.852377 -0.514129 0.0955291 -0.858293 -0.50767 0.0748655 -0.860668 -0.506834 0.0486849 -0.868103 -0.495794 0.0242153 -0.868191 -0.495385 -0.0289429 -0.872313 -0.487353 -0.0394508 -0.864576 -0.487057 -0.12363 -0.872136 -0.4781 -0.103919 -0.870845 -0.46089 -0.170909 -0.85708 -0.46254 -0.226871 -0.858483 -0.455903 -0.234861 -0.836519 -0.456858 -0.302516 -0.835141 -0.464931 -0.293903 -0.801066 -0.461467 -0.381236 -0.823308 -0.448892 -0.347362 -0.799002 -0.444714 -0.404753 -0.758738 -0.470941 -0.450034 -0.758688 -0.468043 -0.453133 -0.701851 -0.516355 -0.490697 -0.658733 -0.567073 -0.494469 -0.651658 -0.525191 -0.54728 -0.538359 -0.654882 -0.530377 -0.537339 -0.642597 -0.546201 -0.355365 -0.834902 -0.420303 -0.000392117 -1 -0.000382395 -0.000365749 -1 -0.000435759 -0.0016095 -0.999993 -0.00334755 -0.00257294 -0.999996 -0.000722087 -0.000500055 -1 -0.000398704 0.000228352 -0.999995 0.00300765 -0.000348945 -1 -0.000430177 -0.000520698 -1 -0.000348688 0.00136025 -0.999995 0.00271077 0 -1 0 -0.000288586 -1 0.000132169 -0.00112769 -0.999999 0.000759481 0.000105532 -1 -0.000431443 -0.0005712 -1 -0.000280906 0.00136985 -0.999993 0.00354785 0.00236418 -0.999997 -0.000597974 -0.000581124 -1 -0.000228041 0.000978996 -0.999993 0.00350155 -0.000900145 -0.999999 -0.000558657 -0.00135935 -0.999999 0.000654522 -0.00143727 -0.999999 -0.000404394 0.00067042 -0.999993 0.00379884 0.00247283 -0.999997 -0.000186651 -0.00142084 -0.999999 -0.000250515 0.00244603 -0.999988 0.00433929 -0.00371242 -0.999992 -0.00180079 0 -1 0 -0.00122288 -0.999999 -9.16658e-05 -0.00305553 -0.999995 0.000523271 0.000392438 -1 -8.00096e-05 -0.00127082 -0.999999 1.0524e-05 -0.000520311 -0.999998 -0.00211344 -0.00110195 -0.999997 -0.00210728 -0.000452653 -1 4.69038e-05 -0.000854319 -1 0.000392945 0.000173106 -0.999999 -0.00113247 0.000166852 -0.999999 -0.00115133 0.00026836 -0.999999 -0.00112327 -0.00043688 -1 8.20082e-05 0.000112972 -0.999999 -0.00169107 -0.000434332 -1 0.000135625 -0.000398998 -1 8.9703e-05 0.00063679 -0.999998 -0.00196308 0.00132026 -0.999999 -0.00086292 0 -1 0 -0.000411468 -1 0.000166739 -0.0105485 -0.999944 0.000171346 -0.00876582 -0.99995 0.00481277 0 -1 0 0 -1 0 6.54735e-05 -0.999986 0.00530417 0 -1 0 0 -1 0 0 -1 0 0 -1 0 -0.00109965 -0.999989 -0.00454688 0 -1 0 0.00526254 -0.999979 -0.00383038 0.00274501 -0.999995 0.00188295 0 -1 0 0 -1 0 0 -1 0 0 -1 0 0 -1 0 0 -1 0 -0.000209643 -1 0.00020897 3.79378e-05 -1 0.00010369 0 -1 0 0 -1 0 0 -1 0 0 -1 0 -0.000400689 -1 -0.000121233 -0.00036122 -1 0.00049357 0 -1 0 -0.00029565 -0.999995 -0.00329387 0.00270413 -0.999995 -0.00189039 0.00275685 -0.999995 -0.00177286 -0.000311639 -1 0.000509742 -0.00315245 -0.999992 0.00245046 0.00271367 -0.999995 -0.00158025 0.0015828 -0.999999 0.00022627 -7.33745e-05 -0.999996 0.00282472 -0.00026699 -1 0.000554152 0.00137736 -0.999999 -0.000715351 0.0010811 -0.999999 -4.51016e-05 0.000716209 -1 -0.000321494 -0.000204341 -1 0.000561057 0.00136798 -0.999992 -0.00385268 -0.00415803 -0.999981 0.00462928 0.00513113 -0.999985 -0.00189312 0.00507828 -0.999985 0.0020065 -0.0012765 -0.999988 0.00467948 0.000370934 -0.999995 0.00303872 0.000586536 -1 -0.000158523 -0.000367472 -0.999998 0.00198437 0.000524322 -1 -2.85721e-05 0.00032164 -0.999998 0.00174776 -5.95195e-05 -1 0.000593093 0.000437126 -1 2.87024e-05 0.00046839 -1 -8.49719e-05 0.000361133 -1 -4.04736e-05 -0.000963464 -0.999997 0.00222246 -1.54137e-07 -1 0.000615409 0.000368363 -1 -2.0837e-05 0.000459506 -1 -0.00017807 0.00150976 -0.999994 0.00313041 0.000798679 -1 0.000374989 5.91959e-05 -1 0.000593633 0.000267971 -1 8.93335e-06 0.000111086 -1 0.000601577 0.000306502 -1 0.00026146 0.00031125 -1 0.000339605 0 -1 0 0 -1 0 0.00013532 -1 -6.71786e-05 0.000218985 -1 -1.74384e-05 0.000111863 -1 4.04537e-05 0.000108176 -1 0.000253153 5.44799e-05 -1 2.59275e-05 5.25551e-05 -1 3.11723e-05 0.000251131 -1 -5.92662e-05 -5.39773e-05 -1 7.48615e-05 6.95758e-05 -1 0.000106004 -3.63403e-06 -1 -5.53673e-06 -2.17605e-05 -1 4.72674e-05 0.000174911 -1 0.000131294 3.94095e-05 -1 3.38233e-05 -0.000126787 -1 0.00019957 -0.000349021 -1 0.00074161 0.000976365 -1 -3.17273e-05 3.10076e-05 -1 3.05479e-05 0 -1 0 0 -1 0 -0.191194 0.0125 0.981473 -0.518796 -0.00204299 0.854896 -0.529101 -0.00640995 0.848535 -0.601941 -0.00236532 0.798537 -0.60273 -0.00269753 0.797941 -0.637598 -0.00107736 0.770368 -0.628849 -1.30007e-05 0.777528 -0.622045 8.30665e-05 0.782981 -0.615111 -0.000507443 0.78844 -0.609399 -0.00134262 0.792862 -0.644958 -0.00282512 0.764213 -0.669395 -0.000262517 0.742907 -0.660258 0.00014052 0.751039 -0.653084 -0.000736074 0.757285 -0.644124 -0.00316479 0.764915 -0.678325 -0.00235821 0.734758 -0.696198 -0.00219272 0.717847 -0.687349 -0.00581014 0.726304 -0.686955 -0.00608307 0.726675 -0.718486 -0.00455582 0.695526 -0.711662 -0.00218983 0.702518 -0.704399 -0.00120244 0.709803 -0.733995 -0.0132423 0.679026 -0.726963 -0.0225543 0.686306 -0.732463 -0.0126235 0.68069 -0.741834 -0.00785143 0.670538 -0.748103 -0.0067017 0.663549 -0.769565 -0.0171572 0.638338 -0.761801 -0.0111663 0.647715 -0.755118 -0.00778686 0.655543 -0.778329 -0.0263645 0.627303 -0.788253 -0.0393289 0.614093 -0.803071 -0.0220392 0.595476 -0.797261 -0.0231696 0.60319 -0.791992 -0.0266086 0.609952 -0.785294 -0.0348642 0.618141 -0.808843 -0.0229932 0.587575 -0.814966 -0.0255754 0.578944 -0.816036 -0.000445101 0.578001 -0.812811 -0.00254869 0.582521 -0.81042 -0.00583387 0.58582 -0.804008 -0.019295 0.594305 -0.815968 -0.000457222 0.578097 -0.867283 -0.0251131 0.497182 -0.884222 0.0129747 0.466886 0.151965 0.988384 -0.00177896 0.432944 0.901026 0.0266882 0.670555 0.741855 0.00256274 0.907277 0.420499 0.00543294 0.994494 0.100147 0.0308541 0.716159 -0.69733 0.0290939 0.488123 -0.872761 0.0049407 -0.0249712 -0.99968 0.0040236 -0.247531 -0.968396 0.0306316 -0.549905 -0.835222 0.00280278 -0.907921 -0.418649 0.0203102 -0.974893 0.222327 0.0124195 -0.411185 0.911113 0.0282812 -0.445031 0.707081 0.549531 -0.444965 0.707118 0.549536 -0.444957 0.70712 0.54954 -0.444967 0.707147 0.549497 -0.445001 0.707142 0.549477 -0.444972 0.70713 0.549515 -0.444962 0.707109 0.54955 -0.444975 0.707207 0.549413 -0.444982 0.707115 0.549527 0.707107 1.28622e-06 0.707106 0.707108 0 0.707106 0.707108 -1.83746e-07 0.707106 0.706999 3.62825e-05 0.707215 0.707076 3.9938e-05 0.707138 0.707147 -5.41031e-05 0.707066 0 0 1 0 0 1 0 0 1 0 0 1 0 0 1 0 0 1 0 0 1 0 0 1 0 0 1 0 0 1 0 0 1 0 0 1 0 0 1 -0.00327934 -0.999994 0.000670973 0 -1 0 1.49619e-05 -1 -2.06679e-05 0 0.99994 0.0109605 0.000900008 0.999836 0.018101 0.00096476 0.998058 0.0622771 -0.000314202 0.999457 0.0329609 -0.000299111 0.997706 0.0676894 5.28157e-05 0.994719 0.102637 0.000745243 0.989312 0.145812 -0.00262614 0.99334 0.115193 0.00210465 0.982354 0.18702 -0.00124062 0.986602 0.163139 -0.00160929 0.976861 0.21387 0.000794715 0.972902 0.231216 0.00072823 0.96232 0.271919 -0.00188101 0.967004 0.254754 0.00209771 0.948772 0.315954 -0.000892944 0.95374 0.300632 0.00031889 0.939809 0.341701 0.00502231 0.930048 0.367403 -0.00225251 0.918217 0.396072 0.0011917 0.903224 0.429168 -0.00298108 0.893764 0.448527 0.00258058 0.873597 0.486644 -0.00216403 0.859306 0.511458 0.00155979 0.846314 0.532682 -0.00306953 0.828282 0.560302 0.0016763 0.812213 0.583359 -0.0019386 0.785847 0.618419 -0.00241749 0.787152 0.616754 0.000290634 0.75281 0.658238 -0.00160203 0.748613 0.663005 0.00342322 0.714966 0.699151 0 0.709105 0.705103 -0.804951 -0.593341 -4.51725e-06 -0.806947 -0.590623 -2.89154e-05 -0.810378 -0.585908 -0.000123134 -0.81467 -0.579925 -0.000344164 -0.821338 -0.570441 -0.000146766 -0.809711 -0.586829 0.000122682 -0.827275 -0.561796 -0.000581079 -0.836505 -0.547959 -0.000328831 -0.819856 -0.57257 0.000366249 -0.849158 -0.528138 0.000512556 -0.838531 -0.544854 -0.000590633 -0.862775 -0.505588 -0.000427362 -0.879096 -0.476644 0.000371995 -0.861918 -0.507047 -0.000638852 -0.882576 -0.470169 -0.00084906 -0.893002 -0.450051 0.00140829 0.752922 0.626962 0.200069 -0.901635 -0.432489 -0.00266235 -0.802705 -0.596376 0 0.803016 -0.595958 0 0.803356 -0.595499 0.00022779 0.840675 -0.541539 0.000874814 0.839515 -0.543336 -0.000383377 0.874354 -0.485286 0.00149697 0.872562 -0.488504 -0.000615738 0.90883 -0.417165 -0.00144559 0.911152 -0.412066 0.00168785 0.933665 -0.358145 -0.00140762 0.936199 -0.351462 0.00248579 0.959307 -0.282356 -0.00242853 0.961835 -0.27362 0.00239424 0.975411 -0.220385 -0.0021038 0.977697 -0.209993 0.00338516 0.987517 -0.157505 -0.00175937 0.989362 -0.145463 0.00192315 0.993936 -0.109942 -0.00187226 0.995317 -0.0966398 0.0020411 0.99893 -0.0460914 -0.00381772 0.999507 -0.0312173 0.00335977 0.999411 0.0339267 -0.00511053 0.999398 0.0343693 -0.00481526 0.995009 0.099776 -0.00122608 0.993492 0.113731 -0.00618638 0.988898 0.148575 0.00240488 0.985871 0.167505 -0.000734988 0.980397 0.197026 0.00133877 0.978675 0.205414 -0.000871163 0.969524 0.244996 -2.36554e-05 0.97004 0.242944 0.000458274 0.959031 0.2833 -0.000329172 0.956305 0.292369 0.000683839 0.949817 0.312806 -0.000541283 0.940774 0.339034 0.000764483 0.937855 0.347027 -1.85295e-05 0.928875 0.370392 -0.000171811 0.922971 0.38487 0.000644923 0.919782 0.39243 0.000211047 0.914093 0.405504 -4.21134e-05 0.908235 0.418461 8.33894e-05 0.902926 0.429796 0.00045353 0.90306 0.429515 0.000470186 0.898989 0.437971 0.000167954 0.896126 0.4438 4.66689e-05 0.893992 0.448084 1.0094e-05 0.892841 0.450373 1.96704e-06 0.880698 0.473679 -5.33409e-05 0.884022 0.467445 0.000396927 0.886858 0.462043 0 0.88553 0.464581 0.000190673 0.874717 0.484634 -7.64776e-06 0.88454 0.466454 -0.00317 0.862008 0.506895 7.75867e-06 0.856354 0.516389 0.000249775 0.870091 0.492886 0.00222624 0.849464 0.527647 0 0.856296 0.516484 -0.000996636 0.849464 0.527647 0 0 0 1 0 0 1 0 0 1 0 0 1 0 0 1 0 0 1 0 0 1 0 0 1 0 0 1 0 0 1 0 0 1 0 0 1 0 0 1 0 0 1 0 0 1 0 0 1 0 0 1 0 0 1 0 0 1 0 0 1 0 0 1 0 0 1 0 0 1 0 0 1 0 0 1 0 0 1 -2.57157e-05 1 1.7022e-05 1.54303e-05 1 0 8.28369e-06 1 9.87212e-06 0.642769 0 0.76606 0.642789 -1.73713e-05 0.766043 0.642778 -1.25116e-05 0.766052 0.642776 -1.22518e-05 0.766054 0.642814 -4.99034e-05 0.766022 0.642733 8.74955e-05 0.76609 0.642808 -3.76746e-06 0.766028 0.642769 0 0.76606 0.642748 -1.42149e-05 0.766078 0.642799 6.46177e-06 0.766035 0.642787 5.7042e-05 0.766045 0.642795 3.89963e-06 0.766039 0.642802 0 0.766032 -0.521454 0.000115692 -0.853279 -0.5214 -0.000242068 -0.853312 -0.521953 0.000486252 -0.852974 -0.52146 0 -0.853276 -0.521444 2.4627e-05 -0.853285 -0.521424 6.92768e-05 -0.853298 -0.521518 9.38191e-06 -0.85324 0 0 -1 1.50374e-05 0.000135991 -1 0 0 -1 0 0 -1 -7.1376e-05 -1.34948e-05 -1 -0.000182823 0.000133775 -1 -0.000158881 9.43183e-05 -1 -0.00015721 7.80237e-05 -1 -0.000191645 7.9732e-05 -1 -0.00018112 4.75565e-05 -1 -0.000188852 0.000142407 -1 -0.000193199 0.000105607 -1 -0.000175916 0.000181947 -1 -0.000151855 0.000220442 -1 -0.000110408 0.000255812 -1 -5.64218e-05 0.000271952 -1 4.06244e-05 0.000263207 -1 0 0 -1 0 0 -1 0.999136 0.0415687 7.25436e-05 0.980613 0.195945 -0.00170182 0.980982 0.194092 -0.00153556 0.940355 0.340193 0.00106119 0.933385 0.358876 -0.000326605 0.870959 0.491356 0.000830776 0.87514 0.483867 0.0015763 0.801415 0.598108 0.00025696 0.802948 0.596049 0.000179297 0.740996 0.671509 0.000721131 0.700292 0.713855 -0.0010311 0.655427 0.755258 0.000960772 0.584601 0.81132 -0.00134127 0.521446 0.853281 0.00233368 0.454514 0.89074 -0.000457972 0.313188 0.94969 -0.00135432 0.363525 0.931583 0.00150365 0.210362 0.977623 0.000492059 0.152836 0.988249 -0.00243919 0.0622764 0.998058 0.00123391 -0.0252135 0.999681 -0.00114262 -0.0871524 0.996194 0.0012548 -0.203143 0.979147 -0.00212589 -0.234616 0.972088 -0.000139975 -0.396267 0.918134 -0.00149771 -0.391844 0.920031 -0.00110522 -0.567291 0.823515 0.00181133 -0.566524 0.824044 0.00172172 -0.695092 0.718921 -2.25316e-06 -0.739258 0.673412 0.00385106 -0.798439 0.602076 -0.000404404 -0.877462 0.47964 0.00248031 -0.871986 0.489528 0.00151457 -0.94768 0.319119 0.008084 -0.996613 0.0813922 0.0117247 -0.9848 0.173678 0.00211341 -0.999964 -0.00169148 -0.00827197 -0.998681 -0.0513268 0.00116515 -0.950487 -0.310533 -0.0119944 -0.967128 -0.254195 0.00701266 -0.856054 -0.516884 -0.00153931 -0.794388 -0.607204 0.0158636 -0.696412 -0.717621 -0.00548837 -0.593747 -0.804545 0.013116 -0.490646 -0.87133 -0.00718951 -0.363522 -0.931583 0.00221051 -0.156764 -0.987636 0 -0.301644 -0.953415 -0.00330853 -0.158431 -0.98737 -0.000204431 -0.210361 -0.977618 0.00340924 -0.0623274 -0.998056 0.000512128 -0.000225621 -0.999991 -0.00422276 0.136657 -0.990615 0.00239423 0.196481 -0.980505 -0.00227696 0.415957 -0.909384 -0.000404732 0.362799 -0.931849 0.00590699 0.566518 -0.824047 -0.0019819 0.539558 -0.841949 0.000238125 0.651233 -0.758878 0.0006652 0.6938 -0.720167 -0.00152107 0.773967 -0.633214 0.00380362 0.821835 -0.56972 -0.00258451 0.884128 -0.467238 0.00268554 0.917849 -0.396913 -0.00365584 0.959169 -0.282829 0.00157165 0.980104 -0.198477 -0.00195604 0.993424 -0.114469 0.00224063 0.999952 -0.00912151 -0.00358563 -0.000144358 -0.000218725 -1 -0.521457 0.000118128 -0.853278 -0.520848 -0.000306807 -0.853649 -0.521424 -2.60072e-05 -0.853298 -0.521456 0 -0.853278 -0.521428 -1.88461e-05 -0.853296 -0.521437 3.76171e-05 -0.85329 -0.818061 -0.0821994 -0.569227 -0.828549 -0.134948 -0.543412 -0.809809 -0.0962838 -0.578739 -0.989436 -0.126418 -0.0709634 -0.797973 -0.180812 -0.574931 -0.980785 -0.139311 -0.136578 -0.799115 -0.197951 -0.567654 -0.78154 -0.217733 -0.584626 -0.969962 -0.222446 -0.0984422 -0.820035 -0.145313 -0.553558 -0.742418 -0.246607 -0.622896 -0.722241 -0.286596 -0.629469 -0.713857 -0.329305 -0.618034 -0.714143 -0.386578 -0.583573 -0.720074 -0.412773 -0.557774 -0.676611 -0.436502 -0.593013 -0.642411 -0.477729 -0.599235 -0.628684 -0.484291 -0.608456 -0.594755 -0.533747 -0.601149 -0.606636 -0.532525 -0.590263 -0.562126 -0.561846 -0.606914 -0.549603 -0.637324 -0.540143 -0.585953 -0.666847 -0.460407 -0.795806 -0.588146 -0.144142 -0.550951 -0.834536 -0.0017951 -0.550838 -0.834613 -2.06266e-06 -0.550843 -0.834609 0 -0.550842 -0.83461 2.65799e-06 -0.550847 -0.834606 1.31798e-05 -0.550841 -0.83461 -2.0733e-06 -0.550843 -0.834609 -2.07252e-06 -0.550841 -0.83461 -2.09668e-06 -0.550846 -0.834607 0 -0.0362568 -0.999343 0.000153749 -0.0277672 -0.999614 -0.000301304 -0.0642633 -0.997933 0.000111144 -0.049907 -0.998754 -5.11661e-05 -0.0655912 -0.997847 7.04499e-05 -0.0165748 -0.999863 5.00042e-18 -0.0748594 -0.997194 -2.63724e-05 -0.0889342 -0.996038 0.000110132 -0.0850663 -0.996375 4.21985e-05 -0.0533756 -0.998574 -0.000162077 -0.068059 -0.997681 0.000149125 -0.0914491 -0.99581 6.1269e-05 -0.0972489 -0.99526 7.91217e-06 -0.11328 -0.993563 -4.19554e-05 -0.104508 -0.994524 0.000270072 -0.109216 -0.994018 0.000126308 -0.024296 -0.999705 -0.000290435 -0.0496871 -0.998765 0.000309745 -0.0931651 -0.995651 -0.000397681 -0.0983503 -0.995152 -0.000159638 -0.101486 -0.994837 -7.03423e-05 -0.102789 -0.994703 -4.52105e-05 -0.072774 -0.997348 -0.000382501 -0.0790412 -0.996871 -0.000173878 -0.0909664 -0.995854 2.10987e-05 -0.107515 -0.994203 -8.49719e-06 -0.137529 -0.990498 -1.15544e-05 -0.161939 -0.986801 1.13859e-05 -0.124115 -0.992268 -0.000305038 -0.129244 -0.991613 0.000404253 -0.185641 -0.982618 1.24427e-05 -0.208526 -0.978017 -1.47835e-05 -0.173106 -0.984903 -0.000221012 -0.144132 -0.989559 1.85064e-05 -0.156293 -0.987711 -3.06934e-05 -0.122241 -0.9925 -0.000305474 -0.121135 -0.992636 -0.000349183 -0.134223 -0.990951 -6.04059e-05 -0.231748 -0.972776 3.04454e-05 -0.258081 -0.966123 -4.95705e-05 -0.217813 -0.975991 -0.000218367 -0.168972 -0.985621 -0.000356415 -0.169202 -0.985581 -0.000347369 -0.180341 -0.983604 -8.45489e-05 -0.188038 -0.982162 -1.70947e-06 -0.289193 -0.957271 0.00011453 -0.262087 -0.965044 -0.000166536 -0.216833 -0.976209 9.07389e-06 -0.318954 -0.94777 4.91483e-05 -0.30579 -0.952099 -0.000221887 -0.263987 -0.964526 -0.000308143 -0.37983 -0.925056 0.000118018 -0.415185 -0.909737 0.000151893 -0.391203 -0.920304 -0.000203905 -0.356291 -0.934375 -0.000150142 -0.438712 -0.898628 0 -0.448274 -0.893896 -0.000562676 -0.401249 -0.915969 -0.000188123 -0.482634 -0.875822 1.78275e-05 -0.439211 -0.898384 -2.88861e-05 -0.445244 -0.895409 0.000316039 -0.516694 -0.85617 6.46198e-05 -0.488177 -0.872745 -8.72873e-05 -0.531194 -0.84725 -0.000144788 -0.550013 -0.835156 0.000108891 -0.530207 -0.847868 0 -0.540629 -0.841248 -0.00474106 -0.561414 -0.827535 -3.27491e-05 -0.578731 -0.815518 4.0823e-05 -0.582351 -0.812937 -1.54129e-05 -0.601914 -0.798561 1.65345e-05 -0.60285 -0.797855 0 -0.659751 -0.751484 -0.000142249 -0.660074 -0.7512 0.000101398 -0.707008 -0.707205 -0.000104026 -0.707283 -0.706931 0.000116102 -0.751294 -0.659968 -6.96397e-05 -0.751521 -0.65971 6.01488e-05 -0.793212 -0.608945 0.000614157 -0.792432 -0.60996 -0.000112374 -0.840083 -0.542403 0.00771099 -0.830244 -0.557397 -0.00183343 -0.872603 -0.488421 -0.00293677 -0.879314 -0.476235 0.00265035 -0.908494 -0.417779 -0.00998696 -0.909203 -0.416255 -0.00900064 -0.930485 -0.366331 0.000643161 -0.948528 -0.316686 0.00207831 -0.939909 -0.341368 -0.00618199 -0.963313 -0.268374 0.0019376 -0.960045 -0.279841 -0.00149919 -0.975275 -0.220987 0.001959 -0.972502 -0.232889 -0.00153749 -0.986786 -0.162031 0.000431503 -0.985532 -0.16946 -0.00314084 -0.994909 -0.100782 -3.51735e-05 -0.994435 -0.105324 -0.00241435 -0.605606 -0.795764 0.000102547 -0.375826 -0.92669 0.000653825 -0.303549 -0.952816 0.000597214 -0.310491 -0.950576 0.000209827 -0.229087 -0.973406 0.000774254 -0.348885 -0.937166 -0.000144162 -0.346807 -0.937937 -7.54981e-05 -0.0369086 -0.999317 -0.00188042 -0.0350384 -0.999382 -0.00265765 -0.0891725 -0.996016 -0.000589681 -0.0873416 -0.996178 -0.000858849 0.000226633 -0.998414 -0.0562954 0.00291811 -0.999408 -0.0342712 -0.00111282 -0.999844 -0.0176183 -0.456079 0.00203335 0.889937 -0.502836 0.00359946 0.864374 -0.467664 -0.0132703 0.883807 0.000706317 -0.994468 -0.105039 0.0027337 -0.994314 -0.106456 0.000139335 -0.999874 -0.0158854 0.00589578 -0.999736 0.0222268 0 0 -1 0 0 -1 0 1 0 0 1 0 0 1 0 0 1 0 0.00193595 0.999995 -0.00270944 -0.000846978 0.99999 0.00429508 0 1 0 0.0131692 -0.993723 0.111092 9.46191e-05 -0.993106 0.117219 -0.00227181 -0.992994 0.118144 0.00512376 -0.993208 0.116237 -0.0023703 -0.99305 0.117673 -0.00371955 -0.992721 0.120378 -0.00423497 -0.992705 0.120498 -0.00519387 -0.992659 0.120839 -0.00254266 -0.992804 0.119724 -0.00525638 -0.992379 0.123115 -0.00577497 -0.992368 0.123179 -0.00688829 -0.992307 0.12361 -0.000682952 -0.992723 0.120418 -0.00480183 -0.992239 0.124253 -0.00475247 -0.992304 0.123732 -0.00487625 -0.992356 0.123315 -0.00553825 -0.991869 0.127144 -0.350127 -0.7071 0.614345 -0.350126 -0.707105 0.61434 -0.868793 9.05024e-07 -0.495176 -0.8688 0 -0.495163 -0.868805 -1.11528e-05 -0.495155 -0.868805 8.08926e-06 -0.495154 -0.868812 4.86152e-06 -0.495143 -0.868804 6.70032e-06 -0.495156 -0.868804 7.35156e-06 -0.495155 0.868815 -0.000158519 0.495137 0.868798 -4.81225e-06 0.495166 0.868802 -7.33835e-06 0.49516 0.86881 1.21954e-05 0.495146 0.868797 0 0.495169 0.8688 -2.66487e-06 0.495164 0.868794 9.42513e-06 0.495173 0.868801 0 0.495161 0.703307 0 0.710886 0.703143 0 0.711048 0.703142 -2.16277e-07 0.711049 0.703161 3.28722e-05 0.711031 0 -0.707106 0.707108 0 -0.707106 0.707108 -0.707107 -0.707107 0 -0.707107 -0.707107 0 -0.42125 -0.707097 0.567946 -0.421269 -0.707056 0.567983 0 -0.707108 -0.707106 0 -0.707108 -0.707106 0.707107 -0.707107 0 0.707107 -0.707107 0 0 -0.707106 -0.707108 0 -0.707106 -0.707108 0 -0.707106 -0.707108 0.42124 -0.707127 -0.567916 0.421252 -0.707097 -0.567944 0.421202 -0.70715 -0.567915 -0.695628 -0.000343076 0.718402 -0.702489 0.014503 0.711547 -0.744183 0.0190658 0.667703 -0.732429 -0.0067054 0.680811 -0.792293 0.0314084 0.609331 -0.771613 -0.0106529 0.636004 -0.806316 0.00382412 0.591472 -0.835529 0.047953 0.54735 -0.850327 -0.0372417 0.524936 -0.874448 0.0502525 0.482509 0.00033971 1 0.000307174 -5.72304e-05 1 -0.000203631 -0.789504 -0.613745 0 -0.790264 -0.612767 0 -0.789984 -0.613127 -0.000106271 -0.760779 -0.649011 -0.000192524 -0.763177 -0.64619 9.65312e-05 -0.730477 -0.682937 -0.000271445 -0.734687 -0.678406 0.00018197 -0.698667 -0.715447 -0.000339592 -0.704843 -0.709363 0.000254707 -0.665413 -0.746475 0.000527093 -0.702155 -0.712024 0.000444564 -0.681031 -0.732254 0 -0.68412 -0.729369 0.000878176 -0.672322 -0.740258 -0.000464153 -0.666223 -0.745752 -0.00130489 -0.656071 -0.7547 -2.81781e-05 -0.630781 -0.775961 -0.000231695 -0.64439 -0.764697 2.07871e-05 -0.631873 -0.775072 -0.000281677 -0.619397 -0.785078 0 0.00852213 -0.998562 0.0529195 -0.313866 0.0572841 0.947738 -0.33087 0.20389 0.921387 -1 1.17085e-05 -1.75792e-06 -0.999982 0.00372094 -0.00467687 -1 0 0 -0.310705 0.950507 -2.45147e-05 -0.280625 0.959817 -9.39001e-05 -0.301311 0.953526 0.000227973 -0.250999 0.967987 7.16263e-05 -0.22133 0.975199 -5.13229e-05 -0.25483 0.966986 0.000187316 -0.191367 0.981519 -6.87729e-05 -0.161051 0.986946 0.000116361 -0.207684 0.978196 0.000230497 -0.160081 0.987104 0.000144825 -0.130988 0.991384 -7.70951e-05 -0.0397077 0.999211 -0.000867097 -0.0597771 0.998212 0.000506981 -0.112116 0.993695 0.000211368 -0.100527 0.994934 -2.74488e-05 -0.0699419 0.997551 3.41671e-05 -0.00647462 0.999979 0.000750878 0.0165172 0.999864 -0.000463517 -0.063878 0.997958 0.000176644 -0.0395014 0.99922 -8.06364e-05 0.0724744 0.99737 -0.00068598 0.0471035 0.99889 0.000732691 -0.0155035 0.99988 0.000175663 -0.00875103 0.999962 2.39024e-05 0.0268686 0.999639 -2.87667e-05 0.101051 0.994881 0.000159979 0.118445 0.992961 -0.00038758 0.0329365 0.999457 0.000122394 0.0700985 0.99754 -0.000113334 0.163906 0.986476 -0.000368808 0.14083 0.990034 0.000293977 0.1158 0.993273 -0.00012646 0.081312 0.996689 0.000138509 0.180637 0.98355 0.000149447 0.212239 0.977217 -0.00068695 0.161255 0.986913 -0.000135242 0.129447 0.991586 0.000149054 0.22686 0.973927 0.000179282 0.261812 0.965119 -0.000315154 0.206371 0.978474 -0.00013991 0.177279 0.984161 0.00015456 0.265827 0.964021 -0.000102029 0.301806 0.953369 -0.000122586 0.292428 0.956288 3.1604e-05 0.307406 0.951579 -1.67565e-05 0.251079 0.967967 -0.000139925 0.22474 0.974419 0.000156402 0.318276 0.947998 7.26995e-06 0.335794 0.941935 -0.000170143 0.32638 0.945239 -5.48865e-05 0.336546 0.941667 -0.000148976 0.271658 0.962394 0.000154634 0.286919 0.957955 -3.33668e-05 0.313786 0.949494 5.0267e-05 0.374847 0.927086 0.000806846 0.317933 0.948113 0.000124877 0.329194 0.944262 3.71642e-05 0.41351 0.9105 3.48697e-06 0.360763 0.932657 -9.24576e-05 0.363429 0.931622 -0.00017604 0.411869 0.911243 6.79012e-05 0.40815 0.912915 -3.2082e-05 0.452212 0.89191 1.98633e-05 0.491061 0.871125 -1.79323e-05 0.451839 0.8921 2.90719e-05 0.528866 0.848705 -5.68047e-05 0.494504 0.869175 6.23285e-05 0.565731 0.82459 -8.49241e-05 0.536017 0.844207 9.66242e-05 0.63215 0.774846 0 0.601459 0.798904 -0.000104514 0.576251 0.817273 0.000120661 0.615138 0.78842 0.00013542 0.658108 0.752924 0 0.638556 0.769575 0.000282259 0.652596 0.757706 -0.000317029 0.44011 0.897891 0.00976667 0.820505 0.570922 0.0286098 0.806144 0.591192 0.0249773 0.925652 -0.37827 0.009014 0.922698 -0.385441 0.00802074 0.642211 -0.766524 0.00243104 0.157954 -0.987148 0.0242923 -0.411392 -0.911457 -0.00175159 -0.750232 -0.660299 0.0340253 -0.820647 -0.571077 0.0202456 -0.988662 -0.150158 0.000825155 -0.928995 0.368842 0.0303898 -0.600683 0.799486 -0.0016478 -0.0251217 0.999181 0.0317137 -0.113328 0.992472 0.0464382 -0.994311 0.106412 0.0046104 -0.990978 0.13355 -0.0113104 -0.985152 0.171652 0.00334555 -0.975677 0.219122 -0.00639544 -0.967656 0.252193 0.00641855 -0.954454 0.29834 -0.00336495 -0.943507 0.331214 0.00959057 -0.926757 0.375541 -0.0095208 -0.913014 0.407914 0.00338499 -0.892892 0.450224 -0.00651846 -0.884239 0.467034 0.00041309 -0.861445 0.507851 -0.00054949 -0.859636 0.510907 0.000745846 -0.835435 0.549589 -0.000741147 -0.83301 0.553258 0.000809418 -0.807373 0.590041 -0.00079801 -0.794582 0.607121 0.00665615 -0.76692 0.641732 -0.0036813 -0.740659 0.671806 0.0100667 -0.723199 0.690637 -0.00205265 -0.672287 0.74029 -0.000806869 -0.664154 0.747566 0.0066602 -0.600059 0.799954 0.00171414 -0.613691 0.789517 -0.00684354 -0.55696 0.830539 2.29828e-05 -0.560118 0.828412 -0.00128896 -0.386843 0.922146 0.000325738 -0.341148 0.94001 -7.57936e-05 -0.34194 0.939722 -0.000252349 -0.295295 0.955406 -1.08136e-05 0.190693 0.981649 -0.000820047 0.230161 0.973152 0.000813541 0.239337 0.970936 -0.00098497 0.276455 0.961027 0.000957439 0.286819 0.957984 -0.00104799 0.322528 0.946559 0.00102921 0.333613 0.942709 -0.00109479 0.373256 0.927727 0.00142137 0.379592 0.925154 0.000123166 0.424661 0.905353 -0.000111884 0.430912 0.902393 0.00113474 0.468701 0.883357 -0.000777706 0.486514 0.873672 0.00134501 0.511568 0.859242 -0.000755492 0.52948 0.848322 0.000360651 0.553245 0.833018 -0.000581754 0.559129 0.829081 0 0 0 1 0 0 1 0 0 1 0 0 1 0 0 1 0 0 1 0 0 1 0 0 1 0 0 1 0 0 1 0 0 1 0 0 1 0 0 1 0 0 1 0 0 1 0 0 1 0 0 1 0 0 1 0 0 1 0 0 1 0 0 1 0 0 1 0 0 1 0 0 1 0 0 1 0 0 1 0 0 1 0 0 1 0 0 1 0 0 1 0 0 1 0 0 1 0 0 1 0 0 1 0 0 1 0 0 1 0 0 1 0 0 1 0 0 1 0 0 1 0 0 1 0 0 1 0 0 1 0 0 1 0 0 1 0 0 1 0 0 1 0 0 1 0 0 1 0 0 1 0 0 1 0 0 1 0 0 1 0 0 1 0 0 1 0 0 1 0 0 1 0 0 1 0 0 1 0 0 1 0 0 1 0 0 1 0 0 1 0 0 1 0 0 1 0 0 1 0 0 1 0 0 1 0 0 1 0 0 1 0 0 1 0 0 1 0 0 1 0 0 1 0 0 1 0 0 1 0 0 1 0 0 1 0 0 1 0 0 1 0 0 1 0 0 1 0 0 1 0 0 1 0 0 1 0 0 1 0 0 1 0 0 1 0 0 1 0 0 1 0 0 1 0 0 1 0 0 1 0 0 1 0 0 1 0 0 1 0 0 1 0 0 1 0 0 1 0 0 1 0 0 1 0 0 1 0 0 1 0 0 1 0 0 1 0 0 1 0 0 1 0 0 1 0 0 1 0 0 1 0 0 1 0 0 1 0 0 1 0 0 1 0 0 1 0 0 1 0 0 1 0 0 1 0 0 1 0 0 1 0 0 1 0 0 1 0 0 1 0 0 1 0 0 1 0 0 1 0 0 1 0 0 1 0 0 1 0 0 1 0 0 1 0 0 1 0 0 1 0 0 1 0 0 1 0 0 1 0 0 1 0 0 1 0 0 1 0 0 1 0 0 1 0 0 1 0 0 1 0 0 1 0 0 1 0 0 1 0 0 1 0 0 1 0 0 1 0 0 1 0 0 1 0 0 1 0 0 1 0 0 1 0 0 1 0 0 1 0 0 1 0 0 1 0 0 1 0 0 1 0 0 1 0 0 1 0 0 1 0 0 1 0 0 1 0 0 1 0 0 1 0 0 1 0 0 1 0 0 1 0 0 1 0 0 1 0 0 1 0 0 1 0 0 1 0 0 1 0 0 1 0 0 1 0 0 1 0 0 1 0 0 1 0 0 1 0 0 1 0 0 1 0 0 1 0 0 1 0 0 1 0 0 1 0 0 1 0 0 1 0 0 1 0 0 1 0 0 1 0 0 1 0 0 1 0 0 1 0 0 1 0 0 1 0 0 1 0 0 1 0 0 1 0 0 1 0 0 1 0 0 1 0 0 1 0 0 1 0 0 1 0 0 1 0 0 1 0 0 1 0 0 1 0 0 1 0 0 1 0 0 1 0 0 1 0 0 1 0 0 1 0 0 1 0 0 1 0 0 1 0 0 1 0 0 1 0 0 1 0 0 1 0 0 1 0 0 1 0 0 1 0 0 1 0 0 1 0 0 1 0 0 1 0 0 1 0 0 1 0 0 1 0 0 1 0 0 1 0 0 1 0 0 1 0 0 1 0 0 1 0 0 1 0 0 1 0 0 1 0 0 1 0 0 1 0 0 1 0 0 1 0 0 1 0 0 1 0 0 1 0.00374676 0.000886778 0.999993 0 0 1 0 0 1 0 0 1 0 0 1 0 0 1 0 0 1 0 0 1 0 0 1 0 0 1 0 0 1 0 0 1 0 0 1 -0.59676 0.374636 0.709596 -0.599498 0.375076 0.70705 -0.599482 0.374988 0.707111 -0.599454 0.375076 0.707088 -0.599453 0.375066 0.707093 -0.598665 0.373342 0.708672 -0.599515 0.375094 0.707026 -0.600725 0.372984 0.707116 -0.471949 -0.881243 0.0259705 -0.496454 -0.868062 0.000881416 -0.545341 -0.838206 0.00383506 -0.547564 -0.83676 0.00245769 -0.598788 -0.800906 0.00187541 -0.619292 -0.785145 -0.0049162 -0.637192 -0.770705 0.000452577 -0.670919 -0.741531 -0.000443103 -0.674075 -0.738663 0.000535109 -0.70579 -0.708421 -0.000525144 -0.709383 -0.704823 0.000620137 -0.739051 -0.67365 -0.000597997 -0.753761 -0.657134 0.00429242 -0.770553 -0.637376 0.00016545 -0.800308 -0.599573 0.00450617 -0.794969 -0.606649 0.00149609 -0.837077 -0.547084 -0.00146787 -0.832775 -0.553597 -0.00407055 -0.878178 -0.478301 -0.00569816 -0.867069 -0.498187 0.00114054 -0.913659 -0.40646 -0.00414379 -0.897675 -0.440651 0.00271656 -0.943271 -0.332014 -0.00257648 -0.930552 -0.366135 0.0042668 -0.962602 -0.27089 -0.00408784 -0.952426 -0.304758 0.00277573 -0.977989 -0.208653 -0.00124828 -0.97025 -0.2421 0.0012753 -0.989345 -0.145571 -0.00252797 -0.980926 -0.194376 0.001316 -0.989246 -0.146234 -0.00272671 -0.996673 -0.0815019 7.49823e-05 -0.997813 -0.0659013 -0.00519912 -0.999861 -0.0164217 0.00279868 -0.999516 0.0302235 -0.00740414 -0.997882 0.0650145 0.00234929 -0.984582 0.173582 0.0216361 -0.993913 0.110148 -0.00219017 -0.979539 0.201236 0.00263765 -0.984564 0.175015 -0.00161653 -0.991528 0.129849 0.003245 -0.978167 0.207782 0.00401861 -0.980972 0.194152 0.000284902 -0.970168 0.24243 0.00162857 -0.973854 0.227173 -0.000164125 -0.97031 0.241858 0.0014862 -0.955701 0.294333 0.00195801 -0.962319 0.271924 2.84625e-05 -0.965896 0.25893 -3.82625e-05 -0.944416 0.328752 7.89237e-05 -0.95249 0.304521 0.00550703 -0.931132 0.364666 0.0033936 -0.930639 0.365917 0.0039296 -0.90993 0.414763 0.000321758 -0.918092 0.396368 -0.000323823 -0.895604 0.444852 -0.000805764 -0.903862 0.427822 0.00149841 -0.904845 0.425737 0.00194777 -0.874077 0.485788 -0.000135844 -0.883206 0.468985 0.00114178 -0.861681 0.50745 0.000303085 -0.882955 0.469456 0.0010192 -0.841328 0.540524 -0.00117153 -0.858962 0.512038 0.00126724 -0.783336 0.621595 -0.00229307 -0.826079 0.563536 0.00452845 0.999985 0.00542364 0.000172861 0.999998 0 -0.00199328 0.778722 0.62728 -0.0105472 0.803394 0.595243 0.0156004 0.827961 0.560686 -0.010595 0.853473 0.52103 0.0105657 0.871534 0.490247 -0.00931893 0.887214 0.461354 0.00191435 0.909145 0.41645 -0.00489404 0.916795 0.39923 0.0100902 0.934734 0.355322 -0.00436309 0.983435 0.170056 -0.0627454 0.896569 0.437942 -0.0661071 0.960878 0.276735 -0.0114485 0.969423 0.245309 0.00650713 0.982498 0.185408 -0.0179156 0.985018 0.172436 -0.00250149 0.995124 0.0980346 -0.0107952 0.995955 0.0869546 -0.0226431 0.999748 0.0164306 0.0153111 0.999808 -0.017857 -0.00809455 0.998457 -0.0551497 0.00649079 0.991117 -0.132922 0.00435891 0.994694 -0.100517 -0.0219296 0.977619 -0.209596 0.0181865 0.983184 -0.182527 -0.00579276 0.961453 -0.274644 -0.0133748 0.953778 -0.300425 0.00726598 0.895205 -0.445655 0.000495395 0.927303 -0.374312 -0.000513452 0.935516 -0.352469 -0.023993 0.893699 -0.448659 -0.00269443 0.857747 -0.514065 0.00270614 0.853491 -0.521062 -0.00696761 0.797615 -0.603117 0.00768066 0.783483 -0.620891 -0.0254707 0.735552 -0.677447 0.00526559 0.652895 -0.757152 0.0211828 0.689316 -0.722795 -0.0491123 0.572437 -0.8197 0.0201852 0.593917 -0.804335 -0.017511 0.484196 -0.874862 0.0130792 0.50163 -0.864906 -0.0174571 0.391273 -0.919827 0.0286859 0.413307 -0.910447 -0.0162097 0.328806 -0.944383 -0.00528869 0 0 -1 0 0 -1 0 0 -1 0 0 -1 0 0 -1 0 0 -1 0 0 -1 0 0 -1 0 0 -1 0 0 -1 0 0 -1 0 0 -1 0 0 -1 0 0 -1 0 0 -1 0 0 -1 0 0 -1 0 0 -1 0 0 -1 0 0 -1 0 0 -1 0 0 -1 0 0 -1 0 0 -1 0 0 -1 0 0 -1 0 0 -1 0 0 -1 0 0 -1 0 0 -1 0 0 -1 0 0 -1 0 0 -1 0 0 -1 0 0 -1 0 0 -1 0 0 -1 0 0 -1 0 0 -1 0 0 -1 0 0 -1 0 0 -1 0 0 -1 0 0 -1 0 0 -1 0 0 -1 0 0 -1 0 0 -1 0 0 -1 0 0 -1 0 0 -1 0 0 -1 0 0 -1 0 0 -1 0 0 -1 0 0 -1 0 0 -1 0 0 -1 0 0 -1 0 0 -1 0 0 -1 0 0 -1 0 0 -1 0 0 -1 0 0 -1 0 0 -1 0 0 -1 0 0 -1 0 0 -1 0 0 -1 0 0 -1 0 0 -1 0 0 -1 0 0 -1 0 0 -1 0 0 -1 0 0 -1 0 0 -1 0 0 -1 0 0 -1 0 0 -1 0 0 -1 0 0 -1 0 0 -1 0 0 -1 0 0 -1 0 0 -1 0 0 -1 0 0 -1 0 0 -1 0 0 -1 0 0 -1 0 0 -1 0 0 -1 0 0 -1 0 0 -1 0 0 -1 0 0 -1 0 0 -1 0 0 -1 0 0 -1 0 0 -1 0 0 -1 0 0 -1 0 0 -1 0 0 -1 0 0 -1 0 0 -1 0 0 -1 0 0 -1 0 0 -1 0 0 -1 0 0 -1 0 0 -1 0 0 -1 0 0 -1 0 0 -1 0 0 -1 0 0 -1 0 0 -1 0 0 -1 0 0 -1 0 0 -1 0 0 -1 0 0 -1 0 0 -1 0 0 -1 0 0 -1 0 0 -1 0 0 -1 0 0 -1 0 0 -1 0 0 -1 0 0 -1 0 0 -1 0 0 -1 0 0 -1 0 0 -1 0 0 -1 0 0 -1 0 0 -1 0 0 -1 0 0 -1 0 0 -1 0 0 -1 0 0 -1 0 0 -1 0 0 -1 0 0 -1 0 0 -1 0 0 -1 0 0 -1 -1 0 0 -1 0 0 0.0846325 0.996407 -0.00328947 0.086913 0.996216 0.000243501 0.0871557 0.996195 -3.60574e-07 0.0871557 0.996195 -2.69244e-07 0.0871534 0.996195 -3.25445e-06 0.0871555 0.996195 -5.43706e-07 0.0871558 0.996195 -3.12007e-07 0.0871477 0.996195 0 0.0871552 -0.996195 7.87755e-05 0.0871057 -0.996199 -4.21863e-07 0.0871477 -0.996195 0 0.0871849 -0.996192 -8.19162e-05 0.0871554 -0.996195 -2.86695e-07 0.0871554 -0.996195 -2.98152e-07 0.0867693 -0.996228 -0.000456576 -0.994233 0.0930657 0.0532953 0 1 0 0 1 0 0 1 0 0 1 0 0 -1 0 0.819611 0.00216012 0.572916 0.819405 -7.34813e-05 0.573215 0.819272 1.0963e-05 0.573405 0.819144 4.4155e-05 0.573588 0.819148 0 0.573583 0 1 0 0 1 0 0 1 0 0 1 0 0 1 0 0 1 0 0 1 0 0 1 0 0 1 0 0 1 0 0 1 0 0 1 0 0.775773 -0.20783 -0.595804 0.832648 -0.341793 -0.435746 0.846547 -0.271018 -0.458157 0.803166 -0.365724 -0.470288 0.822335 -0.358153 -0.442145 0.848446 -0.3863 -0.361817 0.552298 -0.0859901 -0.8292 0.572707 -0.0833749 -0.815509 0.0141161 0.00494413 -0.999888 -0.027002 0.0200596 -0.999434 0.00674595 0.012665 -0.999897 0.0992728 0.0186023 -0.994886 0.196036 0.00350187 -0.980591 0.203529 0.00929721 -0.979025 -0.0196852 0.0110041 -0.999746 -0.0153944 0.00941939 -0.999837 0.318128 -0.0259293 -0.947693 0.323622 -0.0225192 -0.945918 0.838813 -0.228422 -0.494182 0.0237764 -0.0198233 -0.999521 0.692277 -0.0931864 -0.71559 0.67346 -0.0986545 -0.732611 0.810725 -0.110124 -0.574976 0.11048 0.012289 -0.993802 0.106997 0.0355367 -0.993624 0.324448 0.0130136 -0.945814 0.32131 0.0095128 -0.946926 0.0796506 -0.0472606 -0.995702 0.798959 -0.102678 -0.592555 0.415941 -0.0270997 -0.908988 0.434132 -0.0152826 -0.900719 0.864537 -0.188222 -0.465992 0.893259 -0.121125 -0.432917 0.868985 -0.237723 -0.433996 0.870084 -0.237115 -0.432123 0.890649 -0.243632 -0.38391 0.539301 -0.0192642 -0.841893 0.565834 -0.0133718 -0.824411 0.877602 -0.107902 -0.467089 0.865138 -0.111696 -0.488938 0.154748 0.0294275 -0.987516 0.212919 0.0558677 -0.975471 0.2047 0.0237592 -0.978536 0.210464 0.0287524 -0.977179 0.317679 0.0328691 -0.947628 0.323134 0.043975 -0.945331 0.422237 0.0268052 -0.906089 0.414814 0.0449017 -0.908798 0.411128 0.0139703 -0.91147 0.549731 0.0345385 -0.834627 0.66156 -0.0161756 -0.749718 0.826435 -0.00435601 -0.563015 0.697261 -0.00275413 -0.716812 0.50765 0.0523758 -0.85997 0.682795 0.0693342 -0.727312 0.919182 -0.0998032 -0.380978 0.892368 -0.0494341 -0.448594 0.90136 0.0161011 -0.432772 0.913306 -0.09917 -0.395015 0.898241 -0.110558 -0.425371 0.795428 0.00927309 -0.605977 0.216137 0.0547764 -0.974825 0.31286 0.0558741 -0.948154 0.399969 0.0650724 -0.914216 0.646326 0.0858458 -0.758217 0.900092 0.024383 -0.435016 0.865542 0.00957055 -0.500745 0.547237 0.0886269 -0.832272 0.819118 0.105747 -0.563794 0.821732 0.107611 -0.559622 0.888523 0.114153 -0.444405 0.290637 0.115098 -0.949886 0.315436 0.080752 -0.945505 0.315086 0.0802832 -0.945661 0.404177 0.0740952 -0.911675 0.864282 0.13325 -0.485038 0.502526 0.103448 -0.858351 0.903533 0.0244568 -0.427821 0.90392 0.0921938 -0.417648 0.892618 0.161909 -0.420736 0.935401 0.0536762 -0.349491 0.934337 0.0536142 -0.352335 0.785399 0.172595 -0.594441 0.324356 0.118354 -0.938502 0.327973 0.110893 -0.938156 0.395476 0.104964 -0.912459 0.393699 0.102482 -0.913509 0.541333 0.143223 -0.82852 0.663314 0.162196 -0.730552 0.607387 0.124348 -0.784614 0.80263 0.195024 -0.563694 0.87659 0.221436 -0.427267 0.836862 0.183509 -0.515739 0.494875 0.154591 -0.855103 0.900593 0.138647 -0.411959 0.909138 0.229438 -0.3476 0.925765 0.184247 -0.330169 0.88655 0.232879 -0.399746 0.900718 0.282509 -0.329993 0.904723 0.180038 -0.386087 0.736375 0.231282 -0.635815 0.395521 0.189182 -0.898762 0.399402 0.148901 -0.904603 0.388614 0.132669 -0.911799 0.585051 0.182166 -0.790273 0.630154 0.228345 -0.742136 0.80473 0.252209 -0.537401 0.851008 0.303037 -0.428898 0.477164 0.177678 -0.860666 0.502457 0.199122 -0.84136 0.884915 0.31488 -0.343184 0.888329 0.270567 -0.371033 0.691454 0.25003 -0.677774 0.749073 0.30915 -0.585932 0.404461 0.185974 -0.895447 0.603131 0.275289 -0.748631 0.555318 0.219717 -0.802088 0.76388 0.315139 -0.563182 0.815707 0.380646 -0.435581 0.488331 0.248693 -0.836471 0.853115 0.390998 -0.345421 0.845546 0.462186 -0.267277 0.885711 0.366158 -0.285386 0.855095 0.367709 -0.365517 0.709638 0.367901 -0.600885 0.648212 0.295441 -0.701809 0.572048 0.31846 -0.755873 0.535279 0.269273 -0.800605 0.658706 0.365782 -0.657502 0.771299 0.452208 -0.447891 0.715742 0.371011 -0.591663 0.796698 0.527813 -0.294424 0.590222 0.390336 -0.706594 0.71792 0.528891 -0.45262 0.656508 0.431698 -0.618575 0.398344 -0.205493 -0.893921 0.464189 -0.180857 -0.867075 0.382955 -0.130776 -0.914463 0.445605 -0.196835 -0.873322 0.388168 -0.138852 -0.911068 0.467238 -0.187361 -0.864051 0.832212 0.482734 -0.272748 0.840572 0.441868 -0.313355 0.849994 0.427305 -0.308091 0.840287 0.391933 -0.374574 0.804557 0.448226 -0.389592 0.8052 0.471814 -0.359228 0.795405 0.542114 -0.271005 0.734745 0.612724 -0.291067 0.750341 0.532274 -0.392011 0.749995 0.553099 -0.362753 0.714888 0.566462 -0.409946 0.642042 0.557923 -0.525837 0.538244 0.426631 -0.726828 0.497109 0.334432 -0.800649 0.581824 0.369013 -0.724783 0.711496 0.5819 -0.393911 0.723191 -0.537804 -0.433315 0.0859126 0.0287816 -0.995887 0.1148 0.0439551 -0.992416 0.0653507 -0.0354125 -0.997234 0.178964 -0.103035 -0.978446 0.27549 -0.130249 -0.952439 0.209523 -0.115468 -0.970962 0.173961 -0.049672 -0.983499 0.179625 -0.103002 -0.978328 0.267624 -0.154568 -0.951045 0.327365 -0.129872 -0.93593 0.316874 -0.204044 -0.92626 0.322351 -0.120282 -0.938947 0.361887 -0.206332 -0.909101 0.422535 -0.239789 -0.874051 0.452516 -0.26948 -0.850065 0.475146 -0.269796 -0.837524 0.530085 -0.281394 -0.799892 0.556483 -0.300384 -0.774659 0.385788 -0.138454 -0.912139 0.386 -0.139734 -0.911854 0.385226 -0.141104 -0.911971 0.574348 -0.306654 -0.759004 0.627083 -0.347447 -0.697171 0.625307 -0.344808 -0.700071 0.448221 -0.177139 -0.876196 0.446976 -0.136227 -0.884113 0.692346 -0.391657 -0.606022 0.655548 -0.383908 -0.650286 0.693249 -0.407603 -0.594362 0.570783 -0.226163 -0.78934 0.561297 -0.225342 -0.796346 0.386858 -0.108066 -0.915785 0.382385 -0.100696 -0.9185 0.382003 -0.099282 -0.918813 0.722973 -0.444494 -0.5289 0.712942 -0.438944 -0.546846 0.157456 -0.116673 -0.98061 0.210314 -0.0495049 -0.97638 0.24171 -0.0386716 -0.969578 0.280835 -0.0520044 -0.958346 0.646476 -0.260914 -0.716932 0.65512 -0.260128 -0.709331 0.080714 -0.00896094 -0.996697 0.185951 -0.0139087 -0.982461 0.0782968 0.0074321 -0.996902 0.0349421 -0.0163707 -0.999255 0.433466 -0.12818 -0.892008 0.431517 -0.131147 -0.892521 0.431068 -0.17514 -0.885159 0.439599 -0.11115 -0.89129 0.442605 -0.121306 -0.888474 0.745681 -0.301891 -0.593988 0.721574 -0.302013 -0.622992 0.769239 -0.470761 -0.432037 0.804855 -0.407925 -0.431052 0.780665 -0.511215 -0.359475 0.746954 -0.487832 -0.451751 0.733425 -0.486866 -0.474394 0.574693 -0.153381 -0.803867 0.559584 -0.153691 -0.814399 0.319412 -0.0747679 -0.944662 0.317648 -0.0763625 -0.945129 0.334142 -0.0693649 -0.939967 0.343974 -0.0682111 -0.936499 0.766618 -0.333559 -0.548667 0.794135 -0.333018 -0.508378 0.0827295 0.000272882 -0.996572 0.194417 -0.0201337 -0.980712 0.670369 -0.1795 -0.71999 0.675549 -0.178532 -0.715374 0.428666 -0.0653645 -0.901095 0.427609 -0.0663104 -0.901529 0.780673 -0.207229 -0.589581 0.833463 -0.223735 -0.505254 0.524152 0.851625 -0.00014615 0.460784 0.887494 -0.00577436 0.470036 0.882646 0.0014994 0.389969 0.920827 -0.00166485 0.403462 0.914974 0.00637993 0.332647 0.943047 0.00308003 0.341594 0.939848 0.000667732 0.290784 0.956788 0.000966346 0.301363 0.953509 -0.000860375 -0.0538368 -0.0089375 0.99851 -0.0984574 0.00685 0.995118 -0.303825 0.00432443 0.952718 0.316963 0.0475691 0.947244 -0.0806712 -0.0285378 0.996332 -0.0886356 -0.0384737 0.995321 -0.264512 -0.0974124 0.95945 -0.0825491 -0.0199481 0.996387 -0.0726793 -0.00983385 0.997307 -0.0925012 -0.0263659 0.995363 -0.0946813 -0.0288985 0.995088 -0.120952 -0.0651876 0.990516 -0.0846428 -0.0185967 0.996238 -0.273952 -0.0297313 0.961284 -0.136636 0.01341 0.990531 -0.214351 -0.00221188 0.976754 -0.259936 -0.00198012 0.965624 -0.293139 0.0104315 0.956013 -0.158069 0.00303045 0.987423 -0.154307 -0.0148119 0.987912 -0.275001 -0.0316061 0.960924 -0.270167 -0.0632827 0.960732 -0.170198 -0.0390844 0.984635 -0.156355 -0.0240532 0.987408 -0.278975 -0.0522364 0.958877 -0.276753 -0.0814013 0.957487 -0.189974 -0.0513553 0.980445 -0.154067 -0.0699771 0.985579 -0.27193 0.0459245 0.961221 -0.34454 0.0337394 0.938165 0.445012 0.707083 -0.549544 0.444975 0.707153 -0.549483 -0.376791 0.882779 -0.280587 -0.256743 0.941484 -0.218381 -0.244813 0.95083 -0.189707 -0.135895 0.983778 -0.117102 -0.103939 0.991829 -0.0739774 -0.0326851 0.999049 -0.028848 0.059356 0.997079 0.0480598 0.0214852 0.999488 0.0237282 0.1219 0.987549 0.0994311 0.125438 0.98675 0.102905 0.172089 0.975231 0.138961 0.230807 0.954372 0.18948 0.236337 0.95231 0.193004 0.295766 0.924639 0.23993 0.361993 0.885162 0.292317 0.311628 0.91543 0.254708 0.395926 0.860242 0.321288 0.416949 0.844304 0.336608 0.468447 0.798078 0.378984 0.453403 0.811657 0.36829 -0.629322 6.18909e-05 0.777145 -0.629264 -0.000381168 0.777192 -0.629382 0.000683014 0.777096 -0.629256 -0.000730754 0.777198 -0.629324 0.000173348 0.777143 -0.629288 -0.000406983 0.777172 -0.62944 0.0026514 0.777045 -0.629266 -0.00113066 0.777189 -0.62928 0.00021035 0.777179 -0.629381 -0.00035221 0.777097 -0.629372 -0.000313208 0.777105 -0.62919 0.000120693 0.777252 -0.629314 2.4629e-07 0.777151 -0.629305 1.60035e-05 0.777159 0.268317 0.230908 0.935247 0.259057 0.332255 0.906916 0.259065 0.331757 0.907096 0.244788 0.460157 0.853425 0.241255 0.477446 0.844892 0.229068 0.556274 0.798804 0.221801 0.588866 0.777201 0.207974 0.659984 0.721919 0.196554 0.698637 0.687948 0.176133 0.766835 0.617205 0.157302 0.822011 0.547315 0.185489 0.742606 0.64353 0.129583 0.883046 0.451041 0.152981 0.834856 0.528784 0.108367 0.918021 0.381437 0.120672 0.901133 0.416411 0.0850721 0.952167 0.293497 0.0734193 0.963426 0.257721 0.039338 0.989491 0.139142 0.0576012 0.978719 0.196957 0.0344725 -0.991509 0.125389 0.0562333 -0.979328 0.194307 0.0714582 -0.965178 0.251645 0.0928919 -0.941284 0.324585 0.0802605 -0.957076 0.278504 0.106865 -0.923305 0.368901 0.120866 -0.897447 0.424241 0.147964 -0.842201 0.518464 0.135194 -0.872864 0.468861 0.167442 -0.792467 0.586481 0.161648 -0.810523 0.562958 0.176514 -0.767767 0.615936 0.186119 -0.738156 0.648449 0.189847 -0.724333 0.662797 0.197597 -0.69807 0.688226 0.208335 -0.651302 0.729659 0.21872 -0.613187 0.759054 0.228043 -0.558203 0.797751 0.235747 -0.52294 0.81912 0.241764 -0.480048 0.84327 0.248215 -0.437597 0.864232 0.254063 -0.384871 0.887314 0.248613 -0.435115 0.865371 0.256965 -0.362006 0.896058 0.263447 -0.278497 0.923599 0.268468 -0.244051 0.93186 2.14114e-05 -1 4.10316e-05 -0.000895053 -0.999999 -0.000793963 0.000241659 -1 0.000565392 0.00150373 -0.999993 0.00345044 0 1 0 0.00011278 1 0.000697778 -2.26155e-06 1 1.10072e-06 0 1 0 5.58638e-06 1 4.51951e-06 -0.108607 0.00679904 0.994062 -0.183615 0.0130386 0.982912 -0.306377 0.0134005 0.951816 -0.257958 0.0279476 0.965752 0 1 0 0 1 0 0 1 0 0 1 0 0 1 0 0 1 0 0 1 0 0 1 0 0 1 0 0 1 0 0 1 0 0 1 0 0 1 0 0 1 0 0 0 1 0 0 1 0 0 1 0 0 1 0 0 1 0 0 1 0 0 1 0 0 1 0 0 1 0 0 1 0 0 1 0 0 1 0 0 1 0 0 1 0 0 1 0 0 1 0 1 0 0 1 0 0 -1 0 0 -1 0 0 -1 0 0 -1 0 -0.77715 0 -0.629315 -0.777139 -4.58444e-05 -0.629329 -0.994522 0 0.104527 -0.994522 0 0.104527 -0.777148 1.51763e-05 -0.629318 -0.777151 6.21375e-06 -0.629315 -0.777149 0 -0.629317 -0.777149 0 -0.629317 -0.777131 0 -0.629338 -0.777145 -5.04084e-05 -0.629322 -0.777149 -8.64768e-07 -0.629317 0.629723 0.000347251 -0.776819 0.629056 -0.00023982 -0.77736 0.629757 0.000338044 -0.776792 0.62927 -3.78698e-05 -0.777187 0.62983 0.000368317 -0.776733 0.628436 -0.000583467 -0.777861 0.629642 0.000190505 -0.776886 0.629456 7.81946e-05 -0.777036 0.629203 -6.39328e-05 -0.777241 0.629507 8.97883e-05 -0.776995 0.629568 0.000117171 -0.776945 0.628334 -0.000388168 -0.777944 0.629227 -6.99836e-05 -0.777222 0.630564 0.000344384 -0.776137 0.626774 -0.000716742 -0.779201 0.628563 -0.000292299 -0.777758 0.634942 0.000941271 -0.772559 0.62262 -0.00092967 -0.782524 0.660068 0.0031056 -0.751199 0.629303 -1.33511e-06 -0.77716 0.629339 -1.32043e-05 -0.777131 0.629301 9.56485e-05 -0.777162 0.629316 4.86628e-05 -0.77715 0.629309 0 -0.777156 0.629317 1.08431e-05 -0.777149 0.629342 3.86152e-06 -0.777128 0.629317 -3.3903e-05 -0.777149 0.629334 0 -0.777135 0.629309 0 -0.777156 0.629323 2.1198e-06 -0.777144 0 1 0 0 1 0 -0.994522 0 0.104529 -0.994522 0 0.104529 -0.104517 0 -0.994523 -0.104517 0 -0.994523 -0.999976 -7.32863e-05 -0.0069624 -0.999979 0 -0.00644559 0.255091 0.945518 0.202297 0.269945 0.937546 0.219402 0.0552927 0.99724 0.0495483 0.00285459 0.999961 -0.0083054 -0.149954 0.98149 -0.119128 -0.228567 0.954288 -0.192589 -0.311411 0.916869 -0.249749 -0.374205 0.87578 -0.304925 -0.478493 0.791283 -0.380679 -0.521627 0.738798 -0.426712 -0.612912 0.61952 -0.490443 -0.685066 0.44239 -0.578771 -0.735519 0.323075 -0.595512 -0.751307 -0.0950053 -0.653078 -0.769422 -0.00636459 -0.638709 -0.710859 -0.415427 -0.567538 -0.587659 -0.640945 -0.493808 -0.538873 -0.731463 -0.417825 -0.275072 -0.932113 -0.235584 -0.222934 -0.95875 -0.176351 -0.00100969 -0.999979 -0.00639763 0.104023 -0.98777 0.116149 0.268155 -0.938301 0.218368 0.400615 -0.846983 0.349468 0.548754 -0.707558 0.445231 0.59864 -0.6303 0.49432 0.625343 -0.593031 0.507209 0.709941 -0.407292 0.57454 0.716044 -0.384053 0.582911 0.763668 -0.198979 0.614181 0.764547 -0.114446 0.634326 0.778812 0.166666 0.60471 0.756698 0.233737 0.610554 -0.65203 -0.556639 -0.514791 0.640655 0.55949 0.525863 0.543481 0.714121 0.441202 -0.421783 -0.832477 -0.359279 0.43411 0.825996 0.359553 -0.0418181 -0.997744 -0.0525273 0.164107 -0.976327 0.140909 0.284212 -0.93269 0.222064 0.440699 -0.820376 0.364373 0.559897 -0.699796 0.443624 0.691948 -0.40931 0.594704 0.741775 -0.292019 0.603734 0.752408 0.218477 0.62141 0.753853 0.213981 0.621223 0.50364 0.766245 0.399018 0.434246 0.821412 0.369748 0.173269 0.976109 0.131108 -0.0655885 0.997696 -0.0173471 -0.292345 0.921008 -0.257446 -0.484267 0.788006 -0.380173 -0.613044 0.573289 -0.543615 -0.766078 0.20692 -0.60853 -0.759122 -0.25027 -0.600914 -0.687478 -0.458274 -0.563346 -0.528618 -0.746146 -0.404759 -0.412406 -0.841265 -0.349563 -0.153245 -0.980865 -0.120079 0.570707 0.104971 -0.814417 0.515478 0.0174376 -0.856726 0.62941 -9.4966e-05 -0.777074 0.629366 -3.15973e-05 -0.777109 0.629172 -2.56644e-05 -0.777266 0.629227 -0.00015671 -0.777222 0.629357 -0.000155273 -0.777116 0.658778 -0.0814695 -0.747913 0.629315 0.000147757 -0.777151 0.599381 -0.00770817 -0.800426 0.629495 0.000200256 -0.777004 0.62945 5.36906e-05 -0.777041 0.629508 0.000189744 -0.776994 0.628993 -0.000141484 -0.777411 0.629272 -0.000227927 -0.777185 0.629383 -8.70503e-05 -0.777095 0.629373 -8.95926e-05 -0.777104 0.629444 1.85112e-05 -0.777045 0.629285 -0.000219679 -0.777175 0.629412 5.87714e-06 -0.777072 0 1 0 0 1 0 0 1 0 0 1 0 -0.0380659 -0.0029353 -0.999271 -0.120635 -0.0032936 -0.992691 -0.0544146 0.0100791 -0.998468 -0.185086 -0.00653599 -0.982701 -0.136872 0.0032935 -0.990583 -0.201026 0 -0.979586 0 1 0 0 1 0 0.777165 0 0.629297 0.777165 0 0.629297 0 -1 0 0 -1 0 -0.777166 0 -0.629296 -0.777166 0 -0.629296 -0.628179 -0.0013969 0.778068 0.628047 0.00156138 -0.778174 0.628569 0.00151735 -0.777753 -0.62747 -0.00144046 0.778639 0.629346 -5.58335e-05 -0.777125 0.62938 -3.09504e-05 -0.777098 0.6293 7.45261e-05 -0.777163 0.629092 -0.00010631 -0.777331 0.629669 0.000266217 -0.776864 0.629139 -0.000170189 -0.777293 0.629318 0 -0.777148 0.629499 0.000299682 -0.777001 0.629345 -7.80808e-06 -0.777126 0.62918 -0.000434229 -0.77726 0.629318 1.0355e-05 -0.777148 0.629386 0.000173163 -0.777093 0.629193 -0.000102567 -0.777249 0.629171 -0.000120627 -0.777267 0.629275 -7.26533e-05 -0.777183 0.629344 -2.22433e-06 -0.777127 0.629318 8.18561e-05 -0.777148 0.629365 -4.44246e-05 -0.77711 0.629392 -6.96847e-05 -0.777088 0.629387 0 -0.777092 0.628871 0.000229851 -0.77751 -0.763934 -0.0356863 -0.644307 0.629537 -5.79901e-05 -0.77697 0.629383 -6.22257e-05 -0.777095 0.629298 -1.31218e-05 -0.777164 0.627903 -0.000479523 -0.778291 0.629458 3.67397e-05 -0.777034 0.629425 8.98751e-06 -0.777061 0.629268 -8.36962e-05 -0.777188 0.629297 2.29223e-05 -0.777165 0.629494 -6.4391e-05 -0.777005 0.629388 0.000131185 -0.777091 -0.623794 -0.778967 0.0639588 0.743436 0.664187 0.0784712 0 0 1 0.605168 -0.795429 0.032628 0.0267526 -0.857558 0.513692 0.166109 0.985921 -0.0191585 0.982984 0.183464 -0.00911971 -0.969852 0.228387 0.0850077 -0.765165 0.641905 -0.0497975 0.159261 -0.98411 -0.0785039 0.576165 0.668364 -0.47045 0 0 -1 0.00814636 -0.999784 0.0191198 -0.842847 -0.538102 0.00736462 0.0895013 0.992356 0.0849636 -0.9063 -0.42222 0.0187143 0.565601 -0.817836 0.10602 -0.00134146 0.00193969 0.999997 0.990972 -0.128631 -0.0377885 -0.56749 0.816052 -0.109613 -0.36498 -0.901623 -0.232091 0 0 -1 0.0732697 0.831268 0.551022 0.747017 0.661195 -0.0691877 -0.747017 -0.661195 0.0691877 -0.0732697 -0.831268 -0.551022 0.0212866 0.897635 0.440226 -0.407183 0.907498 0.103194 0.264099 -0.379374 -0.886751 0.770556 -0.379116 -0.512361 0.167069 -0.331872 0.928412 -0.919035 -0.380988 0.101109 -0.743844 0.471216 -0.473974 0.743844 -0.471216 0.473974 0.364821 -0.448508 0.815933 -0.364821 0.448508 -0.815933 0.506323 -0.226827 -0.831977 0.557948 -0.401437 0.726321 -0.625222 -0.3181 0.712678 -0.536783 -0.169044 -0.826612 0.643245 0.505384 0.575172 -0.548615 0.581813 0.60043</float_array>
                    <technique_common>
                        <accessor count="8000" source="#shape0-lib-normals-array" stride="3">
                            <param name="X" type="float"/>
                            <param name="Y" type="float"/>
                            <param name="Z" type="float"/>
                        </accessor>
                    </technique_common>
                </source>
                <vertices id="shape0-lib-vertices">
                    <input semantic="POSITION" source="#shape0-lib-positions"/>
                </vertices>
                <triangles count="8000">
                    <input offset="0" semantic="VERTEX" source="#shape0-lib-vertices"/>
                    <input offset="1" semantic="NORMAL" source="#shape0-lib-normals"/>
                    <p>0 0 1 0 2 0 3 1 4 1 5 1 5 2 4 2 6 2 7 3 8 3 3 3 9 4 8 4 7 4 2 5 8 5 9 5 1 6 8 6 2 6 3 7 8 7 4 7 4 8 10 8 11 8 8 9 10 9 4 9 8 10 1744 10 10 10 1744 11 12 11 10 11 13 12 14 12 1744 12 14 13 15 13 1744 13 1744 14 15 14 12 14 16 15 17 15 15 15 16 16 18 16 19 16 15 17 18 17 16 17 18 18 20 18 19 18 17 19 12 19 15 19 21 20 22 20 23 20 22 21 25 21 23 21 24 22 25 22 22 22 25 23 26 23 3872 23 24 24 26 24 25 24 45 25 47 25 24 25 24 26 47 26 26 26 27 27 28 27 29 27 30 28 3921 28 31 28 31 29 3921 29 32 29 32 30 3921 30 33 30 33 31 3921 31 34 31 34 32 3921 32 38 32 30 33 37 33 3921 33 35 34 36 34 25 34 25 35 36 35 23 35 38 36 3944 36 39 36 39 37 3944 37 40 37 3921 38 3944 38 38 38 28 39 37 39 30 39 35 40 878 40 36 40 28 41 41 41 37 41 28 42 43 42 41 42 42 43 44 43 3944 43 28 44 50 44 43 44 40 45 44 45 45 45 3944 46 44 46 40 46 45 47 44 47 47 47 27 48 46 48 28 48 28 49 46 49 50 49 47 50 58 50 48 50 44 51 58 51 47 51 50 52 49 52 53 52 46 53 49 53 50 53 48 54 51 54 52 54 53 55 51 55 54 55 54 56 51 56 55 56 55 57 51 57 56 57 56 58 51 58 57 58 57 59 51 59 58 59 58 60 51 60 48 60 49 61 51 61 53 61 59 62 60 62 61 62 62 63 60 63 63 63 64 64 60 64 62 64 61 65 60 65 64 65 60 66 65 66 63 66 65 67 66 67 67 67 68 68 69 68 67 68 67 69 69 69 65 69 65 70 69 70 63 70 68 71 70 71 69 71 68 72 71 72 70 72 68 73 72 73 71 73 68 74 73 74 72 74 68 75 74 75 73 75 68 76 75 76 74 76 68 77 76 77 75 77 68 78 18 78 76 78 20 79 18 79 68 79 137 80 78 80 77 80 77 81 193 81 194 81 78 82 193 82 77 82 78 83 80 83 193 83 79 84 80 84 78 84 79 85 149 85 80 85 179 86 190 86 149 86 151 87 81 87 181 87 149 88 190 88 80 88 80 89 190 89 151 89 81 90 82 90 150 90 151 91 82 91 81 91 204 92 191 92 190 92 191 93 83 93 190 93 83 94 191 94 190 94 151 95 191 95 82 95 190 96 191 96 151 96 211 97 192 97 97 97 183 98 85 98 184 98 184 99 85 99 214 99 184 100 214 100 194 100 85 101 106 101 206 101 86 102 107 102 196 102 113 103 88 103 89 103 221 104 113 104 89 104 113 105 115 105 88 105 113 106 90 106 115 106 90 107 117 107 115 107 92 108 112 108 118 108 215 109 92 109 96 109 94 110 124 110 232 110 97 111 100 111 164 111 100 112 98 112 180 112 98 113 101 113 99 113 100 114 101 114 98 114 192 115 84 115 97 115 97 116 84 116 100 116 99 117 101 117 102 117 84 118 101 118 100 118 154 119 101 119 84 119 104 120 103 120 166 120 166 121 103 121 152 121 152 122 103 122 105 122 105 123 85 123 183 123 104 124 171 124 103 124 103 125 171 125 105 125 106 126 105 126 171 126 105 127 106 127 85 127 214 128 85 128 198 128 87 129 107 129 86 129 107 130 108 130 196 130 107 131 109 131 108 131 88 132 107 132 87 132 114 133 110 133 172 133 174 134 110 134 112 134 88 135 115 135 107 135 107 136 111 136 109 136 115 137 111 137 107 137 110 138 114 138 112 138 115 139 116 139 111 139 114 140 118 140 112 140 117 141 116 141 115 141 145 142 118 142 114 142 116 143 119 143 120 143 117 144 119 144 116 144 117 145 324 145 119 145 119 146 324 146 121 146 145 147 91 147 118 147 122 148 91 148 145 148 118 149 91 149 93 149 118 150 93 150 92 150 119 151 122 151 120 151 94 152 93 152 91 152 122 153 94 153 91 153 119 154 123 154 122 154 122 155 123 155 124 155 121 156 123 156 119 156 124 157 123 157 303 157 303 158 123 158 121 158 124 159 94 159 122 159 96 160 93 160 95 160 92 161 93 161 96 161 95 162 93 162 94 162 129 163 126 163 125 163 131 164 153 164 126 164 127 165 167 165 168 165 131 166 156 166 153 166 132 167 156 167 131 167 129 168 131 168 126 168 159 169 131 169 129 169 160 170 147 170 139 170 79 171 148 171 149 171 161 172 79 172 78 172 126 173 165 173 125 173 135 174 134 174 98 174 166 175 136 175 135 175 127 176 99 176 167 176 167 177 99 177 102 177 135 178 99 178 127 178 98 179 99 179 135 179 185 180 137 180 77 180 135 181 104 181 166 181 127 182 104 182 135 182 171 183 104 183 168 183 168 184 104 184 127 184 78 185 133 185 161 185 133 186 138 186 125 186 125 187 138 187 129 187 109 188 140 188 108 188 108 189 140 189 158 189 141 190 140 190 109 190 158 191 140 191 128 191 128 192 143 192 172 192 141 193 143 193 140 193 140 194 143 194 128 194 142 195 159 195 129 195 114 196 143 196 141 196 172 197 143 197 114 197 109 198 144 198 141 198 120 199 144 199 116 199 130 200 144 200 120 200 111 201 144 201 109 201 141 202 144 202 130 202 116 203 144 203 111 203 122 204 145 204 120 204 141 205 145 205 114 205 130 206 145 206 141 206 120 207 145 207 130 207 132 208 160 208 156 208 156 209 160 209 139 209 146 210 147 210 160 210 139 211 147 211 255 211 82 212 191 212 134 212 161 213 163 213 148 213 133 214 165 214 161 214 125 215 165 215 133 215 135 216 136 216 134 216 182 217 165 217 153 217 187 218 106 218 171 218 158 219 186 219 155 219 138 220 142 220 129 220 157 221 186 221 172 221 172 222 173 222 157 222 172 223 110 223 173 223 255 224 177 224 139 224 131 225 159 225 132 225 178 226 160 226 132 226 161 227 148 227 79 227 163 228 179 228 148 228 161 229 165 229 163 229 191 230 180 230 134 230 98 231 134 231 180 231 153 232 165 232 126 232 101 233 154 233 102 233 102 234 154 234 170 234 170 235 167 235 102 235 78 236 137 236 133 236 169 237 155 237 154 237 154 238 155 238 170 238 185 239 207 239 137 239 138 240 133 240 137 240 157 241 187 241 171 241 207 242 138 242 137 242 108 243 169 243 196 243 142 244 138 244 207 244 153 245 156 245 182 245 206 246 106 246 187 246 155 247 169 247 158 247 158 248 169 248 108 248 128 249 186 249 158 249 172 250 186 250 128 250 110 251 174 251 173 251 159 252 176 252 132 252 176 253 178 253 132 253 146 254 256 254 147 254 179 255 149 255 148 255 211 256 204 256 162 256 150 257 181 257 81 257 165 258 195 258 163 258 181 259 152 259 151 259 181 260 166 260 152 260 136 261 166 261 181 261 194 262 185 262 77 262 84 263 192 263 154 263 154 264 192 264 169 264 171 265 168 265 157 265 182 266 156 266 199 266 173 267 187 267 157 267 199 268 201 268 182 268 173 269 174 269 187 269 199 270 156 270 175 270 175 271 156 271 139 271 159 272 142 272 200 272 177 273 175 273 139 273 200 274 212 274 176 274 176 275 212 275 178 275 160 276 178 276 146 276 162 277 204 277 190 277 163 278 162 278 179 278 204 279 164 279 191 279 97 280 164 280 204 280 191 281 164 281 180 281 82 282 134 282 150 282 150 283 134 283 136 283 181 284 150 284 136 284 152 285 183 285 151 285 165 286 182 286 195 286 151 287 183 287 80 287 183 288 152 288 105 288 184 289 194 289 193 289 185 290 194 290 207 290 207 291 194 291 205 291 86 292 196 292 197 292 192 293 196 293 169 293 186 294 168 294 170 294 170 295 168 295 167 295 157 296 168 296 186 296 201 297 86 297 197 297 155 298 186 298 170 298 206 299 198 299 85 299 174 300 206 300 187 300 142 301 207 301 200 301 201 302 199 302 203 302 203 303 199 303 175 303 212 304 205 304 202 304 203 305 208 305 201 305 200 306 176 306 159 306 112 307 188 307 174 307 189 308 175 308 177 308 189 309 203 309 175 309 212 310 202 310 209 310 178 311 212 311 209 311 178 312 209 312 210 312 146 313 178 313 210 313 230 314 215 314 229 314 210 315 230 315 146 315 190 316 179 316 162 316 184 317 80 317 183 317 192 318 211 318 197 318 197 319 196 319 192 319 182 320 201 320 195 320 201 321 197 321 195 321 205 322 194 322 214 322 188 323 206 323 174 323 188 324 202 324 198 324 248 325 203 325 189 325 249 326 208 326 203 326 256 327 146 327 258 327 163 328 195 328 162 328 195 329 211 329 162 329 184 330 193 330 80 330 197 331 211 331 195 331 207 332 205 332 200 332 214 333 198 333 205 333 205 334 198 334 202 334 188 335 198 335 206 335 205 336 212 336 200 336 89 337 87 337 201 337 89 338 201 338 208 338 89 339 88 339 87 339 188 340 213 340 209 340 213 341 210 341 209 341 92 342 215 342 213 342 213 343 215 343 210 343 229 344 215 344 96 344 211 345 97 345 204 345 87 346 86 346 201 346 202 347 188 347 209 347 221 348 89 348 208 348 213 349 112 349 92 349 188 350 112 350 213 350 220 351 117 351 90 351 210 352 215 352 230 352 164 353 100 353 180 353 217 354 216 354 218 354 299 355 360 355 357 355 299 356 362 356 360 356 448 357 319 357 333 357 222 358 221 358 223 358 250 359 223 359 221 359 225 360 223 360 250 360 225 361 224 361 223 361 223 362 336 362 335 362 337 363 249 363 264 363 226 364 257 364 224 364 225 365 251 365 226 365 259 366 231 366 257 366 228 367 253 367 265 367 229 368 96 368 95 368 260 369 227 369 228 369 229 370 254 370 230 370 229 371 95 371 234 371 337 372 350 372 238 372 231 373 235 373 233 373 231 374 237 374 235 374 288 375 234 375 344 375 237 376 262 376 235 376 239 377 237 377 238 377 227 378 241 378 242 378 240 379 244 379 243 379 241 380 245 380 242 380 267 381 346 381 244 381 299 382 357 382 349 382 250 383 208 383 249 383 250 384 249 384 251 384 252 385 177 385 255 385 238 386 226 386 251 386 226 387 259 387 257 387 265 388 269 388 228 388 253 389 228 389 227 389 254 390 234 390 288 390 237 391 259 391 238 391 268 392 245 392 241 392 246 393 348 393 263 393 296 394 319 394 219 394 250 395 221 395 208 395 249 396 248 396 264 396 264 397 189 397 252 397 251 398 249 398 337 398 225 399 226 399 224 399 230 400 258 400 146 400 253 401 252 401 265 401 269 402 256 402 258 402 238 403 251 403 337 403 259 404 226 404 238 404 231 405 259 405 237 405 266 406 230 406 254 406 262 407 244 407 240 407 267 408 244 408 262 408 305 409 268 409 241 409 271 410 247 410 268 410 217 411 218 411 332 411 252 412 189 412 177 412 147 413 265 413 255 413 252 414 255 414 265 414 258 415 230 415 266 415 263 416 271 416 268 416 323 417 272 417 322 417 248 418 189 418 264 418 147 419 256 419 265 419 265 420 256 420 269 420 269 421 260 421 228 421 266 422 269 422 258 422 266 423 260 423 269 423 270 424 267 424 262 424 310 425 270 425 312 425 310 426 267 426 270 426 305 427 263 427 268 427 271 428 263 428 300 428 271 429 322 429 247 429 299 430 317 430 217 430 299 431 217 431 332 431 272 432 323 432 333 432 275 433 315 433 274 433 297 434 276 434 306 434 331 435 216 435 276 435 331 436 276 436 297 436 334 437 277 437 121 437 334 438 121 438 324 438 280 439 287 439 278 439 280 440 278 440 279 440 302 441 281 441 282 441 277 442 303 442 121 442 261 443 266 443 254 443 287 444 304 444 278 444 262 445 237 445 239 445 274 446 286 446 346 446 274 447 346 447 275 447 305 448 261 448 263 448 309 449 239 449 329 449 263 450 273 450 246 450 308 451 289 451 281 451 297 452 314 452 296 452 217 453 298 453 216 453 296 454 331 454 297 454 318 455 284 455 285 455 318 456 285 456 286 456 272 457 319 457 247 457 219 458 331 458 296 458 274 459 318 459 286 459 352 460 301 460 274 460 352 461 274 461 373 461 325 462 324 462 117 462 279 463 341 463 280 463 326 464 282 464 281 464 283 465 293 465 302 465 284 466 293 466 283 466 304 467 345 467 343 467 345 468 304 468 287 468 261 469 254 469 288 469 261 470 288 470 1780 470 346 471 286 471 285 471 329 472 239 472 350 472 289 473 287 473 281 473 308 474 307 474 289 474 275 475 346 475 311 475 270 476 262 476 239 476 263 477 261 477 273 477 270 478 239 478 309 478 270 479 309 479 290 479 339 480 291 480 306 480 311 481 346 481 267 481 308 482 330 482 307 482 308 483 281 483 302 483 267 484 292 484 311 484 312 485 270 485 290 485 329 486 306 486 309 486 310 487 292 487 267 487 311 488 294 488 275 488 311 489 292 489 294 489 308 490 302 490 293 490 310 491 312 491 313 491 295 492 312 492 290 492 292 493 310 493 316 493 295 494 290 494 309 494 314 495 291 495 245 495 292 496 316 496 294 496 313 497 316 497 310 497 295 498 313 498 312 498 306 499 291 499 297 499 309 500 306 500 276 500 315 501 373 501 274 501 291 502 314 502 297 502 315 503 294 503 349 503 315 504 275 504 294 504 348 505 300 505 263 505 316 506 317 506 294 506 295 507 309 507 276 507 298 508 313 508 295 508 318 509 293 509 284 509 316 510 298 510 317 510 316 511 313 511 298 511 295 512 216 512 298 512 318 513 340 513 347 513 276 514 216 514 295 514 299 515 349 515 294 515 299 516 294 516 317 516 317 517 298 517 217 517 348 518 340 518 300 518 300 519 322 519 271 519 247 520 322 520 272 520 216 521 331 521 320 521 300 522 340 522 301 522 301 523 340 523 318 523 320 524 331 524 219 524 301 525 322 525 300 525 322 526 301 526 351 526 352 527 351 527 301 527 220 528 325 528 117 528 281 529 287 529 280 529 342 530 282 530 326 530 282 531 283 531 302 531 328 532 282 532 342 532 328 533 283 533 282 533 232 534 95 534 94 534 284 535 236 535 285 535 227 536 260 536 305 536 266 537 305 537 260 537 266 538 261 538 305 538 346 539 285 539 243 539 306 540 329 540 339 540 330 541 288 541 307 541 330 542 246 542 288 542 347 543 293 543 318 543 314 544 247 544 319 544 296 545 314 545 319 545 315 546 354 546 373 546 318 547 274 547 301 547 325 548 334 548 324 548 334 549 279 549 278 549 334 550 325 550 279 550 113 551 220 551 90 551 325 552 341 552 279 552 222 553 223 553 335 553 280 554 326 554 281 554 335 555 336 555 326 555 253 556 264 556 252 556 253 557 327 557 264 557 257 558 328 558 342 558 233 559 328 559 257 559 337 560 327 560 338 560 227 561 327 561 253 561 283 562 236 562 284 562 339 563 338 563 327 563 242 564 327 564 227 564 235 565 236 565 233 565 343 566 303 566 304 566 303 567 278 567 304 567 242 568 339 568 327 568 329 569 338 569 339 569 344 570 345 570 307 570 345 571 287 571 289 571 291 572 339 572 242 572 347 573 308 573 293 573 354 574 315 574 349 574 299 575 332 575 362 575 321 576 218 576 320 576 323 577 322 577 351 577 277 578 334 578 278 578 341 579 325 579 220 579 220 580 335 580 341 580 341 581 326 581 280 581 341 582 335 582 326 582 250 583 251 583 225 583 336 584 257 584 342 584 231 585 233 585 257 585 328 586 236 586 283 586 328 587 233 587 236 587 232 588 124 588 303 588 232 589 303 589 343 589 234 590 95 590 343 590 277 591 278 591 303 591 240 592 236 592 235 592 227 593 305 593 241 593 243 594 285 594 236 594 350 595 338 595 329 595 289 596 307 596 345 596 308 597 347 597 330 597 247 598 314 598 245 598 218 599 216 599 320 599 321 600 332 600 218 600 333 601 319 601 272 601 113 602 222 602 220 602 221 603 222 603 113 603 248 604 249 604 203 604 335 605 220 605 222 605 224 606 336 606 223 606 336 607 342 607 326 607 224 608 257 608 336 608 327 609 337 609 264 609 95 610 232 610 343 610 254 611 229 611 234 611 337 612 338 612 350 612 343 613 345 613 344 613 344 614 234 614 343 614 262 615 240 615 235 615 239 616 238 616 350 616 240 617 243 617 236 617 307 618 288 618 344 618 346 619 243 619 244 619 245 620 291 620 242 620 330 621 347 621 340 621 330 622 340 622 246 622 247 623 245 623 268 623 340 624 348 624 246 624 356 625 351 625 352 625 353 626 373 626 354 626 357 627 354 627 349 627 374 628 354 628 357 628 360 629 359 629 357 629 359 630 377 630 444 630 360 631 377 631 359 631 365 632 377 632 364 632 366 633 406 633 363 633 369 634 415 634 367 634 369 635 381 635 416 635 381 636 369 636 380 636 494 637 423 637 579 637 440 638 494 638 475 638 610 639 600 639 370 639 371 640 569 640 510 640 375 641 352 641 373 641 358 642 356 642 352 642 373 643 353 643 375 643 353 644 354 644 374 644 375 645 361 645 358 645 375 646 358 646 352 646 376 647 356 647 358 647 374 648 357 648 359 648 587 649 375 649 353 649 587 650 353 650 374 650 376 651 358 651 361 651 359 652 587 652 374 652 359 653 444 653 587 653 356 654 445 654 389 654 376 655 445 655 356 655 582 656 376 656 361 656 355 657 389 657 363 657 582 658 361 658 589 658 364 659 377 659 360 659 364 660 360 660 362 660 362 661 332 661 321 661 446 662 362 662 321 662 366 663 363 663 389 663 367 664 406 664 366 664 553 665 392 665 552 665 333 666 323 666 355 666 367 667 452 667 369 667 454 668 559 668 450 668 454 669 458 669 559 669 369 670 416 670 415 670 579 671 423 671 381 671 475 672 494 672 579 672 382 673 440 673 475 673 383 674 440 674 382 674 383 675 497 675 440 675 383 676 370 676 497 676 535 677 540 677 383 677 370 678 435 678 610 678 384 679 639 679 439 679 384 680 439 680 437 680 384 681 640 681 639 681 386 682 669 682 664 682 372 683 509 683 443 683 372 684 371 684 509 684 356 685 323 685 351 685 356 686 355 686 323 686 389 687 355 687 356 687 446 688 364 688 362 688 378 689 444 689 377 689 445 690 392 690 388 690 366 691 389 691 388 691 366 692 388 692 368 692 392 693 368 693 388 693 390 694 391 694 378 694 394 695 447 695 219 695 395 696 391 696 390 696 398 697 403 697 394 697 396 698 516 698 395 698 403 699 398 699 401 699 379 700 450 700 559 700 401 701 398 701 457 701 456 702 460 702 522 702 380 703 452 703 558 703 380 704 369 704 452 704 401 705 461 705 403 705 523 706 461 706 401 706 405 707 523 707 401 707 526 708 462 708 522 708 526 709 463 709 470 709 415 710 406 710 367 710 408 711 407 711 527 711 529 712 407 712 408 712 529 713 410 713 407 713 467 714 579 714 381 714 409 715 528 715 576 715 413 716 528 716 409 716 417 717 468 717 418 717 418 718 531 718 422 718 420 719 421 719 529 719 480 720 531 720 418 720 481 721 417 721 422 721 420 722 414 722 424 722 486 723 481 723 428 723 420 724 425 724 421 724 422 725 531 725 428 725 531 726 429 726 428 726 427 727 564 727 425 727 564 728 485 728 533 728 534 729 427 729 424 729 426 730 491 730 429 730 431 731 428 731 429 731 486 732 428 732 493 732 429 733 439 733 431 733 435 734 370 734 383 734 435 735 383 735 540 735 431 736 493 736 428 736 538 737 490 737 433 737 430 738 433 738 564 738 432 739 433 739 430 739 431 740 541 740 493 740 432 741 430 741 544 741 436 742 432 742 544 742 499 743 538 743 436 743 546 744 431 744 439 744 548 745 436 745 502 745 548 746 499 746 436 746 499 747 441 747 543 747 503 748 507 748 548 748 443 749 497 749 370 749 442 750 507 750 551 750 505 751 550 751 506 751 386 752 664 752 505 752 372 753 443 753 370 753 372 754 370 754 600 754 388 755 389 755 445 755 446 756 365 756 364 756 447 757 446 757 321 757 445 758 552 758 392 758 391 759 512 759 378 759 378 760 377 760 390 760 448 761 393 761 219 761 390 762 377 762 365 762 449 763 365 763 446 763 570 764 391 764 395 764 397 765 449 765 451 765 397 766 514 766 449 766 392 767 553 767 450 767 514 768 395 768 390 768 368 769 392 769 450 769 394 770 393 770 398 770 368 771 452 771 367 771 355 772 448 772 333 772 456 773 451 773 447 773 402 774 456 774 447 774 453 775 393 775 448 775 514 776 396 776 395 776 453 777 448 777 355 777 379 778 368 778 450 778 397 779 396 779 514 779 454 780 553 780 400 780 454 781 450 781 553 781 368 782 379 782 452 782 396 783 397 783 455 783 453 784 355 784 363 784 397 785 404 785 455 785 363 786 457 786 453 786 460 787 402 787 403 787 459 788 457 788 363 788 461 789 460 789 403 789 593 790 458 790 517 790 462 791 556 791 455 791 406 792 459 792 363 792 559 793 380 793 558 793 464 794 462 794 526 794 575 795 594 795 560 795 463 796 461 796 410 796 465 797 524 797 525 797 470 798 463 798 410 798 466 799 406 799 415 799 576 800 411 800 409 800 527 801 466 801 472 801 408 802 527 802 472 802 468 803 528 803 413 803 411 804 465 804 471 804 579 805 467 805 578 805 468 806 413 806 418 806 472 807 466 807 415 807 470 808 562 808 471 808 562 809 469 809 471 809 580 810 468 810 417 810 472 811 415 811 416 811 479 812 472 812 416 812 418 813 413 813 480 813 469 814 474 814 411 814 419 815 562 815 470 815 473 816 474 816 469 816 474 817 480 817 413 817 476 818 469 818 562 818 476 819 473 819 469 819 529 820 414 820 420 820 484 821 414 821 479 821 481 822 580 822 417 822 480 823 473 823 477 823 562 824 419 824 476 824 417 825 418 825 422 825 473 826 476 826 482 826 479 827 416 827 381 827 478 828 419 828 421 828 533 829 482 829 476 829 533 830 476 830 478 830 480 831 477 831 483 831 479 832 381 832 423 832 481 833 422 833 428 833 483 834 477 834 482 834 482 835 533 835 485 835 483 836 426 836 531 836 487 837 482 837 485 837 487 838 483 838 482 838 534 839 424 839 484 839 427 840 425 840 420 840 424 841 427 841 420 841 487 842 426 842 483 842 535 843 383 843 382 843 487 844 485 844 490 844 488 845 487 845 490 845 427 846 430 846 564 846 488 847 426 847 487 847 494 848 484 848 423 848 484 849 489 849 534 849 426 850 492 850 491 850 488 851 492 851 426 851 539 852 490 852 538 852 536 853 493 853 541 853 495 854 492 854 488 854 539 855 495 855 488 855 496 856 491 856 492 856 496 857 537 857 491 857 496 858 437 858 537 858 546 859 541 859 431 859 489 860 494 860 497 860 538 861 432 861 436 861 439 862 537 862 437 862 544 863 534 863 489 863 546 864 547 864 541 864 497 865 494 865 440 865 502 866 436 866 544 866 504 867 544 867 489 867 385 868 437 868 498 868 385 869 498 869 506 869 385 870 384 870 437 870 599 871 546 871 639 871 548 872 442 872 499 872 443 873 501 873 497 873 501 874 504 874 489 874 548 875 507 875 442 875 549 876 500 876 545 876 386 877 506 877 500 877 568 878 545 878 441 878 385 879 550 879 384 879 510 880 503 880 504 880 509 881 504 881 501 881 505 882 506 882 386 882 503 883 510 883 507 883 511 884 551 884 507 884 669 885 568 885 508 885 669 886 508 886 656 886 569 887 551 887 511 887 509 888 510 888 504 888 510 889 509 889 371 889 508 890 387 890 656 890 510 891 569 891 511 891 582 892 445 892 376 892 512 893 444 893 378 893 552 894 445 894 582 894 321 895 219 895 447 895 319 896 448 896 219 896 513 897 512 897 391 897 451 898 446 898 447 898 446 899 451 899 449 899 368 900 367 900 366 900 449 901 514 901 390 901 449 902 390 902 365 902 219 903 393 903 394 903 513 904 391 904 570 904 394 905 402 905 447 905 572 906 570 906 516 906 453 907 398 907 393 907 515 908 399 908 400 908 515 909 583 909 399 909 398 910 453 910 457 910 554 911 518 911 399 911 454 912 517 912 458 912 517 913 399 913 518 913 517 914 454 914 400 914 517 915 400 915 399 915 554 916 574 916 518 916 573 917 557 917 574 917 456 918 402 918 460 918 405 919 401 919 457 919 404 920 462 920 455 920 379 921 558 921 452 921 405 922 457 922 459 922 556 923 462 923 520 923 404 924 456 924 522 924 466 925 405 925 459 925 525 926 520 926 464 926 466 927 523 927 405 927 404 928 522 928 462 928 523 929 407 929 461 929 527 930 407 930 523 930 527 931 523 931 466 931 461 932 407 932 410 932 525 933 464 933 465 933 466 934 459 934 406 934 526 935 465 935 464 935 465 936 411 936 576 936 465 937 576 937 524 937 526 938 470 938 471 938 465 939 526 939 471 939 410 940 529 940 412 940 474 941 409 941 411 941 471 942 469 942 411 942 408 943 472 943 479 943 474 944 413 944 409 944 414 945 408 945 479 945 470 946 412 946 419 946 473 947 480 947 474 947 419 948 412 948 421 948 477 949 473 949 482 949 424 950 414 950 484 950 531 951 480 951 483 951 478 952 421 952 425 952 563 953 382 953 475 953 484 954 479 954 423 954 478 955 425 955 533 955 596 956 382 956 563 956 564 957 533 957 425 957 426 958 429 958 531 958 485 959 564 959 433 959 536 960 532 960 486 960 536 961 486 961 493 961 537 962 439 962 429 962 537 963 429 963 491 963 494 964 489 964 484 964 539 965 488 965 490 965 565 966 434 966 535 966 432 967 538 967 433 967 434 968 540 968 535 968 536 969 541 969 598 969 434 970 566 970 438 970 495 971 539 971 543 971 438 972 540 972 434 972 496 973 495 973 498 973 496 974 492 974 495 974 542 975 498 975 495 975 499 976 543 976 539 976 496 977 498 977 437 977 546 978 439 978 639 978 545 979 543 979 441 979 545 980 542 980 543 980 498 981 542 981 500 981 498 982 500 982 506 982 542 983 545 983 500 983 502 984 544 984 504 984 501 985 489 985 497 985 441 986 499 986 442 986 546 987 650 987 547 987 548 988 502 988 503 988 503 989 502 989 504 989 549 990 386 990 500 990 442 991 568 991 441 991 550 992 385 992 506 992 442 993 508 993 568 993 551 994 508 994 442 994 669 995 386 995 549 995 501 996 443 996 509 996 511 997 507 997 510 997 320 998 219 998 321 998 571 999 513 999 570 999 570 1000 395 1000 516 1000 572 1001 571 1001 570 1001 400 1002 553 1002 515 1002 394 1003 403 1003 402 1003 397 1004 451 1004 404 1004 451 1005 456 1005 404 1005 583 1006 554 1006 399 1006 573 1007 516 1007 555 1007 555 1008 516 1008 396 1008 573 1009 574 1009 554 1009 557 1010 573 1010 555 1010 557 1011 555 1011 520 1011 556 1012 520 1012 555 1012 519 1013 518 1013 574 1013 519 1014 517 1014 518 1014 517 1015 519 1015 593 1015 574 1016 521 1016 519 1016 460 1017 461 1017 463 1017 460 1018 463 1018 522 1018 462 1019 464 1019 520 1019 575 1020 458 1020 593 1020 575 1021 560 1021 458 1021 561 1022 584 1022 593 1022 526 1023 522 1023 463 1023 467 1024 381 1024 380 1024 577 1025 575 1025 584 1025 470 1026 410 1026 412 1026 408 1027 414 1027 529 1027 530 1028 595 1028 580 1028 412 1029 529 1029 421 1029 478 1030 476 1030 419 1030 596 1031 535 1031 382 1031 485 1032 433 1032 490 1032 534 1033 430 1033 427 1033 544 1034 430 1034 534 1034 566 1035 434 1035 565 1035 541 1036 567 1036 598 1036 641 1037 438 1037 566 1037 539 1038 538 1038 499 1038 495 1039 543 1039 542 1039 567 1040 541 1040 547 1040 652 1041 641 1041 566 1041 549 1042 545 1042 568 1042 669 1043 549 1043 568 1043 508 1044 551 1044 387 1044 569 1045 387 1045 551 1045 590 1046 512 1046 513 1046 592 1047 553 1047 552 1047 572 1048 516 1048 573 1048 554 1049 572 1049 573 1049 556 1050 555 1050 396 1050 556 1051 396 1051 455 1051 521 1052 574 1052 557 1052 558 1053 379 1053 559 1053 458 1054 560 1054 559 1054 561 1055 519 1055 521 1055 561 1056 593 1056 519 1056 577 1057 584 1057 528 1057 576 1058 528 1058 524 1058 595 1059 594 1059 580 1059 481 1060 486 1060 532 1060 565 1061 535 1061 596 1061 566 1062 565 1062 597 1062 566 1063 597 1063 598 1063 567 1064 581 1064 566 1064 566 1065 581 1065 652 1065 547 1066 581 1066 567 1066 588 1067 587 1067 444 1067 588 1068 444 1068 512 1068 591 1069 590 1069 513 1069 554 1070 583 1070 572 1070 557 1071 525 1071 521 1071 557 1072 520 1072 525 1072 524 1073 561 1073 521 1073 521 1074 525 1074 524 1074 559 1075 467 1075 380 1075 560 1076 585 1076 559 1076 585 1077 560 1077 594 1077 467 1078 585 1078 578 1078 528 1079 468 1079 577 1079 594 1080 577 1080 580 1080 595 1081 578 1081 585 1081 595 1082 585 1082 594 1082 577 1083 468 1083 580 1083 475 1084 579 1084 578 1084 586 1085 563 1085 530 1085 530 1086 580 1086 481 1086 530 1087 481 1087 532 1087 532 1088 536 1088 597 1088 596 1089 597 1089 565 1089 598 1090 597 1090 536 1090 598 1091 567 1091 566 1091 590 1092 588 1092 512 1092 589 1093 591 1093 582 1093 590 1094 591 1094 589 1094 591 1095 552 1095 582 1095 592 1096 552 1096 591 1096 592 1097 591 1097 513 1097 515 1098 553 1098 592 1098 515 1099 592 1099 583 1099 584 1100 575 1100 593 1100 561 1101 524 1101 584 1101 528 1102 584 1102 524 1102 585 1103 467 1103 559 1103 530 1104 578 1104 595 1104 530 1105 563 1105 578 1105 596 1106 563 1106 586 1106 597 1107 586 1107 532 1107 597 1108 596 1108 586 1108 571 1109 592 1109 513 1109 571 1110 583 1110 592 1110 571 1111 572 1111 583 1111 578 1112 563 1112 475 1112 586 1113 530 1113 532 1113 375 1114 587 1114 588 1114 588 1115 361 1115 375 1115 589 1116 361 1116 588 1116 589 1117 588 1117 590 1117 575 1118 577 1118 594 1118 614 1119 706 1119 605 1119 599 1120 611 1120 631 1120 371 1121 602 1121 569 1121 371 1122 604 1122 602 1122 617 1123 616 1123 603 1123 604 1124 603 1124 602 1124 606 1125 604 1125 638 1125 606 1126 605 1126 607 1126 607 1127 620 1127 606 1127 645 1128 623 1128 621 1128 758 1129 607 1129 743 1129 743 1130 607 1130 706 1130 620 1131 607 1131 758 1131 758 1132 627 1132 620 1132 611 1133 635 1133 601 1133 793 1134 632 1134 770 1134 793 1135 613 1135 632 1135 600 1136 638 1136 372 1136 629 1137 638 1137 600 1137 648 1138 638 1138 629 1138 604 1139 618 1139 603 1139 638 1140 648 1140 606 1140 617 1141 603 1141 618 1141 546 1142 599 1142 650 1142 648 1143 605 1143 606 1143 617 1144 618 1144 623 1144 640 1145 619 1145 639 1145 604 1146 620 1146 608 1146 639 1147 619 1147 599 1147 621 1148 618 1148 608 1148 608 1149 618 1149 604 1149 606 1150 620 1150 604 1150 622 1151 547 1151 650 1151 621 1152 623 1152 618 1152 631 1153 650 1153 599 1153 614 1154 605 1154 648 1154 622 1155 626 1155 652 1155 623 1156 624 1156 651 1156 619 1157 625 1157 599 1157 654 1158 625 1158 619 1158 608 1159 620 1159 627 1159 607 1160 605 1160 706 1160 645 1161 624 1161 623 1161 625 1162 611 1162 599 1162 609 1163 608 1163 627 1163 621 1164 608 1164 609 1164 650 1165 631 1165 622 1165 659 1166 621 1166 609 1166 645 1167 621 1167 659 1167 611 1168 601 1168 631 1168 611 1169 625 1169 628 1169 646 1170 633 1170 626 1170 612 1171 611 1171 628 1171 628 1172 634 1172 612 1172 611 1173 612 1173 635 1173 646 1174 636 1174 759 1174 601 1175 770 1175 632 1175 769 1176 649 1176 759 1176 615 1177 637 1177 649 1177 372 1178 638 1178 371 1178 617 1179 653 1179 616 1179 619 1180 640 1180 654 1180 617 1181 651 1181 653 1181 623 1182 651 1182 617 1182 622 1183 581 1183 547 1183 438 1184 643 1184 540 1184 435 1185 540 1185 610 1185 610 1186 540 1186 629 1186 654 1187 642 1187 625 1187 643 1188 438 1188 630 1188 438 1189 641 1189 630 1189 643 1190 629 1190 540 1190 625 1191 642 1191 628 1191 622 1192 646 1192 626 1192 647 1193 629 1193 643 1193 631 1194 646 1194 622 1194 628 1195 642 1195 634 1195 626 1196 633 1196 641 1196 641 1197 633 1197 630 1197 642 1198 667 1198 634 1198 600 1199 610 1199 629 1199 643 1200 630 1200 647 1200 631 1201 632 1201 646 1201 759 1202 633 1202 646 1202 632 1203 636 1203 646 1203 633 1204 759 1204 649 1204 759 1205 636 1205 769 1205 636 1206 632 1206 613 1206 648 1207 637 1207 614 1207 636 1208 613 1208 769 1208 387 1209 569 1209 602 1209 604 1210 371 1210 638 1210 616 1211 663 1211 656 1211 616 1212 653 1212 663 1212 640 1213 550 1213 654 1213 622 1214 652 1214 581 1214 641 1215 652 1215 626 1215 645 1216 644 1216 624 1216 749 1217 659 1217 609 1217 601 1218 632 1218 631 1218 647 1219 633 1219 649 1219 630 1220 633 1220 647 1220 648 1221 629 1221 647 1221 637 1222 648 1222 647 1222 637 1223 647 1223 649 1223 637 1224 744 1224 614 1224 602 1225 603 1225 387 1225 657 1226 653 1226 651 1226 662 1227 654 1227 550 1227 651 1228 655 1228 657 1228 654 1229 658 1229 642 1229 651 1230 624 1230 655 1230 661 1231 664 1231 663 1231 653 1232 661 1232 663 1232 550 1233 505 1233 662 1233 654 1234 662 1234 658 1234 644 1235 655 1235 624 1235 642 1236 658 1236 667 1236 603 1237 616 1237 387 1237 387 1238 616 1238 656 1238 653 1239 665 1239 661 1239 657 1240 665 1240 653 1240 644 1241 666 1241 655 1241 658 1242 670 1242 667 1242 670 1243 668 1243 667 1243 656 1244 663 1244 669 1244 640 1245 384 1245 550 1245 505 1246 661 1246 662 1246 662 1247 665 1247 658 1247 655 1248 665 1248 657 1248 645 1249 660 1249 644 1249 774 1250 667 1250 668 1250 774 1251 634 1251 667 1251 664 1252 669 1252 663 1252 661 1253 505 1253 664 1253 662 1254 661 1254 665 1254 658 1255 665 1255 670 1255 666 1256 670 1256 655 1256 655 1257 670 1257 665 1257 660 1258 645 1258 659 1258 666 1259 668 1259 670 1259 685 1260 705 1260 671 1260 681 1261 672 1261 685 1261 672 1262 786 1262 685 1262 685 1263 786 1263 705 1263 705 1264 674 1264 673 1264 786 1265 674 1265 705 1265 674 1266 738 1266 673 1266 673 1267 766 1267 701 1267 738 1268 766 1268 673 1268 758 1269 748 1269 627 1269 758 1270 675 1270 748 1270 676 1271 677 1271 682 1271 751 1272 677 1272 676 1272 675 1273 749 1273 748 1273 721 1274 679 1274 746 1274 724 1275 721 1275 746 1275 680 1276 696 1276 727 1276 676 1277 724 1277 746 1277 681 1278 684 1278 740 1278 787 1279 695 1279 731 1279 681 1280 685 1280 684 1280 700 1281 677 1281 753 1281 703 1282 753 1282 694 1282 703 1283 700 1283 753 1283 740 1284 703 1284 694 1284 684 1285 683 1285 740 1285 685 1286 742 1286 684 1286 675 1287 758 1287 743 1287 745 1288 679 1288 675 1288 686 1289 712 1289 709 1289 719 1290 686 1290 773 1290 689 1291 749 1291 675 1291 687 1292 719 1292 714 1292 751 1293 715 1293 688 1293 686 1294 690 1294 678 1294 690 1295 693 1295 678 1295 690 1296 727 1296 693 1296 693 1297 727 1297 696 1297 727 1298 698 1298 680 1298 680 1299 695 1299 696 1299 724 1300 676 1300 808 1300 682 1301 808 1301 676 1301 695 1302 680 1302 731 1302 698 1303 731 1303 680 1303 787 1304 784 1304 695 1304 700 1305 703 1305 788 1305 703 1306 740 1306 702 1306 741 1307 768 1307 671 1307 743 1308 706 1308 707 1308 745 1309 707 1309 710 1309 719 1310 773 1310 795 1310 713 1311 715 1311 710 1311 761 1312 712 1312 716 1312 764 1313 714 1313 711 1313 715 1314 676 1314 710 1314 814 1315 715 1315 713 1315 715 1316 751 1316 676 1316 814 1317 688 1317 715 1317 712 1318 686 1318 716 1318 717 1319 687 1319 714 1319 678 1320 716 1320 686 1320 686 1321 719 1321 690 1321 678 1322 834 1322 716 1322 834 1323 678 1323 693 1323 750 1324 752 1324 779 1324 719 1325 722 1325 690 1325 719 1326 687 1326 722 1326 692 1327 751 1327 688 1327 690 1328 722 1328 691 1328 692 1329 688 1329 815 1329 718 1330 721 1330 752 1330 723 1331 753 1331 751 1331 692 1332 723 1332 751 1332 692 1333 728 1333 723 1333 725 1334 691 1334 722 1334 691 1335 727 1335 690 1335 697 1336 691 1336 725 1336 697 1337 727 1337 691 1337 720 1338 693 1338 696 1338 720 1339 696 1339 726 1339 729 1340 697 1340 725 1340 697 1341 698 1341 727 1341 726 1342 696 1342 695 1342 726 1343 695 1343 784 1343 755 1344 697 1344 729 1344 698 1345 697 1345 755 1345 756 1346 698 1346 755 1346 733 1347 698 1347 756 1347 731 1348 698 1348 733 1348 734 1349 699 1349 682 1349 734 1350 682 1350 677 1350 737 1351 731 1351 733 1351 704 1352 731 1352 737 1352 704 1353 787 1353 731 1353 734 1354 677 1354 700 1354 700 1355 757 1355 734 1355 733 1356 736 1356 737 1356 788 1357 765 1357 700 1357 674 1358 783 1358 738 1358 736 1359 804 1359 737 1359 803 1360 701 1360 766 1360 702 1361 788 1361 703 1361 673 1362 701 1362 704 1362 673 1363 704 1363 739 1363 683 1364 702 1364 740 1364 742 1365 683 1365 684 1365 706 1366 614 1366 744 1366 637 1367 760 1367 744 1367 744 1368 707 1368 706 1368 743 1369 707 1369 745 1369 708 1370 710 1370 707 1370 746 1371 745 1371 710 1371 746 1372 679 1372 745 1372 709 1373 761 1373 793 1373 709 1374 770 1374 773 1374 761 1375 709 1375 712 1375 748 1376 749 1376 609 1376 748 1377 609 1377 627 1377 762 1378 747 1378 775 1378 708 1379 713 1379 710 1379 746 1380 710 1380 676 1380 749 1381 660 1381 659 1381 714 1382 719 1382 795 1382 773 1383 686 1383 709 1383 796 1384 660 1384 749 1384 776 1385 761 1385 716 1385 778 1386 763 1386 796 1386 796 1387 689 1387 718 1387 751 1388 753 1388 677 1388 752 1389 750 1389 718 1389 798 1390 687 1390 717 1390 679 1391 718 1391 689 1391 834 1392 693 1392 720 1392 679 1393 721 1393 718 1393 807 1394 722 1394 687 1394 780 1395 752 1395 721 1395 754 1396 728 1396 692 1396 797 1397 720 1397 726 1397 694 1398 753 1398 723 1398 808 1399 780 1399 724 1399 801 1400 729 1400 725 1400 730 1401 723 1401 728 1401 735 1402 681 1402 723 1402 730 1403 735 1403 723 1403 809 1404 784 1404 812 1404 785 1405 733 1405 756 1405 757 1406 732 1406 734 1406 736 1407 733 1407 785 1407 765 1408 757 1408 700 1408 786 1409 735 1409 730 1409 739 1410 704 1410 737 1410 804 1411 792 1411 739 1411 806 1412 702 1412 683 1412 806 1413 768 1413 767 1413 673 1414 792 1414 705 1414 673 1415 739 1415 792 1415 741 1416 705 1416 767 1416 741 1417 671 1417 705 1417 742 1418 685 1418 671 1418 615 1419 760 1419 637 1419 675 1420 743 1420 745 1420 744 1421 760 1421 771 1421 707 1422 744 1422 708 1422 613 1423 793 1423 761 1423 708 1424 744 1424 771 1424 774 1425 775 1425 711 1425 763 1426 762 1426 666 1426 763 1427 666 1427 644 1427 794 1428 761 1428 776 1428 763 1429 644 1429 660 1429 775 1430 747 1430 711 1430 762 1431 763 1431 778 1431 660 1432 796 1432 763 1432 689 1433 796 1433 749 1433 777 1434 764 1434 747 1434 796 1435 718 1435 750 1435 814 1436 815 1436 688 1436 689 1437 675 1437 679 1437 834 1438 720 1438 797 1438 817 1439 797 1439 726 1439 726 1440 784 1440 817 1440 694 1441 681 1441 740 1441 694 1442 723 1442 681 1442 809 1443 817 1443 784 1443 732 1444 699 1444 734 1444 735 1445 786 1445 672 1445 786 1446 783 1446 674 1446 701 1447 787 1447 704 1447 791 1448 736 1448 825 1448 738 1449 803 1449 766 1449 789 1450 826 1450 790 1450 702 1451 806 1451 790 1451 791 1452 792 1452 804 1452 768 1453 683 1453 742 1453 742 1454 671 1454 768 1454 635 1455 770 1455 601 1455 771 1456 760 1456 615 1456 613 1457 761 1457 794 1457 794 1458 772 1458 615 1458 762 1459 668 1459 666 1459 775 1460 774 1460 668 1460 775 1461 668 1461 762 1461 634 1462 711 1462 795 1462 833 1463 708 1463 771 1463 711 1464 747 1464 764 1464 777 1465 747 1465 762 1465 717 1466 714 1466 764 1466 778 1467 796 1467 750 1467 778 1468 750 1468 779 1468 779 1469 827 1469 778 1469 827 1470 777 1470 778 1470 807 1471 725 1471 722 1471 800 1472 799 1472 780 1472 820 1473 808 1473 699 1473 782 1474 755 1474 822 1474 738 1475 811 1475 812 1475 839 1476 765 1476 788 1476 790 1477 788 1477 702 1477 804 1478 739 1478 737 1478 768 1479 806 1479 683 1479 769 1480 615 1480 649 1480 613 1481 794 1481 769 1481 635 1482 612 1482 795 1482 612 1483 634 1483 795 1483 635 1484 773 1484 770 1484 795 1485 773 1485 635 1485 634 1486 774 1486 711 1486 795 1487 711 1487 714 1487 713 1488 708 1488 833 1488 778 1489 777 1489 762 1489 713 1490 833 1490 814 1490 834 1491 776 1491 716 1491 777 1492 835 1492 764 1492 777 1493 827 1493 835 1493 836 1494 798 1494 717 1494 798 1495 807 1495 687 1495 754 1496 692 1496 815 1496 780 1497 799 1497 752 1497 818 1498 754 1498 815 1498 801 1499 807 1499 831 1499 801 1500 725 1500 807 1500 780 1501 721 1501 724 1501 818 1502 802 1502 754 1502 808 1503 800 1503 780 1503 730 1504 728 1504 754 1504 802 1505 730 1505 754 1505 699 1506 808 1506 682 1506 756 1507 755 1507 782 1507 802 1508 783 1508 730 1508 783 1509 802 1509 813 1509 681 1510 735 1510 672 1510 812 1511 803 1511 738 1511 791 1512 804 1512 736 1512 826 1513 788 1513 790 1513 789 1514 791 1514 825 1514 805 1515 791 1515 789 1515 789 1516 806 1516 805 1516 789 1517 790 1517 806 1517 767 1518 805 1518 806 1518 793 1519 770 1519 709 1519 771 1520 615 1520 772 1520 717 1521 764 1521 835 1521 828 1522 827 1522 799 1522 837 1523 817 1523 809 1523 808 1524 820 1524 800 1524 821 1525 729 1525 801 1525 755 1526 729 1526 822 1526 820 1527 699 1527 732 1527 781 1528 732 1528 757 1528 812 1529 823 1529 809 1529 824 1530 781 1530 839 1530 782 1531 785 1531 756 1531 811 1532 813 1532 838 1532 765 1533 839 1533 757 1533 784 1534 787 1534 812 1534 811 1535 738 1535 813 1535 786 1536 730 1536 783 1536 787 1537 701 1537 803 1537 788 1538 826 1538 839 1538 741 1539 767 1539 768 1539 615 1540 769 1540 794 1540 835 1541 836 1541 717 1541 797 1542 816 1542 834 1542 816 1543 815 1543 814 1543 799 1544 827 1544 779 1544 799 1545 779 1545 752 1545 829 1546 797 1546 817 1546 831 1547 807 1547 798 1547 836 1548 831 1548 798 1548 782 1549 822 1549 810 1549 811 1550 838 1550 823 1550 812 1551 811 1551 823 1551 781 1552 757 1552 839 1552 810 1553 785 1553 782 1553 825 1554 785 1554 810 1554 736 1555 785 1555 825 1555 805 1556 792 1556 791 1556 705 1557 792 1557 805 1557 772 1558 794 1558 776 1558 834 1559 833 1559 776 1559 816 1560 833 1560 834 1560 818 1561 815 1561 829 1561 800 1562 828 1562 799 1562 837 1563 829 1563 817 1563 820 1564 830 1564 800 1564 819 1565 821 1565 801 1565 809 1566 823 1566 837 1566 729 1567 821 1567 822 1567 819 1568 732 1568 781 1568 819 1569 820 1569 732 1569 824 1570 822 1570 832 1570 832 1571 781 1571 824 1571 824 1572 810 1572 822 1572 840 1573 825 1573 810 1573 812 1574 787 1574 803 1574 840 1575 839 1575 826 1575 826 1576 789 1576 840 1576 772 1577 833 1577 771 1577 833 1578 772 1578 776 1578 816 1579 814 1579 833 1579 836 1580 835 1580 827 1580 797 1581 829 1581 816 1581 836 1582 827 1582 828 1582 829 1583 815 1583 816 1583 828 1584 830 1584 836 1584 831 1585 836 1585 830 1585 830 1586 828 1586 800 1586 829 1587 837 1587 818 1587 830 1588 820 1588 831 1588 819 1589 801 1589 831 1589 819 1590 831 1590 820 1590 837 1591 802 1591 818 1591 837 1592 838 1592 802 1592 819 1593 832 1593 821 1593 823 1594 838 1594 837 1594 832 1595 822 1595 821 1595 781 1596 832 1596 819 1596 813 1597 802 1597 838 1597 824 1598 840 1598 810 1598 840 1599 824 1599 839 1599 813 1600 738 1600 783 1600 840 1601 789 1601 825 1601 767 1602 705 1602 805 1602 842 1603 841 1603 874 1603 842 1604 843 1604 841 1604 853 1605 843 1605 842 1605 853 1606 844 1606 843 1606 853 1607 845 1607 844 1607 853 1608 846 1608 845 1608 847 1609 848 1609 851 1609 849 1610 847 1610 851 1610 849 1611 850 1611 847 1611 849 1612 851 1612 852 1612 849 1613 852 1613 846 1613 849 1614 846 1614 853 1614 854 1615 849 1615 853 1615 854 1616 853 1616 855 1616 856 1617 857 1617 858 1617 856 1618 858 1618 859 1618 5 1619 860 1619 861 1619 6 1620 860 1620 5 1620 862 1621 863 1621 864 1621 865 1622 862 1622 864 1622 866 1623 865 1623 864 1623 867 1624 866 1624 864 1624 1498 1625 867 1625 864 1625 868 1626 1498 1626 864 1626 869 1627 868 1627 864 1627 850 1628 869 1628 864 1628 850 1629 864 1629 856 1629 850 1630 856 1630 859 1630 850 1631 859 1631 847 1631 853 1632 5 1632 861 1632 853 1633 861 1633 855 1633 870 1634 14 1634 13 1634 0 1635 871 1635 1 1635 872 1636 14 1636 870 1636 873 1637 870 1637 871 1637 873 1638 872 1638 870 1638 873 1639 871 1639 0 1639 2283 1640 872 1640 873 1640 2303 1641 872 1641 2283 1641 841 1642 2303 1642 874 1642 841 1643 872 1643 2303 1643 51 1644 875 1644 52 1644 52 1645 875 1645 876 1645 875 1646 877 1646 876 1646 876 1647 877 1647 879 1647 877 1648 880 1648 879 1648 879 1649 880 1649 881 1649 3860 1650 882 1650 883 1650 883 1651 882 1651 36 1651 880 1652 884 1652 881 1652 881 1653 884 1653 885 1653 884 1654 886 1654 885 1654 885 1655 886 1655 3860 1655 3860 1656 886 1656 882 1656 882 1657 887 1657 888 1657 886 1658 887 1658 882 1658 888 1659 889 1659 890 1659 887 1660 889 1660 888 1660 890 1661 892 1661 891 1661 889 1662 892 1662 890 1662 891 1663 892 1663 893 1663 893 1664 894 1664 895 1664 892 1665 894 1665 893 1665 895 1666 896 1666 897 1666 894 1667 896 1667 895 1667 897 1668 898 1668 899 1668 896 1669 898 1669 897 1669 899 1670 900 1670 901 1670 898 1671 900 1671 899 1671 901 1672 902 1672 903 1672 900 1673 902 1673 901 1673 903 1674 904 1674 905 1674 902 1675 904 1675 903 1675 905 1676 906 1676 907 1676 904 1677 906 1677 905 1677 908 1678 909 1678 910 1678 907 1679 909 1679 908 1679 906 1680 909 1680 907 1680 910 1681 911 1681 913 1681 909 1682 911 1682 910 1682 911 1683 912 1683 913 1683 913 1684 912 1684 914 1684 912 1685 915 1685 914 1685 914 1686 915 1686 916 1686 916 1687 59 1687 61 1687 915 1688 59 1688 916 1688 878 1689 883 1689 36 1689 917 1690 918 1690 919 1690 918 1691 920 1691 921 1691 917 1692 920 1692 918 1692 858 1693 848 1693 920 1693 858 1694 920 1694 917 1694 847 1695 922 1695 921 1695 921 1696 922 1696 918 1696 922 1697 859 1697 923 1697 847 1698 859 1698 922 1698 924 1699 925 1699 926 1699 927 1700 925 1700 924 1700 863 1701 857 1701 925 1701 863 1702 925 1702 927 1702 856 1703 864 1703 928 1703 928 1704 864 1704 929 1704 932 1705 930 1705 931 1705 933 1706 930 1706 932 1706 934 1707 933 1707 932 1707 935 1708 933 1708 934 1708 937 1709 935 1709 934 1709 936 1710 935 1710 937 1710 938 1711 936 1711 937 1711 1193 1712 936 1712 938 1712 939 1713 1193 1713 938 1713 941 1714 939 1714 938 1714 940 1715 939 1715 941 1715 942 1716 940 1716 941 1716 943 1717 940 1717 942 1717 945 1718 943 1718 942 1718 944 1719 943 1719 945 1719 944 1720 945 1720 948 1720 946 1721 944 1721 948 1721 947 1722 946 1722 948 1722 949 1723 947 1723 948 1723 950 1724 947 1724 949 1724 952 1725 950 1725 949 1725 951 1726 950 1726 952 1726 953 1727 951 1727 952 1727 954 1728 951 1728 953 1728 956 1729 954 1729 953 1729 955 1730 954 1730 956 1730 957 1731 956 1731 958 1731 957 1732 955 1732 956 1732 959 1733 957 1733 958 1733 961 1734 959 1734 958 1734 960 1735 959 1735 961 1735 962 1736 960 1736 961 1736 963 1737 960 1737 962 1737 964 1738 963 1738 962 1738 965 1739 964 1739 966 1739 965 1740 963 1740 964 1740 967 1741 966 1741 968 1741 967 1742 965 1742 966 1742 969 1743 967 1743 968 1743 970 1744 967 1744 969 1744 1259 1745 969 1745 971 1745 1259 1746 970 1746 969 1746 972 1747 21 1747 23 1747 973 1748 1259 1748 971 1748 974 1749 21 1749 972 1749 975 1750 973 1750 971 1750 976 1751 974 1751 972 1751 977 1752 974 1752 976 1752 978 1753 974 1753 977 1753 979 1754 973 1754 975 1754 980 1755 979 1755 975 1755 981 1756 980 1756 975 1756 981 1757 975 1757 982 1757 983 1758 984 1758 978 1758 983 1759 978 1759 977 1759 1263 1760 981 1760 982 1760 1255 1761 984 1761 983 1761 985 1762 1263 1762 982 1762 985 1763 982 1763 986 1763 1266 1764 985 1764 986 1764 1267 1765 986 1765 987 1765 1267 1766 1266 1766 986 1766 988 1767 1267 1767 987 1767 1256 1768 984 1768 1255 1768 988 1769 987 1769 989 1769 1256 1770 990 1770 984 1770 991 1771 988 1771 989 1771 1153 1772 989 1772 992 1772 1153 1773 991 1773 989 1773 1257 1774 1153 1774 992 1774 1257 1775 992 1775 994 1775 1254 1776 993 1776 990 1776 1254 1777 990 1777 1256 1777 1253 1778 993 1778 1254 1778 1253 1779 1257 1779 994 1779 1253 1780 994 1780 993 1780 1003 1781 1006 1781 995 1781 1003 1782 995 1782 996 1782 1003 1783 996 1783 997 1783 1003 1784 997 1784 998 1784 1003 1785 998 1785 999 1785 1003 1786 999 1786 1000 1786 1003 1787 1000 1787 1001 1787 1003 1788 1001 1788 1002 1788 1004 1789 1003 1789 1005 1789 1004 1790 1362 1790 1006 1790 1004 1791 1006 1791 1003 1791 1007 1792 1008 1792 1009 1792 1010 1793 1009 1793 1011 1793 1013 1794 1012 1794 1014 1794 1013 1795 1014 1795 1007 1795 1013 1796 1007 1796 1009 1796 848 1797 1017 1797 851 1797 1015 1798 1010 1798 1016 1798 1015 1799 1009 1799 1010 1799 1015 1800 1013 1800 1009 1800 858 1801 1016 1801 1017 1801 858 1802 1015 1802 1016 1802 858 1803 1017 1803 848 1803 857 1804 1015 1804 858 1804 863 1805 1015 1805 857 1805 862 1806 1015 1806 863 1806 1019 1807 1386 1807 1018 1807 1020 1808 1019 1808 1018 1808 1365 1809 1020 1809 1018 1809 1365 1810 1018 1810 63 1810 1363 1811 1365 1811 63 1811 69 1812 1006 1812 1364 1812 69 1813 1364 1813 1363 1813 69 1814 1363 1814 63 1814 995 1815 1006 1815 69 1815 1021 1816 1011 1816 1022 1816 1021 1817 1022 1817 1023 1817 1021 1818 1010 1818 1011 1818 1026 1819 1021 1819 1023 1819 1026 1820 1010 1820 1021 1820 1024 1821 1023 1821 872 1821 1024 1822 1026 1822 1023 1822 1028 1823 1026 1823 1024 1823 1028 1824 1024 1824 872 1824 1025 1825 1016 1825 1010 1825 1026 1826 1025 1826 1010 1826 1025 1827 1017 1827 1016 1827 852 1828 851 1828 1017 1828 1028 1829 872 1829 841 1829 1027 1830 852 1830 1017 1830 1027 1831 1017 1831 1025 1831 1027 1832 846 1832 852 1832 1029 1833 845 1833 846 1833 1029 1834 844 1834 845 1834 1029 1835 846 1835 1027 1835 1029 1836 1025 1836 1026 1836 1029 1837 1027 1837 1025 1837 1029 1838 1026 1838 1028 1838 1030 1839 843 1839 844 1839 1030 1840 841 1840 843 1840 1030 1841 1028 1841 841 1841 1030 1842 844 1842 1029 1842 1030 1843 1029 1843 1028 1843 1031 1844 1008 1844 1007 1844 1031 1845 1007 1845 1032 1845 1033 1846 1032 1846 1301 1846 1033 1847 1031 1847 1032 1847 1034 1848 1301 1848 1035 1848 1034 1849 1033 1849 1301 1849 1036 1850 1035 1850 1037 1850 1036 1851 1034 1851 1035 1851 1038 1852 1037 1852 1039 1852 1038 1853 1036 1853 1037 1853 1040 1854 1039 1854 1041 1854 1040 1855 1038 1855 1039 1855 1042 1856 1041 1856 1043 1856 1042 1857 1040 1857 1041 1857 1044 1858 1042 1858 1043 1858 1044 1859 1043 1859 1045 1859 1046 1860 1044 1860 1045 1860 1047 1861 1046 1861 1045 1861 1047 1862 1045 1862 1048 1862 1049 1863 1047 1863 1048 1863 1049 1864 1048 1864 1050 1864 1051 1865 1049 1865 1050 1865 1051 1866 1050 1866 1052 1866 1053 1867 1051 1867 1052 1867 1053 1868 1052 1868 1054 1868 1055 1869 1053 1869 1054 1869 1055 1870 1054 1870 1056 1870 1057 1871 1055 1871 1056 1871 1057 1872 1056 1872 1058 1872 1059 1873 1057 1873 1058 1873 1059 1874 1058 1874 1060 1874 1061 1875 1059 1875 1060 1875 1061 1876 1060 1876 1062 1876 1063 1877 1061 1877 1062 1877 1063 1878 1062 1878 1064 1878 1065 1879 1063 1879 1064 1879 1065 1880 1064 1880 1066 1880 1067 1881 1066 1881 1068 1881 1067 1882 1065 1882 1066 1882 1069 1883 1068 1883 1070 1883 1069 1884 1067 1884 1068 1884 1071 1885 1070 1885 1072 1885 1071 1886 1069 1886 1070 1886 1073 1887 1072 1887 1074 1887 1073 1888 1071 1888 1072 1888 1075 1889 1074 1889 1076 1889 1075 1890 1073 1890 1074 1890 1077 1891 1076 1891 1078 1891 1077 1892 1075 1892 1076 1892 1079 1893 1078 1893 1289 1893 1079 1894 1077 1894 1078 1894 1080 1895 1289 1895 1081 1895 1080 1896 1079 1896 1289 1896 1082 1897 1081 1897 1083 1897 1082 1898 1080 1898 1081 1898 1084 1899 1083 1899 1085 1899 1084 1900 1082 1900 1083 1900 1086 1901 1085 1901 1087 1901 1086 1902 1084 1902 1085 1902 1088 1903 1087 1903 1089 1903 1088 1904 1086 1904 1087 1904 1090 1905 1089 1905 1004 1905 1090 1906 1088 1906 1089 1906 1005 1907 1090 1907 1004 1907 1091 1908 1092 1908 1093 1908 1091 1909 1093 1909 1094 1909 1095 1910 1091 1910 1094 1910 1096 1911 1095 1911 1094 1911 1096 1912 1094 1912 1097 1912 1098 1913 1097 1913 1099 1913 1098 1914 1096 1914 1097 1914 1100 1915 1098 1915 1099 1915 1101 1916 1099 1916 1102 1916 1101 1917 1100 1917 1099 1917 1103 1918 1101 1918 1102 1918 1104 1919 1102 1919 1105 1919 1104 1920 1103 1920 1102 1920 1106 1921 1105 1921 1107 1921 1106 1922 1104 1922 1105 1922 1108 1923 1106 1923 1107 1923 1109 1924 1107 1924 1110 1924 1109 1925 1108 1925 1107 1925 1111 1926 1110 1926 1112 1926 1111 1927 1109 1927 1110 1927 1113 1928 1111 1928 1112 1928 1114 1929 1112 1929 1115 1929 1114 1930 1113 1930 1112 1930 1116 1931 1115 1931 1117 1931 1116 1932 1114 1932 1115 1932 1118 1933 1117 1933 1119 1933 1118 1934 1116 1934 1117 1934 1120 1935 1119 1935 1121 1935 1120 1936 1118 1936 1119 1936 1385 1937 1121 1937 1122 1937 1385 1938 1120 1938 1121 1938 1123 1939 1122 1939 1124 1939 1123 1940 1385 1940 1122 1940 1125 1941 1124 1941 1126 1941 1125 1942 1123 1942 1124 1942 1127 1943 1126 1943 1128 1943 1127 1944 1125 1944 1126 1944 1129 1945 1128 1945 1130 1945 1129 1946 1127 1946 1128 1946 1131 1947 1129 1947 1130 1947 1131 1948 1130 1948 1132 1948 1133 1949 1131 1949 1132 1949 1134 1950 1133 1950 1132 1950 1134 1951 1132 1951 1475 1951 1136 1952 1134 1952 1475 1952 1136 1953 1475 1953 1135 1953 1137 1954 1136 1954 1135 1954 1138 1955 1135 1955 1139 1955 1138 1956 1137 1956 1135 1956 1140 1957 1139 1957 1467 1957 1140 1958 1138 1958 1139 1958 1141 1959 1467 1959 1142 1959 1141 1960 1140 1960 1467 1960 1143 1961 1142 1961 1144 1961 1143 1962 1141 1962 1142 1962 1143 1963 1144 1963 1146 1963 1145 1964 1143 1964 1146 1964 1149 1965 1145 1965 1146 1965 1149 1966 1146 1966 1148 1966 1147 1967 1149 1967 1148 1967 991 1968 1153 1968 1150 1968 988 1969 991 1969 1150 1969 1153 1970 1151 1970 1152 1970 1154 1971 1151 1971 1436 1971 1154 1972 1436 1972 1155 1972 1157 1973 1155 1973 1156 1973 1157 1974 1154 1974 1155 1974 1157 1975 1151 1975 1154 1975 1157 1976 1152 1976 1151 1976 1157 1977 1156 1977 1158 1977 1159 1978 1156 1978 1155 1978 1159 1979 1155 1979 1160 1979 1161 1980 1160 1980 1445 1980 1161 1981 1159 1981 1160 1981 1162 1982 1163 1982 1164 1982 1162 1983 1164 1983 1161 1983 1162 1984 1445 1984 1165 1984 1162 1985 1165 1985 1166 1985 1162 1986 1161 1986 1445 1986 1162 1987 1166 1987 1163 1987 1167 1988 1166 1988 1168 1988 1167 1989 1168 1989 1169 1989 1167 1990 1169 1990 1170 1990 1167 1991 1163 1991 1166 1991 1171 1992 1170 1992 1172 1992 1171 1993 1172 1993 1173 1993 1171 1994 1173 1994 1174 1994 1171 1995 1174 1995 1175 1995 1171 1996 1175 1996 1176 1996 1171 1997 1167 1997 1170 1997 1167 1998 1177 1998 1163 1998 1178 1999 1167 1999 1171 1999 1178 2000 1171 2000 1176 2000 1179 2001 1177 2001 1167 2001 1178 2002 1176 2002 959 2002 1178 2003 1179 2003 1167 2003 1179 2004 967 2004 970 2004 1179 2005 965 2005 967 2005 1179 2006 970 2006 1177 2006 1178 2007 963 2007 965 2007 1178 2008 960 2008 963 2008 1178 2009 959 2009 960 2009 1178 2010 965 2010 1179 2010 1180 2011 1181 2011 1201 2011 1180 2012 950 2012 951 2012 1180 2013 1205 2013 1221 2013 1180 2014 1201 2014 1205 2014 1183 2015 1221 2015 1182 2015 1183 2016 950 2016 1180 2016 1183 2017 947 2017 950 2017 1183 2018 1180 2018 1221 2018 1185 2019 1183 2019 1182 2019 1185 2020 1182 2020 1209 2020 1185 2021 947 2021 1183 2021 1185 2022 946 2022 947 2022 1185 2023 944 2023 946 2023 1194 2024 1190 2024 1184 2024 1186 2025 1185 2025 1209 2025 1186 2026 943 2026 944 2026 1186 2027 944 2027 1185 2027 1192 2028 1195 2028 1187 2028 1192 2029 1217 2029 1188 2029 1192 2030 1187 2030 1217 2030 1195 2031 1194 2031 1184 2031 1218 2032 1186 2032 1209 2032 1218 2033 943 2033 1186 2033 1218 2034 940 2034 943 2034 1191 2035 1189 2035 1190 2035 1191 2036 940 2036 1218 2036 1191 2037 1218 2037 1189 2037 1191 2038 939 2038 940 2038 1191 2039 1193 2039 939 2039 1193 2040 1191 2040 1190 2040 1194 2041 1193 2041 1190 2041 1194 2042 936 2042 1193 2042 1194 2043 935 2043 936 2043 1195 2044 935 2044 1194 2044 1195 2045 933 2045 935 2045 1195 2046 930 2046 933 2046 1196 2047 1192 2047 1188 2047 1196 2048 1195 2048 1192 2048 1196 2049 1197 2049 931 2049 1196 2050 1188 2050 1197 2050 1196 2051 930 2051 1195 2051 1196 2052 931 2052 930 2052 1200 2053 1202 2053 1466 2053 1201 2054 1199 2054 1202 2054 1201 2055 1469 2055 1199 2055 1203 2056 1176 2056 1198 2056 1203 2057 1198 2057 1469 2057 1205 2058 1202 2058 1200 2058 1205 2059 1201 2059 1202 2059 1205 2060 1200 2060 1221 2060 1201 2061 1203 2061 1469 2061 1220 2062 1203 2062 1201 2062 1220 2063 1176 2063 1203 2063 1209 2064 1473 2064 1486 2064 1206 2065 1204 2065 1473 2065 1206 2066 1221 2066 1204 2066 1207 2067 1486 2067 1487 2067 1207 2068 1487 2068 1208 2068 1207 2069 1209 2069 1486 2069 1209 2070 1206 2070 1473 2070 1182 2071 1221 2071 1206 2071 1210 2072 1208 2072 1211 2072 1210 2073 1211 2073 1212 2073 1210 2074 1207 2074 1208 2074 1218 2075 1209 2075 1207 2075 1209 2076 1182 2076 1206 2076 1213 2077 1212 2077 1214 2077 1213 2078 1210 2078 1212 2078 1189 2079 1218 2079 1207 2079 1189 2080 1207 2080 1210 2080 1189 2081 1210 2081 1213 2081 1220 2082 959 2082 1176 2082 1184 2083 1214 2083 1215 2083 1184 2084 1213 2084 1214 2084 1190 2085 1213 2085 1184 2085 1190 2086 1189 2086 1213 2086 1496 2087 1184 2087 1215 2087 1496 2088 1497 2088 1216 2088 1219 2089 1496 2089 1216 2089 1219 2090 1184 2090 1496 2090 1219 2091 1216 2091 1217 2091 1220 2092 957 2092 959 2092 1220 2093 955 2093 957 2093 1187 2094 1219 2094 1217 2094 1187 2095 1184 2095 1219 2095 1181 2096 1220 2096 1201 2096 1181 2097 954 2097 955 2097 1181 2098 951 2098 954 2098 1181 2099 955 2099 1220 2099 1195 2100 1184 2100 1187 2100 1180 2101 951 2101 1181 2101 1222 2102 868 2102 869 2102 1222 2103 869 2103 1279 2103 897 2104 899 2104 1223 2104 895 2105 897 2105 1223 2105 893 2106 895 2106 1223 2106 891 2107 893 2107 1223 2107 890 2108 891 2108 1223 2108 888 2109 890 2109 1223 2109 882 2110 888 2110 1223 2110 36 2111 882 2111 1223 2111 972 2112 23 2112 36 2112 976 2113 972 2113 36 2113 977 2114 976 2114 36 2114 1223 2115 977 2115 36 2115 1224 2116 1018 2116 1386 2116 1224 2117 1386 2117 1225 2117 1224 2118 1225 2118 1226 2118 1224 2119 1226 2119 1227 2119 1224 2120 1227 2120 1416 2120 1224 2121 1416 2121 1228 2121 1224 2122 63 2122 1018 2122 1229 2123 1228 2123 1230 2123 1229 2124 1230 2124 1231 2124 1229 2125 1231 2125 1232 2125 1229 2126 1232 2126 1223 2126 1229 2127 1224 2127 1228 2127 1233 2128 63 2128 1224 2128 1233 2129 62 2129 63 2129 1233 2130 64 2130 62 2130 1234 2131 1223 2131 899 2131 1234 2132 916 2132 61 2132 1234 2133 914 2133 916 2133 1234 2134 913 2134 914 2134 1234 2135 910 2135 913 2135 1234 2136 908 2136 910 2136 1234 2137 907 2137 908 2137 1234 2138 905 2138 907 2138 1234 2139 903 2139 905 2139 1234 2140 901 2140 903 2140 1234 2141 899 2141 901 2141 1234 2142 1229 2142 1223 2142 1234 2143 64 2143 1233 2143 1234 2144 1224 2144 1229 2144 1234 2145 1233 2145 1224 2145 1234 2146 61 2146 64 2146 1235 2147 983 2147 977 2147 1223 2148 1235 2148 977 2148 1236 2149 1235 2149 1425 2149 1237 2150 1236 2150 1425 2150 1244 2151 1235 2151 1236 2151 1251 2152 1236 2152 1237 2152 1251 2153 1244 2153 1236 2153 1249 2154 1251 2154 1237 2154 1238 2155 1249 2155 1237 2155 1248 2156 1249 2156 1238 2156 1245 2157 1238 2157 1239 2157 1245 2158 1248 2158 1238 2158 1246 2159 1245 2159 1239 2159 1240 2160 1239 2160 1439 2160 1254 2161 1239 2161 1240 2161 1254 2162 1246 2162 1239 2162 1253 2163 1254 2163 1240 2163 1241 2164 1240 2164 1437 2164 1243 2165 1253 2165 1240 2165 1243 2166 1240 2166 1241 2166 1241 2167 1242 2167 1151 2167 1247 2168 1243 2168 1241 2168 1252 2169 1241 2169 1151 2169 1252 2170 1247 2170 1241 2170 1244 2171 983 2171 1235 2171 1250 2172 1253 2172 1243 2172 1247 2173 1250 2173 1243 2173 1252 2174 1151 2174 1153 2174 1255 2175 983 2175 1244 2175 1255 2176 1244 2176 1251 2176 1255 2177 1251 2177 1249 2177 1256 2178 1255 2178 1249 2178 1256 2179 1249 2179 1248 2179 1256 2180 1248 2180 1245 2180 1246 2181 1254 2181 1256 2181 1246 2182 1256 2182 1245 2182 1250 2183 1257 2183 1253 2183 1257 2184 1250 2184 1247 2184 1257 2185 1252 2185 1153 2185 1257 2186 1247 2186 1252 2186 970 2187 1259 2187 1177 2187 1258 2188 1259 2188 973 2188 1177 2189 1259 2189 1260 2189 1260 2190 1259 2190 1258 2190 1258 2191 973 2191 979 2191 1258 2192 979 2192 1261 2192 1266 2193 1262 2193 1519 2193 985 2194 1519 2194 1518 2194 985 2195 1518 2195 1263 2195 985 2196 1266 2196 1519 2196 1263 2197 1518 2197 1265 2197 1264 2198 1263 2198 1265 2198 981 2199 1263 2199 1264 2199 980 2200 981 2200 1264 2200 980 2201 1264 2201 1261 2201 980 2202 1261 2202 979 2202 1266 2203 1267 2203 1262 2203 1150 2204 1268 2204 988 2204 988 2205 1268 2205 1267 2205 1262 2206 1269 2206 1270 2206 1267 2207 1269 2207 1262 2207 1268 2208 1269 2208 1267 2208 1271 2209 1362 2209 1004 2209 1271 2210 1004 2210 1272 2210 1273 2211 1272 2211 1274 2211 1273 2212 1271 2212 1272 2212 1275 2213 1274 2213 1276 2213 1275 2214 1273 2214 1274 2214 1092 2215 1276 2215 1093 2215 1092 2216 1275 2216 1276 2216 1279 2217 1278 2217 1222 2217 1278 2218 1280 2218 1222 2218 1277 2219 1280 2219 1278 2219 1281 2220 1280 2220 1277 2220 1222 2221 1282 2221 1217 2221 1217 2222 1282 2222 1188 2222 1188 2223 1282 2223 1281 2223 1281 2224 1282 2224 1280 2224 1280 2225 1282 2225 1222 2225 1089 2226 1272 2226 1004 2226 1283 2227 1274 2227 1272 2227 1283 2228 1276 2228 1274 2228 1283 2229 1093 2229 1276 2229 1283 2230 1272 2230 1089 2230 1283 2231 1089 2231 1087 2231 1283 2232 1284 2232 1093 2232 1283 2233 1285 2233 1284 2233 1283 2234 1087 2234 1085 2234 1283 2235 1085 2235 1083 2235 1287 2236 1285 2236 1283 2236 1287 2237 1083 2237 1081 2237 1287 2238 1283 2238 1083 2238 1287 2239 1286 2239 1285 2239 1287 2240 1081 2240 1289 2240 1289 2241 1288 2241 1286 2241 1289 2242 1286 2242 1287 2242 1289 2243 1078 2243 1076 2243 1291 2244 1290 2244 1288 2244 1291 2245 1288 2245 1289 2245 1291 2246 1076 2246 1074 2246 1291 2247 1289 2247 1076 2247 1291 2248 1074 2248 1072 2248 1291 2249 1072 2249 1070 2249 1290 2250 1070 2250 1068 2250 1290 2251 1291 2251 1070 2251 1293 2252 1068 2252 1066 2252 1293 2253 1290 2253 1068 2253 1293 2254 1292 2254 1290 2254 1293 2255 1060 2255 1292 2255 1293 2256 1066 2256 1064 2256 1293 2257 1064 2257 1062 2257 1060 2258 1293 2258 1062 2258 1060 2259 1295 2259 1294 2259 1060 2260 1058 2260 1056 2260 1296 2261 1295 2261 1060 2261 1296 2262 1060 2262 1056 2262 1296 2263 1056 2263 1054 2263 1296 2264 1054 2264 1052 2264 1296 2265 1297 2265 1295 2265 1296 2266 1052 2266 1050 2266 1296 2267 1050 2267 1048 2267 1298 2268 1297 2268 1296 2268 1298 2269 1048 2269 1045 2269 1298 2270 1296 2270 1048 2270 1298 2271 1045 2271 1043 2271 1298 2272 1043 2272 1041 2272 1299 2273 1041 2273 1039 2273 1299 2274 1298 2274 1041 2274 1299 2275 1039 2275 1037 2275 1300 2276 1037 2276 1035 2276 1300 2277 1035 2277 1301 2277 1300 2278 1299 2278 1037 2278 1128 2279 1302 2279 1130 2279 1126 2280 1302 2280 1128 2280 1284 2281 1094 2281 1093 2281 1012 2282 1013 2282 1303 2282 1012 2283 1303 2283 1304 2283 1301 2284 1007 2284 1300 2284 1032 2285 1007 2285 1301 2285 1305 2286 1481 2286 1306 2286 1305 2287 1122 2287 1121 2287 1307 2288 1308 2288 1309 2288 1307 2289 1309 2289 1481 2289 1307 2290 1481 2290 1305 2290 1310 2291 1115 2291 1112 2291 1311 2292 1489 2292 1308 2292 1311 2293 1308 2293 1307 2293 1312 2294 1107 2294 1105 2294 1313 2295 1094 2295 1284 2295 1313 2296 1097 2296 1094 2296 1313 2297 1099 2297 1097 2297 1313 2298 1284 2298 1285 2298 1313 2299 1285 2299 1286 2299 1316 2300 1313 2300 1286 2300 1316 2301 1286 2301 1288 2301 1316 2302 1288 2302 1290 2302 1317 2303 1318 2303 1319 2303 1317 2304 1319 2304 1315 2304 1317 2305 1315 2305 1314 2305 1320 2306 1316 2306 1290 2306 1320 2307 1290 2307 1292 2307 1321 2308 1014 2308 1012 2308 1321 2309 1304 2309 1318 2309 1321 2310 1012 2310 1304 2310 1321 2311 1318 2311 1317 2311 1294 2312 1320 2312 1292 2312 1294 2313 1292 2313 1060 2313 1322 2314 1014 2314 1321 2314 1323 2315 1297 2315 1298 2315 1323 2316 1298 2316 1299 2316 1323 2317 1295 2317 1297 2317 1324 2318 1007 2318 1014 2318 1324 2319 1299 2319 1300 2319 1324 2320 1323 2320 1299 2320 1324 2321 1300 2321 1007 2321 1324 2322 1014 2322 1322 2322 1325 2323 1302 2323 1126 2323 1325 2324 1122 2324 1305 2324 1325 2325 1306 2325 1326 2325 1325 2326 1326 2326 1302 2326 1325 2327 1305 2327 1306 2327 1325 2328 1124 2328 1122 2328 1325 2329 1126 2329 1124 2329 1327 2330 1307 2330 1305 2330 1327 2331 1310 2331 1328 2331 1329 2332 1307 2332 1327 2332 1329 2333 1311 2333 1307 2333 1329 2334 1328 2334 1330 2334 1329 2335 1327 2335 1328 2335 1331 2336 1328 2336 1310 2336 1331 2337 1312 2337 1332 2337 1333 2338 1311 2338 1329 2338 1333 2339 1330 2339 1334 2339 1333 2340 1329 2340 1330 2340 1335 2341 1331 2341 1332 2341 1335 2342 1332 2342 1336 2342 1335 2343 1330 2343 1328 2343 1335 2344 1328 2344 1331 2344 1337 2345 1313 2345 1316 2345 1337 2346 1332 2346 1312 2346 1338 2347 1335 2347 1336 2347 1338 2348 1330 2348 1335 2348 1338 2349 1334 2349 1330 2349 1338 2350 1336 2350 1339 2350 1340 2351 1337 2351 1316 2351 1340 2352 1336 2352 1332 2352 1340 2353 1332 2353 1337 2353 1340 2354 1316 2354 1320 2354 1341 2355 1339 2355 1342 2355 1341 2356 1338 2356 1339 2356 1341 2357 1334 2357 1338 2357 1341 2358 1314 2358 1334 2358 1343 2359 1336 2359 1340 2359 1343 2360 1320 2360 1294 2360 1343 2361 1340 2361 1320 2361 1343 2362 1339 2362 1336 2362 1344 2363 1314 2363 1341 2363 1344 2364 1317 2364 1314 2364 1344 2365 1341 2365 1342 2365 1344 2366 1342 2366 1345 2366 1346 2367 1339 2367 1343 2367 1346 2368 1342 2368 1339 2368 1346 2369 1343 2369 1294 2369 1346 2370 1294 2370 1295 2370 1347 2371 1342 2371 1346 2371 1347 2372 1295 2372 1323 2372 1347 2373 1345 2373 1342 2373 1347 2374 1346 2374 1295 2374 1348 2375 1327 2375 1305 2375 1348 2376 1119 2376 1117 2376 1348 2377 1121 2377 1119 2377 1348 2378 1305 2378 1121 2378 1348 2379 1115 2379 1310 2379 1348 2380 1310 2380 1327 2380 1348 2381 1117 2381 1115 2381 1349 2382 1312 2382 1331 2382 1349 2383 1310 2383 1112 2383 1349 2384 1331 2384 1310 2384 1349 2385 1110 2385 1107 2385 1349 2386 1112 2386 1110 2386 1349 2387 1107 2387 1312 2387 1351 2388 1314 2388 1315 2388 1351 2389 1315 2389 1352 2389 1351 2390 1350 2390 1333 2390 1351 2391 1333 2391 1334 2391 1351 2392 1352 2392 1350 2392 1351 2393 1334 2393 1314 2393 1353 2394 1099 2394 1313 2394 1353 2395 1313 2395 1337 2395 1353 2396 1102 2396 1099 2396 1353 2397 1105 2397 1102 2397 1353 2398 1337 2398 1312 2398 1353 2399 1312 2399 1105 2399 1354 2400 1317 2400 1344 2400 1354 2401 1321 2401 1317 2401 1354 2402 1322 2402 1321 2402 1354 2403 1344 2403 1345 2403 1354 2404 1345 2404 1322 2404 1355 2405 1345 2405 1347 2405 1355 2406 1322 2406 1345 2406 1355 2407 1324 2407 1322 2407 1355 2408 1347 2408 1323 2408 1355 2409 1323 2409 1324 2409 1356 2410 1350 2410 1491 2410 1356 2411 1491 2411 1489 2411 1356 2412 1489 2412 1311 2412 1356 2413 1333 2413 1350 2413 1356 2414 1311 2414 1333 2414 1019 2415 1357 2415 1368 2415 1357 2416 1019 2416 1020 2416 1360 2417 1357 2417 1020 2417 1358 2418 1366 2418 1360 2418 1361 2419 1366 2419 1358 2419 1360 2420 1020 2420 1365 2420 1361 2421 1359 2421 1366 2421 1362 2422 1359 2422 1361 2422 1358 2423 1360 2423 1365 2423 1363 2424 1361 2424 1358 2424 1364 2425 1361 2425 1363 2425 1364 2426 1362 2426 1361 2426 1363 2427 1358 2427 1365 2427 1364 2428 1006 2428 1362 2428 1271 2429 1359 2429 1362 2429 1273 2430 1359 2430 1271 2430 1388 2431 1275 2431 1092 2431 1359 2432 1275 2432 1388 2432 1359 2433 1273 2433 1275 2433 1359 2434 1388 2434 1370 2434 1366 2435 1359 2435 1370 2435 1366 2436 1370 2436 1367 2436 1367 2437 1360 2437 1366 2437 1367 2438 1357 2438 1360 2438 1357 2439 1367 2439 1410 2439 1410 2440 1368 2440 1357 2440 1386 2441 1019 2441 1368 2441 1369 2442 1422 2442 1408 2442 1382 2443 1370 2443 1387 2443 1371 2444 1410 2444 1367 2444 1371 2445 1367 2445 1382 2445 1413 2446 1391 2446 1384 2446 1372 2447 1373 2447 1374 2447 1413 2448 1375 2448 1391 2448 1413 2449 1376 2449 1375 2449 1413 2450 1415 2450 1376 2450 1376 2451 1400 2451 1375 2451 1377 2452 1400 2452 1376 2452 1378 2453 1402 2453 1377 2453 1380 2454 1379 2454 1386 2454 1382 2455 1408 2455 1409 2455 1382 2456 1387 2456 1408 2456 1387 2457 1369 2457 1408 2457 1092 2458 1091 2458 1388 2458 1430 2459 1223 2459 1232 2459 1383 2460 1429 2460 1430 2460 1383 2461 1430 2461 1232 2461 1384 2462 1429 2462 1383 2462 1372 2463 1423 2463 1390 2463 1385 2464 1423 2464 1372 2464 1381 2465 1368 2465 1410 2465 1388 2466 1369 2466 1387 2466 1388 2467 1387 2467 1370 2467 1388 2468 1091 2468 1095 2468 1434 2469 1429 2469 1384 2469 1412 2470 1434 2470 1384 2470 1391 2471 1392 2471 1412 2471 1393 2472 1412 2472 1392 2472 1374 2473 1385 2473 1372 2473 1374 2474 1120 2474 1385 2474 1395 2475 1396 2475 1393 2475 1395 2476 1393 2476 1392 2476 1375 2477 1394 2477 1392 2477 1375 2478 1392 2478 1391 2478 1374 2479 1118 2479 1120 2479 1395 2480 1392 2480 1394 2480 1375 2481 1397 2481 1394 2481 1395 2482 1399 2482 1396 2482 1398 2483 1395 2483 1394 2483 1398 2484 1399 2484 1395 2484 1400 2485 1397 2485 1375 2485 1398 2486 1394 2486 1397 2486 1398 2487 1401 2487 1399 2487 1400 2488 1403 2488 1397 2488 1402 2489 1400 2489 1377 2489 1402 2490 1403 2490 1400 2490 1404 2491 1398 2491 1397 2491 1404 2492 1401 2492 1398 2492 1404 2493 1397 2493 1403 2493 1404 2494 1406 2494 1401 2494 1402 2495 1405 2495 1403 2495 1379 2496 1226 2496 1225 2496 1386 2497 1379 2497 1225 2497 1409 2498 1403 2498 1405 2498 1409 2499 1406 2499 1404 2499 1409 2500 1404 2500 1403 2500 1407 2501 1402 2501 1378 2501 1407 2502 1405 2502 1402 2502 1409 2503 1408 2503 1406 2503 1380 2504 1386 2504 1368 2504 1380 2505 1368 2505 1381 2505 1369 2506 1098 2506 1100 2506 1382 2507 1367 2507 1370 2507 1369 2508 1096 2508 1098 2508 1388 2509 1095 2509 1096 2509 1388 2510 1096 2510 1369 2510 1411 2511 1384 2511 1383 2511 1414 2512 1383 2512 1232 2512 1414 2513 1411 2513 1383 2513 1414 2514 1232 2514 1231 2514 1389 2515 1434 2515 1412 2515 1384 2516 1391 2516 1412 2516 1413 2517 1384 2517 1411 2517 1393 2518 1390 2518 1389 2518 1393 2519 1389 2519 1412 2519 1414 2520 1415 2520 1411 2520 1373 2521 1390 2521 1393 2521 1373 2522 1372 2522 1390 2522 1414 2523 1231 2523 1230 2523 1228 2524 1415 2524 1414 2524 1228 2525 1414 2525 1230 2525 1415 2526 1413 2526 1411 2526 1373 2527 1393 2527 1396 2527 1228 2528 1416 2528 1415 2528 1373 2529 1417 2529 1374 2529 1377 2530 1376 2530 1415 2530 1417 2531 1373 2531 1396 2531 1377 2532 1415 2532 1416 2532 1118 2533 1374 2533 1417 2533 1418 2534 1417 2534 1396 2534 1118 2535 1114 2535 1116 2535 1118 2536 1417 2536 1418 2536 1418 2537 1396 2537 1399 2537 1114 2538 1118 2538 1418 2538 1419 2539 1418 2539 1399 2539 1378 2540 1416 2540 1227 2540 1378 2541 1377 2541 1416 2541 1114 2542 1111 2542 1113 2542 1419 2543 1399 2543 1401 2543 1227 2544 1226 2544 1379 2544 1114 2545 1109 2545 1111 2545 1114 2546 1418 2546 1419 2546 1378 2547 1227 2547 1380 2547 1420 2548 1109 2548 1114 2548 1420 2549 1114 2549 1419 2549 1421 2550 1419 2550 1401 2550 1379 2551 1380 2551 1227 2551 1420 2552 1108 2552 1109 2552 1421 2553 1420 2553 1419 2553 1421 2554 1401 2554 1406 2554 1381 2555 1407 2555 1378 2555 1381 2556 1378 2556 1380 2556 1420 2557 1106 2557 1108 2557 1421 2558 1422 2558 1420 2558 1420 2559 1104 2559 1106 2559 1422 2560 1103 2560 1104 2560 1422 2561 1104 2561 1420 2561 1408 2562 1421 2562 1406 2562 1408 2563 1422 2563 1421 2563 1422 2564 1101 2564 1103 2564 1382 2565 1409 2565 1405 2565 1371 2566 1382 2566 1405 2566 1371 2567 1405 2567 1407 2567 1410 2568 1371 2568 1407 2568 1410 2569 1407 2569 1381 2569 1422 2570 1100 2570 1101 2570 1369 2571 1100 2571 1422 2571 1385 2572 1123 2572 1125 2572 1428 2573 1385 2573 1125 2573 1428 2574 1423 2574 1385 2574 1424 2575 1127 2575 1129 2575 1430 2576 1235 2576 1223 2576 1425 2577 1235 2577 1430 2577 1430 2578 1429 2578 1427 2578 1390 2579 1423 2579 1426 2579 1428 2580 1424 2580 1426 2580 1428 2581 1127 2581 1424 2581 1428 2582 1125 2582 1127 2582 1432 2583 1431 2583 1427 2583 1432 2584 1427 2584 1429 2584 1426 2585 1423 2585 1428 2585 1433 2586 1389 2586 1390 2586 1434 2587 1389 2587 1433 2587 1432 2588 1433 2588 1431 2588 1433 2589 1390 2589 1426 2589 1432 2590 1434 2590 1433 2590 1426 2591 1442 2591 1433 2591 1426 2592 1424 2592 1442 2592 1432 2593 1429 2593 1434 2593 1129 2594 1131 2594 1424 2594 1437 2595 1242 2595 1241 2595 1437 2596 1240 2596 1439 2596 1441 2597 1436 2597 1242 2597 1441 2598 1242 2598 1437 2598 1441 2599 1438 2599 1436 2599 1440 2600 1439 2600 1239 2600 1440 2601 1239 2601 1238 2601 1441 2602 1437 2602 1439 2602 1435 2603 1438 2603 1441 2603 1440 2604 1238 2604 1237 2604 1427 2605 1440 2605 1237 2605 1427 2606 1237 2606 1425 2606 1427 2607 1425 2607 1430 2607 1435 2608 1134 2608 1136 2608 1443 2609 1435 2609 1441 2609 1431 2610 1439 2610 1440 2610 1443 2611 1134 2611 1435 2611 1442 2612 1441 2612 1439 2612 1442 2613 1439 2613 1431 2613 1443 2614 1441 2614 1442 2614 1443 2615 1133 2615 1134 2615 1442 2616 1431 2616 1433 2616 1443 2617 1131 2617 1133 2617 1443 2618 1442 2618 1424 2618 1424 2619 1131 2619 1443 2619 1431 2620 1440 2620 1427 2620 1444 2621 1155 2621 1436 2621 1242 2622 1436 2622 1151 2622 1136 2623 1137 2623 1461 2623 1438 2624 1444 2624 1436 2624 1438 2625 1446 2625 1444 2625 1438 2626 1461 2626 1446 2626 1461 2627 1438 2627 1435 2627 1461 2628 1435 2628 1136 2628 1176 2629 1175 2629 1458 2629 1459 2630 1138 2630 1140 2630 1444 2631 1160 2631 1155 2631 1445 2632 1444 2632 1446 2632 1445 2633 1160 2633 1444 2633 1447 2634 1141 2634 1143 2634 1448 2635 1446 2635 1447 2635 1460 2636 1165 2636 1445 2636 1447 2637 1143 2637 1145 2637 1460 2638 1166 2638 1165 2638 1449 2639 1145 2639 1149 2639 1449 2640 1447 2640 1145 2640 1449 2641 1448 2641 1447 2641 1450 2642 1448 2642 1449 2642 1451 2643 1169 2643 1168 2643 1452 2644 1449 2644 1149 2644 1452 2645 1149 2645 1147 2645 1452 2646 1450 2646 1449 2646 1453 2647 1450 2647 1452 2647 1451 2648 1170 2648 1169 2648 1451 2649 1450 2649 1453 2649 1170 2650 1173 2650 1172 2650 1170 2651 1451 2651 1453 2651 1170 2652 1453 2652 1455 2652 1454 2653 1147 2653 1148 2653 1456 2654 1174 2654 1173 2654 1456 2655 1170 2655 1455 2655 1456 2656 1173 2656 1170 2656 1457 2657 1455 2657 1454 2657 1456 2658 1455 2658 1457 2658 1454 2659 1148 2659 1471 2659 1457 2660 1454 2660 1471 2660 1457 2661 1471 2661 1458 2661 1458 2662 1175 2662 1174 2662 1458 2663 1174 2663 1456 2663 1458 2664 1456 2664 1457 2664 1461 2665 1137 2665 1138 2665 1459 2666 1141 2666 1447 2666 1459 2667 1140 2667 1141 2667 1459 2668 1447 2668 1446 2668 1460 2669 1446 2669 1448 2669 1460 2670 1445 2670 1446 2670 1166 2671 1460 2671 1448 2671 1166 2672 1448 2672 1450 2672 1166 2673 1450 2673 1451 2673 1166 2674 1451 2674 1168 2674 1452 2675 1455 2675 1453 2675 1452 2676 1147 2676 1454 2676 1452 2677 1454 2677 1455 2677 1461 2678 1459 2678 1446 2678 1461 2679 1138 2679 1459 2679 1132 2680 1130 2680 1302 2680 1458 2681 1198 2681 1176 2681 1200 2682 1462 2682 1221 2682 1200 2683 1463 2683 1462 2683 1467 2684 1135 2684 1475 2684 1466 2685 1464 2685 1463 2685 1466 2686 1463 2686 1200 2686 1464 2687 1465 2687 1463 2687 1467 2688 1139 2688 1135 2688 1467 2689 1465 2689 1464 2689 1468 2690 1466 2690 1202 2690 1468 2691 1202 2691 1199 2691 1470 2692 1142 2692 1467 2692 1468 2693 1464 2693 1466 2693 1470 2694 1467 2694 1464 2694 1468 2695 1470 2695 1464 2695 1469 2696 1468 2696 1199 2696 1470 2697 1144 2697 1142 2697 1470 2698 1468 2698 1469 2698 1472 2699 1470 2699 1469 2699 1458 2700 1469 2700 1198 2700 1471 2701 1469 2701 1458 2701 1472 2702 1146 2702 1144 2702 1472 2703 1144 2703 1470 2703 1472 2704 1469 2704 1471 2704 1472 2705 1471 2705 1148 2705 1148 2706 1146 2706 1472 2706 1473 2707 1204 2707 1462 2707 1462 2708 1204 2708 1221 2708 1475 2709 1132 2709 1302 2709 1473 2710 1477 2710 1474 2710 1473 2711 1462 2711 1477 2711 1476 2712 1467 2712 1475 2712 1476 2713 1465 2713 1467 2713 1477 2714 1465 2714 1476 2714 1477 2715 1462 2715 1463 2715 1477 2716 1463 2716 1465 2716 1302 2717 1476 2717 1475 2717 1478 2718 1476 2718 1302 2718 1474 2719 1478 2719 1306 2719 1480 2720 1474 2720 1306 2720 1479 2721 1474 2721 1480 2721 1480 2722 1306 2722 1481 2722 1482 2723 1480 2723 1481 2723 1483 2724 1479 2724 1480 2724 1483 2725 1480 2725 1482 2725 1482 2726 1481 2726 1488 2726 1484 2727 1482 2727 1488 2727 1490 2728 1482 2728 1484 2728 1490 2729 1483 2729 1482 2729 1212 2730 1490 2730 1484 2730 1497 2731 1319 2731 1318 2731 1485 2732 1216 2732 1497 2732 1485 2733 1497 2733 1318 2733 1485 2734 1318 2734 1304 2734 1485 2735 1303 2735 1507 2735 1485 2736 1217 2736 1216 2736 1485 2737 1507 2737 1217 2737 1485 2738 1304 2738 1303 2738 1478 2739 1474 2739 1477 2739 1478 2740 1477 2740 1476 2740 1326 2741 1478 2741 1302 2741 1326 2742 1306 2742 1478 2742 1486 2743 1479 2743 1483 2743 1487 2744 1486 2744 1483 2744 1488 2745 1309 2745 1308 2745 1488 2746 1481 2746 1309 2746 1489 2747 1488 2747 1308 2747 1489 2748 1484 2748 1488 2748 1489 2749 1212 2749 1484 2749 1487 2750 1483 2750 1490 2750 1487 2751 1211 2751 1208 2751 1490 2752 1211 2752 1487 2752 1491 2753 1212 2753 1489 2753 1491 2754 1493 2754 1212 2754 1490 2755 1212 2755 1211 2755 1493 2756 1491 2756 1350 2756 1493 2757 1350 2757 1352 2757 1492 2758 1212 2758 1493 2758 1492 2759 1214 2759 1212 2759 1494 2760 1493 2760 1352 2760 1492 2761 1493 2761 1494 2761 1494 2762 1352 2762 1315 2762 1495 2763 1494 2763 1315 2763 1492 2764 1215 2764 1214 2764 1495 2765 1215 2765 1492 2765 1495 2766 1492 2766 1494 2766 1495 2767 1315 2767 1319 2767 1319 2768 1497 2768 1495 2768 1495 2769 1496 2769 1215 2769 1497 2770 1496 2770 1495 2770 1479 2771 1486 2771 1473 2771 1479 2772 1473 2772 1474 2772 1499 2773 866 2773 867 2773 1499 2774 865 2774 866 2774 1499 2775 862 2775 865 2775 1499 2776 867 2776 1498 2776 1500 2777 868 2777 1222 2777 1500 2778 1498 2778 868 2778 1501 2779 1498 2779 1500 2779 1501 2780 1499 2780 1498 2780 1502 2781 1015 2781 862 2781 1502 2782 1499 2782 1501 2782 1502 2783 862 2783 1499 2783 1511 2784 1013 2784 1015 2784 1503 2785 1504 2785 1506 2785 1503 2786 1510 2786 1504 2786 1503 2787 1511 2787 1510 2787 1505 2788 1013 2788 1511 2788 1505 2789 1511 2789 1503 2789 1507 2790 1503 2790 1506 2790 1505 2791 1503 2791 1507 2791 1507 2792 1506 2792 1217 2792 1505 2793 1303 2793 1013 2793 1505 2794 1507 2794 1303 2794 1509 2795 1500 2795 1222 2795 1508 2796 1222 2796 1217 2796 1508 2797 1509 2797 1222 2797 1508 2798 1506 2798 1504 2798 1508 2799 1217 2799 1506 2799 1510 2800 1500 2800 1509 2800 1510 2801 1501 2801 1500 2801 1510 2802 1502 2802 1501 2802 1510 2803 1509 2803 1508 2803 1510 2804 1508 2804 1504 2804 1511 2805 1015 2805 1502 2805 1511 2806 1502 2806 1510 2806 1163 2807 1177 2807 1260 2807 1164 2808 1260 2808 1258 2808 1164 2809 1163 2809 1260 2809 1164 2810 1258 2810 1261 2810 1161 2811 1164 2811 1261 2811 1512 2812 1521 2812 1161 2812 1513 2813 1161 2813 1261 2813 1513 2814 1512 2814 1161 2814 1514 2815 1161 2815 1521 2815 1515 2816 1516 2816 1512 2816 1515 2817 1512 2817 1513 2817 1521 2818 1517 2818 1262 2818 1264 2819 1513 2819 1261 2819 1264 2820 1265 2820 1513 2820 1265 2821 1515 2821 1513 2821 1265 2822 1516 2822 1515 2822 1265 2823 1518 2823 1516 2823 1519 2824 1262 2824 1517 2824 1519 2825 1517 2825 1516 2825 1519 2826 1516 2826 1518 2826 1520 2827 1521 2827 1512 2827 1520 2828 1512 2828 1516 2828 1520 2829 1517 2829 1521 2829 1520 2830 1516 2830 1517 2830 1161 2831 1262 2831 1159 2831 1161 2832 1514 2832 1521 2832 1161 2833 1521 2833 1262 2833 1522 2834 1270 2834 1156 2834 1523 2835 1262 2835 1270 2835 1523 2836 1270 2836 1522 2836 1522 2837 1262 2837 1523 2837 1262 2838 1156 2838 1159 2838 1262 2839 1522 2839 1156 2839 1524 2840 1158 2840 1156 2840 1524 2841 1156 2841 1270 2841 1524 2842 1270 2842 1269 2842 1525 2843 1524 2843 1269 2843 1525 2844 1158 2844 1524 2844 1526 2845 1150 2845 1152 2845 1526 2846 1152 2846 1157 2846 1526 2847 1157 2847 1158 2847 1526 2848 1269 2848 1268 2848 1526 2849 1268 2849 1150 2849 1526 2850 1158 2850 1525 2850 1526 2851 1525 2851 1269 2851 1150 2852 1153 2852 1152 2852 1011 2853 1009 2853 15 2853 1022 2854 1011 2854 15 2854 1023 2855 15 2855 14 2855 1023 2856 1022 2856 15 2856 872 2857 1023 2857 14 2857 18 2858 1003 2858 76 2858 1005 2859 1003 2859 18 2859 1090 2860 1005 2860 18 2860 1088 2861 1090 2861 18 2861 1086 2862 1088 2862 18 2862 1084 2863 1086 2863 18 2863 1082 2864 1084 2864 18 2864 1080 2865 1082 2865 18 2865 1079 2866 1080 2866 18 2866 1077 2867 1079 2867 18 2867 1075 2868 1077 2868 18 2868 1073 2869 1075 2869 18 2869 1071 2870 1073 2870 18 2870 1069 2871 1071 2871 18 2871 1067 2872 1069 2872 18 2872 1065 2873 1067 2873 18 2873 1063 2874 1065 2874 18 2874 1061 2875 1063 2875 18 2875 1059 2876 1061 2876 18 2876 1057 2877 1059 2877 18 2877 1055 2878 1057 2878 18 2878 1053 2879 1055 2879 18 2879 1051 2880 1053 2880 18 2880 1049 2881 1051 2881 18 2881 1047 2882 1049 2882 18 2882 1046 2883 1047 2883 18 2883 1044 2884 1046 2884 18 2884 1042 2885 1044 2885 18 2885 1040 2886 1042 2886 18 2886 1038 2887 1040 2887 18 2887 1036 2888 1038 2888 18 2888 1034 2889 1036 2889 18 2889 1033 2890 1034 2890 18 2890 1031 2891 1033 2891 18 2891 1008 2892 18 2892 15 2892 1008 2893 1031 2893 18 2893 1009 2894 1008 2894 15 2894 996 2895 69 2895 70 2895 996 2896 995 2896 69 2896 997 2897 996 2897 70 2897 997 2898 70 2898 71 2898 998 2899 997 2899 71 2899 998 2900 71 2900 72 2900 999 2901 998 2901 72 2901 1000 2902 999 2902 72 2902 1000 2903 72 2903 73 2903 1001 2904 1000 2904 73 2904 1001 2905 73 2905 74 2905 1002 2906 1001 2906 74 2906 1002 2907 74 2907 75 2907 1003 2908 1002 2908 75 2908 1003 2909 75 2909 76 2909 857 2910 856 2910 928 2910 925 2911 928 2911 926 2911 925 2912 857 2912 928 2912 864 2913 863 2913 929 2913 929 2914 927 2914 924 2914 863 2915 927 2915 929 2915 923 2916 917 2916 919 2916 858 2917 923 2917 859 2917 858 2918 917 2918 923 2918 920 2919 847 2919 921 2919 920 2920 848 2920 847 2920 1540 2921 1529 2921 1530 2921 1529 2922 1534 2922 1530 2922 1532 2923 1534 2923 1536 2923 1530 2924 1534 2924 1532 2924 1531 2925 1534 2925 1529 2925 1533 2926 1534 2926 1531 2926 1535 2927 1530 2927 1532 2927 1536 2928 1535 2928 1532 2928 1537 2929 1534 2929 1533 2929 1537 2930 1536 2930 1534 2930 1538 2931 1537 2931 1533 2931 1538 2932 1533 2932 1531 2932 1539 2933 1538 2933 1531 2933 1539 2934 1531 2934 1529 2934 1540 2935 1539 2935 1529 2935 1535 2936 1540 2936 1530 2936 1555 2937 1542 2937 1541 2937 1543 2938 1545 2938 1542 2938 1542 2939 1546 2939 1541 2939 1541 2940 1546 2940 1544 2940 1552 2941 1547 2941 1545 2941 1542 2942 1547 2942 1546 2942 1545 2943 1547 2943 1542 2943 1548 2944 1555 2944 1541 2944 1548 2945 1541 2945 1544 2945 1549 2946 1548 2946 1544 2946 1550 2947 1549 2947 1544 2947 1550 2948 1544 2948 1546 2948 1550 2949 1546 2949 1547 2949 1551 2950 1550 2950 1547 2950 1552 2951 1551 2951 1547 2951 1553 2952 1552 2952 1545 2952 1543 2953 1553 2953 1545 2953 1554 2954 1543 2954 1542 2954 1555 2955 1554 2955 1542 2955 1595 2956 1556 2956 1597 2956 1597 2957 1556 2957 1557 2957 1556 2958 1558 2958 1557 2958 1557 2959 1558 2959 1663 2959 1562 2960 1559 2960 1528 2960 1528 2961 1559 2961 1527 2961 1559 2962 1560 2962 1527 2962 1560 2963 1561 2963 1527 2963 1527 2964 1561 2964 1528 2964 1561 2965 1562 2965 1528 2965 1566 2966 1568 2966 1595 2966 1568 2967 1564 2967 1595 2967 1595 2968 1564 2968 1563 2968 1564 2969 1599 2969 1563 2969 1563 2970 1599 2970 1565 2970 1599 2971 1567 2971 1565 2971 1565 2972 1567 2972 1566 2972 1567 2973 1568 2973 1566 2973 1571 2974 1572 2974 1573 2974 1573 2975 1572 2975 1574 2975 1575 2976 1576 2976 1577 2976 1577 2977 1576 2977 1578 2977 1579 2978 1580 2978 1581 2978 1579 2979 1581 2979 1582 2979 1583 2980 1584 2980 1585 2980 1586 2981 1584 2981 1583 2981 1587 2982 1588 2982 1607 2982 1607 2983 1588 2983 1589 2983 1590 2984 1591 2984 1592 2984 1592 2985 1591 2985 1593 2985 1594 2986 1595 2986 1596 2986 1596 2987 1595 2987 1597 2987 1565 2988 1598 2988 1599 2988 1599 2989 1598 2989 1567 2989 1598 2990 1596 2990 1567 2990 1598 2991 1594 2991 1596 2991 1600 2992 1565 2992 1599 2992 1600 2993 1599 2993 1601 2993 1602 2994 1601 2994 1603 2994 1602 2995 1600 2995 1601 2995 2370 2996 1602 2996 1603 2996 1604 2997 1606 2997 1605 2997 1605 2998 1606 2998 1607 2998 1611 2999 1612 2999 1610 2999 1610 3000 1612 3000 1613 3000 1612 3001 1643 3001 1613 3001 1629 3002 1615 3002 1614 3002 1615 3003 1616 3003 1614 3003 1614 3004 1616 3004 1617 3004 1617 3005 1616 3005 1619 3005 1616 3006 1618 3006 1619 3006 1620 3007 1622 3007 1621 3007 1621 3008 1622 3008 1623 3008 1622 3009 1624 3009 1623 3009 1624 3010 1625 3010 1623 3010 1623 3011 1625 3011 1626 3011 1625 3012 1627 3012 1626 3012 1626 3013 1627 3013 1628 3013 1628 3014 1627 3014 1629 3014 1630 3015 1632 3015 1631 3015 1631 3016 1632 3016 1633 3016 1633 3017 1632 3017 1634 3017 1637 3018 1638 3018 1636 3018 1636 3019 1638 3019 1639 3019 1640 3020 1642 3020 1641 3020 1642 3021 1643 3021 1641 3021 1645 3022 1644 3022 1646 3022 1644 3023 1648 3023 1646 3023 1646 3024 1648 3024 1647 3024 1647 3025 1650 3025 1649 3025 1648 3026 1650 3026 1647 3026 1649 3027 1651 3027 1652 3027 1650 3028 1651 3028 1649 3028 1655 3029 1656 3029 1634 3029 1620 3030 1655 3030 1634 3030 1584 3031 1582 3031 1585 3031 1584 3032 1579 3032 1582 3032 1583 3033 1585 3033 1653 3033 1653 3034 1582 3034 1654 3034 1654 3035 1582 3035 1581 3035 1585 3036 1582 3036 1653 3036 1584 3037 1586 3037 1656 3037 1584 3038 1656 3038 1655 3038 1579 3039 1655 3039 1580 3039 1579 3040 1584 3040 1655 3040 1660 3041 1659 3041 1661 3041 1634 3042 1632 3042 1620 3042 1620 3043 1632 3043 1622 3043 1622 3044 1632 3044 1624 3044 1632 3045 1630 3045 1624 3045 1627 3046 1615 3046 1629 3046 1625 3047 1615 3047 1627 3047 1625 3048 1616 3048 1615 3048 1624 3049 1616 3049 1625 3049 1630 3050 1616 3050 1624 3050 1630 3051 1638 3051 1616 3051 1638 3052 1637 3052 1616 3052 1616 3053 1637 3053 1618 3053 1618 3054 1657 3054 1619 3054 1618 3055 1637 3055 1657 3055 1637 3056 1658 3056 1657 3056 1621 3057 1654 3057 1620 3057 1634 3058 1635 3058 1653 3058 1634 3059 1653 3059 1635 3059 1633 3060 1634 3060 1653 3060 1633 3061 1653 3061 1654 3061 1633 3062 1654 3062 1621 3062 1633 3063 1621 3063 1623 3063 1631 3064 1633 3064 1623 3064 1614 3065 1628 3065 1629 3065 1614 3066 1626 3066 1628 3066 1617 3067 1623 3067 1626 3067 1617 3068 1626 3068 1614 3068 1639 3069 1630 3069 1631 3069 1639 3070 1638 3070 1630 3070 1639 3071 1631 3071 1623 3071 1639 3072 1623 3072 1617 3072 1636 3073 1639 3073 1617 3073 1636 3074 1617 3074 1619 3074 1659 3075 1619 3075 1661 3075 1659 3076 1637 3076 1636 3076 1659 3077 1636 3077 1619 3077 1656 3078 1586 3078 1583 3078 1656 3079 1583 3079 1653 3079 1634 3080 1656 3080 1653 3080 1651 3081 1571 3081 1573 3081 1651 3082 1573 3082 1652 3082 1574 3083 1575 3083 1577 3083 1572 3084 1575 3084 1574 3084 1570 3085 1609 3085 1569 3085 1570 3086 1608 3086 1609 3086 1662 3087 1664 3087 1663 3087 1665 3088 1666 3088 1667 3088 1665 3089 1667 3089 1668 3089 1664 3090 1665 3090 1668 3090 1669 3091 1664 3091 1668 3091 1669 3092 1668 3092 1670 3092 1672 3093 1669 3093 1670 3093 1672 3094 1670 3094 1671 3094 1672 3095 1671 3095 1558 3095 1651 3096 1650 3096 1571 3096 1571 3097 1650 3097 1572 3097 1650 3098 1648 3098 1572 3098 1572 3099 1642 3099 1575 3099 1648 3100 1642 3100 1572 3100 1644 3101 1642 3101 1648 3101 1644 3102 1643 3102 1642 3102 1642 3103 1576 3103 1575 3103 1642 3104 1640 3104 1576 3104 1644 3105 1613 3105 1643 3105 1657 3106 1613 3106 1644 3106 1657 3107 1608 3107 1613 3107 1657 3108 1658 3108 1608 3108 1613 3109 1608 3109 1610 3109 1608 3110 1570 3110 1610 3110 1610 3111 1662 3111 1663 3111 1570 3112 1662 3112 1610 3112 1649 3113 1652 3113 1573 3113 1649 3114 1573 3114 1574 3114 1647 3115 1649 3115 1574 3115 1646 3116 1647 3116 1574 3116 1641 3117 1646 3117 1574 3117 1641 3118 1574 3118 1577 3118 1578 3119 1641 3119 1577 3119 1640 3120 1641 3120 1578 3120 1612 3121 1641 3121 1643 3121 1612 3122 1646 3122 1641 3122 1612 3123 1645 3123 1646 3123 1612 3124 1661 3124 1645 3124 1609 3125 1661 3125 1612 3125 1660 3126 1661 3126 1609 3126 1609 3127 1612 3127 1611 3127 1569 3128 1609 3128 1611 3128 1666 3129 1611 3129 1667 3129 1666 3130 1569 3130 1611 3130 1662 3131 1570 3131 1569 3131 1672 3132 1604 3132 1605 3132 1672 3133 1605 3133 1664 3133 1666 3134 1662 3134 1569 3134 1665 3135 1662 3135 1666 3135 1664 3136 1662 3136 1665 3136 1669 3137 1672 3137 1664 3137 1568 3138 1567 3138 1596 3138 1597 3139 1568 3139 1596 3139 1597 3140 1564 3140 1568 3140 1601 3141 1599 3141 1564 3141 1597 3142 1601 3142 1564 3142 1597 3143 1603 3143 1601 3143 1557 3144 1603 3144 1597 3144 1537 3145 1603 3145 1536 3145 1536 3146 1603 3146 1557 3146 1538 3147 1603 3147 1537 3147 1535 3148 1536 3148 1557 3148 1535 3149 1557 3149 1663 3149 1561 3150 1560 3150 1539 3150 1560 3151 1538 3151 1539 3151 1561 3152 1539 3152 1540 3152 1562 3153 1561 3153 1540 3153 1551 3154 1560 3154 1559 3154 1550 3155 1551 3155 1559 3155 1552 3156 1560 3156 1551 3156 1552 3157 1538 3157 1560 3157 1550 3158 1559 3158 1562 3158 1593 3159 1538 3159 1552 3159 1593 3160 1603 3160 1538 3160 1593 3161 1552 3161 1553 3161 1543 3162 1593 3162 1553 3162 1549 3163 1550 3163 1562 3163 1605 3164 1562 3164 1540 3164 1605 3165 1540 3165 1535 3165 1607 3166 1548 3166 1549 3166 1607 3167 1549 3167 1562 3167 1607 3168 1562 3168 1605 3168 1605 3169 1535 3169 1663 3169 1592 3170 1593 3170 1543 3170 1554 3171 1592 3171 1543 3171 1589 3172 1554 3172 1555 3172 1589 3173 1592 3173 1554 3173 1607 3174 1555 3174 1548 3174 1607 3175 1589 3175 1555 3175 1664 3176 1605 3176 1663 3176 1606 3177 1604 3177 1558 3177 1604 3178 1672 3178 1558 3178 1588 3179 1590 3179 1592 3179 1588 3180 1592 3180 1589 3180 1663 3181 1668 3181 1667 3181 1663 3182 1667 3182 1611 3182 1663 3183 1611 3183 1610 3183 1663 3184 1670 3184 1668 3184 1671 3185 1670 3185 1663 3185 1558 3186 1671 3186 1663 3186 1661 3187 1644 3187 1645 3187 1657 3188 1644 3188 1661 3188 1619 3189 1657 3189 1661 3189 1576 3190 1640 3190 1578 3190 1658 3191 1659 3191 1660 3191 1658 3192 1637 3192 1659 3192 1658 3193 1660 3193 1609 3193 1608 3194 1658 3194 1609 3194 1655 3195 1620 3195 1654 3195 1580 3196 1654 3196 1581 3196 1580 3197 1655 3197 1654 3197 1565 3198 1566 3198 1598 3198 1598 3199 1566 3199 1594 3199 1566 3200 1595 3200 1594 3200 1563 3201 1600 3201 1595 3201 1565 3202 1600 3202 1563 3202 1602 3203 1595 3203 1600 3203 1602 3204 1556 3204 1595 3204 1673 3205 1674 3205 1681 3205 1673 3206 1676 3206 1674 3206 1676 3207 1675 3207 1674 3207 1678 3208 1677 3208 1676 3208 1676 3209 1677 3209 1675 3209 1678 3210 1675 3210 1677 3210 1679 3211 1678 3211 1676 3211 1680 3212 1679 3212 1676 3212 1680 3213 1676 3213 1673 3213 1681 3214 1680 3214 1673 3214 1682 3215 1681 3215 1674 3215 1683 3216 1682 3216 1674 3216 1683 3217 1674 3217 1675 3217 1678 3218 1683 3218 1675 3218 1685 3219 1686 3219 1684 3219 1684 3220 1686 3220 1687 3220 1686 3221 1688 3221 1687 3221 1690 3222 1689 3222 1688 3222 1688 3223 1689 3223 1687 3223 1689 3224 1690 3224 1691 3224 1692 3225 1691 3225 1690 3225 1692 3226 1690 3226 1688 3226 1693 3227 1692 3227 1688 3227 1693 3228 1688 3228 1686 3228 1694 3229 1693 3229 1686 3229 1694 3230 1686 3230 1685 3230 1695 3231 1694 3231 1685 3231 1695 3232 1685 3232 1684 3232 1696 3233 1695 3233 1684 3233 1697 3234 1696 3234 1684 3234 1697 3235 1684 3235 1687 3235 1698 3236 1697 3236 1687 3236 1698 3237 1687 3237 1689 3237 1691 3238 1698 3238 1689 3238 1703 3239 1699 3239 1700 3239 1699 3240 1702 3240 1700 3240 1700 3241 1702 3241 1701 3241 1702 3242 1704 3242 1701 3242 1701 3243 1704 3243 1703 3243 1704 3244 1699 3244 1703 3244 1705 3245 1707 3245 1715 3245 1715 3246 1707 3246 1706 3246 1707 3247 1709 3247 1706 3247 1706 3248 1709 3248 1708 3248 1708 3249 1709 3249 1710 3249 1709 3250 1712 3250 1710 3250 1710 3251 1712 3251 1711 3251 1713 3252 1737 3252 1714 3252 1737 3253 1705 3253 1714 3253 1714 3254 1705 3254 1715 3254 1717 3255 1718 3255 1716 3255 1716 3256 1718 3256 1719 3256 1719 3257 1718 3257 1720 3257 1721 3258 1739 3258 1722 3258 1722 3259 1739 3259 1724 3259 1739 3260 1723 3260 1724 3260 1724 3261 1723 3261 1725 3261 1726 3262 1727 3262 1728 3262 1729 3263 1726 3263 1728 3263 1730 3264 1731 3264 1732 3264 1730 3265 1732 3265 1733 3265 1734 3266 1735 3266 1736 3266 1735 3267 8 3267 1736 3267 1736 3268 8 3268 1737 3268 1738 3269 1739 3269 1740 3269 1741 3270 1740 3270 1742 3270 1741 3271 1738 3271 1740 3271 1741 3272 1742 3272 1743 3272 1744 3273 1741 3273 1743 3273 1729 3274 1731 3274 1726 3274 1726 3275 1731 3275 1730 3275 1731 3276 1725 3276 1732 3276 1722 3277 1734 3277 1721 3277 1724 3278 1734 3278 1722 3278 1731 3279 1729 3279 1725 3279 1725 3280 1716 3280 1724 3280 1729 3281 1716 3281 1725 3281 1716 3282 1719 3282 1724 3282 1729 3283 1728 3283 1716 3283 1724 3284 1719 3284 1734 3284 1728 3285 1717 3285 1716 3285 1720 3286 1735 3286 1719 3286 1719 3287 1735 3287 1734 3287 1723 3288 1733 3288 1725 3288 1723 3289 1730 3289 1733 3289 1717 3290 1723 3290 1718 3290 1717 3291 1730 3291 1723 3291 1717 3292 1726 3292 1730 3292 1718 3293 1723 3293 1739 3293 1727 3294 1726 3294 1717 3294 1738 3295 1718 3295 1739 3295 1768 3296 1745 3296 1769 3296 1769 3297 1745 3297 1746 3297 1747 3298 1748 3298 1749 3298 1747 3299 1749 3299 1750 3299 1751 3300 1752 3300 1753 3300 1751 3301 1753 3301 1754 3301 1755 3302 1756 3302 1757 3302 1757 3303 1756 3303 1758 3303 1759 3304 1760 3304 1761 3304 1762 3305 1760 3305 1759 3305 1711 3306 1813 3306 1763 3306 1813 3307 1764 3307 1763 3307 1763 3308 1764 3308 1811 3308 1775 3309 1766 3309 1765 3309 1765 3310 1766 3310 1767 3310 1767 3311 1768 3311 1769 3311 1771 3312 1770 3312 1775 3312 1774 3313 1772 3313 1775 3313 1774 3314 1773 3314 1772 3314 1776 3315 1775 3315 1777 3315 1776 3316 1774 3316 1775 3316 1778 3317 1776 3317 1777 3317 1778 3318 1777 3318 1779 3318 273 3319 1778 3319 1779 3319 261 3320 1778 3320 273 3320 273 3321 1779 3321 1765 3321 246 3322 273 3322 1765 3322 1780 3323 1778 3323 261 3323 1756 3324 1762 3324 1758 3324 1758 3325 1762 3325 1759 3325 1762 3326 1771 3326 1760 3326 1755 3327 1770 3327 1756 3327 1756 3328 1770 3328 1762 3328 1762 3329 1770 3329 1771 3329 1772 3330 1759 3330 1761 3330 1773 3331 1758 3331 1759 3331 1773 3332 1757 3332 1758 3332 1773 3333 1759 3333 1772 3333 1776 3334 1770 3334 1774 3334 1778 3335 1770 3335 1776 3335 1780 3336 1770 3336 1778 3336 1774 3337 1770 3337 1773 3337 1770 3338 1755 3338 1773 3338 1773 3339 1755 3339 1757 3339 1781 3340 1782 3340 1807 3340 1785 3341 1783 3341 1784 3341 1781 3342 1785 3342 1784 3342 1781 3343 1784 3343 1806 3343 1748 3344 1747 3344 1751 3344 1751 3345 1747 3345 1752 3345 1753 3346 1752 3346 1807 3346 1807 3347 1747 3347 1781 3347 1781 3348 1747 3348 1750 3348 1752 3349 1747 3349 1807 3349 1751 3350 1754 3350 1784 3350 1783 3351 1751 3351 1784 3351 1748 3352 1783 3352 1749 3352 1748 3353 1751 3353 1783 3353 1795 3354 1786 3354 1788 3354 1786 3355 1787 3355 1788 3355 1787 3356 1789 3356 1788 3356 1788 3357 1789 3357 1790 3357 1789 3358 1791 3358 1790 3358 1790 3359 1791 3359 1792 3359 1791 3360 1794 3360 1792 3360 1792 3361 1794 3361 1793 3361 1793 3362 1794 3362 1795 3362 1794 3363 1786 3363 1795 3363 1796 3364 1780 3364 1797 3364 1780 3365 1798 3365 1797 3365 1797 3366 1798 3366 1799 3366 1798 3367 1800 3367 1799 3367 1801 3368 1802 3368 1804 3368 1802 3369 1803 3369 1804 3369 1803 3370 1806 3370 1804 3370 1804 3371 1806 3371 1805 3371 1805 3372 1806 3372 1807 3372 1781 3373 1809 3373 1808 3373 1808 3374 1809 3374 1810 3374 1809 3375 1811 3375 1810 3375 1775 3376 1765 3376 1779 3376 1775 3377 1779 3377 1777 3377 1772 3378 1771 3378 1775 3378 1761 3379 1760 3379 1771 3379 1761 3380 1771 3380 1772 3380 1807 3381 1806 3381 1784 3381 1753 3382 1807 3382 1784 3382 1754 3383 1753 3383 1784 3383 1732 3384 1725 3384 1733 3384 1798 3385 1802 3385 1800 3385 1803 3386 1802 3386 1798 3386 1809 3387 1806 3387 1803 3387 1791 3388 1798 3388 1780 3388 1791 3389 1780 3389 288 3389 1811 3390 1809 3390 1803 3390 1794 3391 1791 3391 288 3391 1781 3392 1806 3392 1809 3392 1763 3393 1811 3393 1803 3393 1763 3394 1803 3394 1798 3394 1763 3395 1798 3395 1791 3395 1763 3396 1791 3396 1789 3396 1711 3397 1763 3397 1789 3397 1711 3398 1789 3398 1787 3398 1786 3399 1711 3399 1787 3399 1678 3400 288 3400 246 3400 1678 3401 1794 3401 288 3401 1679 3402 1794 3402 1678 3402 1678 3403 246 3403 1765 3403 1679 3404 1786 3404 1794 3404 1678 3405 1765 3405 1767 3405 1683 3406 1678 3406 1767 3406 1711 3407 1679 3407 1680 3407 1711 3408 1786 3408 1679 3408 1710 3409 1711 3409 1680 3409 1710 3410 1680 3410 1681 3410 1708 3411 1710 3411 1681 3411 1691 3412 1692 3412 1769 3412 1692 3413 1767 3413 1769 3413 1692 3414 1683 3414 1767 3414 1692 3415 1682 3415 1683 3415 1693 3416 1682 3416 1692 3416 1769 3417 1698 3417 1691 3417 1693 3418 1681 3418 1682 3418 1693 3419 1708 3419 1681 3419 1694 3420 1708 3420 1693 3420 1694 3421 1706 3421 1708 3421 1746 3422 1698 3422 1769 3422 1697 3423 1698 3423 1746 3423 1695 3424 1706 3424 1694 3424 1715 3425 1706 3425 1695 3425 1696 3426 1697 3426 1746 3426 13 3427 1714 3427 1715 3427 1703 3428 1700 3428 1713 3428 1700 3429 1743 3429 1713 3429 1703 3430 1713 3430 1714 3430 1701 3431 1743 3431 1700 3431 1703 3432 1714 3432 13 3432 1744 3433 1743 3433 1701 3433 1744 3434 1701 3434 1703 3434 870 3435 1695 3435 1696 3435 870 3436 1715 3436 1695 3436 870 3437 1696 3437 1746 3437 870 3438 13 3438 1715 3438 1744 3439 1703 3439 13 3439 1801 3440 1804 3440 1799 3440 1796 3441 1797 3441 1770 3441 1797 3442 1812 3442 1770 3442 1797 3443 1790 3443 1792 3443 1805 3444 1810 3444 1804 3444 1799 3445 1790 3445 1797 3445 1797 3446 1792 3446 1812 3446 1805 3447 1808 3447 1810 3447 1792 3448 1793 3448 1812 3448 1812 3449 1775 3449 1770 3449 1807 3450 1782 3450 1805 3450 1805 3451 1782 3451 1808 3451 1810 3452 1764 3452 1804 3452 1811 3453 1764 3453 1810 3453 1804 3454 1764 3454 1799 3454 1799 3455 1764 3455 1790 3455 1793 3456 1795 3456 1812 3456 1764 3457 1813 3457 1790 3457 1790 3458 1813 3458 1788 3458 1812 3459 1766 3459 1775 3459 1788 3460 1813 3460 1795 3460 1813 3461 1812 3461 1795 3461 1712 3462 1813 3462 1711 3462 1814 3463 871 3463 870 3463 1746 3464 1814 3464 870 3464 1745 3465 1814 3465 1746 3465 1781 3466 1783 3466 1785 3466 1750 3467 1749 3467 1783 3467 1750 3468 1783 3468 1781 3468 1808 3469 1782 3469 1781 3469 1802 3470 1799 3470 1800 3470 1801 3471 1799 3471 1802 3471 1796 3472 1770 3472 1780 3472 1737 3473 1713 3473 1743 3473 1737 3474 1743 3474 1742 3474 1736 3475 1737 3475 1742 3475 1736 3476 1742 3476 1740 3476 1734 3477 1740 3477 1739 3477 1734 3478 1736 3478 1740 3478 1721 3479 1734 3479 1739 3479 1717 3480 1728 3480 1727 3480 1707 3481 1814 3481 1709 3481 1705 3482 1814 3482 1707 3482 1705 3483 1 3483 1814 3483 1737 3484 1699 3484 1705 3484 1737 3485 1702 3485 1699 3485 1705 3486 1699 3486 1 3486 1737 3487 8 3487 1702 3487 1702 3488 8 3488 1704 3488 1 3489 871 3489 1814 3489 1699 3490 8 3490 1 3490 1704 3491 8 3491 1699 3491 1815 3492 1817 3492 1816 3492 1819 3493 1820 3493 1817 3493 1817 3494 1822 3494 1816 3494 1816 3495 1822 3495 1818 3495 1820 3496 1822 3496 1817 3496 1818 3497 1822 3497 1821 3497 1831 3498 1821 3498 1822 3498 1823 3499 1831 3499 1822 3499 1824 3500 1823 3500 1822 3500 1824 3501 1822 3501 1820 3501 1825 3502 1824 3502 1820 3502 1826 3503 1825 3503 1820 3503 1826 3504 1820 3504 1819 3504 1827 3505 1826 3505 1819 3505 1827 3506 1819 3506 1817 3506 1828 3507 1817 3507 1815 3507 1828 3508 1827 3508 1817 3508 1829 3509 1828 3509 1815 3509 1829 3510 1815 3510 1816 3510 1830 3511 1829 3511 1816 3511 1830 3512 1816 3512 1818 3512 1830 3513 1818 3513 1821 3513 1831 3514 1830 3514 1821 3514 1832 3515 1833 3515 1834 3515 1835 3516 1836 3516 1837 3516 1840 3517 1832 3517 1834 3517 1840 3518 1834 3518 1838 3518 1840 3519 3128 3519 1832 3519 1840 3520 1836 3520 1835 3520 1840 3521 1835 3521 1839 3521 1840 3522 1838 3522 1836 3522 3119 3523 1840 3523 1839 3523 3119 3524 3122 3524 3121 3524 3119 3525 1839 3525 3122 3525 1841 3526 1842 3526 1840 3526 1845 3527 3131 3527 1841 3527 1843 3528 3119 3528 3120 3528 1844 3529 1841 3529 1840 3529 1844 3530 1845 3530 1841 3530 1847 3531 1848 3531 1844 3531 1849 3532 1850 3532 1847 3532 1852 3533 1851 3533 3116 3533 1852 3534 1846 3534 1851 3534 1852 3535 3119 3535 1843 3535 1852 3536 1843 3536 1846 3536 1854 3537 1849 3537 1847 3537 1854 3538 3134 3538 1849 3538 1859 3539 1854 3539 1847 3539 1859 3540 1853 3540 1854 3540 1859 3541 1844 3541 1840 3541 1859 3542 1847 3542 1844 3542 1855 3543 1852 3543 1856 3543 1857 3544 1852 3544 1855 3544 1860 3545 1857 3545 1861 3545 1862 3546 3119 3546 1852 3546 1862 3547 1857 3547 1860 3547 1862 3548 1852 3548 1857 3548 1862 3549 1840 3549 3119 3549 1862 3550 1859 3550 1840 3550 1863 3551 1864 3551 1858 3551 1863 3552 3138 3552 1864 3552 1863 3553 1858 3553 1859 3553 1865 3554 1862 3554 1866 3554 1865 3555 1859 3555 1862 3555 1867 3556 3140 3556 1863 3556 1867 3557 1863 3557 1859 3557 1868 3558 1867 3558 1859 3558 1872 3559 1865 3559 1869 3559 1871 3560 1872 3560 3109 3560 1871 3561 1865 3561 1872 3561 1873 3562 1870 3562 1868 3562 1876 3563 3144 3563 1873 3563 1874 3564 1875 3564 3107 3564 1874 3565 1871 3565 1875 3565 1874 3566 1865 3566 1871 3566 1877 3567 3146 3567 1876 3567 3104 3568 1874 3568 1878 3568 1879 3569 1874 3569 3104 3569 1880 3570 1877 3570 1876 3570 1880 3571 1881 3571 1877 3571 1880 3572 1882 3572 1881 3572 1880 3573 1868 3573 1859 3573 1880 3574 1873 3574 1868 3574 1880 3575 1876 3575 1873 3575 1883 3576 1874 3576 1879 3576 1883 3577 1865 3577 1874 3577 1887 3578 1883 3578 1886 3578 1887 3579 1865 3579 1883 3579 1887 3580 1859 3580 1865 3580 1888 3581 3090 3581 1884 3581 1891 3582 1885 3582 1880 3582 1891 3583 1884 3583 1885 3583 1891 3584 1888 3584 1884 3584 1890 3585 1887 3585 1889 3585 3094 3586 1892 3586 1891 3586 3094 3587 1891 3587 1880 3587 1894 3588 1890 3588 1893 3588 1894 3589 1880 3589 1859 3589 1894 3590 1859 3590 1887 3590 1894 3591 3094 3591 1880 3591 1894 3592 1887 3592 1890 3592 1897 3593 1898 3593 1896 3593 1897 3594 1896 3594 1895 3594 1900 3595 1899 3595 1896 3595 1900 3596 1896 3596 1898 3596 1901 3597 1902 3597 1903 3597 1904 3598 1902 3598 1901 3598 1920 3599 1901 3599 1905 3599 1920 3600 1904 3600 1901 3600 1906 3601 1920 3601 1905 3601 1906 3602 1905 3602 1907 3602 1909 3603 1907 3603 1908 3603 1909 3604 1908 3604 1910 3604 3612 3605 2579 3605 1921 3605 1922 3606 1921 3606 1920 3606 1922 3607 3613 3607 3612 3607 1922 3608 3612 3608 1921 3608 1922 3609 1920 3609 1906 3609 1923 3610 1922 3610 1906 3610 1923 3611 3614 3611 3613 3611 1923 3612 3615 3612 3614 3612 1923 3613 3613 3613 1922 3613 1924 3614 1906 3614 1907 3614 1924 3615 1923 3615 1906 3615 1924 3616 3615 3616 1923 3616 1924 3617 1907 3617 1909 3617 1925 3618 1909 3618 1910 3618 1925 3619 3618 3619 1909 3619 1925 3620 1910 3620 1911 3620 1925 3621 3619 3621 3618 3621 1925 3622 1911 3622 1912 3622 1925 3623 3620 3623 3619 3623 1926 3624 1925 3624 1912 3624 1926 3625 3621 3625 3620 3625 1926 3626 3620 3626 1925 3626 1926 3627 1912 3627 1913 3627 1927 3628 3622 3628 3621 3628 1927 3629 3621 3629 1926 3629 1928 3630 1926 3630 1913 3630 1927 3631 3623 3631 3622 3631 1928 3632 1927 3632 1926 3632 1928 3633 1913 3633 1914 3633 1927 3634 3624 3634 3623 3634 1929 3635 1927 3635 1928 3635 1929 3636 3625 3636 3624 3636 1929 3637 3624 3637 1927 3637 1928 3638 1914 3638 1915 3638 1929 3639 3626 3639 3625 3639 1928 3640 1915 3640 1916 3640 1929 3641 1930 3641 3626 3641 1929 3642 1931 3642 1930 3642 1931 3643 1929 3643 1928 3643 1931 3644 1928 3644 1916 3644 1931 3645 1916 3645 1917 3645 1931 3646 1917 3646 1918 3646 1931 3647 1933 3647 1932 3647 1934 3648 1931 3648 1918 3648 1934 3649 1918 3649 1919 3649 1934 3650 1935 3650 1933 3650 1934 3651 1933 3651 1931 3651 1934 3652 1919 3652 1935 3652 1936 3653 919 3653 918 3653 1937 3654 1938 3654 924 3654 1936 3655 1937 3655 926 3655 1936 3656 926 3656 919 3656 926 3657 1937 3657 924 3657 2085 3658 1942 3658 1941 3658 1946 3659 1943 3659 1944 3659 1946 3660 1944 3660 1945 3660 2729 3661 1946 3661 1945 3661 1947 3662 2729 3662 1945 3662 1950 3663 1940 3663 1951 3663 1950 3664 1952 3664 1953 3664 1950 3665 1953 3665 1939 3665 1950 3666 1939 3666 1940 3666 1954 3667 1951 3667 1955 3667 1954 3668 1950 3668 1951 3668 1954 3669 1955 3669 1956 3669 1957 3670 1958 3670 1959 3670 1957 3671 1959 3671 1952 3671 1957 3672 1952 3672 1950 3672 1960 3673 1954 3673 1956 3673 1960 3674 1962 3674 1961 3674 1960 3675 1956 3675 1962 3675 1963 3676 1950 3676 1954 3676 1963 3677 1957 3677 1950 3677 1964 3678 1958 3678 1957 3678 1964 3679 1965 3679 1966 3679 1964 3680 1966 3680 1958 3680 1967 3681 2083 3681 1968 3681 1969 3682 1957 3682 1963 3682 1969 3683 1964 3683 1957 3683 1970 3684 1972 3684 1971 3684 2101 3685 1973 3685 1974 3685 1976 3686 2141 3686 1975 3686 1978 3687 2845 3687 1973 3687 1979 3688 1980 3688 1981 3688 1982 3689 1977 3689 974 3689 1994 3690 1982 3690 974 3690 1983 3691 1987 3691 1984 3691 1983 3692 2104 3692 1987 3692 1985 3693 1984 3693 1987 3693 1986 3694 1985 3694 1987 3694 1989 3695 1993 3695 1990 3695 1989 3696 1990 3696 1991 3696 1989 3697 990 3697 993 3697 1989 3698 1991 3698 990 3698 1992 3699 1997 3699 1993 3699 1992 3700 1989 3700 993 3700 978 3701 1994 3701 974 3701 978 3702 2001 3702 1994 3702 1992 3703 993 3703 994 3703 1992 3704 1993 3704 1989 3704 1995 3705 1996 3705 1997 3705 1995 3706 992 3706 989 3706 1995 3707 994 3707 992 3707 1995 3708 1992 3708 994 3708 1995 3709 1997 3709 1992 3709 1998 3710 1999 3710 2133 3710 1998 3711 2000 3711 2002 3711 1998 3712 2002 3712 2003 3712 1998 3713 2003 3713 2004 3713 1998 3714 2004 3714 1999 3714 2005 3715 1995 3715 989 3715 2005 3716 989 3716 987 3716 2014 3717 978 3717 984 3717 2006 3718 2005 3718 987 3718 2006 3719 975 3719 2007 3719 2006 3720 982 3720 975 3720 2006 3721 986 3721 982 3721 2006 3722 987 3722 986 3722 2006 3723 2008 3723 2009 3723 2006 3724 2007 3724 2008 3724 2006 3725 2009 3725 2016 3725 2010 3726 1996 3726 1995 3726 2010 3727 1995 3727 2005 3727 2010 3728 2019 3728 2011 3728 2010 3729 2011 3729 2012 3729 2010 3730 2012 3730 2013 3730 2400 3731 2014 3731 984 3731 2015 3732 2010 3732 2005 3732 2015 3733 2019 3733 2010 3733 2015 3734 2006 3734 2016 3734 2015 3735 2016 3735 2017 3735 2015 3736 2017 3736 2018 3736 2015 3737 2018 3737 2019 3737 2015 3738 2005 3738 2006 3738 2020 3739 968 3739 966 3739 2020 3740 969 3740 968 3740 2020 3741 2021 3741 2007 3741 2020 3742 2007 3742 969 3742 2022 3743 2021 3743 2020 3743 2022 3744 2023 3744 2021 3744 2022 3745 2024 3745 2023 3745 2025 3746 964 3746 962 3746 2025 3747 2020 3747 966 3747 2025 3748 966 3748 964 3748 2026 3749 2020 3749 2025 3749 2026 3750 2024 3750 2022 3750 2026 3751 2022 3751 2020 3751 2027 3752 2400 3752 984 3752 2028 3753 961 3753 958 3753 2028 3754 962 3754 961 3754 2028 3755 2026 3755 2025 3755 2028 3756 2025 3756 962 3756 2029 3757 2030 3757 2031 3757 2029 3758 2033 3758 2032 3758 2029 3759 2031 3759 2033 3759 2029 3760 2032 3760 2024 3760 2029 3761 2024 3761 2026 3761 2034 3762 2026 3762 2028 3762 2035 3763 2028 3763 958 3763 2035 3764 956 3764 953 3764 2035 3765 958 3765 956 3765 2036 3766 2037 3766 2030 3766 2036 3767 2038 3767 2037 3767 2036 3768 2039 3768 2038 3768 2036 3769 2030 3769 2029 3769 2036 3770 2026 3770 2034 3770 2036 3771 2029 3771 2026 3771 2040 3772 952 3772 949 3772 2040 3773 953 3773 952 3773 2040 3774 2035 3774 953 3774 2041 3775 2034 3775 2028 3775 2041 3776 2028 3776 2035 3776 2042 3777 2040 3777 949 3777 2042 3778 949 3778 948 3778 2043 3779 2027 3779 984 3779 2043 3780 984 3780 990 3780 2044 3781 2041 3781 2035 3781 2044 3782 2035 3782 2040 3782 2045 3783 2034 3783 2041 3783 2045 3784 2046 3784 2039 3784 2045 3785 2047 3785 2046 3785 2045 3786 2048 3786 2047 3786 2045 3787 2052 3787 2048 3787 2045 3788 2036 3788 2034 3788 2045 3789 2039 3789 2036 3789 2045 3790 2041 3790 2044 3790 2049 3791 2042 3791 948 3791 2050 3792 2044 3792 2040 3792 2050 3793 2040 3793 2042 3793 2050 3794 2042 3794 2049 3794 2051 3795 2056 3795 2052 3795 2051 3796 2052 3796 2045 3796 2051 3797 2045 3797 2044 3797 2053 3798 945 3798 942 3798 2053 3799 948 3799 945 3799 2053 3800 2049 3800 948 3800 2054 3801 2049 3801 2053 3801 2054 3802 2050 3802 2049 3802 2055 3803 2044 3803 2050 3803 2055 3804 2056 3804 2051 3804 2055 3805 2057 3805 2056 3805 2055 3806 2051 3806 2044 3806 1991 3807 2043 3807 990 3807 2058 3808 942 3808 941 3808 2058 3809 2053 3809 942 3809 2059 3810 2054 3810 2053 3810 2060 3811 2055 3811 2050 3811 2060 3812 2061 3812 2057 3812 2060 3813 2065 3813 2061 3813 2060 3814 2057 3814 2055 3814 2060 3815 2050 3815 2054 3815 2062 3816 941 3816 938 3816 2062 3817 2058 3817 941 3817 2063 3818 2053 3818 2058 3818 2063 3819 2059 3819 2053 3819 2063 3820 2058 3820 2062 3820 2064 3821 2060 3821 2054 3821 2064 3822 2065 3822 2060 3822 2064 3823 2054 3823 2059 3823 2064 3824 2066 3824 2065 3824 2067 3825 937 3825 934 3825 2067 3826 938 3826 937 3826 2067 3827 2062 3827 938 3827 2068 3828 2062 3828 2067 3828 2068 3829 2063 3829 2062 3829 2069 3830 2070 3830 2066 3830 2069 3831 2071 3831 2070 3831 2069 3832 2064 3832 2059 3832 2069 3833 2066 3833 2064 3833 2069 3834 2059 3834 2063 3834 2072 3835 932 3835 2073 3835 2072 3836 934 3836 932 3836 2072 3837 2067 3837 934 3837 2074 3838 2067 3838 2072 3838 2074 3839 2068 3839 2067 3839 2075 3840 2071 3840 2069 3840 2075 3841 2063 3841 2068 3841 2075 3842 2069 3842 2063 3842 2075 3843 2076 3843 2071 3843 2078 3844 2072 3844 2073 3844 2078 3845 2074 3845 2072 3845 2077 3846 2078 3846 1944 3846 2077 3847 1943 3847 2076 3847 2077 3848 2068 3848 2074 3848 2077 3849 2075 3849 2068 3849 2077 3850 2076 3850 2075 3850 2077 3851 2074 3851 2078 3851 2077 3852 1944 3852 1943 3852 2080 3853 2081 3853 1963 3853 2080 3854 1954 3854 1960 3854 2080 3855 1963 3855 1954 3855 2082 3856 2083 3856 1967 3856 2082 3857 1960 3857 1961 3857 2082 3858 1961 3858 2083 3858 2084 3859 1965 3859 1964 3859 2084 3860 2086 3860 2085 3860 2084 3861 1941 3861 1965 3861 2084 3862 2085 3862 1941 3862 2087 3863 1967 3863 1968 3863 2087 3864 1968 3864 2088 3864 2089 3865 1963 3865 2081 3865 2089 3866 1969 3866 1963 3866 2090 3867 2086 3867 2084 3867 2090 3868 2091 3868 2086 3868 2090 3869 2084 3869 1964 3869 2090 3870 2092 3870 2091 3870 2090 3871 1964 3871 1969 3871 2093 3872 1967 3872 2087 3872 2093 3873 2087 3873 1975 3873 2093 3874 1975 3874 2141 3874 2094 3875 1969 3875 2089 3875 2094 3876 2092 3876 2090 3876 2094 3877 1971 3877 2092 3877 2094 3878 2090 3878 1969 3878 2094 3879 1970 3879 1971 3879 2128 3880 2095 3880 2096 3880 2128 3881 2097 3881 1980 3881 2128 3882 2096 3882 2097 3882 2098 3883 1974 3883 1972 3883 2098 3884 1972 3884 1970 3884 2098 3885 2101 3885 1974 3885 2099 3886 2093 3886 2141 3886 2100 3887 1980 3887 1979 3887 2100 3888 2128 3888 1980 3888 2101 3889 2099 3889 1978 3889 2101 3890 1978 3890 1973 3890 2102 3891 1979 3891 1981 3891 2102 3892 1981 3892 21 3892 2102 3893 1984 3893 1979 3893 2103 3894 1977 3894 2104 3894 2103 3895 21 3895 974 3895 2103 3896 974 3896 1977 3896 2103 3897 1983 3897 1984 3897 2103 3898 2104 3898 1983 3898 2103 3899 2102 3899 21 3899 2103 3900 1984 3900 2102 3900 2108 3901 2845 3901 1978 3901 2105 3902 2106 3902 1979 3902 2105 3903 1984 3903 1985 3903 2105 3904 1979 3904 1984 3904 2107 3905 2109 3905 2108 3905 2110 3906 2138 3906 2105 3906 2110 3907 2111 3907 1948 3907 2112 3908 1985 3908 1986 3908 2113 3909 2114 3909 1948 3909 2113 3910 1948 3910 2111 3910 2113 3911 2112 3911 2115 3911 2121 3912 2122 3912 2116 3912 2117 3913 2000 3913 1998 3913 2117 3914 2118 3914 2119 3914 2117 3915 2119 3915 2120 3915 2117 3916 2120 3916 2000 3916 2121 3917 2115 3917 2117 3917 2123 3918 2080 3918 1960 3918 2123 3919 1960 3919 2082 3919 2123 3920 2124 3920 2081 3920 2123 3921 2081 3921 2080 3921 2095 3922 2125 3922 2096 3922 2126 3923 2123 3923 2082 3923 2126 3924 2082 3924 1967 3924 2126 3925 2093 3925 2124 3925 2126 3926 2124 3926 2123 3926 2126 3927 1967 3927 2093 3927 2127 3928 2094 3928 2089 3928 2127 3929 2081 3929 2124 3929 2127 3930 1970 3930 2094 3930 2127 3931 2089 3931 2081 3931 2127 3932 2098 3932 1970 3932 2095 3933 1976 3933 1975 3933 2099 3934 2101 3934 2098 3934 2099 3935 2124 3935 2093 3935 2099 3936 2127 3936 2124 3936 2099 3937 2098 3937 2127 3937 2128 3938 1976 3938 2095 3938 2137 3939 1976 3939 2128 3939 2137 3940 2128 3940 2100 3940 2129 3941 1979 3941 2106 3941 2129 3942 2100 3942 1979 3942 2111 3943 2112 3943 2113 3943 2111 3944 2105 3944 1985 3944 2111 3945 2110 3945 2105 3945 2111 3946 1985 3946 2112 3946 2138 3947 2109 3947 2107 3947 2138 3948 1949 3948 2109 3948 2130 3949 2112 3949 1986 3949 2130 3950 1986 3950 1988 3950 2130 3951 1988 3951 2131 3951 2130 3952 2131 3952 2118 3952 2130 3953 2117 3953 2115 3953 2130 3954 2118 3954 2117 3954 2130 3955 2115 3955 2112 3955 2116 3956 2079 3956 2114 3956 2116 3957 2113 3957 2115 3957 2116 3958 2114 3958 2113 3958 2116 3959 2115 3959 2121 3959 2132 3960 2121 3960 2117 3960 2132 3961 2133 3961 2122 3961 2132 3962 2122 3962 2121 3962 2132 3963 2117 3963 1998 3963 2132 3964 1998 3964 2133 3964 2134 3965 1975 3965 2087 3965 2134 3966 2095 3966 1975 3966 2134 3967 2087 3967 2088 3967 2134 3968 2135 3968 2125 3968 2134 3969 2136 3969 2135 3969 2134 3970 2088 3970 2136 3970 2134 3971 2125 3971 2095 3971 2137 3972 2100 3972 2129 3972 2138 3973 2110 3973 1948 3973 2138 3974 1948 3974 1949 3974 2139 3975 1976 3975 2137 3975 2139 3976 2108 3976 1978 3976 2140 3977 2139 3977 2137 3977 2140 3978 2137 3978 2129 3978 2140 3979 2129 3979 2106 3979 2140 3980 2108 3980 2139 3980 2141 3981 1976 3981 2139 3981 2141 3982 1978 3982 2099 3982 2141 3983 2139 3983 1978 3983 2107 3984 2106 3984 2105 3984 2107 3985 2105 3985 2138 3985 2107 3986 2140 3986 2106 3986 2107 3987 2108 3987 2140 3987 2007 3988 975 3988 971 3988 2007 3989 971 3989 969 3989 2142 3990 2143 3990 2144 3990 2142 3991 2144 3991 2145 3991 2033 3992 2145 3992 2032 3992 2033 3993 2142 3993 2145 3993 2148 3994 2161 3994 2149 3994 2155 3995 2158 3995 2157 3995 2157 3996 2161 3996 2160 3996 2158 3997 2161 3997 2157 3997 2162 3998 2163 3998 2159 3998 2158 3999 2163 3999 2161 3999 2159 4000 2163 4000 2158 4000 2164 4001 2165 4001 855 4001 2164 4002 855 4002 861 4002 2166 4003 861 4003 860 4003 2166 4004 2164 4004 861 4004 2167 4005 860 4005 6 4005 2167 4006 2166 4006 860 4006 2168 4007 2167 4007 6 4007 6 4008 4 4008 2169 4008 2170 4009 2168 4009 6 4009 2171 4010 6 4010 2169 4010 2171 4011 2170 4011 6 4011 1941 4012 1942 4012 2172 4012 1941 4013 2172 4013 2173 4013 1941 4014 2173 4014 2174 4014 1965 4015 1941 4015 2174 4015 1966 4016 1965 4016 2174 4016 2195 4017 2176 4017 2178 4017 2195 4018 2177 4018 2176 4018 2195 4019 2179 4019 2177 4019 2195 4020 2178 4020 2180 4020 2242 4021 2181 4021 2182 4021 2185 4022 2183 4022 2184 4022 2186 4023 2185 4023 2184 4023 2211 4024 2186 4024 2184 4024 2187 4025 2185 4025 2186 4025 2189 4026 2186 4026 2206 4026 2189 4027 2187 4027 2186 4027 2192 4028 2188 4028 2187 4028 2189 4029 2192 4029 2187 4029 2193 4030 2192 4030 2189 4030 2194 4031 2175 4031 2193 4031 2183 4032 2180 4032 2241 4032 2183 4033 2195 4033 2180 4033 2183 4034 2241 4034 2184 4034 2195 4035 2196 4035 2179 4035 2242 4036 2184 4036 2241 4036 2198 4037 2195 4037 2183 4037 2198 4038 2196 4038 2195 4038 2198 4039 2197 4039 2196 4039 2198 4040 2199 4040 2197 4040 2198 4041 2183 4041 2185 4041 2242 4042 2182 4042 2200 4042 2211 4043 2242 4043 2200 4043 2198 4044 2201 4044 2199 4044 2202 4045 2198 4045 2185 4045 2202 4046 2201 4046 2198 4046 2202 4047 2185 4047 2187 4047 2203 4048 2211 4048 2200 4048 2202 4049 2205 4049 2201 4049 2206 4050 2203 4050 2204 4050 2202 4051 2187 4051 2188 4051 2207 4052 2204 4052 3413 4052 2207 4053 2189 4053 2206 4053 2207 4054 2206 4054 2204 4054 2202 4055 2191 4055 2205 4055 2188 4056 2191 4056 2202 4056 2188 4057 2208 4057 2190 4057 2188 4058 2192 4058 2208 4058 2188 4059 2190 4059 2191 4059 2207 4060 3413 4060 2209 4060 2209 4061 2189 4061 2207 4061 2209 4062 2193 4062 2189 4062 2192 4063 2210 4063 2208 4063 2194 4064 2193 4064 2209 4064 2193 4065 2210 4065 2192 4065 2206 4066 2186 4066 2211 4066 2206 4067 2211 4067 2203 4067 2242 4068 2211 4068 2184 4068 2213 4069 2215 4069 2214 4069 2253 4070 2278 4070 2216 4070 2221 4071 2253 4071 2216 4071 2213 4072 2217 4072 2220 4072 2221 4073 2216 4073 2219 4073 2220 4074 2218 4074 2213 4074 2225 4075 2221 4075 2219 4075 2223 4076 2221 4076 2225 4076 2225 4077 2219 4077 2282 4077 2218 4078 2224 4078 2222 4078 2220 4079 2224 4079 2218 4079 2224 4080 2220 4080 2232 4080 2227 4081 2220 4081 2223 4081 2227 4082 2223 4082 2225 4082 2220 4083 2227 4083 2232 4083 2225 4084 2282 4084 2294 4084 2228 4085 2226 4085 2224 4085 2228 4086 2224 4086 2230 4086 2230 4087 2224 4087 2232 4087 2233 4088 2294 4088 2229 4088 2233 4089 2225 4089 2294 4089 2230 4090 2231 4090 2228 4090 2233 4091 2229 4091 2287 4091 2178 4092 2231 4092 2230 4092 2178 4093 2234 4093 2231 4093 2180 4094 2178 4094 2230 4094 2180 4095 2230 4095 2232 4095 2233 4096 2287 4096 2236 4096 2235 4097 2233 4097 2181 4097 2181 4098 2233 4098 2236 4098 2181 4099 2236 4099 2237 4099 2235 4100 2242 4100 2241 4100 2242 4101 2235 4101 2181 4101 2239 4102 2243 4102 2263 4102 2217 4103 2213 4103 2214 4103 2223 4104 2212 4104 2221 4104 2227 4105 2225 4105 2233 4105 2227 4106 2233 4106 2235 4106 2178 4107 2176 4107 2240 4107 2181 4108 2237 4108 2182 4108 2243 4109 2262 4109 2263 4109 2244 4110 2245 4110 2243 4110 2243 4111 2239 4111 2247 4111 2238 4112 2260 4112 2246 4112 2247 4113 2239 4113 2212 4113 2217 4114 2214 4114 2247 4114 2212 4115 2217 4115 2247 4115 2223 4116 2217 4116 2212 4116 2220 4117 2217 4117 2223 4117 2235 4118 2232 4118 2227 4118 2235 4119 2241 4119 2232 4119 2178 4120 2240 4120 2234 4120 2180 4121 2232 4121 2241 4121 2239 4122 2263 4122 2258 4122 2239 4123 2258 4123 2238 4123 2244 4124 2248 4124 2245 4124 2244 4125 2249 4125 2248 4125 2244 4126 2243 4126 2247 4126 2244 4127 2250 4127 2249 4127 2244 4128 2251 4128 2250 4128 2244 4129 2252 4129 2251 4129 2238 4130 2246 4130 2277 4130 2239 4131 2238 4131 2253 4131 2214 4132 2244 4132 2247 4132 2214 4133 2252 4133 2244 4133 2214 4134 2254 4134 2252 4134 2253 4135 2238 4135 2277 4135 2214 4136 2255 4136 2254 4136 2212 4137 2239 4137 2253 4137 2253 4138 2277 4138 2278 4138 2212 4139 2253 4139 2221 4139 2258 4140 2257 4140 2259 4140 2258 4141 2259 4141 2260 4141 2258 4142 2260 4142 2238 4142 2262 4143 2264 4143 2265 4143 2263 4144 2265 4144 2267 4144 2268 4145 2256 4145 2257 4145 2268 4146 2258 4146 2261 4146 2268 4147 2257 4147 2258 4147 2262 4148 2265 4148 2263 4148 2263 4149 2261 4149 2258 4149 2267 4150 2261 4150 2263 4150 2266 4151 2264 4151 2269 4151 2265 4152 2264 4152 2266 4152 2266 4153 2267 4153 2265 4153 2267 4154 2268 4154 2261 4154 2267 4155 2266 4155 2268 4155 2301 4156 2290 4156 2270 4156 2290 4157 2246 4157 2259 4157 2306 4158 2271 4158 2275 4158 2301 4159 2270 4159 2272 4159 2301 4160 2272 4160 2273 4160 2301 4161 2273 4161 2274 4161 2301 4162 2274 4162 2306 4162 2290 4163 2277 4163 2246 4163 2306 4164 2275 4164 2276 4164 2291 4165 2278 4165 2277 4165 2291 4166 2293 4166 2216 4166 2293 4167 2282 4167 2219 4167 2283 4168 2285 4168 2284 4168 2283 4169 2286 4169 2297 4169 2289 4170 2287 4170 2229 4170 2289 4171 2924 4171 2287 4171 2306 4172 2276 4172 2279 4172 2306 4173 2279 4173 2280 4173 853 4174 2306 4174 2280 4174 853 4175 2280 4175 2292 4175 2291 4176 2216 4176 2278 4176 853 4177 2292 4177 2281 4177 2293 4178 2219 4178 2216 4178 842 4179 2282 4179 2293 4179 842 4180 2294 4180 2282 4180 2283 4181 873 4181 2285 4181 2289 4182 874 4182 2303 4182 2289 4183 2229 4183 874 4183 2283 4184 2295 4184 2296 4184 2303 4185 2283 4185 2296 4185 2283 4186 2297 4186 2295 4186 2303 4187 2304 4187 2298 4187 2288 4188 2300 4188 2299 4188 2302 4189 2301 4189 2306 4189 2290 4190 2291 4190 2277 4190 2302 4191 853 4191 842 4191 842 4192 2293 4192 2302 4192 2303 4193 2296 4193 2305 4193 2303 4194 2305 4194 2304 4194 2303 4195 2288 4195 2289 4195 2303 4196 2298 4196 2300 4196 2303 4197 2300 4197 2288 4197 2306 4198 2274 4198 2271 4198 2306 4199 853 4199 2302 4199 2302 4200 2293 4200 2291 4200 2291 4201 2290 4201 2301 4201 2291 4202 2301 4202 2302 4202 3687 4203 3817 4203 3833 4203 3687 4204 2307 4204 3817 4204 3687 4205 2308 4205 2307 4205 3687 4206 3856 4206 2308 4206 2309 4207 3705 4207 2310 4207 2311 4208 3833 4208 3705 4208 2311 4209 3687 4209 3833 4209 2311 4210 3705 4210 2309 4210 2313 4211 2312 4211 2314 4211 2313 4212 2314 4212 2316 4212 2315 4213 2313 4213 2316 4213 2317 4214 2316 4214 3391 4214 2317 4215 2315 4215 2316 4215 2318 4216 2317 4216 3391 4216 2319 4217 2320 4217 2321 4217 2322 4218 2319 4218 2321 4218 2323 4219 2324 4219 2325 4219 2326 4220 2323 4220 2325 4220 2327 4221 2325 4221 2328 4221 2327 4222 2328 4222 2330 4222 2327 4223 2326 4223 2325 4223 2329 4224 2327 4224 2330 4224 2331 4225 2330 4225 2332 4225 2331 4226 2329 4226 2330 4226 2333 4227 2332 4227 2334 4227 2333 4228 2331 4228 2332 4228 2335 4229 2333 4229 2334 4229 2335 4230 2334 4230 2336 4230 2337 4231 2335 4231 2336 4231 2337 4232 2336 4232 2338 4232 2339 4233 2337 4233 2338 4233 2339 4234 2338 4234 2340 4234 2339 4235 2340 4235 2342 4235 2341 4236 2339 4236 2342 4236 2343 4237 2341 4237 2342 4237 2343 4238 2342 4238 2344 4238 2343 4239 2344 4239 2346 4239 2345 4240 2343 4240 2346 4240 2347 4241 2345 4241 2346 4241 2347 4242 2346 4242 2348 4242 2319 4243 2348 4243 2320 4243 2319 4244 2347 4244 2348 4244 1712 4245 2349 4245 1813 4245 1709 4246 2349 4246 1712 4246 1766 4247 1812 4247 2324 4247 2323 4248 1766 4248 2324 4248 2350 4249 1766 4249 2323 4249 2320 4250 2351 4250 2321 4250 2352 4251 2346 4251 2344 4251 2352 4252 2348 4252 2346 4252 2352 4253 2320 4253 2348 4253 2352 4254 2351 4254 2320 4254 2342 4255 2352 4255 2344 4255 2340 4256 2352 4256 2342 4256 2338 4257 2352 4257 2340 4257 2349 4258 2353 4258 2354 4258 2349 4259 2355 4259 2353 4259 2349 4260 2356 4260 2355 4260 2357 4261 2336 4261 2334 4261 2357 4262 2338 4262 2336 4262 2357 4263 2352 4263 2338 4263 2332 4264 2357 4264 2334 4264 1813 4265 2349 4265 2354 4265 2330 4266 2357 4266 2332 4266 2328 4267 2357 4267 2330 4267 2325 4268 2357 4268 2328 4268 2324 4269 2357 4269 2325 4269 2358 4270 2357 4270 2324 4270 2358 4271 1813 4271 2354 4271 1812 4272 2358 4272 2324 4272 1812 4273 1813 4273 2358 4273 2191 4274 2319 4274 2205 4274 2322 4275 2205 4275 2319 4275 2190 4276 2319 4276 2191 4276 2190 4277 2347 4277 2319 4277 2190 4278 2343 4278 2345 4278 2190 4279 2345 4279 2347 4279 2190 4280 2341 4280 2343 4280 2208 4281 2341 4281 2190 4281 2208 4282 2335 4282 2337 4282 2208 4283 2337 4283 2339 4283 2208 4284 2339 4284 2341 4284 2208 4285 2331 4285 2333 4285 2208 4286 2333 4286 2335 4286 2208 4287 2326 4287 2327 4287 2208 4288 2327 4288 2329 4288 2208 4289 2329 4289 2331 4289 2210 4290 2323 4290 2326 4290 2210 4291 2326 4291 2208 4291 2193 4292 2323 4292 2210 4292 2193 4293 2350 4293 2323 4293 2175 4294 2350 4294 2193 4294 2359 4295 2175 4295 2360 4295 2359 4296 2360 4296 2361 4296 2359 4297 2350 4297 2175 4297 1814 4298 2359 4298 2361 4298 1709 4299 2361 4299 2356 4299 1709 4300 1814 4300 2361 4300 2349 4301 1709 4301 2356 4301 1590 4302 2362 4302 1591 4302 2363 4303 1588 4303 1587 4303 2363 4304 2362 4304 1590 4304 2363 4305 1590 4305 1588 4305 2831 4306 2364 4306 2362 4306 2363 4307 2831 4307 2362 4307 2365 4308 2364 4308 2831 4308 2830 4309 2831 4309 2363 4309 2830 4310 2363 4310 1587 4310 2833 4311 2830 4311 1587 4311 1606 4312 1587 4312 1607 4312 2833 4313 1587 4313 1606 4313 2366 4314 1606 4314 1558 4314 2366 4315 1558 4315 2367 4315 2366 4316 2368 4316 2833 4316 2366 4317 2833 4317 1606 4317 2366 4318 2367 4318 1556 4318 2369 4319 1556 4319 1602 4319 2369 4320 1602 4320 2370 4320 2369 4321 2366 4321 1556 4321 1591 4322 2370 4322 1603 4322 1591 4323 1603 4323 1593 4323 1591 4324 2369 4324 2370 4324 2364 4325 1591 4325 2362 4325 2364 4326 2369 4326 1591 4326 2371 4327 2372 4327 2373 4327 2374 4328 2372 4328 2371 4328 2375 4329 2373 4329 2372 4329 2376 4330 2377 4330 2375 4330 2378 4331 2377 4331 2376 4331 2372 4332 2376 4332 2375 4332 2379 4333 2380 4333 2381 4333 2382 4334 2380 4334 2379 4334 2382 4335 2379 4335 2383 4335 2382 4336 2383 4336 2384 4336 2385 4337 2386 4337 2387 4337 2385 4338 2388 4338 2386 4338 2386 4339 2389 4339 2390 4339 2388 4340 2389 4340 2386 4340 2145 4341 2144 4341 2390 4341 2390 4342 2143 4342 2386 4342 2144 4343 2143 4343 2390 4343 2143 4344 2391 4344 2386 4344 2008 4345 2007 4345 2392 4345 2009 4346 2389 4346 2388 4346 2009 4347 2392 4347 2389 4347 2009 4348 2008 4348 2392 4348 2392 4349 2023 4349 2024 4349 2392 4350 2024 4350 2032 4350 2021 4351 2023 4351 2392 4351 2392 4352 2007 4352 2021 4352 2390 4353 2032 4353 2145 4353 2389 4354 2392 4354 2032 4354 2389 4355 2032 4355 2390 4355 2393 4356 1990 4356 1993 4356 2393 4357 1991 4357 1990 4357 2393 4358 2043 4358 1991 4358 1993 4359 1997 4359 2393 4359 1997 4360 1996 4360 2393 4360 2393 4361 2010 4361 2394 4361 1996 4362 2010 4362 2393 4362 2395 4363 1977 4363 1982 4363 2396 4364 1982 4364 1994 4364 2396 4365 2395 4365 1982 4365 2395 4366 1994 4366 2001 4366 2397 4367 2395 4367 2001 4367 2397 4368 2001 4368 978 4368 2398 4369 978 4369 2014 4369 2398 4370 2397 4370 978 4370 2399 4371 2398 4371 2014 4371 2399 4372 2014 4372 2400 4372 2401 4373 2400 4373 2027 4373 2401 4374 2027 4374 2043 4374 2402 4375 1987 4375 2395 4375 1987 4376 2104 4376 2395 4376 2104 4377 1977 4377 2395 4377 2411 4378 2119 4378 2402 4378 2119 4379 2118 4379 2402 4379 2118 4380 2131 4380 2402 4380 2131 4381 1988 4381 2402 4381 1988 4382 1986 4382 2402 4382 1987 4383 2402 4383 1986 4383 2017 4384 2403 4384 2018 4384 2403 4385 2404 4385 2018 4385 2018 4386 2405 4386 2019 4386 2404 4387 2405 4387 2018 4387 2405 4388 2406 4388 2019 4388 2019 4389 2407 4389 2011 4389 2406 4390 2407 4390 2019 4390 2407 4391 2408 4391 2011 4391 2011 4392 2408 4392 2012 4392 2408 4393 2409 4393 2012 4393 2012 4394 2409 4394 2013 4394 2409 4395 2410 4395 2013 4395 2013 4396 2394 4396 2010 4396 2410 4397 2394 4397 2013 4397 2119 4398 2411 4398 2120 4398 2411 4399 2412 4399 2120 4399 2120 4400 2412 4400 2000 4400 2412 4401 2413 4401 2000 4401 2000 4402 2413 4402 2002 4402 2413 4403 2414 4403 2002 4403 2002 4404 2414 4404 2003 4404 2414 4405 2415 4405 2003 4405 2003 4406 2415 4406 2004 4406 2415 4407 2416 4407 2004 4407 2004 4408 2416 4408 1999 4408 2416 4409 2417 4409 1999 4409 2417 4410 2418 4410 1999 4410 1999 4411 2418 4411 2133 4411 2419 4412 2413 4412 2412 4412 2419 4413 2414 4413 2413 4413 2419 4414 2415 4414 2414 4414 2419 4415 2416 4415 2415 4415 2419 4416 2417 4416 2416 4416 2411 4417 2419 4417 2412 4417 2409 4418 2408 4418 2419 4418 2410 4419 2409 4419 2419 4419 2394 4420 2410 4420 2419 4420 2395 4421 2411 4421 2402 4421 2395 4422 2419 4422 2411 4422 2393 4423 2419 4423 2395 4423 2393 4424 2394 4424 2419 4424 2401 4425 2043 4425 2393 4425 2395 4426 2396 4426 1994 4426 2401 4427 2393 4427 2395 4427 2401 4428 2395 4428 2397 4428 2399 4429 2401 4429 2397 4429 2399 4430 2397 4430 2398 4430 2399 4431 2400 4431 2401 4431 2403 4432 2419 4432 2404 4432 2404 4433 2419 4433 2405 4433 2405 4434 2419 4434 2406 4434 2406 4435 2419 4435 2407 4435 2407 4436 2419 4436 2408 4436 2419 4437 2418 4437 2417 4437 2842 4438 3572 4438 2420 4438 2842 4439 2420 4439 2421 4439 2079 4440 2842 4440 2421 4440 2114 4441 2079 4441 2421 4441 1948 4442 2114 4442 2421 4442 1949 4443 1948 4443 2421 4443 1949 4444 2421 4444 2422 4444 2844 4445 1949 4445 2422 4445 2424 4446 2423 4446 2425 4446 2426 4447 2424 4447 2425 4447 2840 4448 2426 4448 2425 4448 2934 4449 2423 4449 2424 4449 2829 4450 2844 4450 2422 4450 2427 4451 2829 4451 2422 4451 2423 4452 2427 4452 2422 4452 2428 4453 2427 4453 2423 4453 2429 4454 2428 4454 2423 4454 2423 4455 2934 4455 2429 4455 2431 4456 2432 4456 2430 4456 2432 4457 2433 4457 2430 4457 2433 4458 2434 4458 2430 4458 2434 4459 2435 4459 2430 4459 2435 4460 2436 4460 2430 4460 2436 4461 2437 4461 2430 4461 2438 4462 2384 4462 2437 4462 2437 4463 2384 4463 2430 4463 2430 4464 2384 4464 2383 4464 2439 4465 2437 4465 2436 4465 2439 4466 2440 4466 2437 4466 2441 4467 2436 4467 2435 4467 2441 4468 2439 4468 2436 4468 2442 4469 2441 4469 2435 4469 2442 4470 2435 4470 2434 4470 2443 4471 2442 4471 2434 4471 2443 4472 2434 4472 2433 4472 2444 4473 2443 4473 2433 4473 2444 4474 2433 4474 2432 4474 2445 4475 2444 4475 2432 4475 2446 4476 2432 4476 2431 4476 2446 4477 2445 4477 2432 4477 2447 4478 2446 4478 2431 4478 2447 4479 2431 4479 2430 4479 2448 4480 2447 4480 2430 4480 2449 4481 2448 4481 2430 4481 2450 4482 2451 4482 2452 4482 2453 4483 2450 4483 2452 4483 2454 4484 2453 4484 2452 4484 2455 4485 2454 4485 2452 4485 2456 4486 2455 4486 2452 4486 2457 4487 2458 4487 2456 4487 2457 4488 2456 4488 2452 4488 2459 4489 2458 4489 2457 4489 2385 4490 2460 4490 2403 4490 2016 4491 2009 4491 2388 4491 2016 4492 2388 4492 2385 4492 2017 4493 2016 4493 2385 4493 2017 4494 2385 4494 2403 4494 2840 4495 2425 4495 2461 4495 2387 4496 2840 4496 2461 4496 3574 4497 2840 4497 2387 4497 2391 4498 2387 4498 2386 4498 2391 4499 3574 4499 2387 4499 2462 4500 2438 4500 2437 4500 2462 4501 2463 4501 2438 4501 2464 4502 2462 4502 2437 4502 2440 4503 2464 4503 2437 4503 2468 4504 2466 4504 2467 4504 2468 4505 2481 4505 2466 4505 2484 4506 2468 4506 2469 4506 2482 4507 2469 4507 2470 4507 2471 4508 2470 4508 2472 4508 2471 4509 2482 4509 2470 4509 2474 4510 2472 4510 2473 4510 2474 4511 2471 4511 2472 4511 2474 4512 2473 4512 2475 4512 2487 4513 2477 4513 2478 4513 2474 4514 2482 4514 2471 4514 2483 4515 2481 4515 2468 4515 2484 4516 2483 4516 2468 4516 2484 4517 2469 4517 2482 4517 2486 4518 2482 4518 2474 4518 2486 4519 2474 4519 2475 4519 2486 4520 2485 4520 2482 4520 2487 4521 2486 4521 2475 4521 2487 4522 2475 4522 2476 4522 2487 4523 2485 4523 2486 4523 2487 4524 2476 4524 2477 4524 2488 4525 2487 4525 2478 4525 2488 4526 2478 4526 2479 4526 2489 4527 2479 4527 2480 4527 2489 4528 2488 4528 2479 4528 2490 4529 2489 4529 2480 4529 2490 4530 2491 4530 2489 4530 2491 4531 2493 4531 2489 4531 2493 4532 2491 4532 2492 4532 2494 4533 2493 4533 2492 4533 2497 4534 2498 4534 2499 4534 2497 4535 2496 4535 2498 4535 2497 4536 2495 4536 2496 4536 2500 4537 2499 4537 2501 4537 2500 4538 2497 4538 2499 4538 2502 4539 2503 4539 2504 4539 2502 4540 2501 4540 2503 4540 2502 4541 2500 4541 2501 4541 2505 4542 2504 4542 2506 4542 2505 4543 2502 4543 2504 4543 2507 4544 2506 4544 2508 4544 2507 4545 2505 4545 2506 4545 2509 4546 2508 4546 2510 4546 2509 4547 2507 4547 2508 4547 2511 4548 2509 4548 2510 4548 2512 4549 2513 4549 2514 4549 2514 4550 2513 4550 2515 4550 2515 4551 2516 4551 2517 4551 2513 4552 2516 4552 2515 4552 2517 4553 2518 4553 2519 4553 2516 4554 2518 4554 2517 4554 2519 4555 2520 4555 2522 4555 2518 4556 2520 4556 2519 4556 2520 4557 2521 4557 2522 4557 2522 4558 3499 4558 2523 4558 2521 4559 3499 4559 2522 4559 2523 4560 2557 4560 3500 4560 3499 4561 2557 4561 2523 4561 2524 4562 2525 4562 2532 4562 2527 4563 2526 4563 2528 4563 2527 4564 2530 4564 2529 4564 2528 4565 2530 4565 2527 4565 2528 4566 2531 4566 2530 4566 2528 4567 2532 4567 2531 4567 2532 4568 2528 4568 2524 4568 2526 4569 2534 4569 2535 4569 2526 4570 2527 4570 2534 4570 2546 4571 2545 4571 2537 4571 2539 4572 2546 4572 2537 4572 2539 4573 2536 4573 2546 4573 2539 4574 2538 4574 2536 4574 2541 4575 2539 4575 2537 4575 2539 4576 2540 4576 2538 4576 2539 4577 2542 4577 2540 4577 2541 4578 2542 4578 2539 4578 2534 4579 2541 4579 2537 4579 2534 4580 2537 4580 2535 4580 2541 4581 2543 4581 2542 4581 2534 4582 2543 4582 2541 4582 2534 4583 2544 4583 2543 4583 2147 4584 2549 4584 2547 4584 2147 4585 2547 4585 2548 4585 2148 4586 2549 4586 2147 4586 2146 4587 2147 4587 2548 4587 2146 4588 2548 4588 2550 4588 2148 4589 2551 4589 2549 4589 2146 4590 2550 4590 2552 4590 2149 4591 2551 4591 2148 4591 2146 4592 2552 4592 2553 4592 2149 4593 2554 4593 2551 4593 2156 4594 2146 4594 2553 4594 2156 4595 2553 4595 2555 4595 2149 4596 2556 4596 2554 4596 2150 4597 2556 4597 2149 4597 2150 4598 2557 4598 2556 4598 2156 4599 2555 4599 2558 4599 2150 4600 2559 4600 2557 4600 2156 4601 2558 4601 2560 4601 2155 4602 2156 4602 2560 4602 2155 4603 2560 4603 2561 4603 2150 4604 2562 4604 2559 4604 2563 4605 2155 4605 2561 4605 2562 4606 2150 4606 2162 4606 2564 4607 2562 4607 2162 4607 2565 4608 2155 4608 2563 4608 2565 4609 2154 4609 2155 4609 2566 4610 2564 4610 2162 4610 2567 4611 2154 4611 2565 4611 2568 4612 2566 4612 2162 4612 2568 4613 2162 4613 2151 4613 2569 4614 2154 4614 2567 4614 2570 4615 2568 4615 2151 4615 2571 4616 2570 4616 2151 4616 2572 4617 2154 4617 2569 4617 2572 4618 2153 4618 2154 4618 2573 4619 2153 4619 2572 4619 2574 4620 2571 4620 2151 4620 2575 4621 2153 4621 2573 4621 2576 4622 2574 4622 2151 4622 2576 4623 2151 4623 2152 4623 2577 4624 2153 4624 2575 4624 2578 4625 2576 4625 2152 4625 2577 4626 2152 4626 2153 4626 2579 4627 2152 4627 2577 4627 2580 4628 2152 4628 2579 4628 2580 4629 2578 4629 2152 4629 2581 4630 2582 4630 2583 4630 2584 4631 2582 4631 2581 4631 2585 4632 2582 4632 2584 4632 2585 4633 2586 4633 2582 4633 2586 4634 2587 4634 2582 4634 2587 4635 2588 4635 2582 4635 2582 4636 2589 4636 2590 4636 2582 4637 2590 4637 2591 4637 2582 4638 2591 4638 2592 4638 2582 4639 2592 4639 2593 4639 2582 4640 2593 4640 2583 4640 2594 4641 2595 4641 2596 4641 2596 4642 2595 4642 2597 4642 2597 4643 2512 4643 2514 4643 2595 4644 2512 4644 2597 4644 2599 4645 2527 4645 2529 4645 2599 4646 2598 4646 2527 4646 2600 4647 2529 4647 2530 4647 2600 4648 2599 4648 2529 4648 2601 4649 2530 4649 2531 4649 2601 4650 2600 4650 2530 4650 2601 4651 2531 4651 2532 4651 2602 4652 2601 4652 2532 4652 2602 4653 2532 4653 2533 4653 2699 4654 2533 4654 2532 4654 2699 4655 2602 4655 2533 4655 2603 4656 2546 4656 2536 4656 2603 4657 2536 4657 2538 4657 2604 4658 2603 4658 2538 4658 2604 4659 2538 4659 2540 4659 2605 4660 2604 4660 2540 4660 2605 4661 2540 4661 2542 4661 2606 4662 2605 4662 2542 4662 2606 4663 2542 4663 2543 4663 2607 4664 2606 4664 2543 4664 2607 4665 2543 4665 2544 4665 2608 4666 2607 4666 2544 4666 2608 4667 2544 4667 2534 4667 2643 4668 2610 4668 2609 4668 2609 4669 2610 4669 2611 4669 2610 4670 2612 4670 2611 4670 2611 4671 2612 4671 2613 4671 2612 4672 2614 4672 2613 4672 2613 4673 2614 4673 2615 4673 2614 4674 2616 4674 2615 4674 2615 4675 2616 4675 2617 4675 2616 4676 2618 4676 2617 4676 2618 4677 2620 4677 2617 4677 2617 4678 2620 4678 2619 4678 2620 4679 2622 4679 2619 4679 2619 4680 2622 4680 2621 4680 2622 4681 2623 4681 2621 4681 2621 4682 2623 4682 2624 4682 2623 4683 2626 4683 2624 4683 2624 4684 2626 4684 2625 4684 2626 4685 2627 4685 2625 4685 2625 4686 2627 4686 2628 4686 2627 4687 2630 4687 2628 4687 2628 4688 2630 4688 2629 4688 2630 4689 2631 4689 2629 4689 2629 4690 2631 4690 2632 4690 2631 4691 2634 4691 2632 4691 2632 4692 2634 4692 2633 4692 2633 4693 2634 4693 2635 4693 2634 4694 2636 4694 2635 4694 2635 4695 2638 4695 2637 4695 2636 4696 2638 4696 2635 4696 2637 4697 2638 4697 2639 4697 2638 4698 2641 4698 2639 4698 2639 4699 2641 4699 2640 4699 2640 4700 2641 4700 2642 4700 2642 4701 2643 4701 2609 4701 2641 4702 2643 4702 2642 4702 2644 4703 2646 4703 2668 4703 2668 4704 2646 4704 2645 4704 2645 4705 2647 4705 2648 4705 2646 4706 2647 4706 2645 4706 2647 4707 2650 4707 2648 4707 2648 4708 2650 4708 2649 4708 2649 4709 2651 4709 2652 4709 2650 4710 2651 4710 2649 4710 2651 4711 2654 4711 2652 4711 2652 4712 2654 4712 2653 4712 2653 4713 2656 4713 2655 4713 2654 4714 2656 4714 2653 4714 2655 4715 2656 4715 2657 4715 2656 4716 2658 4716 2657 4716 2657 4717 2658 4717 2659 4717 2658 4718 2661 4718 2659 4718 2659 4719 2661 4719 2660 4719 2660 4720 2663 4720 2662 4720 2661 4721 2663 4721 2660 4721 2662 4722 2663 4722 2665 4722 2663 4723 2664 4723 2665 4723 2664 4724 2667 4724 2665 4724 2665 4725 2667 4725 2666 4725 2667 4726 2644 4726 2666 4726 2666 4727 2644 4727 2668 4727 2693 4728 2670 4728 2669 4728 2669 4729 2670 4729 2671 4729 2670 4730 2672 4730 2671 4730 2671 4731 2672 4731 2673 4731 2673 4732 2674 4732 2675 4732 2672 4733 2674 4733 2673 4733 2675 4734 2676 4734 2677 4734 2674 4735 2676 4735 2675 4735 2676 4736 2678 4736 2677 4736 2677 4737 2678 4737 2679 4737 2679 4738 2681 4738 2680 4738 2678 4739 2681 4739 2679 4739 2680 4740 2681 4740 2682 4740 2681 4741 2684 4741 2682 4741 2682 4742 2684 4742 2683 4742 2684 4743 2686 4743 2683 4743 2683 4744 2686 4744 2685 4744 2686 4745 2688 4745 2685 4745 2685 4746 2688 4746 2687 4746 2687 4747 2688 4747 2689 4747 2688 4748 2690 4748 2689 4748 2689 4749 2690 4749 2691 4749 2691 4750 2690 4750 2692 4750 2690 4751 2693 4751 2692 4751 2692 4752 2693 4752 2669 4752 2606 4753 2647 4753 2605 4753 2647 4754 2646 4754 2605 4754 2607 4755 2647 4755 2606 4755 2605 4756 2646 4756 2604 4756 2607 4757 2650 4757 2647 4757 2608 4758 2650 4758 2607 4758 2604 4759 2646 4759 2603 4759 2646 4760 2644 4760 2603 4760 2608 4761 2651 4761 2650 4761 2608 4762 2654 4762 2651 4762 2603 4763 2644 4763 2694 4763 2644 4764 2667 4764 2694 4764 2667 4765 2664 4765 2694 4765 2664 4766 2663 4766 2694 4766 2608 4767 2612 4767 2654 4767 2654 4768 2612 4768 2656 4768 2608 4769 2614 4769 2612 4769 2612 4770 2610 4770 2656 4770 2608 4771 2616 4771 2614 4771 2656 4772 2610 4772 2658 4772 2608 4773 2618 4773 2616 4773 2610 4774 2695 4774 2658 4774 2658 4775 2695 4775 2661 4775 2641 4776 2695 4776 2643 4776 2643 4777 2695 4777 2610 4777 2641 4778 2638 4778 2695 4778 2695 4779 2696 4779 2661 4779 2663 4780 2696 4780 2694 4780 2661 4781 2696 4781 2663 4781 2631 4782 2697 4782 2634 4782 2630 4783 2697 4783 2631 4783 2627 4784 2697 4784 2630 4784 2626 4785 2697 4785 2627 4785 2623 4786 2697 4786 2626 4786 2620 4787 2598 4787 2622 4787 2618 4788 2598 4788 2620 4788 2598 4789 2672 4789 2622 4789 2622 4790 2672 4790 2623 4790 2672 4791 2670 4791 2623 4791 2598 4792 2674 4792 2672 4792 2623 4793 2670 4793 2697 4793 2670 4794 2693 4794 2697 4794 2598 4795 2676 4795 2674 4795 2693 4796 2690 4796 2697 4796 2599 4797 2676 4797 2598 4797 2697 4798 2690 4798 2698 4798 2600 4799 2676 4799 2599 4799 2690 4800 2688 4800 2698 4800 2676 4801 2600 4801 2678 4801 2600 4802 2601 4802 2678 4802 2601 4803 2602 4803 2678 4803 2602 4804 2699 4804 2678 4804 2678 4805 2699 4805 2681 4805 2688 4806 2699 4806 2698 4806 2686 4807 2699 4807 2688 4807 2684 4808 2699 4808 2686 4808 2681 4809 2699 4809 2684 4809 2608 4810 2598 4810 2618 4810 2697 4811 2695 4811 2636 4811 2697 4812 2636 4812 2634 4812 2636 4813 2695 4813 2638 4813 2645 4814 2648 4814 2537 4814 2648 4815 2535 4815 2537 4815 2649 4816 2535 4816 2648 4816 2668 4817 2645 4817 2537 4817 2668 4818 2537 4818 2545 4818 2652 4819 2535 4819 2649 4819 2653 4820 2535 4820 2652 4820 2545 4821 2666 4821 2668 4821 2665 4822 2666 4822 2545 4822 2662 4823 2665 4823 2545 4823 2611 4824 2653 4824 2655 4824 2613 4825 2535 4825 2653 4825 2613 4826 2653 4826 2611 4826 2609 4827 2611 4827 2655 4827 2615 4828 2535 4828 2613 4828 2609 4829 2655 4829 2657 4829 2617 4830 2535 4830 2615 4830 2642 4831 2609 4831 2657 4831 2640 4832 2657 4832 2659 4832 2640 4833 2642 4833 2657 4833 2640 4834 2659 4834 2660 4834 2639 4835 2640 4835 2660 4835 2637 4836 2639 4836 2660 4836 2637 4837 2660 4837 2662 4837 2635 4838 2637 4838 2662 4838 2635 4839 2662 4839 2545 4839 2526 4840 2617 4840 2619 4840 2673 4841 2621 4841 2671 4841 2673 4842 2619 4842 2621 4842 2673 4843 2526 4843 2619 4843 2671 4844 2621 4844 2624 4844 2675 4845 2526 4845 2673 4845 2669 4846 2671 4846 2624 4846 2669 4847 2624 4847 2625 4847 2692 4848 2669 4848 2625 4848 2677 4849 2526 4849 2675 4849 2692 4850 2625 4850 2628 4850 2677 4851 2528 4851 2526 4851 2691 4852 2692 4852 2628 4852 2691 4853 2628 4853 2629 4853 2689 4854 2691 4854 2629 4854 2689 4855 2629 4855 2632 4855 2687 4856 2689 4856 2632 4856 2687 4857 2632 4857 2633 4857 2528 4858 2677 4858 2679 4858 2524 4859 2528 4859 2679 4859 2524 4860 2679 4860 2680 4860 2524 4861 2680 4861 2682 4861 2524 4862 2682 4862 2683 4862 2524 4863 2683 4863 2685 4863 2524 4864 2687 4864 2633 4864 2524 4865 2685 4865 2687 4865 2545 4866 2524 4866 2635 4866 2635 4867 2524 4867 2633 4867 2526 4868 2535 4868 2617 4868 2608 4869 2527 4869 2598 4869 2534 4870 2527 4870 2608 4870 2710 4871 2704 4871 2700 4871 2701 4872 2704 4872 2710 4872 2702 4873 2704 4873 2701 4873 2703 4874 2704 4874 2702 4874 2715 4875 2704 4875 2703 4875 2705 4876 2704 4876 2715 4876 2700 4877 2704 4877 2705 4877 2710 4878 2709 4878 2708 4878 2709 4879 2710 4879 2711 4879 2703 4880 2717 4880 2716 4880 2717 4881 2702 4881 2718 4881 922 4882 923 4882 850 4882 929 4883 2719 4883 869 4883 2719 4884 2720 4884 869 4884 869 4885 850 4885 929 4885 929 4886 850 4886 928 4886 928 4887 850 4887 923 4887 2257 4888 1936 4888 2259 4888 2256 4889 1936 4889 2257 4889 2721 4890 1936 4890 2256 4890 2722 4891 2721 4891 2723 4891 2724 4892 2721 4892 2722 4892 1937 4893 2725 4893 2726 4893 1937 4894 2724 4894 2725 4894 1937 4895 2721 4895 2724 4895 2727 4896 1937 4896 2726 4896 1937 4897 1936 4897 2721 4897 3412 4898 2726 4898 2728 4898 2729 4899 2726 4899 3412 4899 2727 4900 2726 4900 2729 4900 2727 4901 2729 4901 1947 4901 2730 4902 2727 4902 1947 4902 2508 4903 2731 4903 2510 4903 2510 4904 2731 4904 2732 4904 2508 4905 2506 4905 2731 4905 2506 4906 2504 4906 2731 4906 2733 4907 2496 4907 2734 4907 2735 4908 2496 4908 2733 4908 2736 4909 2496 4909 2735 4909 2737 4910 2169 4910 2736 4910 2738 4911 2169 4911 2737 4911 2739 4912 2169 4912 2738 4912 2740 4913 2169 4913 2739 4913 2741 4914 2169 4914 2740 4914 2742 4915 2169 4915 2741 4915 2743 4916 2169 4916 2742 4916 2744 4917 2169 4917 2743 4917 2745 4918 2169 4918 2744 4918 2746 4919 2169 4919 2745 4919 2747 4920 2169 4920 2746 4920 2748 4921 2169 4921 2747 4921 2749 4922 2169 4922 2748 4922 2750 4923 2169 4923 2749 4923 2171 4924 2169 4924 2750 4924 2503 4925 2169 4925 2504 4925 2501 4926 2169 4926 2503 4926 2499 4927 2169 4927 2501 4927 2498 4928 2169 4928 2499 4928 2496 4929 2169 4929 2498 4929 2736 4930 2169 4930 2496 4930 2169 4931 2731 4931 2504 4931 2751 4932 2732 4932 2731 4932 2751 4933 2731 4933 2752 4933 2753 4934 2752 4934 2754 4934 2753 4935 2751 4935 2752 4935 2755 4936 2754 4936 2756 4936 2755 4937 2753 4937 2754 4937 2757 4938 2755 4938 2756 4938 3849 4939 2758 4939 2759 4939 2758 4940 2761 4940 2759 4940 2759 4941 2761 4941 2760 4941 2760 4942 2763 4942 2762 4942 2761 4943 2763 4943 2760 4943 2762 4944 2764 4944 2765 4944 2765 4945 2764 4945 2766 4945 2763 4946 2764 4946 2762 4946 2766 4947 2767 4947 3825 4947 2764 4948 2767 4948 2766 4948 2769 4949 2771 4949 2768 4949 2768 4950 2771 4950 2770 4950 2771 4951 2772 4951 2770 4951 2770 4952 2772 4952 2773 4952 2772 4953 2774 4953 2773 4953 2773 4954 2774 4954 2776 4954 2774 4955 2775 4955 2776 4955 2777 4956 2775 4956 2778 4956 2777 4957 2776 4957 2775 4957 2073 4958 2730 4958 2078 4958 2073 4959 2727 4959 2730 4959 2730 4960 1944 4960 2078 4960 2841 4961 2779 4961 2780 4961 2780 4962 2779 4962 2781 4962 2779 4963 2782 4963 2781 4963 2781 4964 2782 4964 2783 4964 2783 4965 2784 4965 2785 4965 2782 4966 2784 4966 2783 4966 2784 4967 2786 4967 2785 4967 2786 4968 2843 4968 2785 4968 2785 4969 2843 4969 2787 4969 2787 4970 2788 4970 2789 4970 2843 4971 2788 4971 2787 4971 2789 4972 2790 4972 2791 4972 2788 4973 2790 4973 2789 4973 2790 4974 2792 4974 2791 4974 2791 4975 2792 4975 2793 4975 2793 4976 2794 4976 2795 4976 2792 4977 2794 4977 2793 4977 2794 4978 2796 4978 2795 4978 2795 4979 2796 4979 2797 4979 2797 4980 2798 4980 2799 4980 2796 4981 2798 4981 2797 4981 2799 4982 2800 4982 2801 4982 2798 4983 2800 4983 2799 4983 2801 4984 2802 4984 2803 4984 2800 4985 2802 4985 2801 4985 2803 4986 2804 4986 2805 4986 2802 4987 2804 4987 2803 4987 2805 4988 3573 4988 2806 4988 2804 4989 3573 4989 2805 4989 2806 4990 2807 4990 2808 4990 3573 4991 2807 4991 2806 4991 2807 4992 2031 4992 2808 4992 2809 4993 2813 4993 2810 4993 2810 4994 2813 4994 2811 4994 2812 4995 2813 4995 2809 4995 2814 4996 2815 4996 2812 4996 2812 4997 2815 4997 2813 4997 2811 4998 2815 4998 2816 4998 2813 4999 2815 4999 2811 4999 2818 5000 2817 5000 2814 5000 2816 5001 2817 5001 2821 5001 2814 5002 2817 5002 2815 5002 2815 5003 2817 5003 2816 5003 2818 5004 2820 5004 2817 5004 2817 5005 2820 5005 2821 5005 2819 5006 2820 5006 2818 5006 2822 5007 2823 5007 2819 5007 2824 5008 2823 5008 2822 5008 2821 5009 2823 5009 2825 5009 2819 5010 2823 5010 2820 5010 2820 5011 2823 5011 2821 5011 2823 5012 2826 5012 2825 5012 2824 5013 2826 5013 2823 5013 2827 5014 2826 5014 2824 5014 2841 5015 2826 5015 2827 5015 2780 5016 2826 5016 2841 5016 2828 5017 2826 5017 2780 5017 2825 5018 2826 5018 2828 5018 2833 5019 2829 5019 2830 5019 2831 5020 2428 5020 2429 5020 2831 5021 2830 5021 2428 5021 2832 5022 2829 5022 2833 5022 2085 5023 2835 5023 1942 5023 2838 5024 2839 5024 2835 5024 2085 5025 2838 5025 2835 5025 2837 5026 2836 5026 2834 5026 2838 5027 2085 5027 2086 5027 2838 5028 2086 5028 2091 5028 2844 5029 2832 5029 2836 5029 2839 5030 2091 5030 2092 5030 2839 5031 2092 5031 1971 5031 2839 5032 1971 5032 1972 5032 2839 5033 2838 5033 2091 5033 2837 5034 2845 5034 2844 5034 2837 5035 2844 5035 2836 5035 2837 5036 2834 5036 2839 5036 2837 5037 1972 5037 1974 5037 2837 5038 1974 5038 1973 5038 2837 5039 2839 5039 1972 5039 2845 5040 2837 5040 1973 5040 2812 5041 2809 5041 2424 5041 2814 5042 2812 5042 2424 5042 2818 5043 2814 5043 2424 5043 2426 5044 2819 5044 2818 5044 2426 5045 2818 5045 2424 5045 2426 5046 2822 5046 2819 5046 2426 5047 2824 5047 2822 5047 2426 5048 2840 5048 2824 5048 2841 5049 2827 5049 2824 5049 2841 5050 2782 5050 2779 5050 2841 5051 2840 5051 2782 5051 2841 5052 2824 5052 2840 5052 2842 5053 2079 5053 2116 5053 2840 5054 2784 5054 2782 5054 2840 5055 2786 5055 2784 5055 2843 5056 2786 5056 2840 5056 2844 5057 2829 5057 2832 5057 2845 5058 2108 5058 2844 5058 2847 5059 2262 5059 2846 5059 2848 5060 2262 5060 2847 5060 2849 5061 2262 5061 2848 5061 2849 5062 2264 5062 2262 5062 2850 5063 2264 5063 2849 5063 2851 5064 2264 5064 2850 5064 2852 5065 2264 5065 2851 5065 2853 5066 2264 5066 2852 5066 2854 5067 2264 5067 2853 5067 2855 5068 2264 5068 2854 5068 2855 5069 2856 5069 2264 5069 2856 5070 2857 5070 2264 5070 2857 5071 2269 5071 2264 5071 2858 5072 2269 5072 2857 5072 2859 5073 2860 5073 2861 5073 2861 5074 2860 5074 2862 5074 2862 5075 2863 5075 2864 5075 2860 5076 2863 5076 2862 5076 2864 5077 2865 5077 2866 5077 2863 5078 2865 5078 2864 5078 2866 5079 2867 5079 2868 5079 2865 5080 2867 5080 2866 5080 2868 5081 2869 5081 2870 5081 2867 5082 2869 5082 2868 5082 2870 5083 2871 5083 2872 5083 2869 5084 2871 5084 2870 5084 2872 5085 2873 5085 2874 5085 2871 5086 2873 5086 2872 5086 2874 5087 2875 5087 2876 5087 2873 5088 2875 5088 2874 5088 2876 5089 2877 5089 2878 5089 2875 5090 2877 5090 2876 5090 2878 5091 2879 5091 2880 5091 2877 5092 2879 5092 2878 5092 2880 5093 2881 5093 2882 5093 2879 5094 2881 5094 2880 5094 2881 5095 2883 5095 2882 5095 2882 5096 2884 5096 2885 5096 2883 5097 2884 5097 2882 5097 2885 5098 2886 5098 2887 5098 2884 5099 2886 5099 2885 5099 2887 5100 2888 5100 2889 5100 2889 5101 2888 5101 2890 5101 2886 5102 2888 5102 2887 5102 2890 5103 2891 5103 2892 5103 2888 5104 2891 5104 2890 5104 2892 5105 2893 5105 2894 5105 2891 5106 2893 5106 2892 5106 2893 5107 2895 5107 2894 5107 2894 5108 2895 5108 2896 5108 2895 5109 2897 5109 2896 5109 2896 5110 2897 5110 2898 5110 2897 5111 2899 5111 2898 5111 2898 5112 2899 5112 2900 5112 2899 5113 2901 5113 2900 5113 2900 5114 2901 5114 2902 5114 2901 5115 2903 5115 2902 5115 2902 5116 2903 5116 2904 5116 2903 5117 2905 5117 2904 5117 2904 5118 2905 5118 2906 5118 2905 5119 2907 5119 2906 5119 2906 5120 2907 5120 2908 5120 2907 5121 2910 5121 2908 5121 2908 5122 2910 5122 2909 5122 2910 5123 2911 5123 2909 5123 2909 5124 2911 5124 2912 5124 2911 5125 2914 5125 2912 5125 2912 5126 2914 5126 2913 5126 2914 5127 2915 5127 2913 5127 2913 5128 2915 5128 2916 5128 2915 5129 2918 5129 2916 5129 2916 5130 2918 5130 2917 5130 2918 5131 2919 5131 2917 5131 2917 5132 2919 5132 2920 5132 2919 5133 2921 5133 2920 5133 2920 5134 2921 5134 2922 5134 2921 5135 2923 5135 2922 5135 2923 5136 2924 5136 2922 5136 2922 5137 2924 5137 2925 5137 2925 5138 2289 5138 2926 5138 2924 5139 2289 5139 2925 5139 2289 5140 2288 5140 2926 5140 2926 5141 2288 5141 2927 5141 2288 5142 2299 5142 2927 5142 2927 5143 2300 5143 2928 5143 2299 5144 2300 5144 2927 5144 2300 5145 2298 5145 2928 5145 2928 5146 2298 5146 2929 5146 2298 5147 2304 5147 2929 5147 2929 5148 2304 5148 2930 5148 2304 5149 2305 5149 2930 5149 2930 5150 2305 5150 2931 5150 2305 5151 2296 5151 2931 5151 2931 5152 2296 5152 2932 5152 2296 5153 2295 5153 2932 5153 2295 5154 2297 5154 2932 5154 2932 5155 2297 5155 2933 5155 2297 5156 2286 5156 2933 5156 2283 5157 2284 5157 2286 5157 2286 5158 2284 5158 2933 5158 2429 5159 2934 5159 2365 5159 2831 5160 2429 5160 2365 5160 2937 5161 2936 5161 2939 5161 2937 5162 2935 5162 2936 5162 2938 5163 2940 5163 2936 5163 2938 5164 2936 5164 2935 5164 2941 5165 2937 5165 2939 5165 2942 5166 2940 5166 2938 5166 2941 5167 2939 5167 2944 5167 2943 5168 2944 5168 2945 5168 2943 5169 2941 5169 2944 5169 2946 5170 2950 5170 2947 5170 2946 5171 2947 5171 2940 5171 2946 5172 2940 5172 2942 5172 2948 5173 2945 5173 2952 5173 2948 5174 2943 5174 2945 5174 2951 5175 2948 5175 2952 5175 2949 5176 2956 5176 2950 5176 2949 5177 2950 5177 2946 5177 2953 5178 2956 5178 2949 5178 2954 5179 2952 5179 2955 5179 2954 5180 2951 5180 2952 5180 2957 5181 2954 5181 2955 5181 2958 5182 2959 5182 2956 5182 2958 5183 2956 5183 2953 5183 2962 5184 2957 5184 2955 5184 2962 5185 2955 5185 2963 5185 2960 5186 2961 5186 2959 5186 2960 5187 2959 5187 2958 5187 2962 5188 2963 5188 2964 5188 2965 5189 2966 5189 2961 5189 2965 5190 2961 5190 2960 5190 2967 5191 2962 5191 2964 5191 2968 5192 2971 5192 2966 5192 2968 5193 2966 5193 2965 5193 2967 5194 2964 5194 2969 5194 2970 5195 2971 5195 2968 5195 2972 5196 2967 5196 2969 5196 2973 5197 2977 5197 2971 5197 2973 5198 2971 5198 2970 5198 2974 5199 2969 5199 2975 5199 2974 5200 2972 5200 2969 5200 2976 5201 2977 5201 2973 5201 2974 5202 2975 5202 2978 5202 2976 5203 2982 5203 2977 5203 2980 5204 2974 5204 2978 5204 2979 5205 2982 5205 2976 5205 2980 5206 2978 5206 2981 5206 2983 5207 2980 5207 2981 5207 2984 5208 2985 5208 2982 5208 2984 5209 2982 5209 2979 5209 2986 5210 2981 5210 2987 5210 2986 5211 2983 5211 2981 5211 2988 5212 2991 5212 2985 5212 2988 5213 2985 5213 2984 5213 2989 5214 2987 5214 2992 5214 2989 5215 2986 5215 2987 5215 2990 5216 2991 5216 2988 5216 2990 5217 2993 5217 2991 5217 2994 5218 2992 5218 2995 5218 2994 5219 2989 5219 2992 5219 2996 5220 3000 5220 2993 5220 2996 5221 2993 5221 2990 5221 2997 5222 3000 5222 2996 5222 2998 5223 2994 5223 2995 5223 2998 5224 2995 5224 2999 5224 3001 5225 3002 5225 3000 5225 3001 5226 3000 5226 2997 5226 3004 5227 2998 5227 2999 5227 3003 5228 3002 5228 3001 5228 3008 5229 3002 5229 3003 5229 3005 5230 3008 5230 3003 5230 3006 5231 2999 5231 3007 5231 3006 5232 3004 5232 2999 5232 3009 5233 3006 5233 3007 5233 3008 5234 3005 5234 3010 5234 3011 5235 3009 5235 3007 5235 3014 5236 3008 5236 3010 5236 3011 5237 3012 5237 3009 5237 3013 5238 3012 5238 3011 5238 3014 5239 3010 5239 3016 5239 3015 5240 3013 5240 3011 5240 3019 5241 3014 5241 3016 5241 3015 5242 3017 5242 3013 5242 3019 5243 3016 5243 3020 5243 3018 5244 3017 5244 3015 5244 3018 5245 3021 5245 3017 5245 3022 5246 3020 5246 3023 5246 3022 5247 3019 5247 3020 5247 3018 5248 3024 5248 3021 5248 3026 5249 3023 5249 3027 5249 3026 5250 3022 5250 3023 5250 3025 5251 3024 5251 3018 5251 3028 5252 3029 5252 3024 5252 3028 5253 3024 5253 3025 5253 3026 5254 3027 5254 3030 5254 3031 5255 3032 5255 3029 5255 3031 5256 3029 5256 3028 5256 3033 5257 3030 5257 3034 5257 3033 5258 3026 5258 3030 5258 3038 5259 3035 5259 3032 5259 3038 5260 3032 5260 3031 5260 3036 5261 3034 5261 3037 5261 3036 5262 3037 5262 3041 5262 3036 5263 3033 5263 3034 5263 3040 5264 3036 5264 3041 5264 3042 5265 3035 5265 3038 5265 3042 5266 3039 5266 3035 5266 3042 5267 3043 5267 3039 5267 3040 5268 3041 5268 3044 5268 3045 5269 3043 5269 3042 5269 3046 5270 3044 5270 3047 5270 3046 5271 3040 5271 3044 5271 3050 5272 3048 5272 3043 5272 3050 5273 3043 5273 3045 5273 3052 5274 3047 5274 3049 5274 3052 5275 3046 5275 3047 5275 3050 5276 3051 5276 3048 5276 3052 5277 3049 5277 3053 5277 3054 5278 3051 5278 3050 5278 3055 5279 3053 5279 3056 5279 3055 5280 3052 5280 3053 5280 3054 5281 3057 5281 3051 5281 3061 5282 3056 5282 3059 5282 3061 5283 3055 5283 3056 5283 3060 5284 3058 5284 3057 5284 3060 5285 3057 5285 3054 5285 3061 5286 3059 5286 3062 5286 3060 5287 3063 5287 3058 5287 3067 5288 3062 5288 3064 5288 3067 5289 3061 5289 3062 5289 3065 5290 3063 5290 3060 5290 3065 5291 3066 5291 3063 5291 3068 5292 3066 5292 3065 5292 3069 5293 3067 5293 3064 5293 3069 5294 3064 5294 3070 5294 3075 5295 3070 5295 3073 5295 3075 5296 3069 5296 3070 5296 3068 5297 3071 5297 3072 5297 3068 5298 3072 5298 3066 5298 3074 5299 3071 5299 3068 5299 3075 5300 3073 5300 3076 5300 3077 5301 3076 5301 3080 5301 3077 5302 3075 5302 3076 5302 3078 5303 3083 5303 3079 5303 3078 5304 3079 5304 3071 5304 3078 5305 3071 5305 3074 5305 3081 5306 3077 5306 3080 5306 3084 5307 3083 5307 3078 5307 3081 5308 3080 5308 3082 5308 3084 5309 3082 5309 3083 5309 3084 5310 3081 5310 3082 5310 2354 5311 3085 5311 2358 5311 2358 5312 3085 5312 3086 5312 3087 5313 1882 5313 1880 5313 3087 5314 1881 5314 1882 5314 3088 5315 1880 5315 1885 5315 3088 5316 3087 5316 1880 5316 3089 5317 1885 5317 1884 5317 3089 5318 3088 5318 1885 5318 3090 5319 3089 5319 1884 5319 3091 5320 1888 5320 1891 5320 3091 5321 3090 5321 1888 5321 3092 5322 1891 5322 1892 5322 3092 5323 3091 5323 1891 5323 3094 5324 3093 5324 1892 5324 3094 5325 3095 5325 3093 5325 1894 5326 3095 5326 3094 5326 1894 5327 3096 5327 3095 5327 1893 5328 3096 5328 1894 5328 1893 5329 3097 5329 3096 5329 3098 5330 1893 5330 1890 5330 3098 5331 3099 5331 3097 5331 3098 5332 3097 5332 1893 5332 1889 5333 3098 5333 1890 5333 1889 5334 3099 5334 3098 5334 1889 5335 3100 5335 3099 5335 3101 5336 3100 5336 1889 5336 3101 5337 1889 5337 1887 5337 3101 5338 1887 5338 1886 5338 3102 5339 3101 5339 1886 5339 3102 5340 1886 5340 1883 5340 3103 5341 1883 5341 1879 5341 3103 5342 3102 5342 1883 5342 3104 5343 3103 5343 1879 5343 3104 5344 3105 5344 3103 5344 1878 5345 3105 5345 3104 5345 1878 5346 3106 5346 3105 5346 3107 5347 3106 5347 1878 5347 3107 5348 1878 5348 1874 5348 1875 5349 3108 5349 3107 5349 3109 5350 1875 5350 1871 5350 3109 5351 3108 5351 1875 5351 3110 5352 3109 5352 1872 5352 1869 5353 3111 5353 3110 5353 1869 5354 3110 5354 1872 5354 3111 5355 1869 5355 1865 5355 1866 5356 3111 5356 1865 5356 3113 5357 1866 5357 1862 5357 3113 5358 1862 5358 1860 5358 3112 5359 3114 5359 3113 5359 3112 5360 3113 5360 1860 5360 3112 5361 1860 5361 1861 5361 3112 5362 1861 5362 1857 5362 3115 5363 1857 5363 1855 5363 3115 5364 3114 5364 3112 5364 3115 5365 3112 5365 1857 5365 1856 5366 3116 5366 3115 5366 1856 5367 3115 5367 1855 5367 3116 5368 1856 5368 1852 5368 3117 5369 3116 5369 1851 5369 3118 5370 3117 5370 1851 5370 3118 5371 1851 5371 1846 5371 3118 5372 1846 5372 1843 5372 3120 5373 3118 5373 1843 5373 3119 5374 3121 5374 3120 5374 3124 5375 3122 5375 1839 5375 3124 5376 1839 5376 1835 5376 3123 5377 3126 5377 3124 5377 3123 5378 1835 5378 1837 5378 3123 5379 1837 5379 1836 5379 3123 5380 3124 5380 1835 5380 3126 5381 1836 5381 1838 5381 3126 5382 3123 5382 1836 5382 3125 5383 3126 5383 1838 5383 3125 5384 3127 5384 3126 5384 3125 5385 1838 5385 1834 5385 3125 5386 1834 5386 1833 5386 3129 5387 3127 5387 3125 5387 3129 5388 3125 5388 1833 5388 3129 5389 1833 5389 1832 5389 3129 5390 1832 5390 3128 5390 3130 5391 3128 5391 1840 5391 3130 5392 1840 5392 1842 5392 3131 5393 1842 5393 1841 5393 3131 5394 1845 5394 1844 5394 3132 5395 3131 5395 1844 5395 3132 5396 1844 5396 1848 5396 3132 5397 1848 5397 1847 5397 1850 5398 3132 5398 1847 5398 3133 5399 1850 5399 1849 5399 3133 5400 1849 5400 3134 5400 1853 5401 3135 5401 3134 5401 1853 5402 3134 5402 1854 5402 3136 5403 1859 5403 1858 5403 3136 5404 1853 5404 1859 5404 3136 5405 3135 5405 1853 5405 3137 5406 1858 5406 1864 5406 3137 5407 3136 5407 1858 5407 3138 5408 3137 5408 1864 5408 3139 5409 3138 5409 1863 5409 3139 5410 1863 5410 3140 5410 3141 5411 1867 5411 1868 5411 3141 5412 3140 5412 1867 5412 3142 5413 1868 5413 1870 5413 3142 5414 3141 5414 1868 5414 3143 5415 1870 5415 1873 5415 3143 5416 1873 5416 3144 5416 3143 5417 3142 5417 1870 5417 3144 5418 3145 5418 3143 5418 3146 5419 3144 5419 1876 5419 3146 5420 3145 5420 3144 5420 3147 5421 3146 5421 1877 5421 3147 5422 1877 5422 1881 5422 3147 5423 1881 5423 3087 5423 2172 5424 1942 5424 3148 5424 1942 5425 3149 5425 3148 5425 3150 5426 2366 5426 3149 5426 3149 5427 2366 5427 3148 5427 3150 5428 3151 5428 2366 5428 3151 5429 3152 5429 2366 5429 2366 5430 2462 5430 3148 5430 2366 5431 2369 5431 2462 5431 2369 5432 2463 5432 2462 5432 2463 5433 3232 5433 3153 5433 2463 5434 3154 5434 3232 5434 2463 5435 3156 5435 3154 5435 3232 5436 3155 5436 3153 5436 3155 5437 3158 5437 3153 5437 2369 5438 3157 5438 2463 5438 2463 5439 3157 5439 3156 5439 2369 5440 3160 5440 3157 5440 3158 5441 3159 5441 3153 5441 3159 5442 3223 5442 3153 5442 2369 5443 3161 5443 3160 5443 2364 5444 3162 5444 3164 5444 2365 5445 3163 5445 2364 5445 2934 5446 3163 5446 2365 5446 2364 5447 3163 5447 3162 5447 2934 5448 3172 5448 3163 5448 2369 5449 2364 5449 3164 5449 2369 5450 3164 5450 3165 5450 2369 5451 3165 5451 3166 5451 2369 5452 3166 5452 3161 5452 2368 5453 2366 5453 3152 5453 2721 5454 2268 5454 2266 5454 2721 5455 2256 5455 2268 5455 2723 5456 2721 5456 2266 5456 2723 5457 2266 5457 2269 5457 2728 5458 2726 5458 3167 5458 2726 5459 2725 5459 3167 5459 2725 5460 2724 5460 3167 5460 3167 5461 2724 5461 3168 5461 2724 5462 2722 5462 3168 5462 3168 5463 2722 5463 3169 5463 3169 5464 2723 5464 3170 5464 2722 5465 2723 5465 3169 5465 3171 5466 3172 5466 2810 5466 2857 5467 3173 5467 2858 5467 2858 5468 3173 5468 2269 5468 2269 5469 3173 5469 2723 5469 3170 5470 3173 5470 3174 5470 2723 5471 3173 5471 3170 5471 2855 5472 3175 5472 2856 5472 2856 5473 3175 5473 2857 5473 3174 5474 3175 5474 3176 5474 3173 5475 3175 5475 3174 5475 2857 5476 3175 5476 3173 5476 3175 5477 3177 5477 3176 5477 2854 5478 3177 5478 2855 5478 2855 5479 3177 5479 3175 5479 3176 5480 3177 5480 3178 5480 2853 5481 3179 5481 2854 5481 3178 5482 3179 5482 3180 5482 3177 5483 3179 5483 3178 5483 2854 5484 3179 5484 3177 5484 3180 5485 2852 5485 3181 5485 2853 5486 2852 5486 3179 5486 3179 5487 2852 5487 3180 5487 2850 5488 3182 5488 2851 5488 2852 5489 3182 5489 3181 5489 3181 5490 3182 5490 3183 5490 3183 5491 3182 5491 3184 5491 2851 5492 3182 5492 2852 5492 2849 5493 3185 5493 2850 5493 2850 5494 3185 5494 3182 5494 3184 5495 3185 5495 3187 5495 3182 5496 3185 5496 3184 5496 2848 5497 3186 5497 2849 5497 3187 5498 3186 5498 3188 5498 2849 5499 3186 5499 3185 5499 3185 5500 3186 5500 3187 5500 2847 5501 3188 5501 2848 5501 2848 5502 3188 5502 3186 5502 2846 5503 3189 5503 2847 5503 3190 5504 3189 5504 3191 5504 2847 5505 3189 5505 3188 5505 3188 5506 3189 5506 3190 5506 2846 5507 3192 5507 3189 5507 3189 5508 3192 5508 3191 5508 3195 5509 3192 5509 2846 5509 3191 5510 3192 5510 3196 5510 3192 5511 3193 5511 3196 5511 3200 5512 3193 5512 3194 5512 3194 5513 3193 5513 3195 5513 3195 5514 3193 5514 3192 5514 3196 5515 3193 5515 3197 5515 3200 5516 3198 5516 3193 5516 3204 5517 3198 5517 3199 5517 3199 5518 3198 5518 3200 5518 3197 5519 3198 5519 3205 5519 3193 5520 3198 5520 3197 5520 3202 5521 3201 5521 3203 5521 3203 5522 3201 5522 3204 5522 3198 5523 3201 5523 3205 5523 3205 5524 3201 5524 3206 5524 3204 5525 3201 5525 3198 5525 3201 5526 3207 5526 3206 5526 3208 5527 3207 5527 3209 5527 3209 5528 3207 5528 3210 5528 3210 5529 3207 5529 3202 5529 3202 5530 3207 5530 3201 5530 3206 5531 3207 5531 3214 5531 3208 5532 3211 5532 3207 5532 3212 5533 3211 5533 3213 5533 3213 5534 3211 5534 3208 5534 3214 5535 3211 5535 3218 5535 3207 5536 3211 5536 3214 5536 3215 5537 3216 5537 3217 5537 3217 5538 3216 5538 3212 5538 3211 5539 3216 5539 3218 5539 3218 5540 3216 5540 3221 5540 3212 5541 3216 5541 3211 5541 3219 5542 3220 5542 3215 5542 3216 5543 3220 5543 3221 5543 3221 5544 3220 5544 3225 5544 3215 5545 3220 5545 3216 5545 3219 5546 3222 5546 3220 5546 3223 5547 3222 5547 3224 5547 3224 5548 3222 5548 3219 5548 3225 5549 3222 5549 3227 5549 3220 5550 3222 5550 3225 5550 3223 5551 3226 5551 3222 5551 3159 5552 3226 5552 3223 5552 3222 5553 3226 5553 3227 5553 3227 5554 3226 5554 3228 5554 3158 5555 3229 5555 3159 5555 3226 5556 3229 5556 3228 5556 3228 5557 3229 5557 3230 5557 3230 5558 3229 5558 3231 5558 3159 5559 3229 5559 3226 5559 3158 5560 3155 5560 3229 5560 3229 5561 3155 5561 3231 5561 3231 5562 3155 5562 3233 5562 3155 5563 3232 5563 3233 5563 3233 5564 3232 5564 3235 5564 3156 5565 3234 5565 3154 5565 3232 5566 3234 5566 3235 5566 3154 5567 3234 5567 3232 5567 3235 5568 3234 5568 3236 5568 3236 5569 3157 5569 3237 5569 3156 5570 3157 5570 3234 5570 3234 5571 3157 5571 3236 5571 3161 5572 3237 5572 3160 5572 3160 5573 3237 5573 3157 5573 3166 5574 3238 5574 3161 5574 3161 5575 3238 5575 3237 5575 3164 5576 3239 5576 3165 5576 3165 5577 3239 5577 3166 5577 3166 5578 3239 5578 3238 5578 3162 5579 3240 5579 3164 5579 3164 5580 3240 5580 3239 5580 3163 5581 3241 5581 3162 5581 3162 5582 3241 5582 3240 5582 3241 5583 3172 5583 3171 5583 3163 5584 3172 5584 3241 5584 3242 5585 2977 5585 3243 5585 2971 5586 2977 5586 3242 5586 3243 5587 2982 5587 3244 5587 2977 5588 2982 5588 3243 5588 3244 5589 2985 5589 3245 5589 2982 5590 2985 5590 3244 5590 3245 5591 2991 5591 3246 5591 2985 5592 2991 5592 3245 5592 3246 5593 2993 5593 3247 5593 2991 5594 2993 5594 3246 5594 3247 5595 3000 5595 3248 5595 2993 5596 3000 5596 3247 5596 3000 5597 3002 5597 3248 5597 3248 5598 3002 5598 3249 5598 3002 5599 3008 5599 3249 5599 3249 5600 3008 5600 3250 5600 3008 5601 3014 5601 3250 5601 3250 5602 3014 5602 3251 5602 3251 5603 3019 5603 3252 5603 3014 5604 3019 5604 3251 5604 3252 5605 3022 5605 3253 5605 3019 5606 3022 5606 3252 5606 3022 5607 3026 5607 3253 5607 3253 5608 3026 5608 3254 5608 3026 5609 3033 5609 3254 5609 3254 5610 3036 5610 3255 5610 3033 5611 3036 5611 3254 5611 3255 5612 3040 5612 3256 5612 3036 5613 3040 5613 3255 5613 3256 5614 3046 5614 3257 5614 3040 5615 3046 5615 3256 5615 3046 5616 3052 5616 3257 5616 3257 5617 3052 5617 3258 5617 3258 5618 3055 5618 3259 5618 3052 5619 3055 5619 3258 5619 3055 5620 3061 5620 3259 5620 3259 5621 3061 5621 3260 5621 3061 5622 3067 5622 3260 5622 3260 5623 3067 5623 3261 5623 3261 5624 3069 5624 3262 5624 3067 5625 3069 5625 3261 5625 3262 5626 3075 5626 3263 5626 3069 5627 3075 5627 3262 5627 3263 5628 3077 5628 3264 5628 3075 5629 3077 5629 3263 5629 3077 5630 3081 5630 3264 5630 3264 5631 3081 5631 3265 5631 3265 5632 3084 5632 3266 5632 3081 5633 3084 5633 3265 5633 3266 5634 3078 5634 3267 5634 3084 5635 3078 5635 3266 5635 3078 5636 3074 5636 3267 5636 3267 5637 3074 5637 3268 5637 3268 5638 3068 5638 3269 5638 3074 5639 3068 5639 3268 5639 3068 5640 3065 5640 3269 5640 3269 5641 3065 5641 3270 5641 3065 5642 3060 5642 3270 5642 3270 5643 3060 5643 3271 5643 3060 5644 3054 5644 3271 5644 3271 5645 3054 5645 3272 5645 3054 5646 3050 5646 3272 5646 3272 5647 3050 5647 3273 5647 3050 5648 3045 5648 3273 5648 3045 5649 3042 5649 3273 5649 3273 5650 3042 5650 3274 5650 3274 5651 3042 5651 3275 5651 3042 5652 3038 5652 3275 5652 3038 5653 3031 5653 3275 5653 3275 5654 3031 5654 3276 5654 3031 5655 3028 5655 3276 5655 3276 5656 3028 5656 3277 5656 3028 5657 3025 5657 3277 5657 3277 5658 3025 5658 3278 5658 3025 5659 3018 5659 3278 5659 3278 5660 3018 5660 3279 5660 3279 5661 3015 5661 3280 5661 3018 5662 3015 5662 3279 5662 3280 5663 3011 5663 3281 5663 3015 5664 3011 5664 3280 5664 3011 5665 3007 5665 3281 5665 3281 5666 3007 5666 3282 5666 3007 5667 2999 5667 3282 5667 3282 5668 2999 5668 3283 5668 2999 5669 2995 5669 3283 5669 3283 5670 2995 5670 3284 5670 2995 5671 2992 5671 3284 5671 2992 5672 2987 5672 3284 5672 3284 5673 2987 5673 3285 5673 2987 5674 2981 5674 3285 5674 3285 5675 2981 5675 3286 5675 2981 5676 2978 5676 3286 5676 2978 5677 2975 5677 3286 5677 3286 5678 2975 5678 3287 5678 3287 5679 2975 5679 3288 5679 2975 5680 2969 5680 3288 5680 3288 5681 2969 5681 3289 5681 2969 5682 2964 5682 3289 5682 3289 5683 2964 5683 3290 5683 2964 5684 2963 5684 3290 5684 3290 5685 2963 5685 3291 5685 3291 5686 2955 5686 3292 5686 2963 5687 2955 5687 3291 5687 2955 5688 2952 5688 3292 5688 3292 5689 2952 5689 3293 5689 3293 5690 2945 5690 3294 5690 2952 5691 2945 5691 3293 5691 2945 5692 2944 5692 3294 5692 3294 5693 2939 5693 3295 5693 2944 5694 2939 5694 3294 5694 2939 5695 2936 5695 3295 5695 3295 5696 2936 5696 3296 5696 3296 5697 2940 5697 3297 5697 2936 5698 2940 5698 3296 5698 2940 5699 2947 5699 3297 5699 3297 5700 2947 5700 3298 5700 2947 5701 2950 5701 3298 5701 3298 5702 2950 5702 3299 5702 3299 5703 2956 5703 3300 5703 2950 5704 2956 5704 3299 5704 3300 5705 2959 5705 3301 5705 2956 5706 2959 5706 3300 5706 2959 5707 2961 5707 3301 5707 3301 5708 2966 5708 3302 5708 2961 5709 2966 5709 3301 5709 2966 5710 2971 5710 3302 5710 3302 5711 2971 5711 3242 5711 2290 5712 2259 5712 1936 5712 2290 5713 1936 5713 918 5713 850 5714 849 5714 2290 5714 922 5715 2290 5715 918 5715 922 5716 850 5716 2290 5716 3303 5717 3048 5717 3304 5717 3048 5718 3051 5718 3304 5718 3304 5719 3051 5719 3305 5719 3306 5720 3057 5720 3307 5720 3305 5721 3057 5721 3306 5721 3051 5722 3057 5722 3305 5722 3057 5723 3058 5723 3307 5723 3308 5724 3063 5724 3309 5724 3307 5725 3063 5725 3308 5725 3058 5726 3063 5726 3307 5726 3063 5727 3066 5727 3309 5727 3310 5728 3072 5728 3311 5728 3309 5729 3072 5729 3310 5729 3066 5730 3072 5730 3309 5730 3072 5731 3071 5731 3311 5731 3311 5732 3071 5732 3312 5732 3071 5733 3079 5733 3312 5733 3079 5734 3083 5734 3312 5734 3312 5735 3083 5735 3313 5735 3313 5736 3083 5736 3314 5736 3083 5737 3082 5737 3314 5737 3314 5738 3082 5738 3315 5738 3082 5739 3080 5739 3315 5739 3315 5740 3080 5740 3316 5740 3316 5741 3076 5741 3317 5741 3080 5742 3076 5742 3316 5742 3317 5743 3073 5743 3318 5743 3076 5744 3073 5744 3317 5744 3318 5745 3070 5745 3319 5745 3073 5746 3070 5746 3318 5746 3319 5747 3064 5747 3320 5747 3070 5748 3064 5748 3319 5748 3320 5749 3064 5749 3321 5749 3064 5750 3062 5750 3321 5750 3321 5751 3059 5751 3322 5751 3062 5752 3059 5752 3321 5752 3322 5753 3056 5753 3323 5753 3059 5754 3056 5754 3322 5754 3323 5755 3053 5755 3324 5755 3056 5756 3053 5756 3323 5756 3053 5757 3049 5757 3324 5757 3324 5758 3047 5758 3325 5758 3049 5759 3047 5759 3324 5759 3325 5760 3044 5760 3326 5760 3047 5761 3044 5761 3325 5761 3044 5762 3041 5762 3326 5762 3326 5763 3041 5763 3327 5763 3041 5764 3037 5764 3327 5764 3037 5765 3034 5765 3327 5765 3328 5766 3034 5766 3329 5766 3327 5767 3034 5767 3328 5767 3034 5768 3030 5768 3329 5768 3329 5769 3027 5769 3330 5769 3030 5770 3027 5770 3329 5770 3330 5771 3023 5771 3331 5771 3027 5772 3023 5772 3330 5772 3331 5773 3020 5773 3332 5773 3023 5774 3020 5774 3331 5774 3332 5775 3016 5775 3333 5775 3020 5776 3016 5776 3332 5776 3333 5777 3016 5777 3334 5777 3016 5778 3010 5778 3334 5778 3334 5779 3010 5779 3335 5779 3335 5780 3005 5780 3336 5780 3010 5781 3005 5781 3335 5781 3336 5782 3005 5782 3337 5782 3005 5783 3003 5783 3337 5783 3337 5784 3001 5784 3338 5784 3003 5785 3001 5785 3337 5785 3338 5786 2997 5786 3339 5786 3001 5787 2997 5787 3338 5787 3339 5788 2997 5788 3340 5788 2997 5789 2996 5789 3340 5789 2996 5790 2990 5790 3340 5790 3340 5791 2990 5791 3341 5791 3341 5792 2990 5792 3342 5792 2990 5793 2988 5793 3342 5793 2988 5794 2984 5794 3342 5794 3342 5795 2984 5795 3343 5795 2984 5796 2979 5796 3343 5796 3343 5797 2979 5797 3344 5797 2979 5798 2976 5798 3344 5798 3344 5799 2976 5799 3345 5799 3345 5800 2976 5800 3346 5800 2976 5801 2973 5801 3346 5801 2973 5802 2970 5802 3346 5802 3346 5803 2970 5803 3347 5803 2970 5804 2968 5804 3347 5804 3347 5805 2968 5805 3348 5805 2968 5806 2965 5806 3348 5806 3348 5807 2965 5807 3349 5807 2965 5808 2960 5808 3349 5808 2960 5809 2958 5809 3349 5809 3349 5810 2958 5810 3350 5810 2958 5811 2953 5811 3350 5811 3350 5812 2953 5812 3351 5812 2953 5813 2949 5813 3351 5813 3351 5814 2949 5814 3352 5814 2949 5815 2946 5815 3352 5815 3352 5816 2946 5816 3353 5816 2946 5817 2942 5817 3353 5817 3353 5818 2942 5818 3354 5818 3354 5819 2942 5819 3355 5819 2942 5820 2938 5820 3355 5820 3355 5821 2938 5821 3356 5821 2938 5822 2935 5822 3356 5822 3356 5823 2935 5823 3357 5823 3357 5824 2937 5824 3358 5824 2935 5825 2937 5825 3357 5825 2937 5826 2941 5826 3358 5826 3358 5827 2941 5827 3359 5827 3359 5828 2941 5828 3360 5828 2941 5829 2943 5829 3360 5829 3360 5830 2948 5830 3361 5830 2943 5831 2948 5831 3360 5831 3361 5832 2951 5832 3362 5832 2948 5833 2951 5833 3361 5833 3362 5834 2951 5834 3363 5834 2951 5835 2954 5835 3363 5835 2954 5836 2957 5836 3363 5836 3363 5837 2957 5837 3364 5837 2957 5838 2962 5838 3364 5838 3364 5839 2962 5839 3365 5839 3365 5840 2962 5840 3366 5840 2962 5841 2967 5841 3366 5841 3366 5842 2967 5842 3367 5842 2967 5843 2972 5843 3367 5843 3367 5844 2972 5844 3368 5844 3368 5845 2972 5845 3369 5845 2972 5846 2974 5846 3369 5846 3369 5847 2974 5847 3370 5847 2974 5848 2980 5848 3370 5848 3370 5849 2980 5849 3371 5849 2980 5850 2983 5850 3371 5850 3371 5851 2983 5851 3372 5851 3372 5852 2986 5852 3373 5852 2983 5853 2986 5853 3372 5853 2986 5854 2989 5854 3373 5854 3373 5855 2989 5855 3374 5855 2989 5856 2994 5856 3374 5856 3374 5857 2994 5857 3375 5857 3375 5858 2998 5858 3376 5858 2994 5859 2998 5859 3375 5859 3376 5860 3004 5860 3377 5860 2998 5861 3004 5861 3376 5861 3378 5862 3006 5862 3379 5862 3377 5863 3006 5863 3378 5863 3004 5864 3006 5864 3377 5864 3006 5865 3009 5865 3379 5865 3379 5866 3012 5866 3380 5866 3009 5867 3012 5867 3379 5867 3012 5868 3013 5868 3380 5868 3380 5869 3013 5869 3381 5869 3013 5870 3017 5870 3381 5870 3381 5871 3017 5871 3382 5871 3382 5872 3017 5872 3383 5872 3017 5873 3021 5873 3383 5873 3383 5874 3021 5874 3384 5874 3021 5875 3024 5875 3384 5875 3024 5876 3029 5876 3384 5876 3385 5877 3029 5877 3386 5877 3384 5878 3029 5878 3385 5878 3029 5879 3032 5879 3386 5879 3386 5880 3035 5880 3387 5880 3032 5881 3035 5881 3386 5881 3387 5882 3035 5882 3388 5882 3035 5883 3039 5883 3388 5883 3388 5884 3039 5884 3389 5884 3389 5885 3043 5885 3390 5885 3039 5886 3043 5886 3389 5886 3390 5887 3048 5887 3303 5887 3043 5888 3048 5888 3390 5888 2318 5889 2773 5889 2776 5889 2318 5890 2770 5890 2773 5890 2318 5891 2776 5891 2777 5891 2768 5892 2770 5892 2318 5892 3391 5893 2768 5893 2318 5893 3394 5894 3392 5894 3393 5894 3394 5895 3393 5895 3391 5895 3395 5896 3396 5896 3576 5896 3391 5897 3576 5897 3396 5897 3391 5898 3396 5898 3397 5898 3391 5899 3397 5899 3394 5899 2808 5900 2031 5900 3398 5900 3398 5901 2030 5901 3399 5901 2031 5902 2030 5902 3398 5902 2030 5903 2037 5903 3399 5903 2037 5904 2038 5904 3399 5904 3399 5905 2038 5905 3400 5905 2038 5906 2039 5906 3400 5906 2039 5907 2046 5907 3400 5907 3400 5908 2046 5908 3401 5908 2046 5909 2047 5909 3401 5909 3401 5910 2047 5910 3402 5910 2047 5911 2048 5911 3402 5911 3402 5912 2048 5912 3403 5912 2048 5913 2052 5913 3403 5913 3403 5914 2052 5914 3404 5914 2052 5915 2056 5915 3404 5915 3404 5916 2057 5916 3405 5916 2056 5917 2057 5917 3404 5917 2057 5918 2061 5918 3405 5918 3405 5919 2061 5919 3406 5919 2061 5920 2065 5920 3406 5920 3406 5921 2065 5921 3407 5921 2065 5922 2066 5922 3407 5922 3407 5923 2070 5923 3408 5923 2066 5924 2070 5924 3407 5924 2070 5925 2071 5925 3408 5925 3408 5926 2071 5926 3409 5926 2071 5927 2076 5927 3409 5927 2076 5928 1943 5928 3409 5928 3409 5929 1943 5929 3410 5929 1943 5930 1946 5930 3410 5930 3410 5931 1946 5931 3411 5931 1946 5932 2729 5932 3411 5932 3411 5933 2729 5933 3412 5933 3235 5934 3111 5934 3233 5934 3236 5935 3111 5935 3235 5935 3111 5936 1866 5936 3233 5936 1866 5937 3113 5937 3233 5937 3233 5938 3113 5938 3231 5938 3237 5939 3110 5939 3236 5939 3236 5940 3110 5940 3111 5940 3231 5941 3113 5941 3230 5941 3238 5942 3110 5942 3237 5942 3230 5943 3114 5943 3228 5943 3113 5944 3114 5944 3230 5944 3238 5945 3109 5945 3110 5945 3114 5946 3115 5946 3228 5946 3228 5947 3115 5947 3227 5947 3239 5948 3108 5948 3238 5948 3238 5949 3108 5949 3109 5949 3227 5950 3115 5950 3225 5950 3240 5951 3108 5951 3239 5951 3115 5952 3116 5952 3225 5952 3240 5953 3107 5953 3108 5953 3225 5954 3116 5954 3221 5954 3241 5955 3106 5955 3240 5955 3240 5956 3106 5956 3107 5956 3221 5957 3116 5957 3218 5957 3171 5958 3106 5958 3241 5958 3116 5959 3117 5959 3218 5959 3171 5960 3105 5960 3106 5960 3218 5961 3118 5961 3214 5961 3117 5962 3118 5962 3218 5962 2810 5963 3105 5963 3171 5963 3214 5964 3118 5964 3206 5964 2810 5965 3103 5965 3105 5965 2811 5966 3103 5966 2810 5966 3206 5967 3120 5967 3205 5967 3118 5968 3120 5968 3206 5968 2816 5969 3103 5969 2811 5969 2816 5970 3102 5970 3103 5970 2821 5971 3102 5971 2816 5971 3205 5972 3120 5972 3197 5972 2821 5973 3101 5973 3102 5973 3197 5974 3121 5974 3196 5974 3120 5975 3121 5975 3197 5975 2821 5976 2825 5976 3101 5976 2825 5977 3100 5977 3101 5977 2825 5978 2828 5978 3100 5978 3121 5979 3191 5979 3196 5979 3121 5980 3122 5980 3191 5980 3122 5981 3190 5981 3191 5981 2828 5982 2780 5982 3100 5982 2780 5983 3099 5983 3100 5983 3122 5984 3124 5984 3190 5984 2780 5985 2781 5985 3099 5985 2781 5986 3097 5986 3099 5986 2781 5987 2783 5987 3097 5987 2783 5988 2785 5988 3097 5988 3124 5989 3188 5989 3190 5989 2787 5990 3097 5990 2785 5990 3124 5991 3126 5991 3188 5991 3126 5992 3187 5992 3188 5992 2787 5993 2789 5993 3097 5993 2789 5994 3096 5994 3097 5994 2789 5995 2791 5995 3096 5995 2791 5996 3095 5996 3096 5996 2791 5997 2793 5997 3095 5997 2793 5998 2795 5998 3095 5998 3126 5999 3184 5999 3187 5999 3126 6000 3127 6000 3184 6000 2795 6001 2797 6001 3095 6001 3127 6002 3183 6002 3184 6002 2797 6003 2799 6003 3095 6003 2799 6004 3093 6004 3095 6004 3127 6005 3129 6005 3183 6005 3129 6006 3181 6006 3183 6006 2799 6007 2801 6007 3093 6007 2801 6008 1892 6008 3093 6008 2801 6009 2803 6009 1892 6009 2803 6010 2805 6010 1892 6010 3129 6011 3180 6011 3181 6011 3129 6012 3128 6012 3180 6012 2805 6013 2806 6013 1892 6013 2806 6014 3092 6014 1892 6014 3128 6015 3130 6015 3180 6015 3130 6016 3178 6016 3180 6016 2806 6017 2808 6017 3092 6017 2808 6018 3091 6018 3092 6018 2808 6019 3398 6019 3091 6019 3130 6020 3176 6020 3178 6020 3398 6021 3090 6021 3091 6021 3130 6022 1842 6022 3176 6022 3398 6023 3399 6023 3090 6023 3090 6024 3399 6024 3089 6024 1842 6025 3174 6025 3176 6025 3131 6026 3174 6026 1842 6026 3399 6027 3400 6027 3089 6027 3131 6028 3170 6028 3174 6028 3089 6029 3400 6029 3088 6029 3132 6030 3170 6030 3131 6030 3132 6031 3169 6031 3170 6031 3088 6032 3401 6032 3087 6032 3400 6033 3401 6033 3088 6033 3401 6034 3402 6034 3087 6034 1850 6035 3168 6035 3132 6035 3132 6036 3168 6036 3169 6036 3402 6037 3403 6037 3087 6037 3087 6038 3403 6038 3147 6038 3133 6039 3168 6039 1850 6039 3147 6040 3403 6040 3146 6040 3133 6041 3167 6041 3168 6041 3403 6042 3404 6042 3146 6042 3133 6043 2728 6043 3167 6043 3134 6044 2728 6044 3133 6044 3146 6045 3404 6045 3145 6045 3404 6046 3405 6046 3145 6046 3405 6047 3406 6047 3145 6047 3145 6048 3406 6048 3143 6048 3143 6049 3407 6049 3142 6049 3406 6050 3407 6050 3143 6050 3142 6051 3407 6051 3141 6051 3407 6052 3408 6052 3141 6052 3408 6053 3409 6053 3141 6053 3141 6054 3409 6054 3140 6054 3136 6055 3412 6055 3135 6055 3135 6056 2728 6056 3134 6056 3412 6057 2728 6057 3135 6057 3137 6058 3412 6058 3136 6058 3409 6059 3410 6059 3140 6059 3137 6060 3411 6060 3412 6060 3140 6061 3410 6061 3139 6061 3138 6062 3411 6062 3137 6062 3139 6063 3411 6063 3138 6063 3410 6064 3411 6064 3139 6064 1945 6065 2730 6065 1947 6065 1944 6066 2730 6066 1945 6066 2260 6067 2259 6067 2246 6067 2294 6068 842 6068 874 6068 2229 6069 2294 6069 874 6069 2287 6070 2924 6070 2923 6070 2236 6071 2287 6071 2923 6071 2236 6072 2915 6072 2914 6072 2236 6073 2918 6073 2915 6073 2236 6074 2919 6074 2918 6074 2236 6075 2921 6075 2919 6075 2236 6076 2923 6076 2921 6076 2237 6077 2236 6077 2914 6077 2237 6078 2907 6078 2905 6078 2237 6079 2910 6079 2907 6079 2237 6080 2911 6080 2910 6080 2237 6081 2914 6081 2911 6081 2903 6082 2237 6082 2905 6082 2182 6083 2901 6083 2899 6083 2182 6084 2903 6084 2901 6084 2182 6085 2237 6085 2903 6085 2182 6086 2895 6086 2893 6086 2182 6087 2897 6087 2895 6087 2182 6088 2899 6088 2897 6088 2200 6089 2891 6089 2888 6089 2200 6090 2893 6090 2891 6090 2200 6091 2182 6091 2893 6091 2886 6092 2200 6092 2888 6092 2884 6093 2200 6093 2886 6093 2200 6094 2881 6094 2879 6094 2200 6095 2883 6095 2881 6095 2200 6096 2884 6096 2883 6096 2877 6097 2200 6097 2879 6097 2875 6098 2200 6098 2877 6098 2203 6099 2871 6099 2869 6099 2203 6100 2873 6100 2871 6100 2203 6101 2875 6101 2873 6101 2203 6102 2200 6102 2875 6102 2867 6103 2203 6103 2869 6103 2865 6104 2203 6104 2867 6104 2204 6105 2860 6105 2859 6105 2204 6106 2863 6106 2860 6106 2204 6107 2865 6107 2863 6107 2204 6108 2203 6108 2865 6108 3413 6109 2204 6109 2859 6109 2209 6110 3413 6110 3414 6110 2194 6111 2209 6111 3414 6111 2718 6112 2702 6112 2706 6112 2702 6113 2701 6113 2706 6113 2706 6114 2701 6114 2707 6114 2707 6115 2701 6115 2708 6115 2701 6116 2710 6116 2708 6116 2710 6117 2700 6117 2711 6117 2711 6118 2700 6118 2712 6118 2712 6119 2700 6119 2713 6119 2700 6120 2705 6120 2713 6120 2713 6121 2705 6121 2714 6121 2714 6122 2705 6122 2715 6122 2715 6123 2703 6123 2716 6123 2717 6124 2703 6124 2702 6124 3415 6125 855 6125 3416 6125 3416 6126 855 6126 3417 6126 3417 6127 855 6127 2165 6127 3418 6128 854 6128 3419 6128 3419 6129 854 6129 3420 6129 3420 6130 854 6130 3421 6130 3421 6131 854 6131 3422 6131 3422 6132 854 6132 3415 6132 3415 6133 854 6133 855 6133 931 6134 2720 6134 2719 6134 931 6135 2719 6135 1938 6135 931 6136 1938 6136 1937 6136 932 6137 931 6137 1937 6137 2073 6138 1937 6138 2727 6138 2073 6139 932 6139 1937 6139 1831 6140 919 6140 1830 6140 1829 6141 1830 6141 919 6141 923 6142 1831 6142 1823 6142 923 6143 919 6143 1831 6143 1824 6144 923 6144 1823 6144 1825 6145 923 6145 1824 6145 926 6146 1828 6146 1829 6146 926 6147 1829 6147 919 6147 928 6148 1827 6148 1828 6148 928 6149 1826 6149 1827 6149 928 6150 1825 6150 1826 6150 928 6151 1828 6151 926 6151 928 6152 923 6152 1825 6152 2694 6153 2546 6153 2603 6153 3423 6154 3424 6154 2694 6154 2694 6155 3424 6155 2546 6155 3085 6156 3425 6156 3086 6156 3086 6157 3425 6157 3426 6157 3426 6158 3427 6158 3428 6158 3425 6159 3427 6159 3426 6159 3427 6160 3429 6160 3428 6160 3428 6161 3429 6161 3430 6161 3430 6162 3431 6162 3432 6162 3429 6163 3431 6163 3430 6163 3432 6164 3433 6164 3434 6164 3431 6165 3433 6165 3432 6165 3433 6166 3435 6166 3434 6166 3434 6167 3435 6167 3436 6167 3436 6168 3437 6168 3438 6168 3435 6169 3437 6169 3436 6169 3438 6170 3439 6170 3440 6170 3437 6171 3439 6171 3438 6171 3439 6172 3441 6172 3440 6172 3440 6173 3441 6173 3442 6173 3441 6174 3443 6174 3442 6174 3442 6175 3443 6175 3444 6175 3443 6176 3445 6176 3444 6176 3444 6177 3445 6177 3446 6177 3445 6178 3447 6178 3446 6178 3446 6179 3447 6179 3448 6179 3447 6180 3449 6180 3448 6180 3448 6181 3449 6181 3450 6181 3449 6182 3451 6182 3450 6182 3450 6183 3451 6183 3459 6183 3459 6184 3451 6184 3452 6184 3451 6185 3453 6185 3452 6185 3453 6186 3454 6186 3452 6186 3453 6187 3455 6187 3454 6187 2586 6188 3426 6188 3428 6188 2586 6189 3428 6189 3430 6189 2586 6190 3430 6190 3432 6190 2586 6191 3432 6191 3434 6191 2587 6192 3434 6192 3436 6192 2587 6193 2586 6193 3434 6193 2587 6194 3436 6194 3438 6194 2588 6195 3438 6195 3440 6195 2588 6196 2587 6196 3438 6196 3456 6197 3440 6197 3442 6197 3456 6198 2588 6198 3440 6198 3457 6199 3442 6199 3444 6199 3457 6200 3444 6200 3446 6200 3457 6201 3456 6201 3442 6201 3458 6202 3457 6202 3446 6202 3448 6203 3458 6203 3446 6203 3459 6204 3448 6204 3450 6204 3459 6205 3458 6205 3448 6205 2586 6206 3086 6206 3426 6206 3460 6207 3461 6207 3462 6207 3462 6208 3461 6208 3463 6208 3463 6209 3464 6209 3465 6209 3461 6210 3464 6210 3463 6210 3465 6211 3466 6211 3467 6211 3464 6212 3466 6212 3465 6212 3466 6213 3468 6213 3467 6213 3467 6214 3468 6214 3469 6214 3468 6215 3470 6215 3469 6215 3470 6216 3471 6216 3469 6216 3470 6217 3472 6217 3471 6217 3472 6218 3473 6218 3471 6218 3472 6219 3474 6219 3473 6219 3474 6220 3475 6220 3473 6220 3474 6221 3476 6221 3475 6221 3476 6222 3477 6222 3475 6222 3476 6223 3478 6223 3477 6223 3478 6224 3479 6224 3477 6224 3478 6225 3480 6225 3479 6225 3480 6226 3481 6226 3479 6226 3480 6227 3483 6227 3481 6227 3483 6228 3482 6228 3481 6228 3483 6229 3484 6229 3482 6229 3483 6230 3455 6230 3484 6230 3455 6231 3485 6231 3484 6231 3455 6232 3453 6232 3485 6232 3453 6233 3486 6233 3485 6233 3451 6234 3486 6234 3453 6234 3451 6235 3487 6235 3486 6235 3451 6236 3449 6236 3487 6236 3449 6237 3447 6237 3487 6237 3447 6238 3488 6238 3487 6238 3447 6239 3445 6239 3488 6239 3445 6240 3489 6240 3488 6240 3445 6241 3443 6241 3489 6241 3443 6242 3441 6242 3489 6242 3441 6243 3490 6243 3489 6243 3441 6244 3439 6244 3490 6244 3439 6245 3437 6245 3490 6245 3437 6246 3435 6246 3490 6246 3490 6247 3435 6247 3491 6247 3435 6248 3433 6248 3491 6248 3433 6249 3431 6249 3491 6249 3431 6250 3429 6250 3491 6250 3429 6251 3427 6251 3491 6251 3427 6252 3425 6252 3491 6252 3425 6253 3492 6253 3491 6253 3425 6254 2353 6254 3492 6254 2354 6255 2353 6255 3085 6255 3085 6256 2353 6256 3425 6256 2353 6257 2355 6257 3492 6257 3414 6258 3413 6258 2360 6258 2355 6259 2356 6259 3492 6259 3492 6260 2356 6260 2861 6260 2360 6261 3413 6261 2361 6261 2356 6262 2859 6262 2861 6262 3413 6263 2859 6263 2361 6263 2361 6264 2859 6264 2356 6264 3483 6265 3454 6265 3455 6265 3483 6266 3480 6266 3454 6266 3480 6267 3478 6267 3454 6267 3478 6268 3476 6268 3454 6268 3460 6269 3493 6269 3461 6269 3493 6270 3494 6270 3461 6270 3461 6271 3494 6271 3464 6271 3464 6272 2512 6272 3466 6272 3464 6273 2513 6273 2512 6273 3494 6274 2516 6274 3464 6274 3464 6275 2516 6275 2513 6275 3474 6276 2595 6276 3476 6276 3472 6277 2595 6277 3474 6277 3470 6278 2595 6278 3472 6278 3468 6279 2595 6279 3470 6279 3466 6280 2595 6280 3468 6280 3476 6281 2595 6281 3454 6281 2512 6282 2595 6282 3466 6282 3495 6283 2516 6283 3494 6283 3496 6284 2518 6284 3495 6284 3495 6285 2518 6285 2516 6285 3497 6286 2520 6286 3496 6286 3496 6287 2520 6287 2518 6287 3498 6288 2521 6288 3497 6288 3497 6289 2521 6289 2520 6289 3498 6290 3499 6290 2521 6290 2532 6291 2525 6291 2699 6291 2699 6292 2594 6292 2596 6292 2525 6293 2594 6293 2699 6293 2582 6294 2588 6294 3424 6294 2588 6295 3456 6295 3424 6295 3424 6296 3457 6296 2546 6296 3456 6297 3457 6297 3424 6297 3457 6298 2545 6298 2546 6298 3457 6299 3458 6299 2545 6299 3458 6300 3459 6300 2545 6300 2595 6301 2594 6301 3454 6301 3452 6302 2524 6302 3459 6302 3454 6303 2524 6303 3452 6303 2525 6304 2524 6304 2594 6304 2594 6305 2524 6305 3454 6305 3459 6306 2524 6306 2545 6306 2698 6307 2493 6307 2494 6307 2698 6308 2489 6308 2493 6308 2698 6309 2488 6309 2489 6309 2698 6310 2699 6310 2488 6310 2699 6311 2487 6311 2488 6311 2699 6312 2596 6312 2487 6312 2596 6313 2597 6313 2487 6313 2514 6314 2485 6314 2597 6314 2597 6315 2485 6315 2487 6315 2514 6316 2515 6316 2485 6316 2515 6317 2517 6317 2485 6317 2517 6318 2482 6318 2485 6318 2517 6319 2519 6319 2482 6319 2522 6320 2482 6320 2519 6320 2522 6321 2523 6321 2482 6321 3500 6322 2484 6322 2523 6322 2523 6323 2484 6323 2482 6323 3502 6324 2484 6324 3501 6324 3501 6325 2484 6325 3500 6325 3502 6326 3503 6326 2484 6326 3504 6327 2484 6327 3503 6327 3504 6328 3505 6328 2484 6328 3505 6329 3506 6329 2484 6329 3506 6330 2483 6330 2484 6330 3506 6331 3507 6331 2483 6331 3507 6332 3508 6332 2483 6332 2572 6333 2569 6333 1903 6333 2573 6334 2572 6334 1903 6334 2573 6335 1903 6335 1902 6335 2575 6336 2573 6336 1902 6336 2575 6337 1902 6337 1904 6337 2577 6338 2575 6338 1904 6338 2577 6339 1904 6339 1920 6339 2577 6340 1920 6340 1921 6340 2579 6341 2577 6341 1921 6341 2580 6342 2579 6342 2467 6342 2580 6343 2467 6343 2466 6343 2578 6344 2580 6344 2466 6344 2578 6345 2466 6345 2481 6345 2576 6346 2578 6346 2481 6346 2576 6347 2481 6347 2483 6347 2574 6348 2483 6348 3508 6348 2574 6349 2576 6349 2483 6349 2571 6350 2574 6350 3508 6350 2571 6351 3508 6351 3507 6351 2570 6352 2571 6352 3507 6352 2570 6353 3507 6353 3506 6353 2568 6354 2570 6354 3506 6354 2568 6355 3506 6355 3505 6355 2566 6356 2568 6356 3505 6356 2564 6357 3505 6357 3504 6357 2564 6358 2566 6358 3505 6358 2564 6359 3504 6359 3503 6359 2562 6360 2564 6360 3503 6360 2562 6361 3503 6361 3502 6361 2559 6362 2562 6362 3502 6362 2559 6363 3502 6363 3501 6363 2559 6364 3501 6364 3500 6364 2557 6365 2559 6365 3500 6365 2556 6366 2557 6366 3499 6366 2556 6367 3499 6367 3498 6367 2554 6368 2556 6368 3498 6368 2554 6369 3498 6369 3497 6369 2551 6370 2554 6370 3497 6370 2549 6371 2551 6371 3497 6371 2549 6372 3497 6372 3496 6372 2549 6373 3496 6373 3495 6373 2547 6374 2549 6374 3495 6374 2547 6375 3495 6375 3494 6375 2548 6376 2547 6376 3494 6376 2548 6377 3494 6377 3493 6377 2550 6378 2548 6378 3493 6378 3509 6379 3460 6379 3462 6379 2550 6380 3493 6380 3460 6380 2552 6381 3460 6381 3509 6381 2552 6382 2550 6382 3460 6382 2553 6383 2552 6383 3509 6383 2553 6384 3509 6384 3510 6384 2555 6385 2553 6385 3510 6385 2555 6386 3510 6386 3511 6386 2558 6387 3511 6387 3512 6387 2558 6388 2555 6388 3511 6388 2560 6389 3512 6389 3513 6389 2560 6390 2558 6390 3512 6390 2561 6391 2560 6391 3513 6391 2561 6392 3513 6392 3514 6392 2563 6393 2561 6393 3514 6393 2563 6394 3514 6394 3515 6394 2565 6395 2563 6395 3515 6395 2565 6396 3515 6396 3516 6396 2567 6397 2565 6397 3516 6397 2567 6398 3516 6398 3517 6398 2569 6399 2567 6399 3517 6399 2569 6400 3517 6400 1903 6400 3518 6401 3526 6401 3527 6401 3423 6402 3526 6402 3518 6402 3423 6403 3523 6403 3526 6403 2694 6404 3523 6404 3423 6404 2696 6405 3521 6405 2694 6405 2694 6406 3521 6406 3523 6406 2696 6407 2465 6407 3521 6407 3520 6408 3519 6408 3528 6408 3520 6409 3528 6409 3529 6409 3522 6410 3520 6410 3529 6410 3520 6411 3521 6411 2465 6411 3522 6412 3529 6412 3530 6412 3521 6413 3520 6413 3522 6413 3523 6414 3522 6414 3530 6414 3523 6415 3530 6415 3531 6415 3523 6416 3521 6416 3522 6416 3526 6417 3523 6417 3531 6417 3526 6418 3531 6418 3532 6418 3524 6419 3526 6419 3532 6419 3526 6420 3524 6420 3525 6420 3526 6421 3525 6421 3533 6421 3527 6422 3526 6422 3533 6422 3527 6423 3533 6423 3534 6423 3527 6424 3534 6424 3535 6424 3535 6425 3534 6425 3536 6425 3539 6426 3535 6426 3536 6426 3539 6427 3536 6427 3537 6427 3539 6428 3537 6428 3538 6428 3541 6429 3539 6429 3538 6429 3540 6430 3541 6430 3538 6430 3571 6431 3541 6431 3540 6431 3542 6432 3541 6432 3571 6432 3541 6433 2589 6433 3539 6433 3542 6434 2589 6434 3541 6434 2589 6435 3535 6435 3539 6435 2589 6436 3527 6436 3535 6436 3527 6437 2582 6437 3518 6437 3518 6438 2582 6438 3423 6438 2589 6439 2582 6439 3527 6439 2582 6440 3424 6440 3423 6440 3195 6441 2262 6441 2243 6441 3195 6442 2846 6442 2262 6442 3194 6443 2243 6443 2245 6443 3194 6444 3195 6444 2243 6444 3200 6445 3194 6445 2245 6445 3148 6446 2462 6446 2464 6446 3199 6447 3200 6447 2245 6447 3204 6448 2245 6448 2248 6448 3204 6449 3199 6449 2245 6449 3543 6450 3224 6450 3219 6450 3543 6451 3219 6451 3215 6451 3203 6452 3204 6452 2248 6452 3202 6453 3203 6453 2248 6453 3202 6454 2248 6454 2249 6454 3210 6455 3202 6455 2249 6455 3209 6456 3210 6456 2249 6456 3544 6457 3148 6457 2464 6457 3544 6458 2464 6458 2440 6458 3545 6459 3217 6459 3212 6459 3545 6460 3212 6460 3213 6460 3545 6461 3213 6461 3208 6461 3545 6462 3208 6462 3209 6462 3546 6463 3544 6463 2440 6463 3546 6464 2440 6464 2439 6464 3546 6465 2439 6465 2441 6465 3546 6466 2441 6466 2442 6466 2459 6467 2249 6467 2250 6467 2459 6468 2250 6468 2251 6468 2459 6469 3209 6469 2249 6469 2459 6470 3545 6470 3209 6470 2458 6471 2251 6471 2252 6471 2458 6472 2252 6472 2254 6472 2458 6473 2459 6473 2251 6473 3547 6474 2444 6474 2445 6474 3547 6475 2445 6475 2446 6475 3547 6476 2442 6476 2443 6476 3547 6477 3546 6477 2442 6477 3547 6478 2443 6478 2444 6478 2456 6479 2254 6479 2255 6479 2456 6480 2255 6480 2214 6480 2456 6481 2458 6481 2254 6481 3548 6482 2446 6482 2447 6482 3548 6483 3547 6483 2446 6483 3548 6484 2447 6484 2448 6484 3548 6485 2448 6485 2449 6485 2455 6486 2214 6486 2215 6486 2455 6487 2456 6487 2214 6487 3549 6488 3548 6488 2449 6488 2454 6489 2215 6489 2213 6489 2454 6490 2455 6490 2215 6490 3550 6491 3549 6491 3551 6491 2453 6492 2218 6492 2222 6492 2450 6493 2222 6493 2224 6493 2450 6494 2453 6494 2222 6494 3552 6495 3553 6495 3554 6495 2226 6496 2451 6496 2450 6496 2226 6497 2450 6497 2224 6497 3555 6498 3552 6498 2451 6498 3556 6499 2226 6499 2228 6499 3556 6500 2451 6500 2226 6500 3556 6501 3555 6501 2451 6501 3557 6502 2228 6502 2231 6502 3557 6503 3556 6503 2228 6503 2589 6504 3557 6504 2231 6504 2589 6505 2231 6505 2234 6505 3542 6506 3557 6506 2589 6506 3571 6507 3557 6507 3542 6507 2590 6508 2589 6508 2234 6508 2590 6509 2234 6509 2240 6509 2591 6510 2590 6510 2240 6510 2591 6511 2240 6511 2176 6511 2592 6512 2591 6512 2176 6512 3559 6513 3558 6513 3540 6513 3559 6514 3540 6514 3538 6514 3560 6515 3559 6515 3538 6515 3560 6516 3538 6516 3537 6516 3561 6517 3560 6517 3537 6517 3561 6518 3537 6518 3536 6518 3562 6519 3536 6519 3534 6519 3562 6520 3561 6520 3536 6520 3563 6521 3534 6521 3533 6521 3563 6522 3562 6522 3534 6522 3564 6523 3563 6523 3533 6523 3564 6524 3533 6524 3525 6524 3565 6525 3525 6525 3524 6525 3565 6526 3564 6526 3525 6526 3565 6527 3524 6527 3532 6527 3566 6528 3532 6528 3531 6528 3566 6529 3565 6529 3532 6529 3567 6530 3531 6530 3530 6530 3567 6531 3566 6531 3531 6531 3568 6532 3530 6532 3529 6532 3568 6533 3567 6533 3530 6533 3569 6534 3529 6534 3528 6534 3569 6535 3568 6535 3529 6535 3570 6536 3528 6536 3519 6536 3570 6537 3569 6537 3528 6537 3571 6538 3540 6538 3558 6538 3554 6539 2451 6539 3552 6539 3551 6540 3554 6540 3550 6540 3550 6541 3554 6541 3553 6541 2449 6542 3551 6542 3549 6542 2453 6543 2454 6543 2218 6543 2218 6544 2454 6544 2213 6544 3543 6545 3153 6545 3223 6545 3543 6546 3223 6546 3224 6546 3545 6547 3543 6547 3215 6547 3545 6548 3215 6548 3217 6548 2842 6549 2116 6549 2122 6549 2842 6550 2122 6550 2133 6550 2842 6551 2133 6551 3572 6551 2809 6552 2810 6552 3172 6552 2424 6553 3172 6553 2934 6553 2424 6554 2809 6554 3172 6554 2844 6555 2108 6555 2109 6555 2844 6556 2109 6556 1949 6556 2427 6557 2830 6557 2829 6557 2428 6558 2830 6558 2427 6558 2420 6559 2133 6559 2418 6559 3572 6560 2133 6560 2420 6560 2720 6561 931 6561 1197 6561 2720 6562 1197 6562 1188 6562 2720 6563 1188 6563 1281 6563 2720 6564 1281 6564 1277 6564 2720 6565 1277 6565 1278 6565 2720 6566 1278 6566 1279 6566 2720 6567 1279 6567 869 6567 2391 6568 2143 6568 2142 6568 2807 6569 2033 6569 2031 6569 3573 6570 2142 6570 2033 6570 3573 6571 2391 6571 2142 6571 3573 6572 2033 6572 2807 6572 2391 6573 2800 6573 2798 6573 2391 6574 2802 6574 2800 6574 2391 6575 2804 6575 2802 6575 2391 6576 3573 6576 2804 6576 3574 6577 2794 6577 2792 6577 3574 6578 2796 6578 2794 6578 3574 6579 2798 6579 2796 6579 3574 6580 2391 6580 2798 6580 3574 6581 2788 6581 2843 6581 3574 6582 2790 6582 2788 6582 3574 6583 2792 6583 2790 6583 3574 6584 2843 6584 2840 6584 2380 6585 2452 6585 2381 6585 2380 6586 2457 6586 2452 6586 3551 6587 2449 6587 2430 6587 2379 6588 2430 6588 2383 6588 2379 6589 3551 6589 2430 6589 3554 6590 2379 6590 2381 6590 3554 6591 3551 6591 2379 6591 2452 6592 3554 6592 2381 6592 2451 6593 3554 6593 2452 6593 3545 6594 2459 6594 2457 6594 3545 6595 2457 6595 2380 6595 2382 6596 3545 6596 2380 6596 3543 6597 3545 6597 2382 6597 3153 6598 2382 6598 2384 6598 3153 6599 2384 6599 2438 6599 3153 6600 3543 6600 2382 6600 2463 6601 3153 6601 2438 6601 2460 6602 2385 6602 2378 6602 2377 6603 2387 6603 2461 6603 2378 6604 2387 6604 2377 6604 2385 6605 2387 6605 2378 6605 2425 6606 2423 6606 2373 6606 2375 6607 2425 6607 2373 6607 2373 6608 2422 6608 2371 6608 2373 6609 2423 6609 2422 6609 2377 6610 2425 6610 2375 6610 2377 6611 2461 6611 2425 6611 2421 6612 2374 6612 2371 6612 2421 6613 2371 6613 2422 6613 2420 6614 2372 6614 2374 6614 2420 6615 2374 6615 2421 6615 2418 6616 2372 6616 2420 6616 2419 6617 2376 6617 2418 6617 2376 6618 2372 6618 2418 6618 2403 6619 2378 6619 2376 6619 2403 6620 2376 6620 2419 6620 2460 6621 2378 6621 2403 6621 2832 6622 2833 6622 2368 6622 2832 6623 2368 6623 3152 6623 2836 6624 3152 6624 3151 6624 2836 6625 2832 6625 3152 6625 2834 6626 3151 6626 3150 6626 2834 6627 2836 6627 3151 6627 2839 6628 2834 6628 3150 6628 2839 6629 3150 6629 3149 6629 2835 6630 2839 6630 3149 6630 1942 6631 2835 6631 3149 6631 2194 6632 2360 6632 2175 6632 3414 6633 2360 6633 2194 6633 2585 6634 3086 6634 2586 6634 2357 6635 2358 6635 3086 6635 2357 6636 3086 6636 2585 6636 2352 6637 2585 6637 2584 6637 2352 6638 2357 6638 2585 6638 2351 6639 2584 6639 2581 6639 2351 6640 2352 6640 2584 6640 2321 6641 2581 6641 2583 6641 2321 6642 2351 6642 2581 6642 2593 6643 2321 6643 2583 6643 2322 6644 2201 6644 2205 6644 2199 6645 2322 6645 2321 6645 2199 6646 2201 6646 2322 6646 2197 6647 2321 6647 2593 6647 2197 6648 2199 6648 2321 6648 2196 6649 2197 6649 2593 6649 2179 6650 2593 6650 2592 6650 2179 6651 2196 6651 2593 6651 2177 6652 2179 6652 2592 6652 2176 6653 2177 6653 2592 6653 24 6654 3575 6654 3576 6654 3575 6655 3577 6655 3576 6655 3577 6656 3395 6656 3576 6656 849 6657 3418 6657 2270 6657 849 6658 2270 6658 2290 6658 849 6659 854 6659 3418 6659 2496 6660 2495 6660 2734 6660 2734 6661 3578 6661 2733 6661 2495 6662 3578 6662 2734 6662 2733 6663 3579 6663 2735 6663 2735 6664 3579 6664 2736 6664 3578 6665 3579 6665 2733 6665 2736 6666 3580 6666 2737 6666 2737 6667 3580 6667 2738 6667 3579 6668 3580 6668 2736 6668 3580 6669 3581 6669 2738 6669 2738 6670 3581 6670 2739 6670 2270 6671 3419 6671 2272 6671 3418 6672 3419 6672 2270 6672 3581 6673 3582 6673 2739 6673 2739 6674 3582 6674 2740 6674 2740 6675 3582 6675 2741 6675 3419 6676 3420 6676 2272 6676 3420 6677 2273 6677 2272 6677 3582 6678 3583 6678 2741 6678 2741 6679 3583 6679 2742 6679 2273 6680 3421 6680 2274 6680 3420 6681 3421 6681 2273 6681 3583 6682 3584 6682 2742 6682 2742 6683 3584 6683 2743 6683 2743 6684 3584 6684 2744 6684 3421 6685 3422 6685 2274 6685 3422 6686 2271 6686 2274 6686 3584 6687 3585 6687 2744 6687 2744 6688 3585 6688 2745 6688 2271 6689 3415 6689 2275 6689 3422 6690 3415 6690 2271 6690 2745 6691 3586 6691 2746 6691 3585 6692 3586 6692 2745 6692 3415 6693 3416 6693 2275 6693 3416 6694 2276 6694 2275 6694 2746 6695 3587 6695 2747 6695 3586 6696 3587 6696 2746 6696 3416 6697 3417 6697 2276 6697 3417 6698 2279 6698 2276 6698 2747 6699 3588 6699 2748 6699 3587 6700 3588 6700 2747 6700 3417 6701 2165 6701 2279 6701 2279 6702 2164 6702 2280 6702 2165 6703 2164 6703 2279 6703 2164 6704 2166 6704 2280 6704 2748 6705 3589 6705 2749 6705 3588 6706 3589 6706 2748 6706 2166 6707 2167 6707 2280 6707 2280 6708 2168 6708 2292 6708 2167 6709 2168 6709 2280 6709 2168 6710 2170 6710 2292 6710 3589 6711 3590 6711 2749 6711 2749 6712 3590 6712 2750 6712 2750 6713 3590 6713 2171 6713 2170 6714 2281 6714 2292 6714 3590 6715 3591 6715 2171 6715 2171 6716 3591 6716 2170 6716 2281 6717 5 6717 853 6717 2170 6718 3592 6718 2281 6718 3591 6719 3592 6719 2170 6719 2281 6720 3592 6720 5 6720 3592 6721 3593 6721 5 6721 5 6722 3594 6722 3 6722 3 6723 3594 6723 7 6723 3593 6724 3594 6724 5 6724 7 6725 3595 6725 9 6725 3594 6726 3595 6726 7 6726 9 6727 3596 6727 2 6727 3595 6728 3596 6728 9 6728 0 6729 2285 6729 873 6729 2 6730 3597 6730 0 6730 3596 6731 3597 6731 2 6731 3597 6732 3598 6732 0 6732 2285 6733 2933 6733 2284 6733 0 6734 2933 6734 2285 6734 3598 6735 2933 6735 0 6735 2146 6736 2160 6736 2147 6736 2147 6737 2160 6737 2148 6737 2160 6738 2161 6738 2148 6738 2161 6739 2163 6739 2149 6739 2149 6740 2163 6740 2150 6740 2150 6741 2163 6741 2162 6741 2162 6742 2159 6742 2151 6742 2151 6743 2159 6743 2152 6743 2159 6744 2158 6744 2152 6744 2152 6745 2158 6745 2153 6745 2153 6746 2158 6746 2154 6746 2158 6747 2155 6747 2154 6747 2155 6748 2157 6748 2156 6748 2157 6749 2160 6749 2156 6749 2156 6750 2160 6750 2146 6750 3599 6751 2490 6751 2480 6751 3600 6752 3599 6752 2480 6752 3600 6753 2480 6753 2479 6753 3601 6754 3600 6754 2479 6754 3601 6755 2479 6755 2478 6755 3602 6756 3601 6756 2478 6756 3602 6757 2478 6757 2477 6757 3603 6758 3602 6758 2477 6758 3603 6759 2477 6759 2476 6759 3604 6760 3603 6760 2476 6760 3604 6761 2476 6761 2475 6761 3605 6762 3604 6762 2475 6762 3605 6763 2475 6763 2473 6763 3606 6764 3605 6764 2473 6764 3606 6765 2473 6765 2472 6765 3607 6766 3606 6766 2472 6766 3607 6767 2472 6767 2470 6767 3608 6768 3607 6768 2470 6768 3608 6769 2470 6769 2469 6769 3609 6770 3608 6770 2469 6770 3610 6771 2469 6771 2468 6771 3610 6772 3609 6772 2469 6772 3611 6773 2468 6773 2467 6773 3611 6774 3610 6774 2468 6774 3612 6775 2467 6775 2579 6775 3612 6776 3611 6776 2467 6776 3616 6777 3615 6777 1924 6777 3617 6778 1924 6778 1909 6778 3617 6779 3616 6779 1924 6779 3618 6780 3617 6780 1909 6780 3627 6781 1930 6781 1931 6781 3627 6782 1931 6782 1932 6782 3628 6783 3627 6783 1932 6783 3628 6784 1932 6784 1933 6784 3629 6785 3628 6785 1933 6785 3629 6786 1933 6786 1935 6786 3630 6787 3629 6787 1935 6787 3630 6788 1935 6788 3631 6788 3632 6789 3630 6789 3631 6789 3633 6790 3632 6790 3631 6790 3633 6791 3631 6791 3634 6791 3635 6792 3633 6792 3634 6792 3635 6793 3634 6793 3636 6793 3637 6794 3635 6794 3636 6794 3637 6795 3636 6795 3638 6795 2309 6796 3637 6796 3638 6796 2309 6797 3638 6797 2311 6797 2778 6798 3357 6798 2511 6798 2778 6799 3356 6799 3357 6799 3357 6800 3358 6800 2511 6800 3358 6801 3359 6801 2511 6801 2774 6802 3355 6802 2775 6802 2772 6803 3355 6803 2774 6803 2771 6804 3355 6804 2772 6804 2775 6805 3355 6805 2778 6805 2778 6806 3355 6806 3356 6806 2511 6807 3359 6807 2509 6807 2769 6808 3354 6808 2771 6808 2771 6809 3354 6809 3355 6809 3639 6810 3354 6810 2769 6810 2509 6811 3360 6811 2507 6811 3359 6812 3360 6812 2509 6812 3639 6813 3353 6813 3354 6813 3640 6814 3353 6814 3639 6814 2507 6815 3361 6815 2505 6815 3360 6816 3361 6816 2507 6816 3640 6817 3352 6817 3353 6817 3641 6818 3352 6818 3640 6818 2505 6819 3362 6819 2502 6819 3361 6820 3362 6820 2505 6820 3642 6821 3352 6821 3641 6821 2502 6822 3362 6822 2500 6822 3643 6823 3351 6823 3642 6823 3642 6824 3351 6824 3352 6824 2497 6825 3363 6825 2495 6825 2500 6826 3363 6826 2497 6826 3362 6827 3363 6827 2500 6827 3643 6828 3350 6828 3351 6828 2495 6829 3364 6829 3578 6829 3363 6830 3364 6830 2495 6830 3644 6831 3350 6831 3643 6831 3578 6832 3365 6832 3579 6832 3364 6833 3365 6833 3578 6833 3645 6834 3349 6834 3644 6834 3644 6835 3349 6835 3350 6835 3579 6836 3365 6836 3580 6836 3646 6837 3348 6837 3645 6837 3645 6838 3348 6838 3349 6838 3580 6839 3366 6839 3581 6839 3365 6840 3366 6840 3580 6840 3647 6841 3348 6841 3646 6841 3581 6842 3367 6842 3582 6842 3366 6843 3367 6843 3581 6843 3647 6844 3347 6844 3348 6844 3582 6845 3368 6845 3583 6845 3367 6846 3368 6846 3582 6846 3648 6847 3347 6847 3647 6847 3583 6848 3368 6848 3584 6848 3648 6849 3346 6849 3347 6849 3649 6850 3346 6850 3648 6850 3584 6851 3369 6851 3585 6851 3368 6852 3369 6852 3584 6852 3649 6853 3345 6853 3346 6853 3585 6854 3370 6854 3586 6854 3369 6855 3370 6855 3585 6855 3650 6856 3345 6856 3649 6856 3586 6857 3371 6857 3587 6857 3370 6858 3371 6858 3586 6858 3651 6859 3344 6859 3650 6859 3650 6860 3344 6860 3345 6860 3587 6861 3371 6861 3588 6861 3652 6862 3343 6862 3651 6862 3651 6863 3343 6863 3344 6863 3371 6864 3372 6864 3588 6864 3588 6865 3372 6865 3589 6865 3653 6866 3343 6866 3652 6866 3372 6867 3373 6867 3589 6867 3589 6868 3373 6868 3590 6868 3653 6869 3342 6869 3343 6869 3654 6870 3342 6870 3653 6870 3590 6871 3373 6871 3591 6871 3654 6872 3341 6872 3342 6872 3591 6873 3374 6873 3592 6873 3373 6874 3374 6874 3591 6874 3655 6875 3341 6875 3654 6875 3592 6876 3374 6876 3593 6876 3655 6877 3340 6877 3341 6877 3656 6878 3340 6878 3655 6878 3593 6879 3374 6879 3594 6879 3656 6880 3339 6880 3340 6880 3594 6881 3375 6881 3595 6881 3374 6882 3375 6882 3594 6882 3657 6883 3339 6883 3656 6883 3595 6884 3376 6884 3596 6884 3375 6885 3376 6885 3595 6885 3657 6886 3338 6886 3339 6886 3658 6887 3338 6887 3657 6887 3596 6888 3377 6888 3597 6888 3376 6889 3377 6889 3596 6889 3658 6890 3337 6890 3338 6890 3659 6891 3337 6891 3658 6891 3377 6892 3598 6892 3597 6892 3659 6893 3336 6893 3337 6893 3377 6894 3378 6894 3598 6894 3378 6895 2933 6895 3598 6895 3660 6896 3336 6896 3659 6896 3378 6897 3379 6897 2933 6897 3660 6898 3335 6898 3336 6898 3660 6899 3661 6899 3335 6899 3661 6900 3334 6900 3335 6900 3379 6901 3380 6901 2933 6901 2930 6902 3380 6902 2929 6902 2931 6903 3380 6903 2930 6903 2932 6904 3380 6904 2931 6904 2933 6905 3380 6905 2932 6905 3661 6906 3662 6906 3334 6906 3662 6907 3333 6907 3334 6907 2908 6908 3381 6908 2906 6908 2909 6909 3381 6909 2908 6909 2912 6910 3381 6910 2909 6910 2913 6911 3381 6911 2912 6911 2916 6912 3381 6912 2913 6912 2917 6913 3381 6913 2916 6913 2920 6914 3381 6914 2917 6914 2922 6915 3381 6915 2920 6915 2925 6916 3381 6916 2922 6916 2926 6917 3381 6917 2925 6917 2927 6918 3381 6918 2926 6918 2928 6919 3381 6919 2927 6919 2929 6920 3381 6920 2928 6920 3380 6921 3381 6921 2929 6921 3662 6922 3663 6922 3333 6922 3381 6923 3382 6923 2906 6923 2882 6924 3382 6924 2880 6924 2885 6925 3382 6925 2882 6925 2887 6926 3382 6926 2885 6926 2889 6927 3382 6927 2887 6927 2890 6928 3382 6928 2889 6928 2892 6929 3382 6929 2890 6929 2894 6930 3382 6930 2892 6930 2896 6931 3382 6931 2894 6931 2898 6932 3382 6932 2896 6932 2900 6933 3382 6933 2898 6933 2902 6934 3382 6934 2900 6934 2904 6935 3382 6935 2902 6935 2906 6936 3382 6936 2904 6936 3382 6937 2878 6937 2880 6937 3382 6938 2876 6938 2878 6938 3382 6939 2874 6939 2876 6939 3382 6940 2872 6940 2874 6940 3382 6941 2870 6941 2872 6941 3333 6942 3664 6942 3332 6942 3663 6943 3664 6943 3333 6943 3382 6944 2868 6944 2870 6944 3382 6945 2866 6945 2868 6945 3382 6946 2864 6946 2866 6946 3382 6947 2862 6947 2864 6947 3664 6948 3665 6948 3332 6948 3382 6949 2861 6949 2862 6949 3332 6950 3665 6950 3331 6950 3382 6951 3492 6951 2861 6951 3383 6952 3492 6952 3382 6952 3665 6953 1919 6953 3331 6953 3331 6954 1919 6954 3330 6954 3383 6955 3491 6955 3492 6955 3384 6956 3490 6956 3383 6956 3383 6957 3490 6957 3491 6957 1919 6958 1918 6958 3330 6958 3330 6959 1918 6959 3329 6959 3385 6960 3489 6960 3384 6960 3384 6961 3489 6961 3490 6961 3329 6962 1918 6962 3328 6962 3386 6963 3488 6963 3385 6963 3385 6964 3488 6964 3489 6964 3387 6965 3487 6965 3386 6965 3386 6966 3487 6966 3488 6966 1918 6967 1917 6967 3328 6967 3328 6968 1917 6968 3327 6968 3387 6969 3486 6969 3487 6969 1917 6970 1916 6970 3327 6970 3327 6971 1916 6971 3326 6971 3388 6972 3485 6972 3387 6972 3387 6973 3485 6973 3486 6973 3389 6974 3484 6974 3388 6974 3388 6975 3484 6975 3485 6975 1916 6976 1915 6976 3326 6976 3326 6977 1915 6977 3325 6977 3390 6978 3482 6978 3389 6978 3389 6979 3482 6979 3484 6979 1915 6980 1914 6980 3325 6980 3303 6981 3481 6981 3390 6981 3390 6982 3481 6982 3482 6982 3325 6983 1914 6983 3324 6983 3324 6984 1913 6984 3323 6984 1914 6985 1913 6985 3324 6985 3303 6986 3479 6986 3481 6986 3304 6987 3479 6987 3303 6987 3305 6988 3477 6988 3304 6988 3304 6989 3477 6989 3479 6989 3323 6990 1912 6990 3322 6990 1913 6991 1912 6991 3323 6991 3305 6992 3475 6992 3477 6992 3306 6993 3475 6993 3305 6993 3307 6994 3473 6994 3306 6994 3306 6995 3473 6995 3475 6995 3322 6996 1911 6996 3321 6996 1912 6997 1911 6997 3322 6997 3321 6998 1910 6998 3320 6998 1911 6999 1910 6999 3321 6999 3308 7000 3471 7000 3307 7000 3307 7001 3471 7001 3473 7001 1910 7002 1908 7002 3320 7002 3309 7003 3469 7003 3308 7003 3308 7004 3469 7004 3471 7004 3315 7005 3514 7005 3314 7005 3514 7006 3513 7006 3314 7006 3314 7007 3513 7007 3313 7007 3315 7008 3515 7008 3514 7008 3320 7009 1908 7009 3319 7009 3513 7010 3512 7010 3313 7010 3316 7011 3515 7011 3315 7011 3313 7012 3512 7012 3312 7012 3512 7013 3511 7013 3312 7013 3317 7014 3516 7014 3316 7014 3316 7015 3516 7015 3515 7015 3312 7016 3511 7016 3311 7016 3319 7017 1907 7017 3318 7017 1908 7018 1907 7018 3319 7018 3511 7019 3510 7019 3311 7019 3317 7020 3517 7020 3516 7020 3310 7021 3467 7021 3309 7021 3309 7022 3467 7022 3469 7022 3318 7023 1905 7023 3317 7023 1907 7024 1905 7024 3318 7024 3311 7025 3465 7025 3310 7025 3310 7026 3465 7026 3467 7026 3317 7027 1905 7027 3517 7027 3510 7028 3465 7028 3311 7028 3517 7029 1901 7029 1903 7029 1905 7030 1901 7030 3517 7030 3509 7031 3463 7031 3510 7031 3510 7032 3463 7032 3465 7032 3509 7033 3462 7033 3463 7033 3666 7034 3667 7034 3668 7034 3670 7035 3667 7035 3666 7035 3669 7036 3670 7036 3666 7036 3671 7037 3672 7037 3670 7037 3671 7038 3670 7038 3669 7038 3871 7039 3673 7039 3674 7039 3871 7040 3671 7040 3673 7040 3871 7041 3672 7041 3671 7041 3676 7042 3672 7042 3871 7042 3676 7043 3675 7043 3672 7043 3677 7044 3675 7044 3676 7044 3677 7045 3678 7045 3675 7045 2311 7046 3679 7046 3680 7046 2311 7047 3681 7047 3679 7047 2311 7048 3682 7048 3681 7048 3677 7049 3683 7049 3678 7049 3684 7050 3683 7050 3677 7050 3684 7051 3685 7051 3683 7051 3687 7052 3686 7052 3685 7052 3687 7053 3685 7053 3684 7053 3687 7054 3688 7054 3686 7054 3687 7055 3689 7055 3688 7055 3687 7056 3690 7056 3689 7056 3687 7057 3691 7057 3690 7057 3687 7058 2311 7058 3680 7058 3687 7059 3692 7059 3691 7059 3687 7060 3680 7060 3692 7060 3631 7061 1935 7061 1919 7061 3634 7062 1919 7062 3693 7062 3634 7063 3631 7063 1919 7063 3636 7064 3693 7064 3694 7064 3636 7065 3634 7065 3693 7065 3638 7066 3694 7066 3682 7066 3638 7067 3636 7067 3694 7067 2311 7068 3638 7068 3682 7068 1919 7069 3665 7069 3693 7069 3693 7070 3665 7070 3694 7070 3665 7071 3664 7071 3694 7071 3694 7072 3664 7072 3682 7072 3664 7073 3663 7073 3682 7073 3682 7074 3663 7074 3681 7074 3663 7075 3662 7075 3681 7075 3681 7076 3662 7076 3679 7076 3662 7077 3661 7077 3679 7077 3679 7078 3661 7078 3680 7078 3661 7079 3660 7079 3680 7079 3680 7080 3660 7080 3692 7080 3660 7081 3659 7081 3692 7081 3692 7082 3659 7082 3691 7082 3691 7083 3659 7083 3690 7083 3659 7084 3658 7084 3690 7084 3690 7085 3658 7085 3689 7085 3658 7086 3657 7086 3689 7086 3689 7087 3656 7087 3688 7087 3657 7088 3656 7088 3689 7088 3688 7089 3655 7089 3686 7089 3656 7090 3655 7090 3688 7090 3686 7091 3654 7091 3685 7091 3655 7092 3654 7092 3686 7092 3685 7093 3653 7093 3683 7093 3654 7094 3653 7094 3685 7094 3683 7095 3652 7095 3678 7095 3653 7096 3652 7096 3683 7096 3678 7097 3651 7097 3675 7097 3652 7098 3651 7098 3678 7098 3651 7099 3650 7099 3675 7099 3650 7100 3649 7100 3675 7100 3675 7101 3649 7101 3672 7101 3649 7102 3648 7102 3672 7102 3672 7103 3648 7103 3670 7103 3648 7104 3647 7104 3670 7104 3667 7105 3695 7105 3668 7105 3670 7106 3647 7106 3667 7106 3695 7107 3646 7107 3696 7107 3667 7108 3646 7108 3695 7108 3647 7109 3646 7109 3667 7109 3696 7110 3646 7110 3699 7110 3646 7111 3645 7111 3699 7111 3698 7112 3645 7112 3697 7112 3699 7113 3645 7113 3698 7113 3645 7114 3644 7114 3697 7114 3700 7115 3644 7115 2758 7115 3701 7116 3644 7116 3700 7116 3697 7117 3644 7117 3701 7117 2758 7118 3643 7118 2761 7118 3644 7119 3643 7119 2758 7119 2761 7120 3643 7120 2763 7120 3643 7121 3642 7121 2763 7121 2764 7122 3642 7122 2767 7122 2763 7123 3642 7123 2764 7123 3702 7124 3641 7124 3704 7124 2767 7125 3641 7125 3702 7125 3642 7126 3641 7126 2767 7126 3703 7127 3640 7127 3392 7127 3704 7128 3640 7128 3703 7128 3392 7129 3640 7129 3393 7129 3641 7130 3640 7130 3704 7130 3393 7131 3639 7131 3391 7131 3640 7132 3639 7132 3393 7132 3391 7133 2769 7133 2768 7133 3639 7134 2769 7134 3391 7134 2310 7135 3705 7135 3706 7135 2310 7136 3706 7136 3707 7136 3708 7137 3707 7137 3706 7137 3708 7138 3706 7138 3709 7138 3710 7139 3708 7139 3709 7139 3710 7140 3709 7140 3711 7140 3712 7141 3710 7141 3711 7141 3712 7142 3711 7142 3713 7142 3714 7143 3712 7143 3713 7143 3714 7144 3713 7144 3715 7144 3716 7145 3714 7145 3715 7145 3716 7146 3717 7146 3718 7146 3716 7147 3715 7147 3717 7147 3719 7148 3716 7148 3718 7148 3719 7149 3718 7149 3720 7149 3722 7150 3719 7150 3720 7150 3722 7151 3720 7151 3721 7151 3722 7152 3721 7152 3723 7152 3724 7153 3722 7153 3723 7153 3724 7154 3723 7154 3725 7154 3726 7155 3724 7155 3725 7155 3726 7156 3725 7156 3727 7156 3728 7157 3727 7157 3729 7157 3728 7158 3726 7158 3727 7158 3730 7159 3729 7159 3731 7159 3730 7160 3728 7160 3729 7160 3732 7161 3730 7161 3731 7161 3732 7162 3731 7162 3733 7162 3734 7163 3735 7163 3737 7163 3734 7164 3733 7164 3735 7164 3734 7165 3732 7165 3733 7165 3736 7166 3734 7166 3737 7166 3736 7167 3737 7167 3738 7167 3739 7168 3736 7168 3738 7168 3739 7169 3738 7169 1939 7169 3740 7170 3739 7170 1939 7170 3740 7171 1939 7171 1953 7171 3741 7172 1953 7172 1952 7172 3741 7173 3740 7173 1953 7173 3742 7174 1952 7174 1959 7174 3742 7175 3741 7175 1952 7175 3743 7176 1959 7176 1958 7176 3743 7177 3742 7177 1959 7177 3744 7178 1958 7178 1966 7178 3744 7179 3743 7179 1958 7179 2174 7180 3744 7180 1966 7180 3560 7181 3281 7181 3559 7181 3559 7182 3281 7182 3558 7182 3560 7183 3280 7183 3281 7183 3561 7184 3280 7184 3560 7184 3281 7185 3282 7185 3558 7185 3558 7186 3282 7186 3571 7186 3562 7187 3280 7187 3561 7187 3563 7188 3279 7188 3562 7188 3562 7189 3279 7189 3280 7189 3571 7190 3282 7190 3557 7190 3563 7191 3278 7191 3279 7191 3564 7192 3278 7192 3563 7192 3557 7193 3283 7193 3556 7193 3282 7194 3283 7194 3557 7194 3556 7195 3283 7195 3555 7195 3565 7196 3278 7196 3564 7196 3555 7197 3283 7197 3552 7197 3565 7198 3277 7198 3278 7198 3552 7199 3284 7199 3553 7199 3283 7200 3284 7200 3552 7200 3566 7201 3277 7201 3565 7201 1900 7202 3570 7202 1899 7202 3553 7203 3284 7203 3550 7203 3567 7204 3276 7204 3566 7204 3566 7205 3276 7205 3277 7205 3550 7206 3285 7206 3549 7206 3284 7207 3285 7207 3550 7207 3567 7208 3275 7208 3276 7208 3568 7209 3275 7209 3567 7209 3549 7210 3285 7210 3548 7210 3569 7211 3275 7211 3568 7211 3548 7212 3285 7212 3547 7212 3569 7213 3274 7213 3275 7213 1900 7214 3599 7214 3570 7214 3547 7215 3286 7215 3546 7215 3285 7216 3286 7216 3547 7216 3570 7217 3274 7217 3569 7217 3546 7218 3287 7218 3544 7218 3286 7219 3287 7219 3546 7219 3570 7220 3273 7220 3274 7220 3544 7221 3287 7221 3148 7221 3599 7222 3272 7222 3570 7222 3570 7223 3272 7223 3273 7223 3287 7224 3288 7224 3148 7224 3148 7225 3289 7225 2172 7225 3288 7226 3289 7226 3148 7226 2172 7227 3289 7227 2173 7227 3600 7228 3271 7228 3599 7228 3599 7229 3271 7229 3272 7229 3289 7230 3290 7230 2173 7230 2173 7231 3290 7231 2174 7231 3600 7232 3270 7232 3271 7232 3601 7233 3270 7233 3600 7233 3290 7234 3291 7234 2174 7234 3602 7235 3270 7235 3601 7235 2174 7236 3291 7236 3744 7236 3291 7237 3292 7237 3744 7237 3602 7238 3269 7238 3270 7238 3603 7239 3269 7239 3602 7239 3744 7240 3292 7240 3743 7240 3292 7241 3293 7241 3743 7241 3604 7242 3269 7242 3603 7242 3743 7243 3293 7243 3742 7243 3604 7244 3268 7244 3269 7244 3605 7245 3268 7245 3604 7245 3293 7246 3294 7246 3742 7246 3605 7247 3267 7247 3268 7247 3606 7248 3267 7248 3605 7248 3742 7249 3294 7249 3741 7249 3607 7250 3267 7250 3606 7250 3294 7251 3295 7251 3741 7251 3607 7252 3266 7252 3267 7252 3608 7253 3266 7253 3607 7253 3295 7254 3740 7254 3741 7254 3608 7255 3609 7255 3266 7255 3295 7256 3296 7256 3740 7256 3609 7257 3265 7257 3266 7257 3609 7258 3610 7258 3265 7258 3296 7259 3297 7259 3740 7259 3610 7260 3264 7260 3265 7260 3297 7261 3739 7261 3740 7261 3610 7262 3611 7262 3264 7262 3611 7263 3263 7263 3264 7263 3298 7264 3739 7264 3297 7264 3611 7265 3612 7265 3263 7265 3298 7266 3736 7266 3739 7266 3612 7267 3613 7267 3263 7267 3299 7268 3736 7268 3298 7268 3263 7269 3614 7269 3262 7269 3613 7270 3614 7270 3263 7270 3300 7271 3734 7271 3299 7271 3299 7272 3734 7272 3736 7272 3262 7273 3615 7273 3261 7273 3614 7274 3615 7274 3262 7274 3300 7275 3732 7275 3734 7275 3615 7276 3616 7276 3261 7276 3616 7277 3617 7277 3261 7277 3261 7278 3618 7278 3260 7278 3617 7279 3618 7279 3261 7279 3301 7280 3732 7280 3300 7280 3260 7281 3619 7281 3259 7281 3618 7282 3619 7282 3260 7282 3301 7283 3730 7283 3732 7283 3619 7284 3620 7284 3259 7284 3302 7285 3728 7285 3301 7285 3301 7286 3728 7286 3730 7286 3620 7287 3621 7287 3259 7287 3259 7288 3622 7288 3258 7288 3621 7289 3622 7289 3259 7289 3302 7290 3726 7290 3728 7290 3258 7291 3623 7291 3257 7291 3622 7292 3623 7292 3258 7292 3242 7293 3726 7293 3302 7293 3623 7294 3624 7294 3257 7294 3242 7295 3724 7295 3726 7295 3243 7296 3724 7296 3242 7296 3257 7297 3625 7297 3256 7297 3624 7298 3625 7298 3257 7298 3243 7299 3722 7299 3724 7299 3625 7300 3626 7300 3256 7300 3244 7301 3722 7301 3243 7301 3626 7302 1930 7302 3256 7302 3256 7303 3627 7303 3255 7303 1930 7304 3627 7304 3256 7304 3244 7305 3719 7305 3722 7305 3255 7306 3628 7306 3254 7306 3627 7307 3628 7307 3255 7307 3245 7308 3719 7308 3244 7308 3628 7309 3629 7309 3254 7309 3246 7310 3716 7310 3245 7310 3245 7311 3716 7311 3719 7311 3629 7312 3630 7312 3254 7312 3254 7313 3630 7313 3253 7313 3246 7314 3714 7314 3716 7314 3630 7315 3632 7315 3253 7315 3247 7316 3714 7316 3246 7316 3632 7317 3633 7317 3253 7317 3247 7318 3712 7318 3714 7318 3248 7319 3712 7319 3247 7319 3633 7320 3635 7320 3253 7320 3253 7321 3635 7321 3252 7321 3248 7322 3710 7322 3712 7322 3635 7323 3637 7323 3252 7323 3252 7324 2309 7324 3251 7324 3251 7325 2309 7325 3250 7325 3637 7326 2309 7326 3252 7326 3249 7327 3708 7327 3248 7327 3248 7328 3708 7328 3710 7328 3250 7329 3707 7329 3249 7329 3249 7330 3707 7330 3708 7330 3250 7331 2310 7331 3707 7331 2309 7332 2310 7332 3250 7332 2695 7333 2697 7333 1897 7333 2695 7334 1897 7334 1895 7334 1898 7335 3599 7335 1900 7335 1898 7336 2490 7336 3599 7336 1897 7337 2490 7337 1898 7337 2491 7338 2490 7338 1897 7338 2698 7339 2494 7339 2492 7339 2698 7340 2492 7340 2491 7340 2698 7341 2491 7341 1897 7341 2697 7342 2698 7342 1897 7342 3570 7343 1896 7343 1899 7343 3519 7344 1896 7344 3570 7344 2696 7345 2695 7345 1895 7345 3519 7346 1895 7346 1896 7346 3520 7347 1895 7347 3519 7347 3520 7348 2696 7348 1895 7348 2465 7349 2696 7349 3520 7349 1768 7350 1767 7350 1766 7350 2350 7351 1768 7351 1766 7351 1745 7352 1768 7352 2350 7352 2359 7353 1814 7353 1745 7353 2350 7354 2359 7354 1745 7354 1558 7355 1556 7355 2367 7355 1735 7356 1720 7356 1718 7356 1735 7357 1718 7357 1738 7357 1735 7358 1738 7358 1741 7358 8 7359 1735 7359 1741 7359 8 7360 1741 7360 1744 7360 11 7361 3745 7361 4 7361 4 7362 3745 7362 2169 7362 3746 7363 2731 7363 3745 7363 3745 7364 2731 7364 2169 7364 3747 7365 2752 7365 3746 7365 3746 7366 2752 7366 2731 7366 3748 7367 2752 7367 3747 7367 3749 7368 2754 7368 3748 7368 3748 7369 2754 7369 2752 7369 3749 7370 2756 7370 2754 7370 49 7371 46 7371 3749 7371 3749 7372 46 7372 2756 7372 3750 7373 3751 7373 3752 7373 3753 7374 3735 7374 3733 7374 3753 7375 3733 7375 3731 7375 3753 7376 3754 7376 3755 7376 3753 7377 3756 7377 3754 7377 3753 7378 3755 7378 3735 7378 3757 7379 3758 7379 3759 7379 3757 7380 3759 7380 3760 7380 22 7381 21 7381 1981 7381 3762 7382 1981 7382 1980 7382 3762 7383 22 7383 1981 7383 3761 7384 878 7384 35 7384 3774 7385 3763 7385 3764 7385 3774 7386 3761 7386 3763 7386 3769 7387 3762 7387 1980 7387 3769 7388 1980 7388 2097 7388 3765 7389 3764 7389 3766 7389 3765 7390 3766 7390 3767 7390 3768 7391 3750 7391 3756 7391 3770 7392 3769 7392 2097 7392 3771 7393 3760 7393 3772 7393 3771 7394 3757 7394 3760 7394 3771 7395 3772 7395 3750 7395 3773 7396 878 7396 3761 7396 3773 7397 3783 7397 878 7397 3775 7398 3774 7398 3764 7398 3775 7399 3764 7399 3765 7399 3776 7400 3770 7400 2096 7400 3777 7401 3771 7401 3750 7401 3778 7402 3765 7402 3767 7402 3778 7403 3767 7403 3758 7403 3779 7404 3731 7404 3729 7404 3779 7405 3729 7405 3727 7405 3779 7406 3756 7406 3753 7406 3779 7407 3768 7407 3756 7407 3779 7408 3753 7408 3731 7408 3781 7409 3778 7409 3758 7409 3781 7410 3758 7410 3757 7410 3780 7411 3750 7411 3768 7411 3780 7412 3777 7412 3750 7412 3782 7413 3783 7413 3773 7413 3784 7414 3782 7414 3773 7414 3784 7415 3761 7415 3774 7415 3784 7416 3773 7416 3761 7416 3785 7417 3774 7417 3775 7417 3785 7418 3784 7418 3774 7418 3786 7419 3765 7419 3778 7419 3786 7420 3785 7420 3775 7420 3786 7421 3775 7421 3765 7421 3786 7422 3778 7422 3781 7422 3787 7423 3781 7423 3757 7423 3787 7424 3771 7424 3777 7424 3787 7425 3757 7425 3771 7425 3788 7426 3786 7426 3781 7426 3788 7427 3781 7427 3787 7427 3789 7428 3779 7428 3727 7428 3789 7429 3727 7429 3725 7429 3789 7430 3725 7430 3723 7430 3789 7431 3768 7431 3779 7431 3789 7432 3780 7432 3768 7432 3790 7433 3787 7433 3777 7433 3791 7434 3782 7434 3784 7434 3792 7435 3784 7435 3785 7435 3793 7436 3785 7436 3786 7436 3797 7437 3788 7437 3787 7437 3794 7438 3777 7438 3780 7438 3794 7439 3790 7439 3777 7439 3788 7440 3793 7440 3786 7440 3795 7441 3787 7441 3790 7441 3795 7442 3797 7442 3787 7442 3795 7443 3790 7443 3794 7443 3796 7444 2308 7444 3791 7444 3796 7445 3784 7445 3792 7445 3796 7446 3791 7446 3784 7446 3793 7447 3792 7447 3785 7447 3798 7448 3795 7448 3794 7448 3800 7449 3793 7449 3788 7449 3799 7450 3794 7450 3780 7450 3799 7451 3723 7451 3721 7451 3799 7452 3721 7452 3720 7452 3799 7453 3789 7453 3723 7453 3799 7454 3780 7454 3789 7454 3801 7455 3797 7455 3795 7455 3802 7456 2307 7456 2308 7456 3802 7457 2308 7457 3796 7457 3803 7458 3792 7458 3793 7458 3803 7459 3796 7459 3792 7459 3803 7460 3793 7460 3800 7460 3804 7461 3788 7461 3797 7461 3804 7462 3800 7462 3788 7462 3804 7463 3797 7463 3801 7463 3805 7464 3795 7464 3798 7464 3805 7465 3801 7465 3795 7465 3807 7466 3803 7466 3800 7466 3806 7467 3798 7467 3794 7467 3806 7468 3805 7468 3798 7468 3806 7469 3794 7469 3799 7469 3806 7470 3720 7470 3718 7470 3806 7471 3718 7471 3717 7471 3806 7472 3799 7472 3720 7472 3808 7473 3804 7473 3801 7473 3809 7474 2307 7474 3802 7474 3809 7475 3796 7475 3803 7475 3809 7476 3802 7476 3796 7476 3810 7477 3807 7477 3800 7477 3810 7478 3800 7478 3804 7478 3811 7479 3808 7479 3801 7479 3811 7480 3801 7480 3805 7480 3812 7481 3809 7481 3803 7481 3812 7482 3803 7482 3807 7482 3717 7483 3811 7483 3805 7483 3717 7484 3805 7484 3806 7484 3813 7485 3810 7485 3804 7485 3813 7486 3804 7486 3808 7486 3817 7487 2307 7487 3809 7487 3814 7488 3807 7488 3810 7488 3814 7489 3812 7489 3807 7489 3815 7490 3813 7490 3808 7490 3815 7491 3808 7491 3811 7491 3817 7492 3809 7492 3812 7492 3816 7493 3715 7493 3713 7493 3816 7494 3713 7494 3711 7494 3816 7495 3717 7495 3715 7495 3816 7496 3811 7496 3717 7496 3818 7497 3810 7497 3813 7497 3818 7498 3814 7498 3810 7498 3819 7499 3812 7499 3814 7499 3819 7500 3817 7500 3812 7500 3819 7501 3814 7501 3818 7501 3820 7502 3813 7502 3815 7502 3820 7503 3818 7503 3813 7503 3830 7504 3711 7504 3709 7504 3821 7505 3819 7505 3818 7505 3832 7506 3818 7506 3820 7506 3832 7507 3821 7507 3818 7507 3824 7508 3826 7508 3822 7508 3824 7509 3822 7509 3823 7509 3824 7510 3825 7510 3826 7510 3824 7511 3827 7511 3828 7511 3824 7512 3828 7512 3825 7512 3824 7513 3823 7513 3827 7513 3829 7514 3711 7514 3830 7514 3829 7515 3816 7515 3711 7515 3829 7516 3811 7516 3816 7516 3829 7517 3815 7517 3811 7517 3830 7518 3815 7518 3829 7518 3830 7519 3820 7519 3815 7519 3831 7520 3830 7520 3709 7520 3831 7521 3709 7521 3706 7521 3831 7522 3820 7522 3830 7522 3831 7523 3832 7523 3820 7523 3706 7524 3832 7524 3831 7524 3832 7525 3705 7525 3821 7525 3833 7526 3821 7526 3705 7526 3833 7527 3817 7527 3819 7527 3833 7528 3819 7528 3821 7528 3832 7529 3706 7529 3705 7529 3738 7530 1940 7530 1939 7530 3834 7531 883 7531 878 7531 3783 7532 3834 7532 878 7532 3770 7533 2097 7533 2096 7533 3835 7534 3776 7534 2096 7534 3835 7535 3838 7535 3836 7535 3835 7536 3836 7536 3837 7536 3835 7537 3837 7537 3776 7537 3835 7538 2096 7538 2125 7538 3835 7539 2125 7539 2135 7539 3822 7540 3826 7540 3838 7540 3822 7541 3835 7541 2135 7541 3822 7542 3838 7542 3835 7542 3822 7543 2135 7543 2136 7543 3822 7544 2136 7544 2088 7544 3823 7545 3822 7545 2088 7545 3823 7546 2088 7546 1968 7546 3823 7547 1968 7547 2083 7547 3839 7548 3823 7548 2083 7548 3828 7549 2762 7549 2765 7549 3828 7550 2765 7550 2766 7550 3828 7551 2766 7551 3825 7551 3839 7552 2083 7552 1961 7552 3839 7553 1961 7553 1962 7553 3840 7554 3839 7554 1962 7554 3827 7555 2762 7555 3828 7555 3827 7556 2760 7556 2762 7556 3843 7557 3840 7557 1962 7557 3843 7558 1962 7558 1956 7558 3843 7559 1956 7559 1955 7559 3844 7560 3823 7560 3839 7560 3844 7561 3827 7561 3823 7561 3845 7562 3846 7562 3847 7562 3845 7563 3847 7563 3848 7563 3845 7564 3848 7564 3849 7564 3754 7565 3843 7565 1955 7565 3754 7566 1955 7566 1951 7566 3766 7567 3842 7567 3850 7567 3766 7568 3850 7568 3851 7568 3766 7569 3851 7569 3852 7569 3766 7570 3852 7570 3853 7570 3751 7571 3839 7571 3840 7571 3751 7572 3844 7572 3839 7572 3763 7573 3841 7573 3842 7573 3763 7574 3842 7574 3766 7574 3763 7575 35 7575 25 7575 3763 7576 25 7576 3841 7576 3759 7577 3849 7577 2759 7577 3759 7578 2759 7578 2760 7578 3759 7579 3846 7579 3845 7579 3759 7580 3845 7580 3849 7580 3759 7581 2760 7581 3827 7581 3752 7582 3751 7582 3840 7582 3752 7583 3840 7583 3843 7583 3755 7584 3738 7584 3737 7584 3755 7585 3737 7585 3735 7585 3755 7586 1940 7586 3738 7586 3755 7587 3754 7587 1951 7587 3755 7588 1951 7588 1940 7588 3760 7589 3827 7589 3844 7589 3760 7590 3759 7590 3827 7590 3767 7591 3766 7591 3853 7591 3767 7592 3853 7592 3854 7592 3767 7593 3854 7593 3855 7593 3767 7594 3855 7594 3846 7594 3756 7595 3843 7595 3754 7595 3756 7596 3752 7596 3843 7596 3761 7597 35 7597 3763 7597 3764 7598 3763 7598 3766 7598 3772 7599 3760 7599 3844 7599 3772 7600 3844 7600 3751 7600 3758 7601 3767 7601 3846 7601 3758 7602 3846 7602 3759 7602 3750 7603 3772 7603 3751 7603 3750 7604 3752 7604 3756 7604 2308 7605 3856 7605 3791 7605 3791 7606 3856 7606 3782 7606 3856 7607 3857 7607 3782 7607 3782 7608 3857 7608 3783 7608 3857 7609 3858 7609 3783 7609 3783 7610 3859 7610 3834 7610 3858 7611 3859 7611 3783 7611 3834 7612 3860 7612 883 7612 3859 7613 3860 7613 3834 7613 47 7614 48 7614 3868 7614 3868 7615 48 7615 3864 7615 3861 7616 3676 7616 3871 7616 885 7617 3860 7617 881 7617 881 7618 3859 7618 879 7618 3860 7619 3859 7619 881 7619 3856 7620 3687 7620 3684 7620 52 7621 3862 7621 48 7621 48 7622 3862 7622 3864 7622 876 7623 3858 7623 52 7623 879 7624 3858 7624 876 7624 3859 7625 3858 7625 879 7625 52 7626 3858 7626 3862 7626 3676 7627 3863 7627 3677 7627 3864 7628 3863 7628 3869 7628 3869 7629 3863 7629 3865 7629 3865 7630 3863 7630 3861 7630 3861 7631 3863 7631 3676 7631 3862 7632 3863 7632 3864 7632 3862 7633 3866 7633 3863 7633 3863 7634 3866 7634 3677 7634 3677 7635 3867 7635 3684 7635 3858 7636 3867 7636 3862 7636 3862 7637 3867 7637 3866 7637 3866 7638 3867 7638 3677 7638 3684 7639 3867 7639 3856 7639 3856 7640 3867 7640 3857 7640 3857 7641 3867 7641 3858 7641 3870 7642 3871 7642 3872 7642 3872 7643 3871 7643 3674 7643 2756 7644 27 7644 2757 7644 46 7645 27 7645 2756 7645 28 7646 30 7646 3873 7646 30 7647 3874 7647 3873 7647 30 7648 31 7648 3874 7648 31 7649 3875 7649 3874 7649 31 7650 32 7650 3875 7650 32 7651 3876 7651 3875 7651 3876 7652 33 7652 3877 7652 32 7653 33 7653 3876 7653 3877 7654 33 7654 3878 7654 33 7655 34 7655 3878 7655 3878 7656 34 7656 3879 7656 34 7657 38 7657 3879 7657 3879 7658 38 7658 3880 7658 3880 7659 38 7659 3881 7659 3881 7660 39 7660 3882 7660 38 7661 39 7661 3881 7661 39 7662 40 7662 3882 7662 3882 7663 40 7663 3883 7663 3883 7664 45 7664 3884 7664 40 7665 45 7665 3883 7665 3884 7666 2314 7666 2312 7666 3883 7667 3884 7667 2312 7667 3882 7668 3883 7668 2312 7668 3881 7669 3882 7669 2312 7669 3880 7670 3881 7670 2312 7670 3879 7671 3880 7671 2312 7671 3878 7672 3879 7672 2312 7672 3877 7673 3878 7673 2312 7673 29 7674 3876 7674 3877 7674 29 7675 3875 7675 3876 7675 29 7676 3874 7676 3875 7676 29 7677 3873 7677 3874 7677 29 7678 3877 7678 2312 7678 28 7679 3873 7679 29 7679 2767 7680 3702 7680 3825 7680 3825 7681 3702 7681 3826 7681 3702 7682 3704 7682 3826 7682 3704 7683 3703 7683 3826 7683 3826 7684 3703 7684 3838 7684 3703 7685 3392 7685 3838 7685 3838 7686 3392 7686 3836 7686 3392 7687 3394 7687 3836 7687 3836 7688 3394 7688 3837 7688 3837 7689 3397 7689 3776 7689 3776 7690 3397 7690 3770 7690 3394 7691 3397 7691 3837 7691 3770 7692 3396 7692 3769 7692 3397 7693 3396 7693 3770 7693 3769 7694 3395 7694 3762 7694 3396 7695 3395 7695 3769 7695 3395 7696 3577 7696 3762 7696 3577 7697 22 7697 3762 7697 22 7698 3575 7698 24 7698 3577 7699 3575 7699 22 7699 3872 7700 3674 7700 25 7700 3674 7701 3673 7701 25 7701 3673 7702 3841 7702 25 7702 3841 7703 3671 7703 3842 7703 3673 7704 3671 7704 3841 7704 3671 7705 3669 7705 3842 7705 3669 7706 3850 7706 3842 7706 3850 7707 3666 7707 3851 7707 3669 7708 3666 7708 3850 7708 3851 7709 3668 7709 3852 7709 3666 7710 3668 7710 3851 7710 3668 7711 3695 7711 3852 7711 3695 7712 3696 7712 3852 7712 3852 7713 3696 7713 3853 7713 3696 7714 3699 7714 3853 7714 3853 7715 3699 7715 3854 7715 3699 7716 3698 7716 3854 7716 3854 7717 3698 7717 3855 7717 3698 7718 3697 7718 3855 7718 3855 7719 3697 7719 3846 7719 3846 7720 3697 7720 3847 7720 3847 7721 3701 7721 3848 7721 3697 7722 3701 7722 3847 7722 3701 7723 3700 7723 3848 7723 3848 7724 3700 7724 3849 7724 3700 7725 2758 7725 3849 7725 26 7726 47 7726 3868 7726 26 7727 3868 7727 3869 7727 26 7728 3869 7728 3870 7728 26 7729 3870 7729 3872 7729 3576 7730 2316 7730 2314 7730 3576 7731 3391 7731 2316 7731 3884 7732 24 7732 3576 7732 3884 7733 3576 7733 2314 7733 3884 7734 45 7734 24 7734 3868 7735 3864 7735 3869 7735 3869 7736 3865 7736 3870 7736 3870 7737 3861 7737 3871 7737 3865 7738 3861 7738 3870 7738 2777 7739 2778 7739 2511 7739 2317 7740 2318 7740 2777 7740 2732 7741 2777 7741 2511 7741 2315 7742 2317 7742 2777 7742 2751 7743 2777 7743 2732 7743 2510 7744 2732 7744 2511 7744 2751 7745 2315 7745 2777 7745 2753 7746 2313 7746 2315 7746 2753 7747 2315 7747 2751 7747 2753 7748 2312 7748 2313 7748 2755 7749 2312 7749 2753 7749 2757 7750 2312 7750 2755 7750 29 7751 2312 7751 2757 7751 27 7752 29 7752 2757 7752 2706 7753 2707 7753 924 7753 2708 7754 924 7754 2707 7754 2718 7755 2706 7755 924 7755 2709 7756 924 7756 2708 7756 929 7757 924 7757 2709 7757 2711 7758 929 7758 2709 7758 1938 7759 2716 7759 2717 7759 1938 7760 2717 7760 2718 7760 1938 7761 2718 7761 924 7761 2712 7762 929 7762 2711 7762 2715 7763 2716 7763 1938 7763 2713 7764 929 7764 2712 7764 2719 7765 2715 7765 1938 7765 2719 7766 2713 7766 2714 7766 2719 7767 2714 7767 2715 7767 2719 7768 929 7768 2713 7768 20 7769 3885 7769 19 7769 20 7770 68 7770 3885 7770 3886 7771 17 7771 16 7771 3887 7772 3886 7772 16 7772 66 7773 3886 7773 3887 7773 67 7774 66 7774 3887 7774 68 7775 3887 7775 3885 7775 67 7776 3887 7776 68 7776 3887 7777 16 7777 19 7777 3887 7778 19 7778 3885 7778 65 7779 3886 7779 66 7779 3888 7780 3745 7780 3889 7780 3888 7781 3886 7781 65 7781 3890 7782 3888 7782 65 7782 3746 7783 3890 7783 3891 7783 3746 7784 3745 7784 3890 7784 3890 7785 3745 7785 3888 7785 51 7786 59 7786 915 7786 51 7787 915 7787 912 7787 51 7788 912 7788 911 7788 51 7789 911 7789 909 7789 51 7790 909 7790 906 7790 51 7791 906 7791 904 7791 51 7792 904 7792 902 7792 51 7793 902 7793 900 7793 51 7794 900 7794 898 7794 51 7795 898 7795 896 7795 51 7796 896 7796 894 7796 51 7797 894 7797 892 7797 51 7798 892 7798 889 7798 51 7799 889 7799 887 7799 51 7800 887 7800 886 7800 51 7801 886 7801 884 7801 51 7802 884 7802 880 7802 51 7803 880 7803 877 7803 51 7804 877 7804 875 7804 3892 7805 60 7805 59 7805 3892 7806 59 7806 51 7806 3893 7807 3749 7807 3894 7807 3895 7808 3749 7808 3893 7808 3895 7809 3893 7809 3892 7809 3896 7810 3892 7810 51 7810 49 7811 3896 7811 51 7811 49 7812 3895 7812 3897 7812 49 7813 3897 7813 3896 7813 3893 7814 60 7814 3892 7814 49 7815 3749 7815 3895 7815 12 7816 3889 7816 10 7816 3888 7817 3889 7817 12 7817 3886 7818 3888 7818 17 7818 3888 7819 12 7819 17 7819 3893 7820 3890 7820 60 7820 60 7821 3890 7821 65 7821 3889 7822 3745 7822 11 7822 10 7823 3889 7823 11 7823 3899 7824 58 7824 3900 7824 3899 7825 3898 7825 58 7825 3901 7826 3899 7826 3900 7826 3901 7827 3900 7827 3902 7827 3903 7828 3901 7828 3902 7828 3903 7829 3902 7829 3904 7829 3905 7830 3903 7830 3904 7830 3905 7831 3904 7831 3906 7831 3907 7832 3905 7832 3906 7832 3907 7833 3906 7833 3908 7833 3909 7834 3907 7834 3908 7834 3909 7835 3908 7835 3910 7835 3911 7836 3909 7836 3910 7836 3912 7837 3910 7837 3914 7837 3912 7838 3911 7838 3910 7838 3913 7839 3912 7839 3914 7839 3913 7840 3914 7840 3915 7840 3916 7841 3913 7841 3915 7841 3916 7842 3915 7842 3918 7842 3917 7843 3916 7843 3918 7843 3917 7844 3918 7844 3919 7844 3920 7845 3917 7845 3919 7845 3920 7846 3919 7846 3921 7846 3922 7847 3920 7847 3921 7847 3922 7848 3921 7848 37 7848 3923 7849 3922 7849 37 7849 3923 7850 37 7850 41 7850 3923 7851 41 7851 43 7851 3924 7852 3923 7852 43 7852 3924 7853 43 7853 50 7853 3925 7854 3924 7854 50 7854 3925 7855 50 7855 53 7855 3926 7856 3925 7856 53 7856 54 7857 3926 7857 53 7857 3927 7858 54 7858 55 7858 3927 7859 55 7859 56 7859 57 7860 3927 7860 56 7860 3898 7861 57 7861 58 7861 3928 7862 3930 7862 3929 7862 3929 7863 3930 7863 3932 7863 3930 7864 3931 7864 3932 7864 3932 7865 3931 7865 3933 7865 3931 7866 3934 7866 3933 7866 3933 7867 3934 7867 3936 7867 3934 7868 3935 7868 3936 7868 3935 7869 3937 7869 3936 7869 3936 7870 3937 7870 3938 7870 3937 7871 3939 7871 3938 7871 3938 7872 3939 7872 3940 7872 3939 7873 3941 7873 3940 7873 3940 7874 3941 7874 3942 7874 3941 7875 3943 7875 3942 7875 3942 7876 3943 7876 3944 7876 3943 7877 3945 7877 3944 7877 3944 7878 3945 7878 42 7878 42 7879 3946 7879 44 7879 3946 7880 3947 7880 44 7880 44 7881 3947 7881 3948 7881 3947 7882 3928 7882 3948 7882 3948 7883 3928 7883 3929 7883 3921 7884 3942 7884 3944 7884 3919 7885 3942 7885 3921 7885 3918 7886 3942 7886 3919 7886 3918 7887 3940 7887 3942 7887 3915 7888 3940 7888 3918 7888 3915 7889 3938 7889 3940 7889 3915 7890 3914 7890 3938 7890 3948 7891 58 7891 44 7891 3938 7892 3914 7892 3936 7892 3948 7893 3900 7893 58 7893 3929 7894 3900 7894 3948 7894 3914 7895 3910 7895 3936 7895 3929 7896 3902 7896 3900 7896 3932 7897 3902 7897 3929 7897 3932 7898 3904 7898 3902 7898 3910 7899 3908 7899 3936 7899 3936 7900 3908 7900 3933 7900 3933 7901 3906 7901 3932 7901 3932 7902 3906 7902 3904 7902 3933 7903 3908 7903 3906 7903 3949 7904 3891 7904 3890 7904 3950 7905 3949 7905 3890 7905 3893 7906 3894 7906 3950 7906 3893 7907 3950 7907 3890 7907 3894 7908 3749 7908 3748 7908 3950 7909 3748 7909 3747 7909 3950 7910 3894 7910 3748 7910 3949 7911 3747 7911 3746 7911 3949 7912 3950 7912 3747 7912 3891 7913 3949 7913 3746 7913 3892 7914 3896 7914 3951 7914 3952 7915 3892 7915 3951 7915 3897 7916 3951 7916 3896 7916 3897 7917 3953 7917 3951 7917 3895 7918 3953 7918 3897 7918 3895 7919 3954 7919 3953 7919 3952 7920 3954 7920 3895 7920 3952 7921 3895 7921 3892 7921 57 7922 3951 7922 3927 7922 54 7923 3927 7923 3951 7923 3898 7924 3951 7924 57 7924 3926 7925 54 7925 3951 7925 3899 7926 3951 7926 3898 7926 3925 7927 3926 7927 3951 7927 3901 7928 3951 7928 3899 7928 3953 7929 3924 7929 3925 7929 3953 7930 3923 7930 3924 7930 3953 7931 3922 7931 3923 7931 3953 7932 3925 7932 3951 7932 3952 7933 3905 7933 3907 7933 3952 7934 3903 7934 3905 7934 3952 7935 3901 7935 3903 7935 3952 7936 3951 7936 3901 7936 3920 7937 3922 7937 3953 7937 3909 7938 3952 7938 3907 7938 3911 7939 3952 7939 3909 7939 3917 7940 3920 7940 3953 7940 3954 7941 3916 7941 3917 7941 3954 7942 3917 7942 3953 7942 3954 7943 3913 7943 3916 7943 3954 7944 3912 7944 3913 7944 3954 7945 3952 7945 3911 7945 3954 7946 3911 7946 3912 7946 3945 7947 3946 7947 42 7947 3943 7948 3947 7948 3945 7948 3939 7949 3947 7949 3941 7949 3941 7950 3947 7950 3943 7950 3945 7951 3947 7951 3946 7951 3937 7952 3935 7952 3939 7952 3935 7953 3930 7953 3939 7953 3947 7954 3930 7954 3928 7954 3939 7955 3930 7955 3947 7955 3935 7956 3934 7956 3930 7956 3930 7957 3934 7957 3931 7957 3961 7958 3959 7958 3955 7958 3956 7959 3957 7959 3960 7959 3955 7960 3957 7960 3956 7960 3958 7961 3957 7961 3959 7961 3959 7962 3957 7962 3955 7962 3962 7963 3956 7963 3960 7963 3960 7964 3957 7964 3958 7964 3961 7965 3956 7965 3962 7965 3955 7966 3956 7966 3961 7966 3958 7967 3959 7967 3961 7967 3958 7968 3962 7968 3960 7968 3958 7969 3961 7969 3962 7969 3964 7970 3967 7970 3966 7970 3967 7971 3964 7971 3968 7971 3969 7972 3963 7972 3965 7972 3968 7973 3964 7973 3969 7973 3966 7974 3963 7974 3964 7974 3964 7975 3963 7975 3969 7975 3963 7976 3966 7976 3965 7976 3965 7977 3968 7977 3969 7977 3967 7978 3968 7978 3966 7978 3966 7979 3968 7979 3965 7979 3973 7980 3970 7980 3971 7980 3972 7981 3970 7981 3973 7981 3972 7982 3973 7982 3970 7982 3973 7983 3971 7983 3970 7983 3975 7984 3976 7984 3977 7984 3977 7985 3976 7985 3978 7985 3978 7986 3976 7986 3974 7986 3976 7987 3975 7987 3974 7987 3975 7988 3977 7988 3974 7988 3977 7989 3978 7989 3974 7989 3979 7990 3982 7990 3980 7990 3980 7991 3982 7991 3979 7991 3981 7992 3982 7992 3980 7992 3982 7993 3981 7993 3980 7993 3987 7994 3986 7994 3983 7994 3984 7995 3986 7995 3987 7995 3985 7996 3986 7996 3984 7996 3983 7997 3986 7997 3985 7997 3984 7998 3987 7998 3983 7998 3985 7999 3984 7999 3983 7999</p>
                </triangles>
            </mesh>
        </geometry>
    </library_geometries>
    <library_visual_scenes>
        <visual_scene id="VisualSceneNode" name="VisualScene">
            <node id="node" name="node">
                <instance_geometry url="#shape0-lib"/>
            </node>
        </visual_scene>
    </library_visual_scenes>
    <scene>
        <instance_visual_scene url="#VisualSceneNode"/>
    </scene>
</COLLADA>
