<?xml version="1.0" encoding="UTF-8"?>
<COLLADA xmlns="http://www.collada.org/2005/11/COLLADASchema" version="1.4.1">
    <asset>
        <contributor>
            <author>VCGLab</author>
            <authoring_tool>VCGLib | MeshLab</authoring_tool>
        </contributor>
        <created>Mi. Jan. 4 15:22:09 2023 GMT</created>
        <modified>Mi. Jan. 4 15:22:09 2023 GMT</modified>
        <up_axis>Y_UP</up_axis>
    </asset>
    <library_geometries>
        <geometry id="shape0-lib" name="shape0">
            <mesh>
                <source id="shape0-lib-positions" name="position">
                    <float_array id="shape0-lib-positions-array" count="12003">-0.0217327 -0.0492 -0.020681 -0.0266804 -0.0492 -0.0302325 -0.0206805 -0.0492 -0.0217329 -0.0227313 -0.0492 -0.0195778 -0.0319308 -0.0492 -0.0245005 -0.0195775 -0.0492 -0.0227309 -0.0236742 -0.0492 -0.0184258 -0.0184264 -0.0492 -0.0236739 -0.0212026 -0.0492 -0.0342167 -0.0172298 -0.0492 -0.0245589 -0.0245587 -0.0492 -0.0172299 -0.015991 -0.0492 -0.0253828 -0.0253829 -0.0492 -0.0159908 -0.0147127 -0.0492 -0.0261448 -0.0261445 -0.0492 -0.0147129 -0.0133983 -0.0492 -0.026842 -0.0132732 -0.0492 -0.0379318 -0.0268419 -0.0492 -0.0133978 -0.0274732 -0.0492 -0.012051 -0.0120507 -0.0492 -0.0274728 -0.0280368 -0.0492 -0.0106739 -0.0106738 -0.0492 -0.0280369 -0.0285317 -0.0492 -0.009271 -0.00927043 -0.0492 -0.0285319 -0.0289562 -0.0492 -0.00784382 -0.0371623 -0.0492 -0.0152596 -0.00784445 -0.0492 -0.0289558 -0.0293095 -0.0492 -0.00639877 -0.00639892 -0.0492 -0.0293098 -0.0295908 -0.0492 -0.00493798 -0.00493789 -0.0492 -0.0295909 -0.00112522 -0.0492 -0.0401684 -0.0297992 -0.0492 -0.00346479 -0.00346446 -0.0492 -0.0297988 -0.0299344 -0.0492 -0.00198278 -0.0399716 -0.0492 -0.00475702 -0.00198269 -0.0492 -0.0299338 -0.0299959 -0.0492 -0.000495762 -0.000495911 -0.0492 -0.0299958 -0.0299835 -0.0492 0.000992209 0.00099194 -0.0492 -0.0299838 -0.0298975 -0.0492 0.00247708 0.00723517 -0.0492 -0.0395916 0.00247741 -0.0492 -0.0298978 -0.0297379 -0.0492 0.00395718 -0.0399716 -0.0492 0.00475731 0.00395679 -0.0492 -0.0297378 -0.029505 -0.0492 0.00542608 0.00542641 -0.0492 -0.0295049 -0.0291998 -0.0492 0.00688305 0.00688267 -0.0492 -0.0291999 -0.0288227 -0.0492 0.00832215 0.00832212 -0.0492 -0.028823 -0.0283744 -0.0492 0.00974122 0.00974107 -0.0492 -0.0283748 0.0137951 -0.0492 -0.037902 -0.0278566 -0.0492 0.0111362 0.0111359 -0.0492 -0.0278569 -0.0272702 -0.0492 0.0125031 0.0125035 -0.0492 -0.0272699 -0.0266167 -0.0492 0.0138401 -0.0377573 -0.0492 0.0136069 0.0138402 -0.0492 -0.0266169 0.0208169 -0.0492 -0.0343097 -0.0258977 -0.0492 0.0151431 0.0151429 -0.0492 -0.0258978 -0.025115 -0.0492 0.0164081 -0.0333154 -0.0492 0.022714 0.0164084 -0.0492 -0.0251149 -0.0242705 -0.0492 0.0176341 0.0176334 -0.0492 -0.0242709 -0.0233662 -0.0492 0.0188152 0.0188153 -0.0492 -0.0233658 -0.0224047 -0.0492 0.019951 0.0199507 -0.0492 -0.0224048 -0.0213878 -0.0492 0.021037 0.0210371 -0.0492 -0.0213879 0.0298811 -0.0492 -0.0270406 0.0220717 -0.0492 -0.0203179 -0.0203184 -0.0492 0.0220722 -0.0289903 -0.0492 0.0279271 0.0230521 -0.0492 -0.019199 -0.0191989 -0.0492 0.0230521 -0.0259264 -0.0492 0.030898 0.0239756 -0.0492 -0.0180319 -0.0231152 -0.0492 0.0330118 -0.0180323 -0.0492 0.0239762 0.0248404 -0.0492 -0.0168208 -0.0168215 -0.0492 0.02484 0.0256438 -0.0492 -0.0155688 -0.0155691 -0.0492 0.0256442 0.0335776 -0.0492 -0.0222848 0.0263842 -0.0492 -0.0142778 -0.0142784 -0.0492 0.026384 0.0358925 -0.0492 -0.0184008 0.0270598 -0.0492 -0.0129529 -0.0129526 -0.0492 0.0270602 0.0276687 -0.0492 -0.0115949 -0.011595 -0.0492 0.0276691 0.0282097 -0.0492 -0.0102089 -0.0102088 -0.0492 0.0282101 -0.0172398 -0.0492 0.036375 0.0373275 -0.0492 -0.01519 0.028681 -0.0492 -0.00879678 -0.00879741 -0.0492 0.0286812 0.0391746 -0.0492 -0.00945672 0.0290821 -0.0492 -0.00736484 -0.00736451 -0.0492 0.0290822 0.0294114 -0.0492 -0.00591287 -0.0094564 -0.0492 0.0391749 -0.0059135 -0.0492 0.0294112 0.0296686 -0.0492 -0.00444779 -0.00444794 -0.0492 0.0296682 -0.00451231 -0.0492 0.0400466 0.0298525 -0.0492 -0.00297078 -0.00297141 -0.0492 0.029853 0.0299631 -0.0492 -0.00148782 -0.00148749 -0.0492 0.0299632 0.0401466 -0.0492 -0.00351247 0.03 -0.0492 1.49012e-07 0 -0.0492 0.0300001 0 -0.0492 0.0403341 0.001472 -0.0492 0.0299641 0.0401217 -0.0492 0.00325766 0.029964 -0.0492 0.00147215 0.00294054 -0.0492 0.0298561 0.0298555 -0.0492 0.00294104 0.00440192 -0.0492 0.0296752 0.0296752 -0.0492 0.00440207 0.0058527 -0.0492 0.0294241 0.00451243 -0.0492 0.0400466 0.0294236 -0.0492 0.00585309 0.00728941 -0.0492 0.029101 0.029101 -0.0492 0.00728908 0.00897253 -0.0492 0.0393111 0.0087086 -0.0492 0.0287081 0.0287082 -0.0492 0.00870815 0.0118887 -0.0492 0.0385422 0.0101068 -0.0492 0.0282461 0.0389268 -0.0492 0.01043 0.0282464 -0.0492 0.0101072 0.0114806 -0.0492 0.0277161 0.0375462 -0.0492 0.0147361 0.0277164 -0.0492 0.01148 0.0128267 -0.0492 0.02712 0.0271196 -0.0492 0.0128271 0.0161158 -0.0492 0.0369374 0.0141419 -0.0492 0.0264582 0.0363288 -0.0492 0.0174951 0.0264575 -0.0492 0.0141422 0.0154231 -0.0492 0.0257322 0.0257319 -0.0492 0.0154232 0.0201609 -0.0492 0.0349196 0.0166671 -0.0492 0.0249442 0.0249441 -0.0492 0.016667 0.0227211 -0.0492 0.0333261 0.017871 -0.0492 0.0240962 0.0341229 -0.0492 0.0214407 0.0240963 -0.0492 0.0178711 0.0190318 -0.0492 0.0231902 0.0315347 -0.0492 0.0251481 0.0231903 -0.0492 0.0190322 0.0201468 -0.0492 0.0222291 0.0222285 -0.0492 0.0201472 0.0262873 -0.0492 0.0305461 0.0212133 -0.0492 0.0212132 0.0295579 -0.0492 0.0274262 0.0470001 -0.0485 -0.0274998 0.0470001 -0.0525 -0.0274998 0.0470001 -0.0485 -0.038555 0.0470001 -0.0525 -0.038555 0.0366603 -0.0485 -0.0529998 0.0366603 -0.0525 -0.0529998 0.0300654 -0.0485 -0.0529989 0.0300654 -0.0525 -0.0529989 -0.0269146 -0.0485 -0.050017 0.0298693 -0.0485 -0.0529929 -0.0439281 -0.0525 -0.0352248 -0.0483005 -0.0525 -0.03029 -0.0483005 -0.0485 -0.03029 -0.0439281 -0.0485 -0.0352248 -0.0393515 -0.0525 -0.0399719 -0.0393515 -0.0485 -0.0399719 -0.034579 -0.0485 -0.0445219 -0.034579 -0.0525 -0.0445219 -0.0296192 -0.0485 -0.0488668 -0.0296192 -0.0525 -0.0488668 -0.0505378 -0.0525 0.0210332 -0.0494037 -0.0525 0.027974 -0.0494037 -0.0485 0.027974 -0.0505378 -0.0485 0.0210332 -0.0513494 -0.0525 0.0140471 -0.0513494 -0.0485 0.0140471 -0.0518372 -0.0525 0.00703111 -0.0518372 -0.0485 0.00703111 -0.052 -0.0525 1.49012e-07 -0.052 -0.0485 1.49012e-07 -0.0518372 -0.0525 -0.00703081 -0.0518372 -0.0485 -0.00703081 -0.0513494 -0.0525 -0.0140468 -0.0513494 -0.0485 -0.0140468 -0.0505378 -0.0525 -0.0210329 -0.0505378 -0.0485 -0.0210329 -0.0494037 -0.0525 -0.027974 -0.0494037 -0.0485 -0.027974 -0.0296192 -0.0525 0.0488671 -0.0296192 -0.0485 0.0488671 -0.034579 -0.0485 0.0445222 -0.034579 -0.0525 0.0445222 -0.0393515 -0.0485 0.0399722 -0.0393515 -0.0525 0.0399722 -0.0439281 -0.0485 0.0352251 -0.0439281 -0.0525 0.0352251 -0.0483005 -0.0485 0.03029 -0.0483005 -0.0525 0.03029 -0.0266662 -0.0485 0.0500301 -0.0266662 -0.0525 0.0500301 0.0298693 -0.0485 0.0529932 0.0366603 -0.0525 0.0530001 0.0333629 -0.0485 0.0529996 0.0470001 -0.0525 0.0330276 0.0470001 -0.0485 0.0330276 0.047951 -0.0525 0.0265025 0.0497 -0.0485 0.0265001 0.0497 -0.0525 0.0265001 0.05 -0.0528 -0.0261999 0.05 -0.0485 -0.0261999 0.05 -0.0535 -0.0254999 0.05 -0.0535 0.0255002 0.05 -0.0528 0.0262002 0.0497 -0.0525 -0.0264998 0.0497 -0.0485 -0.0264998 0.0379547 -0.0535 -0.0512055 0.0459567 -0.0535 -0.0388113 0.046 -0.0535 -0.038555 0.0396028 -0.0535 -0.0494603 0.0299125 -0.0525 -0.0529951 0.0333781 -0.0535 -0.0519997 0.0299217 -0.0535 -0.0519949 0.031281 -0.0535 -0.032071 0.0409904 -0.0535 -0.0475 0.0328407 -0.0535 -0.0304719 0.0296435 -0.0535 -0.0335899 0.046 -0.0535 -0.0274998 0.0279324 -0.0535 -0.0350259 0.0350151 -0.0535 -0.0279234 0.0261517 -0.0535 -0.0363749 0.0370154 -0.0535 -0.0252369 0.0243061 -0.0535 -0.0376328 0.0387859 -0.0535 -0.0223928 0.021419 -0.0535 -0.039332 0.0403634 -0.0535 -0.0194379 0.0467975 -0.0535 -0.0261658 0.0184257 -0.0535 -0.040835 0.0412822 -0.0535 -0.0174018 0.0480001 -0.0535 -0.0254999 0.0163672 -0.0535 -0.0417028 0.0420983 -0.0535 -0.0153228 0.0142682 -0.0535 -0.042467 0.0428096 -0.0535 -0.0132049 0.0121337 -0.0535 -0.043126 0.0434147 -0.0535 -0.0110548 0.009969 -0.0535 -0.0436769 0.0439117 -0.0535 -0.00887689 0.00777936 -0.0535 -0.044119 0.0442996 -0.0535 -0.00667676 0.00557065 -0.0535 -0.0444518 0.0445774 -0.0535 -0.0044609 0.00334787 -0.0535 -0.044675 0.0447443 -0.0535 -0.00223288 0.00111699 -0.0535 -0.0447858 0.0448 -0.0535 1.49012e-07 -0.00111687 -0.0535 -0.0447858 0.0428096 -0.0535 0.0132052 0.0420983 -0.0535 0.0153231 0.0434147 -0.0535 0.0110551 0.0439117 -0.0535 0.00887719 0.0442996 -0.0535 0.00667706 0.0445774 -0.0535 0.0044612 0.0447443 -0.0535 0.00223318 0.0480001 -0.0535 0.0255002 0.0412822 -0.0535 0.0174021 -0.026614 -0.0535 -0.0490318 -0.00334787 -0.0535 -0.044675 -0.00557065 -0.0535 -0.0444518 -0.00777936 -0.0535 -0.044119 -0.00996888 -0.0535 -0.0436769 -0.0121336 -0.0535 -0.043126 -0.0142682 -0.0535 -0.042467 -0.0163672 -0.0535 -0.0417028 0.0466907 -0.0535 0.0263402 0.0403634 -0.0535 0.0194382 -0.0194319 -0.0535 -0.0403505 -0.028131 -0.0535 -0.0486139 -0.0289762 -0.0535 -0.0481008 0.0387859 -0.0535 0.0223931 -0.0223999 -0.0535 -0.0387979 -0.0243061 -0.0535 -0.0376328 0.0370154 -0.0535 0.0252372 -0.0339043 -0.0535 -0.043784 -0.0261517 -0.0535 -0.0363749 0.046 -0.0535 0.0330276 0.0458827 -0.0535 0.0390259 0.0350151 -0.0535 0.0279235 -0.028788 -0.0535 -0.0343078 0.0328407 -0.0535 0.0304722 -0.0386465 -0.0535 -0.0392629 -0.031281 -0.0535 -0.032071 0.031281 -0.0535 0.032071 0.0409904 -0.0535 0.0475 0.0296435 -0.0535 0.0335902 0.0279324 -0.0535 0.0350262 -0.0431937 -0.0535 -0.034546 -0.0335797 -0.0535 -0.0296343 -0.0357115 -0.0535 -0.0270499 -0.0370154 -0.0535 -0.0252369 0.0371473 -0.0532744 0.052087 0.038218 -0.0535 0.0509659 -0.0475383 -0.0535 -0.0296429 -0.0382273 -0.0535 -0.0233599 -0.0393443 -0.0535 -0.0214258 -0.0484208 -0.0535 -0.0277899 0.0399927 -0.0535 0.0489747 0.0333956 -0.0535 0.0520002 0.0261517 -0.0535 0.0363752 0.0299217 -0.0535 0.0519952 0.021419 -0.0535 0.0393321 0.0243061 -0.0535 0.0376331 0.030004 -0.0525 0.0530001 0.0184257 -0.0535 0.0408351 0.0163672 -0.0535 0.0417031 0.0142682 -0.0535 0.042467 -0.0403633 -0.0535 -0.0194379 -0.0495474 -0.0535 -0.0208949 -0.0416901 -0.0535 -0.0163623 0.0121337 -0.0535 0.043126 0.009969 -0.0535 0.0436772 0.00777936 -0.0535 0.044119 -0.0428096 -0.0535 -0.0132049 -0.0503538 -0.0535 -0.013955 -0.0434146 -0.0535 -0.0110548 -0.0439117 -0.0535 -0.00887689 0.00557065 -0.0535 0.0444521 0.00334787 -0.0535 0.044675 0.00111699 -0.0535 0.0447861 -0.0508384 -0.0535 -0.0069848 -0.0444385 -0.0535 -0.00556883 -0.0447443 -0.0535 -0.00223288 -0.0448 -0.0535 1.49012e-07 -0.051 -0.0535 1.49012e-07 -0.0508384 -0.0535 0.0069851 -0.0446608 -0.0535 0.00334707 -0.0442996 -0.0535 0.00667706 -0.0439117 -0.0535 0.00887719 -0.0503538 -0.0535 0.013955 -0.0431122 -0.0535 0.0121302 -0.0420982 -0.0535 0.0153231 -0.0495474 -0.0535 0.0208952 -0.0412821 -0.0535 0.0174021 -0.0398538 -0.0535 0.0204321 -0.0223999 -0.0535 0.038798 -0.0194319 -0.0535 0.0403506 -0.0163672 -0.0535 0.0417031 -0.0142682 -0.0535 0.042467 -0.0121336 -0.0535 0.043126 -0.00996888 -0.0535 0.0436772 -0.00777936 -0.0535 0.044119 -0.00557065 -0.0535 0.0444521 -0.00334787 -0.0535 0.044675 -0.00111687 -0.0535 0.0447861 -0.0484208 -0.0535 0.0277902 -0.0382273 -0.0535 0.0233602 -0.0289762 -0.0535 0.0481011 -0.0243061 -0.0535 0.0376331 -0.0475383 -0.0535 0.0296432 -0.0370154 -0.0535 0.0252372 -0.0339043 -0.0535 0.0437841 -0.028788 -0.0535 0.0343081 -0.0261517 -0.0535 0.0363752 -0.0431937 -0.0535 0.034546 -0.0335797 -0.0535 0.0296346 -0.0357115 -0.0535 0.0270502 -0.031281 -0.0535 0.032071 -0.0386465 -0.0535 0.0392632 -0.0272815 -0.0485 0.0499519 -0.0273715 -0.0525 0.0499281 -0.0288 -0.0525 0.049395 -0.0285792 -0.0485 0.0494894 -0.0491906 -0.0485 -0.0286926 -0.049166 -0.0525 -0.028746 -0.0486491 -0.0485 -0.0298146 -0.0486188 -0.0525 -0.0298654 -0.0488001 -0.0525 0.0295624 -0.0487571 -0.0485 0.0296396 -0.0492218 -0.0485 0.0286259 -0.0492432 -0.0525 0.028571 -0.0291157 -0.0525 -0.0492292 -0.0291694 -0.0485 -0.0491982 -0.0280845 -0.0485 -0.0497228 -0.027923 -0.0525 -0.0497764 -0.0268854 -0.0525 -0.0500184 -0.0406172 -0.0493172 1.49012e-07 -0.0427086 -0.0514086 1.49012e-07 -0.0405672 -0.0493172 -0.00201377 -0.0405681 -0.0493172 0.00199309 -0.0404174 -0.0493172 -0.00402293 -0.0424962 -0.0514086 -0.00425181 -0.0401683 -0.0493172 -0.00602183 -0.0418618 -0.0514086 -0.008463 -0.0398202 -0.0493172 -0.00800595 -0.0393744 -0.0493172 -0.00997099 -0.0408112 -0.0514086 -0.0125888 -0.0388315 -0.0493172 -0.0119108 -0.038193 -0.0493172 -0.0138219 -0.0374608 -0.0493172 -0.0156978 -0.0393548 -0.0514086 -0.0165888 -0.0366364 -0.0493172 -0.017537 -0.0357217 -0.0493172 -0.0193318 -0.0375075 -0.0514086 -0.0204259 -0.0347192 -0.0493172 -0.0210789 -0.0336313 -0.0493172 -0.0227748 -0.0352875 -0.0514086 -0.0240589 -0.0324607 -0.0493172 -0.0244139 -0.0327168 -0.0514086 -0.0274528 -0.0312103 -0.0493172 -0.0259939 -0.0298829 -0.0493172 -0.0275088 -0.0298207 -0.0514086 -0.0305739 -0.0284822 -0.0493172 -0.028957 -0.0270114 -0.0493172 -0.0303338 -0.0254741 -0.0493172 -0.0316359 -0.0266284 -0.0514086 -0.0333908 -0.023874 -0.0493172 -0.0328599 -0.0222155 -0.0493172 -0.0340029 -0.0231714 -0.0514086 -0.0358759 -0.0205021 -0.0493172 -0.0350629 -0.019484 -0.0514086 -0.038005 -0.0187383 -0.0493172 -0.0360359 -0.0169284 -0.0493172 -0.0369209 -0.015077 -0.0493172 -0.0377148 -0.0156032 -0.0514086 -0.0397559 -0.0131884 -0.0493172 -0.0384158 -0.0112673 -0.0493172 -0.0390228 -0.0115671 -0.0514086 -0.0411118 -0.00931847 -0.0493172 -0.0395339 -0.00741625 -0.0514086 -0.04206 -0.00535703 -0.0493172 -0.0402618 -0.00335407 -0.0493172 -0.0404778 -0.00319159 -0.0514086 -0.0425888 -0.00134301 -0.0493172 -0.0405949 0.000671625 -0.0493172 -0.0406118 0.00106478 -0.0514086 -0.0426949 0.00268435 -0.0493172 -0.0405279 0.00531054 -0.0514086 -0.0423768 0.00469065 -0.0493172 -0.0403448 0.0066855 -0.0493172 -0.040063 0.00866365 -0.0493172 -0.0396818 0.0095036 -0.0514086 -0.041638 0.0106206 -0.0493172 -0.039204 0.0125514 -0.0493172 -0.0386289 0.0136021 -0.0514086 -0.040485 0.0144515 -0.0493172 -0.0379589 0.0175655 -0.0514086 -0.0389288 0.0163157 -0.0493172 -0.0371958 0.0181401 -0.0493172 -0.0363408 0.0199196 -0.0493172 -0.0353969 0.0213543 -0.0514086 -0.0369869 0.0216502 -0.0493172 -0.034366 0.0233276 -0.0493172 -0.0332499 0.0249308 -0.0514086 -0.0346769 0.0249476 -0.0493172 -0.0320528 0.0265062 -0.0493172 -0.0307759 0.0282596 -0.0514086 -0.0320219 0.0279996 -0.0493172 -0.0294238 0.0293771 -0.0492738 -0.0279549 0.0313077 -0.0514086 -0.0290488 0.0307763 -0.0493172 -0.0265058 0.0340445 -0.0514086 -0.0257879 0.0332502 -0.0493172 -0.0233279 0.036443 -0.0514086 -0.0222698 0.0353973 -0.0493172 -0.01992 0.0362834 -0.0492738 -0.0181108 0.0384791 -0.0514086 -0.0185309 0.0371962 -0.0493172 -0.0163158 0.040133 -0.0514086 -0.0146068 0.0386293 -0.0493172 -0.0125509 0.0413879 -0.0514086 -0.0105389 0.0391414 -0.0492738 -0.010604 0.0396824 -0.0493172 -0.00866398 0.0422316 -0.0514086 -0.00636491 0.0403454 -0.0493172 -0.00469097 0.0426555 -0.0514086 -0.00212893 0.0406116 -0.0493172 -0.000671953 0.0426555 -0.0514086 0.00212923 0.0405302 -0.0492738 0.00134102 0.0404139 -0.0492738 0.0033485 0.0422316 -0.0514086 0.00636521 0.0399473 -0.0493172 0.00734702 0.0413879 -0.0514086 0.0105392 0.0394707 -0.0492738 0.0093042 0.0390232 -0.0493172 0.0112671 0.040133 -0.0514086 0.0146071 0.0377152 -0.0493172 0.015077 0.0384791 -0.0514086 0.0185312 0.0360365 -0.0493172 0.0187382 0.036443 -0.0514086 0.0222701 0.035007 -0.0492738 0.0204696 0.0340033 -0.0493172 0.022215 0.0340445 -0.0514086 0.0257882 0.0316358 -0.0493172 0.0254742 0.0313077 -0.0514086 0.0290491 0.0289572 -0.0493172 0.0284821 0.0282596 -0.0514086 0.0320221 0.0259937 -0.0493172 0.0312101 0.0249308 -0.0514086 0.0346772 0.0227747 -0.0493172 0.0336312 0.0213543 -0.0514086 0.0369872 0.0210453 -0.0492738 0.0346636 0.0193317 -0.0493172 0.0357222 0.0175655 -0.0514086 0.0389291 0.0156986 -0.0493172 0.0374612 0.0136021 -0.0514086 0.0404851 0.011911 -0.0493172 0.0388311 0.0095036 -0.0514086 0.041638 0.00995505 -0.0492738 0.0393116 0.00800633 -0.0493172 0.0398201 0.00531054 -0.0514086 0.0423771 0.00602198 -0.0493172 0.0401682 0.00402284 -0.0493172 0.0404171 0.00106478 -0.0514086 0.0426952 -0.00199294 -0.0493172 0.040568 0.00201404 -0.0493172 0.0405671 -0.00319159 -0.0514086 0.0425891 -0.00595975 -0.0493172 0.040177 -0.00741625 -0.0514086 0.04206 -0.00992978 -0.0492738 0.0393175 -0.0115671 -0.0514086 0.0411121 -0.0136836 -0.0493172 0.0382432 -0.0156032 -0.0514086 0.0397562 -0.0174664 -0.0492738 0.0365981 -0.019484 -0.0514086 0.038005 -0.0208814 -0.0493172 0.0348391 -0.0231714 -0.0514086 0.0358762 -0.0241956 -0.0493172 0.0326242 -0.0266284 -0.0514086 0.0333911 -0.0257673 -0.0493172 0.031397 -0.0272768 -0.0493172 0.030095 -0.0287206 -0.0493172 0.028721 -0.0298207 -0.0514086 0.0305742 -0.0300953 -0.0493172 0.0272771 -0.0313975 -0.0493172 0.0257672 -0.0327168 -0.0514086 0.0274531 -0.032624 -0.0493172 0.0241961 -0.0337719 -0.0493172 0.0225662 -0.0352875 -0.0514086 0.0240592 -0.0348384 -0.0493172 0.0208811 -0.0358211 -0.0493172 0.0191471 -0.0375075 -0.0514086 0.0204262 -0.0367174 -0.0493172 0.0173661 -0.0375254 -0.0493172 0.0155431 -0.0393548 -0.0514086 0.0165891 -0.0382428 -0.0493172 0.0136832 -0.0388682 -0.0493172 0.0117911 -0.0408112 -0.0514086 0.0125891 -0.0393999 -0.0493172 0.00986901 -0.0398366 -0.0493172 0.00792423 -0.0418618 -0.0514086 0.00846305 -0.0401776 -0.0493172 0.00596014 -0.0424962 -0.0514086 0.00425211 -0.0404216 -0.0493172 0.00398102 0.0414606 -0.0525 0.0486492 0.0418564 -0.0525 0.048 0.0418564 -0.0485 0.048 0.0412476 -0.0485 0.0489642 0.0408068 -0.0525 0.0495836 0.0403368 -0.0485 0.0501811 0.0398391 -0.0525 0.0507556 0.0393147 -0.0485 0.0513062 0.0387648 -0.0525 0.0518312 0.0384836 -0.0485 0.0520872 0.0378976 -0.0525 0.0525712 0.0467322 -0.0485 0.0395552 0.0467322 -0.0525 0.0395552 0.0418564 -0.0525 -0.0479999 0.0467322 -0.0485 -0.0395549 0.0467322 -0.0525 -0.0395549 0.0418564 -0.0485 -0.0479999 0.0384836 -0.0525 -0.0520869 0.0387648 -0.0485 -0.0518309 0.0393147 -0.0525 -0.0513059 0.0403368 -0.0525 -0.050181 0.0402091 -0.0485 -0.0503217 0.0412476 -0.0525 -0.0489639 0.0412476 -0.0485 -0.0489639 0.037799 -0.0485 0.0526382 0.0372161 -0.0505 0.0528983 0.0469216 -0.0505 -0.0390578 0.0469351 -0.0505 0.0389666 0.0373006 -0.0505 -0.0528646 0.0378397 -0.0525 -0.0526131 0.0378594 -0.0485 -0.0526 0.0475802 -0.0525 0.0266124 0.0470705 -0.052778 0.0268413 0.0470946 -0.0485 0.0271455 0.0471902 -0.0515 -0.0269838 0.0475976 -0.0483302 -0.0265215 0.0479149 -0.0525 -0.0265089 0.0479268 -0.0485 -0.026506 0.0462471 -0.053204 0.0388815 -0.0282573 -0.0532604 0.0487997 -0.0269527 -0.0535 0.0490145 -0.0483897 -0.0532109 0.0287262 -0.0483388 -0.0532578 -0.0287074 -0.0277932 -0.0531875 -0.0490344 0.037014 -0.0532363 -0.052194 0.0459675 -0.0535 -0.0388792 0.0468173 -0.0531621 -0.0266505 0 -0.0492738 0.040552 0.00350702 -0.0492304 0.0403012 0.00798082 -0.0492304 0.039693 0.011873 -0.0492304 0.0387072 0.0137997 -0.0492738 0.0381321 0.0156484 -0.0492304 0.037341 0.0175086 -0.0492738 0.0365776 0.0192698 -0.0492304 0.0356082 0.022702 -0.0492304 0.0335242 0.0243752 -0.0492738 0.0324091 0.0259106 -0.0492304 0.0311112 0.0274653 -0.0492738 0.0298356 0.0288646 -0.0492304 0.028391 0.0302854 -0.0492738 0.0269682 0.0315347 -0.0492304 0.0253932 0.0328076 -0.0492738 0.023836 0.0338948 -0.0492304 0.0221452 0.0359213 -0.0492304 0.0186781 0.0368624 -0.0492738 0.0169012 0.0375948 -0.0492304 0.0150291 0.038355 -0.0492738 0.0131671 0.0388985 -0.0492304 0.0112311 0.0398196 -0.0492304 0.00732318 0.0401981 -0.0492738 0.00534859 0.0404819 -0.0492304 -0.000668854 0.0404637 -0.0492738 -0.00267991 0.0402164 -0.0492304 -0.00467595 0.0399992 -0.0492738 -0.00667438 0.0395558 -0.0492304 -0.00863585 0.0385058 -0.0492304 -0.0125109 0.0378988 -0.0492738 -0.014428 0.0370773 -0.0492304 -0.0162638 0.035284 -0.0492304 -0.0198558 0.0343111 -0.0492738 -0.0216154 0.033144 -0.0492304 -0.0232528 0.0320015 -0.0492738 -0.0249079 0.0306779 -0.0492304 -0.0264219 0.0274451 -0.0492304 -0.0297543 0.0223703 -0.0492304 -0.0336669 0.0152961 -0.0492304 -0.0374421 0.0114046 -0.0492304 -0.0388382 0.00526237 -0.0492304 -0.0400604 -0.00204813 -0.0492304 -0.0403672 -0.00701284 -0.0492738 -0.0399371 -0.0138519 -0.0492304 -0.0379659 -0.0209153 -0.0492304 -0.0345958 -0.0253817 -0.0492304 -0.031515 -0.0288761 -0.0492304 -0.0283304 -0.0328293 -0.0492304 -0.0236581 -0.0349627 -0.0492304 -0.0203494 -0.0379251 -0.0492304 -0.0139798 -0.0396359 -0.0492304 -0.00811419 -0.0403355 -0.0492304 -0.00314245 -0.0404811 -0.0492304 0.000504643 -0.0403196 -0.0492304 0.00350419 -0.0398405 -0.0492304 0.00708905 -0.0384517 -0.0492304 0.0125538 -0.0361714 -0.0492304 0.0181016 -0.0340164 -0.0492304 0.0219423 -0.0316864 -0.0492304 0.0251221 -0.0275383 -0.0492304 0.0296792 -0.0260248 -0.0492304 0.0310151 -0.0244465 -0.0492304 0.0322742 -0.0226865 -0.0492738 0.0336122 -0.0211115 -0.0492304 0.0345472 -0.019255 -0.0492738 0.035689 -0.015635 -0.0492738 0.0374166 -0.0138475 -0.0492304 0.038046 -0.0118622 -0.0492738 0.0387787 -0.00797319 -0.0492738 0.039761 -0.00603426 -0.0492304 0.0400352 -0.00400627 -0.0492738 0.0403542 -0.00201809 -0.0492304 0.0404371 -0.0491087 -0.0482 0.0279192 -0.0502408 -0.0482 0.0209912 -0.0510508 -0.0482 0.0140192 -0.0515375 -0.0482 0.00701705 -0.0517 -0.0482 1.49012e-07 -0.0515375 -0.0482 -0.00701699 -0.0510508 -0.0482 -0.0140189 -0.0502408 -0.0482 -0.0209909 -0.0491087 -0.0482 -0.0279189 -0.048072 -0.0482 0.0300962 -0.0487285 -0.0482 0.0289744 -0.0487285 -0.0482 -0.0289741 -0.048072 -0.0482 -0.0300959 -0.0343766 -0.0482 0.0443002 -0.0294263 -0.0482 0.0486371 -0.03914 -0.0482 0.0397591 -0.0437078 -0.0482 0.0350212 -0.0437078 -0.0482 -0.0350209 -0.03914 -0.0482 -0.0397588 -0.0343766 -0.0482 -0.0442999 -0.0294263 -0.0482 -0.0486368 -0.0266504 -0.0482 0.0497312 -0.0282348 -0.0482 0.0492951 -0.0281031 -0.0482 -0.0493487 -0.0266504 -0.0482 -0.0497309 0.0298849 -0.0482 0.0526942 0.0298849 -0.0482 -0.0526939 0.0333649 -0.0482 0.0526995 0.0333649 -0.0482 -0.0526994 0.0376086 -0.0482469 0.0524084 0.0415967 -0.0482 0.04785 0.0400568 -0.04805 0.0502075 0.0392281 -0.0482 0.0509562 0.0442845 -0.0482 -0.0431944 0.0468155 -0.0482281 0.0388083 0.0467107 -0.0482938 -0.0390252 0.0467 -0.0482 -0.038555 0.0467 -0.0482 0.0330276 0.0467 -0.0482 -0.0274998 0.0477775 -0.0484152 0.0265049 0.0497 -0.0482 0.0262002 0.05 -0.0485 0.0262002 0.0497 -0.0482 -0.0261999 0.04985 -0.04835 -0.0263499 0.03 -0.0572 1.49012e-07 0.0299628 -0.0572 0.00149503 0.029851 -0.0572 0.00298706 0.029665 -0.0572 0.00447121 0.0294052 -0.0572 0.00594416 0.0290723 -0.0572 0.00740305 0.0286672 -0.0572 0.00884309 0.0281909 -0.0572 0.0102612 0.0276444 -0.0572 0.0116531 0.027029 -0.0572 0.0130161 0.0263467 -0.0572 0.0143482 0.0255988 -0.0572 0.015643 0.0247872 -0.0572 0.0169002 0.0239141 -0.0572 0.0181142 0.0229814 -0.0572 0.0192842 0.0219916 -0.0572 0.0204052 0.0209471 -0.0572 0.0214762 0.0198506 -0.0572 0.022493 0.0187047 -0.0572 0.0234551 0.0175123 -0.0572 0.0243582 0.0162764 -0.0572 0.0252012 0.0150001 -0.0572 0.0259811 0.0136863 -0.0572 0.0266961 0.0123386 -0.0572 0.0273451 0.0109602 -0.0572 0.0279261 0.00955462 -0.0572 0.0284382 0.00812531 -0.0572 0.0288791 0.0066756 -0.0572 0.0292481 0.00520945 -0.0572 0.029544 0.0037303 -0.0572 0.0297672 0.00224185 -0.0572 0.0299162 0.000747919 -0.0572 0.0299911 -0.000747919 -0.0572 0.0299911 -0.00224185 -0.0572 0.0299162 -0.0037303 -0.0572 0.0297672 -0.00520945 -0.0572 0.029544 -0.0066756 -0.0572 0.0292481 -0.00812519 -0.0572 0.0288791 -0.00955462 -0.0572 0.0284382 -0.0109601 -0.0572 0.0279261 -0.0123386 -0.0572 0.0273451 -0.0136863 -0.0572 0.0266961 -0.015 -0.0572 0.0259811 -0.0162764 -0.0572 0.0252012 -0.0175123 -0.0572 0.0243582 -0.0187047 -0.0572 0.0234551 -0.0198505 -0.0572 0.022493 -0.0209471 -0.0572 0.0214762 -0.0219915 -0.0572 0.0204052 -0.0229813 -0.0572 0.0192842 -0.023914 -0.0572 0.0181142 -0.0247872 -0.0572 0.0169002 -0.0255988 -0.0572 0.015643 -0.0263466 -0.0572 0.0143482 -0.027029 -0.0572 0.0130161 -0.0276443 -0.0572 0.0116531 -0.0281909 -0.0572 0.0102612 -0.0286672 -0.0572 0.00884309 -0.0290723 -0.0572 0.00740305 -0.0294051 -0.0572 0.00594416 -0.0296649 -0.0572 0.00447121 -0.029851 -0.0572 0.00298706 -0.0299627 -0.0572 0.00149503 -0.03 -0.0572 1.49012e-07 -0.0299627 -0.0572 -0.00149497 -0.029851 -0.0572 -0.00298676 -0.0296649 -0.0572 -0.00447091 -0.0294051 -0.0572 -0.00594386 -0.0290723 -0.0572 -0.00740299 -0.0286672 -0.0572 -0.0088428 -0.0281909 -0.0572 -0.0102609 -0.0276443 -0.0572 -0.0116528 -0.027029 -0.0572 -0.0130158 -0.0263466 -0.0572 -0.0143479 -0.0255988 -0.0572 -0.015643 -0.0247872 -0.0572 -0.0168999 -0.023914 -0.0572 -0.0181139 -0.0229813 -0.0572 -0.0192839 -0.0219915 -0.0572 -0.0204049 -0.0209471 -0.0572 -0.0214759 -0.0198505 -0.0572 -0.022493 -0.0187047 -0.0572 -0.023455 -0.0175123 -0.0572 -0.0243579 -0.0162764 -0.0572 -0.0252009 -0.015 -0.0572 -0.0259808 -0.0136863 -0.0572 -0.0266958 -0.0123386 -0.0572 -0.0273448 -0.0109601 -0.0572 -0.0279258 -0.00955462 -0.0572 -0.0284379 -0.00812519 -0.0572 -0.0288788 -0.0066756 -0.0572 -0.0292479 -0.00520945 -0.0572 -0.029544 -0.0037303 -0.0572 -0.0297669 -0.00224185 -0.0572 -0.0299159 -0.000747919 -0.0572 -0.0299908 0.000747919 -0.0572 -0.0299908 0.00224185 -0.0572 -0.0299159 0.0037303 -0.0572 -0.0297669 0.00520945 -0.0572 -0.029544 0.0066756 -0.0572 -0.0292479 0.00812531 -0.0572 -0.0288788 0.00955462 -0.0572 -0.0284379 0.0109602 -0.0572 -0.0279258 0.0123386 -0.0572 -0.0273448 0.0136863 -0.0572 -0.0266958 0.0150001 -0.0572 -0.0259808 0.0162764 -0.0572 -0.0252009 0.0175123 -0.0572 -0.0243579 0.0187047 -0.0572 -0.023455 0.0198506 -0.0572 -0.022493 0.0209471 -0.0572 -0.0214759 0.0219916 -0.0572 -0.0204049 0.0229814 -0.0572 -0.0192839 0.0239141 -0.0572 -0.0181139 0.0247872 -0.0572 -0.0168999 0.0255988 -0.0572 -0.015643 0.0263467 -0.0572 -0.0143479 0.027029 -0.0572 -0.0130158 0.0276444 -0.0572 -0.0116528 0.0281909 -0.0572 -0.0102609 0.0286672 -0.0572 -0.0088428 0.0290723 -0.0572 -0.00740299 0.0294052 -0.0572 -0.00594386 0.029665 -0.0572 -0.00447091 0.029851 -0.0572 -0.00298676 0.0299628 -0.0572 -0.00149497 0.0555 -0.0487 -0.0196098 0.0555 -0.0484 1.49012e-07 0.0555 -0.0487 -0.000299782 0.0555 -0.0487 0.0196101 0.0555 -0.0487 0.00030008 0.0555 -0.048 -0.0212658 0.0555 -0.048 0.0212661 0.0555 -0.0483563 0.0204412 0.0554349 0.0220242 -0.0478943 0.0555 0.023612 -0.0468908 0.0555 0.0212826 -0.0479928 0.0555 0.0242205 -0.0468038 0.0555 0.0258844 -0.0456749 0.0555 0.0280945 -0.0443498 0.0555 0.0275409 -0.0449129 0.0555 0.030237 -0.0429178 0.0555 0.0307324 -0.0428108 0.0555 0.0323065 -0.0413829 0.0555 0.0342982 -0.0397478 0.0555 0.0337444 -0.04046 0.0555 0.0362074 -0.0380169 0.0555 0.0365986 -0.0379189 0.0555 0.038029 -0.0361939 0.0555 0.039759 -0.0342849 0.0555 0.039239 -0.0351559 0.0555 0.041394 -0.032292 0.0555 0.041696 -0.03223 0.0555 0.042929 -0.0302218 0.0555 0.04436 -0.0280789 0.0555 0.043909 -0.0291143 0.0555 0.045684 -0.025869 0.0555 0.045917 -0.0258628 0.0555 0.046899 -0.0235959 0.0555 0.047114 -0.0236138 0.0555 0.048 -0.0212658 0.0555 0.0482 -0.0213078 0.0555 0.048 0.0212661 0.0555 0.0482 0.0213081 0.0555 0.0236119 0.0468911 0.0555 0.047114 0.0236141 0.0555 0.046899 0.0235962 0.0555 0.0258844 0.0456752 0.0555 0.045917 0.0258631 0.0555 0.045684 0.025869 0.0555 0.0280945 0.0443501 0.0555 0.04436 0.0280792 0.0555 0.0275409 0.0449132 0.0555 0.030237 0.0429181 0.0555 0.043909 0.0291146 0.0555 0.042929 0.0302221 0.0555 0.0307324 0.0428111 0.0555 0.0323065 0.0413832 0.0555 0.041696 0.03223 0.0555 0.041394 0.032292 0.0555 0.0342982 0.0397481 0.0555 0.039759 0.0342852 0.0555 0.0362073 0.0380172 0.0555 0.0337444 0.04046 0.0555 0.039239 0.0351562 0.0555 0.038029 0.0361942 0.0555 0.0365986 0.0379192 0.0555 -0.0254133 -0.0247868 0.0555 -0.021476 -0.0209468 0.0555 -0.0266172 -0.0234898 0.0555 -0.0204052 -0.0219918 0.0555 -0.0241461 -0.0260228 0.0555 -0.0224934 -0.0198508 0.0555 -0.027755 -0.0221339 0.0555 -0.0192836 -0.0229808 0.0555 -0.022819 -0.0271948 0.0555 -0.0234549 -0.018705 0.0555 -0.0288238 -0.020723 0.0555 -0.0181141 -0.0239139 0.0555 -0.0214351 -0.028298 0.0555 -0.0243581 -0.0175119 0.0555 -0.0298209 -0.0192598 0.0555 -0.0168996 -0.0247868 0.0555 -0.0199979 -0.0293308 0.0555 -0.0252008 -0.016276 0.0555 -0.0307439 -0.0177499 0.0555 -0.0156431 -0.0255989 0.0555 -0.018511 -0.0302919 0.0555 -0.0259808 -0.015 0.0555 -0.0315905 -0.0161949 0.0555 -0.0143476 -0.0263468 0.0555 -0.016978 -0.0311769 0.0555 -0.0266961 -0.0136858 0.0555 -0.0323585 -0.0146008 0.0555 -0.0130165 -0.0270289 0.0555 -0.0154029 -0.0319839 0.0555 -0.0273452 -0.012339 0.0555 -0.033046 -0.0129698 0.0555 -0.011653 -0.0276438 0.0555 -0.0137894 -0.0327118 0.0555 -0.0279262 -0.01096 0.0555 -0.0336514 -0.0113059 0.0555 -0.0102606 -0.0281909 0.0555 -0.0121417 -0.0333589 0.0555 -0.0284378 -0.00955495 0.0555 -0.0341732 -0.0096148 0.0555 -0.0088427 -0.0286668 0.0555 -0.0104638 -0.0339228 0.0555 -0.0288787 -0.00812492 0.0555 -0.0346099 -0.00789985 0.0555 -0.0074027 -0.0290719 0.0555 -0.0087599 -0.034402 0.0555 -0.0292478 -0.00667581 0.0555 -0.0349607 -0.00616488 0.0555 -0.0059444 -0.029405 0.0555 -0.0070342 -0.0347959 0.0555 -0.0295442 -0.00520882 0.0555 -0.0352245 -0.00441393 0.0555 -0.0044713 -0.0296648 0.0555 -0.005291 -0.0351039 0.0555 -0.0297672 -0.00372991 0.0555 -0.0354007 -0.00265297 0.0555 -0.0035347 -0.0353239 0.0555 -0.002987 -0.0298508 0.0555 -0.0299161 -0.00224194 0.0555 -0.035489 -0.000884861 0.0555 -0.0014954 -0.0299629 0.0555 -0.0017695 -0.0354558 0.0555 -0.0299907 -0.00074777 0.0555 -0.035489 0.000885159 0.0555 0.0017695 -0.0354558 0.0555 0 -0.0299998 0.0555 0 -0.0354999 0.0555 -0.0299907 0.000748068 0.0555 -0.0354007 0.00265303 0.0555 0.0035347 -0.0353239 0.0555 0.0014954 -0.0299629 0.0555 -0.0299161 0.00224224 0.0555 -0.0352245 0.00441423 0.0555 0.005291 -0.0351039 0.0555 0.002987 -0.0298508 0.0555 -0.0297672 0.00373021 0.0555 -0.0349607 0.00616518 0.0555 0.0044713 -0.0296648 0.0555 0.0070342 -0.0347959 0.0555 -0.0295442 0.00520912 0.0555 -0.0346099 0.00790015 0.0555 0.0059444 -0.029405 0.0555 0.0087599 -0.034402 0.0555 -0.0292478 0.00667611 0.0555 -0.0341732 0.00961509 0.0555 0.0074027 -0.0290719 0.0555 0.0104638 -0.0339228 0.0555 -0.0288787 0.00812522 0.0555 -0.0336514 0.0113062 0.0555 0.0088427 -0.0286668 0.0555 0.0121417 -0.0333589 0.0555 -0.0284378 0.00955501 0.0555 -0.033046 0.0129701 0.0555 0.0102606 -0.0281909 0.0555 0.0137894 -0.0327118 0.0555 -0.0279262 0.01096 0.0555 -0.0323585 0.0146011 0.0555 0.011653 -0.0276438 0.0555 0.0154029 -0.0319839 0.0555 -0.0273452 0.012339 0.0555 -0.0315905 0.0161952 0.0555 0.0130165 -0.0270289 0.0555 0.016978 -0.0311769 0.0555 -0.0266961 0.0136861 0.0555 -0.0307439 0.0177502 0.0555 0.0143476 -0.0263468 0.0555 0.018511 -0.0302919 0.0555 -0.0259808 0.015 0.0555 -0.0298209 0.0192601 0.0555 0.0156431 -0.0255989 0.0555 0.0199979 -0.0293308 0.0555 -0.0252008 0.016276 0.0555 -0.0288238 0.020723 0.0555 0.0168996 -0.0247868 0.0555 0.0214351 -0.028298 0.0555 -0.0243581 0.0175122 0.0555 0.0181141 -0.0239139 0.0555 -0.027755 0.0221342 0.0555 -0.0234549 0.018705 0.0555 0.022819 -0.0271948 0.0555 0.0192836 -0.0229808 0.0555 -0.0266172 0.0234901 0.0555 -0.0224934 0.0198511 0.0555 0.0241461 -0.0260228 0.0555 0.0204052 -0.0219918 0.0555 -0.0254133 0.0247871 0.0555 -0.021476 0.0209471 0.0555 0.0254133 -0.0247868 0.0555 0.021476 -0.0209468 0.0555 -0.0204052 0.0219921 0.0555 -0.0241461 0.0260231 0.0555 0.0266172 -0.0234898 0.0555 0.0224934 -0.0198508 0.0555 -0.022819 0.0271951 0.0555 -0.0192836 0.0229811 0.0555 0.027755 -0.0221339 0.0555 0.0234549 -0.018705 0.0555 -0.0214351 0.0282981 0.0555 -0.0181141 0.023914 0.0555 0.0288238 -0.020723 0.0555 0.0243581 -0.0175119 0.0555 -0.0199979 0.0293311 0.0555 -0.0168996 0.0247871 0.0555 0.0298209 -0.0192598 0.0555 0.0252008 -0.016276 0.0555 -0.018511 0.0302922 0.0555 -0.0156431 0.0255992 0.0555 0.0307439 -0.0177499 0.0555 0.0259808 -0.015 0.0555 -0.0143476 0.0263471 0.0555 -0.016978 0.0311772 0.0555 0.0315905 -0.0161949 0.0555 0.0266962 -0.0136858 0.0555 -0.0154029 0.0319842 0.0555 -0.0130165 0.0270292 0.0555 0.0323585 -0.0146008 0.0555 0.0273452 -0.012339 0.0555 -0.011653 0.0276441 0.0555 -0.0137894 0.0327121 0.0555 0.033046 -0.0129698 0.0555 0.0279262 -0.01096 0.0555 -0.0102606 0.0281912 0.0555 -0.0121417 0.0333592 0.0555 0.0336514 -0.0113059 0.0555 0.0284378 -0.00955495 0.0555 -0.0088427 0.0286671 0.0555 -0.0104638 0.0339231 0.0555 0.0341732 -0.0096148 0.0555 0.0288787 -0.00812492 0.0555 -0.0074027 0.0290722 0.0555 -0.0087599 0.034402 0.0555 0.0346099 -0.00789985 0.0555 0.0292478 -0.00667581 0.0555 -0.0059444 0.029405 0.0555 -0.0070342 0.0347961 0.0555 0.0349607 -0.00616488 0.0555 0.0295442 -0.00520882 0.0555 -0.0044713 0.0296651 0.0555 -0.005291 0.0351042 0.0555 0.0352245 -0.00441393 0.0555 0.0297672 -0.00372991 0.0555 -0.002987 0.0298511 0.0555 -0.0035347 0.035324 0.0555 0.0354007 -0.00265297 0.0555 0.0299161 -0.00224194 0.0555 -0.0017695 0.0354561 0.0555 -0.0014954 0.0299632 0.0555 0.035489 -0.000884861 0.0555 0.0299907 -0.00074777 0.0555 0.0014954 0.0299632 0.0555 0 0.0355002 0.0555 0 0.0300001 0.0555 0.035489 0.000885159 0.0555 0.0299907 0.000748068 0.0555 0.002987 0.0298511 0.0555 0.0017695 0.0354561 0.0555 0.0354007 0.00265303 0.0555 0.0299161 0.00224224 0.0555 0.0044713 0.0296651 0.0555 0.0035347 0.035324 0.0555 0.0352245 0.00441423 0.0555 0.0297672 0.00373021 0.0555 0.0059444 0.029405 0.0555 0.005291 0.0351042 0.0555 0.0349607 0.00616518 0.0555 0.0295442 0.00520912 0.0555 0.0074027 0.0290722 0.0555 0.0070342 0.0347961 0.0555 0.0346099 0.00790015 0.0555 0.0292478 0.00667611 0.0555 0.0088427 0.0286671 0.0555 0.0087599 0.034402 0.0555 0.0341732 0.00961509 0.0555 0.0288787 0.00812522 0.0555 0.0102606 0.0281912 0.0555 0.0104638 0.0339231 0.0555 0.0336514 0.0113062 0.0555 0.0284378 0.00955501 0.0555 0.011653 0.0276441 0.0555 0.0121417 0.0333592 0.0555 0.033046 0.0129701 0.0555 0.0279262 0.01096 0.0555 0.0130165 0.0270292 0.0555 0.0137894 0.0327121 0.0555 0.0323585 0.0146011 0.0555 0.0273452 0.012339 0.0555 0.0154029 0.0319842 0.0555 0.0143476 0.0263471 0.0555 0.0315905 0.0161952 0.0555 0.0266962 0.0136861 0.0555 0.016978 0.0311772 0.0555 0.0156431 0.0255992 0.0555 0.0307439 0.0177502 0.0555 0.0259808 0.015 0.0555 0.0168996 0.0247871 0.0555 0.018511 0.0302922 0.0555 0.0298209 0.0192601 0.0555 0.0252008 0.016276 0.0555 0.0181141 0.023914 0.0555 0.0199979 0.0293311 0.0555 0.0288238 0.020723 0.0555 0.0243581 0.0175122 0.0555 0.0214351 0.0282981 0.0555 0.0192836 0.0229811 0.0555 0.027755 0.0221342 0.0555 0.0234549 0.018705 0.0555 0.0204052 0.0219921 0.0555 0.022819 0.0271951 0.0555 0.0266172 0.0234901 0.0555 0.0224934 0.0198511 0.0555 0.021476 0.0209471 0.0555 0.0241461 0.0260231 0.0555 0.0254133 0.0247871 0.0530208 -0.0486997 -0.0250944 0.0505 -0.0487 -0.0253619 0.0535858 -0.0487 -0.024274 0.0545774 -0.0487 -0.0219608 0.0505 -0.0487 -0.000299782 0.0477 -0.0482 -0.0368229 0.0477 -0.0482 -0.0290099 0.0480593 -0.0481999 -0.0277608 0.049 -0.0482 -0.0264908 0.0505 -0.0482 -0.0264908 0.049 -0.0482 0.0264911 0.048272 -0.0480991 0.0275334 0.0477 -0.0482 0.0329167 0.0505 -0.0482 0.0264911 0.0521717 -0.0252227 -0.0488749 0.049 -0.0230718 -0.0499268 0.049 -0.0254835 -0.0487398 0.0521717 -0.0274781 -0.047644 0.049 -0.0278343 -0.0474368 0.0521717 -0.0296735 -0.0463088 0.049 -0.0301186 -0.0460199 0.0521717 -0.0318041 -0.0448719 0.049 -0.032331 -0.0444938 0.0521717 -0.0338653 -0.0433379 0.049 -0.0344662 -0.0428608 0.0521717 -0.0358526 -0.0417078 0.049 -0.0365191 -0.0411259 0.0521717 -0.0377616 -0.0399879 0.049 -0.0384847 -0.0392929 0.0521717 -0.0395882 -0.0381809 0.049 -0.0403584 -0.0373658 0.0521717 -0.0413283 -0.0362898 0.049 -0.0421358 -0.035349 0.0521717 -0.0429783 -0.03432 0.049 -0.0438125 -0.033249 0.0521717 -0.0445344 -0.0322748 0.049 -0.0453845 -0.0310679 0.0521717 -0.0459933 -0.0301598 0.049 -0.0468482 -0.0288139 0.0521717 -0.0473518 -0.027979 0.0505 -0.0485059 -0.0259252 0.0513358 -0.0485565 0.0258307 0.0521717 -0.0473518 0.027979 0.049 -0.0468482 0.0288142 0.0521717 -0.0459933 0.0301601 0.049 -0.0453845 0.0310682 0.0521717 -0.0445344 0.0322751 0.049 -0.0438125 0.0332491 0.0521717 -0.0429783 0.03432 0.049 -0.0421358 0.035349 0.0521717 -0.0413283 0.0362901 0.049 -0.0403584 0.0373661 0.0521717 -0.0395882 0.0381812 0.049 -0.0384847 0.0392932 0.0521717 -0.0377616 0.0399882 0.049 -0.0365191 0.0411262 0.0521717 -0.0358526 0.0417081 0.049 -0.0344662 0.0428611 0.0521717 -0.0338653 0.0433382 0.049 -0.032331 0.0444941 0.0521717 -0.0318041 0.0448722 0.049 -0.0301186 0.0460202 0.049 -0.0278343 0.0474371 0.0521717 -0.0274781 0.047644 0.049 -0.0254835 0.0487401 0.0523171 -0.0252162 0.0488626 0.049 -0.0230718 0.0499271 0.0511959 -0.0209593 0.0508501 0.049 -0.020605 0.0509941 0.049832 -0.0183708 0.0518319 0.0505 -0.0487 0.0253622 0.0528276 -0.0482432 -0.0261362 0.0522484 -0.04861 -0.0257245 0.043026 0.04313 0.0213028 0.043026 0.042559 0.0211712 0.03 0.042482 0.0211572 0.043026 0.042173 0.0209238 0.036 0.041918 0.0206365 0.043026 0.041813 0.0204765 0.03 0.041656 0.020121 0.039513 0.041611 0.0197288 0.043026 0.041684 0.0192603 0.036 0.041695 0.0191855 0.036 0.041903 0.0187632 0.036 0.042197 0.0184533 0.043026 0.042178 0.0184828 0.03 0.042987 0.0180706 0.043026 0.04299 0.0181171 0.039513 0.043683 0.0181483 0.036 0.044085 0.0183295 0.043026 0.044163 0.0183913 0.03 0.04458 0.0187663 0.043026 0.044622 0.0189117 0.036 0.044825 0.0194871 0.043026 0.044814 0.0194131 0.043026 0.044831 0.0198597 0.036 0.044812 0.0199701 0.036 0.044497 0.0206684 0.043026 0.04467 0.0204042 0.036 0.043986 0.0211181 0.043026 0.044199 0.0209693 0.036 0.043667 0.0212566 0.043026 0.043642 0.0212618 0.036 0.043195 0.0213002 0.043026 0.042415 -0.0182973 0.036 0.042232 -0.0184265 0.036 0.041781 -0.018993 0.043026 0.041991 -0.0186664 0.043026 0.041661 -0.0193301 0.03 0.041583 -0.0198165 0.043026 0.041649 -0.0200554 0.043026 0.041832 -0.0205153 0.036 0.041832 -0.0205153 0.043026 0.042238 -0.0209723 0.043026 0.043189 -0.0212856 0.039513 0.04271 -0.0212301 0.036 0.04318 -0.0213095 0.036 0.04374 -0.0212213 0.0412695 0.044051 -0.0210813 0.036 0.044538 -0.0206204 0.043026 0.044584 -0.0205396 0.036 0.044734 -0.0202833 0.043026 0.044813 -0.0199951 0.036 0.044813 -0.0199951 0.043026 0.044829 -0.0195363 0.036 0.04484 -0.0196229 0.03 0.044748 -0.0191041 0.043026 0.044666 -0.0189789 0.036 0.044288 -0.0184837 0.043026 0.044392 -0.0185817 0.036 0.043726 -0.0181778 0.043026 0.0438 -0.0182091 0.043026 0.043057 -0.0181006 0.0295 -0.0234102 0.0317992 0.0295 -0.0213647 0.0210611 0.0295 -0.0322 0.0269562 0.0295 -0.0202957 0.0220932 0.0295 -0.0223813 0.0199772 0.0295 -0.0191769 0.02307 0.0295 -0.023343 0.018844 0.0295 -0.018011 0.0239922 0.0295 -0.0242475 0.0176651 0.0295 -0.016801 0.0248541 0.0295 -0.0250924 0.0164432 0.0295 -0.0155497 0.0256561 0.0295 -0.0258758 0.01518 0.0295 -0.0142603 0.026394 0.0295 -0.0265957 0.0138802 0.0295 -0.0129359 0.027068 0.0295 -0.0272504 0.0125472 0.0295 -0.0115798 0.0276751 0.0295 -0.0278382 0.0111822 0.0295 -0.0101952 0.0282141 0.0295 -0.0283578 0.00979009 0.0295 -0.0027776 0.0320443 0.0295 -0.0087857 0.0286852 0.0295 -0.0288077 0.00837412 0.0295 -0.0073546 0.0290851 0.0295 -0.029187 0.00693718 0.0295 -0.0059054 0.0294131 0.0295 -0.0294947 0.00548306 0.0295 -0.0044418 0.0296692 0.0295 -0.02973 0.00401607 0.0295 -0.0029673 0.029853 0.0295 -0.0298924 0.00253907 0.0295 -0.0014855 0.0299632 0.0295 -0.0299814 0.0010561 0.0295 0 0.0300001 0.0295 -0.0299969 -0.000429958 0.0295 0.007055 0.0327889 0.0295 0.0014073 0.0299672 0.0295 0.0028115 0.029868 0.0295 0.0042096 0.0297031 0.0295 0.0055983 0.0294732 0.0295 0.011 0.0339231 0.0295 0.0069748 0.0291781 0.0295 0.0083359 0.0288192 0.0295 0.0096786 0.028396 0.0295 0.011 0.0279111 0.0295 -0.023731 -0.0183528 0.0295 -0.0322 -0.0269559 0.0295 -0.0246107 -0.017156 0.0295 -0.0254299 -0.015916 0.0295 -0.0261868 -0.0146368 0.0295 -0.0268795 -0.0133229 0.0295 -0.0275062 -0.0119749 0.0295 -0.0280654 -0.010599 0.0295 -0.0285558 -0.00919589 0.0295 -0.0289761 -0.00777087 0.0295 -0.0293253 -0.00632676 0.0295 -0.0296026 -0.00486693 0.0295 -0.0298073 -0.00339493 0.0295 -0.0299388 -0.00191483 0.0295 -0.0227932 -0.0195058 0.0295 -0.0217994 -0.0206099 0.0295 -0.0185075 -0.0236109 0.0295 -0.0196539 -0.0226649 0.0295 -0.0207521 -0.021664 0.0295 -0.0160815 -0.0253259 0.0295 -0.0230496 -0.03192 0.0295 -0.0173157 -0.0244978 0.0295 -0.0148077 -0.0260909 0.0295 -0.0134977 -0.0267919 0.0295 -0.0121545 -0.0274268 0.0295 -0.0107815 -0.0279959 0.0295 -0.0050597 -0.02957 0.0295 -0.0065177 -0.0292829 0.0295 -0.0079596 -0.0289248 0.0295 -0.0093821 -0.0284949 0.0295 -0.0035893 -0.0297848 0.0295 -0.0021101 -0.0299259 0.0295 0.000860102 -0.0299879 0.0295 -0.0006258 -0.0299939 0.0295 0.0052906 -0.0295299 0.0295 -0.0017597 -0.0320981 0.0295 0.003822 -0.029755 0.0295 0.0023439 -0.0299078 0.0295 0.0067463 -0.0292319 0.0295 0.0081855 -0.0288619 0.0295 0.0096045 -0.0284208 0.0295 0.0080431 -0.0329319 0.0295 0.011 -0.0279108 0.0295 0.011 -0.0339228 0.03 0.011 -0.0349639 0.03 0.0126062 -0.034418 0.0413668 0.0083361 -0.0508362 0.0420392 0.0049212 -0.0521124 0.0420059 0.0094875 -0.0514372 0.0401793 0.0104 -0.0488835 0.0410527 0.0129879 -0.0494278 0.0410527 0.0152454 -0.0487793 0.0415473 0.0172539 -0.0487719 0.0410527 0.0196591 -0.047175 0.0409679 0.0213024 -0.0463234 0.0394731 0.0203317 -0.0446266 0.0418997 0.024526 -0.0460959 0.0418997 0.0308501 -0.042127 0.0394214 0.0305476 -0.0382789 0.0412686 0.0325337 -0.0397681 0.0422404 0.0340606 -0.0399786 0.0327542 0.0116095 -0.038545 0.0356703 0.0123749 -0.0422958 0.0338085 0.0106269 -0.0402518 0.0327542 0.0151248 -0.0373059 0.03 0.0149598 -0.0334514 0.0327542 0.0185104 -0.0357469 0.03 0.0172494 -0.0323409 0.0358026 0.0166226 -0.041 0.0379479 0.0175713 -0.0436428 0.0364738 0.0143573 -0.0427705 0.0327542 0.0217372 -0.033882 0.03 0.0194465 -0.0310584 0.03 0.0215603 -0.029642 0.0358026 0.0203434 -0.0392869 0.0327542 0.0247778 -0.031726 0.03 0.0235587 -0.0280674 0.0357165 0.0273932 -0.034617 0.0355878 0.0272495 -0.0344969 0.0358026 0.0238899 -0.0372368 0.0373038 0.0279179 -0.0368169 0.0388511 0.0221765 -0.042827 0.0418997 0.0266964 -0.0448738 0.0327542 0.0276059 -0.0292989 0.03 0.0254561 -0.0263718 0.03 0.0266493 -0.0251659 0.0348077 0.0303191 -0.0303954 0.0388511 0.0260425 -0.0405928 0.0392067 0.0305077 -0.0380264 0.0418997 0.028806 -0.0435499 0.0327542 0.0301974 -0.0266198 0.0347944 0.034686 -0.0252839 0.0347944 0.0335192 -0.0268119 0.0347944 0.0322852 -0.0282858 0.03 0.011 0.0349642 0.03 0.0126062 0.034418 0.0411267 0.0329821 0.039174 0.0405785 0.0305765 0.0401637 0.0402546 0.0207332 0.0455641 0.0410527 0.0196591 0.0471751 0.0410527 0.0174707 0.0480281 0.0410527 0.0152454 0.0487796 0.0410527 0.0129879 0.0494281 0.0409274 0.010149 0.0499078 0.0415831 0.006316 0.0514189 0.0327542 0.0301974 0.0266201 0.0347944 0.0309864 0.0297031 0.0347944 0.0329022 0.0275492 0.0347944 0.034686 0.0252842 0.03 0.0266493 0.0251662 0.0327542 0.0276059 0.0292992 0.0347944 0.0296254 0.0310601 0.03 0.0254561 0.0263721 0.0348976 0.0286159 0.0321638 0.03 0.0235587 0.0280677 0.0341941 0.0260031 0.033158 0.03 0.0208629 0.0301251 0.03 0.0179884 0.0319251 0.0342784 0.0228136 0.0355596 0.0365279 0.0274909 0.0358748 0.0327542 0.0151248 0.0373062 0.03 0.0149598 0.0334515 0.0342784 0.0194269 0.0375172 0.0388511 0.0260425 0.0405931 0.0418997 0.0266964 0.0448741 0.0418997 0.028806 0.0435502 0.0381263 0.0288542 0.0374645 0.0320364 0.0111377 0.0377084 0.0356703 0.0123749 0.0422961 0.0358026 0.0166226 0.041 0.0370094 0.0155614 0.0430876 0.0383378 0.018352 0.0438742 0.0403755 0.0233513 0.0444616 0.0552785 0.048345 -0.0215279 0.0552908 0.048409 -0.0212308 0.0552264 0.048224 -0.0219241 0.0552032 0.048106 -0.0222369 0.0552001 0.048031 -0.0224048 0.0552001 0.046901 -0.0246828 0.0552001 0.045663 -0.0269049 0.0552001 0.04432 -0.0290638 0.0552001 0.042875 -0.0311559 0.0552001 0.041331 -0.033177 0.0552001 0.039692 -0.0351208 0.0552001 0.037962 -0.0369848 0.0552001 0.0361444 -0.0387629 0.0552001 0.0342434 -0.0404519 0.0552001 0.0322637 -0.0420478 0.0552001 0.0302097 -0.0435468 0.0552001 0.0280861 -0.0449458 0.0552001 0.0258979 -0.0462418 0.0552001 0.02365 -0.0474308 0.0304999 0.0485 0.0202922 0.0552001 0.0485 0.0202922 0.034 0.0485 0.0140001 0.0315789 0.0485 0.015814 0.0304999 0.0485 -0.0202919 0.0316287 0.0485 -0.0157765 0.0552001 0.0485 -0.0202919 0.034 0.0485 -0.0139998 0.0304999 0.048031 -0.0224048 0.0304999 0.048128 -0.0221828 0.0304999 0.048252 -0.0218414 0.0304999 0.048354 -0.0214919 0.0304999 0.048427 -0.0211354 0.0552318 0.048468 -0.0208538 0.0304999 0.048485 -0.0206548 0.055209 0.048491 -0.0205759 -0.0188551 -0.0341665 0.0458635 -0.0207595 -0.0342 0.047336 0.016 -0.0342 0.0492622 0.016 -0.0342 0.046734 -0.0132885 -0.0342 0.0467156 -0.0186422 -0.0341453 -0.0457593 -0.0207595 -0.0342 -0.047336 -0.0152135 -0.0341919 -0.0464774 -0.0130098 -0.0342 -0.0467251 0.016 -0.0342 -0.0467339 0.016 -0.0342 -0.0492619 0.03225 0.0340642 -0.0239998 0.0338891 0.042125 -0.0239998 0.039125 0.044944 -0.0239979 0.0177476 -0.0402 -0.0523578 0.0298693 -0.0402 -0.0529929 0.0298693 -0.0479 -0.0529929 0.0165237 -0.039073 -0.0522939 -0.0266579 -0.0479 -0.0500303 -0.0218303 -0.0372 -0.0502838 0.0159477 -0.0372 -0.0522638 -0.0251722 -0.040187 -0.0501083 0.046 -0.0447 -0.0529998 0.041 -0.0384 -0.0529998 0.0301309 -0.0479 -0.0529998 0.0366603 -0.0479 -0.0529998 0.03502 -0.0400137 -0.0529998 0.0384053 -0.0458796 -0.0529998 0.0488133 0 -0.0529998 0.0475061 -0.0167659 -0.0529998 0.0461644 -0.0228163 -0.0529998 -0.0412588 -0.0372 -0.0380419 -0.0452468 -0.0389826 -0.033779 -0.0483005 -0.0479 -0.03029 -0.0472771 -0.0402 -0.0314814 -0.0460534 -0.0401458 -0.0328775 -0.0439281 -0.0479 -0.0352248 -0.0455076 -0.0398402 -0.0334898 -0.0373664 -0.0372 -0.041911 -0.0331454 -0.0389762 -0.0458158 -0.0393515 -0.0479 -0.0399719 -0.0328434 -0.0397819 -0.0460845 -0.034579 -0.0479 -0.0445219 -0.0314744 -0.0401767 -0.0472802 -0.0296192 -0.0479 -0.0488668 -0.0296192 -0.0402 -0.0488668 -0.0511074 -0.0372 0.0164491 -0.0502074 -0.0391898 0.0232739 -0.0502802 -0.0371041 0.0227746 -0.0494037 -0.0479 0.027974 -0.0495423 -0.0402 0.0272097 -0.0499907 -0.0401441 0.0246309 -0.0505378 -0.0479 0.0210332 -0.0501544 -0.0397281 0.0236141 -0.0513494 -0.0479 0.0140471 -0.0516784 -0.0372 0.00988212 -0.0518372 -0.0479 0.00703111 -0.0519642 -0.0372 0.00329605 -0.052 -0.0479 1.49012e-07 -0.0519642 -0.0372 -0.00329599 -0.0518372 -0.0479 -0.00703081 -0.0516784 -0.0372 -0.00988182 -0.0511074 -0.0372 -0.0164488 -0.0502427 -0.0380466 -0.0230466 -0.0501738 -0.0396121 -0.023491 -0.0513494 -0.0479 -0.0140468 -0.0505378 -0.0479 -0.0210329 -0.0494037 -0.0479 -0.027974 -0.0498819 -0.0401678 -0.0252756 0.0480001 -0.0447 -0.051 0.0480001 -0.0409055 -0.0378531 0.0480001 -0.0453895 -0.0403429 0.0480001 -0.0479 -0.0368229 0.0480001 -0.0479 -0.0290099 0.0480001 -0.0309959 -0.0465499 0.0480001 -0.0242951 -0.050439 0.0447941 -0.0476015 -0.0429283 0.0447943 -0.0479 -0.0429114 0.0388829 -0.0479812 -0.051477 0.0408134 -0.04805 -0.0492941 -0.0380692 -0.0342 0.0369267 -0.0282744 -0.0342 0.0409557 -0.0402386 -0.0342 0.0295197 -0.0480397 -0.034208 0.0177664 -0.0210108 -0.0342 0.0314223 -0.0105247 -0.0342 0.0273797 -0.0362678 -0.0342005 -0.0387431 -0.0243102 -0.0342 -0.0361644 -0.0136477 -0.0342 -0.0280882 -0.00729024 -0.0342 -0.0269674 -0.00740087 -0.0342 0.0269765 0.0275 -0.0342 -0.0269559 0.0275 -0.0342 0.0269562 -0.0211991 -0.0341957 0.0372769 0.016 -0.0332 -0.0450018 -0.0124753 -0.0332 -0.0450018 0.000566602 -0.0291602 -0.0426699 0.0175517 -0.0302748 -0.0433131 -0.0217369 -0.0359566 -0.0471064 -0.0214804 -0.0365499 -0.0458327 -0.0216298 -0.0366494 -0.0442148 -0.0222405 -0.0363481 -0.0428513 -0.023482 -0.0364699 -0.0415777 -0.0249342 -0.0369881 -0.0408629 -0.0263081 -0.0358407 -0.0406569 -0.0277357 -0.0369 -0.0409358 -0.0293579 -0.037 -0.041853 -0.0307205 -0.0378121 -0.0435966 -0.0300292 -0.0349119 -0.042476 -0.042293 -0.0372 -0.0309969 -0.041522 -0.037 -0.0303205 -0.0402255 -0.037 -0.0268923 -0.0404069 -0.0368 -0.0256754 -0.041622 -0.0376 -0.023641 -0.0423821 -0.037 -0.0230323 -0.0440544 -0.0366894 -0.0223707 -0.0456486 -0.0367655 -0.0222934 -0.047601 -0.0365014 -0.0230123 -0.047075 -0.0372059 0.0227245 -0.0457555 -0.0367862 0.0223216 -0.0439944 -0.0366498 0.0223755 -0.0421447 -0.037 0.0232243 -0.0409757 -0.037 0.0244483 -0.0403771 -0.0363156 0.0258371 -0.0402281 -0.0373 0.0272621 -0.0403651 -0.0359323 0.0282437 -0.040987 -0.0369791 0.0296473 -0.0417291 -0.0365908 0.0305187 -0.0266662 -0.0479 0.0500301 0.0164535 -0.0392448 0.0522901 0.0159477 -0.0372 0.0522641 -0.0218103 -0.0372 0.050285 0.0238085 -0.0402 0.0526756 -0.0373425 -0.0372 0.0419342 -0.0330403 -0.0391238 0.0459093 -0.0296192 -0.0479 0.0488671 -0.0306269 -0.0401694 0.0480081 -0.0321383 -0.040145 0.0467059 -0.034579 -0.0479 0.0445222 -0.0327501 -0.0398408 0.046167 -0.0412472 -0.0372 0.0380541 -0.0450898 -0.0385528 0.0339543 -0.0453272 -0.0395983 0.0336911 -0.0393515 -0.0479 0.0399722 -0.04546 -0.0397822 0.0335435 -0.0439281 -0.0479 0.0352251 -0.0461177 -0.0401725 0.0328056 -0.0483005 -0.0479 0.03029 -0.0477889 -0.0402 0.0308858 -0.0299034 -0.0368 0.0423688 -0.0288403 -0.0368 0.041454 -0.0261915 -0.0368 0.040677 -0.0250318 -0.0365894 0.0408467 -0.0228578 -0.0377924 0.0422114 -0.0221035 -0.0361382 0.0430564 -0.0215783 -0.0367815 0.0465008 -0.0221939 -0.0375999 0.0480033 0.021 -0.0266602 -0.0419999 0.0339948 -0.0383999 -0.0419999 0.021 -0.0384 -0.0419999 0.0220599 -0.0152229 -0.0419999 0.0158734 -0.0227034 -0.0419999 0.0259311 -0.0060969 -0.0419999 0.0286641 0.007 -0.0419999 0.0112394 -0.0269083 -0.0323206 0.0275 -0.0332 -0.0286878 0.0275 -0.0251602 -0.0333298 0.0171564 -0.0250508 -0.0333932 0.00524497 -0.0295022 -0.0308231 -0.00664353 -0.0332 -0.0286878 0.0275 -0.0226602 -0.0339998 0.0189167 -0.0215851 -0.0339998 0.0249299 -0.0123718 -0.0339998 0.0327945 0.037875 -0.0137919 0.03 0.0339683 -0.0137719 0.03 0.0345917 -0.0121208 0.0327945 0.037875 0.0137922 0.03 0.0345917 0.0121211 0.03 0.0339683 0.0137722 0.0313972 0.0368864 -0.0109628 0.03 0.0353659 -0.00959048 0.0327945 0.03906 -0.00995097 0.0327945 0.038516 -0.011886 0.0313972 0.037769 -0.00736484 0.03 0.0359762 -0.00701579 0.0327945 0.039508 -0.00798997 0.03 0.0363781 -0.00439987 0.0328449 0.040308 -0.00251731 0.0320958 0.039143 -0.00435624 0.0313972 0.038481 1.49012e-07 0.03 0.0366326 -0.000882 0.03 0.0366114 0.00176421 0.0327945 0.040258 0.00201002 0.0327945 0.040308 1.49012e-07 0.0320958 0.039205 0.00385752 0.03 0.0363781 0.00440016 0.03 0.0359762 0.00701609 0.0327945 0.03906 0.00995103 0.0320958 0.038726 0.00718251 0.0313972 0.0368864 0.0109631 0.03 0.0353659 0.00959054 0.0327945 0.038516 0.011886 0.0320001 0.042973 -0.015 0.0304999 0.0475 -0.015 0.0304129 0.0361916 -0.0150026 0.030875 0.043581 0.015 0.0373969 0.0405 -0.0286478 0.039794 0.0405 -0.0265273 0.0366242 0.0405 -0.0304647 0.0366633 0.0405 -0.0326303 0.0431761 0.0405 -0.0262054 0.0377259 0.040495 -0.0351668 0.0454974 0.0405 -0.0273066 0.0474942 0.0405 -0.0300301 0.0432127 0.0405 -0.0368164 0.0473806 0.0405 -0.0323726 0.0350001 0.038155 -0.0272208 0.0425258 0.0014615 -0.0529784 0.0488245 0.0010214 -0.0529898 0.0434883 0.0040512 -0.0528449 0.0489099 0.0028685 -0.0529159 0.049123 0.0053433 -0.0527299 0.0434883 0.0066031 -0.0525869 0.0494835 0.0078051 -0.0524155 0.0434883 0.0091395 -0.0522059 0.0499611 0.0102516 -0.0519989 0.0434883 0.0116545 -0.0517028 0.0503572 0.0118699 -0.051654 0.0508111 0.0134766 -0.0512579 0.0434883 0.0141422 -0.0510779 0.0513221 0.0150701 -0.0508119 0.0434883 0.0165968 -0.0503338 0.05189 0.0166489 -0.0503169 0.0525141 0.0182116 -0.0497728 0.0434883 0.0190125 -0.0494729 0.0532728 0.0199269 -0.049111 0.0434883 0.0213837 -0.0484949 0.0541954 0.0218047 -0.0483068 0.0434883 0.0237048 -0.0474029 0.0434883 0.0259704 -0.0462008 0.0434883 0.0281752 -0.044891 0.0434883 0.0303139 -0.0434748 0.0434883 0.0323817 -0.041957 0.0434883 0.0343737 -0.0403419 0.0434883 0.0362852 -0.0386308 0.0462586 0.037517 -0.037422 0.0483327 0.039405 -0.0354384 0.0506604 0.040421 -0.0342792 0.0514917 0.041456 -0.0330189 0.0514811 0.042138 -0.0321444 0.0512378 0.043335 -0.0305055 0.0501724 0.045106 -0.0278095 0.0484147 0.046442 -0.0255259 0.0370862 0.047813 -0.0228654 0.045534 0.047427 -0.0236529 0.033375 0.04795 0.022577 0.0552001 0.048031 0.0224051 0.0402273 0.047702 0.0230888 0.0461435 0.047325 0.0238594 0.0552001 0.046901 0.0246831 0.0482309 0.046509 0.0253958 0.0552001 0.045663 0.0269052 0.0505295 0.044691 0.0284761 0.0552001 0.04432 0.0290641 0.0512564 0.04328 0.0305842 0.0552001 0.042875 0.0311562 0.0514855 0.041862 0.0324997 0.0552001 0.041331 0.033177 0.0505866 0.040566 0.0341009 0.047678 0.038715 0.0362016 0.0552001 0.039692 0.0351211 0.0552001 0.037962 0.0369851 0.0450071 0.0368144 0.038124 0.0552001 0.0361444 0.0387632 0.0434883 0.0362852 0.0386311 0.0434883 0.0343737 0.0403422 0.0552001 0.0342434 0.0404522 0.0434883 0.0323817 0.0419571 0.0552001 0.0322637 0.0420481 0.0434883 0.0303139 0.0434751 0.0552001 0.0302097 0.0435471 0.0434883 0.0281752 0.044891 0.0552001 0.0280861 0.0449461 0.0434883 0.0259704 0.0462011 0.0552001 0.0258979 0.0462421 0.0434883 0.0237048 0.047403 0.0552001 0.02365 0.0474311 0.0544536 0.022297 0.048082 0.0434883 0.0213837 0.0484952 0.0537513 0.020926 0.048694 0.0530295 0.0193957 0.0493232 0.0434883 0.0190125 0.0494732 0.0523627 0.0178466 0.0499052 0.0434883 0.0165968 0.0503341 0.0517517 0.01628 0.0504381 0.0511971 0.0146976 0.0509211 0.0434883 0.0141422 0.0510782 0.0506995 0.0131008 0.051355 0.0434883 0.0116545 0.0517031 0.0502591 0.0114913 0.0517391 0.0498767 0.0098706 0.0520732 0.0434883 0.0091395 0.0522062 0.0434883 0.0066031 0.0525872 0.0494196 0.007421 0.0524711 0.0490797 0.004957 0.0527681 0.0434883 0.0040512 0.0528452 0.0488874 0.0024809 0.0529355 0.0422442 0.0011857 0.0529851 0.0488133 0 0.0530001 0.041 0 0.0530001 0.0507522 -0.0160752 0.051984 0.0507269 0.0057044 0.0520052 0.0532887 0.016199 0.0498554 0.0333956 -0.0479 0.0530001 0.0301309 -0.0402 0.0530001 0.046 -0.0447 0.0530001 0.0394248 -0.0426987 0.0530001 0.0409987 -0.0384487 0.0530001 0.0478756 -0.0160576 0.0530001 0.0460409 -0.0220493 0.0530001 0.0524335 -0.0199193 -0.050573 0.0503216 0.0052888 -0.0523253 0.0519351 0.012256 -0.0509911 0.0542631 0.018517 -0.0490375 0.0555 0.0210175 -0.0479999 0.0554335 0.0233075 0.0473131 0.0552288 0.04824 0.0218822 0.055208 0.048143 0.0221457 0.0552649 0.04832 0.0216166 0.0404637 0.0372767 -0.0383213 0.0394443 0.0355073 -0.0380135 0.0387056 0.0348482 -0.0376686 0.0380225 0.0369336 -0.037258 0.0376166 0.0313845 -0.0369645 0.0365421 0.0335786 -0.0358714 0.0359879 0.0335234 -0.0350767 0.0356169 0.0335904 -0.0343669 0.0353433 0.0309237 -0.0336474 0.0351505 0.0347523 -0.0329238 0.0350156 0.0332995 -0.031927 0.0350001 0.0352249 0.0289814 0.0350201 0.0344927 0.0320045 0.0351194 0.0341355 0.032751 0.0353295 0.0278579 0.0336627 0.0353509 0.036669 0.0336787 0.0356064 0.033592 0.034342 0.0358789 0.0395 0.0348836 0.036059 0.0275568 0.0351914 0.0362875 0.0395 0.0355422 0.0368102 0.0337201 0.0361902 0.0374095 0.0339815 0.0367798 0.0379498 0.0330657 0.0372063 0.0388752 0.0362052 0.0377533 0.0394089 0.031303 0.0380098 0.0400748 0.0362928 0.0382294 0.0407952 0.038294 0.0383863 0.0421336 0.037501 0.0384811 0.0440934 0.037624 0.0381869 0.0448337 0.039103 0.0378672 0.0462885 0.038843 0.0370056 0.0376643 0.0405 0.0348481 0.036903 0.0405 0.0335371 0.0412533 0.04025 0.0368671 0.0364572 0.0405 0.0314824 0.0449073 0.040485 0.0364076 0.0463853 0.0405 0.0347573 0.0359029 0.040489 0.0266251 0.037374 0.0405 0.0286435 0.0393792 0.0405 0.0267221 0.0430086 0.040501 0.0255477 0.0427947 0.0405 0.0261756 0.0478369 0.040506 0.0310709 0.0469569 0.0405 0.0291699 0.0454233 0.0405 0.0272609 0.0420001 0.0415 0.0240001 0.0421455 0.046087 0.0240017 0.0428314 0.043729 0.0240544 0.0440707 0.043672 0.0243103 0.0459921 0.04181 0.0252153 0.0471216 0.043101 0.0260419 0.0478735 0.041928 0.0269357 0.0486844 0.042649 0.0280968 0.0343839 0.038736 0.0240001 0.0304999 0.0311829 0.0240001 0.0304999 0.046011 0.0240001 0.0497057 0.041628 -0.0308464 0.0473714 0.042634 -0.0262721 0.0464267 0.042813 -0.025462 0.0452311 0.042418 -0.0247644 0.0442948 0.043628 -0.0243712 0.043488 0.045998 -0.0241555 0.0427105 0.042625 -0.0240432 0.033 0.0475 0.0140001 0.033 0.039486 0.0105857 0.033 0.038446 0.0140001 0.033 0.040235 -0.00415453 0.033 0.0475 -0.0139998 0.033 0.038446 -0.0139998 0.000566602 -0.0291602 0.0426702 0.0177522 -0.0300066 0.0431587 0.016 -0.0332 0.0450021 -0.0124753 -0.0332 0.0450021 0.0338922 0.007 0.0420002 0.028423 0.0042129 0.0420002 0.0210147 -0.0195713 0.0420002 0.021 -0.0384 0.0420002 0.0106232 -0.0266602 0.0420002 0.0290658 0.009 0.0386826 0.022006 -0.017103 0.0340001 0.0275736 -0.0139945 0.0339986 0.014782 -0.0257318 0.0330001 0.0275 -0.0332 0.0286881 0.00683117 -0.028903 0.0311693 0.0275 -0.0251602 0.0333301 -0.00664353 -0.0332 0.0286881 0.0240127 -0.0011023 0.0386216 0.0256824 0.007386 0.0390002 0.021156 -0.0108965 0.0387572 0.0170875 -0.0173279 0.0381197 0.00942123 -0.0238867 0.0390953 0.00821173 -0.024553 0.0377041 0.00462711 -0.0262003 0.0380041 0.00335598 -0.0266539 0.03621 0.00289679 -0.0267978 0.039585 -0.0207109 -0.0341104 0.043718 -0.00032115 -0.0277946 0.0400721 -0.0207109 -0.0341104 0.0319652 0.00276423 -0.0268389 0.0361632 0.00424147 -0.026352 -0.0387779 0.00583291 -0.0257118 -0.0380622 0.00838006 -0.0244802 -0.0387476 0.0145199 -0.0200358 -0.0386501 0.0177505 -0.0165082 -0.0379959 0.0206558 -0.0119692 -0.0379101 0.0225167 -0.0075155 -0.0387891 0.0232995 -0.0046474 -0.0386606 0.0245693 0.0017271 -0.0386213 0.00286365 -0.0268081 -0.0378807 -0.00032115 -0.0277946 -0.0400718 -0.0207109 -0.0341104 -0.0319649 -0.0207109 -0.0341104 -0.043718 0.0264994 0.0072803 0.0361816 0.0267305 0.0014559 0.0348295 0.0249279 -0.0042213 0.0355002 0.0245712 -0.0056878 0.0355329 0.0242311 -0.0067749 0.0355815 0.0227625 -0.0119047 0.0351326 0.0208111 -0.0128771 0.0364904 0.0187275 -0.0160833 0.0365354 0.0171583 -0.0195164 0.0354997 0.0155116 -0.0213939 0.0353343 0.00848949 -0.026966 0.0327992 0.00888872 -0.0245315 0.0365461 0.00602353 -0.0270568 0.0337628 0.00420392 -0.0272137 0.0342232 0.00412917 -0.0286944 0.0317446 0.00313544 -0.0271651 0.0346512 -0.0127532 -0.033893 0.0287751 -0.0185847 -0.033893 0.0307671 0.0275674 0.007265 -0.0351304 0.0128508 -0.022779 -0.0360325 0.0163175 -0.020503 -0.0354324 0.0200278 -0.016113 -0.0353843 0.0215659 -0.0133383 -0.035533 0.0229163 -0.010659 -0.0354999 0.00411296 -0.0286687 -0.0317908 0.00313544 -0.0271651 -0.0346518 0.00533259 -0.0273199 -0.0335895 0.0080272 -0.025674 -0.0351227 -0.0127532 -0.033893 -0.0287748 -0.0185847 -0.033893 -0.0307668 0.0181097 -0.0391996 0.0481137 0.0300088 -0.0392 0.0519973 0.021 -0.0392 0.0428001 0.0348575 -0.0391517 0.0427705 0.0392001 -0.0392 0.0520002 0.0369334 -0.0392 0.0442545 -0.0301588 -0.0391914 0.0441879 -0.0252781 -0.0392 0.044901 -0.0457013 -0.0392 0.0265233 -0.0485537 -0.0390919 0.0241102 -0.0450037 -0.0392 -0.0263587 -0.0441388 -0.0391823 -0.0313126 -0.0261002 -0.0392 -0.0455774 0.0182525 -0.0392 -0.0480002 0.0314922 -0.0392 -0.043028 0.0346131 -0.0392 -0.0503901 -0.0310769 -0.0385243 0.0442568 -0.0485846 -0.0376284 0.0235817 -0.0440726 -0.0374465 0.0320818 -0.0436764 -0.0385606 -0.0318106 -0.0445648 -0.0369436 -0.032385 -0.0221069 -0.0377645 -0.0478583 0.04 -0.0384 0.0520002 0.04 0.0083422 0.0491585 0.04 0.0010601 0.0519854 0.04 0.0190608 0.0455662 0.017 -0.0369308 0.0483114 0.0359502 0.0122043 0.04257 0.0359502 -0.0384 0.04257 0.0395145 0.0198203 0.0447091 0.0374906 0.0157542 0.0434946 0.04 -0.0384 -0.0519999 0.04 0.0010601 -0.0519851 0.04 0.0190608 -0.0455659 0.0400002 0.0091505 -0.0489014 0.0170039 -0.0373657 -0.0458644 0.017 -0.0370589 -0.0506469 0.0395145 -0.0384 -0.0447088 0.0359502 -0.0384 -0.04257 0.038734 0.0182783 -0.0442406 0.053493 -0.0227016 -0.0495406 0.0555 -0.0212844 -0.0479999 0.0555027 -0.023877 -0.0467564 0.0555027 -0.0261236 -0.0455385 0.0555027 -0.0283091 -0.0442134 0.0555024 -0.0304284 -0.0427826 0.0555022 -0.0324733 -0.0412515 0.0555022 -0.0344448 -0.0396205 0.0555 -0.0363278 -0.037902 0.0535858 -0.0378423 -0.039101 0.0555 -0.0381296 -0.0360888 0.0535858 -0.0396927 -0.0372208 0.0555 -0.0398409 -0.0341898 0.0535858 -0.0414498 -0.0352539 0.0555 -0.0414579 -0.03221 0.0535858 -0.0431095 -0.033203 0.0555 -0.0429765 -0.0301538 0.0535858 -0.0446679 -0.0310749 0.0555 -0.0443933 -0.028026 0.0535858 -0.0461214 -0.0288738 0.0555 -0.0457048 -0.025833 0.0535858 -0.0474665 -0.026605 0.0555 -0.046908 -0.0235768 0.0480001 -0.0479 0.0329167 0.0480001 -0.0457572 0.0392865 0.0480001 -0.0409743 0.0376925 0.0480001 -0.0447 0.051 0.0480001 -0.0288136 0.0479316 0.0480001 -0.0231301 0.051 0.0545771 -0.0487 0.0219621 0.0555 -0.046908 0.0235771 0.0535858 -0.0487 0.024274 0.0535858 -0.0474665 0.026605 0.0555 -0.0457048 0.025833 0.0535858 -0.0461214 0.0288741 0.0555 -0.0443933 0.028026 0.0535858 -0.0446679 0.0310751 0.0555 -0.0429765 0.0301541 0.0535858 -0.0431095 0.033203 0.0555 -0.0414579 0.03221 0.0535858 -0.0414498 0.0352542 0.0555 -0.0398409 0.0341901 0.0535858 -0.0396927 0.0372211 0.0555 -0.0381296 0.0360891 0.0535858 -0.0378423 0.039101 0.0555 -0.0363278 0.037902 0.0535858 -0.035903 0.0408892 0.0555 -0.03444 0.0396251 0.0535858 -0.0338794 0.04258 0.0555 -0.0324704 0.0412542 0.0535858 -0.0317761 0.0441722 0.0555 -0.030424 0.042786 0.0555 -0.0283054 0.0442161 0.0535858 -0.0273506 0.0470411 0.0555 -0.0261196 0.0455412 0.0535858 -0.0250389 0.0483111 0.0555 -0.023872 0.046759 0.0555054 -0.0216386 0.0478314 0.0449069 -0.0467001 0.0466711 0.0409132 -0.0479 0.049426 0.0447943 -0.0479 0.0429117 0.0441802 -0.0467 -0.0459429 -0.0208549 -0.0342236 0.0477025 -0.00240517 -0.0342069 0.0484912 0.0159922 -0.0342337 0.0497111 -0.0209491 -0.0342834 0.0480241 0.0159879 -0.0342837 0.0499636 0.0159841 -0.0343418 0.0501741 -0.0210476 -0.0343749 0.0483302 0.0159812 -0.0344035 0.0503491 -0.0211513 -0.0345006 0.0486225 0.015977 -0.0345065 0.0505826 -0.0212362 -0.0346217 0.0488457 0.0159733 -0.0346202 0.050794 0.0159695 -0.0347646 0.0510131 -0.0213397 -0.0348 0.0491056 0.0159659 -0.0349235 0.0512172 -0.0214217 -0.0349704 0.0493111 0.0159634 -0.0350541 0.05136 -0.0214748 -0.0351008 0.0494441 0.0159612 -0.0351898 0.0514902 -0.0215261 -0.0352435 0.0495731 0.0159582 -0.0353996 0.0516612 -0.0215886 -0.0354475 0.049729 0.0159554 -0.0356279 0.051818 -0.0216389 -0.0356391 0.0498551 0.0159539 -0.0357859 0.0519091 -0.0216852 -0.0358539 0.049971 0.0159516 -0.0360489 0.0520321 -0.0217272 -0.0360948 0.0500762 0.01595 -0.0363232 0.052132 -0.021769 -0.0364146 0.0501815 0.0159488 -0.0366066 0.0522026 -0.0217928 -0.0366908 0.0502411 0.0159478 -0.0369712 0.0522541 -0.0218077 -0.0370158 0.0502779 0.015996 -0.0342097 -0.049491 -0.0208223 -0.0342114 -0.047581 0.0159913 -0.0342416 -0.04976 -0.0208886 -0.0342406 -0.0478218 -0.0209403 -0.0342757 -0.0479968 0.0159881 -0.0342802 -0.0499509 -0.0210247 -0.0343516 -0.0482603 0.0159831 -0.0343625 -0.050232 -0.0211079 -0.0344438 -0.048504 0.0159768 -0.0345116 -0.0505904 -0.0211885 -0.0345511 -0.0487219 0.0159726 -0.0346451 -0.050835 0.0159698 -0.0347493 -0.0509919 -0.0212784 -0.0346896 -0.048951 -0.0213618 -0.0348357 -0.0491529 0.0159662 -0.0349145 -0.0512038 -0.0214373 -0.034995 -0.0493353 0.0159626 -0.0351037 -0.0514089 -0.0215129 -0.0351806 -0.049518 0.0159603 -0.0352463 -0.05154 -0.0215853 -0.035398 -0.049693 0.0159575 -0.0354501 -0.0516985 0.015955 -0.0356689 -0.0518428 -0.0216591 -0.0356678 -0.0498708 0.0159531 -0.0358804 -0.051957 -0.0217104 -0.0359053 -0.0499938 0.0159512 -0.0361141 -0.05206 -0.0217495 -0.0361263 -0.050089 0.0159502 -0.0362887 -0.052122 0.0159492 -0.0364994 -0.0521799 -0.0217817 -0.0363647 -0.050166 -0.0218089 -0.0366387 -0.0502318 0.0159483 -0.0367516 -0.05223 -0.0218239 -0.0369055 -0.0502685 0.0159478 -0.0369752 -0.0522543 -0.0450933 -0.0374379 -0.0339042 -0.0422099 -0.0342077 -0.0328544 -0.0397274 -0.0343387 -0.0365547 -0.0432626 -0.0343423 -0.0328289 -0.0401942 -0.0346176 -0.0370079 -0.0439217 -0.0347294 -0.0332848 -0.0444106 -0.0352677 -0.0336226 -0.040603 -0.0350561 -0.0374051 -0.0409673 -0.0357049 -0.0377589 -0.0412021 -0.036587 -0.0379868 -0.0448374 -0.0361447 -0.0339175 -0.0349731 -0.0343171 -0.0410987 -0.0345299 -0.0346254 -0.0425325 -0.0368265 -0.0350619 -0.0411683 -0.0371809 -0.0357163 -0.0415369 -0.0373932 -0.0365208 -0.0417581 -0.0331256 -0.0352968 -0.0448781 -0.0335302 -0.0362815 -0.0452698 -0.0334065 -0.036975 -0.0455364 -0.0502185 -0.0364563 0.0225503 -0.0486743 -0.0342918 0.0172335 -0.0493643 -0.0344354 0.0154497 -0.0480089 -0.0342676 0.0219902 -0.0491858 -0.034607 0.019262 -0.0497937 -0.0350462 0.0193857 -0.0501814 -0.0356828 0.0202126 -0.0510731 -0.0365806 0.0160357 -0.0501554 -0.0348898 0.0147187 -0.0508398 -0.0356652 0.0147857 -0.0515591 -0.0369303 0.0111171 -0.049693 -0.034381 0.00975266 -0.0504383 -0.0347829 0.00980106 -0.0510843 -0.0354262 0.00984302 -0.0514758 -0.0361368 0.00986853 -0.0508275 -0.0349874 0.00737467 -0.0516963 -0.0361547 0.00535288 -0.0492253 -0.0342188 -0.0014151 -0.0518016 -0.0369508 0.00742236 -0.0494182 -0.0342602 0.00638667 -0.0502831 -0.0345581 0.00530282 -0.0509316 -0.0349458 0.00327387 -0.0514138 -0.0355821 0.00534263 -0.0505116 -0.0346333 -0.00163183 -0.0510614 -0.0350486 -0.00163779 -0.0516477 -0.0358272 1.49012e-07 -0.049796 -0.0343294 -0.0034543 -0.0519607 -0.0369052 0.00164786 -0.0517037 -0.0361952 -0.00535282 -0.0518787 -0.036958 -0.00535926 -0.0500833 -0.0345232 -0.00855717 -0.0511477 -0.0353082 -0.00635967 -0.0504889 -0.0349942 -0.0122741 -0.0514429 -0.036827 -0.0123518 -0.048929 -0.0342 -0.0106724 -0.051122 -0.0358163 -0.0123259 -0.0496329 -0.0347145 -0.0173295 -0.050709 -0.0368298 -0.0193196 -0.0480378 -0.0342414 -0.0204128 -0.0489819 -0.0343717 -0.0170496 -0.0488474 -0.0345876 -0.021973 -0.0499786 -0.0353507 -0.0201024 -0.0504858 -0.0360175 -0.019291 -0.0324022 -0.0344471 0.0440351 -0.0345953 -0.0347276 0.0427071 -0.0330451 -0.0352362 0.0448836 -0.0335867 -0.0367053 0.0453526 -0.0333066 -0.0361809 0.0453862 -0.0340731 -0.0342174 0.0412308 -0.0339001 -0.0342846 0.0419687 -0.0360941 -0.0344585 0.0406331 -0.0368088 -0.0352206 0.0413779 -0.0371968 -0.0361578 0.0417825 -0.039243 -0.0369566 0.0400316 -0.039822 -0.0344257 0.0368434 -0.0402365 -0.0347429 0.0372466 -0.0406172 -0.0352329 0.0376171 -0.0409285 -0.0358496 0.0379201 -0.0410647 -0.0363472 0.0380527 -0.0406957 -0.034252 0.0350021 -0.0437293 -0.0346877 0.0334145 -0.0442057 -0.0352675 0.033848 -0.0446534 -0.035669 0.0331017 -0.0445554 -0.0360087 0.0341662 -0.0448434 -0.0365253 0.0340845 -0.0447299 -0.0369389 0.034325 -0.0272815 -0.0402 0.0499519 -0.0270371 -0.0479 0.0499956 -0.0277059 -0.0479 0.0498606 -0.0280614 -0.0402 0.0497502 -0.0284899 -0.0479 0.0495698 -0.028743 -0.0402 0.049452 -0.0293242 -0.0479 0.0490946 -0.0293242 -0.0402 0.0490946 0.03 -0.0479 -0.0529979 0.03 -0.0402 -0.0529979 0.03 -0.0479 0.052998 0.0299351 -0.0478998 0.0529968 -0.0293242 -0.0479 -0.0490943 -0.0291694 -0.0402 -0.0491982 -0.028743 -0.0479 -0.0494519 -0.028463 -0.0402 -0.0495852 -0.0280614 -0.0479 -0.0497502 -0.0275837 -0.0402 -0.0498823 -0.0272815 -0.0479 -0.0499516 -0.0494111 -0.0402 -0.0278917 -0.049325 -0.0479 -0.028319 -0.0491616 -0.0402 -0.028823 -0.0491185 -0.0479 -0.0289327 -0.0488653 -0.0402 -0.0294641 -0.0486629 -0.0479 -0.0297888 -0.0484097 -0.0402 -0.0301505 -0.0486629 -0.0402 0.0297891 -0.0485187 -0.0479 0.0300111 -0.0489818 -0.0479 0.0292262 -0.0491185 -0.0402 0.028933 -0.0492749 -0.0479 0.0284885 -0.049325 -0.0402 0.028319 0.0175091 -0.0348916 0.0440666 0.0178716 -0.0349356 0.0435096 0.0182931 -0.0354974 0.0430664 0.0188029 -0.0340891 0.0426597 0.0194209 -0.0336044 0.0423361 0.0201743 -0.0330616 0.0420887 0.0206572 -0.0384 0.0420181 0.0339671 0.0071278 -0.0419999 0.034259 -0.0157 -0.0420168 0.0344414 -0.0157 -0.0420378 0.0346644 -0.0157 -0.0420757 0.0348649 -0.0384 -0.0421198 0.0349057 0.007 -0.0421308 0.0350542 -0.0384 -0.0421718 0.0351677 0.0087676 -0.0422088 0.0352407 -0.0384 -0.0422338 0.0354064 0.0100386 -0.0422979 0.0355139 -0.0384 -0.0423449 0.0356425 0.0110834 -0.0424028 0.0357791 -0.0384 -0.0424729 0.0358744 0.0120124 -0.0425244 0.0172622 -0.0352928 -0.0445503 0.0177643 -0.0359339 -0.0436591 0.0181592 -0.0346749 -0.0431891 0.0186608 -0.0341895 -0.0427624 0.0193222 -0.0323869 -0.0423673 0.0200369 -0.0318515 -0.0421232 0.0206847 -0.0340942 -0.0420161 0.0340886 -0.0384 0.0420052 0.0341481 0.007 0.0420095 0.0343438 -0.0157 0.0420262 0.0345258 -0.0157 0.0420505 0.0347689 -0.0384 0.0420987 0.0348227 0.007 0.0421111 0.0350542 -0.0384 0.0421721 0.0350711 0.0081605 0.0421785 0.0352407 -0.0384 0.0422341 0.0352999 0.0095027 0.042256 0.0355139 -0.0384 0.042345 0.0355434 0.0106584 0.0423576 0.0357791 -0.0384 0.0424732 0.0357738 0.0115916 0.0424701 0.0396289 -0.0384 -0.0447904 0.0396206 0.0201597 -0.0447837 0.0397201 0.0203979 -0.0448719 0.0397624 -0.0384 -0.0449203 0.039825 0.0204948 -0.0450009 0.0398462 -0.0384 -0.0450328 0.0398846 0.0204382 -0.0450998 0.0399115 -0.0384 -0.0451575 0.0399333 0.0202745 -0.0452069 0.0399609 -0.0384 -0.0452889 0.0399592 0.0200998 -0.0452829 0.0399742 0.0199398 -0.0453399 0.039989 -0.0384 -0.0454265 0.039993 0.0195405 -0.0454544 0.0399911 0.0195845 0.045442 0.039989 -0.0384 0.0454265 0.0399621 0.0200559 0.0452971 0.0399457 -0.0384 0.0452446 0.0398988 0.0203889 0.0451311 0.0398693 -0.0384 0.0450741 0.0398159 0.0204946 0.0449881 0.0397624 -0.0384 0.0449206 0.039705 0.0203703 0.0448572 0.0396289 -0.0384 0.0447907 0.0395975 0.0200931 0.0447661 0.0170174 -0.038561 -0.0486334 0.0171056 -0.0387857 -0.0486399 0.017494 -0.0391366 -0.0494185 0.021 -0.0385439 -0.0420144 0.0202454 -0.0389582 -0.0425077 0.0266403 -0.0391481 -0.0425485 0.018868 -0.0387942 -0.0428742 0.0175853 -0.0389224 -0.0448342 0.0338922 -0.0385439 -0.0420144 0.0258346 -0.0387856 -0.0421043 0.027446 -0.0389881 -0.0422631 0.0348816 -0.0389859 -0.0425824 0.03435 -0.0386783 -0.0421058 0.0374892 -0.0390858 -0.0440443 0.0377101 -0.0386358 -0.0436765 0.04 -0.0388708 -0.0455564 0.0394793 -0.0391298 -0.0487829 0.0399342 -0.0386846 -0.0483807 0.0170475 -0.0386462 0.0479766 0.027446 -0.0385439 0.0420145 0.0201533 -0.0391274 0.0426513 0.0290575 -0.0387808 0.0421008 0.027446 -0.0389305 0.0422012 0.027446 -0.0390435 0.0423271 0.027446 -0.0391282 0.042472 0.0177386 -0.0389165 0.0444767 0.0183042 -0.0387211 0.0432321 0.0200562 -0.038723 0.0422556 0.0306691 -0.0391876 0.0426685 0.0338922 -0.0389988 0.0422701 0.033891 -0.0383991 0.0420002 0.0346723 -0.0387061 0.0421728 0.0344328 -0.0390896 0.0424651 0.0366036 -0.0387815 0.0431141 0.0377152 -0.0386138 0.0436682 0.0376838 -0.039137 0.0442249 0.0395155 -0.0383996 0.0447098 0.04 -0.0388018 0.0455522 0.0399506 -0.0386462 0.0487832 0.0395015 -0.039112 0.048582 -0.0291075 -0.0389193 0.0420546 -0.0268962 -0.0387355 0.0409373 -0.0251679 -0.0388932 0.0411655 -0.022939 -0.0391406 0.043239 -0.0218725 -0.0388104 0.0452923 -0.0307142 -0.038874 0.0440027 -0.0436239 -0.0391866 0.0308909 -0.0440265 -0.0388641 0.0318598 -0.0447098 -0.0389069 0.0228271 -0.0414968 -0.0388739 0.024198 -0.0406806 -0.038919 0.0260259 -0.0407455 -0.0388335 0.0284859 -0.0420775 -0.0388498 0.0305709 -0.0438446 -0.0389902 -0.0316251 -0.0420589 -0.0389985 -0.0303265 -0.0408604 -0.037745 -0.0292855 -0.0406886 -0.0389399 -0.0278879 -0.0412629 -0.0389317 -0.0248726 -0.0436481 -0.0388737 -0.0228444 -0.0467304 -0.0387092 -0.0228451 -0.0311867 -0.0389497 -0.044946 -0.021729 -0.0387339 -0.0458115 -0.0226691 -0.0388667 -0.0428525 -0.0260317 -0.0388605 -0.0410641 -0.0293972 -0.0389601 -0.0425657 -0.0226085 -0.039008 -0.0478686 0.0252867 0.0016102 -0.0362867 0.0250635 0.0016466 -0.0365919 0.0259128 0.0073562 -0.0371016 0.0235958 -0.0039593 -0.0373374 0.0257354 0.0073792 -0.0377048 0.0234826 -0.003937 -0.0378757 0.0256851 0.0073857 -0.0381599 0.0236039 -0.0048953 -0.0368524 0.0243907 -0.0064083 -0.0355164 0.022912 -0.0069731 -0.0371769 0.0233577 -0.0084506 -0.035914 0.0220332 -0.0097513 -0.036969 0.0200851 -0.0135533 -0.0369972 0.017451 -0.0174978 -0.0367366 0.0146987 -0.0200968 -0.0372687 0.0100892 -0.0235027 -0.0390705 0.0121287 -0.0220616 -0.0384205 0.00452733 -0.0263113 -0.0359164 0.00793993 -0.0248307 -0.0368985 -0.00854325 -0.0304806 -0.0332418 0.00330067 -0.0269478 -0.0350021 -0.0193555 -0.0339774 -0.0309299 -0.00876832 -0.0304742 -0.0335 -0.00893199 -0.0304737 -0.0338217 -0.00801003 -0.0305083 0.032859 -0.0112934 -0.0313811 0.0326101 -0.020412 -0.0340883 0.0313813 0.00284624 -0.0268487 0.0357212 -0.0207781 -0.0341388 0.031712 0.00279808 -0.0268366 0.0359704 0.00342011 -0.0267091 0.0356213 0.00640237 -0.0255132 0.0366675 0.012833 -0.0215701 0.0379244 0.0123107 -0.0233421 0.0358512 0.0149822 -0.0199845 0.0369865 0.0196046 -0.0138459 0.0377688 0.02337 -0.0093638 0.0355715 0.0233065 -0.0057955 0.0370044 0.0222371 -0.0089602 0.0371698 0.0246207 0.0017189 0.0377273 0.0247579 0.0016973 0.0372001 0.0244246 -0.001177 0.036724 0.0252368 0.0016166 0.0363483 0.0182209 -0.0210183 -0.0341786 0.0183342 -0.0185286 -0.0352748 0.0213583 -0.018081 -0.0340289 0.0212885 -0.016596 -0.0343216 0.0240313 -0.0133542 -0.0340684 0.026855 -0.0054041 -0.0340689 0.0239282 -0.0111553 -0.0344592 0.0258279 -0.0077702 -0.0341764 0.0252588 -0.0045959 -0.035106 0.0265245 -0.0045354 -0.0342153 0.0263321 -0.0044976 -0.0343018 0.0259287 -0.0044182 -0.0345512 0.0281684 0.0072282 -0.0345829 0.0284648 0.0071898 -0.0343879 0.0282512 0.0026135 -0.034092 0.025721 -0.0048884 0.0346297 0.0264404 -0.0047061 0.0342373 0.0246004 -0.0087797 0.0346419 0.0265462 -0.0068659 0.0340456 0.0245429 -0.0105809 0.0342804 0.0233626 -0.0147105 0.0340363 0.0216088 -0.0148042 0.0347742 0.0194993 -0.0179154 0.0347368 0.0208533 -0.0173572 0.034248 0.0173533 -0.0211167 0.0343987 0.0183258 -0.021564 0.0340525 0.0282619 0.0019106 0.0340344 0.0286514 0.0074079 0.0343017 0.027547 0.0043243 0.0346238 0.0120661 -0.0261194 -0.0327989 0.00458574 -0.0291204 -0.0311426 0.00454903 -0.0295191 -0.030825 0.00800979 -0.0274373 -0.032307 0.00422955 -0.028866 -0.0314802 -0.0117874 -0.0337854 -0.0286644 -0.010272 -0.0336147 -0.0285889 -0.00817883 -0.0333762 -0.0286108 0.0045495 -0.0295203 0.0308241 -0.00903559 -0.0334741 0.0285851 0.00477099 -0.0291709 0.0310782 -0.0105731 -0.0336488 0.0285942 0.00433064 -0.0290525 0.0312385 -0.0119753 -0.0338065 0.0286805 0.00507295 -0.0286247 0.0315849 0.0100207 -0.0268263 0.032498 0.0141178 -0.0240946 0.0340783 0.0204302 -0.0271806 -0.0420299 0.0099138 -0.026904 -0.0420118 0.00775814 -0.0275886 -0.0420869 0.0196815 -0.0278658 -0.0421508 0.00590169 -0.0280776 -0.0422049 0.0191689 -0.0283368 -0.0422889 0.00378442 -0.0285373 -0.0423659 0.0187342 -0.0287386 -0.0424548 0.0183582 -0.0290883 -0.04263 0.0189273 -0.0286745 0.0424289 0.00378442 -0.0285373 0.0423662 0.0122551 -0.0281562 0.0422317 0.0200423 -0.0275528 0.0420837 0.00681281 -0.0277833 0.0421299 0.00917971 -0.0271558 0.0420252 0.0207064 -0.026967 0.0420097 0.0272334 0.0012953 -0.0419799 0.0266404 0.0013916 -0.0418542 0.0260181 0.0014934 -0.0415715 0.0267904 0.0072426 -0.0413319 0.0265152 0.0072782 -0.0410779 0.0251198 0.0016378 -0.0407394 0.0248586 0.0016807 -0.0402757 0.0257874 0.0073725 -0.0397824 0.0245886 0.0017242 -0.0393101 0.0242546 -0.0044827 -0.041133 0.0249331 -0.0070909 -0.0418886 0.0232824 -0.006612 -0.0406111 0.0233706 -0.0046803 -0.0396417 0.0241084 -0.0068438 -0.0414694 0.0222861 -0.0086713 -0.0400008 0.0231344 -0.0100371 -0.0415507 0.0236585 -0.0116725 -0.0419672 0.0209783 -0.0139942 -0.0414272 0.0216013 -0.0112593 -0.0407122 0.0213001 -0.0106613 -0.0390781 0.0191913 -0.0190783 -0.0419897 0.0191903 -0.0156062 -0.0408345 0.0186263 -0.0154399 -0.0397199 0.020485 -0.0166122 -0.0419041 0.0177008 -0.0187455 -0.0415426 0.0165999 -0.0189233 -0.0409056 0.0161986 -0.0184548 -0.03941 0.0130352 -0.0222158 -0.0409094 0.0146699 -0.0229833 -0.0419217 0.0137339 -0.0211398 -0.0402599 0.0111502 -0.0247843 -0.0416823 0.00769627 -0.0251059 -0.0402447 0.00433481 -0.0265669 -0.0405792 0.00443304 -0.0270662 -0.0414282 0.00842249 -0.0254285 -0.0410989 0.00371575 -0.0280571 -0.0421046 0.00590765 -0.0274787 -0.0419749 0.000443935 -0.0288765 -0.0424751 0.000263572 -0.028497 -0.0421244 0.000148773 -0.0282842 -0.0418509 2.93255e-05 -0.0280897 -0.04152 -6.07967e-05 -0.0279671 -0.0412284 0.00144112 -0.027312 -0.0403684 -0.0104833 -0.030952 -0.042116 -0.0148672 -0.0334741 -0.0451048 -0.0165198 -0.0337192 -0.0451625 -0.0179036 -0.0338172 -0.0449985 -0.0190053 -0.0339393 -0.0448385 -0.0197752 -0.0340226 -0.0446287 -0.0205212 -0.0341178 -0.0442913 0.000443935 -0.0288765 0.0424754 -0.0145292 -0.0334354 0.0450932 0.000287175 -0.0285436 0.0421759 -0.0166028 -0.0336712 0.0450901 0.00018239 -0.0283426 0.0419382 -0.0175931 -0.0337826 0.0450322 8.27312e-05 -0.0281733 0.0416736 -0.01858 -0.0338924 0.0449132 -1.16825e-05 -0.0280306 0.0413927 -0.0193353 -0.0339753 0.0447647 -7.08103e-05 -0.0279531 0.041196 -0.000126243 -0.0278916 0.0409936 -0.0199287 -0.0340389 0.044573 -0.0102422 -0.030954 0.0425545 -0.0206313 -0.0341077 0.044026 -0.000276089 -0.0277946 0.0403239 0.00346613 -0.0274776 0.0416006 0.00317395 -0.027109 0.0410258 0.00402904 -0.0280411 0.0421218 0.00667977 -0.0253415 0.0392577 0.00509131 -0.0262502 0.0403725 0.0079453 -0.0251208 0.0404402 0.00342798 -0.026718 0.0401961 0.00642014 -0.0267782 0.0415975 0.00926042 -0.0257447 0.0416063 0.0133588 -0.023291 0.0417198 0.0116991 -0.0233477 0.0410437 0.0121 -0.022288 0.0399958 0.0157717 -0.0202497 0.0412258 0.016346 -0.0216334 0.0419571 0.0156344 -0.018952 0.0389756 0.0191386 -0.0177421 0.0417692 0.0168542 -0.0183545 0.0406097 0.0219074 -0.0150034 0.0419702 0.0197816 -0.0141706 0.0403661 0.022238 -0.013448 0.0418555 0.0184846 -0.0155712 0.0395309 0.0223429 -0.0118316 0.0415672 0.0247998 -0.0089553 0.0419847 0.0209644 -0.0135461 0.0412687 0.026803 0.0013618 0.0419056 0.0244536 -0.008307 0.0418634 0.0264138 0.0014261 0.0417761 0.0227706 -0.0088579 0.0409035 0.0238886 -0.0070891 0.0413858 0.0219059 -0.0095365 0.0398904 0.0227413 -0.0068053 0.0382489 0.0248921 0.0016747 0.0403608 0.0236088 -0.0039618 0.0399398 0.0234164 -0.0058558 0.0404471 0.0232702 -0.0048468 0.0391437 0.0272251 0.0012928 0.0419804 0.0265405 0.0043499 0.041551 0.0256619 0.0015475 0.041325 0.0253805 0.0015939 0.0410594 0.0250843 0.0016423 0.0406827 0.0258732 0.0073614 0.0400435 0.0257348 0.0073793 0.0395185 0.0227119 -0.0246257 -0.0335897 0.0227119 -0.0237802 -0.0338689 0.0203178 -0.0231943 -0.0339671 0.0275 -0.0230168 -0.0339855 0.0140927 -0.0242252 -0.0340143 0.0169039 -0.0241958 -0.0337571 0.0108125 -0.0247129 -0.0351637 0.0107474 -0.0251119 0.0345775 0.0164871 -0.0241647 0.0337862 0.0239089 -0.0227197 0.0339986 0.0227119 -0.023517 0.0339161 0.0226907 -0.0247023 0.0335542 0.0343194 0.0080793 -0.041807 0.0290399 0.0089886 -0.0394028 0.0326859 0.0088865 -0.0407246 0.031441 0.0079173 -0.0417572 0.0280818 0.0076184 -0.0417825 0.0289464 0.0084746 -0.0412427 0.0265369 0.0077485 -0.0408302 0.0271189 0.0086206 -0.0400625 0.0261388 0.0080934 -0.0394877 0.0273359 0.0089074 -0.0376073 0.0261645 0.0081296 -0.0377446 0.0263339 0.0077785 -0.0366641 0.0277576 0.0085843 -0.0361389 0.0277739 0.0077601 -0.0352062 0.0278759 0.0076798 0.0350195 0.0276229 0.008399 0.0358714 0.0276757 0.0088242 0.0367698 0.0259331 0.0078349 0.0377039 0.026251 0.0074197 0.0365385 0.0267891 0.0087085 0.0387546 0.028398 0.0073887 0.0419101 0.025875 0.0077395 0.0394243 0.0272843 0.0077957 0.0414247 0.0300934 0.0088337 0.0407254 0.0264783 0.0078154 0.0407602 0.0276096 0.0086477 0.0405318 0.0308897 0.0083045 0.0414945 0.0311811 0.0077078 0.0418617 0.0339644 0.0071777 0.0419923 0.0294976 -0.0322981 -0.0269559 0.0294976 -0.0322981 0.0269562 0.0294905 -0.032396 -0.0269559 0.0294905 -0.032396 0.0269562 0.02947 -0.0325418 -0.0269559 0.02947 -0.0325418 0.0269562 0.0294402 -0.032686 1.49012e-07 0.0293986 -0.0328272 1.49012e-07 0.0293479 -0.0329654 1.49012e-07 0.0292859 -0.033099 1.49012e-07 0.0292023 -0.0332489 1.49012e-07 0.0291348 -0.0333513 -0.0269559 0.0290762 -0.0334301 0.0269562 0.029014 -0.033506 -0.0269559 0.0289819 -0.0335431 0.0269562 0.0288787 -0.0336481 -0.0269559 0.0288787 -0.0336481 0.0269562 0.0287302 -0.0337762 1.49012e-07 0.0285697 -0.0338892 1.49012e-07 0.0284209 -0.0339749 1.49012e-07 0.0283103 -0.0340279 -0.0269559 0.0282655 -0.0340478 0.0269562 0.0281738 -0.0340831 -0.0269559 0.0281272 -0.0340985 0.0269562 0.0280334 -0.034127 -0.0269559 0.027986 -0.0341401 0.0269562 0.0278418 -0.03417 -0.0269559 0.0278418 -0.03417 0.0269562 0.027696 -0.0341904 1.49012e-07 0.0275981 -0.0341976 -0.0269559 0.0275981 -0.0341976 0.0269562 0.0304999 0.048485 0.0206551 0.055209 0.048491 0.0205761 0.0552318 0.048468 0.0208541 0.0304999 0.048447 0.021016 0.0552908 0.048409 0.0212308 0.0304999 0.04838 0.0213737 0.0304999 0.04829 0.021726 0.0304999 0.048172 0.0220701 0.0391558 0.04636 -0.0239674 0.0348125 0.046612 -0.0239054 0.033375 0.046991 -0.0237373 0.0355313 0.047414 -0.0234197 0.03625 0.047669 -0.0231164 0.0501406 0.043449 -0.0298608 0.0484121 0.043065 -0.0276447 0.0426517 0.046702 -0.0239013 0.0496898 0.044902 -0.0279654 0.0477216 0.045608 -0.0261506 0.0453995 0.046437 -0.0245427 0.0427496 0.047495 -0.0233534 0.03625 0.047176 0.02362 0.0369687 0.046822 0.0238232 0.033375 0.046339 0.0239679 0.047564 0.045062 0.0263731 0.0506136 0.042027 0.0319232 0.0425849 0.047053 0.023709 0.0377965 0.047509 0.0233175 0.0451862 0.045338 0.0246955 0.0450672 0.047015 0.0240907 0.0485743 0.04562 0.0266871 0.039 0.041172 0.0240654 0.0381932 0.040828 0.0242719 0.0391294 0.040558 0.0247034 0.0432167 0.040915 0.0244409 0.0458542 0.040709 0.0257641 0.0491821 0.040791 0.0307724 0.0493448 0.042695 0.029494 0.0491574 0.0405 0.0339443 0.050715 0.040901 -0.0334791 0.0488651 0.04083 -0.0298313 0.0465765 0.040525 -0.0268844 0.0472519 0.04103 -0.0264193 0.0439113 0.041141 -0.0243598 0.0374236 0.041193 -0.0240589 0.0400599 0.04073 -0.024423 0.0397956 0.040968 -0.0241705 0.0452944 0.040705 -0.0253631 0.0410753 0.040523 -0.0248702 0.0444856 0.04016 0.0375549 0.041191 0.040441 0.037476 0.041018 0.039826 0.0382272 0.0374907 0.040053 0.0363833 0.0386077 0.040498 0.0358783 0.0359037 0.039896 0.0345594 0.0356226 0.040329 0.0324534 0.0354776 0.040342 0.0286562 0.0350728 0.039699 0.0303704 0.0351088 0.039935 0.0282501 0.0490882 0.040435 -0.0341004 0.0359755 0.040499 -0.0274373 0.0356748 0.040065 -0.0334912 0.0367808 0.039901 -0.0358673 0.0403268 0.040114 -0.0378314 0.0388923 0.03978 -0.0376512 0.0407809 0.040494 -0.0369249 0.0441563 0.040027 -0.0377668 0.0350567 0.039786 -0.0282498 0.0355192 0.040349 -0.0282498 0.0329391 0.038659 0.0123266 0.0329344 0.039401 -0.0096477 0.0329623 0.040444 -0.00429925 0.0329434 0.040602 0.000759274 0.0329448 0.040047 0.00667897 0.032959 0.042973 -0.0142523 0.032685 0.042973 -0.0147108 0.0322821 0.042407 -0.0149508 0.0328445 0.038156 -0.0141688 0.0316087 0.0363652 -0.014279 0.03 0.0339508 -0.0140949 0.03 0.0350489 -0.0149597 0.0302492 0.0342881 -0.0138725 0.03 0.0339157 0.014181 0.03 0.0348346 0.0149399 0.0329483 0.042973 0.0143007 0.0328338 0.042973 0.0145423 0.0323679 0.042973 0.0149123 0.0302116 0.041926 -0.0150493 0.03 0.0475 -0.0151339 0.03 0.0361334 -0.015123 0.03 0.041926 0.015134 0.0302116 0.041926 0.0150494 0.03 0.0274529 -0.0246235 0.0338917 0.033671 -0.0248528 0.0310378 0.0288525 -0.0248507 0.0319808 0.0312998 -0.024427 0.0345223 0.0373531 0.0242015 0.0312153 0.0292345 0.0248055 0.0302604 0.0302192 0.0240182 0.03 0.0278281 0.0244953 0.032631 0.0327381 0.0243088 0.0325475 0.0337782 0.0240487 0.0303367 0.0291405 0.0242125 0.0428487 0.0350601 -0.0395444 0.0426809 0.0318316 -0.0420643 0.0421052 0.0283991 -0.0440548 0.0429935 0.0292479 -0.0440672 0.0427651 0.0257354 -0.0460761 0.0425854 0.0229237 -0.0474385 0.0426761 0.0194317 -0.0490337 0.0427526 0.0157994 -0.0503646 0.0427806 0.0125953 -0.051268 0.0428562 0.0087955 -0.0521103 0.0431376 0.004609 -0.0527366 0.0424664 0.0025658 0.0527546 0.042605 0.0043946 0.0525424 0.0426289 0.0082593 0.052081 0.0433327 0.0071308 0.0524851 0.0424703 0.0120422 0.0512663 0.0433097 0.0115303 0.0517088 0.0430291 0.0148314 0.0507888 0.0421081 0.0158973 0.0499374 0.0429758 0.017121 0.0500456 0.0424958 0.0200383 0.0487045 0.043162 0.0216493 0.0483116 0.04216 0.0242661 0.0464968 0.0429639 0.0252424 0.0464777 0.042248 0.0279295 0.0444991 0.0421627 0.0300511 0.0430042 0.0431614 0.0285493 0.0445823 0.0431393 0.0318223 0.0423249 0.0422344 0.0333852 0.0405246 0.0430034 0.0342858 0.0402843 0.0464928 0.040468 -0.0347391 0.0433112 0.03782 -0.0383707 0.0452901 0.038311 -0.0376628 0.0469534 0.039232 -0.0364762 0.03493 0.0285158 -0.032312 0.0367608 0.0278176 -0.0361396 0.0350484 0.0288961 -0.0322746 0.0415272 0.0357779 -0.0385147 0.0349208 0.033501 -0.0271398 0.0347512 0.036983 -0.0244957 0.0329027 0.0341516 -0.0240916 0.0346907 0.039521 -0.0241702 0.0473104 0.040002 0.035639 0.0365725 0.0276662 0.0359134 0.0349379 0.029562 0.0314967 0.0349309 0.0330985 0.0276724 0.0345893 0.039198 0.0241994 0.034354 0.0345195 0.0248212 0.0349406 0.0368104 0.0248448 0.03 0.0300478 0.0239398 0.03 0.038597 0.0238661 0.0302463 0.03765 0.0239617 0.0304129 0.038597 0.023996 0.0302058 0.046876 0.0236272 0.0302368 0.048174 0.0217492 0.03 0.048366 0.0181462 0.0302541 0.04846 0.0181462 0.03 0.047701 0.0223135 0.0313033 0.047958 0.0151652 0.0301046 0.047906 0.0152973 0.0330085 0.047622 1.49012e-07 0.0331266 0.047981 1.49012e-07 0.0332435 0.048153 1.49012e-07 0.0333672 0.048271 1.49012e-07 0.0334866 0.048357 1.49012e-07 0.0336524 0.048435 1.49012e-07 0.0338292 0.048484 1.49012e-07 0.0330772 0.048129 0.0146412 0.0308573 0.048368 0.0156459 0.0330453 0.04779 1.49012e-07 0.033902 0.048495 -0.0139998 0.0314075 0.047851 -0.0150975 0.0331819 0.048181 -0.0146218 0.0314766 0.048434 -0.0156866 0.03 0.048366 -0.0181459 0.030111 0.048233 -0.0155607 0.0302116 0.048451 -0.0176094 0.0303063 0.04846 -0.0205391 0.0300775 0.038597 -0.0239058 0.0301788 0.038597 -0.0239464 0.03 0.047391 -0.0228458 0.0302421 0.046572 -0.023845 0.0302502 0.047772 -0.0226777 0.0303376 0.04045 -0.0239843 0.03 0.038597 -0.0238658 0.0302255 0.030247 -0.0240093 0.03 0.0298199 -0.0239793 0.0407698 0.0069066 -0.0505236 0.0405481 0.0074506 0.0501718 0.0406928 0.004325 0.0516066 0.0354773 0.0112359 0.042292 0.0384321 0.0180485 0.0440311 0.0400219 0.01975 0.0455991 0.0400512 0.0171255 0.0466184 0.0400778 0.0123994 0.0481597 0.0400548 0.0031521 0.051515 0.040174 0.0010691 0.0524813 0.0400311 -0.0192 0.0522427 0.0407536 0.0014162 0.0529033 0.0404656 -0.0096 0.052844 0.0408535 -0.0192 0.0529882 0.0406299 -0.0192 0.052926 0.0403292 -0.0192 0.05274 0.0402124 -0.0192 0.0526146 0.0401433 -0.0192 0.0525135 0.0400784 -0.0192 0.0523819 0.0400084 -0.0192 0.0521223 0.0346655 -0.0400534 0.0529882 0.0346497 -0.0397005 0.0528564 0.039978 -0.0391829 0.052725 0.0358222 -0.0392144 0.0521661 0.0335032 -0.0392722 0.0523593 0.0346425 -0.0394453 0.0526508 0.0171494 -0.0399301 0.0523271 0.0237972 -0.0399584 0.0526394 0.0238217 -0.0395391 0.0524234 0.0238456 -0.0393851 0.0522508 0.0238451 -0.0392518 0.0519771 0.016255 -0.0377574 0.0521952 0.0173401 -0.0390461 0.0500402 0.016642 -0.0391692 0.0521909 0.0168364 -0.037657 0.0517232 0.0169686 -0.0349718 0.0481159 0.0165002 -0.0346506 0.0501963 0.0165873 -0.0344554 0.0479859 0.0165009 -0.0357101 0.0515672 0.0170257 -0.0358406 0.0453128 0.0168417 -0.0325281 0.0445358 0.0352201 0.0101505 -0.0421844 0.0377901 0.0167214 -0.0436352 0.0400705 0.0195989 -0.0457428 0.0400897 0.0145551 -0.0475791 0.0400153 0.0122712 -0.0479458 0.0402751 0.0048257 -0.0510601 0.0414653 0.0026335 -0.0525759 0.0409822 0.000363998 -0.0529998 0.040138 0.0010412 -0.052431 0.0400156 -0.0192 -0.0521706 0.0408535 0 -0.0529879 0.0407097 0 -0.0529569 0.0404761 -0.0288 -0.0528501 0.0405568 0.0013742 -0.0528351 0.0402371 -0.0192 -0.0526417 0.0408535 -0.0384 -0.0529879 0.0406405 -0.0192 -0.0529321 0.0403657 -0.0192 -0.0527728 0.0401307 -0.0192 -0.0524922 0.0400596 -0.0192 -0.0523363 0.0400048 -0.0384 -0.0520979 0.0399824 -0.0390523 -0.0526124 0.0369176 -0.0393881 -0.0525716 0.0340849 -0.0392189 -0.0521713 0.0357912 -0.0397005 -0.0528563 0.0346655 -0.0400534 -0.0529879 0.0299854 -0.0393097 -0.0524445 0.0299759 -0.0395292 -0.0527361 0.0223258 -0.0392194 -0.0517801 0.0177497 -0.0393197 -0.0518204 0.0238277 -0.039427 -0.0523103 0.0177588 -0.0395868 -0.0521439 0.0238148 -0.0397297 -0.0525554 0.0268743 -0.0398627 -0.0527736 0.0237873 -0.0400475 -0.0526617 0.0169512 -0.0384058 -0.0516299 0.0165707 -0.0397243 -0.052296 0.0164948 -0.037277 -0.0520407 0.0166314 -0.0348523 -0.0502571 0.0167439 -0.0345957 -0.0480319 0.0166087 -0.0356671 -0.0513414 0.0162741 -0.0343012 -0.0493394 0.0162351 -0.0342221 -0.0472413 0.0177667 -0.0307661 -0.0434755 0.0164816 -0.0341637 -0.045946 0.00176239 -0.0341808 -0.0464607 0.00176239 -0.0340907 -0.0460857 0.00176239 -0.0339781 -0.0458225 0.00176239 -0.033866 -0.0456286 0.00176239 -0.0337339 -0.0454555 0.0162022 -0.0334322 -0.0451575 -0.00179696 -0.0333057 -0.0450679 0.00176239 -0.0341956 -0.04661 0.00176239 -0.0341492 -0.0462893 -0.0134511 -0.0336617 -0.0453554 -0.0155118 -0.034017 -0.04574 -0.0208813 -0.0341528 -0.0363499 -0.0157356 -0.0340032 -0.0295762 -0.0209208 -0.0341835 -0.0343162 -0.0178297 -0.0341454 -0.0298546 0.00616026 -0.0338515 -0.0280822 0.0104282 -0.0339792 -0.0278684 -0.0115535 -0.0340695 -0.0280548 -0.00695682 -0.0334054 -0.0285512 -0.00799966 -0.034139 -0.0274466 -0.00664353 -0.0341975 -0.0270558 -0.00848174 -0.0337708 -0.0282496 0.0275 -0.0333263 -0.0286079 0.0146961 -0.0335221 -0.0284544 0.0146961 -0.0337146 -0.0282598 0.0104282 -0.0340862 -0.0276161 0.0189641 -0.034152 -0.0273891 0.00189233 -0.0341854 -0.0271927 0.0275 -0.0341975 -0.0270558 0.0276349 -0.0311875 -0.0298441 0.0278456 -0.0338087 -0.0279211 0.0286543 -0.0333915 -0.0278924 0.0293481 -0.0327963 -0.027319 0.0294211 -0.0284427 -0.0297318 0.0280786 -0.0291336 -0.0309285 0.0286163 -0.028502 -0.030995 0.0292069 -0.0286988 -0.0301755 0.0294935 -0.0262437 -0.0305649 0.0289428 -0.0266178 -0.0317231 0.0280234 -0.0237675 -0.0337311 0.0276715 -0.0226602 -0.0339909 0.0280205 -0.0150777 -0.0339268 0.0291452 -0.0234875 -0.0328551 0.0294721 -0.0113266 -0.0323039 0.0275942 -0.0047674 -0.0339976 0.0278566 -0.0044133 -0.0339693 0.0284412 -0.0139945 -0.0337604 0.0287576 -0.0139945 -0.0335515 0.0291007 -0.0139945 -0.0331868 0.0294667 0.0053449 -0.0328084 0.0293492 -0.0121517 -0.0327476 0.028422 -0.0023795 -0.0338088 0.0294293 7.03037e-05 -0.032631 0.0291142 -0.0024913 -0.0332046 0.0290263 0.0038634 -0.0335751 0.0292063 0.0085395 -0.0341378 0.0296619 0.0107005 -0.0345579 0.0302681 0.0105864 -0.0354646 0.0302055 0.0097594 -0.036063 0.0308756 0.0091528 -0.0383693 0.0289887 0.009086 -0.0359283 0.0327098 0.0100002 -0.0391487 0.0346141 0.0083484 0.0419811 0.0301478 0.0091792 0.037425 0.0343369 0.0097903 0.041217 0.0327547 0.0089077 0.0406958 0.0323108 0.0098229 0.0388028 0.0294594 0.0096853 0.0349015 0.0295429 0.0103199 0.0341808 0.0293238 0.0083052 0.033776 0.0293989 0.0031596 0.0328762 0.0278604 -0.0034305 0.0339734 0.0289868 0.0012966 0.0335256 0.0285389 -0.0029359 0.0337254 0.0291872 -0.0139945 0.0330683 0.0294406 -0.0089988 0.0324732 0.0289452 -0.0128106 0.0333783 0.0279428 -0.0161075 0.0339445 0.0282544 -0.0115421 0.0338511 0.0286087 -0.0118281 0.0336591 0.0293633 -0.0161609 0.0327188 0.0294845 -0.0139569 0.0322262 0.029355 -0.0235012 0.0324351 0.0294862 -0.0282903 0.0294677 0.0282274 -0.0235637 0.0336787 0.027647 -0.0291771 0.0310041 0.0285819 -0.0295169 0.0304324 0.0279841 -0.0291467 0.0309514 0.0291333 -0.0287423 0.0302512 0.0275 -0.0341938 0.027106 0.0104282 -0.0333263 0.028608 0.0104282 -0.0341777 0.027254 0.0104282 -0.0341302 0.0274738 0.028035 -0.0340402 0.0273696 0.0275 -0.0336313 0.0283526 0.0275 -0.0334852 0.0284881 0.0278121 -0.0336766 0.0282005 0.02942 -0.0300293 0.0288002 0.0287321 -0.0334576 0.0276588 -0.00664353 -0.0341938 0.027106 -0.00664353 -0.0340794 0.02764 0.0104282 -0.0340521 0.0277099 0.0104282 -0.033961 0.0279011 0.0189641 -0.0338795 0.028041 0.0104282 -0.0337632 0.0282032 -0.00664353 -0.0336313 0.0283526 -0.00687408 -0.0334837 0.0284905 -0.00798392 -0.0337061 0.0283009 -0.00894606 -0.0338272 0.0281927 -0.0125983 -0.0341049 0.0282902 -0.0191195 -0.0341008 0.0305363 -0.0209599 -0.0341676 0.04343 -0.00535643 -0.0333668 0.0451113 0.00176239 -0.0335504 0.0452606 -0.0159385 -0.0339161 0.0455188 0.00176239 -0.0337632 0.045488 -0.0128829 -0.0341367 0.0462388 -0.0133436 -0.0336866 0.0454194 -0.00535643 -0.0339315 0.0457346 0.016 -0.0332851 0.0450541 0.00176239 -0.0336826 0.0453929 0.00176239 -0.0338515 0.0456087 0.00176239 -0.0340367 0.0459463 0.00176239 -0.0340953 0.0460977 0.016 -0.0341492 0.0462896 0.00888121 -0.0341924 0.046579 0.016346 -0.0340221 0.0459212 -0.0208752 -0.0343281 -0.0461803 -0.0217884 -0.0348703 -0.0485893 -0.0222071 -0.0361074 -0.0497333 -0.0221037 -0.0373805 -0.0502051 -0.0223995 -0.0343866 -0.0421248 -0.024613 -0.0345517 -0.0406981 -0.0288608 -0.0343608 -0.0411263 -0.0315137 -0.0344713 -0.0437325 -0.0225437 -0.0398551 -0.0502456 -0.0226512 -0.0382844 -0.0497676 -0.0324373 -0.0357508 -0.0453082 -0.0293914 -0.0399164 -0.0489293 -0.0261307 -0.0392845 -0.0493008 -0.0262109 -0.0399398 -0.0499569 -0.0307705 -0.0395965 -0.0475141 -0.0324196 -0.0382607 -0.0458044 -0.0276487 -0.0363068 0.0408825 -0.0263705 -0.0344829 0.040326 -0.0234859 -0.0344802 0.0410744 -0.0236254 -0.0371908 0.0414726 -0.0215083 -0.0362914 0.0448951 -0.0220764 -0.0343194 0.0420732 -0.0211316 -0.0343679 0.0445215 -0.0307271 -0.0357758 0.0436055 -0.0306433 -0.0344317 0.0427157 -0.0320425 -0.0348877 0.0447489 -0.0213292 -0.0344592 0.0474271 -0.0224953 -0.0367356 0.048984 -0.0216324 -0.0348584 0.0489203 -0.0320648 -0.0371233 0.0456046 -0.0325209 -0.0383502 0.045906 -0.0222685 -0.0371339 0.0499877 -0.0311483 -0.0396089 0.0471727 -0.024899 -0.0392072 0.0491833 -0.027953 -0.0396371 0.0499624 -0.0249255 -0.0396397 0.0498673 -0.0228176 -0.0391082 0.0481564 -0.0459753 -0.0342 0.0218572 -0.0492822 -0.0356021 0.0231241 -0.0432333 -0.0342587 0.0218813 -0.0409575 -0.0345339 0.023992 -0.0395712 -0.0342559 0.0261833 -0.0402664 -0.0344178 0.0291628 -0.042639 -0.0345623 0.0316314 -0.0498794 -0.038066 0.0235471 -0.0434453 -0.0344432 0.0329498 -0.0492347 -0.0394428 0.0262386 -0.0478649 -0.0395746 0.0302199 -0.0467265 -0.0398692 0.0320317 -0.049395 -0.039894 0.0275587 -0.0451334 -0.0377625 0.0330848 -0.0449194 -0.0362452 -0.0332178 -0.0454717 -0.0388225 -0.0328592 -0.0430467 -0.0346535 -0.0319382 -0.0404092 -0.0342 -0.028519 -0.0399578 -0.0345482 -0.0262836 -0.0409713 -0.0366817 -0.0244642 -0.0415611 -0.0344595 -0.0231842 -0.0451598 -0.0342 -0.0216127 -0.0484047 -0.0345008 -0.0223432 -0.0501475 -0.0364901 -0.0228847 -0.0496926 -0.0376001 -0.0236193 -0.0486068 -0.0352809 -0.0232097 -0.0478542 -0.0393129 -0.0296954 -0.0471249 -0.0397957 -0.0314797 -0.0484034 -0.0398482 -0.0298985 -0.0495188 -0.0397767 -0.0265358 -0.0483534 -0.0391785 -0.0248264 0.048118 -0.0477891 0.0283259 0.0484436 -0.0473394 0.028443 0.0482147 -0.0459953 0.030846 0.0480343 -0.0450057 0.0328337 0.0485506 -0.0456949 0.0308425 0.0487134 -0.0432249 0.0340625 0.0480967 -0.0386609 0.0399329 0.0484724 -0.0418545 0.0359105 0.0484943 -0.037364 0.0405444 0.0483043 -0.0334513 0.0440411 0.0487876 -0.034525 0.0428218 0.048051 -0.0316311 0.0457899 0.048574 -0.0303321 0.0460228 0.0481762 -0.0256263 0.0491845 0.0486616 -0.0264594 0.0482899 0.0483118 -0.0220177 0.0507371 0.0487454 -0.0177268 0.0520875 0.0481907 -0.0161611 -0.0528825 0.0480468 -0.0210678 -0.0515598 0.0481186 -0.0229408 -0.0505827 0.0482073 -0.0228783 -0.0504449 0.0493962 -0.0202999 -0.0511125 0.0482073 -0.025183 -0.0493349 0.0480478 -0.0257594 -0.0493828 0.048035 -0.0304869 -0.0466674 0.0484812 -0.0270507 -0.0480514 0.0484812 -0.0369213 -0.0409463 0.0480618 -0.0377101 -0.0408705 0.0485549 -0.0329598 -0.0441807 0.0485216 -0.041695 -0.0360878 0.0480123 -0.0442037 -0.0339573 0.0481788 -0.0461426 -0.0306655 0.0487425 -0.0458437 -0.0303844 0.0522929 -0.0229062 0.0499932 0.0529993 -0.0228293 0.0498194 0.0531327 -0.0251039 0.0486454 0.0529206 -0.0273886 0.0474891 0.0522451 -0.0296719 0.0463063 0.0529608 -0.0306381 0.0454423 0.0534992 -0.0295172 0.0457992 0.0525427 -0.032809 0.0440702 0.0529007 -0.0360036 0.0412852 0.0531137 -0.034194 0.0427343 0.0528724 -0.0378787 0.0396005 0.0530444 -0.041644 0.0355133 0.0523901 -0.0402698 0.037394 0.0529194 -0.0437598 0.0329715 0.0529032 -0.0456161 0.030348 0.0528387 -0.0476819 0.0270268 0.053 -0.0487 0.0251268 0.0529404 -0.0227523 -0.0498551 0.0528704 -0.0287034 -0.0467218 0.052932 -0.0252291 -0.0486778 0.0534039 -0.0474368 -0.0269097 0.0526061 -0.0469244 -0.028545 0.0532757 -0.0447204 -0.03138 0.0524774 -0.0447839 -0.0318314 0.0530591 -0.0425997 -0.034407 0.0533648 -0.040432 -0.0366572 0.0524923 -0.0419266 -0.0355278 0.0527649 -0.0393455 -0.0382524 0.0524151 -0.0370254 -0.0406226 0.0534351 -0.0366715 -0.0403586 0.0527184 -0.0350809 -0.0422002 0.0529139 -0.0330924 -0.0436889 0.0532203 -0.030846 -0.0451487 0.0498284 -0.0051361 0.0527166 0.0494007 -0.0072166 0.052904 0.0489628 -0.0072218 0.0529942 0.0543134 0.0211636 0.0485331 0.0539972 0.0186473 0.0492176 0.0529783 0.0177751 0.0498108 0.0522647 0.0144019 0.0506705 0.0508699 0.0113384 0.0516426 0.0503041 0.0078136 0.0522076 0.0494417 0.0022862 0.0528385 0.0555004 0.021268 0.048 0.0517002 0.0144334 0.0509004 0.0508957 0.0099293 -0.0517906 0.0539975 0.0203251 -0.0488516 0.0493982 -0.002337 -0.0529009 0.049446 0.0031199 -0.0528236 0.0513461 0.0133097 -0.0512021 0.0523849 0.014743 -0.0505694 0.0541811 0.0191118 -0.0490583 0.0555 0.0212096 -0.047998 0.0500103 0.0078198 -0.0523189 0.0526053 0.0169176 -0.0501281 0.0490738 -0.0072218 -0.0529786 0.0498137 -0.0050803 -0.0527283 0.047991 -0.0448714 0.051 0.0479527 -0.0451334 0.0444633 0.0476285 -0.0458243 0.0469116 0.0469999 -0.0464285 0.0450396 0.0463374 -0.0466665 0.0468737 0.0479878 -0.0448957 -0.0474225 0.0478505 -0.04544 -0.0484446 0.0475023 -0.0460024 -0.0457438 0.0463755 -0.0466573 -0.0468698 0.0447369 -0.047256 0.0432295 0.0416021 -0.0475872 0.0484342 0.0417829 -0.0469731 0.0487272 0.0450256 -0.0467708 0.0438251 0.0397031 -0.0471642 0.051284 0.0462425 -0.0475361 0.0404414 0.0410988 -0.0475089 -0.0492342 0.0421915 -0.0469142 -0.0481931 0.0418137 -0.0467698 -0.0492204 0.0447754 -0.0473589 -0.0430711 0.0460181 -0.0470869 -0.0412227 0.0468911 -0.0468478 -0.0402509 0.0445 -0.0467198 -0.0450412 0.0377926 -0.0478849 0.0525629 0.0387316 -0.0465478 0.0526403 0.0428023 -0.046374 0.0520553 0.0418133 -0.0450595 0.052971 0.0430672 -0.0456488 0.0527352 0.047994 -0.0447 0.0511471 0.0449407 -0.046668 0.051288 0.046922 -0.0461725 0.0516588 0.0477756 -0.0451597 0.0515999 0.0479051 -0.033915 0.0516039 0.0467458 -0.0450127 0.0527305 0.0475701 -0.0352632 0.0522331 0.0465201 -0.033241 0.0529257 0.0461714 -0.033915 0.0529911 0.0469584 -0.033915 0.0527479 0.0473051 -0.033915 0.052513 0.0477839 -0.033915 0.0518979 0.047982 -0.0285226 0.0512444 0.0479321 -0.0187771 0.0524222 0.0468886 -0.0207291 0.0528723 0.0477241 -0.0222811 0.0519613 0.0494432 -0.0149182 0.0527507 0.0502367 -0.0171249 0.0521292 0.0519011 -0.0207961 0.0507375 0.0496492 -0.0177568 -0.0520314 0.0500329 -0.0149886 -0.0525874 0.0519186 -0.0221911 -0.0503081 0.0515977 -0.0199577 -0.0510391 0.0479889 -0.0230818 -0.0511893 0.0467966 -0.0209029 -0.0528747 0.0476125 -0.0312188 -0.0521804 0.0481989 -0.0209089 -0.0513457 0.0473555 -0.0220349 -0.0524636 0.047888 -0.0227987 -0.0516728 0.0465566 -0.033915 -0.0529192 0.0468322 -0.033915 -0.052817 0.0470798 -0.033915 -0.0526818 0.0473484 -0.0366113 -0.0524691 0.0477452 -0.033915 -0.0519744 0.0478632 -0.0366113 -0.0517186 0.0479509 -0.033915 -0.0514379 0.047991 -0.0447 -0.0511712 0.0434808 -0.0448714 -0.0529908 0.0466259 -0.045307 -0.052718 0.0434808 -0.0460685 -0.0524417 0.047272 -0.0459659 -0.0514568 0.0477613 -0.0449809 -0.0517696 0.0441105 -0.0454322 -0.052847 0.0439637 -0.0465761 -0.051601 0.0434808 -0.0466985 -0.0510367 0.0374027 -0.0475564 -0.0528139 0.0398461 -0.0457998 -0.0527285 0.0398458 -0.0468222 -0.0516702 0.0477978 -0.0479161 0.0373239 0.0477442 -0.0456977 0.042005 0.0479025 -0.0462167 0.0387789 0.0473927 -0.0467576 0.039461 0.0477971 -0.0480195 -0.0373026 0.0469542 -0.0464548 -0.0442472 0.0473653 -0.0465994 -0.0400251 0.0478944 -0.0455414 -0.0408975 0.047848 -0.0469683 -0.0379229 0.03 0.011 0.0279111 0.03 0.011 -0.0279108 0.03 0.0123759 0.0273282 0.03 0.0137212 0.0266782 0.03 0.0150324 0.025962 0.03 0.0163063 0.0251812 0.03 0.0175398 0.0243382 0.03 0.0187297 0.023435 0.03 0.0198733 0.022473 0.03 0.0209675 0.0214562 0.03 0.0220097 0.0203861 0.03 0.0229973 0.0192651 0.03 0.0239279 0.0180961 0.03 0.0247992 0.0168821 0.03 0.0256089 0.0156261 0.03 0.0263552 0.0143322 0.03 0.027036 0.0130021 0.03 0.0276498 0.0116402 0.03 0.028195 0.010249 0.03 0.042025 0.0207278 0.03 0.041618 0.0195116 0.03 0.043078 0.021295 0.03 0.041749 0.0190467 0.03 0.0286703 0.00883213 0.03 0.043642 0.0212618 0.03 0.043888 0.0211727 0.03 0.044219 0.0209748 0.03 0.044518 0.0206603 0.03 0.042328 0.0183858 0.03 0.0290745 0.00739422 0.03 0.0294066 0.00593701 0.03 0.044804 0.019364 0.03 0.044794 0.0200168 0.03 0.0296657 0.00446621 0.03 0.0298513 0.0029842 0.03 0.044363 0.0185582 0.03 0.043415 0.018103 0.03 0.04391 0.0182349 0.03 0.0299628 0.00149408 0.03 0.03 1.49012e-07 0.03 0.0299628 -0.00149378 0.03 0.0298513 -0.0029839 0.03 0.0296657 -0.00446591 0.03 0.0294066 -0.00593695 0.03 0.0290745 -0.00739393 0.03 0.0286703 -0.00883183 0.03 0.028195 -0.010249 0.03 0.0276498 -0.0116399 0.03 0.027036 -0.0130018 0.03 0.0123759 -0.0273279 0.03 0.0263552 -0.0143319 0.03 0.0256089 -0.0156258 0.03 0.0137212 -0.0266779 0.03 0.0150324 -0.025962 0.03 0.0163063 -0.0251809 0.03 0.0175398 -0.0243379 0.03 0.0187297 -0.023435 0.03 0.0198733 -0.0224729 0.03 0.0220097 -0.0203858 0.03 0.0209675 -0.0214559 0.03 0.0229973 -0.0192648 0.03 0.0239279 -0.0180958 0.03 0.0247992 -0.0168818 0.03 0.041991 -0.0186664 0.03 0.041657 -0.0193673 0.03 0.0425 -0.0182606 0.03 0.041754 -0.0203737 0.03 0.043564 -0.018138 0.03 0.0429 -0.0180899 0.03 0.042074 -0.0208112 0.0300001 0.042287 -0.0210458 0.03 0.044495 -0.0187345 0.03 0.044791 -0.0200923 0.03 0.04484 -0.0197729 0.03 0.044797 -0.0193401 0.03 0.042901 -0.0212673 0.03 0.043594 -0.0212737 0.03 0.044008 -0.0211061 0.03 0.04452 -0.0206383 0.0434216 0.043152 -0.0203241 0.0433513 0.043363 -0.018931 0.04346 0.043833 0.0199317 0.0433813 0.042824 0.0195259 0.0505 -0.0484 1.49012e-07 0.0505 -0.0487 0.00030008 0.0385747 0.04 0.035741 0.0382959 0.04 0.0348519 0.0388874 0.04 0.0354032 0.0378702 0.04 0.0343162 0.0375264 0.04 0.0337233 0.0397224 0.04 0.0359422 0.0372146 0.04 0.0341646 0.0371573 0.04 0.0326692 0.0405872 0.04 0.0362915 0.0413171 0.04 0.0364489 0.0365911 0.04 0.0320345 0.0370078 0.04 0.0317496 0.0370495 0.04 0.0309109 0.042062 0.04 0.0364863 0.0428022 0.04 0.0368733 0.0435596 0.04 0.0362391 0.0372846 0.04 0.0298502 0.0368273 0.04 0.0297083 0.0376333 0.04 0.029087 0.0445974 0.04 0.0357508 0.0455161 0.040125 0.0356518 0.0382959 0.04 0.0281483 0.0456195 0.04 0.034943 0.0391941 0.04 0.0273844 0.0380358 0.04 0.0277516 0.0394776 0.04 0.0266382 0.0461248 0.04 0.0343124 0.0465789 0.04 0.0334977 0.0401762 0.04 0.0268532 0.0471852 0.04 0.0331704 0.0468748 0.04 0.0325805 0.0408878 0.04 0.0266272 0.0420339 0.04 0.0260545 0.0419381 0.04 0.026514 0.046983 0.04 0.0316557 0.0474465 0.04 0.031007 0.0428669 0.04 0.0265838 0.0468841 0.04 0.030481 0.0466545 0.04 0.029673 0.043592 0.04 0.0267622 0.0440558 0.04 0.0269441 0.0446569 0.04 0.0267297 0.0463843 0.04 0.0291127 0.0467854 0.04 0.0288357 0.0447853 0.04 0.0273596 0.0459496 0.04 0.0276958 0.0456939 0.04 0.0281576 0.0379251 0.04 -0.0278583 0.038265 0.04 -0.0282043 0.0392915 0.04 -0.0273064 0.0375738 0.04 -0.0291961 0.0399442 0.04 -0.026944 0.0402001 0.04 -0.0263763 0.037245 0.04 -0.0299681 0.0368568 0.04 -0.0296098 0.040648 0.04 -0.0266944 0.0370388 0.04 -0.0309721 0.0413785 0.04 -0.0265404 0.0365341 0.04 -0.0314492 0.0424083 0.04 -0.0260509 0.0370619 0.04 -0.0322131 0.0422174 0.04 -0.0265194 0.043293 0.04 -0.0266744 0.0442944 0.04 -0.0265387 0.0438261 0.04 -0.0268475 0.0372846 0.04 -0.0331498 0.0369662 0.04 -0.0335859 0.0375264 0.04 -0.0337232 0.0444962 0.04 -0.0271767 0.0451632 0.04 -0.0276333 0.0380205 0.04 -0.034514 0.03851 0.04 -0.0350779 0.0379112 0.04 -0.0351542 0.046013 0.04 -0.0277763 0.0456641 0.04 -0.0281003 0.0392842 0.04 -0.0362373 0.0391128 0.04 -0.0355688 0.0461248 0.04 -0.0286878 0.0400022 0.04 -0.0360788 0.040707 0.04 -0.0363255 0.0471542 0.04 -0.029697 0.0467021 0.04 -0.0298546 0.0469488 0.04 -0.0308169 0.0418757 0.04 -0.0364843 0.0419667 0.04 -0.0369516 0.0474813 0.04 -0.031329 0.0469675 0.04 -0.0319658 0.0429287 0.04 -0.0364085 0.0467705 0.04 -0.0329715 0.0471442 0.04 -0.0333177 0.0465577 0.04 -0.0335558 0.043824 0.04 -0.036147 0.0439067 0.04 -0.0366174 0.0445516 0.04 -0.0357946 0.0461197 0.04 -0.0343085 0.0452312 0.04 -0.0353025 0.0459703 0.04 -0.035277 0.0384095 0.0472 -0.0280417 0.037667 0.0472 -0.0290342 0.0399442 0.0472 -0.026944 0.0392915 0.0472 -0.0273064 0.0402899 0.0472 -0.0268019 0.0372601 0.0472 -0.02994 0.0408278 0.0472 -0.0266436 0.0370326 0.0472 -0.0310026 0.0415647 0.0472 -0.0265232 0.0370388 0.0472 -0.0320278 0.0431722 0.0472 -0.0266436 0.037245 0.0472 -0.0330316 0.0423732 0.0472 -0.0265218 0.0438261 0.0472 -0.0268475 0.0375832 0.0472 -0.0338341 0.0442804 0.0472 -0.0270518 0.0380417 0.0472 -0.0345369 0.0451632 0.0472 -0.0276333 0.0447119 0.0472 -0.0273014 0.0456641 0.0472 -0.0281003 0.0388368 0.0472 -0.0353666 0.0460358 0.0472 -0.02856 0.046561 0.0472 -0.029476 0.0401739 0.0472 -0.0361525 0.0395863 0.0472 -0.0358673 0.0406462 0.0472 -0.0363115 0.0469041 0.0472 -0.0306033 0.0414724 0.0472 -0.0364622 0.0424038 0.0472 -0.0364726 0.0469923 0.0472 -0.0316869 0.0468841 0.0472 -0.032519 0.0436184 0.0472 -0.0362192 0.0466061 0.0472 -0.0334414 0.0446579 0.0472 -0.0357297 0.0463572 0.0472 -0.0339435 0.0453033 0.0472 -0.0352429 0.0459445 0.0472 -0.0345655 0.0379403 0.0472 0.0344192 0.038648 0.0472 0.0352041 0.0382512 0.0472 0.0348081 0.0380908 0.0472 0.0346171 0.0392915 0.0472 0.0356936 0.0376103 0.0472 0.0338906 0.0377998 0.0472 0.0342132 0.0402062 0.0472 0.0361554 0.0372844 0.0472 0.0331172 0.041194 0.0472 0.0364303 0.0370574 0.0472 0.0322451 0.0417509 0.0472 0.0364942 0.0370078 0.0472 0.0317496 0.0423732 0.0472 0.0364784 0.0370411 0.0472 0.0310196 0.037245 0.0472 0.0299684 0.0431722 0.0472 0.0363564 0.0376333 0.0472 0.029087 0.0440803 0.0472 0.0360347 0.0451838 0.0472 0.0353424 0.0456641 0.0472 0.0348996 0.0386926 0.0472 0.0277525 0.0382134 0.0472 0.0282418 0.0461708 0.0472 0.0342311 0.0392915 0.0472 0.0273065 0.0466728 0.0472 0.0332667 0.0400022 0.0472 0.0269214 0.0406462 0.0472 0.0266887 0.0468839 0.0472 0.032551 0.041194 0.0472 0.0265698 0.0420623 0.0472 0.0265047 0.042683 0.0472 0.0265514 0.046983 0.0472 0.0316557 0.0469426 0.0472 0.0307552 0.0433538 0.0472 0.0266887 0.043883 0.0472 0.026873 0.0467399 0.0472 0.02994 0.0465034 0.0472 0.0293316 0.0444993 0.0472 0.0271715 0.0462651 0.0472 0.0288936 0.0459445 0.0472 0.0284344 0.0452781 0.0472 0.027739 0.069 0.048 0.0212661 0.069 0.048 -0.0212658 0.0555 -0.0212505 0.048 0.069 0.0212662 0.048 0.069 0.023597 0.046898 0.069 0.0258709 0.0456831 0.069 0.0280824 0.0443582 0.069 0.0302262 0.0429262 0.069 0.0322971 0.0413901 0.069 0.0342901 0.039755 0.069 0.0362004 0.0380231 0.069 0.038023 0.0362002 0.069 0.039755 0.0342902 0.069 0.04139 0.032297 0.069 0.042926 0.0302261 0.069 0.044358 0.028082 0.069 0.045683 0.0258712 0.069 0.046898 0.0235972 0.069 -0.048 -0.0212658 0.069 -0.048 0.0212661 0.069 -0.0468981 0.0235972 0.069 -0.0456831 0.0258712 0.069 -0.044358 0.028082 0.069 -0.0429258 0.0302261 0.069 -0.0413902 0.032297 0.069 -0.0397547 0.0342902 0.069 -0.0380234 0.0362002 0.069 -0.0362004 0.0380231 0.069 -0.0342901 0.039755 0.069 -0.0322971 0.0413901 0.069 -0.0302262 0.0429262 0.069 -0.0280824 0.0443582 0.069 -0.0258709 0.0456831 0.069 -0.023597 0.046898 0.069 -0.0212663 0.048 0.069 0.0212662 -0.0479999 0.069 -0.0212663 -0.0479999 0.069 -0.023597 -0.046898 0.069 -0.0258709 -0.0456828 0.069 -0.0280824 -0.0443579 0.069 -0.0302262 -0.0429259 0.069 -0.0322971 -0.0413898 0.069 -0.0342901 -0.039755 0.069 -0.0362004 -0.0380228 0.069 -0.0380234 -0.0361999 0.069 -0.0397547 -0.0342899 0.069 -0.0413902 -0.032297 0.069 -0.0429258 -0.0302258 0.069 -0.044358 -0.028082 0.069 -0.0456831 -0.0258709 0.069 -0.0468981 -0.0235969 0.069 0.046898 -0.0235969 0.069 0.045683 -0.0258709 0.069 0.044358 -0.028082 0.069 0.042926 -0.0302258 0.069 0.04139 -0.032297 0.069 0.039755 -0.0342899 0.069 0.038023 -0.0361999 0.069 0.0362004 -0.0380228 0.069 0.0342901 -0.039755 0.069 0.0322971 -0.0413898 0.069 0.0302262 -0.0429259 0.069 0.0280824 -0.0443579 0.069 0.0258709 -0.0456828 0.069 0.023597 -0.046898 0.069 -0.0254133 -0.0247868 0.069 -0.0241461 -0.0260228 0.069 -0.0266172 -0.0234898 0.069 -0.022819 -0.0271948 0.069 -0.027755 -0.0221339 0.069 -0.0214351 -0.028298 0.069 -0.0288238 -0.020723 0.069 -0.0199979 -0.0293308 0.069 -0.0298209 -0.0192598 0.069 -0.018511 -0.0302919 0.069 -0.0307439 -0.0177499 0.069 -0.016978 -0.0311769 0.069 -0.0315905 -0.0161949 0.069 -0.0154029 -0.0319839 0.069 -0.0323585 -0.0146008 0.069 -0.0137894 -0.0327118 0.069 -0.033046 -0.0129698 0.069 -0.0121417 -0.0333589 0.069 -0.0336514 -0.0113059 0.069 -0.0104638 -0.0339228 0.069 -0.0341732 -0.0096148 0.069 -0.0087599 -0.034402 0.069 -0.0346099 -0.00789985 0.069 -0.0070342 -0.0347959 0.069 -0.0349607 -0.00616488 0.069 -0.005291 -0.0351039 0.069 -0.0352245 -0.00441393 0.069 -0.0035347 -0.0353239 0.069 -0.0354007 -0.00265297 0.069 -0.0017695 -0.0354558 0.069 -0.035489 -0.000884861 0.069 0 -0.0354999 0.069 -0.035489 0.000885159 0.069 -0.0354007 0.00265303 0.069 -0.0352245 0.00441423 0.069 -0.0349607 0.00616518 0.069 0.005291 -0.0351039 0.069 0.0070342 -0.0347959 0.069 0.0035347 -0.0353239 0.069 0.0017695 -0.0354558 0.069 -0.0346099 0.00790015 0.069 0.0087599 -0.034402 0.069 -0.0341732 0.00961509 0.069 0.0104638 -0.0339228 0.069 -0.0336514 0.0113062 0.069 0.0121417 -0.0333589 0.069 -0.033046 0.0129701 0.069 0.0137894 -0.0327118 0.069 -0.0323585 0.0146011 0.069 0.0154029 -0.0319839 0.069 -0.0315905 0.0161952 0.069 0.016978 -0.0311769 0.069 -0.0307439 0.0177502 0.069 0.018511 -0.0302919 0.069 -0.0298209 0.0192601 0.069 0.0199979 -0.0293308 0.069 -0.0288238 0.020723 0.069 0.0214351 -0.028298 0.069 -0.027755 0.0221342 0.069 0.022819 -0.0271948 0.069 -0.0266172 0.0234901 0.069 0.0241461 -0.0260228 0.069 -0.0254133 0.0247871 0.069 0.0254133 -0.0247868 0.069 -0.0241461 0.0260231 0.069 0.0266172 -0.0234898 0.069 -0.022819 0.0271951 0.069 0.027755 -0.0221339 0.069 0.0288238 -0.020723 0.069 -0.0214351 0.0282981 0.069 0.0298209 -0.0192598 0.069 -0.0199979 0.0293311 0.069 0.0307439 -0.0177499 0.069 -0.018511 0.0302922 0.069 0.0315905 -0.0161949 0.069 -0.016978 0.0311772 0.069 0.0323585 -0.0146008 0.069 -0.0154029 0.0319842 0.069 0.0341732 -0.0096148 0.069 0.0346099 -0.00789985 0.069 0.0336514 -0.0113059 0.069 0.033046 -0.0129698 0.069 -0.0137894 0.0327121 0.069 -0.0121417 0.0333592 0.069 -0.0104638 0.0339231 0.069 -0.0087599 0.034402 0.069 -0.0070342 0.0347961 0.069 0.0349607 -0.00616488 0.069 -0.005291 0.0351042 0.069 0.0352245 -0.00441393 0.069 -0.0035347 0.035324 0.069 0.0354007 -0.00265297 0.069 -0.0017695 0.0354561 0.069 0.035489 -0.000884861 0.069 0 0.0355002 0.069 0.033046 0.0129701 0.069 0.0323585 0.0146011 0.069 0.0336514 0.0113062 0.069 0.0341732 0.00961509 0.069 0.0346099 0.00790015 0.069 0.0349607 0.00616518 0.069 0.0352245 0.00441423 0.069 0.0354007 0.00265303 0.069 0.035489 0.000885159 0.069 0.0017695 0.0354561 0.069 0.0035347 0.035324 0.069 0.005291 0.0351042 0.069 0.0070342 0.0347961 0.069 0.0087599 0.034402 0.069 0.0104638 0.0339231 0.069 0.0121417 0.0333592 0.069 0.0137894 0.0327121 0.069 0.0154029 0.0319842 0.069 0.0315905 0.0161952 0.069 0.016978 0.0311772 0.069 0.0307439 0.0177502 0.069 0.018511 0.0302922 0.069 0.0298209 0.0192601 0.069 0.0199979 0.0293311 0.069 0.0288238 0.020723 0.069 0.0214351 0.0282981 0.069 0.027755 0.0221342 0.069 0.022819 0.0271951 0.069 0.0266172 0.0234901 0.069 0.0241461 0.0260231 0.069 0.0254133 0.0247871 0.0556284 -0.0011098 0.0445005 0.0555 0.000556402 0.0446049 0.0555 0.0016418 0.0438856 0.055676 -0.0027491 0.0441066 0.0556556 0.000691697 0.0441073 0.0556284 0.0033266 0.0443901 0.0556606 0.0060555 0.0438656 0.0555 0.0081642 0.0431506 0.0555 0.0055498 0.0442866 0.0556452 0.0098667 0.0432288 0.0555 0.0099317 0.0435137 0.0556564 0.0138424 0.0420705 0.0555 0.0139943 0.0416521 0.0555 0.0142149 0.0423085 0.0555 0.0195465 0.0393263 0.0556614 0.0182751 0.040502 0.0556533 0.0188817 0.0398413 0.0555 0.0198546 0.039946 0.0555 0.0238394 0.0369107 0.0556598 0.0239386 0.0370642 0.0556614 0.0226823 0.0381805 0.0555 0.0242152 0.0374927 0.0556598 0.0266498 0.0351826 0.0555 0.0278069 0.033991 0.055647 0.0293828 0.0328795 0.0555 0.0282452 0.0345267 0.0556449 0.027296 0.0351168 0.0555 0.0325624 0.029467 0.0556614 0.0298174 0.0329486 0.0555 0.0319609 0.0311741 0.0556684 0.032742 0.0296268 0.0556449 0.0326026 0.0302495 0.0555 0.0352203 0.0273758 0.0556771 0.0359296 0.0258318 0.0556284 0.035484 0.026878 0.0555 0.0363049 0.0247525 0.055647 0.038032 0.0222756 0.0556614 0.037626 0.0236432 0.0555 0.038589 0.0210146 0.0555 0.038907 0.0218207 0.0556592 0.039248 0.0207452 0.0556592 0.040475 0.018263 0.0556343 0.040606 0.0171172 0.0555 0.04049 0.0170681 0.0555 0.041725 0.015778 0.0556598 0.04165 0.0145747 0.0555 0.042528 0.0108291 0.055647 0.043126 0.00899664 0.0556449 0.042051 0.0144199 0.0556756 0.043047 0.0106746 0.0555 0.043252 0.0110137 0.0555 0.044134 0.0066525 0.0555 0.043749 0.00382772 0.055647 0.043876 0.00438944 0.0556614 0.044062 0.00552097 0.0555 0.044577 0.00222459 0.0555 0.044577 -0.0022243 0.0555 0.043667 -0.00436935 0.0556598 0.044123 1.49012e-07 0.0556614 0.044434 0.000555187 0.0556598 0.043685 -0.0060285 0.0555 0.044134 -0.00665244 0.0555 0.04242 -0.0113662 0.0556614 0.044255 -0.00359115 0.0556284 0.044017 -0.00663432 0.0555 0.043252 -0.0110134 0.0556533 0.042609 -0.011417 0.0556614 0.043333 -0.00989041 0.0556449 0.042498 -0.0131098 0.0555671 0.04135 -0.0150484 0.0556748 0.041316 -0.0156206 0.0555 0.039589 -0.019065 0.0555 0.041725 -0.0157779 0.0556449 0.04046 -0.0184077 0.0555 0.0362597 -0.0247217 0.0556598 0.03875 -0.0211016 0.0555 0.039197 -0.0213455 0.0556598 0.03629 -0.0250743 0.0556449 0.037805 -0.0234271 0.0555 0.0368771 -0.0251425 0.0556531 0.0351682 -0.0271605 0.0556606 0.0326327 -0.0299087 0.0555 0.0341905 -0.0286895 0.0555 0.0322102 -0.0298863 0.0555 0.0311641 -0.0319508 0.0556606 0.0294952 -0.033007 0.0555 0.0286461 -0.0332867 0.0556606 0.0265207 -0.0354668 0.0555 0.0273761 -0.03522 0.0555 0.0219427 -0.0380057 0.0556606 0.0237922 -0.0373438 0.0555 0.0223163 -0.0386525 0.0556598 0.0193839 -0.0396148 0.0555 0.0160531 -0.0409025 0.0556449 0.0195367 -0.0399311 0.0555 0.0168134 -0.0413183 0.0556662 0.0150916 -0.041462 0.0555 0.010305 -0.0426897 0.0556614 0.014008 -0.0421246 0.0555 0.0104674 -0.0433627 0.0556598 0.0079249 -0.0433641 0.0556449 0.008265 -0.0436746 0.0556598 0.0021973 -0.0440541 0.0555 0.0054637 -0.043599 0.0555 0.0055498 -0.0442863 0.0556614 0.0033205 -0.0443095 0.055647 -0.0011 -0.0440806 0.0555 0.000556402 -0.0446046 0.0555 -0.0010941 -0.0438717 0.0556614 -0.0027667 -0.0443231 0.0555 -0.0044453 -0.0444249 0.0555 -0.0081642 -0.0431505 0.0556598 -0.0054864 -0.0437802 0.0556614 -0.0077159 -0.0437587 0.0555 -0.0077504 -0.0439545 0.0556284 -0.0109877 -0.043151 0.0555 -0.0110168 -0.0432659 0.0555 -0.0167875 -0.0405262 0.0556685 -0.010634 -0.0428751 0.0556284 -0.0141773 -0.0421964 0.0555 -0.0157785 -0.0417245 0.0556707 -0.0149899 -0.0415805 0.0556527 -0.0188747 -0.0401529 0.0555 -0.0203618 -0.0397168 0.0556598 -0.0225235 -0.0379127 0.0555 -0.023365 -0.0371843 0.0556449 -0.0231832 -0.0379377 0.0556614 -0.0263886 -0.0357533 0.0555 -0.0246671 -0.0371674 0.0555 -0.0299311 -0.0330759 0.0555 -0.0273961 -0.0343533 0.0556653 -0.0290136 -0.0332919 0.0556449 -0.0306366 -0.0322057 0.0555 -0.0321702 -0.0298494 0.0556598 -0.0330614 -0.0291778 0.0555 -0.0363049 -0.0247525 0.0555 -0.0341905 -0.0286895 0.055662 -0.036181 -0.0253359 0.0556449 -0.0345827 -0.0279323 0.0555 -0.0371673 -0.0246674 0.0556598 -0.0379361 -0.022538 0.0556449 -0.0380941 -0.0229534 0.0555 -0.0393265 -0.0195461 0.0556492 -0.0401849 -0.0185891 0.0555 -0.0402125 -0.0193654 0.0555 -0.0418004 -0.0134662 0.0556617 -0.0415199 -0.0154093 0.0555 -0.0430687 -0.00870642 0.0556598 -0.0427583 -0.0108877 0.0556449 -0.0428668 -0.0117734 0.0555 -0.0425966 -0.0131391 0.0555 -0.0436125 -0.00546488 0.0556598 -0.043548 -0.00711927 0.0556614 -0.0439375 -0.0066224 0.0555 -0.044134 -0.00665244 0.055662 -0.0440565 -0.0030261 0.0555 -0.0439126 -0.00054726 0.0556284 -0.0444592 -0.00221881 0.0555 -0.0445771 -0.0022243 0.0555 -0.0437216 0.00437513 0.055676 -0.044175 0.00137654 0.0555 -0.0445771 0.00222459 0.0555 -0.0425283 0.0108291 0.0556771 -0.0439083 0.00550261 0.0556284 -0.044321 0.00387803 0.0556771 -0.0429793 0.0103754 0.0555 -0.0436932 0.00883308 0.0556284 -0.0436319 0.00882021 0.0555 -0.0419409 0.0152651 0.055662 -0.0418794 0.0140709 0.0555 -0.0402519 0.0175616 0.0556284 -0.042347 0.0136427 0.0556771 -0.0407642 0.0171837 0.0555 -0.0371849 0.0233649 0.0556598 -0.0390123 0.0206193 0.0555 -0.0402125 0.0193655 0.0556449 -0.0400703 0.0192958 0.0556533 -0.0363984 0.0248176 0.0556614 -0.037915 0.0231694 0.0555 -0.0380845 0.0232731 0.0556531 -0.0349898 0.0273732 0.0555 -0.0345265 0.0282458 0.0555 -0.0325624 0.029467 0.0556598 -0.0323443 0.0300111 0.0555 -0.0290744 0.0329451 0.0556598 -0.0287652 0.0334255 0.0556614 -0.0310253 0.0318088 0.0555 -0.0299311 0.0330762 0.0556449 -0.0267289 0.0355162 0.0555 -0.026054 0.0362391 0.0555 -0.0251894 0.0359739 0.0556598 -0.0237001 0.037202 0.0556614 -0.0222169 0.0384811 0.0555 -0.0223163 0.0386526 0.0555 -0.0200459 0.039101 0.055662 -0.0196579 0.039554 0.055662 -0.017161 0.0407111 0.0556284 -0.0183083 0.0405757 0.0555 -0.0183568 0.0406832 0.0555 -0.0160531 0.0409025 0.0556685 -0.0145937 0.0417041 0.0556284 -0.0141773 0.0421967 0.0555 -0.0097654 0.0427851 0.0556598 -0.0092764 0.0431122 0.0555 -0.0126158 0.0427872 0.0556614 -0.0101536 0.043245 0.0555 -0.0060979 0.0441898 0.0556614 -0.0055251 0.044089 0.0555 -0.0032836 0.0438172</float_array>
                    <technique_common>
                        <accessor count="4001" source="#shape0-lib-positions-array" stride="3">
                            <param name="X" type="float"/>
                            <param name="Y" type="float"/>
                            <param name="Z" type="float"/>
                        </accessor>
                    </technique_common>
                </source>
                <source id="shape0-lib-normals" name="normal">
                    <float_array id="shape0-lib-normals-array" count="24000">0 -1 0 0 -1 0 0 -1 0 0 -1 0 0 -1 0 0 -1 0 0 -1 0 0 -1 0 0 -1 0 0 -1 0 0 -1 0 0 -1 0 0 -1 0 0 -1 0 0 -1 0 0 -1 0 0 -1 0 0 -1 0 0 -1 0 0 -1 0 0 -1 0 0 -1 0 0 -1 0 0 -1 0 0 -1 0 0 -1 0 0 -1 0 0 -1 0 0 -1 0 0 -1 0 0 -1 0 0 -1 0 0 -1 0 0 -1 0 0 -1 0 0 -1 0 0 -1 0 0 -1 0 0 -1 0 0 -1 0 0 -1 0 0 -1 0 0 -1 0 0 -1 0 0 -1 0 0 -1 0 0 -1 0 0 -1 0 0 -1 0 0 -1 0 0 -1 0 0 -1 0 0 -1 0 0 -1 0 0 -1 0 0 -1 0 0 -1 0 0 -1 0 0 -1 0 0 -1 0 0 -1 0 0 -1 0 0 -1 0 0 -1 0 0 -1 0 0 -1 0 0 -1 0 0 -1 0 0 -1 0 0 -1 0 0 -1 0 0 -1 0 0 -1 0 0 -1 0 0 -1 0 0 -1 0 0 -1 0 0 -1 0 0 -1 0 0 -1 0 0 -1 0 0 -1 0 0 -1 0 0 -1 0 0 -1 0 0 -1 0 0 -1 0 0 -1 0 0 -1 0 0 -1 0 0 -1 0 0 -1 0 0 -1 0 0 -1 0 0 -1 0 0 -1 0 0 -1 0 0 -1 0 0 -1 0 0 -1 0 0 -1 0 0 -1 0 0 -1 0 0 -1 0 0 -1 0 0 -1 0 0 -1 0 0 -1 0 0 -1 0 0 -1 0 0 -1 0 0 -1 0 0 -1 0 0 -1 0 0 -1 0 0 -1 0 0 -1 0 0 -1 0 0 -1 0 0 -1 0 0 -1 0 0 -1 0 0 -1 0 0 -1 0 0 -1 0 0 -1 0 0 -1 0 0 -1 0 0 -1 0 0 -1 0 0 -1 0 0 -1 0 0 -1 0 0 -1 0 0 -1 0 0 -1 0 0 -1 0 0 -1 0 0 -1 0 0 -1 0 0 -1 0 0 -1 0 0 -1 0 0 -1 0 0 -1 0 0 -1 0 0 -1 0 0 -1 0 0 -1 0 0 -1 0 0 -1 0 0 -1 0 0 -1 0 0 -1 0 0 -1 0 0 -1 0 0 -1 0 0 -1 0 0 -1 0 0 -1 0 0 -1 0 0 -1 0 0 -1 0 0 -1 0 0 -1 0 0 -1 0 0 -1 0 1 0 0 1 0 0 -0.000136135 0 -1 -0.000136135 0 -1 -0.0523368 -3.23704e-05 -0.99863 -0.0523356 -1.5547e-05 -0.99863 -0.748469 0 -0.663169 -0.748469 0 -0.663169 -0.719917 0 -0.69406 -0.690034 0 -0.723777 -0.719917 0 -0.69406 -0.65894 0 -0.752195 -0.690034 0 -0.723777 -0.65894 0 -0.752195 -0.986912 0 0.161257 -0.986912 0 0.161257 -0.993319 0 0.115398 -0.993319 0 0.115398 -0.997592 0 0.069359 -0.997592 0 0.069359 -0.999732 0 0.0231489 -0.999732 0 0.0231489 -0.999732 0 -0.0231489 -0.999732 0 -0.0231489 -0.997592 0 -0.069359 -0.997592 0 -0.069359 -0.993319 0 -0.115398 -0.993319 0 -0.115398 -0.986914 0 -0.161251 -0.986914 0 -0.161251 -0.65894 0 0.752195 -0.690034 0 0.723777 -0.65894 0 0.752195 -0.719917 0 0.69406 -0.690034 0 0.723777 -0.74849 0 0.663147 -0.719917 0 0.69406 -0.74849 0 0.663147 -0.0523367 0 0.99863 -0.0523395 -4.0098e-05 0.998629 -5.58754e-10 0.000124797 1 0.00247547 -0.000482629 0.999997 0.00137169 0 0.999999 1 0 0 1 0 0 1 0 0 1 0 0 0.00509714 0.000709863 -0.999987 0.00349585 0 -0.999994 0 -1 0 0.0527409 -0.951236 -0.303922 0 1 0 -0.000981501 -0.707181 -0.707031 0 -1 0 0 -1 0 0 -1 0 0 -1 0 0 -1 0 0 -1 0 0 -1 0 0 -1 0 0 -1 0 0 -1 0 0 -1 0 0 -1 0 0 -1 0 0 -1 0 0 -1 0 0 -1 0 0 -1 0 0 -1 0 0 -1 0 0 -1 0 0 -1 0 0 -1 0 0 -1 0 0 -1 0 0 -1 0 0 -1 0 0 -1 0 0 -1 0 0 -1 0 0 -1 0 0 -1 0 0 -1 0 0 -1 0 0 -1 0 0 -1 0 0 -1 0 0 -1 0 0 -1 0 0 -1 0 0 -1 0 0 -1 0 0 -1 0 0 -1 0 0 -1 0 0 -1 0 0 -1 0 0 -1 0 0 -1 0 0 -1 0 0 -1 0 0 -1 0 0 -1 0 0 -1 0 0 -1 0 0 -1 0 0 -1 0 0 -1 0 0 -1 0 -0.186843 -0.710684 -0.678246 0 -1 0 0 -1 0 0 -1 0 0 -1 0 0 -1 0 0 -1 0 0 -1 0 0 -1 0 0 -1 0 0 -1 0 0 -1 0 0 -1 0 0.633452 -0.773683 0.0123877 0 -1 0 0 -1 0 0 -1 0 0 -1 0 0 -1 0 0 -1 0 0 -1 0 0 -1 0 0 -1 0 0 -1 0 0 -1 0 0 -1 0 0 -1 0 0.0525417 -0.968105 0.244975 0 -1 0 0 -1 0 0 -1 0 0 -1 0 -0.544338 -0.797803 -0.259244 0 -1 0 0 -1 0 0 -1 0 0 -1 0 0 -1 0 0 -1 0 -0.00101518 -0.708802 0.705407 0 -1 0 0 -1 0 0 -1 0 0 -1 0 0 -1 0 0 -1 0 0 -1 0 0 -1 0 0 -1 0 0 -1 0 0 -1 0 0 -1 0 0 -1 0 0 -1 0 0 -1 0 0 -1 0 0 -1 0 0 -1 0 0 -1 0 0 -1 0 0 -1 0 0 -1 0 0 -1 0 0 -1 0 0 -1 0 0 -1 0 0 -1 0 0 -1 0 0 -1 0 0 -1 0 0 -1 0 0 -1 0 0 -1 0 0 -1 0 0 -1 0 0 -1 0 0 -1 0 0 -1 0 0 -1 0 0 -1 0 0 -1 0 0 -1 0 0 -1 0 0 -1 0 -0.236535 -0.818209 0.524008 0 -1 0 -0.551757 -0.791526 0.262777 0 -1 0 0 -1 0 0 -1 0 0 -1 0 0 -1 0 0 -1 0 0 -1 0 0 -1 0 0 -1 0 0 -1 0 0 -1 0 0 -1 0 0 -1 0 -0.12608 0 0.99202 -0.143133 -0.00266847 0.9897 -0.335714 0.00194863 0.941962 -0.349634 -0.00281124 0.936882 -0.513465 0 0.85811 -0.541652 0.0100619 0.840542 -0.958732 0 -0.284313 -0.955721 -0.00194874 -0.294268 -0.9006 0.000264317 -0.434649 -0.898403 -0.00122726 -0.439169 -0.806428 0.00140191 -0.59133 -0.800135 0 -0.59982 -0.818452 0 0.574574 -0.824371 -0.00206237 0.566046 -0.909034 0.00172975 0.416719 -0.912962 -0.000715599 0.408043 -0.963204 0.00146478 0.268767 -0.965709 0 0.259626 -0.593159 0 -0.805085 -0.584176 -0.00155209 -0.811626 -0.435324 0.00113331 -0.900273 -0.416994 -0.00465626 -0.908897 -0.243881 0.00314936 -0.9698 -0.227133 -0.00131709 -0.973863 -0.00183193 0.0016631 0.999997 -0.0248437 0.000281928 -0.999691 -0.0305895 0 -0.999532 0.706998 -0.706998 0.0175531 0.706998 -0.706996 0.0176341 0.706999 -0.706999 -0.0174194 0.706802 -0.706801 -0.029396 0.701721 -0.707064 0.0874472 0.705375 -0.706881 0.0525922 0.710408 -0.700771 0.0651221 0.715255 -0.697949 0.0357297 0.697306 -0.715927 0.034833 0.694981 -0.711365 0.104697 0.689465 -0.707229 0.156416 0.708157 -0.697949 0.106682 0.696725 -0.706847 0.122235 0.689509 -0.706972 0.157378 0.698628 -0.706782 0.111255 0.676621 -0.71589 0.172296 0.693984 -0.697967 0.176717 0.670486 -0.707297 0.22401 0.681303 -0.706731 0.190679 0.666774 -0.706768 0.236414 0.680808 -0.706967 0.191568 0.645041 -0.707337 0.289132 0.659191 -0.706588 0.257295 0.655011 -0.700796 0.282569 0.6604 -0.711375 0.240452 0.672919 -0.697961 0.24501 0.613011 -0.707452 0.351751 0.630537 -0.706512 0.321347 0.629072 -0.715924 0.302855 0.612434 -0.706981 0.353698 0.629361 -0.706985 0.322611 0.645299 -0.697908 0.310667 0.575061 -0.707557 0.410692 0.595748 -0.706424 0.382165 0.574172 -0.70697 0.412942 0.59416 -0.70697 0.383624 0.595826 -0.715842 0.364089 0.611013 -0.698039 0.373369 0.570767 -0.698082 0.432326 0.55663 -0.715822 0.421618 0.531431 -0.707634 0.465655 0.555105 -0.706306 0.439306 0.550403 -0.700664 0.454012 0.515249 -0.711291 0.478105 0.4828 -0.707738 0.515763 0.508897 -0.706228 0.492206 0.472434 -0.706793 0.526546 0.51458 -0.706794 0.485437 0.524836 -0.698125 0.487 0.429232 -0.707744 0.561122 0.4577 -0.706048 0.540376 0.440208 -0.700727 0.561425 0.473774 -0.698042 0.536912 0.465057 -0.711307 0.527034 0.371632 -0.707839 0.600711 0.401906 -0.705965 0.583168 0.368818 -0.707009 0.603417 0.398294 -0.707009 0.58438 0.407504 -0.715957 0.566874 0.417957 -0.698046 0.581415 0.35805 -0.698044 0.620108 0.310235 -0.70797 0.634455 0.342127 -0.705912 0.620191 0.330691 -0.700727 0.632159 0.349099 -0.715947 0.604607 0.245749 -0.707991 0.662085 0.279216 -0.70573 0.65114 0.241944 -0.707005 0.664536 0.285577 -0.706807 0.647201 0.289055 -0.71132 0.64068 0.294451 -0.69811 0.652641 0.179151 -0.708004 0.683107 0.213505 -0.705557 0.675726 0.222323 -0.715967 0.661788 0.174382 -0.707156 0.685216 0.208571 -0.707154 0.675597 0.228001 -0.698138 0.678689 0.159455 -0.698087 0.698032 0.117256 -0.711316 0.693023 0.134039 -0.711385 0.689902 0.105387 -0.70689 0.699428 0.139994 -0.706893 0.693328 0.155475 -0.715958 0.680612 0.0410381 -0.708217 0.704801 0.0759963 -0.705412 0.704712 0.035075 -0.707104 0.706239 0.0706494 -0.707103 0.703573 0.0867248 -0.715842 0.692856 0.0889084 -0.698261 0.710301 -0.0294063 -0.708164 0.705436 0.00594859 -0.705125 0.709058 -0.0350808 -0.707025 0.706318 0 -0.707022 0.707191 0.0173981 -0.715934 0.697951 0.0178414 -0.698141 0.715738 -0.0534833 -0.698245 0.713858 -0.0987332 -0.708343 0.698929 -0.0644411 -0.70516 0.706114 -0.105375 -0.70697 0.699349 -0.0706624 -0.706972 0.703703 -0.0521551 -0.716019 0.69613 -0.167388 -0.70849 0.685583 -0.134174 -0.705138 0.69626 -0.174425 -0.706988 0.685378 -0.139968 -0.706985 0.69324 -0.124213 -0.698275 0.70497 -0.121161 -0.71586 0.687651 -0.234668 -0.708534 0.665515 -0.202462 -0.704968 0.679728 -0.241973 -0.706919 0.664616 -0.208649 -0.70692 0.675817 -0.193834 -0.698352 0.689008 -0.18907 -0.71594 0.672074 -0.255195 -0.715856 0.649943 -0.299481 -0.708486 0.63903 -0.268781 -0.70471 0.656613 -0.261571 -0.698414 0.666182 -0.317444 -0.706787 0.632204 -0.274733 -0.70698 0.651691 -0.361112 -0.708596 0.606209 -0.332492 -0.704645 0.626836 -0.361892 -0.700675 0.614889 -0.320597 -0.711306 0.62551 -0.326431 -0.698436 0.636892 -0.419325 -0.708629 0.56746 -0.393137 -0.704513 0.59085 -0.427059 -0.706991 0.563724 -0.398305 -0.706989 0.584396 -0.378843 -0.715847 0.58655 -0.388288 -0.698442 0.601174 -0.473557 -0.708638 0.523045 -0.449877 -0.704324 0.549126 -0.480951 -0.706993 0.518505 -0.454634 -0.706991 0.54173 -0.435353 -0.71591 0.545839 -0.446254 -0.698433 0.559507 -0.516183 -0.711284 0.477106 -0.504025 -0.708742 0.493603 -0.538115 -0.706851 0.459124 -0.506236 -0.707053 0.493762 -0.487468 -0.715968 0.499765 -0.499668 -0.698504 0.512273 -0.560805 -0.711335 0.423675 -0.550451 -0.708696 0.44131 -0.572273 -0.700672 0.426101 -0.538413 -0.711279 0.451878 -0.548081 -0.69858 0.459992 -0.599928 -0.711352 0.366149 -0.591606 -0.708655 0.384462 -0.605686 -0.700698 0.37705 -0.576902 -0.715886 0.393308 -0.591185 -0.698609 0.403046 -0.633291 -0.711346 0.304844 -0.626885 -0.708534 0.324029 -0.644648 -0.70697 0.2909 -0.624079 -0.706769 0.33317 -0.617294 -0.711297 0.336161 -0.628349 -0.698634 0.342182 -0.656022 -0.708381 0.260444 -0.670378 -0.707038 0.225147 -0.65827 -0.707044 0.2584 -0.643375 -0.715918 0.271165 -0.659258 -0.698694 0.277859 -0.66042 -0.711318 0.240566 -0.689487 -0.707002 0.157341 -0.680768 -0.707 0.191588 -0.683562 -0.698767 0.210871 -0.667178 -0.7159 0.205817 -0.680993 -0.711319 0.173991 -0.67868 -0.708265 0.194304 -0.696478 -0.706994 0.122794 -0.701128 -0.698809 0.141721 -0.68435 -0.715912 0.13833 -0.694874 -0.711317 0.105725 -0.69469 -0.708177 0.126061 -0.701727 -0.706993 0.0879755 -0.711694 -0.69887 0.0712203 -0.694709 -0.715923 0.0695206 -0.701941 -0.711308 0.036328 -0.703885 -0.708049 0.056686 -0.706998 -0.706996 0.0176341 -0.705244 -0.706993 0.0528297 -0.698188 -0.715914 0 -0.715181 -0.698939 0 -0.700565 -0.712433 -0.040586 -0.706161 -0.707926 -0.0132918 -0.705244 -0.706993 -0.0528297 -0.706998 -0.706996 -0.0176341 -0.707848 -0.702804 -0.0708354 -0.694709 -0.715923 -0.0695206 -0.695363 -0.711281 -0.102713 -0.703681 -0.706447 -0.0759246 -0.696478 -0.706994 -0.122794 -0.701727 -0.706993 -0.0879755 -0.68435 -0.715912 -0.13833 -0.700905 -0.699042 -0.141676 -0.681755 -0.711278 -0.171152 -0.689905 -0.707696 -0.152309 -0.680768 -0.707 -0.191588 -0.689487 -0.707002 -0.157341 -0.667178 -0.7159 -0.205817 -0.661472 -0.711288 -0.23775 -0.671469 -0.707628 -0.219981 -0.683214 -0.69914 -0.210764 -0.65827 -0.707044 -0.2584 -0.670378 -0.707038 -0.225147 -0.634636 -0.711304 -0.302132 -0.646502 -0.707517 -0.285403 -0.658787 -0.699217 -0.27766 -0.624079 -0.706769 -0.33317 -0.644648 -0.70697 -0.2909 -0.643375 -0.715918 -0.271165 -0.627751 -0.699331 -0.341856 -0.601538 -0.711297 -0.363604 -0.615195 -0.707379 -0.348067 -0.605686 -0.700698 -0.37705 -0.617294 -0.711297 -0.336161 -0.576902 -0.715886 -0.393308 -0.590504 -0.699452 -0.402582 -0.562657 -0.711277 -0.421311 -0.577839 -0.707257 -0.407296 -0.572269 -0.700659 -0.426129 -0.547424 -0.699458 -0.459441 -0.53843 -0.711258 -0.451892 -0.51821 -0.711197 -0.475033 -0.534675 -0.707101 -0.462742 -0.50619 -0.707052 -0.49381 -0.538133 -0.70685 -0.459103 -0.48748 -0.715938 -0.499795 -0.498982 -0.699497 -0.511587 -0.468566 -0.711155 -0.524122 -0.486421 -0.70691 -0.513491 -0.454625 -0.707004 -0.54172 -0.480994 -0.707004 -0.518449 -0.44555 -0.699606 -0.558603 -0.435359 -0.715916 -0.545826 -0.414349 -0.711199 -0.567901 -0.433207 -0.706851 -0.559189 -0.398306 -0.706989 -0.584397 -0.427059 -0.70699 -0.563725 -0.378843 -0.715846 -0.586551 -0.387603 -0.699735 -0.600112 -0.356355 -0.711177 -0.606002 -0.375587 -0.706824 -0.599445 -0.361871 -0.700655 -0.614925 -0.29461 -0.711075 -0.638418 -0.314265 -0.706659 -0.633933 -0.274799 -0.70695 -0.651696 -0.317457 -0.706756 -0.632232 -0.325864 -0.699705 -0.635787 -0.32061 -0.711276 -0.625536 -0.229583 -0.711157 -0.66449 -0.250048 -0.706543 -0.662022 -0.208654 -0.706904 -0.675833 -0.241894 -0.706904 -0.664661 -0.255161 -0.715871 -0.64994 -0.261061 -0.699761 -0.664967 -0.189057 -0.715932 -0.672086 -0.162664 -0.711057 -0.68406 -0.183635 -0.706257 -0.683725 -0.139868 -0.707033 -0.693211 -0.174502 -0.707036 -0.68531 -0.193375 -0.700027 -0.687437 -0.123962 -0.70004 -0.703262 -0.121213 -0.715836 -0.687667 -0.0870989 -0.70924 -0.699566 -0.123311 -0.700482 -0.702936 -0.0705679 -0.706971 -0.703713 -0.105468 -0.706969 -0.699336 0.00969052 -0.706049 -0.708097 -0.0533456 -0.70013 -0.71202 -0.0521588 -0.71597 -0.69618 -0.0100485 -0.710949 -0.703172 -0.0531583 -0.700265 -0.711901 0 -0.707022 -0.707191 -0.0351749 -0.707024 -0.706314 0.0795078 -0.70619 -0.703544 0.0590829 -0.711007 -0.700699 0.0173981 -0.715934 -0.697951 0.0177946 -0.700062 -0.71386 0.0705597 -0.707054 -0.703631 0.0351715 -0.707055 -0.706284 0.156894 -0.704476 -0.692169 0.127502 -0.711219 -0.69131 0.0867698 -0.715867 -0.692824 0.139903 -0.706894 -0.693345 0.10548 -0.706891 -0.699413 0.0887587 -0.699899 -0.708705 0.21497 -0.706866 -0.67389 0.188424 -0.712608 -0.675786 0.208585 -0.707106 -0.675643 0.174482 -0.707109 -0.685239 0.155423 -0.715981 -0.680599 0.15819 -0.70365 -0.692714 0.289318 -0.705146 -0.647352 0.260644 -0.711399 -0.652668 0.285613 -0.706806 -0.647186 0.24186 -0.707004 -0.664567 0.227663 -0.699224 -0.677684 0.222338 -0.715921 -0.661833 0.342022 -0.707553 -0.618376 0.317884 -0.712603 -0.625418 0.330684 -0.700742 -0.632146 0.289095 -0.711324 -0.640657 0.29238 -0.703341 -0.647939 0.401068 -0.707805 -0.581512 0.383169 -0.71159 -0.588915 0.398294 -0.707009 -0.58438 0.368773 -0.707008 -0.603445 0.349066 -0.71594 -0.604634 0.357643 -0.698802 -0.61949 0.407504 -0.715957 -0.566874 0.463942 -0.703876 -0.537881 0.434106 -0.708838 -0.555968 0.440208 -0.700727 -0.561425 0.417567 -0.698731 -0.580873 0.514182 -0.704249 -0.48954 0.486365 -0.708698 -0.511073 0.473357 -0.698688 -0.53644 0.465057 -0.711307 -0.527034 0.514575 -0.70676 -0.485492 0.472493 -0.706756 -0.526542 0.559249 -0.704723 -0.436585 0.534355 -0.708578 -0.460849 0.524571 -0.698495 -0.486755 0.515249 -0.711291 -0.478105 0.550402 -0.700664 -0.454012 0.599253 -0.705019 -0.379268 0.577097 -0.708357 -0.406436 0.59416 -0.70697 -0.383624 0.574172 -0.70697 -0.412941 0.55663 -0.715822 -0.421618 0.570561 -0.698348 -0.43217 0.633142 -0.705411 -0.318633 0.614239 -0.708192 -0.348103 0.610783 -0.698316 -0.373228 0.623699 -0.700693 -0.346452 0.595826 -0.715842 -0.364089 0.661016 -0.705727 -0.254966 0.645693 -0.707939 -0.286188 0.658258 -0.707055 -0.258397 0.639825 -0.706865 -0.301604 0.633287 -0.711332 -0.304884 0.645101 -0.698133 -0.310572 0.682486 -0.706095 -0.188793 0.670761 -0.707761 -0.221709 0.679964 -0.700727 -0.215942 0.656021 -0.715949 -0.238857 0.672797 -0.698095 -0.244965 0.697332 -0.70645 -0.121068 0.68949 -0.707554 -0.154825 0.696488 -0.706984 -0.122796 0.686984 -0.706786 -0.168841 0.693904 -0.698053 -0.176686 0.681124 -0.711331 -0.173432 0.708152 -0.697953 -0.106687 0.705614 -0.706686 -0.051999 0.690392 -0.715919 -0.104011 0.701662 -0.707239 -0.0865069 0.709233 -0.700765 -0.0769297 0.71523 -0.697976 -0.0357284 0.701959 -0.711353 -0.0350655 0.853827 0 0.520558 0.845551 0.00298226 0.533887 0.819346 -0.00151665 0.573297 0.800583 0.00456278 0.599204 0.771108 -0.00449991 0.636689 0.740168 0.00447983 0.672407 0.707527 -0.00451592 0.706672 0.684801 0.00150321 0.728728 0.626994 0.0024071 0.77902 0.649111 -0.00305123 0.760688 0.866017 0 0.500015 0.866017 0 0.500015 0.866022 0 -0.500006 0.866022 0 -0.500006 0.632783 -0.000580791 -0.774329 0.647405 0.00326472 -0.762139 0.684801 -0.00150254 -0.728728 0.722444 0.00857486 -0.691376 0.740116 -2.58898e-05 -0.67248 0.794306 0 -0.607518 0.800631 0.0044857 -0.599141 0.845505 0 -0.533967 0.845505 0 -0.533967 0.421198 -0.00480872 0.906956 0.0459834 0.038031 0.998218 0.93447 0 -0.356043 0.988031 0 -0.154256 0.99994 0 0.0109438 0.945405 0 0.325899 0.206592 0 -0.978427 0.425422 0.000868297 -0.904994 0.284148 0.0115057 0.958711 0.438595 -0.0662012 0.896243 0.685009 -0.0139172 0.728402 0.999935 0 0.0113793 0.999848 -0.00677463 0.0160632 0.938346 0 -0.345699 0.587781 0.0422858 -0.807914 0.0473348 0.000583418 -0.998879 0 -0.707106 0.707108 0.00096887 -0.707894 0.706318 -5.98421e-05 -0.70702 0.707193 0.706512 -0.706582 0.0397891 0.85501 -0.511038 0.0883085 0.274449 0.259279 0.925987 0.444367 -0.623207 0.643546 0.407735 -0.655581 0.635583 0.70706 -0.707129 0.00591495 0.714116 -0.263333 -0.648609 0.464493 -0.145678 0.873512 0.964103 -0.248272 0.0941589 0.612373 -0.707099 0.353568 0.612276 -0.707226 0.353481 0.410323 -0.735035 0.539776 0.455982 -0.711715 0.534362 0.509663 -0.730686 0.454248 0.50071 -0.70653 0.500105 0.541066 -0.712505 0.446748 0.575967 -0.718624 0.389667 0.574718 -0.712734 0.402131 0.603839 -0.706998 0.368146 0.0301801 -0.7543 0.655836 0.790256 -0.189959 0.58259 -0.321188 -0.258449 0.911066 3.17646e-06 -0.707077 0.707137 -0.0370215 -0.70684 0.706404 -0.0370225 -0.706828 0.706416 -0.374573 -0.722374 0.581267 -0.361775 -0.702276 0.613129 -0.249343 -0.70101 0.668142 -0.239407 -0.707621 0.664798 -0.103041 -0.694079 0.712486 -0.529372 -0.706902 0.469101 -0.529253 -0.707119 0.468907 -0.509078 -0.707123 0.490731 -0.509152 -0.706976 0.490865 -0.488005 -0.706977 0.511893 -0.48798 -0.707031 0.511842 -0.465984 -0.70703 0.531947 -0.465969 -0.707064 0.531915 -0.670119 -0.702635 0.239259 -0.64874 -0.740755 0.17441 -0.64332 -0.709554 0.287528 -0.619213 -0.700914 0.353971 -0.543175 -0.752235 0.372966 -0.69795 -0.707009 -0.114037 -0.697961 -0.706997 -0.114042 -0.702541 -0.706946 -0.0816335 -0.702486 -0.707003 -0.0816106 -0.705551 -0.70696 -0.0490532 -0.705555 -0.706955 -0.0490547 -0.707012 -0.707013 -0.016357 -0.70706 -0.706964 -0.0163721 -0.707012 -0.707013 0.016357 -0.70706 -0.706964 0.0163721 -0.70555 -0.70696 0.0490553 -0.705548 -0.706963 0.0490542 -0.702529 -0.706958 0.0816286 -0.702486 -0.707003 0.0816106 -0.697961 -0.706997 0.114042 -0.697966 -0.706992 0.114045 -0.621569 -0.700571 -0.350503 -0.509169 -0.771398 -0.381697 -0.634303 -0.708179 -0.310068 -0.668486 -0.702177 -0.245098 -0.656418 -0.726819 -0.202112 -0.465969 -0.707065 -0.531914 -0.466006 -0.706977 -0.531997 -0.488017 -0.706977 -0.511883 -0.488015 -0.706981 -0.511879 -0.509115 -0.707049 -0.490799 -0.509152 -0.706976 -0.490865 -0.529333 -0.706973 -0.469038 -0.529291 -0.707049 -0.46897 -0.153248 -0.738089 -0.657069 -0.188046 -0.715181 -0.673167 -0.321362 -0.697362 -0.640634 -0.447081 -0.507699 -0.736451 -0.286198 -0.727293 -0.623808 -0.347101 -0.804338 -0.482246 -0.0370179 -0.706912 -0.706332 -0.0370222 -0.706863 -0.706381 -0.016869 -0.734134 -0.678795 -9.62786e-05 -0.706984 -0.70723 0.377456 -0.740076 -0.55661 -0.297741 -0.197701 -0.933951 0.0169961 -0.734379 -0.678527 0.803353 -0.219781 -0.553461 0.59812 -0.706802 -0.377735 0.561303 -0.726001 -0.397319 0.560652 -0.713892 -0.419556 0.516092 -0.716768 -0.468928 0.499482 -0.726653 -0.471692 0.483141 -0.708691 -0.514133 0.44362 -0.713101 -0.542852 0.612392 -0.707081 -0.35357 0.612347 -0.707141 -0.35353 0 -1 0 0.705302 -0.705372 -0.0707029 0.463664 -0.198861 -0.863406 0.790311 -0.217238 0.572902 0.707072 -0.707142 0 0.707072 -0.707142 0 0.269119 -0.247046 -0.930883 0.453523 -0.613579 -0.646403 0.297744 -0.7888 -0.53772 0.97664 -0.209751 0.046687 0.656704 -0.656769 -0.370667 0.674696 -0.618137 -0.40335 0.00358885 -0.710111 -0.704081 -5.98545e-05 -0.70702 -0.707193 0 -0.707106 -0.707108 -0.0508499 -0.955714 -0.289872 -0.0700388 -0.934803 -0.348192 -0.0731317 -0.975043 -0.209627 -0.114187 -0.923631 -0.36588 -0.133205 -0.939275 -0.316258 -0.131127 -0.940063 -0.31478 -0.0875597 -0.986756 -0.13655 -0.167836 -0.935789 -0.310047 -0.134709 -0.973513 -0.184732 -0.216745 -0.923447 -0.316649 -0.220111 -0.939318 -0.263121 -0.216867 -0.940418 -0.261881 -0.127383 -0.985869 -0.108796 -0.249955 -0.936449 -0.246141 -0.187559 -0.972038 -0.141294 -0.299868 -0.923567 -0.238962 -0.287008 -0.939588 -0.18655 -0.282981 -0.940893 -0.186125 -0.158824 -0.98484 -0.0697516 -0.308836 -0.93739 -0.160996 -0.226262 -0.970551 -0.0826855 -0.356921 -0.9235 -0.140551 -0.327912 -0.940035 -0.093849 -0.323483 -0.941497 -0.0945638 -0.178103 -0.983776 -0.0215559 -0.0834631 -0.995994 -0.0321043 -0.237306 -0.971097 -0.0256044 -0.240774 -0.970481 -0.0139488 -0.097635 -0.995068 0.0175056 -0.21316 -0.977002 -0.00541624 -0.323562 -0.945385 0.0394353 -0.333041 -0.942166 0.0375162 -0.331528 -0.940593 0.0733057 -0.326927 -0.942447 0.0700844 -0.176321 -0.981962 0.068268 -0.200026 -0.978233 0.0552254 -0.299831 -0.944633 0.133308 -0.308286 -0.941809 0.134 -0.304088 -0.937096 0.171414 -0.182101 -0.979003 0.0916063 -0.268807 -0.944177 0.190455 -0.276329 -0.941582 0.192525 -0.255525 -0.94109 0.221486 -0.252016 -0.943519 0.21508 -0.129743 -0.98004 0.150626 0.213584 -0.951768 -0.22027 0.216671 -0.932749 -0.288156 0.118738 -0.971017 -0.207432 0.070037 -0.97836 -0.194695 0.0390589 -0.97437 -0.221534 0.0196765 -0.950917 -0.30882 0.0180475 -0.946997 -0.320736 -0.0100374 -0.987462 -0.15754 -0.0112189 -0.947091 -0.320768 -0.0168405 -0.918753 -0.394474 -0.0365646 -0.871137 -0.489677 -0.0539707 -0.899543 -0.433484 -0.0490449 -0.950395 -0.307153 -0.0227323 -0.990192 -0.137849 -0.0637604 -0.830033 -0.554058 -0.178756 -0.828839 -0.530163 -0.0489024 -0.981432 -0.18547 -0.12199 -0.83009 -0.544122 -0.775543 -0.603582 -0.184993 -0.0861734 -0.970079 -0.226984 0.33836 0.824292 0.453934 -0.33836 -0.824292 -0.453934 -0.323761 -0.829231 -0.455581 -0.0615304 -0.990454 -0.123351 -0.223289 -0.830167 -0.510847 -0.27636 -0.829585 -0.485194 -0.636498 -0.750792 -0.176586 -0.0997821 -0.982009 -0.160315 -0.149812 -0.969857 -0.19218 0.450352 0.823704 0.344521 -0.450352 -0.823704 -0.344521 -0.0946618 -0.990551 -0.0992342 -0.362992 -0.830557 -0.422388 -0.44057 -0.829718 -0.342734 -0.14044 -0.982561 -0.121865 -0.406114 -0.829929 -0.382478 -0.601755 -0.792607 -0.0983057 -0.200503 -0.969642 -0.139974 0.526959 0.824499 0.206193 -0.526959 -0.824499 -0.206193 -0.118622 -0.990722 -0.0663191 -0.470769 -0.830648 -0.297322 -0.520618 -0.829875 -0.200658 -0.167987 -0.982998 -0.0741238 -0.50027 -0.830012 -0.246598 -0.588324 -0.808509 0.0137015 -0.233969 -0.969346 -0.075014 0.560567 0.826527 0.0511651 -0.560567 -0.826527 -0.0511651 -0.537275 -0.830627 -0.146268 -0.555431 -0.830206 -0.0474809 -0.080748 -0.996644 -0.0134525 -0.556362 -0.829742 -0.0446139 -0.554359 -0.830358 0.0564891 -0.0875831 -0.996157 -0.000322122 -0.559173 -0.828966 -0.0118874 0.559173 0.828966 0.0118874 -0.195694 -0.980143 0.0319997 0.520414 0.827428 -0.211029 -0.520414 -0.827428 0.211029 -0.542482 -0.830403 0.127057 -0.5135 -0.830349 0.216422 -0.095962 -0.994905 0.0309163 -0.539634 -0.828575 0.149193 0.539634 0.828575 -0.149193 -0.269827 -0.955328 0.120593 -0.506751 -0.83104 0.229293 -0.459722 -0.831242 0.312557 -0.116426 -0.990772 0.0693912 -0.500472 -0.828809 0.250205 0.500472 0.828809 -0.250205 -0.156329 -0.980202 0.121509 0.364193 0.826944 -0.4284 -0.364193 -0.826944 0.4284 -0.316551 -0.90178 0.294259 -0.0320299 -0.998689 0.0399397 -0.37839 -0.825925 0.417933 -0.210939 -0.938429 0.273597 -0.139468 -0.975484 0.170237 -0.0421403 -0.997616 0.0546576 -0.207038 -0.937356 0.280178 -0.237263 -0.903633 0.356585 -0.179273 -0.936637 0.300951 -0.104365 -0.974882 0.196756 -0.0856782 -0.983302 0.160549 -0.108257 -0.973206 0.202858 -0.162328 -0.923945 0.346375 -0.182123 -0.876859 0.444914 -0.0501865 -0.99391 0.0980985 -0.128848 -0.921886 0.36541 -0.128353 -0.924946 0.357771 -0.140168 -0.909782 0.390704 -0.0243139 -0.995237 0.0943997 -0.16127 -0.825131 0.541435 -0.0758528 -0.921375 0.381202 -0.0734927 -0.926383 0.369341 -0.0460124 -0.981003 0.188456 -0.0575568 -0.952617 0.298676 -0.0553067 -0.918508 0.391515 -0.0319362 -0.936227 0.349941 -0.00627776 -0.995832 0.0909923 -0.00976951 -0.9721 0.234364 -0.00782995 -0.98241 0.186574 -0.00986904 -0.971906 0.235162 0.00305758 -0.931216 0.364456 0.0245463 -0.906465 0.421566 0.0351691 -0.944673 0.326122 0.0346574 -0.952046 0.303987 0.01563 -0.996685 0.0798462 0.0158736 -0.99615 0.0862165 0.0419008 -0.985056 0.167063 0.0561953 -0.97468 0.216429 0.0584386 -0.973105 0.222828 0.106746 -0.935129 0.337843 0.144032 -0.910317 0.388044 0.128328 -0.945501 0.299266 0.0954984 -0.975099 0.200155 0.0464825 -0.994157 0.0974228 0.109441 -0.968468 0.223814 0.0577125 -0.990705 0.12318 0.184954 -0.923787 0.335275 0.228684 -0.900591 0.369648 0.186372 -0.944529 0.270426 0.301043 -0.868617 0.393544 0.185566 -0.945088 0.269025 0.113553 -0.979798 0.164624 0.0650325 -0.993869 0.089412 0.320545 -0.868349 0.378446 0.286137 -0.908124 0.305673 0.242718 -0.932822 0.26633 0.258569 -0.923387 0.283723 0.0667701 -0.995892 0.0611601 0.355579 -0.869071 0.343916 0.280694 -0.927749 0.245952 0.340616 -0.900732 0.269561 0.231493 -0.952916 0.195865 0.160021 -0.977784 0.135393 0.430375 -0.848709 0.307362 0.351388 -0.908689 0.225411 0.341234 -0.913865 0.220023 0.0851119 -0.994859 0.0548788 0.0445246 -0.99869 0.0252065 0.430397 -0.868197 0.246966 0.33464 -0.926785 0.170546 0.27106 -0.954864 0.121499 0.229618 -0.967404 0.106792 0.177871 -0.980571 0.0827249 0.383503 -0.911328 0.149688 0.371262 -0.920206 0.124039 0.255655 -0.964117 0.071551 0.294939 -0.951636 0.0860238 0.0777849 -0.996712 0.0226872 0.474661 -0.873556 0.107685 0.0539782 -0.998438 0.0144385 0.463345 -0.882442 0.0812902 0.342267 -0.938368 0.0481621 0.216971 -0.975701 0.030531 0.41207 -0.909704 0.0513513 0.506689 -0.861301 0.0377783 0.392026 -0.919903 0.00973309 0.485551 -0.873993 0.0193847 0.101001 -0.994878 0.00403226 0.059559 -0.998225 0 0.574432 -0.81843 -0.0141531 0.460744 -0.887186 -0.0248075 0.107732 -0.994163 -0.00580056 0.534391 -0.84432 -0.039381 0.474225 -0.87846 -0.0584665 0.421795 -0.904937 -0.0563708 0.166015 -0.985874 -0.0221871 0.521808 -0.848239 -0.0905943 0.0670444 -0.997609 -0.0167755 0.425381 -0.89996 -0.0955193 0.309371 -0.947685 -0.078623 0.0710397 -0.99731 -0.0180539 0.38684 -0.915917 -0.10701 0.461435 -0.873965 -0.15252 0.354182 -0.925144 -0.136615 0.274152 -0.955062 -0.112684 0.115322 -0.992197 -0.0474004 0.362241 -0.918153 -0.160554 0.432022 -0.875264 -0.217418 0.331359 -0.924628 -0.187789 0.0931444 -0.994616 -0.0454303 0.35076 -0.915551 -0.19681 0.0324535 -0.999307 -0.0182095 0.476653 -0.825708 -0.301674 0.285017 -0.937269 -0.200731 0.216092 -0.963448 -0.158342 0.364193 -0.892271 -0.266863 0.0819364 -0.994316 -0.0679794 0.359724 -0.889796 -0.280823 0.298297 -0.919149 -0.257263 0.182369 -0.967778 -0.173629 0.24095 -0.944958 -0.221354 0.250874 -0.941689 -0.224243 -0.596879 0.623096 0.505457 0.401979 -0.812398 -0.4224 0.157581 -0.979944 -0.121978 0.0207343 -0.971809 -0.234858 0.380703 -0.81256 -0.441375 -0.17697 -0.917105 0.357212 0.236524 -0.889818 -0.390231 0.357838 -0.813585 -0.458291 0.194286 -0.947181 -0.255151 0.167 -0.957077 -0.236885 -0.399475 0.743693 0.536041 0.312489 -0.814647 -0.488571 0.0550272 -0.997002 -0.0543909 0.107709 -0.971335 -0.211911 0.0986647 -0.970324 -0.220763 0.104141 -0.967834 -0.229025 -0.273103 0.775997 0.568545 0.207775 -0.819849 -0.533551 0.0393113 -0.997829 -0.0528409 0.0721804 -0.96321 -0.258877 0.0640664 -0.957084 -0.282642 0.0971373 -0.82532 -0.556248 0.019832 -0.999642 0.0179872 0.0209027 -0.847779 -0.529938 0.0491041 -0.949897 -0.308682 0.0413496 -0.829034 -0.557667 0.032753 -0.958323 -0.283804 -0.0778363 0.823943 0.561301 -0.697877 0.707082 0.11403 -0.697985 0.706971 0.114057 -0.702544 0.706944 0.081621 -0.702587 0.706902 0.0816223 -0.70562 0.706891 0.0490455 -0.705459 0.707052 0.049048 -0.706982 0.707042 0.0163726 -0.70701 0.707014 0.0163709 -0.706988 0.707036 -0.0163722 -0.70701 0.707014 -0.0163709 -0.70562 0.706891 -0.0490472 -0.705478 0.707032 -0.0490494 -0.702544 0.706944 -0.081621 -0.702587 0.706902 -0.0816223 -0.697819 0.707139 -0.11403 -0.697987 0.706971 -0.114043 -0.615287 0.70126 0.360079 -0.486689 0.803988 0.341668 -0.639366 0.710848 0.293098 -0.616352 0.755507 0.222078 -0.682365 0.705779 0.190403 -0.679629 0.705325 -0.201545 -0.623151 0.74918 -0.224528 -0.643419 0.699703 -0.310528 -0.615132 0.701443 -0.359988 -0.459278 0.821977 -0.336775 -0.465873 0.707241 0.531764 -0.465662 0.707531 0.531563 -0.487634 0.707513 0.511506 -0.487781 0.707319 0.511634 -0.508912 0.707305 0.490641 -0.508957 0.707247 0.490677 -0.52962 0.706575 0.469313 -0.529165 0.707237 0.468829 -0.529444 0.70681 -0.469157 -0.52915 0.707237 -0.468845 -0.508914 0.707302 -0.490643 -0.508957 0.707247 -0.490677 -0.487635 0.707513 -0.511506 -0.487783 0.707316 -0.511636 -0.465873 0.707241 -0.531764 -0.465662 0.707531 -0.531563 -0.0893739 0.705344 0.703209 -0.164367 0.785094 0.597168 -0.237923 0.705503 0.667576 -0.321661 0.746508 0.58246 -0.365252 0.702841 0.610415 -0.419714 0.706623 -0.569671 -0.297101 0.778964 -0.552219 -0.293466 0.73861 -0.606904 -0.156574 0.766698 -0.622622 -0.167258 0.753572 -0.635731 -0.0370516 0.706304 0.706938 -0.0370451 0.706406 0.706837 -0.0370451 0.706406 -0.706836 -0.0370356 0.706557 -0.706686 -0.00107619 0.707231 0.706982 -0.00129747 0.705958 0.708252 -0.0216539 0.706324 -0.707557 -0.00110851 0.712599 -0.701571 -9.62697e-05 0.70705 -0.707164 -0.575686 0.268237 0.772421 0.0562336 0.705921 0.706055 0.124275 0.190101 0.973867 -0.0661311 0.242706 -0.967843 0.23249 0.00868767 -0.97256 0.687029 0.172513 -0.705855 0.425544 0.00082681 -0.904937 0.598221 0.706723 0.377721 0.647052 0.660648 0.380615 0.726502 0.420145 0.543757 0.599225 0.33006 0.729377 0.52387 0.706448 0.475911 0.400438 0.785446 0.471936 0.472783 0.723434 0.50311 0.405572 0.762618 0.50391 0.606681 0.349085 -0.714198 0.690622 0.293635 -0.660923 0.682672 0.430899 -0.590156 0.756377 0.305322 -0.578508 0.785895 0.438042 -0.43645 0.426814 0.863234 -0.269549 0.613459 0.706996 0.351887 0.580173 0.742422 0.334976 0.612379 0.707097 -0.353563 0.998079 0.0545841 0.029305 0.70695 0.707183 -0.0106873 0.989264 0.0613212 0.132655 0.52809 0.798371 -0.289352 0.995461 0.0951104 0.00337805 0.701531 0.701762 -0.124032 0.8653 0.0900041 -0.493107 0.70699 0.707223 0 0.70699 0.707223 0 0.125085 -0.992144 0.00200957 0.703923 0.704155 0.0930508 0.855568 -0.0346284 -0.51653 0.618286 0.618489 -0.484968 0.577285 0.577288 0.577478 0.0329326 0.706607 0.70684 0.0642663 0.705529 -0.705761 0.00348343 -0.0842112 -0.996442 -0.000237132 0.70699 -0.707223 0.707105 0.707109 -8.82038e-06 0.707105 0.707109 0 0.707105 0.707109 0 0.706988 -0.000228336 -0.707225 0.706988 0 -0.707225 0.706988 0 -0.707225 0.706988 0 0.707225 0.706988 0 0.707225 0.999701 0 0.0244488 0.997283 6.11438e-05 0.073664 0.999691 -7.87497e-05 0.0248765 0.992471 0.000146265 0.122477 0.997204 -0.00013111 0.0747218 0.985298 0.000220303 0.170846 0.992238 -0.000190376 0.124352 0.975682 0.000251237 0.219191 0.984799 -0.000287592 0.173699 0.963761 0.000343011 0.266769 0.97494 -0.000328191 0.22247 0.949606 0.000420284 0.313447 0.962636 -0.000365845 0.2708 0.932889 0.000461109 0.360163 0.947959 -0.000447556 0.318391 0.914292 0.000535708 0.405055 0.930824 -0.000469644 0.365468 0.893188 0.000508523 0.449684 0.911408 -0.000599818 0.411504 0.87011 0.000640083 0.492858 0.890042 -0.000588191 0.455878 0.865925 -0.000664613 0.500174 0.8448 0.000645939 0.535081 0.840144 -0.000667309 0.542364 0.817656 0.000745658 0.575706 0.811845 -0.000747385 0.583873 0.78839 0.000738017 0.615176 0.781943 -0.000783165 0.623349 0.75721 0.000802045 0.653171 0.749611 -0.000852435 0.661878 0.724151 0.000796867 0.689641 0.715909 -0.000868747 0.698194 0.689721 0.000853499 0.724075 0.679955 -0.00098718 0.733253 0.652898 0.000812661 0.757445 0.643013 -0.000931933 0.765855 0.615275 0.000945863 0.788312 0.603758 -0.000963875 0.797167 0.575861 0.000954414 0.817547 0.563492 -0.000980339 0.826121 0.535117 0.00100477 0.844777 0.493005 0.00100098 0.870026 0.52142 -0.00102186 0.853299 0.449494 0.000965411 0.893283 0.478018 -0.00110315 0.878349 0.404909 0.00102328 0.914356 0.433873 -0.00112047 0.900973 0.359934 0.00107699 0.932977 0.388409 -0.00107698 0.921486 0.313742 0.00114483 0.949508 0.342321 -0.0010661 0.939583 0.266811 0.0011466 0.963748 0.294766 -0.00106643 0.955569 0.219409 0.00110509 0.975632 0.246668 -0.00110653 0.969099 0.170544 0.00105512 0.985349 0.197832 -0.00121562 0.980235 0.122849 0.00109934 0.992425 0.149209 -0.00115521 0.988805 0.0733442 0.00108666 0.997306 0.0996065 -0.00122411 0.995026 0.0244488 0.00116101 0.9997 0.0500725 -0.00116142 0.998745 -0.0247986 0.00119372 0.999692 0 -0.00112504 0.999999 -0.0740598 0.00112459 0.997253 -0.0500725 -0.00114606 0.998745 -0.124188 0.00113882 0.992258 -0.0996065 -0.00122274 0.995026 -0.172724 0.00114959 0.98497 -0.149209 -0.00114835 0.988805 -0.197832 -0.00113866 0.980235 -0.221126 0.00118215 0.975245 -0.246687 -0.00114654 0.969095 -0.269497 0.00117708 0.963 -0.316613 0.00115537 0.948554 -0.294743 -0.00112791 0.955576 -0.342342 -0.00120463 0.939575 -0.363568 0.001073 0.931567 -0.409235 0.00108516 0.912428 -0.388385 -0.0012201 0.921496 -0.454348 0.00112597 0.890824 -0.433873 -0.00121375 0.900973 -0.497282 0.00116094 0.867588 -0.478046 -0.00111526 0.878334 -0.540323 0.00117562 0.841457 -0.52139 -0.00115506 0.853318 -0.580767 0.00112197 0.814069 -0.563492 -0.00109553 0.826121 -0.620926 0.00112964 0.783869 -0.603758 -0.00117952 0.797167 -0.658633 0.00105774 0.752464 -0.643046 -0.00114571 0.765827 -0.695524 0.00113114 0.718502 -0.679922 -0.00119625 0.733284 -0.729947 0.001104 0.683503 -0.715941 -0.00111042 0.69816 -0.763241 0.00115683 0.646113 -0.749611 -0.00113945 0.661877 -0.793999 0.00110022 0.607918 -0.781943 -0.00107751 0.623349 -0.823531 0.00115007 0.56727 -0.811812 -0.00113394 0.583917 -0.850384 0.00110607 0.526162 -0.840143 -0.00106269 0.542364 -0.875548 0.00112407 0.48313 -0.865954 -0.00110278 0.500123 -0.898422 0.00107195 0.439131 -0.890014 -0.0010918 0.455932 -0.919002 0.00108572 0.394252 -0.911432 -0.00109544 0.411449 -0.937498 0.0011145 0.347988 -0.930801 -0.00108348 0.365525 -0.953549 0.00108126 0.301237 -0.947959 -0.0010492 0.318391 -0.96734 0.00105927 0.25348 -0.962635 -0.00107731 0.2708 -0.978756 0.00105534 0.205026 -0.974954 -0.00108195 0.222406 -0.987662 0.00104969 0.156597 -0.984798 -0.00104881 0.173699 -0.994236 0.00105546 0.10721 -0.992229 -0.00105966 0.124418 -0.997209 -0.0010371 0.0746549 -0.998326 0.00103851 0.0578207 -0.999688 -0.00103143 0.0249437 -0.999965 0.00102899 0.00833295 -0.999688 -0.00103368 -0.0249397 -0.999145 0.00101472 -0.0413219 -0.997208 -0.00102538 -0.0746668 -0.995864 0.0010196 -0.0908502 -0.992229 -0.00100972 -0.124418 -0.990142 0.000993504 -0.140067 -0.984798 -0.00101955 -0.173699 -0.981959 0.000981892 -0.189093 -0.974962 -0.000994015 -0.222371 -0.971389 0.0010103 -0.237494 -0.962624 -0.000954397 -0.27084 -0.958498 0.00097481 -0.285096 -0.947958 -0.000985943 -0.318393 -0.943041 0.000990922 -0.332676 -0.930801 -0.000940667 -0.365525 -0.92549 0.000940681 -0.378771 -0.905462 0.000910191 -0.424427 -0.911432 -0.000986532 -0.411449 -0.883463 0.000942984 -0.468501 -0.890014 -0.000955407 -0.455932 -0.859013 0.000925452 -0.511953 -0.866004 -0.000936872 -0.500036 -0.832628 0.000936469 -0.553831 -0.840084 -0.000911454 -0.542455 -0.803991 0.000916142 -0.594641 -0.811813 -0.000899134 -0.583917 -0.77384 0.000913641 -0.63338 -0.781943 -0.000864026 -0.623349 -0.741379 0.000822905 -0.671086 -0.749612 -0.000890435 -0.661878 -0.707006 0.000841978 -0.707207 -0.715941 -0.000934382 -0.69816 -0.67093 0.000844516 -0.74152 -0.68003 -0.000891544 -0.733184 -0.633717 0.000878736 -0.773565 -0.643007 -0.000832193 -0.76586 -0.594633 0.000797546 -0.803997 -0.603674 -0.000813966 -0.797231 -0.553785 0.000823658 -0.832659 -0.563492 -0.000857951 -0.826121 -0.512033 0.000779561 -0.858965 -0.52139 -0.000801743 -0.853318 -0.468591 0.000724799 -0.883415 -0.478046 -0.000838084 -0.878335 -0.423945 0.000765789 -0.905688 -0.433875 -0.000845881 -0.900973 -0.388386 -0.00076683 -0.921497 -0.379106 0.000716537 -0.925353 -0.342342 -0.000796667 -0.939575 -0.332636 0.000735582 -0.943055 -0.294743 -0.000757661 -0.955576 -0.284946 0.000773494 -0.958543 -0.24675 -0.000668287 -0.969079 -0.237864 0.000711167 -0.971298 -0.19796 -0.00073785 -0.98021 -0.188933 0.000656471 -0.98199 -0.149013 -0.000738748 -0.988835 -0.139716 0.000694421 -0.990191 -0.0996066 -0.000657698 -0.995027 -0.090732 0.000710988 -0.995875 -0.0500725 -0.000612597 -0.998745 -0.0416647 0.000687872 -0.999131 0 -0.00062515 -1 0.00806575 0.000628922 -0.999967 0.0500725 -0.000653463 -0.998745 0.0577975 0.000557018 -0.998328 0.0996066 -0.000681521 -0.995027 0.107526 0.000572231 -0.994202 0.149013 -0.000621837 -0.988835 0.156523 0.000582213 -0.987674 0.19796 -0.000578051 -0.98021 0.204993 0.000566634 -0.978763 0.246731 -0.000571777 -0.969084 0.253298 0.000516234 -0.967388 0.294766 -0.000586369 -0.955569 0.301198 0.000501297 -0.953561 0.342321 -0.000567371 -0.939583 0.348081 0.000429295 -0.937464 0.388409 -0.00059404 -0.921487 0.394422 0.000473536 -0.918929 0.43894 0.000417472 -0.898516 0.433875 -0.000507802 -0.900973 0.483267 0.000456684 -0.875473 0.478017 -0.000533159 -0.87835 0.52611 0.000461182 -0.850417 0.52142 -0.000454404 -0.8533 0.567356 0.000366839 -0.823473 0.563493 -0.000416814 -0.826121 0.607999 0.000446829 -0.793938 0.603674 -0.000468309 -0.797231 0.64605 0.000331586 -0.763295 0.642974 -0.000349455 -0.765888 0.683369 0.000343025 -0.730073 0.680063 -0.000426318 -0.733153 0.718898 0.000361182 -0.695116 0.715909 -0.000373719 -0.698194 0.749611 -0.000307786 -0.661878 0.752123 0.000346903 -0.659023 0.781943 -0.00029522 -0.62335 0.784194 0.000331828 -0.620515 0.811845 -0.000256304 -0.583873 0.81382 0.000334062 -0.581117 0.840085 -0.000222866 -0.542455 0.841624 0.000275025 -0.540064 0.865975 -0.000232746 -0.500087 0.867464 0.000293013 -0.497499 0.890042 -0.000177518 -0.455879 0.890862 0.000141858 -0.454273 0.911408 -0.00027352 -0.411504 0.912474 0.000189479 -0.409134 0.930824 -0.000182299 -0.365468 0.93155 0.000174359 -0.363613 0.947959 -0.000158134 -0.318393 0.948563 0.000184835 -0.316587 0.962624 -0.000102578 -0.27084 0.962937 0.000106525 -0.269728 0.974948 -0.00013372 -0.222435 0.975234 0.000101111 -0.221178 0.984799 -9.02189e-05 -0.173699 0.984938 5.66555e-05 -0.172909 0.992238 -8.69605e-05 -0.124352 0.992338 6.08098e-05 -0.123555 0.997204 -3.76224e-05 -0.0747337 0.99723 2.9091e-05 -0.0743741 0.999691 -1.5244e-05 -0.0248725 0.999693 0 -0.0247906 0 -1 0 0 -1 0 0 -1 0 0 -1 0 0 -1 0 0 -1 0 0 -1 0 0 -1 0 0 -1 0 0 -1 0 0 -1 0 0 -1 0 0 -1 0 0 -1 0 0 -1 0 0 -1 0 0 -1 0 0 -1 0 0 -1 0 0 -1 0 0 -1 0 0 -1 0 0 -1 0 0 -1 0 0 -1 0 0 -1 0 0 -1 0 0 -1 0 0 -1 0 0 -1 0 0 -1 0 0 -1 0 0 -1 0 0 -1 0 0 -1 0 0 -1 0 0 -1 0 0 -1 0 0 -1 0 0 -1 0 0 -1 0 0 -1 0 0 -1 0 0 -1 0 0 -1 0 0 -1 0 0 -1 0 0 -1 0 0 -1 0 0 -1 0 0 -1 0 0 -1 0 0 -1 0 0 -1 0 0 -1 0 0 -1 0 0 -1 0 0 -1 0 0 -1 0 0 -1 0 0 -1 0 0 -1 0 0 -1 0 0 -1 0 0 -1 0 0 -1 0 0 -1 0 0 -1 0 0 -1 0 0 -1 0 0 -1 0 0 -1 0 0 -1 0 0 -1 0 0 -1 0 0 -1 0 0 -1 0 0 -1 0 0 -1 0 0 -1 0 0 -1 0 0 -1 0 0 -1 0 0 -1 0 0 -1 0 0 -1 0 0 -1 0 0 -1 0 0 -1 0 0 -1 0 0 -1 0 0 -1 0 0 -1 0 0 -1 0 0 -1 0 0 -1 0 0 -1 0 0 -1 0 0 -1 0 0 -1 0 0 -1 0 0 -1 0 0 -1 0 0 -1 0 0 -1 0 0 -1 0 0 -1 0 0 -1 0 0 -1 0 0 -1 0 0 -1 0 0 -1 0 0 -1 0 0 -1 0 0 -1 0 0 -1 0 0 -1 0 0 -1 0 0 -1 0 0 -1 0 0 -1 0 0 -1 0 0 -1 0 0 -1 0 1 0 0 1 0 0 1 0 0 1 0 0 1 0 0 1 0 0 0.961604 0.117362 -0.248079 0.996433 0.0119442 -0.0835399 1 0 0 1 0 0 1 0 0 1 0 0 1 0 0 1 0 0 1 0 0 1 0 0 1 0 0 1 0 0 1 0 0 1 0 0 1 0 0 1 0 0 1 0 0 1 0 0 1 0 0 1 0 0 1 0 0 1 0 0 1 0 0 1 0 0 1 0 0 1 0 0 1 0 0 1 0 0 0.966654 0.10965 0.231422 1 0 0 1 0 0 0.960158 0.131838 0.246403 1 0 0 1 0 0 0.987168 0.0667335 0.145071 1 0 0 1 0 0 1 0 0 1 0 0 1 0 0 1 0 0 1 0 0 1 0 0 1 0 0 1 0 0 1 0 0 1 0 0 1 0 0 1 0 0 1 0 0 1 0 0 1 0 0 1 0 0 1 0 0 1 0 0 1 0 0 1 0 0 1 0 0 1 0 0 1 0 0 1 0 0 1 0 0 1 0 0 1 0 0 1 0 0 1 0 0 1 0 0 1 0 0 1 0 0 1 0 0 1 0 0 1 0 0 1 0 0 1 0 0 1 0 0 1 0 0 1 0 0 1 0 0 1 0 0 1 0 0 1 0 0 1 0 0 1 0 0 1 0 0 1 0 0 1 0 0 1 0 0 1 0 0 1 0 0 1 0 0 1 0 0 1 0 0 1 0 0 1 0 0 1 0 0 1 0 0 1 0 0 1 0 0 1 0 0 1 0 0 1 0 0 1 0 0 1 0 0 1 0 0 1 0 0 1 0 0 1 0 0 1 0 0 1 0 0 1 0 0 1 0 0 1 0 0 1 0 0 1 0 0 1 0 0 1 0 0 1 0 0 1 0 0 1 0 0 1 0 0 1 0 0 1 0 0 1 0 0 1 0 0 1 0 0 1 0 0 1 0 0 1 0 0 1 0 0 1 0 0 1 0 0 1 0 0 1 0 0 1 0 0 1 0 0 1 0 0 1 0 0 1 0 0 1 0 0 1 0 0 1 0 0 1 0 0 1 0 0 1 0 0 1 0 0 1 0 0 1 0 0 1 0 0 1 0 0 1 0 0 1 0 0 1 0 0 1 0 0 1 0 0 1 0 0 1 0 0 1 0 0 1 0 0 1 0 0 1 0 0 1 0 0 1 0 0 1 0 0 1 0 0 1 0 0 1 0 0 1 0 0 1 0 0 1 0 0 1 0 0 1 0 0 1 0 0 1 0 0 1 0 0 1 0 0 1 0 0 1 0 0 1 0 0 1 0 0 1 0 0 1 0 0 1 0 0 1 0 0 1 0 0 1 0 0 1 0 0 1 0 0 1 0 0 1 0 0 1 0 0 1 0 0 1 0 0 1 0 0 1 0 0 1 0 0 1 0 0 1 0 0 1 0 0 1 0 0 1 0 0 1 0 0 1 0 0 1 0 0 1 0 0 1 0 0 1 0 0 1 0 0 1 0 0 1 0 0 1 0 0 1 0 0 1 0 0 1 0 0 1 0 0 1 0 0 1 0 0 1 0 0 1 0 0 1 0 0 1 0 0 1 0 0 1 0 0 1 0 0 1 0 0 1 0 0 1 0 0 1 0 0 1 0 0 1 0 0 1 0 0 1 0 0 1 0 0 1 0 0 1 0 0 1 0 0 1 0 0 1 0 0 1 0 0 1 0 0 1 0 0 1 0 0 1 0 0 1 0 0 1 0 0 1 0 0 1 0 0 1 0 0 1 0 0 1 0 0 1 0 0 1 0 0 1 0 0 1 0 0 1 0 0 1 0 0 1 0 0 1 0 0 1 0 0 1 0 0 1 0 0 1 0 0 1 0 0 1 0 0 1 0 0 1 0 0 1 0 0 1 0 0 1 0 0 1 0 0 1 0 0 1 0 0 1 0 0 1 0 0 1 0 0 1 0 0 1 0 0 1 0 0 1 0 0 1 0 0 1 0 0 1 0 0 1 0 0 1 0 0 1 0 0 1 0 0 1 0 0 1 0 0 1 0 0 1 0 0 1 0 0 1 0 0 1 0 0 1 0 0 1 0 0 1 0 0 1 0 0 1 0 0 1 0 0 1 0 0 1 0 0 1 0 0 1 0 0 1 0 0 1 0 0 1 0 0 0.000170192 -1 -0.000482747 0 -1 0 0 -1 0 0 -1 0 0 -1 0 0.339206 0.923985 -0.176608 0.441119 -0.865735 -0.236466 0 -1 0 8.39904e-05 -1 5.56191e-05 0 -1 0 0 -1 0 -0.0215218 -0.993423 -0.112466 0.093728 -0.993169 -0.069503 0.0949557 -0.968903 -0.228494 0 -1 0 0.171719 -0.961833 0.213049 0.389153 -0.916311 0.0945165 0.163666 -0.904493 0.393834 0 -1 0 -0.00210306 -0.999818 -0.0189633 0 -1 0 0 -1 0 0.372099 -0.926767 0.0514425 -0.000537894 -0.999988 -0.00485017 -0.00150675 -0.393104 -0.919493 0.0105943 -0.426652 -0.904354 0.00200151 -0.479056 -0.877782 -0.00190654 -0.441594 -0.897213 0.00254124 -0.519624 -0.854392 -0.00269305 -0.484788 -0.874628 0.00294833 -0.559135 -0.829071 -0.00343378 -0.527107 -0.849792 0.00354876 -0.597028 -0.802212 -0.00380196 -0.567807 -0.823153 0.0038497 -0.634195 -0.773164 -0.00439103 -0.607491 -0.794314 0.00435244 -0.669345 -0.742939 -0.00448891 -0.645465 -0.763777 0.00455969 -0.703275 -0.710903 -0.00476814 -0.682 -0.731336 0.00468337 -0.735867 -0.67711 -0.00504333 -0.716962 -0.697095 0.0046985 -0.766583 -0.642128 -0.00511478 -0.750221 -0.661167 0.00484839 -0.795825 -0.605507 -0.00515387 -0.781457 -0.623938 -0.00505388 -0.81124 -0.584691 0.00456669 -0.823154 -0.5678 -0.00505003 -0.838671 -0.544615 0.00441303 -0.848776 -0.528734 -0.00584677 -0.865941 -0.500111 0.00895179 -0.873054 -0.487542 0.00223752 -0.879593 -0.475721 0 -0.86432 -0.502943 0.0110631 -0.873997 0.485806 0.00444405 -0.848809 0.528681 0 -0.86432 0.502943 -0.0057897 -0.865926 0.500139 0.00456683 -0.823153 0.567801 -0.00505004 -0.838671 0.544615 0.00483755 -0.795782 0.605563 -0.00507372 -0.811215 0.584727 0.00466689 -0.766632 0.64207 -0.00514408 -0.781443 0.623956 0.00468258 -0.735867 0.67711 -0.00514902 -0.75027 0.661112 0.00455886 -0.703275 0.710903 -0.00504416 -0.716962 0.697095 0.00435157 -0.669345 0.742939 -0.00476898 -0.682 0.731336 0.00385034 -0.634194 0.773165 -0.00448952 -0.645465 0.763776 0.0035497 -0.597028 0.802212 -0.00439009 -0.607491 0.794314 0.00368513 -0.558184 0.829709 -0.00380122 -0.567806 0.823154 0.00276227 -0.520543 0.853831 -0.00236311 -0.527109 0.849794 -0.00260986 -0.484788 0.874628 0.00573731 -0.474575 0.880197 0.00245121 -0.441593 0.897212 0.00407659 -0.439569 0.898199 0.00183578 -0.401976 0.915648 0.00447797 -0.352573 0.935774 -0.00386691 -0.396994 0.917813 0.0238784 -0.967016 0.253595 0.126684 -0.869814 0.476838 -0.0188922 -0.945278 -0.325719 0.0172696 -0.9867 -0.161635 0.247314 -0.86978 -0.426987 0.00203099 0.180188 -0.98363 -0.000280194 0.224586 -0.974454 -0.00228467 0.539607 -0.841914 0.00380505 0.699886 -0.714245 -0.00263571 0.779031 -0.62698 0.00234509 0.880177 -0.47464 -0.00521369 0.971274 -0.237906 -8.57237e-05 0.988175 0.153333 -0.00329986 0.897085 0.441846 -0.0116334 0.843986 0.536239 -0.000928064 0.725472 0.688251 -0.00267743 0.419424 0.907787 -0.00334949 0.410642 0.91179 -0.00354811 -0.0629174 0.998012 -0.0031151 -0.433424 0.901185 0.000664719 -0.657115 0.75379 -0.0049654 -0.74996 0.661464 0.001761 -0.951173 0.308652 -0.000980701 -0.933871 0.357608 -0.00116445 -0.999275 0.0380429 0.0022803 -0.999635 -0.0269079 -0.00186233 -0.958956 -0.283548 0.00698255 -0.911524 -0.411188 -0.005161 -0.768153 -0.640245 0.00412908 -0.660641 -0.750691 -0.000738356 -0.398254 -0.917275 -0.00465582 -0.464924 -0.885338 0.000409694 -0.0919826 -0.995761 -0.00036956 -0.0798242 -0.996809 -0.00431618 0.29294 -0.956121 0.0037505 0.476649 -0.879086 -0.00323192 0.656587 -0.754244 0.00556844 0.782337 -0.62283 -0.00606773 0.895406 -0.445209 0.00396514 0.965333 -0.260991 -0.00536928 0.999849 -0.0165463 0 0.941987 0.335651 0.0020732 0.929141 0.369719 -0.000868126 0.754182 0.656665 0 0.747592 0.664158 -0.00327665 0.460449 0.88768 -0.00354826 0.140735 0.990041 -0.00316112 -0.155581 0.987818 -0.010868 -0.251517 0.967792 -0.00350227 -0.707103 0.707102 -0.000120592 -0.864491 0.502648 0 -0.964424 0.264359 -0.00553777 -0.92178 0.387674 0 -0.999392 0.0348607 -0.00245289 -0.997376 0.0723535 0.000535343 -0.985684 -0.168602 -0.00334431 -0.959796 -0.280679 0.00027598 -0.823143 -0.567834 0.00309924 -0.788706 -0.614763 -0.0039203 -0.532664 -0.846317 0.00112234 -0.478072 -0.87832 -0.00288623 -0.144496 -0.989501 0.000502325 -0.109427 -0.993995 -1 0 0 -1 0 0 -1 0 0 -1 0 0 -1 0 0 -1 0 0 -1 0 0 -1 0 0 -1 0 0 -1 0 0 -1 0 0 -1 0 0 -1 0 0 -1 0 0 -1 0 0 -1 0 0 -1 0 0 -1 0 0 -1 0 0 -1 0 0 -1 0 0 -1 0 0 -1 0 0 -1 0 0 -1 0 0 -1 0 0 -1 0 0 -1 0 0 -1 0 0 -1 0 0 -1 0 0 -1 0 0 -1 0 0 -1 0 0 -1 0 0 -1 0 0 -1 0 0 -1 0 0 -1 0 0 -0.995185 -0.0270825 0.094199 -1 0 0 -1 0 0 -1 0 0 -1 0 0 -1 0 0 -1 0 0 -1 0 0 -1 0 0 -1 0 0 -1 0 0 -1 0 0 -1 0 0 -1 0 0 -1 0 0 -1 0 0 -1 0 0 -1 0 0 -1 0 0 -1 0 0 -1 0 0 -1 0 0 -1 0 0 -1 0 0 -1 0 0 -1 0 0 -1 0 0 -1 0 0 -1 0 0 -1 0 0 -1 0 0 -1 0 0 -1 0 0 -1 0 0 -1 0 0 -1 0 0 -1 0 0 -1 0 0 -1 0 0 -1 0 0 -1 0 0 -1 0 0 -1 0 0 -1 0 0 -1 0 0 -1 0 0 -1 0 0 -1 0 0 -1 0 0 -1 0 0 -0.958361 0.0907361 0.270762 -0.812253 0.154437 -0.56249 -0.786107 0.198895 -0.585214 -0.78656 0.120458 -0.60565 -0.782137 0.136075 -0.608067 -0.793783 0.267979 -0.545981 -0.792094 0.376378 -0.480547 -0.794763 0.162828 -0.58467 -0.793589 0.165535 -0.585503 -0.793887 0.19335 -0.576506 -0.796504 0.229701 -0.559303 -0.791008 0.203389 -0.577009 -0.795429 0.264478 -0.545292 -0.792358 0.307543 -0.526865 -0.791773 0.255483 -0.554819 -0.794612 0.209827 -0.569706 -0.80841 0.194641 -0.555508 -0.792863 0.200272 -0.575552 -0.794031 0.202083 -0.573304 -0.79591 0.337009 -0.502943 -0.793482 0.30453 -0.526923 -0.794032 0.254223 -0.552163 -0.794048 0.254245 -0.55213 -0.793514 0.254505 -0.552777 -0.794048 0.304161 -0.526284 -0.796506 0.374204 -0.474921 -0.791019 0.353871 -0.499063 -0.796056 0.390934 -0.462023 -0.745627 0.119979 -0.655473 -0.79313 0.352287 -0.496829 -0.814938 0.3341 -0.473554 -0.797564 0.348569 -0.492332 -0.793986 0.352931 -0.495002 -0.794021 0.304227 -0.526286 -0.794046 0.30421 -0.526258 -0.804494 0.25298 -0.537392 -0.792968 0.266909 -0.547687 -0.795422 0.297357 -0.528093 -0.794031 0.253596 -0.552453 -0.795447 0.403818 -0.451879 -0.793157 0.432915 -0.428354 -0.791418 0.419186 -0.444906 -0.791786 0.397788 -0.463509 -0.797803 0.392655 -0.457529 -0.79943 0.35145 -0.487231 -0.797784 0.301691 -0.522038 -0.794082 0.304126 -0.526251 -0.79305 0.349795 -0.498713 -0.73299 0.381911 -0.562912 -0.794171 0.34792 -0.498241 -0.795762 0.345993 -0.497043 -0.793404 0.323557 -0.515579 -0.797293 0.433838 -0.419653 -0.801977 0.473075 -0.364736 -0.803806 0.472806 -0.36104 -0.794616 0.465502 -0.389735 -0.793692 0.442513 -0.417415 -0.79102 0.439731 -0.425352 -0.906929 0.362705 0.214299 -0.775011 0.291952 0.560466 -0.792078 0.196525 0.577919 -0.791089 0.457062 0.406538 -0.797816 0.47365 0.373022 -0.801977 0.473075 0.364737 -0.793706 0.41008 0.449294 -0.794898 0.428401 0.429663 -0.793157 0.432915 0.428354 -0.795447 0.403818 0.451879 -0.798971 0.43224 0.418107 -0.79102 0.439731 0.425352 -0.817539 0.383569 0.429541 -0.796738 0.366637 0.480402 -0.792465 0.398895 0.461391 -0.797992 0.389767 0.459663 -0.796771 0.320709 0.512154 -0.792503 0.353341 0.49708 -0.792595 0.305142 0.527904 -0.796765 0.27197 0.539628 -0.796703 0.349961 0.492739 -0.796522 0.229671 0.559288 -0.792184 0.253435 0.555171 -0.793404 0.323556 0.51558 -0.79612 0.35006 0.493611 -0.794144 0.348378 0.497965 -0.793629 0.349525 0.497981 -0.793541 0.349626 0.498051 -0.790425 0.200683 0.578752 -0.802064 0.197015 0.563807 -0.79318 0.217207 0.568935 -0.793579 0.200056 0.57464 -0.794012 0.254229 0.552189 -0.795903 0.251417 0.550753 -0.793979 0.200825 0.573818 -0.794099 0.305488 0.525437 -0.79447 0.303918 0.525786 -0.801062 0.263352 0.537536 -0.793659 0.258803 0.550569 -0.798242 0.299259 0.522736 -0.941898 0.139145 -0.305724 0.659909 0.728407 -0.184234 0.708836 0.64317 -0.289628 0.714854 0.635107 -0.292614 0.720749 0.627872 -0.293765 0.723705 0.624339 -0.294029 0.687891 0.650213 -0.322537 0.723408 0.609472 -0.324384 0.689249 0.632924 -0.352622 0.741518 0.570851 -0.352535 0.732103 0.578411 -0.359814 0.718133 0.5726 -0.395492 0.749205 0.539989 -0.38354 0.688673 0.57618 -0.440167 0.73952 0.515488 -0.432877 0.733554 0.519579 -0.438106 0.716641 0.511198 -0.474449 0.750269 0.477976 -0.456767 0.689752 0.506323 -0.51757 0.738368 0.448443 -0.503697 0.735301 0.45015 -0.506653 0.715173 0.438661 -0.544154 0.75059 0.406548 -0.520896 0.690615 0.426342 -0.584195 0.737122 0.371709 -0.564344 0.737406 0.37159 -0.564051 0.714348 0.35661 -0.60211 0.7516 0.32642 -0.573191 0.692027 0.337518 -0.638107 0.740939 0.280913 -0.609998 0 1 0 0 1 0 0 1 0 0 1 0 0 1 0 0 1 0 0 0.913051 -0.407844 -6.07159e-05 0.916348 -0.400384 -7.74964e-05 0.939922 -0.341389 6.03012e-05 0.935635 -0.352969 -5.83369e-05 0.959955 -0.280155 0.00010604 0.956391 -0.29209 -6.06463e-05 0.979672 -0.200608 4.91311e-05 0.977575 -0.210589 -0.000281595 0.992796 -0.119819 0.000122427 0.987977 -0.154601 2.14624e-05 0.996593 -0.0824793 -0.000110671 0.999147 -0.0412931 0 0.999498 -0.0316754 0.00211583 0.999673 0.0254792 0 1 0 0 1 0 0.0049328 0.999135 -0.041287 0.00151465 0.999814 -0.0192144 0 1 0 0 1 0 -0.0523218 0 -0.99863 -0.0526404 -0.000502918 -0.998613 -0.0522369 -0.000548152 -0.998635 -0.0523383 -1.03137e-05 -0.998629 -0.052359 5.06393e-05 -0.998628 -0.0523396 -4.7339e-05 -0.998629 -0.0523519 -0.000300869 -0.998629 0 0 -1 0 0 -1 0 0 -1 0 0 -1 0 0 -1 0 0 -1 0 0 -1 0 0 -1 -0.761562 0.000941194 -0.648091 -0.751971 -0.00205125 -0.659193 -0.745795 -0.00275167 -0.66617 -0.748462 -0.00439288 -0.663163 -0.73022 -0.00831106 -0.683162 -0.704979 0.00226131 -0.709225 -0.680541 -0.00652348 -0.732681 -0.678403 -0.00928718 -0.734631 -0.7289 -0.00644601 -0.68459 -0.719892 0.00832328 -0.694036 -0.690011 0.0082099 -0.723753 -0.658488 -0.00407839 -0.75258 -0.658936 -0.00375901 -0.75219 -0.649948 0 -0.759979 -0.991544 -0.00355492 0.12972 -0.98522 -0.000731368 0.171293 -0.987501 -0.00343661 0.157577 -0.986899 -0.00518514 0.161255 -0.990835 -0.0125585 0.134491 -0.996236 0.00308624 0.0866231 -0.993268 0.0101572 0.115392 -0.99164 -0.00650239 0.128874 -0.997585 -0.00367547 0.0693586 -0.999054 0.00327533 0.0433537 -0.999725 -0.00378558 0.0231487 -0.999994 0.00334578 0 -0.999725 -0.0037861 -0.0231487 -0.999054 0.00327491 -0.0433552 -0.991612 -0.00700522 -0.129061 -0.997585 -0.00367546 -0.0693586 -0.996236 0.00308625 -0.0866231 -0.991596 -0.00657771 -0.129205 -0.987082 -0.00414996 -0.16016 -0.993276 0.00939965 -0.115393 -0.986902 -0.00476237 -0.161249 -0.984187 0.000947595 -0.177129 1 0 0 1 0 0 1 0 0 1 0 0 1 0 0 0.70899 -0.303482 -0.636578 0.862254 -0.0280633 -0.505699 0.793833 -0.36484 -0.48654 -0.00269044 0.999975 0.00654066 0 1 0 0 1 0 0 1 0 0 1 0 0 1 0 -0.00210517 0.999997 -0.000901733 0 1 0 0 1 0 -2.88166e-05 1 -6.06794e-05 0 1 0 0 1 0 0 1 0 0 1 0 0 1 0 0 1 0 -0.00100623 0.999999 -0.000766654 0 0.499923 -0.86607 -0.0566484 0.52153 -0.851351 1.23479e-05 0.499959 -0.866049 -7.29894e-05 0.498983 -0.866612 0.772784 0.0599292 -0.631833 -0.0524678 0.00063666 0.998622 -0.0523464 2.99395e-05 0.998629 -0.0523436 -0.00025686 0.998629 -0.0523439 -0.000250615 0.998629 -0.05226 7.57881e-05 0.998634 -0.0523421 -5.63837e-05 0.998629 -0.652737 -0.000905371 0.757584 -0.661773 -0.00282756 0.749699 -0.658934 -0.00442205 0.752188 -0.728442 -0.00705592 0.685071 -0.677715 -0.0100375 0.735256 -0.704867 0.00227678 0.709336 -0.728647 -0.00632382 0.68486 -0.734097 -0.0147677 0.678884 -0.680229 -0.00668257 0.732969 -0.690007 0.0088757 0.723749 -0.719894 0.00791954 0.694038 -0.745788 -0.0027382 0.666178 -0.748482 -0.00445261 0.66314 -0.754248 -0.000691069 0.656589 0 0 -1 0 0 -1 0 0 -1 0 0 -1 0 0 -1 0 0 -1 0.00104387 0.00135248 -0.999999 -0.011466 0.527168 0.849684 -1.96624e-05 0.500018 0.866015 -1.41866e-05 0.500002 0.866024 7.05487e-06 0.500043 0.866 0 0.500066 0.865987 0 0 1 -0.000482402 -0.000120507 1 -0.794965 0.56755 -0.214287 -0.794965 0.56755 0.214287 -0.798843 0.575217 -0.176 -0.792972 0.586521 -0.164889 -0.796214 0.573451 -0.192866 -0.793234 0.578654 -0.189577 -0.794013 0.59151 -0.14021 -0.794021 0.600841 -0.0923108 -0.792084 0.603487 -0.0916852 -0.795527 0.5907 -0.134949 -0.79055 0.594764 -0.145898 -0.80106 0.581348 -0.142607 -0.795836 0.603934 -0.043691 -0.792928 0.602477 -0.0910285 -0.798832 0.601536 0.00481847 -0.794229 0.607431 0.0151114 -0.794219 0.607423 -0.0159003 -0.809791 0.58529 -0.0409179 -0.789535 0.612791 -0.0334904 -0.797259 0.601286 0.0532181 -0.804065 0.593557 0.0342158 -0.788183 0.614833 0.0273459 -0.794627 0.600057 0.09219 -0.791483 0.594709 0.140982 -0.792202 0.604024 0.0870157 -0.79885 0.575212 0.175982 -0.796196 0.573483 0.192847 -0.792959 0.586536 0.164898 -0.790004 0.595951 0.144003 -0.793234 0.578654 0.189577 -0.804339 0.579062 0.133136 -0.000678124 -0.000224723 1 -0.000357867 1 0.000404548 -0.000515636 1 0.000219292 0.00373381 0.999853 -0.0167646 0.00142581 0.999887 -0.0149805 -0.00168066 0.999999 -3.03449e-05 -0.00755092 -0.999971 -0.00119235 -0.0157184 0.998996 -0.0419398 -0.012689 0.999562 -0.0267481 -0.0179963 0.999751 -0.0131944 0.00339194 -0.999779 -0.0207573 0.0176673 0.999641 -0.0201453 0.0362602 0.999341 -0.00175843 0.000454759 0.00978373 -0.999952 -0.000407388 0.0200661 -0.999799 0.000981642 0.0399305 -0.999202 -0.00170929 0.0521153 -0.99864 0.00322958 0.0746693 -0.997203 -0.00276062 0.100589 -0.994924 0.00304929 0.126242 -0.991995 -0.00151055 0.148545 -0.988905 0.00277836 0.167341 -0.985895 -0.00234207 0.196153 -0.980571 0.000415445 0.208345 -0.978055 -0.000613238 0.239526 -0.97089 -0.00169609 0.243628 -0.969867 0.000803733 0.269289 -0.963059 -0.00186798 0.290106 -0.956993 6.44394e-05 0.299149 -0.954206 -0.000139635 0.328869 -0.944376 -0.00151092 0.335697 -0.941969 0.000905621 0.35961 -0.933102 -0.00144022 0.38129 -0.924455 0.000683164 0.3934 -0.919367 -0.000842047 0.425708 -0.90486 -0.000144983 0.428915 -0.903345 8.20084e-05 0.46756 -0.883961 -0.000190986 0.468698 -0.883358 0.000142506 0.509595 -0.860414 -0.00013735 0.510741 -0.859735 0.000277729 0.550137 -0.835074 -0.000213388 0.552105 -0.833774 -0.000288387 0.591723 -0.806141 0.000279237 0.589503 -0.807766 -0.000288609 0.629793 -0.776763 0.000287136 0.627603 -0.778534 -0.000385704 0.666971 -0.745084 0.000360307 0.699997 -0.714146 0.00036838 0.664192 -0.747562 -0.00246868 0.725632 -0.688078 0.000150065 0.699297 -0.714831 -0.0596347 0.806988 -0.587549 -0.00104335 0.753067 -0.657943 0.000829486 0.732961 -0.68027 -0.000981232 0.773119 -0.63426 0.0032621 0.764497 -0.644619 0.000361281 0.78855 -0.614971 -0.00313872 0.807321 -0.590105 0.00388016 0.794646 -0.607061 -0.00698809 0.834509 -0.55095 0.00223685 0.822811 -0.568311 -0.00418052 0.861723 -0.507361 0.000967934 0.849112 -0.528211 -0.00170849 0.883986 -0.46751 0.00137983 0.873571 -0.486695 0.00140088 0.895838 -0.444379 0 0.903871 -0.427806 0.000302784 0.899214 -0.437509 8.56401e-05 0.900364 0.435138 0.000243749 0.899002 0.437945 -0.00149842 0.88232 0.470648 0.00152355 0.895837 0.444379 0.000634677 0.873572 0.486695 -0.00659429 0.859012 0.511912 0.000948005 0.849113 0.528211 -0.00419417 0.830354 0.557221 0.00206975 0.822811 0.568311 -0.00382314 0.803512 0.595276 0.00289004 0.794605 0.607121 -0.00326878 0.778186 0.628026 0.00230446 0.764548 0.644563 -0.00311326 0.752421 0.658675 -0.00178814 0.712367 0.701805 0.00251641 0.732959 0.680268 0.00113894 0.699296 0.714831 0.000168268 0.691619 0.722262 -0.000385467 0.666971 0.745084 -0.000289496 0.629746 0.776801 0.000368391 0.664193 0.747561 -0.000301445 0.591773 0.806105 0.000273763 0.627603 0.778534 -0.0002147 0.552025 0.833828 0.000278978 0.589503 0.807766 -0.000158607 0.510827 0.859684 0.000256213 0.550137 0.835074 -0.000191469 0.468638 0.88339 0.000142498 0.509594 0.860415 6.68305e-05 0.467561 0.883961 -0.00136636 0.425771 0.90483 -0.000133307 0.433583 0.901114 0.000479613 0.407414 0.913243 -0.000936214 0.380651 0.924718 -0.000780086 0.381291 0.924455 0.000602188 0.351471 0.936199 -0.00175123 0.335696 0.941969 0.000424957 0.321893 0.946776 -0.000833836 0.292204 0.956356 -0.00139865 0.290108 0.956993 0.000791509 0.261993 0.965069 -0.00204508 0.243626 0.969867 0.000420573 0.232017 0.972712 -0.000339042 0.201977 0.97939 -0.00203367 0.196153 0.980571 0.00224888 0.159925 0.987127 -0.00112722 0.148546 0.988905 0.00298836 0.119262 0.992858 -0.00257621 0.100588 0.994925 0.00286632 0.0672304 0.997733 -0.00223964 0.0497339 0.99876 0.0024025 0.0259584 0.99966 0 0.0126512 0.99992 0.6428 9.84148e-07 0.766034 0.642812 4.54056e-06 0.766024 0.642707 -6.0253e-06 0.766112 0 0 1 0 0 1 0 0 1 0 0 1 0 0 1 0 0 1 0.642784 -1.22954e-05 -0.766047 0.642795 3.79905e-06 -0.766038 0.634817 0.000948923 -0.772662 0.642811 6.63722e-06 -0.766025 0.642685 0 -0.76613 0.749742 0.309399 0.584943 0.78658 0.295127 0.542396 0.714351 0.356608 0.602108 0.737409 0.371588 0.564048 0.737125 0.371707 0.564342 0.690619 0.426339 0.584192 0.750692 0.406509 0.52078 0.71544 0.43849 0.543941 0.735536 0.449981 0.506462 0.73842 0.448376 0.503681 0.689749 0.506325 0.517573 0.750266 0.477978 0.456769 0.716638 0.5112 0.474451 0.733576 0.519593 0.438051 0.73947 0.515552 0.432886 0.688762 0.576081 0.440157 0.749306 0.539879 0.383499 0.718133 0.5726 0.395492 0.732103 0.578411 0.359814 0.741518 0.570851 0.352535 0.689249 0.632924 0.352622 0.723408 0.609472 0.324384 0.687891 0.650212 0.322537 0.708813 0.643012 0.290034 0.711455 0.639406 0.291534 0.719486 0.629372 0.293651 0.723705 0.624339 0.294029 0.650419 0.729413 0.211924 -0.707003 0.00608296 -0.707185 -0.930657 0.00159611 0.365888 -0.886806 -0.00146238 0.46214 -0.849748 0.000772924 0.527189 -0.814809 -0.00143873 0.579728 -0.772612 0.00130745 0.634878 -0.369408 0.00840342 0.929229 -0.00578486 -0.999978 0.00335928 -0.0016685 -0.999999 0.000362008 0.191409 0.941941 -0.275879 -0.0994843 0.946475 -0.307063 -0.738512 0.13707 -0.660161 -0.00518006 0.999985 -0.00167286 -0.00307389 0.99999 -0.00320796 0.0036145 0.999918 0.0123244 0.00053946 0.999998 0.00183941 -0.00293403 0.999962 -0.00821731 0.00026908 0.999999 0.00168169 -0.000575542 0.999999 0.00139396 -0.00547038 -0.999969 0.00568725 -0.000961461 -0.999999 0.000772393 -0.070191 0.00187701 0.997532 0.000128062 -0.000352874 1 0 0 1 -0.000136915 -7.30966e-05 1 -0.212713 0.0165048 -0.976975 -1 0 0 -1 0 0 -1 0 0 -1 0 0 0.147501 0.43252 0.889477 0 0.499923 0.86607 4.31827e-06 0.499935 0.866063 0 0 1 0 0 1 0 0 1 -0.123647 0.988155 0.0908896 -0.000351377 0.000147583 -1 -1.25758e-05 0.500004 -0.866023 -1.81021e-06 0.500018 -0.866015 0 0.50005 -0.865997 -0.871095 0.484705 -0.079089 -0.805636 0.588887 0.0645229 -0.469384 0.882871 -0.0147627 -0.464755 0.885394 -0.00891742 -0.374777 0.92687 -0.0213031 -0.330218 0.943893 -0.00468329 -0.295884 0.955224 0 -0.295884 0.955224 -1.4602e-06 -0.298394 0.954443 9.64255e-05 -0.295893 0.955221 -9.76565e-06 -0.418399 0.905403 0.0720306 -0.83786 0.538037 -0.0922361 -0.874502 0.481665 0.0569595 -0.295884 0.955224 0 -0.295884 0.955224 1.57746e-06 -0.693596 0.13667 -0.70728 -0.645493 0.341297 -0.683268 -0.599317 0.379583 -0.704795 -0.60154 0.416062 -0.68194 -0.543507 0.460207 -0.702004 -0.276647 0.819017 -0.50267 -0.230797 0.826957 -0.512714 -0.162622 0.849203 -0.502403 -0.171952 0.846357 -0.504096 -0.172105 0.846484 -0.50383 -0.185309 0.842376 0.506026 -0.211694 0.828906 0.517784 -0.172142 0.846543 0.503718 -0.172095 0.846503 0.503801 4.94708e-05 1 -4.84574e-05 0 1 0 0 1 0 0 1 0 -0.0755561 0.997008 0.0163018 -0.0205118 0.999752 -0.00869525 -0.519845 0.0177797 0.854076 -1 0 0 -1 0 0 -1 0 0 -0.514606 0 0.857427 -0.514548 1.49115e-06 0.857462 -0.514639 -3.13707e-06 0.857407 -1 0 0 -1 -9.88476e-09 -6.02811e-05 -1 7.38376e-06 4.58631e-05 -0.514535 1.93545e-06 -0.85747 -0.514588 -3.26415e-06 -0.857438 0.706134 -0.30562 -0.638727 0.708071 -0.50089 -0.49774 0.70574 -0.478034 -0.52289 0.707988 -0.52463 -0.472775 0.705977 -0.504782 -0.496781 0.708031 -0.546938 -0.446711 0.706102 -0.52808 -0.471753 0.707895 -0.568162 -0.419614 0.706058 -0.550482 -0.445479 0.707874 -0.58793 -0.391474 0.706113 -0.571297 -0.418359 0.707855 -0.606221 -0.362544 0.706188 -0.590829 -0.390155 0.70776 -0.623353 -0.332425 0.706162 -0.609056 -0.36109 0.70633 -0.62568 -0.331092 0.709859 -0.636828 -0.300916 0.707762 -0.637985 -0.303396 0.704316 -0.65387 -0.276394 1 0 0 1 0 0 1 0 0 1 0 0 0.697706 -0.662009 0.273772 0.705453 -0.650657 0.281039 0.709906 -0.636785 0.300896 0.707736 -0.637981 0.303464 0.707758 -0.623336 0.33246 0.706304 -0.625703 0.331105 0.707883 -0.606196 0.36253 0.706165 -0.609075 0.361054 0.707866 -0.587963 0.391441 0.706217 -0.590796 0.390151 0.707893 -0.568135 0.419655 0.7061 -0.571289 0.418392 0.708034 -0.546969 0.446669 0.706062 -0.550511 0.445438 0.707988 -0.52463 0.472775 0.706102 -0.528081 0.471752 0.708067 -0.500851 0.497784 0.705973 -0.504745 0.496824 0.708164 -0.475984 0.521481 0.705982 -0.480099 0.520667 0.708112 -0.450036 0.544099 0.705979 -0.454108 0.543489 0.708173 -0.423092 0.565229 0.705867 -0.427533 0.564772 0.705212 -0.396673 0.587645 0.705445 -0.396227 0.587666 0.708318 -0.365941 0.603633 0.70412 -0.374098 0.603545 0.708279 -0.336298 0.620681 0.70583 -0.341086 0.620857 0.705417 -0.308188 0.638285 0.829561 -0.259921 0.494237 0.827643 -0.0503857 0.558989 0.635572 -0.480553 0.604249 0.60332 -0.50711 0.615504 0.864389 -0.0348003 0.501618 -0.00186831 0.999362 0.0356547 -0.00954793 0.983602 0.1801 -0.00516453 0.995 0.0997454 -0.0101822 0.980935 0.194067 -0.0148973 0.959309 0.281967 -0.013949 0.963927 0.265803 -0.0204886 0.921081 0.388831 -0.017384 0.943049 0.332199 -0.02114 0.914873 0.403189 -0.0246452 0.882595 0.469487 -0.0248118 0.880612 0.473189 -0.0292908 0.829655 0.557508 -0.0288174 0.834849 0.549724 -0.0330966 0.775815 0.630092 -0.0321224 0.788927 0.613647 -0.0363224 0.720792 0.692199 -0.0352938 0.737774 0.674124 -0.0385249 0.677688 0.73434 -0.0377482 0.692156 0.72076 -0.0413211 0.614645 0.787721 -0.0404983 0.631621 0.774219 -0.0434634 0.557183 0.829251 -0.0430898 0.565975 0.823296 -0.0459244 0.481997 0.874969 -0.0453248 0.499317 0.865233 -0.0478521 0.406744 0.912288 -0.0473475 0.423498 0.904659 -0.0497268 0.318218 0.946712 -0.0491285 0.342053 0.938396 -0.0511675 0.21487 0.975301 -0.050696 0.241627 0.969044 -0.0520606 0.114711 0.992034 -0.0517031 0.13981 0.988828 -0.0523033 0.0392038 0.997861 -0.0522721 0.0436383 0.997679 -0.00221441 0.999104 -0.0422662 -0.00242547 0.998945 -0.0458654 -0.00614928 0.993036 -0.117653 -0.00621057 0.992912 -0.118687 -0.0103583 0.980146 -0.198007 -0.0101562 0.980997 -0.193759 -0.0146733 0.959679 -0.280716 -0.0143041 0.96204 -0.272532 -0.0199008 0.923232 -0.383728 -0.0182823 0.937193 -0.348331 -0.0228193 0.900211 -0.434855 -0.0249946 0.877678 -0.478598 -0.0267927 0.860091 -0.509437 -0.028945 0.832921 -0.552635 -0.0303466 0.815677 -0.577712 -0.0320807 0.788506 -0.614189 -0.034075 0.759699 -0.649381 -0.035415 0.734877 -0.677275 -0.0370056 0.708651 -0.704588 -0.0384906 0.676624 -0.735322 -0.0405272 0.634689 -0.771704 -0.0412653 0.613741 -0.788428 -0.0434934 0.558015 -0.828691 -0.0436959 0.550387 -0.833766 -0.04606 0.47493 -0.878818 -0.04633 0.467264 -0.882903 -0.0479018 0.403166 -0.913872 -0.0479273 0.402307 -0.914249 -0.0493099 0.334472 -0.941115 -0.0504532 0.264853 -0.962968 -0.0497967 0.313048 -0.948431 -0.0512556 0.19477 -0.979509 -0.050921 0.237981 -0.969934 -0.0519953 0.10801 -0.992789 -0.0519213 0.138959 -0.988936 -0.052293 0.0421859 -0.99774 -0.0523302 0.0529446 -0.997225 -0.733865 0.0178857 -0.67906 -0.107056 0.988498 -0.106818 -0.128783 0.984233 -0.121244 -0.286279 0.919098 -0.270745 -0.322934 0.898836 -0.296325 -0.442663 0.792568 -0.419386 -0.495928 0.737795 -0.457946 -0.571968 0.616331 -0.541285 -0.636069 0.505568 -0.582939 -0.680109 0.347772 -0.645373 -0.731152 0.137809 -0.668151 -0.731103 0.127863 -0.670178 -0.107951 0.988245 -0.10825 -0.274552 0.919048 -0.282793 -0.274078 0.919313 -0.282393 -0.399952 0.819106 -0.411222 -0.42983 0.792546 -0.432571 -0.555393 0.616306 -0.558306 -0.555662 0.615656 -0.558755 -0.659493 0.356063 -0.662033 -0.662721 0.347756 -0.663224 -0.698933 0.130708 -0.703142 -0.698934 0.127897 -0.703657 0.0118326 0.999007 -0.0429463 -0.148986 0.956276 -0.251674 -0.428893 0.767488 -0.47646 -0.538037 0.615672 -0.575729 -0.640547 0.356103 -0.68036 -0.582258 0.495605 -0.644477 -0.245776 0.443786 -0.861771 -0.189301 0.322738 -0.927365 -0.670918 0.137558 -0.728661 -0.671622 0.158432 -0.723757 -0.675651 0.0147551 -0.737074 -0.547781 0.813364 0.195897 -0.701829 0.684337 0.197788 -0.725389 0.656846 0.205826 -0.680973 0.296678 0.669521 -0.291907 0.95577 0.0359715 -0.40243 0.913485 0.0599603 -0.540262 0.83913 0.0630669 -0.916031 0.384913 0.112823 -0.57447 0.815366 0.0718466 -0.982451 0.137289 0.126261 -0.743899 0.663499 0.0798883 -0.788602 0.607102 0.0976434 -0.982239 0.138717 0.126347 -0.915363 0.386649 0.112307 -0.995277 0.0439766 0.0865397 -0.989363 0.114593 0.0896105 -0.141275 0.989891 0.0125728 -0.214371 0.976595 0.0175471 -0.263836 0.964258 0.0244301 -0.472536 0.880589 0.0356725 -0.531096 0.845897 0.0489408 -0.7027 0.709291 0.0558432 -0.00314472 0.999995 -0.000368646 -0.744984 0.663511 0.0689355 -0.067674 0.997701 0.00362117 -0.872913 0.483316 0.0665505 -0.333084 0.942874 0.0066452 -0.930824 0.355124 0.0863357 -0.473059 0.880596 0.0276861 -0.970544 0.227349 0.0797344 -0.56714 0.823339 0.0215786 -0.702905 0.709309 0.0529663 -0.767345 0.640332 0.0340002 -0.87417 0.483316 0.0472607 -0.895707 0.442659 0.0419828 -0.9774 0.201785 0.0630303 -0.967592 0.248245 0.0462636 -0.0165341 0.999862 0.0015013 -0.987551 0.143684 0.0640189 -0.996892 -0.0658403 0.0432598 -0.564362 0.825215 0.0226974 -0.754559 0.655725 0.0258063 -0.191857 0.981423 0.000464371 -0.978614 0.203712 0.0285716 -0.332514 0.943078 0.00613392 -0.385096 0.922873 0.00268144 -0.984867 0.170955 0.0284852 -0.532251 0.846546 0.0083579 -0.602731 0.797944 -0.000772326 -0.787216 0.616646 0.00617477 -0.790576 0.612311 0.00807707 -0.8965 0.442638 0.0189425 -0.956461 0.291717 0.00916415 -0.999929 0.0118776 0 -0.81549 0.578524 -0.0169018 -0.860045 0.509553 -0.026033 -0.963625 0.267129 -0.00828356 -0.974572 0.223694 -0.0130906 -0.972691 0.231731 -0.0131291 -0.177552 0.984105 -0.00368446 -0.414886 0.909805 -0.0111947 -0.602185 0.797681 -0.0328491 -0.62818 0.777617 -0.0264875 -0.302036 0.953103 -0.0191927 -0.631682 0.774676 -0.029234 -0.998921 -0.0166572 -0.0433495 -0.789379 0.611395 -0.0554684 -0.868944 0.492795 -0.0457109 -0.950764 0.303481 -0.0628232 -0.973021 0.223704 -0.0564511 -0.968711 0.241828 -0.055843 -0.308491 0.950948 -0.0230443 -0.451102 0.891455 -0.042601 -0.546627 0.836096 -0.0462984 -0.221499 0.974855 -0.0244096 -0.693628 0.716117 -0.0778273 -0.787387 0.611354 -0.0791683 -0.994717 0.0552987 -0.086491 -0.843447 0.529219 -0.0923285 -0.948061 0.303456 -0.0953625 -0.95841 0.266906 -0.101054 -0.963152 0.249052 -0.101546 0.41915 -0.906936 0.042205 -0.344502 0.93684 -0.0604112 -0.231421 0.971623 -0.0489294 -0.447927 0.892593 -0.0513785 0.197766 -0.980227 0.00666615 -0.589154 0.80047 -0.110206 -0.864439 0.481467 -0.144692 -0.955556 0.266967 -0.125062 -0.990585 0.0297134 -0.133637 -0.986071 0.0757145 -0.148091 0.757757 -0.310861 -0.573733 -0.255456 0.885199 0.388799 -0.458109 0.634518 0.622514 -0.674271 0.0176043 0.738274 -0.357878 0.131929 0.924402 -0.123543 0.985216 0.118686 -0.215866 0.948685 0.231082 -0.323124 0.880164 0.34771 -0.463606 0.730816 0.500977 -0.583812 0.513271 0.629061 -0.586558 0.500941 0.636402 -0.647146 0.300781 0.700523 -0.678698 0.175308 0.713187 -0.670019 0.245263 0.700657 -0.0808816 0.993216 0.0835441 -0.201726 0.957378 0.206722 -0.173493 0.969383 0.17377 -0.339082 0.876725 0.34114 -0.364213 0.852975 0.373876 -0.4469 0.767532 0.459538 -0.477639 0.735004 0.481281 -0.575407 0.575822 0.580807 -0.596359 0.513318 0.617139 -0.657445 0.356804 0.663669 -0.682485 0.221577 0.696504 -0.703495 0.151691 0.694323 -0.704277 0.0409743 0.708742 0.0814557 0.9871 -0.137832 -0.0014425 0.995864 -0.0908461 -0.207956 0.959664 0.189207 -0.311842 0.906029 0.286122 -0.349116 0.876736 0.330834 -0.714815 0.695719 -0.0708094 -0.489117 0.743208 0.456516 -0.738578 0.669022 0.0831435 -0.494445 0.734999 0.464006 -0.594751 0.575838 0.560966 -0.836215 0.495455 0.235093 -0.6176 0.537768 0.573913 -0.679339 0.356817 0.641233 -0.866073 0.447632 0.222581 -0.718903 0.15496 0.677618 -0.700136 0.286922 0.653824 -0.709301 0.19863 0.676341 -0.850399 0.0698598 0.521479 -0.730613 0.00610139 0.682765 -0.0258759 -0.0122196 -0.999591 -0.0926163 0.00271143 0.995698 -0.197865 -0.000716966 0.980229 -0.250383 0.00232096 0.968144 -0.347765 -0.00261328 0.937578 -0.40082 0.000841124 0.916156 -0.523821 0 0.851829 -0.494927 -0.00297468 0.86893 -0.640476 0.00184757 0.767976 -0.610683 0 0.791875 -0.0382226 0 -0.999269 -0.0382226 0 -0.999269 -0.000387378 0.000240155 -1 -0.0145125 0 -0.999895 -0.000618761 -0.000262346 1 -0.0184796 4.13375e-05 0.999829 -0.610683 0 -0.791875 -0.593159 0.00106162 -0.805085 -0.48047 0.00228894 -0.877008 -0.52403 -0.000957131 -0.851699 -0.400934 -0.00128018 -0.916106 -0.320101 0.00360581 -0.947377 -0.250036 -0.00109877 -0.968236 -0.0933351 0.0052977 -0.995621 -0.125192 0.0140826 -0.992033 -0.974953 0.00144039 -0.222404 -0.965931 0.00355962 -0.258775 -0.947783 -0.000761818 -0.318914 -0.907738 0.000895891 -0.419536 -0.88277 -0.00339349 -0.469793 -0.833169 0.00141981 -0.553017 -0.810355 -0.0008768 -0.585938 -0.782031 0.00373609 0.623229 -0.787599 0.00301548 0.61618 -0.861263 -0.00147851 0.508157 -0.882773 0.00221681 0.469794 -0.94783 0.000849964 0.318774 -0.929332 -0.00243882 0.369236 -0.981347 -0.00215362 0.192235 -0.970043 0.006644 0.242844 0.145738 9.97593e-05 0.989323 0.0147029 0.00067141 0.999892 0.0521461 -4.07117e-05 0.998639 -0.0606832 -3.69226e-05 -0.998157 -0.264872 4.37753e-06 -0.964284 -0.219084 -3.95381e-05 -0.975706 -0.315466 1.47507e-05 -0.948937 -0.284907 -6.63291e-05 -0.958555 -0.376711 6.28144e-05 -0.926331 -0.349504 -4.42895e-05 -0.936935 -0.434666 7.58938e-05 -0.900592 -0.405978 -1.42149e-05 -0.913883 -0.493565 4.45345e-05 -0.869709 -0.464311 -2.70767e-05 -0.885672 0.0513161 0 -0.998682 -0.0363116 9.59432e-07 0.999341 -0.0252924 -6.15133e-05 0.99968 -0.0833194 1.48347e-05 0.996523 -0.197514 -3.36539e-05 0.9803 -0.261708 -3.76648e-05 0.965147 -0.249159 3.0776e-05 0.968463 -0.320629 -3.67982e-05 0.947205 -0.315466 -1.59224e-05 0.948937 -0.38505 -5.53904e-06 0.922896 -0.376115 4.12091e-05 0.926573 -0.438803 9.18112e-06 0.898584 -0.43523 3.04356e-05 0.900319 -0.492779 0 0.870155 -0.492404 1.7478e-06 0.870367 -0.580694 1.08149e-05 -0.814122 -0.522128 -0.000144854 -0.852867 -0.697381 8.82324e-05 -0.716701 -0.663329 -8.42297e-06 -0.748328 -0.801962 3.48752e-05 -0.597375 -0.775839 -3.8813e-05 -0.630931 -0.885886 4.99177e-05 -0.463903 -0.856499 -2.87526e-05 -0.516148 -0.936044 5.15176e-05 -0.351882 -0.910315 -1.02717e-05 -0.413916 -0.946547 5.60563e-06 -0.322566 -0.979778 4.85028e-05 -0.200088 -0.967069 -1.97175e-06 -0.254513 -0.986796 -9.85888e-06 -0.16197 -0.996425 2.81205e-05 -0.0844851 -0.998038 -1.02671e-05 -0.0626125 -0.996189 1.27799e-05 0.0872218 -0.997448 -1.7275e-05 0.0714 -0.972818 6.49908e-05 0.231569 -0.980568 -1.69137e-05 0.19618 -0.912574 6.14868e-05 0.408912 -0.934412 -5.77141e-05 0.356194 -0.82061 9.04501e-05 0.571489 -0.865145 -5.21016e-05 0.501523 -0.697381 9.20561e-05 0.716701 -0.762969 -4.78039e-05 0.646435 -0.646481 -2.61629e-05 0.76293 -0.58075 3.06375e-05 0.814082 -0.56609 2.0893e-07 0.824344 0.999934 0.0114766 -7.88792e-05 0.924844 0.366015 -0.103427 0.613652 0.788052 -0.0490428 0.174621 0.983394 -0.0494266 0.51157 0.0861595 -0.854911 0.539296 0.0363252 -0.841332 0.024949 0.746399 -0.66503 0.0260098 0.736793 -0.675618 0.364687 0.0609692 -0.929132 0.021673 0.844729 -0.534755 0.0191133 0.998521 -0.0508938 0.030358 0.979078 0.201208 0.282026 0.0600802 -0.957524 0.263099 0.0575393 -0.963051 0.427345 0.0411574 -0.903152 0.620502 0.0469268 -0.7828 0.67816 0.0607007 -0.732403 0.820091 0.166188 -0.547569 0.160692 0.972469 -0.168769 0.0757028 0.994581 -0.0712533 0.898252 0.113177 -0.424657 0.927696 0.110476 -0.356616 0.953185 0.279288 -0.115914 -7.75611e-07 0.100205 -0.994967 0 0.100274 -0.99496 0 0.348612 -0.937267 -0.0199932 0.95203 -0.305351 -0.344327 0.642493 -0.684574 -0.363483 0.676499 -0.640492 -0.333786 0.640554 -0.691576 -0.333983 0.689362 -0.642834 -0.296744 0.61603 -0.729692 -0.25141 0.604048 -0.756253 -0.242303 0.403924 -0.882119 -0.307969 0.605186 -0.734102 -0.0433858 0.988489 -0.144936 -0.0280939 0.00169382 -0.999604 -0.167556 0.003584 -0.985856 -0.114372 0.00339487 -0.993432 -0.136612 0.195149 -0.971213 -0.283855 0.00258977 -0.958864 -0.00702588 0.545858 -0.837848 -0.0074482 0.579697 -0.814798 -0.0243411 0.827364 -0.561138 -0.0194424 0.894523 -0.446598 -0.506088 0.18045 -0.843393 -0.979267 0.0322969 -0.199984 -0.929134 0.12129 -0.349284 -0.863994 0.220935 -0.452439 -0.743988 0.373301 -0.554191 -0.593664 0.524718 -0.61011 -0.725596 0.685314 0.0620863 -0.438779 0.65502 -0.61516 -0.437566 0.655981 -0.615 -0.416234 0.689138 -0.59316 0.0127223 0.996547 -0.0820484 -0.292215 0.95381 0.069691 0.0182455 0.449467 0.893111 0.0183106 0.413436 0.910349 0.0249556 0.702213 0.711529 0.0211274 0.74404 0.6678 0.0125007 0.863261 0.504603 0.00525531 0.977817 0.209394 0.00451859 0.908616 0.417609 0.0779671 0.996057 0.0423347 0.975558 0.203701 0.0824201 0.98084 -0.0108048 0.194514 0.622923 0.77976 0.0627826 0.299364 0.95314 0.0436457 0.901814 0.0943877 0.42169 0.900645 0.0945707 0.42414 0.838834 0.0561667 0.541482 0.74695 0.0366948 0.663867 0.5442 0.0449342 0.837751 0.438511 0.0403062 0.897822 0.486146 0.0554314 0.872118 0.287906 0.917366 0.274862 0.349797 0.696755 0.626238 0.134212 0.98893 0.0632828 0.297616 0.0219286 0.954434 0.358104 0.0200487 0.933466 0.0439758 0.537415 0.842171 0.0115992 0.599126 0.800571 -0.00111591 0.999925 0.0122252 0.000745434 0.744206 0.667949 -6.87879e-06 0.098566 0.995131 -0.0773363 0.987083 0.140309 -0.00867685 0.473186 0.88092 -0.274916 0.00220126 0.961466 -0.0205436 0.449735 0.892926 -0.0157029 0.246212 0.969089 -0.132342 0.00442648 0.991194 -0.0184545 0.686297 0.727087 0.592422 0.00805502 0.805588 -0.00528035 -0.912045 -0.410055 -0.01591 0.612373 0.790409 -0.00248533 0.903879 0.427782 -0.237779 0.298774 0.924227 -0.00427096 0.863321 0.504638 -0.0213483 0.804619 0.593408 -0.00520212 0.978496 0.206201 -0.0096836 0.998892 0.0460572 -0.216274 0.728008 0.650562 -0.372671 0.466789 0.802013 -0.294607 0.621656 0.725776 -0.349237 0.696158 0.627215 -0.377814 0.496425 0.781549 -0.457503 0.369775 0.808677 -0.45869 0.367962 0.808831 -0.277709 0.726961 0.628017 -0.274115 0.806056 0.524534 -0.508482 0.153967 0.847195 -0.406554 0.711269 0.57342 -0.416738 0.703571 0.575601 -0.567502 0.581199 0.583223 -0.381432 0.751984 0.537615 -0.758447 0.381791 0.528198 -0.896581 0.186394 0.401746 -0.971799 0.0457635 0.231327 -0.456785 0.616344 0.641457 -0.0871074 0.991333 -0.0983472 -0.70945 0.703336 -0.044718 -0.159378 0.984398 0.0745627 -0.678687 0.733006 -0.0456765 -0.0674373 0.997528 0.0197349 -0.0447332 0.998983 0.00563953 0.634277 0.100908 0.766492 0.85581 0.0692842 0.51263 0.759169 0.192943 0.62164 0.393941 0.867147 0.30474 0.6466 0.131427 0.751422 0.429235 0.19576 0.881723 0.381013 0.138677 0.91411 -0.0156267 0.99278 0.118927 0.163399 0.0728261 0.983869 -0.0196614 0.992052 0.124284 -0.176445 0.194023 0.964999 0.0795526 0.993291 0.0839269 -0.116731 0.1429 0.982829 -0.348321 0.14865 0.925514 0.0335332 0.996003 0.0827919 -0.513481 0.32175 0.795496 -0.5461 0.528377 0.650071 -0.853961 0.346981 0.387755 -0.903612 0.226235 0.363736 -0.930466 0.184444 0.316565 -0.989697 0.143179 0.000556169 -0.100905 0.989162 -0.106661 -0.933055 0.27408 -0.232998 -0.120598 0.990687 0.0632134 -0.90107 0.346076 -0.261353 -0.578598 0.107793 -0.808459 0.320472 0.494347 0.808034 0.284419 0.330931 0.899773 0.184823 0.31318 0.931536 -0.0237188 0.997072 0.072703 -0.0461565 0.210029 0.976605 -0.353268 0.289934 0.889461 -0.37429 0.322376 0.869471 -0.0394517 0.996873 0.0684669 -0.718922 0.108206 0.686617 -0.893851 0.19461 0.403927 -0.932317 0.133074 0.336269 -0.0511317 0.997564 0.0474446 -0.97356 0.127253 0.189705 -0.955149 0.294001 -0.0354179 -0.955729 0.102281 -0.275901 -0.0536491 0.998307 0.0224548 -0.153185 0.987453 -0.0383611 -0.934271 0.0937812 -0.34401 -0.822669 0.220938 -0.523834 -0.735694 0.0979777 -0.67019 -0.550748 0.065713 -0.832081 -0.239159 0.96005 -0.145281 -0.273728 0.872736 -0.404233 -0.633472 0.196512 0.748395 -0.50738 0.501302 0.700901 -0.669461 0.33004 0.665504 -0.733699 0.151408 0.662391 -0.239322 0.911348 0.334916 -0.0828875 0.996499 -0.0109107 -0.802743 0.400913 0.441444 -0.0572722 0.998325 0.00819299 -0.978009 0.0831191 0.191285 -0.959336 0.0920764 0.266826 -0.932441 0.31418 -0.178449 -0.933794 0.303747 -0.189122 -0.0655245 0.997735 -0.0151936 -0.882167 0.192353 -0.429863 -0.863845 0.196173 -0.463992 -0.563792 0.47369 -0.676577 -0.482962 0.241929 -0.841557 -0.342105 0.137939 -0.929482 -0.0409856 0.996212 -0.0766879 0.0116426 0.213993 -0.976766 -0.0605991 0.303621 -0.950864 0.0513775 0.961534 -0.269839 0.352866 0.0684762 -0.933165 -0.0305326 0.996269 -0.0807252 -0.876972 0.351033 0.32817 -0.968211 0.103432 0.227748 -0.962769 0.111978 0.246044 -0.990118 0.111882 -0.084548 -0.232362 0.972161 -0.0301923 -0.0738255 0.99685 -0.0289725 -0.923634 0.2598 -0.281786 -0.889181 0.15152 -0.43174 -0.71652 0.12226 -0.686769 -0.448008 0.296629 -0.843386 -0.514428 0.383925 -0.766789 -0.0377254 0.996516 -0.0743876 -0.0400396 0.129927 -0.990715 0.0880049 0.141022 -0.986087 0.3683 0.375765 -0.850386 0.456237 0.295986 -0.83919 0.00398379 0.99717 -0.0750698 0.713341 0.226804 -0.663103 0.747029 0.35818 -0.560049 -0.696808 0.137075 0.704038 -0.853757 0.170902 0.491824 -0.914629 0.179736 0.362145 -0.940556 0.186679 0.283735 -0.959576 0.187865 0.209575 -0.975064 0.192444 0.110521 -0.98119 0.191478 0.0245286 -0.652949 0.144387 0.743512 -0.979456 0.194786 0.0521878 -0.9793 0.195833 0.051203 -0.951124 0.226953 0.209417 -0.870013 0.220872 0.440787 -0.955646 0.254161 0.148809 -0.789008 0.152339 0.595197 -0.771478 0.145704 0.619348 -0.942854 0.307794 0.127628 -0.923748 0.341278 0.173835 -0.830647 0.195161 0.521476 -0.705561 0.226125 0.671603 -0.862093 0.499734 0.0840372 -0.751875 0.282415 0.595756 -0.746044 0.263764 0.61143 -0.867605 0.442874 0.226107 -0.696224 0.343116 0.630511 -0.6846 0.346023 0.641553 -0.785819 0.496 0.369422 -0.671779 0.405605 0.619837 -0.591114 0.439427 0.676379 -0.79945 0.549851 0.241957 -0.591909 0.445444 0.671732 -0.652156 0.748926 0.117483 -0.765416 0.642043 -0.0438111 -0.678445 0.647348 0.347353 -0.540653 0.498125 0.677912 -0.592784 0.498199 0.632776 -0.512116 0.624571 0.589617 -0.635536 0.763312 0.115967 -0.663153 0.63758 0.39207 -0.488924 0.870965 0.0487162 -0.412898 0.830312 0.374296 -0.564455 0.823632 -0.0549657 -0.304308 0.952425 0.0168538 -0.138579 0.890266 0.433846 -0.38279 0.923494 0.0251055 -0.258747 0.850384 0.458145 -0.393797 0.919037 0.0171633 -0.254561 0.868652 0.42502 -0.290144 0.858856 0.422117 -0.294362 0.955664 0.00761051 -0.272563 0.951876 0.140149 -0.249828 0.937814 0.241018 -0.222514 0.91444 0.338064 -0.162749 0.871002 0.463538 -0.190443 0.873516 0.447998 -0.189372 0.871918 0.451549 -0.219385 0.910349 0.350906 -0.293505 0.955902 0.0103151 -0.183617 0.863726 -0.46932 -0.239391 0.931162 -0.27501 -0.267933 0.951481 -0.151317 -0.261841 0.948399 -0.178823 -0.277837 0.9554 -0.100083 -0.290764 0.956322 -0.0300959 -0.289223 0.956452 -0.0393768 -0.295226 0.95457 -0.0404534 -0.271083 0.957464 -0.0988783 -0.254023 0.960012 -0.117685 -0.213435 0.906676 -0.363845 -0.19092 0.884262 -0.426182 0.168739 -0.839456 0.516567 -0.189806 0.975398 -0.112132 -0.368612 0.929509 -0.011759 -0.187429 0.877326 -0.441779 -0.368309 0.908275 -0.198456 -0.201715 0.879716 -0.430593 -0.353094 0.844479 -0.402717 -0.654088 0.14253 -0.742869 -0.543326 0.83645 0.0717541 -0.510508 0.811836 -0.283379 -0.371767 0.749863 -0.547261 -0.65079 0.650311 -0.391878 -0.702886 0.698814 0.132704 -0.466977 0.59327 -0.655715 -0.65049 0.668936 -0.359704 -0.551051 0.539401 -0.636702 -0.716144 0.661934 -0.221316 -0.565586 0.464163 -0.681664 -0.765 0.513889 -0.388192 -0.785166 0.505226 -0.358136 -0.881332 0.471853 -0.0246684 -0.799106 0.372742 -0.471691 -0.637928 0.276662 -0.718684 -0.917564 0.327547 -0.225368 -0.71416 0.363735 -0.598058 -0.935369 0.306888 -0.175794 -0.970948 0.208822 0.116848 -0.976126 0.216374 0.018953 -0.757565 0.254297 -0.601189 -0.947546 0.19334 -0.254511 -0.942768 0.189781 -0.274177 -0.859425 0.178984 -0.478908 -0.788563 0.149026 -0.596624 -0.742974 0.217988 -0.632828 -0.778028 0.151336 -0.609729 -0.570387 0.142281 -0.80896 -0.709818 0.137908 -0.690753 -0.811186 0.160203 -0.562417 -0.478305 0.547489 0.686644 -0.369672 0.515481 0.77306 -0.156528 0.11721 0.980694 -0.435175 0.379322 0.81654 -0.213634 0.179244 0.960329 -0.495114 0.368881 0.786631 -0.183641 0.119856 -0.975659 -0.216612 0.130579 0.967486 -0.502817 0.387554 0.772643 -0.290108 0.171923 0.941424 -0.52894 0.334994 0.779744 -0.272045 0.156005 0.949555 -0.620548 0.31919 0.716267 -0.123827 0.0440431 0.991326 -0.609409 0.298074 0.734692 -0.491798 0.17473 0.852997 -0.39069 0.143288 0.909302 -0.626113 0.262797 0.734111 -0.697296 0.219875 0.682227 -0.136348 0.0474849 0.989522 -0.445978 0.176983 0.877371 -0.744573 0.213409 0.632509 -0.253501 0.0661957 0.965068 -0.392492 0.0955222 0.914782 -0.506749 0.110832 0.85494 -0.650573 0.103685 0.752333 -0.652553 0.128549 0.74676 -0.66341 0.129585 0.73695 -0.509071 0.0991933 0.85499 -0.53697 0.105542 0.836973 -0.395812 0.0789675 0.91493 -0.285793 0.0525255 0.956851 -0.386333 0.0774604 0.919101 -0.115588 0.0229899 0.993031 -0.0523506 -0.000961087 -0.998628 -0.00365567 0.00606588 -0.999975 -0.495523 0.0976624 -0.863087 -0.672311 0.147351 -0.725455 -0.680789 0.131023 -0.720666 -0.503198 0.156292 -0.84992 -0.0861505 0.0337825 0.995709 -0.249448 0.0734849 -0.965596 -0.70533 0.190133 -0.682905 -0.686237 0.195423 -0.700635 -0.613292 0.174198 -0.770408 -0.652356 0.219783 -0.725347 -0.531805 0.182929 -0.826874 -0.659613 0.278305 -0.698181 -0.427967 0.174734 -0.886742 -0.20416 0.11581 -0.972063 -0.594738 0.327337 -0.73426 -0.594854 0.327434 -0.734123 -0.431604 0.302856 -0.849703 -0.103355 0.073614 -0.991917 -0.332007 0.241845 -0.911747 -0.248801 0.193586 -0.949011 -0.450011 0.386681 -0.804964 -0.0103218 -0.00323035 -0.999942 -0.533533 0.434305 -0.725756 -0.190543 0.307337 -0.932329 -0.455449 0.466272 -0.758391 -0.441542 0.555543 -0.704566 -0.451643 0.557164 -0.696841 -0.104929 0.0192437 -0.994294 -0.344827 0.0662149 -0.936328 -0.527304 0.100727 -0.843685 -0.360688 0.0707753 -0.929997 -0.630129 0.124404 -0.76646 -0.294323 0.819095 0.4924 -0.274021 0.815847 0.50922 -0.0519443 0.586624 0.808192 -0.200976 0.844263 0.496818 -0.176586 0.79949 0.574136 -0.0172827 0.623947 0.781275 -0.104581 0.613919 0.78241 -0.0316007 0.542191 0.839661 -0.1819 0.782249 0.595818 -0.125411 0.724228 0.678061 -0.148625 0.808527 0.569381 -0.154412 0.819034 0.552576 -0.117039 0.75222 0.648434 -0.107767 0.736018 0.668329 -0.0660087 0.648916 0.757991 -0.0540131 0.625195 0.778597 -0.0211488 0.549323 0.835342 -0.0153304 0.536514 0.843752 -0.0268789 0.561746 -0.826873 -0.0296249 0.567685 -0.822713 -0.0456063 0.606296 -0.79393 -0.0819261 0.683233 -0.72559 -0.0812995 0.681847 -0.726963 -0.124924 0.765074 -0.631708 -0.105092 0.729559 -0.675795 -0.157827 0.823664 -0.544672 -0.154192 0.817949 -0.554242 -0.0890989 0.522355 -0.84806 -0.148112 0.85097 -0.503897 -0.201693 0.834513 -0.512745 -0.043604 0.605532 -0.794625 -0.0395979 0.580963 -0.812967 -0.226846 0.834663 -0.501875 -0.185295 0.799725 -0.571056 -0.187092 0.789056 -0.585139 -0.0709728 0.69919 -0.711405 -0.131691 0.712327 -0.689382 -0.0516807 0.593333 -0.803296 -0.0353407 0.539623 -0.841165 -0.315741 0.783323 -0.535456 -0.000198594 0.0577686 -0.99833 0.00106925 0.105715 -0.994396 -0.00120702 0.17504 -0.984561 0.000224254 0.233775 -0.972291 0.000442899 0.328724 -0.944426 -0.00056635 0.281929 -0.959435 -0.000352421 0.381971 -0.924174 0.000525639 0.436397 -0.899754 0.000195821 0.447754 -0.894157 -0.00121195 0.481296 0.876557 0.000241553 0.437588 0.899176 -0.000736096 0.347311 0.93775 -0.000975953 0.250081 0.968224 0.000618015 0.162308 0.98674 -0.000732113 0.126143 0.992012 0.000543856 0.0488005 0.998808 -0.000901883 0.00132206 0.999999 -0.0829294 0.0173053 -0.996405 -0.578363 0.111373 -0.808141 -0.663198 0.130928 -0.736903 -0.752516 0.14765 -0.64181 -0.919569 0.180314 -0.349114 -0.968549 0.192369 -0.157821 -0.980305 0.195451 -0.0282912 -0.20028 0.04428 -0.978738 -0.137165 0.0268432 -0.990184 -0.429691 0.090129 -0.898467 -0.401272 0.0807405 -0.912394 -0.672138 0.145066 -0.726076 -0.693261 0.14342 -0.706272 -0.849531 0.181505 -0.495332 -0.329902 0.139943 0.933585 -0.174779 0.0654776 -0.982428 -0.936971 0.189952 -0.293264 -0.69342 0.143537 -0.706092 -0.412337 0.148652 -0.898822 -0.97871 0.190132 -0.0773014 -0.84382 0.270973 -0.463187 -0.671648 0.222851 -0.706559 -0.366219 0.117717 -0.923053 -0.960806 0.2676 -0.072403 -0.960834 0.265763 -0.0785418 -0.603913 0.235026 -0.761611 -0.882436 0.326576 -0.338609 -0.113441 0.0602121 -0.991719 -0.310613 0.139901 -0.940185 -0.912069 0.369133 -0.178526 -0.905137 0.317282 -0.282946 -0.64083 0.327499 -0.694321 -0.383482 0.234958 -0.893161 -0.549177 0.326247 -0.769394 -0.166569 0.121347 -0.978535 -0.823917 0.466055 -0.322419 -0.751248 0.481045 -0.45191 -0.292674 0.224466 -0.929493 -0.0318592 0.0263481 0.999145 -0.613476 0.439125 -0.656366 -0.081787 0.0773947 -0.99364 -0.082832 0.0786078 -0.993458 -0.377003 0.346475 -0.858967 -0.703432 0.558742 -0.439307 -0.505396 0.410938 -0.758752 -0.779231 0.626691 -0.00751665 -0.740853 0.558155 -0.373629 -0.487482 0.528585 -0.694953 -0.617786 0.687765 -0.381208 -0.609564 0.660465 -0.438426 -0.372543 0.343564 -0.862076 -0.296035 0.467846 -0.832756 -0.710074 0.692371 -0.128128 -0.0965323 0.139747 -0.985471 -0.645025 0.739579 -0.192264 -0.288688 0.463892 -0.837534 -0.432828 0.657802 -0.616406 -0.582991 0.662484 -0.470357 -0.485505 0.855724 -0.178946 -0.5595 0.825468 -0.0745856 -0.319617 0.947503 -0.0091572 -0.319807 0.93872 -0.128564 -0.443677 0.89529 -0.0400832 -0.288638 0.788456 -0.543162 -0.290344 0.809795 -0.509836 -0.372424 0.904473 -0.207915 -0.154465 0.542333 -0.825842 -0.510088 0.851308 -0.122818 -0.0351626 0.358597 -0.93283 -0.0175898 0.163589 -0.986372 -0.0474525 0.198636 -0.978924 -0.198608 0.262625 -0.944237 -0.256026 0.958214 -0.127585 -0.303015 0.663835 -0.683744 -0.0716158 0.468818 -0.880387 -0.00686851 0.358564 -0.93348 -0.116475 0.616085 -0.779021 -0.00928913 0.47692 -0.878898 -0.0441024 0.552462 -0.832371 -0.079283 0.655968 -0.750613 -0.071509 0.597136 -0.798946 -0.149272 0.749062 -0.645464 -0.184007 0.837815 -0.514012 -0.178886 0.818625 -0.545759 -0.214575 0.874908 -0.434159 -0.258498 0.930995 -0.257735 -0.27022 0.961954 -0.0403303 -0.277818 0.955891 -0.0953409 -0.0247767 0.558565 -0.82909 -0.0298703 0.569372 -0.821537 -0.0728651 0.666047 -0.742343 -0.0692948 0.659095 -0.74886 -0.128334 0.773518 -0.620645 -0.120709 0.758285 -0.640651 -0.168053 0.83975 -0.516312 -0.158377 0.825182 -0.54221 -0.205521 0.893411 -0.399473 -0.195619 0.880967 -0.430848 -0.24083 0.932433 -0.269388 -0.232831 0.925592 -0.298446 -0.270683 0.952789 -0.137567 -0.289007 0.956465 -0.0406075 -0.0247797 0.558572 0.829086 -0.0283466 0.56615 0.823815 -0.0656034 0.650137 0.756979 -0.107742 0.735228 0.669202 -0.0777027 0.673649 0.734955 -0.147432 0.80699 0.571867 -0.122925 0.762758 0.634893 -0.157388 0.822872 0.545995 -0.175819 0.852544 0.492196 -0.186048 0.866989 0.462295 -0.201793 0.889045 0.410948 -0.222561 0.914179 0.338738 -0.215252 0.905412 0.365918 -0.240281 0.932011 0.271329 -0.266664 0.951124 0.155732 -0.287099 0.956522 0.0513798 -0.284758 0.956379 0.0652071 -0.0464288 0.551719 0.832737 -0.00086287 0.442192 0.89692 -0.075904 0.646908 0.758781 -0.0743213 0.636115 0.768006 -0.123299 0.730307 0.671899 -0.153204 0.805188 0.572888 -0.188533 0.848526 0.494428 -0.150913 0.795512 0.586844 -0.209062 0.886766 0.412237 -0.220255 0.914891 0.338322 -0.218557 0.906822 0.360427 -0.220019 0.908225 0.355977 -0.27241 0.952987 0.1327 -0.277181 0.959537 0.0496029 -0.277683 0.953539 0.116856 -0.00575555 0.444125 0.895947 -0.0119302 0.0975621 0.995158 -0.0446279 0.453948 0.88991 -0.249648 0.96404 0.0911162 -0.277305 0.957887 0.074533 -0.437524 0.893106 0.104571 -0.287852 0.897278 0.334713 -0.190968 0.809039 0.555866 -0.298132 0.715505 0.631798 -0.0335137 0.286187 0.957587 -0.363454 0.905259 0.220018 -0.432389 0.848776 0.304334 -0.544669 0.823626 0.158036 -0.155232 0.793847 0.587971 -0.199155 0.289336 0.936281 -0.0155313 0.0954446 0.995314 -0.257159 0.701065 0.665115 -0.139697 0.593542 0.792586 -0.153764 0.41494 0.896762 -0.383297 0.561997 0.732968 -0.215593 0.25353 0.942996 -0.026159 0.0383461 0.998922 -0.42616 0.712477 0.557463 -0.336296 0.525562 0.781466 -0.534768 0.838881 0.101499 -0.355004 0.417518 0.836451 -0.543006 0.685306 0.485283 -0.270524 0.359679 0.892999 -0.371265 0.308724 0.875701 -0.515778 0.516745 0.683336 -0.639422 0.740604 0.206509 -0.684806 0.728654 0.0102036 -0.364971 0.304408 0.879848 -0.0107041 0.00333411 0.999937 -0.494039 0.510885 0.703507 -0.744356 0.570534 0.347024 -0.758715 0.648951 -0.0566981 -0.781411 0.562472 0.270225 0.00083037 0.00127961 -0.999999 -0.495204 0.312184 0.810749 -0.180122 0.110365 0.977433 -0.676141 0.504354 0.537084 -0.419117 0.285187 0.86198 -0.422947 0.185641 0.886934 -0.273217 0.128376 0.953348 0.00600774 -0.00047589 -0.999982 -0.191226 0.0809088 0.978206 -0.433399 0.185425 0.88192 -0.781545 0.506825 0.363752 -0.679383 0.376111 0.630063 -0.689787 0.250798 0.679187 -0.498364 0.256513 0.828151 -0.901866 0.42262 0.0896112 -0.403235 0.165847 0.899942 -0.815243 0.350024 0.461369 -0.0414449 0.0102274 0.999088 -0.16798 0.0401672 0.984972 -0.238916 0.053822 0.969548 -0.304541 0.0698536 0.949934 -0.393765 0.0875098 0.915036 -0.914248 0.373707 0.156508 -0.501826 0.103937 0.858702 -0.813108 0.254503 0.523529 -0.623999 0.133542 0.76993 -0.666936 0.142087 0.731442 -0.690622 0.251642 0.678025 -0.767533 0.151159 0.622931 -0.783743 0.157248 0.60085 -0.838428 0.170234 0.517745 -0.922304 0.184628 0.33951 -0.886622 0.312253 0.341175 -0.9598 0.159385 0.231044 -0.961063 0.274405 -0.03254 -0.906439 0.17776 0.383106 -0.948262 0.187284 0.256365 -0.961581 0.1877 0.200325 -0.975848 0.193615 0.101159 -0.981091 0.193363 -0.00844788 -0.000983898 0.430148 0.902758 0.00285612 0.0228024 0.999736 0.00156937 0.0400726 0.999196 -0.0192578 0.554448 0.831996 -0.560915 -0.474594 0.678333 -0.0915564 0.168145 0.981501 0.00551523 0.187174 0.982311 0.0255287 0.121051 0.992318 0.00252078 0.39225 0.919855 -0.0885366 0.367832 0.925668 -0.0041594 0.313565 0.949558 -0.334536 0.656379 0.676205 -0.395058 0.689237 0.607356 -0.370799 0.735569 -0.566962 -0.309353 0.720181 -0.620999 0.00893951 0.0896327 -0.995935 -0.0104443 0.292172 -0.956309 0.0109753 0.0941741 -0.995495 -0.115044 0.181342 -0.976668 0.00497258 0.444043 -0.895992 0.00238415 0.459672 -0.888085 -0.479264 0.00296411 -0.877666 -0.0286635 0.208792 -0.97754 0.466439 0.00661925 -0.884529 -0.114368 0.00905509 -0.993397 -0.167551 0.00870873 -0.985825 -0.0691957 0.961721 -0.26515 0.0171626 0.71862 -0.695191 -0.0149383 0.249828 -0.968175 -8.49921e-05 0.00352671 0.999994 -0.971429 0.235649 -0.0282116 -0.0339161 0.0357321 -0.998786 -0.198143 0.0571342 -0.978507 -0.0439944 0.564209 -0.824459 -0.397473 0.102508 -0.91187 -0.510609 0.142832 -0.847866 0.82376 -0.133619 0.550967 -0.594612 0.395979 -0.699741 -0.924852 0.209764 -0.31725 -0.847936 0.189283 -0.495153 -0.829486 0.181147 -0.528336 -0.597075 0.716323 -0.361086 -0.77046 0.523983 -0.363088 -0.851435 0.220499 0.475856 -0.0934487 0.96013 -0.263473 -0.334567 0.720665 -0.607212 -0.309094 0.736229 -0.60202 -0.153527 0.982943 -0.101253 -0.478759 0.877875 -0.0111698 -0.840865 0.541244 0.0011592 -0.954362 0.205832 -0.216392 -0.924278 0.380058 -0.0355896 -0.861192 0.497879 0.1023 -0.785697 0.169784 0.594856 -0.701099 0.16152 0.69453 -0.83141 0.489382 0.263177 -0.811272 0.506638 0.291815 -0.786858 0.170006 0.593257 -0.554627 0.761896 0.334521 -0.549057 0.76919 0.326929 -0.548498 0.834713 -0.0490282 -0.555186 0.618415 0.556176 -0.403702 0.862314 0.305677 -0.0781335 0.996519 -0.029087 -0.531921 0.137396 0.835573 -0.615065 0.363646 0.699612 -0.669776 0.299489 0.67949 -0.704572 0.150832 -0.693418 -0.642291 0.151557 -0.751328 -0.146087 0.989154 0.0152546 -0.651486 0.433374 -0.622698 -0.662461 0.144354 -0.735056 -0.977741 0.209797 -0.00289328 -0.781015 0.156314 -0.604634 -0.874978 0.176161 -0.450977 -0.92374 0.203509 -0.324483 -0.637373 0.48502 -0.598758 -0.653461 0.63894 -0.405887 -0.945772 0.201975 -0.254403 -0.590923 0.74206 -0.316476 -0.564116 0.799749 -0.205367 -0.126967 0.991906 0.00110598 -0.722519 0.69121 0.0139278 -0.973073 0.196764 -0.120051 -0.876642 0.481135 -0.00292582 -0.918517 0.383093 0.0978118 -0.0837468 0.027601 0.996105 -0.0836084 0.988932 0.122567 -0.879847 0.406748 0.245814 0.979128 -0.174718 -0.10384 -0.226833 0.0845276 0.970259 -0.366226 0.101082 0.925019 -0.302881 0.0794475 0.949711 -0.167415 0.0435705 0.984923 -0.0433066 0.508182 0.860161 -0.135852 0.691571 0.709418 -0.896176 0.205928 0.393018 -0.836025 0.182293 0.517524 -0.764926 0.164917 0.622648 -0.553115 0.807769 0.203896 -0.627027 0.147427 0.76492 -0.663351 0.160583 0.730875 -0.584428 0.755661 0.29567 -0.755099 0.186037 0.628663 -0.426137 0.726979 0.538432 -0.0317256 0.728864 0.683923 -0.106808 0.764021 0.63629 -0.0285185 0.0559626 0.998026 -0.0136888 0.028249 0.999507 -0.00663106 0.206247 0.978477 -0.0266216 0.995178 0.094409 -0.0362482 0.059084 0.997595 -0.508482 0.00435187 0.861062 -0.132342 0.00334632 0.991198 0.0932894 7.17692e-05 -0.995639 0.0141418 0.00171617 0.999899 -0.999701 0.0244672 0 -0.999701 0.0244672 0 -0.997382 0.0723178 0 -0.997382 0.0723178 0 -0.990259 0.139235 0 -0.990259 0.139235 0 -0.979306 0.202383 0 -0.825911 0.563801 -7.36725e-05 -0.788171 0.615456 4.28485e-05 -0.767778 0.640716 -1.62422e-05 -0.724219 0.68957 4.33131e-05 -0.713191 0.70097 0 -0.653182 0.757201 0 -0.427803 0.903872 -2.18851e-05 -0.344203 0.938895 -2.93149e-05 -0.374897 0.927066 3.06392e-05 -0.298433 0.954431 1.46849e-05 -0.282607 0.959236 -1.53909e-05 -0.203029 0.979173 0 -0.218976 0.97573 4.45626e-05 -0.138565 0.990353 0 -0.0733559 0.997306 0 -0.0244482 0.999701 0 -0.0244482 0.999701 0 0 0.999498 0.0316864 -0.000110506 0.999147 0.0412931 -0.000158997 0.994501 0.104728 2.16984e-05 0.996595 0.0824502 0.000173772 0.987959 0.154713 -8.85383e-05 0.982909 0.184094 -8.03982e-05 0.968882 0.247524 0.000155978 0.974408 0.224789 -0.000136373 0.945925 0.324385 0.000114114 0.9575 0.288435 4.43562e-05 0.938434 0.345459 -0.000155047 0.915682 0.401903 -0.000285409 0.918086 0.39638 -0.00402665 0.392643 -0.919682 -0.0027495 0.768614 -0.639707 -0.741013 0.447798 -0.500377 -0.808814 0.118771 -0.575946 -0.635624 0.106087 -0.764675 -0.00187922 0.208248 -0.978074 -0.30867 0.824795 -0.473746 -0.193644 0.772482 -0.604791 -0.235907 0.776515 -0.584271 -0.270099 0.757994 -0.59371 -0.149049 0.798409 -0.583376 -0.291786 0.724331 -0.624664 -0.149549 0.79894 -0.582521 -0.311197 0.721731 -0.618273 -0.555623 0.052993 -0.829744 -0.519617 0.0687505 -0.851629 -0.2235 0.696489 -0.681873 -0.313351 0.0653899 -0.947383 -0.231843 0.667489 -0.707606 -0.267755 0.0296567 -0.963031 -0.0629731 0.67186 -0.737996 0.00127783 0.021506 -0.999768 0.0154697 0.0350027 -0.999268 -0.102295 -0.556186 -0.824738 0.000645418 0.598317 -0.801259 0.00315255 0.568171 -0.822904 0.00449208 0.860854 -0.508831 -0.80207 0.420889 -0.423717 -0.79252 0.134314 -0.594871 -0.318494 0.714217 -0.623263 -0.202908 0.0200262 -0.978993 -0.217933 0.091945 -0.971623 -0.133123 0.57445 -0.807642 -0.00082072 0.104829 0.99449 -0.232989 -0.0460622 0.971388 -0.205314 -0.087901 0.974741 -0.00824481 0.805685 0.592287 -0.0482829 0.699567 0.712934 -0.580956 -0.012801 0.813834 -0.577071 -0.00774063 0.816657 -0.115696 0.803509 0.583942 -0.108007 0.807578 0.579786 -0.731005 0.0499762 0.680539 -0.184025 0.775557 0.603859 -0.205341 0.813908 0.543497 0.00378078 0.261064 0.965314 -0.00262882 0.493797 0.869573 -0.128586 0.340687 0.931342 -0.123533 -0.664257 0.737226 -0.138718 0.327251 0.9347 -0.538213 0.251872 0.804293 -0.454842 0.366873 0.811494 -0.897088 -0.111031 0.427673 -0.503422 0.525537 0.68584 -0.822589 0.265739 0.502723 0.007684 0.286771 0.957968 0.00245564 0.666127 0.745834 -0.825412 0.0197655 0.564185 -0.162037 0.792139 0.588439 -0.246743 0.763862 0.59635 -0.759357 0.406188 0.508319 -0.249053 0.763928 0.595303 -0.0310207 0.0854775 -0.995857 -0.301112 0.0891707 0.94941 -0.0413571 0.544987 0.837424 -0.0374381 0.577403 0.815601 -0.196339 0.106988 0.974682 -0.0336417 0.812802 0.581568 -0.0601571 0.938584 0.339767 -0.307713 0.139897 0.941138 -0.371832 0.451007 0.811377 -0.388015 0.0469815 0.920455 -0.0939167 0.938147 0.333256 -0.673884 0.123138 0.728503 -0.629839 0.408256 0.66078 -0.633879 0.655528 0.410465 -0.077812 0.994706 0.0671218 -0.857452 0.333998 0.391435 -0.855412 0.337116 0.393221 -0.18354 0.977285 0.105957 -0.680243 0.730384 0.0617102 -0.187667 0.978257 0.0882862 -0.220281 0.971011 -0.0928122 -0.235554 0.965878 -0.107671 -0.837928 0.350801 -0.418109 -0.00163605 0.0170025 -0.999854 -0.836404 0.287206 -0.466841 -0.872012 0.240404 -0.426381 -0.223406 0.971996 -0.0728984 -0.808524 0.11323 -0.577466 -0.454007 0.850825 -0.264527 -0.633546 0.117381 -0.764749 -0.356033 0.844544 -0.399982 -0.540811 0.189685 -0.819477 -0.491544 0.271081 -0.827587 -0.509255 0.267115 -0.818113 -0.334263 0.0472296 -0.941296 -0.220542 0.0295393 -0.97493 -0.0843445 0.866124 -0.492661 -0.0337415 0.135429 -0.990212 -0.0523281 0.167683 -0.984451 -0.104597 0.790537 -0.603416 -0.062166 0.692986 -0.718266 -0.0621516 0.983693 -0.168774 -0.0111012 0.0212934 -0.999712 -0.0988394 0.826928 0.553553 0.335193 0.740233 0.582838 0.292871 0.886311 0.358718 0.0740881 0.952025 0.296917 0.530469 0.396132 0.749455 0.516567 0.422612 0.744686 -0.0919972 0.254162 0.962776 0.0501102 0.767105 0.639561 0.131246 0.220566 0.966502 0.169584 0.187038 0.967604 -0.00851484 0.104517 0.994487 -0.637906 0.170759 0.750944 -0.251986 0.776434 0.577627 -0.373348 0.100241 0.92226 -0.450273 0.151299 0.879979 -0.201338 0.911729 0.35807 -0.628683 0.0500989 0.776047 -0.551901 0.0616901 0.831625 -0.712379 0.0552158 0.699619 -0.755589 0.0613057 0.65217 0.936626 0.0457627 -0.34733 -0.28305 0.937931 0.200421 -0.128883 0.989625 0.0634999 -0.35797 0.904026 0.233653 -0.764623 0.436254 0.474378 -0.998697 0.0477234 -0.0181016 -0.886675 0.025895 0.461668 -0.953182 0.244783 0.177555 -0.180169 0.983465 0.0183337 -0.991198 0.0449774 0.124515 -0.97532 0.115765 0.188014 -0.268265 0.96325 0.013542 -0.755917 0.653928 0.0311044 -0.985309 0.0601429 0.159842 -0.826351 0.56107 0.0484183 -0.999865 0.0132004 0.00981233 -0.0505038 0.857946 -0.511251 -0.249189 0.96678 -0.056931 -0.215037 0.97481 -0.059203 -0.771432 0.633733 -0.0572393 -0.992039 -0.0407507 -0.119157 -0.993504 0.0775477 -0.0832801 -0.99501 0.0992664 0.0100232 -0.892322 0.0400417 -0.44962 -0.973549 0.0391509 -0.2251 -0.382938 0.892102 -0.239818 -0.881231 0.0710845 -0.46731 -0.903401 0.0596777 -0.424624 -0.820862 0.0313615 -0.570266 -0.68593 0.026369 -0.727189 -0.267499 0.882311 -0.387262 -0.254281 0.896901 -0.361815 -0.727592 0.0169481 -0.6858 -0.639724 0.0900426 -0.763312 -0.467612 0.0208201 -0.883688 -0.175074 0.936203 -0.304752 -0.437374 0.0197296 -0.899063 -0.344201 0.0350888 -0.93824 -0.15972 0.160474 -0.974032 0.0275472 0.916902 -0.398161 0.0834104 0.974913 -0.206369 0.0648402 0.172826 -0.982816 -0.0747749 0.134996 -0.988021 0.0221182 0.255974 -0.966431 0.301893 0.142337 -0.942656 0.463939 0.255121 -0.848336 0.428902 0.785883 -0.445455 -0.991736 0.121599 -0.0408968 -0.97775 0.20067 0.0611223 -0.88578 0.439899 0.147926 -0.841057 0.525583 -0.128008 0.926512 0.370202 -0.0672699 -0.939821 0.333732 -0.0732131 -0.869439 0.475603 -0.133707 -0.884257 0.455272 -0.10401 0.987479 0.153788 -0.0351411 -0.819695 0.562999 -0.105514 -0.825773 0.554502 -0.103083 -0.831979 0.554667 -0.0124792 0.984337 0.176288 -0.00182871 -0.865702 0.500205 -0.0188575 -0.873059 0.487302 -0.0174786 -0.902913 0.42969 0.0106897 0.997554 0.0696111 0.00629097 -0.834258 0.548949 0.0516636 -0.786618 0.615151 0.0531219 -0.824212 0.560495 0.0807449 0.988573 0.150546 0.00764972 -0.988593 0.146487 0.0350039 -0.809258 0.571668 0.135269 -0.871451 0.472177 0.132748 -0.770372 0.619349 0.151438 -0.987072 0 0.160279 -0.108328 0.0323957 0.993587 -0.60346 0.373069 0.704738 -0.383373 0.117794 0.916051 -0.582928 0.0717648 0.809348 -0.858033 0.029284 0.51276 -0.795807 0.531292 0.29055 -0.760133 0.0293204 0.649106 -0.284907 0.0670498 -0.956207 -0.802486 0.573178 -0.165782 -0.800822 0.563728 0.202223 -0.793362 0.607858 -0.0329361 -0.826549 0.556937 0.0814788 -0.642597 0.474057 0.601947 -0.811252 0.579915 0.0746188 0.784114 -0.576099 -0.230815 -0.8277 0.552118 0.100393 -0.155604 0.0636794 -0.985765 -0.865587 0.287184 -0.410224 -0.888569 0.292121 -0.35371 -0.612248 0.175522 -0.770937 -0.0536744 0.0122306 -0.998484 -0.98553 0 -0.169499 -0.192021 0.00125164 0.98139 -0.350753 0.000897965 0.936468 -0.295517 0.142248 0.944688 -0.279678 -0.00199893 0.960092 -0.121153 0.0189398 -0.992453 -0.371121 0.025407 -0.928237 -0.594882 0.280884 -0.75314 -0.711524 0.416156 -0.56617 -0.737073 0.436329 -0.516082 -0.683336 0.408456 -0.605157 -0.600629 0.355428 -0.716182 -0.638716 0.363521 -0.678155 -0.27565 0.111462 0.954774 -0.0679607 0.0349471 0.997076 -0.726366 0.429787 0.536354 -0.704608 0.411859 0.577841 -0.0691894 0.0359188 0.996957 -0.252664 0.154182 0.95519 -0.35246 0.200305 0.914139 -0.621946 0.387331 0.680557 -0.570916 0.336836 0.74873 -0.554573 0.308785 0.772722 -0.412382 0.189718 0.891038 -0.551914 0.33149 0.765183 -0.208561 0.652304 -0.728699 -0.309825 0.598803 -0.738541 -0.289616 0.598225 -0.747161 -0.434556 0.568081 -0.698889 -0.295801 0.565243 -0.770066 -0.282763 0.566067 -0.774347 -0.728588 0.385676 -0.566051 -0.633445 0.539601 -0.554598 -0.187819 0.54228 -0.818936 -0.555093 0.484979 -0.675772 -0.662841 0.427777 -0.614532 -0.485893 0.49801 -0.718258 -0.299756 0.487255 -0.820201 -0.30473 0.487707 -0.818096 -0.716992 0.370539 -0.590444 -0.454315 0.46435 -0.760248 -0.291396 0.448358 -0.845023 -0.554166 0.408414 -0.725326 -0.547677 0.415435 -0.726267 -0.337103 0.427891 -0.838613 -0.535862 0.395653 -0.745863 -0.315603 0.403951 -0.858614 -0.707264 0.251078 -0.660862 -0.290071 0.364896 -0.884709 -0.349878 0.381718 -0.855498 -0.70007 0.299746 -0.648117 -0.716822 0.27423 -0.641064 -0.318592 0.318205 -0.892886 -0.703895 0.28672 -0.649864 -0.310725 0.321233 -0.894572 -0.648628 0.249769 -0.718956 -0.264597 0.279767 -0.922886 -0.312186 0.25528 -0.91508 -0.701413 0.175271 -0.690869 -0.262464 0.235087 -0.935867 -0.702218 0.196571 -0.684288 -0.69532 0.1894 -0.693295 -0.247145 0.190069 -0.950154 -0.305677 0.200256 -0.930838 -0.690063 0.209729 -0.692696 -0.519565 0.175046 -0.836308 -0.224526 0.144752 -0.963657 -0.29092 0.122399 -0.948886 -0.145686 0.0995162 -0.984313 -0.76283 0.0891343 -0.640426 -0.470068 0.0996021 -0.876992 -0.555742 0.117639 -0.82299 -0.140376 0.102936 -0.984733 -0.234011 0.119609 -0.964848 -0.388057 0.212267 0.896858 -0.275385 0.131371 0.952315 -0.288885 0.0967748 0.95246 -0.297577 0.0960311 0.949856 -0.352111 0.113101 0.9291 -0.651269 0.0939279 0.753011 -0.143598 0.147007 0.978657 -0.711555 0.148979 0.686655 -0.104538 0.195079 0.975201 -0.408869 0.156506 0.899073 -0.277913 0.165513 0.94624 -0.370146 0.180726 0.911224 -0.13716 0.241324 0.960703 -0.746914 0.142703 0.649427 -0.731676 0.114057 0.672042 -0.228977 0.243222 0.942557 -0.343508 0.22492 0.911819 -0.492816 0.241828 0.835854 -0.165395 0.286113 0.943814 -0.774642 0.174605 0.607818 -0.742119 0.155058 0.652086 -0.219843 0.296554 0.929368 -0.474088 0.261836 0.840644 -0.18372 0.329982 0.925937 -0.777666 0.201148 0.59563 -0.317548 0.352437 0.880313 -0.508785 0.289067 0.810912 -0.322227 0.347967 0.880391 -0.205337 0.373166 0.904756 -0.752942 0.238997 0.613154 -0.733973 0.256013 0.62908 -0.160454 0.420255 0.893107 -0.722459 0.353987 0.593924 -0.453958 0.383838 0.804108 -0.275598 0.424901 0.862267 -0.76043 0.252121 0.598482 -0.181559 0.46085 0.868708 -0.780836 0.272744 0.562055 -0.449889 0.386198 0.805264 -0.244209 0.493156 0.83496 -0.221585 0.498128 0.838313 -0.780509 0.287165 0.555286 -0.393802 0.474684 0.787144 -0.497535 0.424476 0.756491 -0.15382 0.545455 0.823904 -0.696235 0.381558 0.608005 -0.630187 0.383341 0.675214 -0.416177 0.512497 0.751095 -0.661648 0.413927 0.625209 -0.0985143 0.588895 0.802183 -0.258116 0.547339 0.796113 -0.774319 0.38409 0.502897 -0.412161 0.515405 0.75132 -0.476261 0.531308 0.700633 -0.202624 0.616683 0.760688 -0.191462 0.619823 0.761027 -0.766459 0.3859 0.513441 -0.771497 0.39028 0.502468 -0.435429 0.559894 0.704926 -0.205402 0.652749 0.729197 0.808489 -0.478902 -0.342051 0.171715 0.731391 -0.659986 0.57163 0.206371 -0.794135 0.278824 0.815863 -0.506581 0.318589 0.194 -0.927828 0.31394 0.0964849 -0.944528 0.445985 0.28688 -0.847819 0.657182 0.199032 -0.726979 -0.319484 0.534385 -0.782536 -0.408623 0.414324 -0.813242 -0.886061 0.00446691 -0.463547 -0.820011 -0.00661339 -0.57231 -0.824022 -0.00490713 -0.566536 -0.613497 -0.544024 -0.572415 -0.884909 0.309713 -0.34787 -0.999958 -0.00782522 0.00477988 -0.999087 0.0163365 -0.0394777 -0.991511 0.0028762 -0.129989 -0.845407 0.306239 -0.437613 -0.933974 -0.00058925 -0.357341 -0.782636 0.0441818 -0.62091 -0.549934 0.0140654 -0.83509 -0.528986 -0.00619051 -0.848608 -0.756645 0.251067 -0.6037 -0.43988 0.0232215 -0.897757 -0.975356 -0.00744068 -0.220513 -0.966399 -0.0321146 -0.255032 -0.553548 0.00474459 -0.832804 -0.316725 0.0174992 -0.948356 -0.189302 -0.00762406 -0.981889 -0.76606 0.283869 -0.57669 -0.649831 0.318442 -0.690155 -0.703458 0.520349 -0.484131 -0.627594 0.567565 -0.532913 -0.825021 0.44913 -0.342961 -0.841076 0.414747 -0.347241 -0.143571 0.0333303 -0.989079 0.765066 -0.517852 0.382757 -0.87032 0.270248 -0.411714 -0.455013 0.211349 -0.86504 -0.996317 0.0155087 -0.0843304 -0.369502 0.109536 -0.922752 -0.126934 0.0258111 -0.991575 0.000579997 0.0654753 -0.997854 0.0397136 0.747532 -0.663038 -0.0953473 0.220463 -0.970724 0.103465 0.971201 -0.214623 -0.130561 -0.959292 0.250426 -0.210202 0.965567 0.153283 -0.772394 0.634523 -0.0280775 -0.995332 -0.0114358 -0.0958286 -0.99561 -0.0227347 -0.0907973 0.313382 0.454093 0.834021 -0.0682552 0.974866 0.212081 0.475511 0.462845 0.748107 0.24555 0.203484 0.947787 0.49635 -0.0541609 0.866431 0.369846 0.35055 0.860424 0.500104 -0.0636418 0.863624 -0.783147 0.261041 0.564392 0.105665 0.44429 0.88963 -0.462559 0.575027 0.674821 -0.817997 0.0827803 0.569234 -0.796419 0.354132 0.490211 0.823624 -0.0180129 -0.56685 -0.746886 0.39137 0.537579 -0.489448 -0.00765977 0.871999 -0.448378 0.0359645 0.89312 -0.59356 0.0244419 0.804418 -0.705008 -0.00385561 0.709189 -0.717287 0.0292064 0.696166 -0.700161 -0.00515335 0.713966 -0.880131 -0.0137147 0.474533 -0.97147 0.00192901 0.237156 -0.985101 -0.00802028 0.17179 -0.991089 0.00280749 0.133176 -0.852011 0.325442 0.410079 -0.900722 0.275298 0.336022 -0.0961287 -0.0433618 0.994424 -0.793426 0.297299 0.53112 -0.232513 0.197823 0.952263 -0.589025 0.0430926 0.806965 -0.999593 0.020012 0.0203356 -0.999824 0.0155982 0.0103928 -0.860385 0.400386 0.315323 -0.363438 0.657784 0.659722 -0.858537 0.383127 0.340775 -0.867907 0.3639 0.338103 -0.999581 0.0191587 0.0217211 0.679166 -0.59277 -0.432849 -0.923868 0.233438 0.303274 -0.726928 0.0271813 0.686175 -0.475735 0.214795 0.852959 -0.745638 0.184329 0.64035 -0.825948 0.0306372 0.562913 -0.190101 0.458914 -0.867905 -0.996858 -0.00825792 0.0787743 -0.986415 -0.157632 -0.0462295 -0.895603 0.443541 0.0341611 -0.439374 0.841052 -0.315568 -0.724339 0.688683 -0.0324051 -0.241247 0.496301 0.833958 -0.262224 0.946005 -0.190562 -0.0247339 -0.9967 -0.0773148 0.00503378 0.999005 0.0443215 -0.130378 0.2407 0.961803 -0.368528 0.139484 0.919093 -0.34 0.00650513 0.940403 -0.293253 0.00824129 0.955999 0.0445902 0.00768026 0.998976 -0.192293 -0.00171357 0.981336 -0.0470917 0 0.998891 -0.0112776 0.000685519 -0.999936 -0.288145 0.78996 0.541235 -0.0372777 0.822349 0.567761 -0.0858895 0.993518 -0.0744712 -0.0369792 0.760575 0.648196 -0.0219651 0.463784 0.885676 -0.022565 0.437239 0.899062 -0.24514 0.0340523 0.968889 -0.372751 0.0319871 0.92738 -0.0997917 0.0417887 0.99413 -0.0219122 -0.982888 -0.182899 -0.463528 0.885327 0.0365891 -0.847549 0.524086 0.0836317 -0.346027 0.935412 0.0725894 -0.655025 0.75348 0.0566643 -0.594872 0.799401 0.0841826 -0.452096 0.876724 0.164206 -0.375654 0.897921 0.229395 -0.362085 0.88174 0.302374 -0.088429 -0.993874 0.066294 -0.0523605 0.998549 -0.012616 -0.111484 0.0483722 -0.992588 -0.107848 0.704779 -0.701182 -0.167746 0.0378359 -0.985104 -0.371052 0.0318337 -0.928066 -0.162413 0.983839 -0.0753832 -0.462422 0.872494 -0.157858 -0.344543 0.931402 -0.117393 -0.992608 0.121362 0.000454882 -0.994621 0.0181305 0.101981 -0.976836 0.21397 -0.00282598 -0.920092 0.391638 -0.00706338 -0.902486 0.0508078 -0.427712 -0.827027 0.562099 -0.00847246 -0.690225 0.723564 -0.00665393 -0.584455 0.811417 -0.00370683 -0.425696 0.904864 0.00218771 -0.621292 0.0443355 -0.782324 -0.267041 0.963637 0.00964916 -0.596098 0.107803 -0.795642 -0.370945 0.928648 0.003464 -0.282245 -0.0116102 -0.959272 -0.0416384 0.0417517 -0.99826 -0.077276 0.917947 -0.389105 -0.281037 0.585664 -0.760274 -0.997581 0.0695109 0 -0.110196 0.99391 0.000208232 -0.0509468 0.998701 0 -0.0508294 0.996401 0.0678403 -0.174932 -0.00157181 0.984579 -0.256291 -0.0151302 0.966481 -0.550529 0.038275 0.833938 -0.856114 0.0729393 0.511613 -0.966503 0.256652 -0.00164972 -0.966074 0.0230971 -0.257232 -0.303967 0.694735 0.65188 -0.134743 0.89362 0.42812 -0.976834 0.21397 -0.00340397 -0.920113 0.391648 0.00187713 -0.827048 0.562113 0.00456068 -0.690234 0.723573 0.00429347 -0.584458 0.811421 0.00241224 -0.425696 0.904864 -0.00202092 -0.267044 0.96365 -0.00814718 -0.398725 0.917069 -0.00135251 -0.609375 -0.14619 0.779288 0.0947468 0.0313981 0.995006 -0.0813863 0.86409 0.496714 -0.159092 0.982513 0.0967344 -0.511563 0.856704 0.0660397 -0.0403007 0.712563 0.70045 0.94771 0.0407809 0.316516 -0.316793 0.0716354 0.945786 -0.112381 0.0146003 -0.993558 -0.289657 0.954387 0.0724113 -0.0369803 0.999314 0.00187462 -0.151937 0.987547 -0.0408137 -0.456379 0.815353 -0.356256 -0.55284 0.783225 -0.284475 -0.671841 0.711034 -0.207509 -0.787682 0.592205 -0.169853 -0.799442 0.588531 -0.120514 -0.587881 0.774448 -0.233723 -0.883652 0.458385 -0.0950931 -0.353942 0.935228 -0.00856784 -0.195956 0.973548 -0.117496 -0.0230023 0.735564 -0.677064 -0.458581 0.0162387 -0.888504 -0.371983 0.0147534 -0.928122 -0.39229 0.0148078 -0.919722 -0.0127444 0.0243453 -0.999622 -0.0149804 0.022512 -0.999634 -0.0132083 0.0218191 -0.999675 -0.0133515 0.015862 -0.999785 -0.0154631 0.355807 -0.934431 -0.504695 0.603703 -0.617111 -0.0684913 0.695874 -0.714891 -0.044966 0.736217 -0.67525 -0.0301805 0.799147 -0.600378 -0.0177684 0.891665 -0.452347 -0.00482754 0.000981643 -0.999988 -0.382741 0.242611 -0.891431 -0.155597 0.0127728 -0.987738 -0.45864 0.00288539 -0.888618 -0.372019 0.00491148 -0.928212 -0.348681 0.219871 -0.911086 -0.274668 0.0777005 -0.958395 7.37408e-05 0.00244948 -0.999997 -0.149534 0.0817594 -0.98537 -0.293087 0.00556278 -0.95607 -0.188188 0.396601 0.898495 -0.749486 0.173285 -0.638939 -0.688016 0.131259 -0.713727 -0.459624 0.322601 -0.82745 -0.532676 0.29439 -0.793468 -0.413192 0.279266 -0.866766 -0.430801 0.273708 0.859938 -0.562519 0.323277 0.760963 -0.439463 0.136327 0.887855 -0.679677 0.165452 0.714608 -0.386249 0.0291299 0.921934 -0.685172 0.113509 0.719483 -0.79405 0.132413 0.593255 -0.52617 0.0128538 0.850282 -0.787875 0.184651 0.587501 -0.543501 0.0330704 0.838757 -0.471389 0.0460912 0.88072 -0.364822 -0.00498561 0.931064 -0.391759 0.0136613 0.919966 -0.780836 0.168657 0.60154 -0.439009 -0.0432481 0.897441 -0.734681 0.117175 0.668217 -0.672416 0.104591 0.732746 -0.650829 0.0861378 0.754322 -0.70547 0.139983 0.694778 -0.594982 0.0566815 0.801738 -0.492674 -0.0317993 0.869633 0.814013 -0.130099 -0.566089 -0.817798 0.212591 0.534801 0.679543 -0.343802 -0.64809 -0.98333 -0.181508 0.0108563 -0.985395 0.023261 0.168691 -0.812302 0.2116 0.543499 -0.161524 -0.251027 0.954408 0.822347 -0.273275 -0.499065 -0.981132 -0.000925944 0.193335 -0.812252 0.21184 0.54348 -0.994826 0.0269372 0.0979541 -0.991168 0.0421419 0.125742 -0.821287 0.198555 0.534849 -0.95113 0.09089 0.295113 -0.838121 0.17453 0.516809 -0.817062 0.159185 0.554139 -0.822459 0.172176 0.542141 -0.814515 0.13143 0.565059 -0.783597 0.168646 0.597942 -0.388406 0.315158 0.86592 -0.98849 0.0537679 0.14141 -0.643174 0.294659 0.706756 -0.640256 0.292806 0.710166 -0.985522 0.0613565 0.158054 -0.939582 0.0983427 0.327895 -0.670755 0.290241 0.682531 -0.0279259 0.169042 0.985213 -0.943608 0.00184571 0.331059 -0.982673 0.00474679 0.185285 -0.946826 0.00288786 0.321732 -0.896869 0.00206101 0.442291 -0.825586 0.00214681 0.564273 -0.731755 0.00309591 0.681561 -0.733496 0.00305866 0.679687 -0.592926 0.0111668 0.80518 -0.306415 0.0028867 0.951894 -0.268004 0.00266892 0.963414 -0.355027 0.0021296 0.934853 -0.0454026 0.0602588 0.99715 -0.0813099 2.74946e-06 0.996689 -0.997896 2.43111e-05 0.0648327 0.0375697 0.0720768 0.996691 -0.0108391 0.349429 0.9369 -0.0416198 0.626111 0.778623 -0.0466588 0.768184 0.638526 -0.0182291 0.996679 0.0793706 0.00301066 -0.999671 -0.0254708 -0.0100346 0.999783 0.0182635 -0.259324 -0.00135918 0.965789 -0.342073 0.12668 0.931095 -0.268005 -0.000947631 0.963417 -0.350279 0.00200571 0.936643 -0.948389 0.0169056 -0.316658 -0.736994 0.669016 0.0962134 -0.731703 0.012348 0.681512 -0.82552 0.0128005 0.564228 -0.896806 0.0120993 0.442259 -0.94678 0.0102807 0.321717 -0.98266 0.00708311 0.185282 -0.99956 0.000625959 -0.0296607 -0.999144 0.0394801 0.0123205 0.0023422 0.0087118 0.999959 -2.70949e-05 0.996302 0.0859262 -0.00898368 0.960458 0.278279 -0.00447365 0.971512 0.236949 -0.0154278 0.898923 0.437835 -0.0159613 0.831093 0.555905 -0.0204341 0.747417 0.664041 -0.0328585 0.328218 0.94403 -0.0218014 0.626845 0.778839 -0.0329037 0.348393 0.936771 -0.051755 0.000888006 0.998659 -0.0213078 0.715736 0.698046 0.0458036 -0.145939 -0.988233 0.05226 -7.57881e-05 -0.998634 -0.00848645 0.999623 0.026105 -0.0458036 0.145939 0.988233 0.998512 0.0175736 0.0516209 -0.0534133 0.748766 0.660679 0.0493146 0.996995 -0.0597388 0.0111017 0.0651459 0.997814 0.916445 0.396625 -0.0530825 -0.0680199 0.89691 0.436951 -0.0759272 0.93216 0.353995 0.417657 0.117231 -0.90101 0.574545 0.283134 0.767941 -0.417657 -0.117231 0.90101 0.973623 0.173448 0.148234 0.406664 0.11212 0.906672 0.289969 0.0416714 0.956128 0.562859 0.821111 0.0946915 -0.0188762 0.896529 0.442583 0.9808 0.175783 0.0844464 0.477917 0.121567 0.869952 0.676354 0.17536 0.715398 0.809846 0.196581 0.552725 0.986011 0.132129 0.101612 0.876587 0.197559 0.438824 0.499521 0.198655 0.843217 0.428279 0.448324 0.784591 0.42159 0.509851 0.749876 0.442829 0.562653 0.698085 0.976119 0.0370082 0.214059 0.488128 0.600115 0.633714 0.589747 0.63914 0.493658 0.682462 0.533378 0.499754 0.620269 0.613588 0.488647 0.563113 0.685479 0.461544 0.512634 0.752401 0.413641 0.791273 0.605574 0.0846582 0.485349 0.796692 0.360164 0.480514 0.82456 0.298675 0.490809 0.83755 0.240033 0.519722 0.836333 0.174459 0.043826 -0.734604 -0.677079 0.603986 0.166533 0.779402 0.398795 0.91704 0 0.999735 0.0175151 0.014936 0.58742 0.0209885 0.80901 0.00288593 0.478513 0.878076 0.711052 -0.00039527 0.70314 0.746776 0.0363967 0.664079 0.835682 0.130049 0.533595 0.874992 0.1561 0.458281 0.107706 0.00348306 0.994177 0.446461 0.0278656 0.894369 0.30383 0.0124879 0.952644 0.288584 0.00778384 0.957423 -0.00500485 0.298672 0.954343 -0.449431 0.0327786 -0.892714 -0.445413 0.0265323 -0.894932 -0.785445 0.128648 -0.605413 0.688859 -0.111271 0.716305 -0.452937 -0.00363371 -0.891535 -0.507639 0.0282578 -0.861106 -0.504847 0.0343458 -0.862525 -0.638595 0.0754473 -0.765836 -0.68265 0.120301 -0.720775 -0.687963 0.121334 -0.715531 -0.607447 0.0602797 -0.79207 -0.667584 0.0981519 -0.738037 -0.979208 0.0651354 -0.192119 -0.967 0.0442087 -0.25091 -0.805371 0.239452 -0.542255 -0.795411 0.175872 -0.579992 -0.637064 -0.276615 -0.719468 -0.644619 -0.259503 -0.719114 -0.708975 0.0353429 -0.704347 -0.664124 0.106381 -0.740015 -0.59515 0.0489142 -0.802125 -0.966751 0.0273948 -0.254248 -0.974785 -0.012016 -0.222822 -0.985281 -0.0804443 -0.150833 -0.790942 0.152409 -0.592607 -0.814128 0.250296 -0.523973 -0.812332 0.197321 -0.5488 -0.812762 0.196573 -0.548431 -0.982606 0.0602155 -0.175669 -0.98604 0.0530956 -0.157815 -0.817434 0.203282 -0.53896 -0.812904 0.160799 -0.55976 -0.814734 0.157605 -0.558005 -0.939647 0.0838694 -0.331706 -0.937178 0.106279 -0.332268 -0.437242 0.320584 -0.840265 -0.827876 0.191615 -0.527168 -0.32687 0.410981 -0.851029 -0.0814776 0.256988 -0.962974 -0.0776502 0.128489 -0.988666 -0.766664 0.243043 -0.59427 -0.785316 0.235807 -0.572429 -0.947735 0.113657 -0.298129 -0.210533 0.0425141 -0.976662 -0.233066 0.060097 -0.970602 -0.61643 0.00120456 -0.787409 -0.530291 0.00183977 -0.847814 -0.470355 0.00169671 -0.882475 -0.713875 0.00379434 -0.700263 -0.696123 0.00429202 -0.717909 -0.814729 0.00204699 -0.579838 -0.909843 0.00158271 -0.41495 -0.966504 0.00254281 -0.256641 -0.955271 0.00197205 -0.295727 -0.0919401 -4.22166e-05 -0.995765 -0.080952 0 -0.996718 -0.274642 -0.000252276 -0.961546 -0.210724 0 -0.977546 -0.994741 0.000171725 -0.102418 -0.998802 1.83561e-05 -0.0489397 -0.0733858 -0.422134 -0.903558 -0.189706 0.703008 0.685413 -0.394771 -0.00170925 -0.918778 0.426784 0.000415728 0.904353 -0.463882 0.00179869 -0.885895 -0.713856 0.00812506 -0.700245 -0.814693 0.00959651 -0.579813 -0.909804 0.0093087 -0.414933 -0.966481 0.00732753 -0.256635 -0.996158 0.0727072 -0.0488101 -0.999093 0.0007232 0.0425814 -0.999048 0.0409823 -0.0149408 -0.109515 0.801929 -0.587296 0.000961885 0.346711 -0.937971 -0.664279 0.743989 -0.0722132 -0.0992871 0.841689 -0.530757 -0.0764738 0.601325 -0.795336 -0.0284013 0.999594 -0.00218453 -0.0202251 0.999641 0.017573 0.00380618 0.930466 -0.366358 0.00416751 0.665324 -0.746543 -0.00039157 0.999945 -0.0104943 -0.0146904 0.405168 0.914124 -0.00722834 0.97636 -0.216031 -0.0101348 0.929226 -0.369372 -0.0194934 -0.113189 -0.993382 -0.0245382 -0.138284 -0.990089 -0.0194362 0.709153 -0.704786 -0.0156741 0.392874 -0.919459 -0.0479358 0.209354 -0.976664 -0.0365054 0.296358 -0.954379 -0.0128292 0.468531 -0.883354 -0.000889748 0.999981 -0.00609098 -0.017737 0.94289 -0.332633 -0.0276886 0.84801 -0.529257 -0.0379857 0.697237 -0.715833 -0.0425691 0.566258 -0.823128 -0.0521462 0.0818619 -0.995279 -0.050381 0.00510032 -0.998717 -0.0440412 0.136422 -0.989671 0.0308795 0.999127 0.0281487 0.999546 -0.0193674 -0.0230856 -0.0270526 0.638939 -0.768782 -0.0201375 0.814844 -0.57933 -0.0211571 0.996711 -0.0782329 0.778818 0.088928 -0.620914 0.93084 0.365423 -0.00163804 -0.00770656 0.770996 -0.636793 -0.0377378 0.770055 -0.636861 -0.285431 0.952846 -0.103023 0.95122 -0.134156 -0.277817 0.723064 0.688955 0.0501981 0.0544925 0.000711213 0.998514 0.388347 0.10752 -0.915219 0.957873 0.145853 -0.2474 0.381996 0.0388473 -0.923347 0.334602 0.941251 -0.0456987 0.981833 0.176372 -0.0699771 0.408327 0.0977224 -0.90759 0.465154 0.170887 -0.868579 0.526908 0.22288 -0.820178 0.595512 0.265791 -0.758103 0.661677 0.297882 -0.688077 0.60713 0.280053 -0.743615 0.559792 0.389795 -0.731226 0.848372 0.159281 -0.504871 0.539874 0.459125 -0.705507 0.53782 0.512948 -0.669055 0.552329 0.559343 -0.618117 0.577328 0.595086 -0.559074 0.622809 0.619145 -0.478298 0.631346 0.60636 -0.483457 0.601774 0.660325 -0.449266 0.575019 0.713948 -0.399539 0.561774 0.760282 -0.326162 0.578877 0.778617 -0.242194 0.570885 0.785158 -0.240038 0.456619 0.870498 -0.183665 0.366859 0.923032 -0.115868 0.571023 0.820682 -0.0203264 0.967967 0.190571 -0.16347 0.736005 0.667281 -0.114158 0.34636 0.938102 0 0.995203 0.0976808 0.00545502 0.257474 0.402981 -0.878245 0.197841 0.384614 -0.901627 0.63366 0.111156 -0.765585 0.733082 0.0238083 -0.679723 0.876211 0.0167045 -0.481638 0.643153 0.00847923 -0.765691 0.0526276 -5.57727e-05 -0.998614 0.178632 0.00461202 -0.983905 0.562479 -0.0252421 -0.826426 0.236192 0.0277419 -0.97131 0.153319 0.00682834 -0.988153 0.309034 0.0209718 -0.95082 -0.00363692 0.451042 -0.892495 0.634689 0.0838682 -0.768203 0.331419 0.030798 -0.942981 0.452553 0.882802 -0.125924 0.982594 0.162568 0.0898914 0.878875 0.462354 -0.117507 0.907785 0.137981 -0.39609 7.02422e-05 -0.999051 0.0435472 0.0131536 0.999213 -0.0374271 -0.00248093 0.995119 -0.0986479 -0.00697241 0.983403 -0.181302 0.00738754 0.961086 -0.27615 0.00204366 0.998966 -0.0454279 0.00829265 0.919367 -0.393313 0.00671676 0.865711 -0.500499 0.00299647 0.794955 -0.606661 -0.00127179 0.732882 -0.680354 -0.000221882 0.556788 -0.830654 -1.11519e-05 0.999324 -0.0367667 -0.00105734 0.727891 -0.685692 0.000445294 0.619422 -0.785058 0 0.530198 -0.847874 0.294874 -0.955535 0.00132088 -0.298924 0.954231 -0.00934897 -0.00021905 0.794959 -0.606664 0.00263761 0.865728 -0.500509 -0.00394885 0.919392 -0.393323 -0.0048561 0.747361 -0.6644 -0.00142607 0.961111 -0.276157 -0.000464746 0.983427 -0.181307 0.000109202 0.973015 -0.230741 -0.000553711 0.995122 -0.0986482 -4.02591e-05 0.999454 -0.033036 -0.161386 0.983703 -0.0792703 0.00108326 0.606582 -0.79502 -0.0440099 0.664403 -0.746078 -0.0488626 0.850424 -0.523824 -0.0358518 0.929847 -0.366196 -0.144716 0.951916 -0.270026 -0.0359091 0.972138 -0.231644 -0.133749 0.986026 -0.0993214 -0.0613483 0.6012 -0.79674 -0.128438 0.772133 -0.622346 -0.0381908 0.968716 -0.245215 -0.24146 0.970411 0 0.294687 -0.955591 -0.0022117 -0.207744 0.79447 0.570666 -0.295925 0.955172 0.00867143 -0.297883 0.942259 0.153016 -0.297366 0.912223 0.281822 -0.10379 0.949645 0.29564 -0.296663 0.934325 0.197556 0.197261 -0.886575 -0.418418 -0.000339681 0.999965 -0.00830399 -0.0294792 -0.998807 0.0389196 -0.152652 0.881472 0.446883 -0.150322 0.872763 0.464422 -0.160651 0.862873 0.47921 -0.0640461 0.981218 0.181961 0.000953439 0.920629 0.390437 -0.108533 0.934482 0.339065 -0.0192843 0.683087 0.730082 -0.0299134 0.985046 0.169676 -0.00141432 0.71093 0.703261 -0.00177129 0.831371 0.555715 -0.00144307 0.845575 0.533855 0.00163598 0.909368 0.41599 -0.000141829 0.959025 0.283322 9.91901e-05 0.984384 0.176033 0.000921634 0.989444 0.144915 0.011188 0.993874 0.109952 -0.122011 0.880881 0.457343 -0.0411738 0.807326 0.588668 -0.0727263 0.703212 0.70725 -0.062435 0.882742 0.465691 -0.0586773 0.893618 0.444977 -0.0258166 0.580579 0.813795 -1.66196e-05 0.636607 0.771188 0 0.534621 0.845092 9.92923e-05 0.553654 0.832747 -0.000141961 0.6227 0.782461 0 0.996117 0.0880402 -8.26845e-06 0.999687 0.0250141 0 0.9996 0.0282657 -0.590654 0.431399 0.681925 -0.0244406 0.999389 0.0250066 -0.998812 0.0244455 0.0421439 -0.673515 0.401277 0.620769 -0.00558029 0.816977 0.576644 -0.498032 0.486561 0.71779 -0.0130258 0.710871 0.703202 -0.299914 0.526632 0.795431 -0.00507891 0.895088 0.44586 -0.00602873 0.800929 0.598729 -0.00783046 0.920601 0.390426 -0.462259 0.472537 0.75035 -0.00576936 0.881355 0.47242 -0.00539194 -0.796815 -0.6042 -0.00175685 0.912413 0.409267 -0.295338 0.910018 0.290934 -0.840355 0.542028 0.00290726 0.999978 0.00394032 0.00541168 -0.205743 0.916766 0.34236 -0.758156 0.345158 0.553232 -0.349152 0.863402 0.364183 -0.279632 0.894302 0.349328 -0.432637 -0.901561 0.00354771 -0.458839 0.888397 0.0147423 -0.499038 0.866468 0.0139472 -0.575638 0.817604 0.012843 0.739435 0.673189 0.00727261 -0.667803 0.387756 0.635362 -0.68087 0.648294 0.34078 -0.757515 0.355568 0.547488 -0.737264 0.575704 0.353565 -0.922581 0.198735 0.330678 -0.873263 0.487029 0.0146669 0.0764074 -0.99707 0.00359635 -0.654374 0.75614 0.00688829 -0.90708 0.42095 0.00259898 -0.938816 0.344412 0.00212499 -0.959233 0.28261 0.00209283 -0.902604 0.430471 0.00130494 -0.964028 0.135547 0.228641 -0.993519 0.0673888 0.0915352 -0.966892 0.130179 0.219485 -0.952271 0.0690469 0.297343 -0.0363849 0.499687 0.865442 -0.999808 0.00933519 0.0172077 -0.0517824 0.0400189 0.997856 -0.0203461 0.283875 0.958645 -0.536215 0.413546 0.735835 0.022286 0.463007 0.886074 -0.394915 0.422118 0.816002 -0.0253772 0.313467 0.94926 -0.498009 0.386306 0.776373 -0.0260327 0.0608605 0.997807 -0.00541892 0.317559 0.948223 -0.26233 0.140624 0.954677 -0.632543 0.29924 0.714384 -0.555441 0.0185372 0.831349 -0.873062 0.21476 0.437769 -0.922229 0.168113 0.348183 -0.412648 0.0203711 0.910663 -0.931754 0.15506 0.328315 -0.619672 0.0288427 0.784331 -0.550568 0.038694 0.833893 -0.945677 0.128602 0.29859 -0.728192 0.0205237 0.685065 -0.890554 0.0117142 0.454728 -0.97051 0.0151839 0.240583 -0.936353 0.00926381 0.350938 -0.0518239 0.000149954 0.998656 -0.107098 -9.04888e-05 0.994249 -0.198572 0.000854206 0.980086 -0.995269 0.000812702 0.0971504 -0.657807 -0.00232152 0.753183 -0.550979 0.00256685 0.834515 -0.873523 0.00177841 0.48678 -0.728345 0.00191506 0.685208 -0.375015 0.00324318 0.927013 -0.271935 -0.000344126 0.962316 -0.953721 0.0254841 0.299611 -0.398168 0.0383636 0.91651 -0.583413 0.0260852 0.811756 -0.984524 0.0128592 0.174777 -0.509547 0.122108 0.851735 -0.140719 0.0251846 0.989729 -0.899733 0.0129892 0.436248 -0.878722 0.00120499 0.477332 -0.884641 0.0219376 0.465757 -0.638433 0.0793007 0.765581 -0.653977 0.0350139 0.755704 -0.991288 5.75856e-05 0.131713 -0.965523 0.00384452 0.260288 -0.617825 0.727956 0.297273 -0.969099 0.0232007 0.245577 -0.923628 0.080645 0.374711 -0.385561 0.688057 0.614752 -0.952956 0.237517 0.188308 -0.441353 0.680506 -0.58491 -0.711507 0.446472 -0.542605 -0.718808 0.44243 -0.536255 -0.482825 0.802177 -0.351272 -0.75567 0.346271 -0.555931 -0.0728362 0.996922 -0.0290202 -0.751493 0.227365 -0.619324 0.0209124 0.816323 -0.577217 -0.5281 0.69724 -0.484733 -0.512098 0.782332 -0.354558 -0.0178582 0.991886 -0.125872 -0.0539686 0.759718 -0.64801 -0.76117 0.21983 -0.61016 -0.0407338 0.0321587 0.998652 0.159196 0.572639 0.804203 -0.168126 0.791469 0.587632 -0.461483 0.344509 0.817525 -0.0356448 0.993198 0.110852 -0.714095 0.353781 0.604076 -0.512456 0.719851 0.468191 -0.543154 0.698929 0.465275 -0.0162534 0.815774 0.578142 -0.774958 0.30089 0.555793 -0.438024 0.850856 0.290135 -0.201149 0.948406 0.245081 -0.647696 0.70268 -0.294502 -0.701101 0.112886 -0.704069 -0.993623 0.111467 -0.0169704 -0.653709 0.515803 -0.553725 -0.906264 0.175797 -0.384424 -0.756011 0.201702 -0.622706 -0.383929 0.6462 -0.659563 -0.864717 0.0162928 -0.501995 -0.966583 0.0193576 -0.255622 -0.992016 0.000777577 -0.126109 -0.36752 0.0382401 -0.929229 -0.56267 0.0205319 -0.826427 -0.291015 0.000289491 -0.956719 -0.979309 0.0209057 -0.201287 -0.527329 0.0784993 -0.846027 -0.341735 -0.00242931 -0.939793 -0.488816 0.0105499 -0.872323 -0.988206 -0.00112132 -0.153125 -0.854468 0.00794353 -0.519444 -0.137336 0.00136548 -0.990524 -0.904766 -0.00483921 -0.425882 -0.942159 0.00787491 -0.335073 -0.639475 0.00071249 -0.768812 -0.783219 0.00270322 -0.621741 -0.474673 0.00283631 -0.880158 -0.998789 0.000584409 -0.0491961 -0.921288 0.182141 -0.34359 -0.954325 0.138036 -0.264971 -0.972969 0.101787 -0.207293 -0.0682697 0.0286742 -0.997255 0.0732956 0.0383236 -0.996574 -0.0410406 0.163607 -0.985672 -0.466321 0.0137318 -0.884509 -0.467815 0.0137239 -0.88372 -0.0386514 0.292431 -0.955505 -0.543972 0.0530315 -0.837426 -0.741191 0.0229615 -0.670901 -0.72223 0.0332668 -0.690853 -0.0241 0.223732 -0.974353 -0.539946 0.406896 -0.736814 -0.177279 0.438203 -0.881221 -0.82986 0.0224862 -0.557519 -0.991321 0.0061962 -0.131315 -0.440143 0.409539 -0.799094 -0.954405 0.00641736 -0.298445 -0.9752 0.00839091 -0.221167 -0.662122 0.311935 -0.681389 -0.713704 0.302104 -0.631949 -0.0396382 0.499625 -0.865334 -0.999029 0.0212582 -0.0385826 -0.0244273 0.998847 -0.0413335 -0.000375137 -0.498919 0.866648 -0.990285 0.0718032 -0.119077 -0.998753 0.024444 -0.0435404 -0.200792 0.967129 -0.156026 -0.338124 0.941101 -0.000976616 0.561219 -0.827664 -0.00240917 -0.00350084 0.867084 -0.49815 -0.00624635 0.977418 -0.211223 -0.198592 0.957775 -0.207914 -0.277209 0.940913 -0.194521 -0.336911 0.919005 -0.204747 -0.00671159 0.949382 -0.314052 -0.0381872 -0.999266 -0.0029225 -0.00892335 0.902729 -0.430118 -0.499081 0.866541 -0.00496947 -0.00803884 0.915301 -0.40269 -0.0151073 -0.121404 0.992488 -0.639239 0.768964 -0.00824599 -0.57566 0.817635 -0.00937879 0.779341 0.626558 -0.00727085 -0.0036542 0.711627 -0.702548 -0.675463 0.663888 -0.320941 -0.724461 0.604567 -0.331143 -0.00480641 0.955646 -0.29448 -0.451344 0.766694 -0.456583 0.0666818 -0.997754 -0.00639502 -0.250386 0.658347 -0.70985 -0.873302 0.487051 -0.0111711 -0.00389623 -0.834434 0.551094 -0.90701 0.420918 -0.0127035 -0.938716 0.344375 -0.0147715 -0.00924684 0.528566 -0.848842 -0.979044 0.202764 -0.0189709 -0.958892 0.282509 -0.026733 0.999783 0.0207893 -0.00121649 -0.177538 0.515732 -0.838153 -0.967824 0.136081 -0.211657 -0.980452 0.101925 -0.168302 -0.529774 0.454841 -0.715862 -0.342834 0.53191 -0.774297 -0.837126 0.316508 -0.446142 -0.722637 0.379216 -0.577919 -2.7715e-05 0.998864 -0.0476512 0 0.999145 -0.0413458 0 0.994135 -0.10815 -0.000232369 0.949404 -0.314059 0 0.749647 -0.661838 0 0.682692 -0.730707 -2.15503e-05 0.680007 -0.733205 -2.96773e-05 0.600295 -0.799779 0 0.535573 -0.844489 -0.0139538 0.725574 -0.688003 -0.00171407 0.644343 -0.764735 -0.00214215 0.755881 -0.654706 -0.000860014 0.886003 -0.463678 -0.00101469 0.999965 0.00825899 -0.00351945 0.999622 -0.0272672 -0.151668 0.887034 -0.436081 -0.14949 0.88762 -0.435641 0.00037605 0.571329 -0.820721 -0.00920746 0.674946 -0.73781 -0.0327236 0.588999 -0.807471 -0.0269952 0.72312 -0.690195 -0.000287273 -0.905707 0.423905 -0.00122526 0.91419 -0.405283 -0.00230745 0.977434 -0.211226 0.00040621 0.902765 -0.430135 -0.0751158 0.762136 -0.643045 -0.127156 0.875424 -0.466331 3.94499e-06 0.908988 -0.416822 -0.0870198 0.730577 -0.677262 -0.0802245 0.955893 -0.282547 -0.017829 0.741206 -0.67104 -0.151616 0.883181 -0.443851 0.243946 -0.930668 0.272666 -0.146343 0.892565 -0.426512 -0.222186 0.908744 -0.353295 -0.322913 -0.814571 -0.481872 -0.108548 0.98667 -0.121243 -0.244343 0.969651 -0.00857077 -0.209253 0.897736 -0.387664 -0.201812 -0.827792 -0.523481 -0.223887 0.974615 0 -0.37779 0.925884 -0.0035857 -0.128089 0.991763 0.000450257 -0.298174 0.952035 0.0687125 -0.369712 0.922477 0.111125 -0.250841 0.937986 0.239291 -0.266743 0.948687 0.169827 -0.135709 0.961712 0.238104 -0.0353158 0.926631 0.374311 -0.048401 0.698585 0.713889 0.00347801 0.647395 0.762146 0.00174759 0.670829 0.74161 0.000473537 0.991249 0.132001 -0.263179 0.913822 0.309301 -0.181208 0.952457 0.244927 -0.151291 0.960572 0.233265 -0.123118 0.767439 0.62919 0.00105254 0.707375 0.706837 0.0009321 0.762864 0.646558 0.00141117 0.807081 0.590439 0.00139409 0.806472 0.591271 0.000841479 0.932579 0.360964 -0.0915172 0.796945 0.597079 -0.0301719 0.912632 0.407666 -0.037333 0.721555 0.69135 -0.0125619 0.992562 0.121087 0.0176427 -0.52209 -0.852708 0.00359408 0.877319 0.479894 -0.0568239 0.861232 0.505026 0 0.521417 0.853302 0.000124635 0.551452 0.834207 -6.77044e-05 0.961427 0.27506 0.000161286 0.988454 0.15152 -3.16816e-05 0.998728 0.0504217 -0.0162456 0.978168 0.207178 -0.00358053 0.977186 0.212354 -0.00780126 -0.943012 -0.332668 -0.000807118 0.945555 0.325461 -0.000312306 0.93258 0.360964 -0.000123178 0.893868 0.448331 -0.000748001 0.86263 0.505834 -0.00321074 0.807077 0.590437 -0.00566261 0.762852 0.646548 -0.00913774 0.707346 0.706808 -0.0110741 0.681885 0.731376 -0.00156662 0.593648 0.804723 -4.89105e-05 -0.564909 -0.825153 0.0564075 0.520587 0.851944 0.812959 0.560694 -0.157223 0.861462 0.160837 0.481679 0.932457 0.359726 -0.0334832 -0.900643 0.295217 0.318887 -0.0998474 0.989991 0.0997363 -0.965087 0.251358 -0.0736589 -0.498863 0.814366 -0.296553 -0.540139 0.838775 -0.0685995 -0.577206 0.81657 0.00674271 -0.546313 0.836145 0.0490301 -0.599587 0.7989 0.0474796 -0.403162 0.913104 0.0608483 -0.969944 0.154268 0.188174 -0.979974 0.142876 0.138698 -0.906029 0.325796 0.270128 -0.496208 0.837494 -0.22887 -0.512281 0.846431 -0.145336 -0.936075 0.00646897 -0.35174 -0.217396 0.973735 -0.0676644 -0.310184 0.056044 -0.949023 -0.574353 0.719424 -0.390573 -0.522417 0.778611 -0.347627 -0.448495 0.146503 -0.881697 -0.649565 0.59616 -0.471867 -0.683914 0.606476 -0.405522 -0.632234 0.658841 -0.407687 -0.616489 0.241192 -0.749511 -0.630961 0.224018 -0.742768 -0.572948 0.320954 -0.754134 -0.956386 0.191626 0.220465 -0.768544 0.166513 -0.617748 -0.548928 0.410718 -0.728003 -0.552471 0.474312 -0.685422 -0.589891 0.550602 -0.590649 -0.144121 0.989558 -0.00217377 -0.902459 0.0833798 -0.422629 -0.193154 0.981106 0.011059 -0.319692 0.072306 -0.944759 0.0103828 0.999555 -0.0279643 -0.71182 0.192481 -0.675472 -0.543999 0.0629332 -0.836722 -0.472883 0.121374 -0.872725 -0.0836275 0.0782206 -0.993422 -0.0284008 -0.986986 -0.15828 -0.000888655 0.999501 -0.0315758 0.0923157 -0.15285 -0.983928 0.185629 0.0085337 -0.982583 0.479863 0.147742 -0.864814 0.746825 0.0420791 -0.663689 0.667336 0.277652 -0.691065 -0.91578 0.368072 0.160843 -0.0817219 0.24785 -0.965346 -0.204375 0.272168 -0.940295 -0.0693211 0.99735 -0.022066 -0.752057 0.144246 -0.643119 -0.0521586 -5.21126e-05 -0.998639 -0.214643 0.911064 0.351981 0.00865207 0.99915 -0.0403143 0.00601898 0.998806 -0.0484749 0.748377 0.0761987 -0.658883 0.773179 0.12824 -0.621087 -0.196069 0.905411 -0.376548 0.0834403 0.749093 -0.657189 0.664312 0.340132 -0.665583 -0.568296 0.286493 -0.771338 -0.0755099 0.996902 -0.0220052 -0.218391 0.884294 -0.412711 -0.437258 0.414474 -0.798133 -0.213609 0.704138 -0.677171 -0.189048 0.775195 -0.602771 -0.184549 0.817076 -0.546195 -0.0715458 0.710083 -0.700474 -0.0923759 0.208208 -0.973713 -0.106582 0.123835 -0.986562 -0.0138651 0.193831 -0.980937 -0.610654 0.332071 -0.71891 -0.589768 0.443409 -0.674953 0.0454373 0.998523 -0.0297972 0.0177683 0.970242 -0.241485 0.66563 0.441188 -0.601906 -0.533901 0.334702 -0.776482 -0.576772 0.300554 -0.759606 -0.216613 0.23483 -0.947594 0.546714 0.828661 -0.120103 0.0141407 0.999498 0.0283643 0.607536 -0.363907 0.706025 0.783134 0.308582 0.539887 0.466972 -0.111802 0.877176 0.486068 -0.0749746 0.870699 0.284916 0.822771 0.491803 0.191177 0.161433 0.968189 -0.167425 0.135004 0.976598 -0.25041 0.0793699 0.964881 -0.0626873 -0.967466 0.24511 -0.346124 0.153773 0.925501 -0.624862 0.14486 0.767179 -0.796494 0.0556388 0.602081 -0.0626786 -0.967687 0.244241 -0.173015 0.98114 0.0862026 -0.825493 -0.0137702 0.564244 -0.135613 0.990762 0.000747294 -0.917236 0.241206 0.317012 0.00343436 0.990831 0.135063 -0.286121 0.94944 0.129222 -0.219457 0.151457 0.963794 -0.00529168 0.976518 0.215369 0.0255585 0.996077 0.0847183 0.0079993 0.235752 0.97178 0.167381 0.426548 0.888842 0.72413 0.240223 0.646474 0.00122441 0.35746 0.933928 0.737187 0.340428 0.583665 -0.993836 0.11044 -0.00961716 -0.981696 0.180391 -0.0610938 -0.102298 0.994457 0.0242907 -0.420355 0.73874 -0.526844 0.821059 0.0305801 0.570024 -0.890994 0.16792 -0.421821 -0.0562774 0.438876 0.896784 0.0282969 0.73498 -0.677498 -0.939585 0.20894 -0.271154 -0.907096 0.414478 -0.07338 -0.458901 0.887957 0.0306958 -0.552773 0.826219 0.108643 -0.613428 0.788816 0.0383999 -0.513533 0.839251 0.178722 -0.450876 0.845169 0.287054 0.496024 0.822118 0.279432 0.729898 0.316977 0.605619 0.741568 -0.113237 0.661253 0.442699 0.878745 0.178394 -0.468691 0.318197 0.824063 -0.538516 0.083401 0.838477 -0.537386 0.309189 0.784613 -0.5398 0.040032 0.840841 -0.414573 0.818974 0.39675 -0.444549 0.768642 0.459963 -0.52073 0.704242 0.48258 -0.608731 0.217119 0.76309 -0.55075 0.118796 0.826173 -0.595068 0.646058 0.47802 -0.705914 0.553763 0.441624 -0.693237 0.305534 0.652741 -0.846435 0.400974 0.350382 -0.803136 0.46003 0.378609 -0.862262 0.391662 0.321101 -0.838835 0.387252 0.382613 -0.77693 0.360781 0.515963 -0.571675 0.47028 0.672328 -0.0176514 0.990991 0.132763 -0.581981 0.459066 0.671236 -0.312631 0.703501 0.638238 0.0175265 0.844772 0.53484 -0.0665705 0.997753 0.00757066 -0.105421 0.985799 0.130714 -0.238695 -0.301965 0.922953 -0.38714 -0.259029 0.884888 -0.523458 -0.0372045 0.851239 -0.598373 0.336925 0.726932 -0.0312249 0.0809768 -0.996227 0.221139 0.82039 0.527312 -0.643777 0.32852 -0.691104 -0.637143 0.656159 0.404356 -0.815586 0.286209 -0.502896 0.0399823 -0.993524 0.106351 -0.033252 0.999447 -0.000433121 -0.303615 0.924464 0.230617 -0.219423 0.96954 0.108834 0.47546 0.0788653 0.876195 -0.664137 0.279981 0.693204 -0.0902459 0.189721 0.977682 0.232788 0.289792 0.928348 0.230607 0.190931 0.954131 -0.043513 0.17299 0.983962 -0.00424363 0.203699 0.979024 -0.427544 -0.074631 0.900909 -0.616219 0.342705 0.709103 -0.716843 0.131967 0.684632 -0.020333 -0.993978 -0.107674 -0.928564 0.0741468 0.363691 -0.992936 -0.11631 0.0234754 -0.0176561 -0.999757 0.0132186 -0.158629 -0.961965 0.222395 -0.833442 0.242651 0.496483 -0.889989 0.416761 -0.185013 -0.903087 0.38525 -0.189781 -0.997624 0.0686312 -0.00595679 -0.942125 0.216663 -0.255845 -0.740402 0.082111 -0.66713 -0.721502 0.054977 -0.690226 -0.588921 0.169317 -0.790256 -0.489661 0.760709 -0.426091 -0.823427 0.10476 0.557668 -0.119084 0.992271 0.034878 -0.900719 0.165222 0.401755 -0.901547 0.329802 0.280076 -0.93596 0.167346 0.309796 -0.137746 0.33384 0.932511 0.503277 0.812234 0.294937 -0.982698 0.109849 0.14912 -0.648664 0.208098 -0.732073 -0.703187 0.166808 -0.69116 -0.9747 0.22343 0.00623615 -0.660889 0.594604 -0.457898 -0.0789272 0.987348 0.137526 -0.791181 0.601686 0.109579 -0.949732 0.26235 0.170825 -0.679836 0.494258 0.541786 -0.710652 0.470544 0.523032 -0.0730974 0.995631 0.0581101 -0.540015 0.814321 0.212755 -0.688392 0.626024 0.366349 -0.647267 0.705998 0.287422 -0.821603 0.498613 0.276321 -0.951339 0.245409 0.186357 -0.0343857 0.94389 -0.328464 -0.698134 0.0885604 -0.710468 -0.766107 0.0870629 0.636789 -0.309221 0.888601 0.338779 -0.767075 0.0400087 0.640308 -0.765374 0.0118009 0.643478 -0.813825 0.409132 0.412674 -0.266397 0.584548 -0.766379 -0.746343 0.15404 0.647491 -0.0978424 0.994251 0.0434873 -0.500451 0.165968 0.849708 -0.341572 0.929337 0.140221 -0.977437 0.192523 -0.0868971 -0.11035 0.929642 0.351553 -0.714271 0.355917 0.602611 -0.79213 0.534413 0.294843 -0.650947 0.65358 0.386137 -0.9761 0.196156 -0.0935486 -0.893047 0.448156 -0.0402896 -0.736602 0.50473 0.450184 -0.668603 0.0755619 0.73977 -0.783492 -0.0846922 0.615603 -0.845142 -0.00799767 0.534482 -0.976987 0.0555446 0.205938 -0.974256 0.148489 -0.169636 -0.171236 -0.978164 -0.117787 -0.902089 0.0646709 -0.426676 -0.887472 0.0293732 -0.459925 -0.830188 0.0959767 -0.54916 -0.0767754 -0.996986 -0.011183 -0.555077 0.13026 -0.821536 -0.357591 0.059837 -0.93196 -0.39167 0.104435 -0.91416 -0.0593692 0.266555 -0.96199 0.360922 0.174317 -0.91616 0.0848002 0.730595 -0.677525 -0.0856733 0.995886 -0.0295165 -0.965472 0.0757368 -0.249253 -0.943746 0.197584 -0.26515 -0.779245 0.349734 -0.520061 -0.711035 0.321208 -0.625504 -0.799158 0.247477 0.547816 0.0753461 0.370284 0.925858 -0.596374 0.0864463 0.798038 -0.19204 0.906352 0.376359 -0.759152 0.113106 -0.64101 0.373277 0.159809 -0.913852 0.252943 0.0521976 -0.966072 -0.763533 0.558293 -0.32454 -0.821943 0.447129 -0.352824 0.822182 0.507525 -0.257751 -0.727955 0.276677 -0.627321 0.0471676 0.981113 0.187595 -0.0363344 0.999336 -0.00277291 -0.687136 0.43117 -0.584754 -0.698687 0.56527 -0.438527 -0.749998 0.284848 -0.596963 -0.00651095 0.999579 -0.028259 -0.379359 0.923008 -0.064372 -0.635594 0.738044 -0.226518 -0.834428 0.503744 -0.223545 -0.663172 0.710591 -0.235082 -0.752804 0.558777 -0.347929 -0.549043 0.722634 -0.419943 -0.770607 0.380186 -0.511492 0.263564 0.0309154 -0.964146 -0.957302 0.191794 -0.216304 -0.790863 0.466938 -0.395607 -0.977306 0.0169284 -0.211154 0.398912 0.746129 -0.533068 0.415359 0.748143 -0.517454 -0.93402 0.313116 -0.171944 0.567304 -0.68156 0.462215 0.999616 -0.0110827 0.0254038 0.70245 -0.60586 0.373494 0.393088 -0.794743 0.462457 0.9998 -0.0113417 0.0164473 0.688248 -0.603256 0.402986 0.811796 -0.489999 0.31763 0.379359 -0.791647 0.478938 0.581864 -0.644849 0.495585 0.879382 -0.389547 0.273752 0.311814 -0.743289 0.591856 0.590325 -0.654582 0.47227 0.292392 -0.80203 0.520821 0.243064 -0.775548 0.582619 -0.00367356 -0.81122 0.58473 0.950814 -0.235069 0.201732 0.166356 -0.770564 0.61527 0.590206 -0.604468 0.535046 0.2282 -0.767574 0.598961 0.290485 -0.717927 0.632613 0.789614 -0.442509 0.425083 0.109192 -0.712684 0.692935 0.127829 -0.712542 0.689887 0.285652 -0.653591 0.700872 0.174144 -0.627056 0.75926 0.673866 -0.473878 0.566872 0.0373361 -0.645022 0.763252 -0.905541 -0.275031 0.323037 0.595513 -0.51194 0.619097 0.414735 -0.595067 0.688397 0.0211938 -0.60736 0.794144 -0.960799 -0.178569 0.212081 0.604116 -0.463895 0.647955 0.278168 -0.5454 0.790672 0.00655293 -0.606588 0.79499 0.754151 -0.397373 0.52283 0.260092 -0.50897 0.82055 0.657328 -0.381205 0.650079 0.568392 -0.425199 0.70437 0.111094 -0.503948 0.85656 0.228283 -0.471988 0.851536 0.9723 -0.130061 0.194209 0.0796075 -0.440193 0.894367 0.919419 -0.186834 0.346066 0.924425 -0.179506 0.336477 0.684668 -0.309617 0.659824 0.318422 -0.438087 0.840647 0.902968 -0.158634 0.399354 0.426982 -0.358989 0.829948 0.656565 -0.285999 0.697945 0.30881 -0.313778 0.897875 0.00994462 -0.354342 0.935063 0.156805 -0.349386 -0.923765 0.990535 -0.0576027 -0.124592 0.808148 -0.247768 -0.53433 0.862687 -0.207527 -0.461199 0.863507 -0.206729 -0.460021 0.442747 -0.371398 -0.816112 0.370677 -0.409555 -0.833585 0.966085 -0.129621 -0.223333 0.877043 -0.206656 -0.433692 0.434878 -0.390741 -0.811297 0.862629 -0.219493 -0.455734 0.560105 -0.411829 -0.718804 0.858929 -0.198454 -0.472077 0.142001 -0.43712 -0.888123 0.290774 -0.463842 -0.83684 0.976144 -0.110123 -0.187123 0.759779 -0.325381 -0.562906 0.206047 -0.515799 -0.831562 0.536266 -0.539772 -0.648895 0.831658 -0.296974 -0.469203 0.217764 -0.554184 -0.803404 0.0381047 -0.547219 -0.836122 0.987472 -0.0965209 -0.124835 0.717986 -0.434041 -0.544154 -0.933143 -0.237136 -0.270206 0.286881 -0.581962 -0.760934 0.145511 -0.627329 -0.765039 0.229682 -0.628215 -0.743365 0.265647 -0.657504 -0.705068 0.0609473 -0.715638 -0.695807 0.989295 -0.109831 -0.0960818 0.769405 -0.452421 -0.450922 0.117118 -0.707908 -0.696526 0.313206 -0.712483 -0.627909 0.976377 -0.160937 -0.144178 -0.0625418 -0.76972 -0.635311 0.236608 -0.759278 -0.606229 0.586451 -0.644048 -0.4912 -0.114837 -0.805445 -0.581439 -0.104724 -0.80679 -0.581484 0.0499318 -0.837635 -0.543943 -0.997437 -0.0561225 -0.0443899 0.922862 -0.309618 -0.229046 -0.291052 -0.826901 -0.481169 0.583394 -0.673915 -0.45331 0.598511 -0.667235 -0.443375 0.259646 -0.422334 0.868457 0.287133 -0.425982 0.857959 0.598939 -0.229907 0.767082 0.676645 -0.305982 0.669722 0.232314 -0.500691 0.83387 0.232316 -0.472852 0.849965 0.287133 -0.453639 0.843662 0.578794 -0.41038 0.704688 0.52557 -0.409637 0.745637 0.2941 -0.506787 0.810353 0.51591 -0.451983 0.727701 0.445037 -0.45866 0.769138 0.248656 -0.54645 0.799727 0.225655 -0.551177 0.803296 0.537585 -0.479142 0.693848 0.116241 -0.592985 0.796779 0.284865 -0.611567 0.738131 0.30232 -0.604522 0.736991 0.492099 -0.513939 0.702642 0.404523 -0.543008 0.735869 0.230554 -0.624619 0.746121 0.552463 -0.503096 0.66459 0.286659 -0.64126 0.711766 0.27969 -0.643991 0.712074 0.561223 -0.530685 0.635139 0.468504 -0.585167 0.661879 0.344988 -0.660106 0.667266 0.263278 -0.682389 0.681931 0.464473 -0.600327 0.651054 0.483431 -0.589072 0.647526 0.14256 -0.728359 0.670201 0.412119 -0.661406 0.626658 0.466583 -0.630346 0.620455 0.408466 -0.662693 0.62769 0.425548 -0.69376 0.581038 0.505803 -0.64333 0.574709 0.263184 -0.733051 0.627193 0.251995 -0.77011 0.586028 0.309282 -0.738314 0.599364 0.475216 -0.684004 0.553452 0.500873 -0.677168 0.539045 0.268391 -0.79296 0.546974 0.295958 -0.78061 0.550506 0.513549 -0.701944 0.4935 0.44097 -0.7241 0.530306 0.289009 -0.812595 0.506126 0.49662 -0.724287 0.478306 0.442713 -0.765223 0.467374 0.309809 -0.810048 0.497837 0.174144 -0.886251 0.429223 0.472356 -0.758202 0.449455 0.460586 -0.784541 0.415157 0.604771 -0.679465 0.415427 0.670361 -0.364904 -0.646113 0.218142 -0.467519 -0.856644 0.224554 -0.418959 -0.879801 0.269962 -0.476001 -0.836985 0.484018 -0.377002 -0.789681 0.661077 -0.376962 -0.648751 0.672128 -0.352879 -0.650938 0.673073 -0.368324 -0.641335 0.172491 -0.409186 -0.895999 0.563502 -0.729146 -0.388345 0.493242 -0.759429 -0.42424 0.538548 -0.744749 -0.3941 0.197101 -0.85322 -0.482874 0.205434 -0.850354 -0.484453 0.452015 -0.764258 -0.459991 0.580978 -0.700123 -0.415081 0.144651 -0.839858 -0.523178 0.261385 -0.804093 -0.533959 0.355708 -0.776702 -0.519812 0.477378 -0.744788 -0.466264 0.398475 -0.7787 -0.484608 0.564251 -0.688945 -0.454946 0.150027 -0.813846 -0.56138 0.583174 -0.655405 -0.479951 0.222983 -0.775797 -0.590269 0.283918 -0.759178 -0.585696 0.258707 -0.764752 -0.590107 0.370795 -0.747944 -0.550538 0.565471 -0.641132 -0.518838 0.517394 -0.683021 -0.515544 0.0951838 -0.763111 -0.639219 0.525322 -0.647348 -0.552248 0.389682 -0.689137 -0.610932 0.622665 -0.583549 -0.521305 0.223769 -0.718636 -0.658399 0.214359 -0.71877 -0.661378 0.385194 -0.688881 -0.614059 0.511616 -0.61239 -0.602684 0.263711 -0.678388 -0.685745 0.196265 -0.686085 -0.700548 0.514117 -0.60654 -0.60646 0.450731 -0.603754 -0.657512 0.396529 -0.647733 -0.650544 0.36211 -0.631093 -0.686001 0.702445 -0.476995 -0.528249 0.0868908 -0.66682 -0.740136 0.693196 -0.459428 -0.555342 0.195014 -0.622023 -0.758325 0.231281 -0.634457 -0.737546 0.259878 -0.594962 -0.760581 0.499021 -0.550263 -0.669469 0.666023 -0.453841 -0.59198 0.667792 -0.446171 -0.595807 0.235525 -0.580236 -0.77965 0.294751 -0.548628 -0.782386 0.677207 -0.463644 -0.571336 0.27521 -0.537546 -0.797059 0.281405 -0.53762 -0.794843 0.69315 -0.403385 -0.597348 0.211539 -0.507866 -0.835059 0.665874 -0.386805 -0.637961 0.621057 -4.15321e-05 0.783766 0.0103296 -0.000603206 0.999946 0.553936 0.0924256 0.827413 0.375789 0.302187 0.876051 0.17924 0.0202581 0.983597 0.235128 0.00407338 0.971956 0.20168 0.00588059 0.979434 0.367167 0.307682 0.877793 0.115522 0.354947 0.927722 0.197708 0.276697 0.940399 0.582785 0.0427524 0.811501 0.177092 0.278429 0.943989 0.175432 0.255035 0.950884 0.203089 0.232462 0.951166 0.401888 0.145394 0.904072 0.566344 0.0504084 0.822626 0.163006 0.235329 0.958149 0.152417 0.214649 0.964725 0.202229 0.176743 0.963258 0.60685 0.0146535 0.794682 0.196537 0.176395 0.964499 0.506659 0.0425599 0.861095 0.191806 0.154538 0.96919 0.248018 0.114387 0.961979 0.578449 0.0377611 0.814844 0.237548 0.112399 0.964851 0.25111 0.0816179 0.964512 0.18969 0.0515555 0.98049 0.287695 0.0641822 0.955569 0.507658 0.0191083 0.861347 0.519365 0.0130258 0.854453 0.381956 0.00472186 0.924169 0.13162 0.323229 0.937123 0.387291 0.196375 0.900801 0.356909 0.203178 0.911776 0.38006 0.152126 0.912366 0.380186 0.117994 0.917353 0.180826 0.00363597 -0.983508 0.195601 0.00745461 -0.980655 0.598242 0.00183999 -0.801313 0.176798 0.09917 -0.979239 0.414909 0.0533285 -0.908299 0.167573 0.215518 -0.962014 0.238888 0.30723 -0.921164 0.258154 0.299172 -0.918615 0.154836 0.0323455 -0.987411 0.220685 0.011882 -0.975273 0.433522 0.00896683 -0.901098 0.473833 0.0110132 -0.880546 0.140985 0.0621202 -0.988061 0.238093 0.0753951 -0.968312 0.577185 0.0226521 -0.816299 0.175225 0.131932 -0.975649 0.291554 0.130594 -0.947598 0.239334 0.137297 -0.961181 0.161179 0.193071 -0.967856 0.54724 0.0427588 -0.835883 0.200405 0.214614 -0.955918 0.353182 0.151553 -0.923198 0.161699 0.241808 -0.956756 0.597732 0.0277485 -0.801216 0.148953 0.27157 -0.950822 0.196685 0.272469 -0.941847 0.414836 0.140394 -0.899 0.569282 0.0497886 -0.820633 0.181571 0.283042 -0.941764 0.156779 0.322724 -0.933418 0.578869 0.0513492 -0.813802 0.619007 0.00776725 -0.785347 0.567296 0.0585181 -0.821432 0.380275 0.210951 -0.900495 0.413671 0.155461 -0.897055 0.395596 0.0509752 -0.917009 0.255238 0.132724 -0.957725 0.409641 0.103214 -0.906389 0.335274 0.207299 -0.919031 0.0257293 -0.00200605 -0.999667 0.998582 -0.0530224 0.00478553 -0.982926 -0.183532 0.0131154 -0.94541 -0.325204 -0.0210402 0.0182646 -0.999829 -0.00280249 0.822454 -0.312204 0.475498 0.780966 -0.440964 0.442316 0.703897 -0.463881 0.537906 0.10602 -0.993938 0.0291132 0.081929 -0.996607 -0.00784405 0.678561 -0.618388 0.396423 0.301773 -0.939714 0.16084 0.627219 -0.60322 -0.492667 0.0368987 -0.999305 -0.00536087 0.62988 -0.600051 -0.493143 0.838866 -0.226647 -0.49491 0.762778 -0.470534 -0.443584 0.701843 -0.589487 -0.399902 0.678853 -0.65026 -0.341058 0.116698 -0.991158 -0.0631531 0.577193 -0.744588 -0.335315 0.527258 -0.792939 -0.305363 0.256983 -0.954104 -0.153769 0.09447 -0.109507 0.989487 0.09858 -0.126368 0.987073 -0.13343 -0.991027 0.00786692 0.105321 -0.874751 0.472989 0.606976 -0.463623 0.645472 0.13048 -0.703055 0.699063 0.0404498 -0.295821 0.954386 -0.0677102 -0.0807616 0.994431 0.211442 -0.967134 0.141225 -0.00541992 -0.017807 0.999827 0.0225209 -0.999723 0.0067857 0.997738 -0.0529776 0.0413882 0.229245 -0.970687 0.0722038 0.433863 -0.900094 0.0399177 0.0951619 -0.811727 0.576232 0.632415 -0.773728 0.0373673 0.764847 -0.640736 0.0668312 0.93258 -0.360304 0.021815 0.102262 -0.699993 0.70679 0.81876 -0.573848 0.0182035 0.947117 -0.218367 0.235128 0.901469 -0.00193472 0.43284 0.999096 -0.0115205 0.0409134 0.92447 -0.010782 0.381104 0.115854 -0.66454 0.738217 0.0494091 -0.278652 0.95912 0.615431 -0.482446 0.62329 0.867306 -0.0138267 0.497583 0.737199 -0.0278863 0.6751 0.0449391 -0.588685 0.807112 0.676941 -0.0196961 0.735774 0.560876 -0.0120429 0.827812 0.364705 -0.00844668 0.931085 0.207152 -0.0122492 0.978232 0.338254 -0.00459037 0.941044 0.0591375 -0.000106784 0.99825 0.999141 0 0.0414464 0.996828 0.000260722 0.079581 0.206368 -0.070301 0.975946 0.848142 -0.364823 0.384135 0.686546 -0.324244 0.650785 0.275936 -0.0844935 0.957455 0.147744 0.000874716 0.989025 0.186786 -0.00130857 0.9824 0.366848 -0.00683429 0.930256 0.956167 0.0058819 0.292763 0.963197 0.00894251 0.268646 0.56091 -0.004841 0.827862 0.741313 0.00512782 0.67114 0.738882 0.00534219 0.673814 0.840595 0.00136879 0.541663 0.600191 -0.139231 0.787646 0.905096 -0.107828 0.411307 0.92452 0.00267505 0.381124 0.494473 -0.0164421 0.869037 0.461991 -0.0151012 0.886756 0.201925 -0.0183771 0.979228 0.171571 -0.0204531 0.984959 0.0723415 -0.246198 0.966516 0.0758323 -0.254676 0.964049 0.598919 -0.0649917 0.798168 0.170485 -0.28076 0.944515 0.477336 -0.113893 0.871309 0.208605 -0.248827 0.945817 0.215793 -0.288931 0.932712 0.44076 -0.0929579 0.892799 0.675227 -0.285981 0.679914 0.257935 -0.278445 0.925169 0.602253 -0.0348381 0.797545 0.456682 0.273558 -0.846527 0.265253 -0.265286 -0.926965 0.617098 -0.087742 -0.781979 0.487827 -0.115965 -0.865203 0.487426 -0.131526 -0.863202 0.0783191 -0.299928 -0.950742 0.0849442 -0.346064 -0.934358 0.231264 -0.222294 -0.947155 0.194263 -0.0297317 -0.980499 0.293345 -0.227176 -0.928622 0.175404 -0.0279074 -0.984101 0.329507 -0.0068643 -0.944128 0.352357 -0.00551282 -0.935849 0.19481 -0.000238624 -0.980841 -0.82819 0.0394841 0.559055 0.226777 -0.0682714 -0.971551 0.323351 -0.290907 -0.900454 0.347698 -0.00320647 -0.937601 0.589938 -0.00196658 -0.807446 0.479237 0.00499868 -0.877672 0.512254 -0.113594 -0.851289 0.995208 -0.0446186 -0.0870104 0.966944 -0.0727574 -0.244388 0.719705 -0.212682 -0.660901 0.62077 -6.44842e-06 -0.783992 0.738826 -0.000105514 -0.673896 0.906341 0.0123385 -0.422367 0.979516 0.0238977 -0.199945 0.956526 -0.000750342 -0.291645 0.979056 0.00123787 -0.203589 0.732083 0.117782 -0.670956 0.829636 0.000361645 -0.558304 0.813749 -0.0334392 -0.580253 0.98871 -2.93725e-05 -0.149842 0.999898 0.000392962 -0.014293 0.99859 5.26042e-05 -0.0530846 0.144144 -0.98542 -0.0903918 0.694491 -0.718553 -0.0369188 0.0239788 -0.400517 -0.915976 0.0595048 -0.184728 -0.980987 0.0705495 -0.58463 -0.808227 0.157691 -0.839781 -0.51952 0.408064 -0.00306557 -0.912948 0.172162 -0.796403 -0.579743 -0.33491 -0.0186759 -0.942065 0.347664 -0.0144431 -0.937508 0.479179 -0.0163038 -0.877566 0.507069 -0.0174654 -0.861729 0.634836 -0.501901 -0.587434 0.646124 -0.0318573 -0.762568 0.184942 -0.976457 -0.111036 0.480088 -0.876386 -0.0382673 0.812664 -0.00860593 -0.582668 0.588225 -0.808182 -0.0288756 0.77133 -0.0106551 -0.636346 0.874694 -0.00769662 -0.484615 0.765823 -0.642099 -0.0349739 0.97906 -0.0106815 -0.20329 0.934404 -0.00533367 -0.356175 0.880722 -0.465408 -0.0878889 0.986241 -0.158101 -0.0482884 0.804422 -0.593286 -0.0302855 0.00634954 -0.0408807 0.999144 0.0246653 -0.554323 -0.831936 0.192277 -0.22097 -0.956139 0.476089 -0.63253 -0.610938 0.485309 -0.520327 -0.702663 -0.00501355 -0.253658 -0.967281 0.156661 -0.783296 -0.601586 -0.0237276 -0.861793 -0.506704 0.0545768 -0.718136 -0.69376 0.0615743 -0.985037 -0.160968 0.0352127 -0.999356 -0.00691036 0.36533 -0.315532 -0.87577 0.99001 -0.133638 0.0449558 0.846602 -0.274714 0.455849 -0.796058 -0.364572 0.483092 0.78741 -0.403781 0.465774 0.786286 -0.42908 0.444573 0.967868 -0.248447 0.0387998 -0.819545 0.0529111 -0.570566 0.920435 -0.390722 0.0116229 0.696225 -0.717821 -0.00210392 0.129979 -0.989216 0.0675091 0.0198424 -0.999474 0.0256565 0.202569 -0.977794 -0.0537116 0.450269 -0.877831 0.163315 0.799665 -0.585436 0.13342 0.860302 -0.501746 0.0901749 0.881072 -0.0261579 -0.472259 0.827508 -0.314516 -0.465092 -0.618811 -0.639546 -0.45613 0.914381 -0.237676 -0.327746 0.875838 -0.481328 -0.0350943 0.958602 -0.262283 -0.110863 0.647114 -0.685226 -0.334228 0.844631 -0.221712 -0.48728 0.822365 -0.568825 -0.012426 0.97336 -0.229117 -0.00874004 0.884854 -0.465064 -0.0273519 -0.551752 0.77638 0.304638 0.747971 -0.602915 -0.277548 0.526223 -0.808735 -0.262749 0.088878 -0.994401 0.0571691 0.498999 -0.863072 -0.0781455 0.491352 -0.867501 -0.0775527 0.137137 -0.986005 -0.0947993 0.00885087 -0.999646 -0.0250898 0.706752 0.707461 -0.000110883 0.7063 0.707913 -0.000644725 0.70677 0.707444 -0.000271682 0.706769 0.707444 0.000271788 0.7063 0.707912 0.000644459 0.706752 0.707461 0.000111003 0.70723 0.706984 0 0.70723 0.706984 0 0.705638 -0.705877 0.0617468 0.926032 0.37601 0.0328651 0.783087 -0.456612 0.422233 0.706672 -0.706911 0.0298555 0.626264 -0.68962 0.363618 0.566383 -0.549882 0.613874 0.661144 -0.355869 0.660489 0.467131 -0.809086 0.356606 0.693374 -0.590407 0.4131 0.0908084 -0.429605 0.89844 0.0404351 -0.709297 0.70375 -0.0152152 -0.708569 0.705477 -0.0010699 -0.711336 0.702851 -0.000437106 -0.707791 0.706421 -0.0370505 -0.706303 0.70694 -0.0370487 -0.706347 0.706895 -0.314026 -0.760291 0.568635 -0.431868 -0.707025 0.560005 -0.314287 -0.772499 0.551786 -0.22772 -0.755796 0.613936 -0.109812 -0.831861 0.544012 -0.170576 -0.766059 0.619724 -0.0655903 -0.706021 0.705147 -0.52962 -0.706574 0.469314 -0.529166 -0.707236 0.46883 -0.508913 -0.707304 0.490642 -0.508958 -0.707246 0.490678 -0.487635 -0.707511 0.511507 -0.487782 -0.707318 0.511635 -0.465873 -0.70724 0.531765 -0.465662 -0.70753 0.531564 -0.669567 -0.70248 0.241251 -0.57098 -0.808424 0.142941 -0.626826 -0.738285 0.249047 -0.564106 -0.755651 0.332831 -0.615287 -0.701259 0.360079 -0.42149 -0.844754 0.329754 -0.69782 -0.707138 -0.11403 -0.697988 -0.70697 -0.114043 -0.702545 -0.706943 -0.0816211 -0.702588 -0.7069 -0.0816224 -0.705621 -0.70689 -0.0490472 -0.705479 -0.707031 -0.0490495 -0.706989 -0.707035 -0.0163723 -0.707011 -0.707013 -0.0163709 -0.706983 -0.707041 0.0163727 -0.707011 -0.707013 0.0163709 -0.705621 -0.70689 0.0490456 -0.70546 -0.707051 0.0490481 -0.702545 -0.706943 0.0816211 -0.702588 -0.706901 0.0816224 -0.697986 -0.70697 0.114058 -0.697878 -0.707081 0.11403 -0.615133 -0.701442 -0.359988 -0.467902 -0.816459 -0.338323 -0.598935 -0.73463 -0.318741 -0.610318 -0.765074 -0.205362 -0.669453 -0.702602 -0.241211 -0.55277 -0.823738 -0.126097 -0.465873 -0.70724 -0.531765 -0.465662 -0.707529 -0.531564 -0.487635 -0.707512 -0.511507 -0.487784 -0.707315 -0.511637 -0.508915 -0.7073 -0.490644 -0.508958 -0.707246 -0.490678 -0.529125 -0.707236 -0.468875 -0.52947 -0.706809 -0.469129 -0.159201 -0.780065 -0.605107 -0.0888313 -0.704715 -0.703908 -0.155356 -0.783545 -0.601599 -0.260453 -0.760262 -0.595118 -0.303046 -0.815825 -0.492536 -0.306059 -0.763359 -0.568869 -0.431868 -0.707025 -0.560005 -0.0370471 -0.706374 -0.706868 -0.0370452 -0.706405 -0.706838 -0.00948669 -0.75676 -0.653624 -0.00111017 -0.711561 -0.702623 -0.0270555 -0.706371 -0.707325 0 -0.707577 -0.706636 0.127665 -0.671003 0.730381 0.614613 -0.698297 -0.366924 0.701699 -0.701936 -0.122086 0.610319 -0.714539 -0.341972 0.706987 -0.707226 0 0.706987 -0.707226 0 0 1 0 -0.896298 0.106569 0.430457 0 1 0 -0.827892 0.395609 -0.397604 0 1 0 0 1 0 -1 0 0 -1 0 0 -1 0 0 -1 0 0 -1 0 0 -1 0 0 -1 0 0 -1 0 0 -1 0 0 -1 0 0 -1 0 0 -1 0 0 -1 0 0 -1 0 0 -1 0 0 -1 0 0 -1 0 0 -1 0 0 -1 0 0 -1 0 0 -1 0 0 -1 0 0 -1 0 0 -1 0 0 -1 0 0 -1 0 0 -1 0 0 -1 0 0 -1 0 0 -1 0 0 -1 0 0 -1 0 0 -1 0 0 -1 0 0 1 0 0 -1 0 0 -1 0 0 -1 0 0 -1 0 0 -1 0 0 -1 0 0 1 0 0 -1 0 0 -0.984528 0.0294579 0.172733 1 0 0 -1 0 0 -1 0 0 -1 0 0 -1 0 0 -1 0 0 -1 0 0 -1 0 0 -1 0 0 -1 0 0 -1 0 0 -1 0 0 -1 0 0 -1 0 0 -1 0 0 -1 0 0 -1 0 0 -1 0 0 -1 0 0 -0.99904 0.0185584 -0.0396775 -1 0 0 -1 0 0 -1 0 0 -1 0 0 -1 0 0 -1 0 0 -1 0 0 -1 0 0 -1 0 0 -1 0 0 -1 0 0 -1 0 0 -1 0 0 -1 0 0 -1 0 0 -1 0 0 -1 0 0 -1 0 0 -1 0 0 -1 0 0 -1 0 0 -1 0 0 -1 0 0 -1 0 0 -1 0 0 -1 0 0 -1 0 0 -1 0 0 -1 0 0 -1 0 0 -1 0 0 -1 0 0 -1 0 0 -1 0 0 -1 0 0 -1 0 0 -1 0 0 -1 0 0 -1 0 0 -1 0 0 -1 0 0 -1 0 0 -1 0 0 -1 0 0 -1 0 0 -1 0 0 -1 0 0 -1 0 0 -1 0 0 -1 0 0 -1 0 0 -1 0 0 -1 0 0 -1 0 0 -1 0 0 -1 0 0 -1 0 0 -1 0 0 -1 0.000209531 -0.000238505 -0.982559 0.178709 0.0513821 -1 0 0 -1 0 0 -1 0 0 -1 0 0 -1 0 0 -1 0 0 -1 0 0 -1 -0.000102543 0.000169847 -1 0 0 -1 0 0 1 0 0 -0.96554 0.0299856 -0.258523 -1 0 0 -0.00789952 0.392486 -0.919724 0.00622429 0.623375 -0.781898 -0.00652061 0.782333 -0.622827 0.00817953 0.90271 -0.430171 -0.0102512 0.986649 -0.162536 -0.00550402 0.95598 0.293379 0.00343987 0.807131 0.590363 -0.00328838 0.74037 0.672192 0.00313487 0.339341 0.940658 -0.000602025 0.162202 0.986757 0.00660349 0.00923467 0.999936 -0.00484125 -0.15558 0.987811 0.0010356 -0.37525 0.926923 -0.000472451 -0.403817 0.91484 0.000948988 -0.674524 0.738252 -0.000101237 -0.687954 0.725754 0.00564363 -0.895722 0.444579 0.00109399 -0.864491 0.502647 -0.000746067 -0.964424 0.264359 0.00116788 -0.988434 0.151646 -0.00180885 -0.997377 0.0723536 0.0024715 -0.995098 -0.0988597 -0.00256574 -0.979113 -0.203301 -0.00485784 -0.825178 -0.564851 0.0202162 -0.477974 -0.878141 0.00898014 -0.539454 -0.841967 -0.00466501 -0.0722515 -0.997376 -0.13308 0.986758 0.0927259 -0.133053 -0.534379 0.834707 -0.942327 0.250215 0.22229 -0.956507 0.27104 0.107851 -0.967239 0.253833 -0.00420064 -0.975407 0.20526 -0.0803108 -0.972028 0.210302 -0.104565 -0.958976 0.186136 -0.213821 -0.938426 0.101206 -0.330325 -0.922505 -0.0557736 -0.381934 -0.933054 -0.19162 -0.304453 -0.954837 -0.244581 -0.168721 -0.967127 -0.244071 -0.0713751 -0.974769 -0.222681 -0.0154622 -0.972393 -0.233205 0.00813465 -0.962499 -0.250069 0.105172 -0.31002 0.0571705 0.94901 -0.423106 -0.895256 0.139633 -0.00354838 0.225267 -0.974291 0.00112176 0.684754 -0.728774 0.0073305 0.8544 -0.519564 0.00215516 0.998059 -0.0622441 -0.00322905 0.98489 0.17315 0.00238853 0.962513 0.271226 -0.00214738 0.897088 0.441847 0.0118299 0.752122 0.658917 0.00809677 0.725448 0.688229 -0.000727899 0.431485 0.90212 -0.00262183 -0.075481 0.997144 0.0026524 -0.257481 0.96628 -0.00188993 -0.424607 0.905376 0.00411043 -0.580909 0.813958 -0.00455851 -0.692147 0.721742 -0.00392217 -0.936392 0.350935 0.0038143 -0.999875 -0.0153147 0.00278957 -0.999634 -0.0269078 -0.00046578 -0.911546 -0.411198 -0.00268491 -0.919031 -0.394176 -0.00160673 -0.724741 -0.68902 -0.00772583 -0.660626 -0.750675 0.000571015 -0.513162 -0.858292 -0.00299401 -0.340539 -0.940226 0.000864615 -0.398254 -0.917275 0.00201117 -0.0587629 -0.99827 -0.000479752 -0.0919826 -0.995761 -0.959889 0.115137 0.255651 -0.951969 0.25844 0.164204 -0.13289 0.263992 -0.955326 -0.18589 0.706954 0.682394 -0.968575 0.193763 -0.155944 -0.974022 0.122197 -0.190656 -0.977924 0.0469295 -0.203622 -0.961569 0.163663 -0.220455 -0.949305 -0.0250933 -0.313353 -0.928923 -0.172151 -0.32782 -0.908825 -0.320461 -0.2671 -0.907327 -0.40317 -0.119211 -0.917334 -0.397829 0.0151455 -0.930396 -0.342317 0.131084 -0.945992 -0.243132 0.214442 -0.963786 -0.031335 0.264829 -0.138036 0.618709 0.773398 -0.193678 -0.97881 -0.0664876 -1 0 0 -1 0 0 -1 0 0 -0.0698455 -0.912099 0.403977 -1 0 0 -1 0 0 -1 0 0 0 -1 0 0 -1 0 0 -1 0 0 -1 0 0 -1 0 0 1 0 0 1 0 0 1 0 0 1 0 0 1 0 0.0622652 0.932722 -0.35518 0 1 0 0.247336 0.750892 -0.612361 0 1 0 0.107397 0.860488 -0.498022 0.140634 0.859094 -0.492118 0 1 0 0 1 0 0 1 0 0 1 0 0 1 0 0 1 0 0 1 0 -0.157016 0.955138 -0.251113 0 1 0 0 1 0 0 1 0 -0.152689 0.969207 -0.193196 0 1 0 -0.25437 0.945384 -0.203828 0 1 0 -0.190111 0.965762 -0.176527 0 1 0 0 1 0 0 1 0 0 1 0 0 1 0 0 1 0 0 1 0 0 1 0 0 1 0 0 1 0 0 1 0 0 1 0 0 1 0 0 1 0 0 1 0 0 1 0 0 1 0 0 1 0 0 1 0 0 1 0 0 1 0 0.359559 0.225788 -0.905393 0.730772 0.135998 -0.668937 0.740676 0.20741 -0.639046 0.861185 -0.0909266 -0.500092 0.976891 0.0275755 -0.211953 0.932045 0.238461 -0.272817 0.930625 0.353565 0.094494 0.887757 -0.36013 0.286695 0.836041 0.185503 0.516357 0.648398 -0.348839 0.676677 0.611152 -0.0125235 0.791414 0.142461 -0.432412 0.890351 0.221029 -0.118928 0.967989 -0.246717 0.143271 0.958439 -0.354699 -0.369006 0.859083 -0.597317 0.0664469 0.799248 -0.77083 -0.149508 0.619248 -0.764784 -0.317269 0.560755 -0.948235 0.132272 0.288712 -0.762248 0.543763 0.35114 -0.782389 0.615579 -0.0944984 -0.884997 -0.3082 -0.348988 -0.725051 0.461755 -0.510963 -0.303218 0.742138 -0.597738 -0.0767442 -0.496901 -0.864407 0 1 0 0 1 0 0 1 0 0 1 0 0 1 0 0 1 0 0 1 0 0 1 0 0 1 0 0 1 0 0 1 0 0 1 0 0 1 0 0 1 0 0 1 0 0 1 0 0 1 0 0 1 0 0 1 0 0 1 0 0 1 0 0 1 0 0 1 0 0 1 0 0 1 0 0 1 0 0 1 0 0 1 0 0 1 0 0 1 0 0 1 0 0 1 0 0 1 0 0 1 0 0 1 0 0 1 0 0 1 0 0 1 0 0 1 0 0 1 0 0 1 0 0 1 0 0 1 0 0 1 0 0 1 0 0 1 0 0 1 0 0 1 0 0 1 0 0 1 0 0.0924645 -0.218293 -0.971493 0.128835 -0.467996 -0.874289 0.53621 0.186921 -0.823128 0.596688 -0.434725 -0.67452 0.851032 0.079413 -0.519074 0.894611 -0.234346 -0.380465 0.972166 0.160637 -0.170554 0.977356 -0.210865 0.0176465 0.958271 0.21015 0.193789 0.907565 -0.177504 0.380549 0.812464 0.316599 0.489559 0.600593 0.244205 0.761348 0.477082 -0.291306 0.829177 0.22399 0.492194 0.841174 -0.0436233 -0.158036 0.986469 -0.167725 0.154701 0.97362 -0.497499 -0.380203 0.779705 -0.513215 -0.335148 0.790117 -0.805299 0.344525 0.482489 -0.912102 -0.221197 0.345169 -0.974992 0.148587 0.165267 -0.993863 -0.0995632 0.0481971 -0.864254 0.472291 -0.173221 -0.83514 0.237322 -0.496205 -0.777364 -0.266215 -0.569943 -0.577056 0.157711 -0.801333 -0.403738 -0.335676 -0.851068 -0.249484 0.0850327 -0.964638 0 -0.707025 0.707189 0 -0.707025 0.707189 0 -0.707025 -0.707189 0 -0.707025 -0.707189 -7.01839e-05 -0.0246675 -0.999696 0 -0.0233716 -0.999727 -0.000142297 -0.0749439 -0.997188 8.53451e-05 -0.0704703 -0.997514 -0.000198665 -0.124339 -0.99224 0.000145128 -0.117134 -0.993116 -0.000268569 -0.173877 -0.984767 0.000202051 -0.163327 -0.986572 -0.000309259 -0.22249 -0.974935 0.000225571 -0.209621 -0.977783 -0.000352751 -0.270809 -0.962633 0.000257796 -0.254969 -0.966949 -0.000344944 -0.318193 -0.948026 0.000280083 -0.300608 -0.953748 -0.000380537 -0.365701 -0.930732 0.000319295 -0.344603 -0.938748 0 -0.344496 -0.938788 -0.000361359 -0.411101 -0.91159 0.00034817 -0.390088 -0.920778 0.000371253 -0.435045 -0.900409 -0.000352911 -0.456044 -0.889957 0.000380268 -0.479366 -0.877615 -0.000347862 -0.499972 -0.866042 0.000384736 -0.522573 -0.852594 -0.000350494 -0.542812 -0.839854 -0.000361034 -0.583716 -0.811958 0.000368213 -0.564241 -0.82561 -0.000369765 -0.623593 -0.781749 0.000366175 -0.604606 -0.796525 -0.000349452 -0.661377 -0.750054 0.000361379 -0.643733 -0.76525 0.000384354 -0.680723 -0.732541 -0.000360608 -0.698433 -0.715675 -0.000371693 -0.732899 -0.680338 0.000356082 -0.716384 -0.697707 -0.000369102 -0.766109 -0.642711 0.000363866 -0.750342 -0.661049 -0.000373086 -0.797231 -0.603674 0.000359669 -0.782368 -0.622816 -0.000374802 -0.826279 -0.563261 0.000354694 -0.812416 -0.583079 -0.000362157 -0.853215 -0.521559 0.000358271 -0.840486 -0.541833 -0.000371731 -0.878254 -0.478195 0.000366111 -0.866237 -0.499633 -0.000362539 -0.900897 -0.434033 0.000359522 -0.890172 -0.455625 -0.000367844 -0.921548 -0.388264 0.000370056 -0.911684 -0.410891 -0.000364964 -0.939644 -0.342154 0.000359086 -0.931056 -0.364876 -0.000359335 -0.955597 -0.294677 0.000371578 -0.948077 -0.318041 -0.000365016 -0.96906 -0.246824 0.00036579 -0.962689 -0.27061 -0.000364006 -0.980193 -0.198044 0.000368635 -0.975 -0.222205 -0.000367665 -0.988822 -0.149103 0.000361863 -0.984835 -0.173492 -0.00036873 -0.99503 -0.0995718 0.000362866 -0.992249 -0.124266 -0.000366026 -0.998756 -0.049867 0.000362934 -0.997212 -0.0746162 -0.00036464 -1 0 0.000365604 -0.99969 -0.0248935 -0.000366024 -0.998756 0.049867 0.000365605 -0.99969 0.0248936 -0.000368731 -0.99503 0.0995718 0.000362934 -0.997212 0.0746162 -0.000367665 -0.988822 0.149103 0.000362865 -0.992249 0.124266 0.000361041 -0.98484 0.173465 -0.000365869 -0.980193 0.198044 0.000367559 -0.974992 0.222238 -0.000365115 -0.96906 0.246824 0.000365729 -0.962688 0.270612 -0.000357978 -0.955611 0.294631 0.000372662 -0.948097 0.317981 -0.000365378 -0.939648 0.342141 0.000361276 -0.931029 0.364944 -0.000363264 -0.921548 0.388264 0.000374903 -0.911684 0.410891 -0.000359916 -0.900859 0.434112 0.000359539 -0.890172 0.455625 -0.000368966 -0.878299 0.478111 0.000372013 -0.866237 0.499633 -0.000355984 -0.853215 0.521559 0.000364661 -0.840487 0.541832 -0.000371397 -0.826215 0.563354 0.000354694 -0.812416 0.583079 -0.000369645 -0.797304 0.603578 0.000366994 -0.782368 0.622816 -0.000365196 -0.766026 0.64281 -0.000371693 -0.732899 0.680338 0.000363866 -0.750342 0.661049 -0.000360608 -0.698433 0.715675 0.00035608 -0.716384 0.697707 -0.000355317 -0.661377 0.750054 0.000381377 -0.680795 0.732474 -0.000376035 -0.623675 0.781684 0.000353826 -0.643772 0.765217 -0.000357718 -0.583628 0.812021 0.000367925 -0.604478 0.796622 -0.000350494 -0.542812 0.839854 0.000368213 -0.564241 0.82561 -0.000358047 -0.499972 0.866042 0.000379478 -0.522719 0.852505 -0.00035291 -0.456044 0.889957 0.000375373 -0.479212 0.877699 -0.000361359 -0.411101 0.91159 0.000371252 -0.435045 0.900409 -0.000380537 -0.365701 0.930732 0.00034817 -0.390088 0.920778 -0.000353295 -0.318193 0.948026 0.000360037 -0.343369 0.939201 0 -0.343255 0.939242 -0.000378292 -0.270808 0.962633 0.000337601 -0.296842 0.954927 -0.000377495 -0.222681 0.974891 0.000326004 -0.24899 0.968506 -0.000363357 -0.173682 0.984802 0.000336914 -0.200552 0.979683 0.0003544 -0.151506 0.988456 -0.000337189 -0.124339 0.99224 0.000362692 -0.102828 0.994699 -0.0003325 -0.0749426 0.997188 0.000356962 -0.0539041 0.998546 -0.000358494 -0.0246688 0.999696 0.000324137 -0.00403763 0.999992 -0.000366871 0.0246688 0.999696 0.000339586 0.0457645 0.998952 -0.000352761 0.0749424 0.997188 0.000327229 0.0949579 0.995481 -0.00036163 0.124339 0.99224 0.00033658 0.144548 0.989498 -0.000339858 0.173682 0.984802 0.000347533 0.193204 0.981159 -0.000331893 0.222682 0.974891 0.000328147 0.24103 0.970518 -0.000354255 0.270807 0.962634 0.000327123 0.289293 0.957241 -0.000333367 0.318193 0.948026 0.000335357 0.335867 0.941909 -0.000346204 0.365702 0.930732 0.000324416 0.382904 0.923788 -0.000321274 0.411101 0.91159 0.00033198 0.427343 0.90409 -0.000328003 0.456043 0.889958 0.000328791 0.47181 0.8817 -0.000323669 0.499972 0.866042 0.000320258 0.514852 0.857279 -0.000334191 0.542814 0.839853 0.000313431 0.557167 0.830401 -0.000314313 0.583627 0.812022 0.000316122 0.597002 0.80224 -0.000327027 0.623676 0.781683 0.000306459 0.63647 0.771302 -0.000306478 0.661378 0.750052 0.000330769 0.673608 0.739088 -0.000295603 0.698432 0.715676 -0.000300516 0.732899 0.680338 0.00030908 0.70939 0.704816 -0.000303268 0.766025 0.642811 0.000306832 0.743257 0.669006 -0.000290622 0.797305 0.603576 0.000309248 0.775789 0.630993 -0.000315425 0.826215 0.563354 0.000279072 0.805748 0.592258 -0.000296594 0.853215 0.521559 0.000280213 0.834361 0.551218 0.000294728 0.860629 0.509233 -0.000280944 0.878327 0.478061 0.000269605 0.884593 0.466365 -0.000294433 0.900835 0.434162 0.000288564 0.906793 0.421577 -0.000269277 0.921547 0.388266 0.000267939 0.92641 0.376516 -0.000280214 0.939649 0.342141 0.000272171 0.944003 0.329938 -0.000268134 0.955612 0.294629 0.000259105 0.95915 0.282896 -0.000269162 0.969059 0.246828 0.000258171 0.971987 0.235034 -0.000262887 0.980193 0.198044 0.000247325 0.982433 0.186616 -0.000260337 0.988822 0.149101 0.000247021 0.990469 0.137738 -0.000251738 0.99503 0.0995718 0.000243801 0.996077 0.0884961 -0.000244568 0.998756 0.0498646 0.000239565 0.999235 0.0391003 -0.000238562 1 0 0.000234036 0.999946 -0.0104303 -0.000233581 0.998756 -0.0498645 0.000225976 0.998204 -0.0599075 -0.000229746 0.99503 -0.0995718 0.000220579 0.994009 -0.109294 -0.000224504 0.988822 -0.149101 0.000211244 0.987379 -0.158373 -0.000220422 0.980193 -0.198044 0.000209098 0.978337 -0.20702 -0.000212318 0.969059 -0.246828 -0.000211408 0.955598 -0.294674 0.000197079 0.966882 -0.255223 -0.000202365 0.939644 -0.342154 0.000194574 0.953049 -0.302815 -0.000199149 0.921547 -0.388266 0.000182449 0.936868 -0.349682 -0.000191379 0.900872 -0.434084 0.000181643 0.918462 -0.39551 -0.000178007 0.878281 -0.478145 0.000174976 0.897583 -0.440846 -0.000165088 0.853215 -0.521559 0.000178554 0.874788 -0.484506 -0.000177309 0.826279 -0.563261 0.000153816 0.849838 -0.527044 -0.000158729 0.797232 -0.603673 0.000154254 0.822517 -0.568741 -0.000138821 0.766107 -0.642713 0.000160319 0.793386 -0.608719 -0.000139704 0.732899 -0.680338 0.000149102 0.762443 -0.647055 0.000122858 0.729389 -0.6841 -0.000148112 0.698432 -0.715676 0.000127899 0.69458 -0.719415 -0.000131065 0.661378 -0.750053 -0.000113857 0.623594 -0.781748 0.000123342 0.657685 -0.753293 -0.000127428 0.583714 -0.811959 0.000101089 0.62037 -0.784309 -0.000105679 0.542814 -0.839853 0.000101356 0.580174 -0.814492 -9.92408e-05 0.499972 -0.866042 9.59623e-05 0.539612 -0.841914 -7.40426e-05 0.456043 -0.889958 0.00010221 0.496697 -0.867924 -8.59798e-05 0.411101 -0.91159 7.60134e-05 0.453555 -0.891228 -8.0151e-05 0.365702 -0.930732 6.21149e-05 0.408604 -0.912712 -3.46451e-05 0.318193 -0.948026 9.16943e-05 0.362765 -0.931881 -7.64139e-05 0.270808 -0.962633 3.47285e-05 0.316994 -0.948428 -7.20583e-05 0.22249 -0.974935 2.00881e-05 0.269126 -0.963105 -4.60023e-05 0.173876 -0.984767 2.72467e-05 0.220749 -0.975331 -1.53941e-05 0.124339 -0.99224 4.02212e-05 0.17236 -0.985034 -1.60852e-05 0.0749437 -0.997188 2.12087e-05 0.123695 -0.99232 9.39083e-06 0.0246675 -0.999696 2.82343e-05 0.0741652 -0.997246 0 0.0248318 -0.999692 0 1 0 0 1 0 0 1 0 0 1 0 0 1 0 0 1 0 0 1 0 0 1 0 0 1 0 0 1 0 0 1 0 0 1 0 0 1 0 0 1 0 0 1 0 0 1 0 0 1 0 0 1 0 0 1 0 0 1 0 0 1 0 0 1 0 0 1 0 0 1 0 0 1 0 0 1 0 0 1 0 0 1 0 0 1 0 0 1 0 0 1 0 0 1 0 0 1 0 0 1 0 0 1 0 -0.00173248 0.000370953 0.999998 -0.0250265 -0.00174088 0.999685 -0.161248 0.00181242 0.986912 -0.206279 -0.00175251 0.978492 -0.28232 0.000281663 0.95932 -0.380188 0 0.924909 -0.334249 -0.0025525 0.942481 -0.485426 0 0.874278 -0.485426 0 0.874278 -0.640338 0 0.768093 -0.65838 -0.00378454 0.752676 -0.800722 0.00254199 0.599031 -0.820417 -0.00223702 0.571761 -0.912186 0.00259353 0.409767 -0.920031 0.000400053 0.391845 -0.97784 4.49344e-05 0.209353 -0.979553 0.00126899 0.201181 -0.999981 -0.000886552 -0.0060464 -0.999823 -0.00272886 -0.0186112 -0.979544 0.00203581 -0.201219 -0.972881 -0.0015536 -0.231303 -0.921424 0.00131096 -0.388556 -0.92151 0.00128803 -0.388352 -0.848069 -0.00147129 -0.529884 -0.837527 0.000728053 -0.546395 -0.755168 0.000138382 -0.655531 -0.72199 0.00502791 -0.691885 -0.631462 -0.00242993 -0.775403 -0.555494 0.00205805 -0.831518 -0.497437 -0.0032515 -0.867494 -0.436649 0.00120392 -0.899631 -0.330374 -0.00178305 -0.943848 -0.319054 -0.000851483 -0.947736 -0.179439 0.000397558 -0.983769 -0.13464 -0.00449995 -0.990884 -0.0111664 0.00244407 -0.999935 0.0718008 -0.0036454 -0.997412 0.204228 0.00617372 -0.978904 0.280367 -0.00161958 -0.959892 0.426025 0.00309312 -0.904706 0.435893 0.00167717 -0.899997 0.602174 0.000578741 -0.798365 0.58649 -0.00135789 -0.809956 0.726228 -0.00686552 -0.68742 0.745564 -0.00194925 -0.666432 0.833265 0.000541631 -0.552873 0.895956 0.00103377 -0.444142 0.864314 -0.00301368 -0.502944 0.939623 -0.000879392 -0.342209 0.957455 0.00302869 -0.288566 0.981344 -0.00340271 -0.19223 0.991651 0.00157919 -0.128943 0.996682 -0.00657541 0.0811255 0.999851 0.00572517 0.0162716 0.968674 -0.00135288 0.248334 0.956666 0.00343793 0.291166 0.867519 0.00189474 0.497401 0.896279 -0.00575334 0.443454 0.777608 0 0.62875 0.786908 -0.00122582 0.61707 0.681921 0 0.731426 0.681921 0 0.731426 0.56488 0 0.825173 0.592457 -0.00379637 0.805593 0.500712 -8.35337e-06 0.865614 0.440932 -0.00235387 0.897537 0.410141 0 0.912022 0.308834 0 0.951116 0.297685 0.000910799 0.954664 0.142632 -0.00184082 0.989774 0.150699 -0.00293129 0.988575 0 1 0 0 1 0 0 1 0 0 1 0 0 1 0 0 1 0 0 1 0 0 1 0 0 1 0 0 1 0 0 1 0 0 1 0 0 1 0 0 1 0 0 1 0 0 1 0 0 1 0 0 1 0 0 1 0 0 1 0 0 1 0 0 1 0 0 1 0 0 1 0 0 1 0 0 1 0 0 1 0 0 1 0 0 1 0 0 1 0 0 1 0 0 1 0 0 1 0 0 1 0 0 1 0 0 1 0 0 1 0 0 1 0 0 1 0 0 1 0 0.0253799 8.13471e-08 0.999678 -0.113994 0.00061753 0.993481 -0.0501474 -0.00326228 0.998737 -0.268105 0.0040233 0.963381 -0.210801 -0.00107885 0.977528 -0.37451 -0.00229083 0.92722 -0.45068 0.00385018 0.892677 -0.54233 -0.0034482 0.840159 -0.605427 0.00187829 0.795899 -0.681807 -0.00244134 0.731528 -0.706392 -7.93908e-05 0.707821 -0.765783 -0.00084185 0.643099 -0.782902 -0.00201295 0.622142 -0.795978 -0.000909558 0.605325 -0.826145 -1.68843e-05 0.563457 -0.865084 -0.00128213 0.501626 -0.862239 -0.00172165 0.506498 -0.921524 0.00171532 0.388317 -0.943805 -0.00390239 0.330479 -0.967753 0.00140983 0.251898 -0.995028 0 0.0996 -0.987033 -0.00424355 0.160462 -0.998961 0 -0.0455696 -0.998766 -0.000415127 -0.0496552 -0.981701 0.00172993 -0.190419 -0.976304 -0.00181714 -0.216397 -0.90956 0.00181967 -0.415569 -0.91513 0 -0.403158 -0.816973 0 -0.576675 -0.824484 -0.00209857 -0.565881 -0.71444 0.00090012 -0.699696 -0.647847 -0.00617998 -0.761746 -0.597274 -0.000597624 -0.802037 -0.476413 -0.00306768 -0.879216 -0.475746 -0.00316562 -0.879577 -0.339832 0.00069594 -0.940486 -0.302696 -0.00201608 -0.953085 -0.212111 0.00122991 -0.977245 -0.107158 -0.00336898 -0.994236 -0.0747656 1.64132e-06 -0.997201 0.0749399 -0.00258078 -0.997185 0.0750257 -0.00257113 -0.997178 0.200526 0.00071304 -0.979688 0.238911 -0.00200876 -0.971039 0.328886 0.00124017 -0.944369 0.365117 -0.000430481 -0.930961 0.435903 0.00157423 -0.899992 0.494917 -0.00304175 -0.868935 0.588917 0.00227905 -0.80819 0.659886 -0.00557376 -0.751345 0.721999 0.00146983 -0.691892 0.819931 -0.00384542 -0.57245 0.810422 -0.00568574 -0.585819 0.87841 -3.13201e-07 -0.477909 0.932054 0.0023807 -0.362312 0.900733 -0.00169329 -0.434369 0.961917 -0.00127296 -0.273338 0.970449 0.00130498 -0.241303 0.998995 0 -0.0448198 0.996463 -0.00490109 -0.0838931 0.993929 -0.000805622 0.110017 0.993225 0 0.116207 0.959147 -5.33603e-05 0.282908 0.951697 -0.00256125 0.307029 0.88702 0.00324518 0.46172 0.87348 -8.3049e-05 0.48686 0.796942 -0.00129586 0.604054 0.78037 0.00207523 0.625315 0.67782 0.000232758 0.735228 0.620048 -0.00599874 0.784541 0.531434 0.00476614 0.847086 0.425737 -0.00510191 0.904832 0.333922 0.00261016 0.942597 0.162858 -0.00731133 0.986623 0.150939 -0.00543907 0.988528 0 1 0 0 1 0 0 0 1 0 0 1 5.70889e-05 0.427432 0.904047 6.93957e-05 0.471239 0.882006 1.00776e-05 0.427655 0.903942 1.18638e-05 0.513924 0.857835 -4.42759e-05 0.471767 0.881723 -1.24427e-06 0.555452 0.831548 -5.38687e-05 0.514221 0.857657 -5.40543e-06 0.595754 0.803167 -5.43819e-05 0.555685 0.831393 4.66653e-05 0.634274 0.773109 4.43085e-06 0.595713 0.803198 2.41188e-05 0.671667 0.740853 -1.45534e-05 0.634523 0.772904 5.27377e-05 0.707164 0.70705 1.98171e-05 0.671684 0.740838 3.06714e-05 0.740782 0.671745 2.24112e-07 0.707359 0.706855 -5.724e-06 0.773158 0.634214 -2.90693e-05 0.740993 0.671513 1.74278e-05 0.803187 0.595728 -5.724e-06 0.773158 0.634214 2.03536e-05 0.831584 0.555399 2.11515e-06 0.803235 0.595663 2.02619e-05 0.857747 0.514073 7.83905e-06 0.831621 0.555344 -1.10753e-05 0.881998 0.471253 -1.9822e-05 0.857855 0.513892 3.02894e-05 0.881896 0.471444 3.51934e-05 0.904068 0.427388 0 0.904147 0.427221 0 -1 0 0 -1 0 0 -0.904144 0.427229 2.67115e-05 -0.904083 0.427357 8.42163e-05 -0.881999 0.471252 -5.36228e-05 -0.882344 0.470604 0.000110149 -0.857729 0.514102 -7.28475e-05 -0.858234 0.513258 0.000160568 -0.831549 0.555452 -0.000122317 -0.832399 0.554176 0.000189783 -0.80326 0.595628 -0.000147902 -0.804359 0.594143 0.000232755 -0.773063 0.634329 -0.000191934 -0.774547 0.632516 0.000301621 -0.740917 0.671597 -0.000220388 -0.742866 0.66944 0.0003297 -0.707088 0.707126 -0.000221635 -0.709275 0.704932 0.00032929 -0.671667 0.740853 -0.000263357 -0.674153 0.738591 0.000359591 -0.634274 0.773108 -0.000337637 -0.637355 0.77057 0.000387688 -0.595754 0.803167 -0.000366414 -0.599248 0.800563 0.000422341 -0.555452 0.831548 -0.000410319 -0.559486 0.82884 0.000450854 -0.513925 0.857835 -0.000437817 -0.518409 0.855133 0.000517808 -0.471238 0.882006 -0.000465602 -0.476388 0.879235 0.000497806 -0.427448 0.90404 -0.000464484 -0.432852 0.901465 -0.000182192 0.00988976 -0.999951 0 0 -1 0 0 -1 0.000573092 -0.427416 -0.904055 0.00052518 -0.471329 -0.881957 -0.000487686 -0.432463 -0.901651 0.000450668 -0.513925 -0.857835 -0.000476093 -0.476584 -0.879129 0.000426831 -0.555451 -0.831549 -0.000446614 -0.51846 -0.855102 0.000397513 -0.595754 -0.803167 -0.000417021 -0.559546 -0.828799 0.000356822 -0.634205 -0.773165 -0.000378016 -0.599355 -0.800483 0.000316979 -0.67173 -0.740796 -0.000372186 -0.637432 -0.770507 0.000345311 -0.707088 -0.707126 -0.000247879 -0.674106 -0.738635 0.000301435 -0.740917 -0.671597 -0.000220879 -0.709334 -0.704873 0.000232038 -0.773016 -0.634386 -0.000220401 -0.742866 -0.669441 0.000190348 -0.803302 -0.595573 -0.000192533 -0.774501 -0.632573 0.000160146 -0.831513 -0.555506 -0.000147447 -0.804401 -0.594087 0.000110443 -0.85776 -0.514051 -0.000122633 -0.832363 -0.55423 9.46845e-05 -0.881999 -0.471252 -6.14466e-05 -0.858234 -0.513258 -5.35291e-05 -0.88237 -0.470555 2.67121e-05 -0.904083 -0.427356 0 -0.904144 -0.427229 3.51934e-05 0.904068 -0.427388 0 0.904147 -0.427221 -6.07018e-07 0.881998 -0.471253 3.02943e-05 0.881922 -0.471396 8.85876e-06 0.857777 -0.514021 -8.41416e-06 0.857824 -0.513944 2.03297e-05 0.831548 -0.555452 -4.49696e-06 0.831621 -0.555344 1.74606e-05 0.803228 -0.595672 2.14354e-06 0.803276 -0.595607 -5.75877e-06 0.773111 -0.63427 -5.75624e-06 0.773111 -0.63427 3.04861e-05 0.740782 -0.671745 -2.90725e-05 0.740992 -0.671513 5.78114e-05 0.707164 -0.70705 4.57477e-08 0.707379 -0.706835 7.83265e-06 0.671731 -0.740796 2.46132e-05 0.671665 -0.740855 4.65882e-05 0.634205 -0.773165 -3.16144e-05 0.634523 -0.772904 -5.62706e-06 0.595754 -0.803167 4.43193e-06 0.595712 -0.803198 -1.01608e-06 0.555451 -0.831549 -5.46058e-05 0.555686 -0.831392 1.21006e-05 0.513924 -0.857835 -5.36339e-05 0.514221 -0.857657 5.31894e-05 0.47133 -0.881957 -4.40137e-05 0.471782 -0.881715 4.36754e-05 0.427401 -0.904062 -7.07838e-06 0.427642 -0.903948 -0.00043831 0.0710589 -0.997472 -0.00046631 -0.398456 0.917187 1 0 0 1 0 0 1 0 0 1 0 0 1 0 0 1 0 0 1 0 0 1 0 0 1 0 0 1 0 0 1 0 0 1 0 0 1 0 0 1 0 0 1 0 0 1 0 0 1 0 0 1 0 0 1 0 0 1 0 0 1 0 0 1 0 0 1 0 0 1 0 0 1 0 0 1 0 0 1 0 0 1 0 0 1 0 0 1 0 0 1 0 0 1 0 0 1 0 0 1 0 0 1 0 0 1 0 0 1 0 0 1 0 0 1 0 0 1 0 0 1 0 0 1 0 0 1 0 0 1 0 0 1 0 0 1 0 0 1 0 0 1 0 0 1 0 0 1 0 0 1 0 0 1 0 0 1 0 0 1 0 0 1 0 0 1 0 0 1 0 0 1 0 0 1 0 0 1 0 0 1 0 0 1 0 0 1 0 0 1 0 0 1 0 0 1 0 0 1 0 0 1 0 0 1 0 0 1 0 0 1 0 0 1 0 0 1 0 0 1 0 0 1 0 0 1 0 0 1 0 0 1 0 0 1 0 0 1 0 0 1 0 0 1 0 0 1 0 0 1 0 0 1 0 0 1 0 0 1 0 0 1 0 0 1 0 0 1 0 0 1 0 0 1 0 0 1 0 0 1 0 0 1 0 0 1 0 0 1 0 0 1 0 0 1 0 0 1 0 0 1 0 0 1 0 0 1 0 0 1 0 0 1 0 0 1 0 0 1 0 0 1 0 0 1 0 0 1 0 0 1 0 0 1 0 0 1 0 0 1 0 0 1 0 0 1 0 0 1 0 0 1 0 0 1 0 0 1 0 0 1 0 0 1 0 0 1 0 0 1 0 0 1 0 0 1 0 0 1 0 0 1 0 0 1 0 0 1 0 0 1 0 0 1 0 0 1 0 0 1 0 0 1 0 0 1 0 0 1 0 0 1 0 0 1 0 0 1 0 0 1 0 0 1 0 0 1 0 0 1 0 0 1 0 0 1 0 0 1 0 0 1 0 0 1 0 0 1 0 0 1 0 0 1 0 0 1 0 0 1 0 0 1 0 0 1 0 0 1 0 0 1 0 0 1 0 0 1 0 0 1 0 0 1 0 0 1 0 0 1 0 0 1 0 0 1 0 0 1 0 0 1 0 0 1 0 0 1 0 0 1 0 0 1 0 0 1 0 0 1 0 0 1 0 0 1 0 0 1 0 0 1 0 0 1 0 0 1 0 0 1 0 0 1 0 0 1 0 0 1 0 0 1 0 0 1 0 0 1 0 0 1 0 0 1 0 0 1 0 0 0 -0.0249146 -0.99969 0 -0.0249146 -0.99969 0 -0.0746264 -0.997212 0 -0.12418 -0.99226 0 -0.0746264 -0.997212 0 -0.12418 -0.99226 0 -0.174047 -0.984737 0 -0.174047 -0.984737 0 -0.222638 -0.974901 0 -0.270578 -0.962698 0 -0.222638 -0.974901 0 -0.270578 -0.962698 0 -0.318566 -0.947901 0 -0.318566 -0.947901 0 -0.365549 -0.930792 0 -0.365549 -0.930792 0 -0.411222 -0.911535 0 -0.455982 -0.889989 0 -0.411222 -0.911535 0 -0.455982 -0.889989 0 -0.499969 -0.866044 0 -0.499969 -0.866044 0 -0.542847 -0.839831 0 -0.542847 -0.839831 0 -0.583642 -0.812011 0 -0.583642 -0.812011 0 -0.623275 -0.782003 0 -0.623275 -0.782003 0 -0.661947 -0.74955 0 -0.661947 -0.74955 0 -0.69824 -0.715863 0 -0.69824 -0.715863 0 -0.732922 -0.680313 0 -0.766026 -0.642809 0 -0.732922 -0.680313 0 -0.797171 -0.603754 0 -0.766026 -0.642809 0 -0.826316 -0.563207 0 -0.797171 -0.603754 0 -0.826316 -0.563207 0 -0.85321 -0.521567 0 -0.85321 -0.521567 0 -0.87827 -0.478164 0 -0.900898 -0.434031 0 -0.87827 -0.478164 0 -0.900898 -0.434031 0 -0.921481 -0.388424 0 -0.921481 -0.388424 0 -0.939731 -0.341914 0 -0.939731 -0.341914 0 -0.955547 -0.294839 0 -0.955547 -0.294839 0 -0.969074 -0.24677 0 -0.980165 -0.198185 0 -0.969074 -0.24677 0 -0.980165 -0.198185 0 -0.988841 -0.148977 0 -0.988841 -0.148977 0 -0.995032 -0.0995519 0 -0.998755 -0.0498831 0 -0.995032 -0.0995519 0 -1 0 0 -0.998755 -0.0498831 0 -1 0 0 -0.998755 0.0498764 0 -0.995031 0.0995654 0 -0.998755 0.0498764 0 -0.995031 0.0995654 0 -0.988841 0.148977 0 -0.988841 0.148977 0 -0.980165 0.198185 0 -0.980165 0.198185 0 -0.969074 0.246768 0 -0.955546 0.294841 0 -0.969074 0.246768 0 -0.955546 0.294841 0 -0.939731 0.341914 0 -0.939731 0.341914 0 -0.921481 0.388424 0 -0.921481 0.388424 0 -0.900898 0.434031 0 -0.900898 0.434031 0 -0.87827 0.478164 0 -0.87827 0.478164 0 -0.85321 0.521567 0 -0.85321 0.521567 0 -0.826369 0.563128 0 -0.826369 0.563128 0 -0.797109 0.603835 0 -0.797109 0.603835 0 -0.766026 0.642809 0 -0.766026 0.642809 0 -0.732922 0.680313 0 -0.732922 0.680313 0 -0.69824 0.715863 0 -0.69824 0.715863 0 -0.661947 0.74955 0 -0.623343 0.781948 0 -0.661947 0.74955 0 -0.623343 0.781948 0 -0.583567 0.812065 0 -0.583567 0.812065 0 -0.542847 0.839831 0 -0.499969 0.866044 0 -0.542847 0.839831 0 -0.499969 0.866044 0 -0.455983 0.889988 0 -0.455983 0.889988 0 -0.411222 0.911535 0 -0.411222 0.911535 0 -0.365549 0.930792 0 -0.318564 0.947901 0 -0.365549 0.930792 0 -0.318564 0.947901 0 -0.270736 0.962654 0 -0.22253 0.974926 0 -0.270736 0.962654 0 -0.22253 0.974926 0 -0.173992 0.984747 0 -0.173992 0.984747 0 -0.124292 0.992246 0 -0.124292 0.992246 0 -0.0745155 0.99722 0 -0.0745155 0.99722 0 -0.0249146 0.99969 0 -0.0249146 0.99969 0 0.0249145 0.99969 0 0.0249145 0.99969 0 0.0745155 0.99722 0 0.0745155 0.99722 0 0.124292 0.992246 0 0.124292 0.992246 0 0.173991 0.984747 0 0.173991 0.984747 0 0.22253 0.974926 0 0.22253 0.974926 0 0.270736 0.962654 0 0.270736 0.962654 0 0.318564 0.947901 0 0.318564 0.947901 0 0.36555 0.930792 0 0.36555 0.930792 0 0.411222 0.911535 0 0.411222 0.911535 0 0.455984 0.889988 0 0.455984 0.889988 0 0.499967 0.866045 0 0.499967 0.866045 0 0.542849 0.83983 0 0.542849 0.83983 0 0.583565 0.812066 0 0.583565 0.812066 0 0.623343 0.781948 0 0.623343 0.781948 0 0.661949 0.749549 0 0.661949 0.749549 0 0.698238 0.715865 0 0.698238 0.715865 0 0.732923 0.680312 0 0.732923 0.680312 0 0.766026 0.642809 0 0.766026 0.642809 0 0.797109 0.603835 0 0.797109 0.603835 0 0.826368 0.56313 0 0.826368 0.56313 0 0.85321 0.521567 0 0.85321 0.521567 0 0.878271 0.478164 0 0.878271 0.478164 0 0.900898 0.434031 0 0.900898 0.434031 0 0.921481 0.388423 0 0.921481 0.388423 0 0.939731 0.341916 0 0.939731 0.341916 0 0.955547 0.29484 0 0.955547 0.29484 0 0.969074 0.246768 0 0.969074 0.246768 0 0.980165 0.198183 0 0.980165 0.198183 0 0.98884 0.148979 0 0.98884 0.148979 0 0.995031 0.0995623 0 0.995031 0.0995623 0 0.998755 0.0498785 0 0.998755 0.0498785 0 1 0 0 1 0 0 0.998755 -0.0498852 0 0.998755 -0.0498852 0 0.995033 -0.0995488 0 0.995033 -0.0995488 0 0.98884 -0.148979 0 0.98884 -0.148979 0 0.980165 -0.198183 0 0.980165 -0.198183 0 0.955547 -0.294838 0 0.969074 -0.24677 0 0.969074 -0.24677 0 0.955547 -0.294838 0 0.939731 -0.341916 0 0.939731 -0.341916 0 0.921481 -0.388423 0 0.921481 -0.388423 0 0.900898 -0.434031 0 0.900898 -0.434031 0 0.878271 -0.478164 0 0.878271 -0.478164 0 0.85321 -0.521567 0 0.85321 -0.521567 0 0.826315 -0.563209 0 0.826315 -0.563209 0 0.797171 -0.603754 0 0.797171 -0.603754 0 0.766026 -0.642809 0 0.766026 -0.642809 0 0.732923 -0.680312 0 0.698238 -0.715865 0 0.732923 -0.680312 0 0.698238 -0.715865 0 0.661949 -0.749549 0 0.661949 -0.749549 0 0.623275 -0.782003 0 0.623275 -0.782003 0 0.58364 -0.812013 0 0.58364 -0.812013 0 0.542849 -0.83983 0 0.542849 -0.83983 0 0.499967 -0.866045 0 0.499967 -0.866045 0 0.455983 -0.889989 0 0.455983 -0.889989 0 0.411222 -0.911535 0 0.411222 -0.911535 0 0.36555 -0.930792 0 0.36555 -0.930792 0 0.318566 -0.947901 0 0.318566 -0.947901 0 0.270578 -0.962698 0 0.270578 -0.962698 0 0.222638 -0.974901 0 0.174046 -0.984738 0 0.222638 -0.974901 0 0.174046 -0.984738 0 0.124181 -0.99226 0 0.124181 -0.99226 0 0.0746264 -0.997212 0 0.0746264 -0.997212 0 0.0249145 -0.99969 0 0.0249145 -0.99969 -0.994055 -0.00270863 -0.108847 -0.999143 -0.00591534 -0.040978 -0.750513 -0.0164402 -0.660651 -0.752316 0.0303568 0.658102 -0.284737 -0.0609817 -0.956664 -0.947189 0.0359094 0.31866 -0.900042 -0.0719912 -0.429815 -0.997281 -0.00238883 -0.073656 -0.920494 0.0607756 0.386001 -0.89532 -0.0773719 -0.438653 -0.897738 -0.0761266 -0.433903 -0.968879 0.0717506 0.236906 -0.920108 0.0974997 0.379334 -0.903649 -0.116002 -0.412265 -0.895282 -0.122287 -0.428387 -0.899264 0.176489 0.40022 -0.818187 0.222143 0.530304 -0.999773 0.00809336 0.0196858 -0.5169 -0.330754 -0.789567 -0.912111 -0.135834 -0.386785 -0.99964 0.0124997 0.0237298 -0.834251 -0.256972 -0.487843 -0.648515 0.367053 0.666858 -0.752207 0.323132 0.574257 -0.999957 0.00542374 0.00753554 -0.686036 -0.356749 -0.634101 -0.752642 0.375407 0.540924 -0.863752 0.298676 0.405863 -0.999893 -0.0103896 -0.0102612 -0.998879 -0.0269946 -0.0388966 -0.516408 -0.507596 -0.689687 -0.86917 -0.275712 -0.410521 -0.732475 0.436695 0.522281 -0.998921 0.0270988 0.037709 -0.998874 -0.0270057 -0.0390061 -0.886003 0.319593 0.335946 -0.751809 -0.427084 -0.502377 -0.59165 -0.54007 -0.59856 -0.818424 0.4024 0.410191 -0.999021 0.0275987 0.034586 -0.998188 -0.0384514 -0.0462769 -0.823797 -0.397015 -0.404644 -0.622108 -0.594158 -0.50986 -0.685902 -0.554846 -0.470834 -0.996339 -0.0673385 -0.0526739 -0.818917 0.440383 0.36802 -0.905152 0.332939 0.264296 -0.990194 -0.105846 -0.0911755 -0.801196 0.512121 0.309544 -0.999896 0.00701181 0.0126087 -0.346197 -0.781681 -0.51877 -0.982361 -0.151142 -0.110103 -0.406293 -0.759943 -0.507358 -0.778325 0.535754 0.327381 -0.818333 -0.501797 -0.280233 -0.999078 0.037138 0.0215437 -0.409555 0.815899 0.408135 -0.683674 0.657486 0.316706 -0.999562 0.0265406 0.0131196 -0.998372 0.0500129 0.0274139 -0.460476 -0.804492 -0.375173 -0.731719 -0.611029 -0.302045 -0.993737 0.106523 0.0337738 -0.999007 -0.0423996 -0.0136698 -0.819078 -0.531848 -0.215055 -0.899213 0.415886 0.135851 -0.684033 0.677165 0.271196 -0.585841 0.783128 0.208567 -0.997506 0.0676344 0.0201857 -0.99879 -0.0448826 -0.0201228 -0.583344 -0.773469 -0.247903 -0.854466 -0.500276 -0.140044 -0.995257 0.0948878 0.0214304 -0.87719 -0.470616 -0.0951764 -0.834036 -0.541743 -0.104397 -0.895516 0.439248 0.0715044 -0.833342 0.54454 0.0949641 -0.999225 0.0388626 0.00632638 -0.752271 -0.655581 -0.0655897 -0.729196 0.68334 0.0363276 -0.998581 0.0530998 0.00397785 -0.999953 0.00939879 -0.00238717 -0.663156 -0.748482 0 -0.856059 -0.515434 -0.0386125 -0.932407 0.361392 -0.00361493 -0.852081 -0.522923 0.022575 -0.654063 0.754451 -0.0548138 -0.999983 0.00590418 -0.000428961 -0.999994 0.00343845 -0.00014844 -0.67734 -0.732016 0.073233 -0.772259 -0.632669 0.057854 -0.888145 0.452435 -0.0806346 -0.677488 -0.720937 0.145809 -0.786564 0.605736 -0.120007 -0.999971 0.00749369 -0.00109683 -0.999887 0.0149258 -0.0017742 -0.987319 -0.157075 0.0229906 -0.660185 -0.736378 0.147999 -0.999988 0.000838382 0.00490747 -0.793852 -0.587633 0.156481 -0.786965 0.588498 -0.185351 -0.791019 0.583605 -0.183558 -0.999105 -0.0415989 0.00768575 -0.474916 -0.838042 0.268588 -0.852663 -0.487626 0.187581 -0.989194 -0.136838 0.0526388 -0.863586 0.466917 -0.190284 -0.531391 0.767769 -0.357987 -0.998435 -0.049548 0.0259286 -0.407095 -0.831669 0.377625 -0.888828 0.394919 -0.232433 -0.998256 -0.0521815 0.0276013 -0.871235 -0.433905 0.229513 -0.797712 0.512702 -0.317479 -0.999374 -0.0300838 0.0186287 -0.577708 -0.696526 0.425564 -0.999276 -0.0320661 0.0204528 -0.842116 -0.441377 0.309883 -0.999815 -0.015437 0.0115126 -0.684658 -0.581013 0.440077 -0.829068 0.445854 -0.337433 -0.907192 0.331079 -0.259595 -0.922479 0.266487 -0.279316 -0.889601 0.320926 -0.324986 -0.889459 -0.334998 0.310869 -0.897143 -0.325887 0.298216 -0.93436 -0.250374 0.253542 -0.875378 -0.315861 0.365986 -0.896824 0.281926 -0.340918 -0.911076 -0.262712 0.317683 -0.961148 0.158895 -0.225713 -0.84564 -0.299647 0.441706 -0.868567 -0.280873 0.408291 -0.952606 0.172415 -0.250631 -0.849971 0.241392 -0.468273 -0.999101 -0.0192708 0.0377593 -0.915482 -0.206556 0.345292 -0.388765 -0.401678 0.829166 -0.891555 0.199895 -0.406413 -0.999101 -0.018173 0.0382897 -0.999345 -0.0155524 0.0326763 -0.630703 0.305969 -0.71316 -0.880707 -0.176947 0.439369 -0.831537 0.164919 -0.530422 -0.498377 -0.265842 0.825196 -0.246978 0.248786 -0.93654 -0.999946 -0.00182054 0.0102239 -0.874846 -0.123876 0.468294 -0.813414 0.107375 -0.57169 -0.999192 -0.00777336 0.0394377 -0.567985 -0.151923 0.808896 -0.357435 0.111703 -0.927234 -0.999211 -0.00832133 0.0388384 -0.861075 -0.0675855 0.503967 -0.894087 0.0186093 -0.447507 -0.999992 0.000492756 -0.00409031 -0.592351 -0.0512533 0.804048 -0.817684 0.00780068 -0.575615 -0.999981 1.3845e-05 -0.00619638 -0.873019 -0.00108967 0.487686 -0.995867 0.00459501 -0.0907097 -0.817655 -0.0417095 -0.574196 -0.999632 -0.00474726 -0.0267243 -0.708424 0.0253411 0.705332 -0.911746 -0.0416837 -0.408635 -0.999976 -0.000783012 -0.0068662 -0.776209 0.0888374 0.624185 -0.874736 0.0549073 0.48148 -0.689471 -0.126562 -0.713171 -0.999983 -0.00066035 0.0058548 -0.776307 0.122673 0.618303 -0.993889 0.0297666 0.106291 -0.678008 0.151626 0.719246 -0.934605 -0.101766 -0.340818 -0.943338 -0.0966111 -0.317458 -0.993273 0.0325281 0.111135 -0.994043 0.0312492 0.104413 -0.677971 0.210764 0.704226 -0.325259 0.291228 0.899662 -0.834068 0.216433 0.507432 -0.987999 0.0572918 0.143445 -0.916057 -0.134588 -0.377792 -0.790706 0.245637 0.560755 -0.859085 -0.231844 -0.456313 -0.981865 -0.100575 -0.160703 -0.889276 0.210405 0.4061 -0.999069 0.0211418 0.0376019 -0.541251 0.428438 0.723525 -0.999035 0.0211063 0.0385174 -0.346246 -0.539169 -0.767731 -0.548425 -0.485298 -0.680967 -0.999995 0.00116739 0.0028296 -0.794922 0.338866 0.503258 -0.348666 0.575176 0.740003 -0.997505 0.0474932 0.0522305 -0.824241 0.364838 0.433035 -0.898282 -0.30154 -0.31963 -0.71446 -0.49827 -0.491195 -0.998896 0.0341454 0.0322601 -0.998511 0.0400841 0.0370141 -0.445152 0.657874 0.607487 -0.861755 0.363963 0.353425 -0.859743 -0.396631 -0.321755 -0.858475 -0.398373 -0.322986 -0.999209 0.0305932 0.0254131 -0.682237 0.587683 0.43495 -0.995986 0.0731461 0.0515868 -0.999097 0.0363464 0.022015 -0.846574 0.434977 0.30677 -0.882103 -0.407414 -0.236448 -0.785369 -0.524115 -0.329391 -0.326068 0.819757 0.470827 -0.87303 -0.422758 -0.243094 -0.998969 0.0405515 0.020411 -0.924469 0.343482 0.165462 -0.945775 -0.30087 -0.122424 -0.911958 0.377004 0.161866 -0.767679 0.598462 0.229156 -0.94631 -0.299368 -0.121965 -0.825964 0.52985 0.192463 -0.833507 -0.532794 -0.146275 -0.998989 0.0434599 0.0114833 -0.853465 -0.503579 -0.134184 -0.338018 0.91577 0.217046 -0.79594 -0.597032 -0.100158 -0.668356 -0.728028 -0.152563 -0.999082 0.0411926 0.0117626 -0.999984 -0.0056 -0.00117351 -0.775826 0.617243 0.130787 -0.65679 -0.748364 -0.0926176 -0.876272 -0.480922 -0.0293485 -0.999992 -0.00406173 3.23737e-05 -0.776045 0.626951 0.0684603 -0.995995 0.0893591 0.00312293 -0.676226 0.733033 0.0733505 -0.995508 0.0945032 0.00570919 -0.778285 -0.627746 -0.0144216 -0.973507 0.228597 -0.00518168 -0.675867 0.736835 -0.0167021 -0.893938 0.448191 0 -0.886284 -0.462794 0.0179576 -0.909948 -0.40781 0.0754016 -0.82595 -0.562555 0.0365832 -0.987872 0.154964 -0.00975259 -0.260464 0.956962 -0.127996 -0.896348 -0.435508 0.0830297 -0.966848 0.252905 -0.0352632 -0.437607 0.890551 -0.124172 -0.990447 0.135454 -0.0258244 -0.260421 0.931544 -0.253784 -0.978347 0.199995 -0.0532865 -0.43793 0.868703 -0.231456 -0.934044 -0.33834 0.1144 -0.865958 -0.480293 0.139412 -0.994041 0.103299 -0.0348075 -0.892297 -0.423605 0.156091 -0.99453 0.0997748 -0.0309205 -0.737231 0.62259 -0.262434 -0.865294 0.465843 -0.185086 -0.96715 0.236767 -0.0925316 -0.901443 -0.382735 0.202273 -0.852541 -0.467344 0.234017 -0.997853 0.0561697 -0.0336671 -0.541517 -0.714046 0.443733 -0.999516 0.0287918 -0.0117626 -0.775816 0.55412 -0.301763 -0.737388 0.591583 -0.32602 -0.999921 -0.0113093 0.00549301 -0.999889 -0.0131024 0.00714311 -0.650075 0.617975 -0.442165 -0.775635 0.517374 -0.361544 -0.852732 -0.41637 0.315412 -0.715045 -0.550628 0.430721 -0.999978 0.00579863 -0.00327481 -0.999975 0.00613576 -0.00361292 -0.836834 0.408956 -0.363955 -0.447705 0.647844 -0.616326 -0.606349 -0.561491 0.563089 -0.835674 -0.37911 0.397397 -0.999992 -0.00282647 0.00296281 -0.99967 0.0144739 -0.0212223 -0.842305 0.350274 -0.409671 -0.763223 -0.397271 0.509575 -0.677663 0.464849 -0.569815 -0.508427 -0.514714 0.690342 -0.999473 0.019398 -0.0260169 -0.865172 -0.260514 0.428498 -0.99985 0.0119114 -0.0125628 -0.775097 0.342747 -0.5308 -0.844904 0.295911 -0.445616 -0.771958 -0.31938 0.549615 -0.999998 -0.00056334 0.00190266 -0.996755 0.0313242 -0.0741552 -0.675987 0.336277 -0.655713 -0.775176 0.293305 -0.55953 -0.866479 -0.205309 0.455042 -0.837081 -0.230026 0.496371 -0.995662 0.0391203 -0.0844173 -0.802199 -0.213616 0.557535 -0.900692 -0.124616 0.416204 -0.993492 0.0416079 -0.106035 -0.67599 0.26918 -0.685988 -0.132164 0.341088 -0.930694 -0.991138 0.0500953 -0.123028 -0.992947 0.0374492 -0.112485 -0.765264 -0.165955 0.621956 -0.999998 -0.00175423 0.000446855 -0.782198 0.163075 -0.60131 -0.399979 0.192815 -0.896013 -0.999985 -0.000995427 0.00545891 -0.781127 0.112007 -0.614243 -0.844303 -0.078657 0.530062 -0.753562 -0.103372 0.649199 -0.999805 0.00537871 -0.0190206 -0.850146 -0.00514749 0.526522 -0.833657 -0.00766892 0.55223 -0.00359084 0.0622595 -0.998054 -0.679899 0.0630088 -0.730594 -0.989407 0.00612291 -0.145039 1 0 0 1 0 0 1 0 0 1 0 0 1 0 0 1 0 0 1 0 0 1 0 0 1 0 0 1 0 0 1 0 0 1 0 0 1 0 0 1 0 0 1 0 0 1 0 0 1 0 0 1 0 0 1 0 0 1 0 0 1 0 0 1 0 0 1 0 0 1 0 0 1 0 0 1 0 0 1 0 0 1 0 0 1 0 0 1 0 0 1 0 0 1 0 0 1 0 0 1 0 0 1 0 0 1 0 0 1 0 0 1 0 0 1 0 0 1 0 0 1 0 0 1 0 0 1 0 0 1 0 0 1 0 0 1 0 0 1 0 0 1 0 0 1 0 0 1 0 0 1 0 0 1 0 0 1 0 0 1 0 0 1 0 0 1 0 0 1 0 0 1 0 0 1 0 0 1 0 0 1 0 0 0.995588 0.0786815 -0.0511282 1 0 0 0.990525 0.135662 -0.0213715 1 0 0 1 0 0 1 0 0 1 0 0 1 0 0 1 0 0 1 0 0 1 0 0 1 0 0 1 0 0 1 0 0 1 0 0 1 0 0 1 0 0 1 0 0 1 0 0 1 0 0 1 0 0 1 0 0 1 0 0 1 0 0 1 0 0 1 0 0 1 0 0 1 0 0 1 0 0 1 0 0 1 0 0 1 0 0 1 0 0 1 0 0 1 0 0 1 0 0 1 0 0 1 0 0</float_array>
                    <technique_common>
                        <accessor count="8000" source="#shape0-lib-normals-array" stride="3">
                            <param name="X" type="float"/>
                            <param name="Y" type="float"/>
                            <param name="Z" type="float"/>
                        </accessor>
                    </technique_common>
                </source>
                <vertices id="shape0-lib-vertices">
                    <input semantic="POSITION" source="#shape0-lib-positions"/>
                </vertices>
                <triangles count="8000">
                    <input offset="0" semantic="VERTEX" source="#shape0-lib-vertices"/>
                    <input offset="1" semantic="NORMAL" source="#shape0-lib-normals"/>
                    <p>1 0 2 0 4 0 4 1 2 1 0 1 0 2 3 2 4 2 1 3 5 3 2 3 3 4 6 4 4 4 1 5 7 5 5 5 8 6 7 6 1 6 8 7 9 7 7 7 6 8 10 8 4 8 8 9 11 9 9 9 4 10 12 10 25 10 10 11 12 11 4 11 8 12 13 12 11 12 12 13 14 13 25 13 8 14 15 14 13 14 16 15 15 15 8 15 14 16 17 16 25 16 17 17 18 17 25 17 16 18 19 18 15 18 18 19 20 19 25 19 16 20 21 20 19 20 20 21 22 21 25 21 16 22 23 22 21 22 22 23 24 23 25 23 16 24 26 24 23 24 24 25 27 25 25 25 25 26 27 26 35 26 16 27 28 27 26 27 27 28 29 28 35 28 16 29 30 29 28 29 31 30 30 30 16 30 29 31 32 31 35 31 31 32 33 32 30 32 32 33 34 33 35 33 31 34 36 34 33 34 35 35 37 35 45 35 34 36 37 36 35 36 31 37 38 37 36 37 37 38 39 38 45 38 31 39 40 39 38 39 39 40 41 40 45 40 42 41 43 41 31 41 31 42 43 42 40 42 41 43 44 43 45 43 42 44 46 44 43 44 44 45 47 45 45 45 45 46 47 46 61 46 42 47 48 47 46 47 47 48 49 48 61 48 42 49 50 49 48 49 49 50 51 50 61 50 42 51 52 51 50 51 51 52 53 52 61 52 42 53 54 53 52 53 55 54 54 54 42 54 53 55 56 55 61 55 55 56 57 56 54 56 63 57 57 57 55 57 56 58 58 58 61 58 63 59 59 59 57 59 58 60 60 60 61 60 63 61 62 61 59 61 61 62 64 62 67 62 60 63 64 63 61 63 63 64 65 64 62 64 64 65 66 65 67 65 63 66 68 66 65 66 66 67 69 67 67 67 63 68 70 68 68 68 69 69 80 69 67 69 69 70 71 70 80 70 63 71 72 71 70 71 71 72 73 72 80 72 63 73 74 73 72 73 73 74 75 74 80 74 63 75 76 75 74 75 63 76 77 76 76 76 77 77 78 77 76 77 79 78 80 78 75 78 77 79 81 79 78 79 82 80 83 80 79 80 79 81 83 81 80 81 81 82 77 82 84 82 82 83 85 83 83 83 86 84 85 84 82 84 84 85 91 85 87 85 77 86 91 86 84 86 88 87 85 87 86 87 87 88 91 88 89 88 90 89 85 89 88 89 89 90 91 90 92 90 93 91 101 91 90 91 90 92 101 92 85 92 92 93 94 93 95 93 91 94 94 94 92 94 96 95 101 95 93 95 95 96 102 96 97 96 94 97 102 97 95 97 98 98 101 98 96 98 97 99 102 99 99 99 100 100 101 100 98 100 99 101 102 101 103 101 100 102 109 102 101 102 104 103 109 103 100 103 103 104 105 104 106 104 102 105 105 105 103 105 107 106 109 106 104 106 106 107 105 107 108 107 110 108 109 108 107 108 108 109 105 109 111 109 112 110 113 110 110 110 110 111 113 111 109 111 105 112 118 112 111 112 111 113 118 113 114 113 115 114 113 114 112 114 114 115 118 115 116 115 117 116 113 116 115 116 116 117 118 117 119 117 120 118 121 118 117 118 117 119 121 119 113 119 122 120 121 120 120 120 119 121 123 121 124 121 118 122 123 122 119 122 125 123 130 123 122 123 122 124 130 124 121 124 124 125 123 125 126 125 127 126 130 126 125 126 126 127 123 127 128 127 129 128 130 128 127 128 128 129 123 129 131 129 132 130 134 130 129 130 129 131 134 131 130 131 123 132 139 132 131 132 131 133 139 133 133 133 135 134 134 134 132 134 133 135 139 135 136 135 135 136 137 136 134 136 138 137 137 137 135 137 136 138 139 138 140 138 138 139 146 139 137 139 141 140 146 140 138 140 140 141 142 141 143 141 139 142 142 142 140 142 144 143 146 143 141 143 143 144 148 144 145 144 142 145 148 145 143 145 147 146 146 146 144 146 145 147 148 147 149 147 147 148 152 148 146 148 150 149 152 149 147 149 149 150 157 150 151 150 148 151 157 151 149 151 153 152 152 152 150 152 151 153 157 153 154 153 153 154 155 154 152 154 156 155 155 155 153 155 154 156 157 156 158 156 156 157 164 157 155 157 159 158 164 158 156 158 158 159 160 159 161 159 157 160 160 160 158 160 162 161 164 161 159 161 160 162 166 162 161 162 161 163 166 163 163 163 165 164 164 164 162 164 163 165 166 165 165 165 165 166 166 166 164 166 167 167 168 167 169 167 169 168 168 168 170 168 171 169 172 169 173 169 173 170 172 170 174 170 175 171 236 171 400 171 175 172 176 172 236 172 177 173 178 173 179 173 177 174 179 174 180 174 181 175 180 175 182 175 181 176 182 176 183 176 181 177 177 177 180 177 184 178 183 178 185 178 184 179 181 179 183 179 186 180 184 180 185 180 187 181 188 181 189 181 187 182 189 182 190 182 191 183 190 183 192 183 191 184 187 184 190 184 193 185 192 185 194 185 193 186 191 186 192 186 195 187 194 187 196 187 195 188 193 188 194 188 197 189 196 189 198 189 197 190 195 190 196 190 199 191 198 191 200 191 199 192 197 192 198 192 201 193 200 193 202 193 201 194 199 194 200 194 203 195 202 195 204 195 203 196 201 196 202 196 205 197 206 197 207 197 208 198 207 198 209 198 208 199 205 199 207 199 210 200 209 200 211 200 210 201 208 201 209 201 212 202 211 202 213 202 212 203 210 203 211 203 214 204 212 204 213 204 328 205 215 205 216 205 217 206 215 206 328 206 328 207 218 207 219 207 222 208 223 208 728 208 224 209 223 209 222 209 225 210 226 210 227 210 227 211 730 211 228 211 228 212 730 212 229 212 226 213 730 213 227 213 606 214 230 214 605 214 231 215 230 215 606 215 235 216 237 216 232 216 232 217 237 217 613 217 233 218 234 218 614 218 237 219 238 219 236 219 614 220 239 220 240 220 614 221 241 221 239 221 234 222 241 222 614 222 239 223 242 223 240 223 243 224 245 224 234 224 234 225 245 225 241 225 240 226 244 226 235 226 235 227 244 227 237 227 242 228 244 228 240 228 244 229 246 229 237 229 237 230 246 230 238 230 243 231 247 231 245 231 252 232 247 232 243 232 246 233 248 233 238 233 252 234 249 234 247 234 248 235 250 235 238 235 252 236 251 236 249 236 250 237 253 237 238 237 252 238 254 238 251 238 255 239 254 239 252 239 253 240 256 240 238 240 255 241 257 241 254 241 227 242 257 242 255 242 256 243 258 243 238 243 227 244 259 244 257 244 258 245 260 245 238 245 227 246 261 246 259 246 260 247 262 247 238 247 227 248 263 248 261 248 262 249 264 249 238 249 227 250 265 250 263 250 264 251 266 251 238 251 227 252 267 252 265 252 266 253 268 253 238 253 227 254 269 254 267 254 268 255 270 255 238 255 227 256 271 256 269 256 270 257 272 257 238 257 273 258 228 258 274 258 275 259 228 259 273 259 276 260 228 260 275 260 277 261 228 261 276 261 278 262 228 262 277 262 279 263 228 263 278 263 271 264 228 264 279 264 227 265 228 265 271 265 228 266 280 266 274 266 274 267 280 267 281 267 272 268 282 268 238 268 283 269 282 269 272 269 284 270 282 270 283 270 285 271 282 271 284 271 286 272 282 272 285 272 287 273 282 273 286 273 288 274 282 274 287 274 289 275 282 275 288 275 289 276 292 276 282 276 280 277 290 277 281 277 282 278 293 278 612 278 290 279 291 279 281 279 282 280 294 280 293 280 290 281 295 281 291 281 292 282 296 282 282 282 282 283 296 283 294 283 296 284 297 284 294 284 290 285 298 285 295 285 301 286 298 286 290 286 297 287 299 287 294 287 300 288 299 288 297 288 301 289 303 289 298 289 300 290 304 290 299 290 607 291 302 291 301 291 301 292 305 292 303 292 302 293 305 293 301 293 304 294 306 294 299 294 307 295 306 295 304 295 302 296 308 296 305 296 307 297 313 297 306 297 308 298 309 298 310 298 302 299 309 299 308 299 309 300 311 300 310 300 309 301 322 301 311 301 313 302 312 302 306 302 313 303 314 303 312 303 314 304 315 304 312 304 316 305 323 305 317 305 315 306 318 306 312 306 319 307 318 307 315 307 320 308 321 308 319 308 319 309 321 309 318 309 318 310 321 310 611 310 317 311 323 311 322 311 311 312 323 312 324 312 322 313 323 313 311 313 327 314 325 314 326 314 324 315 325 315 327 315 323 316 325 316 324 316 328 317 325 317 323 317 325 318 329 318 326 318 325 319 330 319 329 319 325 320 331 320 330 320 332 321 333 321 320 321 334 322 333 322 332 322 320 323 333 323 321 323 325 324 335 324 331 324 325 325 336 325 335 325 325 326 337 326 336 326 338 327 339 327 334 327 340 328 339 328 338 328 341 329 339 329 340 329 334 330 339 330 333 330 325 331 342 331 337 331 325 332 343 332 342 332 325 333 344 333 343 333 346 334 345 334 341 334 347 335 345 335 346 335 341 336 345 336 339 336 348 337 349 337 347 337 347 338 349 338 345 338 351 339 349 339 348 339 351 340 350 340 349 340 352 341 350 341 351 341 353 342 350 342 352 342 353 343 354 343 350 343 355 344 354 344 353 344 356 345 354 345 355 345 356 346 357 346 354 346 358 347 357 347 356 347 359 348 357 348 358 348 361 349 609 349 360 349 362 350 609 350 361 350 363 351 609 351 362 351 364 352 609 352 363 352 365 353 609 353 364 353 366 354 609 354 365 354 367 355 609 355 366 355 368 356 609 356 367 356 369 357 609 357 368 357 359 358 370 358 357 358 371 359 370 359 359 359 360 360 372 360 373 360 609 361 372 361 360 361 608 362 372 362 609 362 371 363 374 363 370 363 370 364 374 364 610 364 375 365 374 365 371 365 372 366 376 366 373 366 378 367 376 367 377 367 373 368 376 368 378 368 375 369 379 369 374 369 381 370 379 370 375 370 380 371 379 371 381 371 382 372 383 372 380 372 377 373 383 373 382 373 380 374 383 374 379 374 376 375 383 375 377 375 325 376 609 376 369 376 325 377 369 377 344 377 216 378 215 378 384 378 385 379 216 379 384 379 385 380 384 380 387 380 386 381 385 381 387 381 205 382 387 382 206 382 205 383 386 383 387 383 203 384 204 384 388 384 389 385 203 385 388 385 389 386 388 386 390 386 391 387 389 387 390 387 391 388 390 388 179 388 178 389 391 389 179 389 214 390 213 390 393 390 392 391 214 391 393 391 392 392 393 392 394 392 395 393 392 393 394 393 395 394 394 394 189 394 188 395 395 395 189 395 186 396 185 396 397 396 396 397 186 397 397 397 396 398 397 398 398 398 399 399 396 399 398 399 399 400 398 400 175 400 400 401 399 401 175 401 328 402 219 402 217 402 174 403 236 403 176 403 174 404 176 404 173 404 401 405 402 405 403 405 348 406 347 406 402 406 404 407 402 407 401 407 351 408 348 408 402 408 405 409 406 409 407 409 403 410 406 410 405 410 346 411 406 411 347 411 402 412 406 412 403 412 347 413 406 413 402 413 346 414 408 414 406 414 409 415 408 415 410 415 406 416 408 416 407 416 407 417 408 417 409 417 340 418 408 418 341 418 341 419 408 419 346 419 340 420 411 420 408 420 408 421 411 421 410 421 412 422 411 422 413 422 410 423 411 423 412 423 334 424 411 424 338 424 338 425 411 425 340 425 414 426 415 426 416 426 413 427 415 427 414 427 332 428 415 428 334 428 334 429 415 429 411 429 411 430 415 430 413 430 417 431 418 431 419 431 416 432 418 432 417 432 332 433 418 433 415 433 319 434 418 434 320 434 320 435 418 435 332 435 415 436 418 436 416 436 420 437 421 437 422 437 419 438 421 438 420 438 314 439 421 439 315 439 315 440 421 440 319 440 319 441 421 441 418 441 418 442 421 442 419 442 421 443 423 443 422 443 314 444 423 444 421 444 424 445 423 445 425 445 422 446 423 446 424 446 313 447 423 447 314 447 313 448 426 448 423 448 427 449 426 449 428 449 425 450 426 450 427 450 304 451 426 451 307 451 307 452 426 452 313 452 423 453 426 453 425 453 429 454 430 454 431 454 428 455 430 455 429 455 300 456 430 456 304 456 426 457 430 457 428 457 304 458 430 458 426 458 432 459 433 459 434 459 431 460 433 460 432 460 296 461 433 461 297 461 297 462 433 462 300 462 300 463 433 463 430 463 430 464 433 464 431 464 433 465 435 465 434 465 436 466 435 466 437 466 434 467 435 467 436 467 292 468 435 468 296 468 296 469 435 469 433 469 438 470 439 470 440 470 437 471 439 471 438 471 288 472 439 472 289 472 289 473 439 473 292 473 292 474 439 474 435 474 435 475 439 475 437 475 441 476 442 476 443 476 440 477 442 477 441 477 288 478 442 478 439 478 286 479 442 479 287 479 287 480 442 480 288 480 439 481 442 481 440 481 442 482 444 482 443 482 659 483 444 483 445 483 443 484 444 484 659 484 284 485 444 485 285 485 285 486 444 486 286 486 286 487 444 487 442 487 446 488 447 488 448 488 445 489 447 489 446 489 272 490 447 490 283 490 283 491 447 491 284 491 284 492 447 492 444 492 444 493 447 493 445 493 449 494 450 494 451 494 448 495 450 495 449 495 268 496 450 496 270 496 270 497 450 497 272 497 272 498 450 498 447 498 447 499 450 499 448 499 450 500 452 500 451 500 453 501 452 501 454 501 451 502 452 502 453 502 264 503 452 503 266 503 266 504 452 504 268 504 268 505 452 505 450 505 455 506 456 506 457 506 454 507 456 507 455 507 260 508 456 508 262 508 262 509 456 509 264 509 452 510 456 510 454 510 264 511 456 511 452 511 458 512 459 512 460 512 457 513 459 513 458 513 256 514 459 514 258 514 258 515 459 515 260 515 456 516 459 516 457 516 260 517 459 517 456 517 256 518 461 518 459 518 462 519 461 519 463 519 460 520 461 520 462 520 459 521 461 521 460 521 250 522 461 522 253 522 253 523 461 523 256 523 464 524 465 524 466 524 463 525 465 525 464 525 248 526 465 526 250 526 250 527 465 527 461 527 461 528 465 528 463 528 467 529 468 529 469 529 466 530 468 530 467 530 244 531 468 531 246 531 246 532 468 532 248 532 248 533 468 533 465 533 465 534 468 534 466 534 470 535 471 535 472 535 469 536 471 536 470 536 239 537 471 537 242 537 242 538 471 538 244 538 244 539 471 539 468 539 468 540 471 540 469 540 473 541 474 541 475 541 472 542 474 542 473 542 245 543 474 543 241 543 241 544 474 544 239 544 239 545 474 545 471 545 471 546 474 546 472 546 651 547 476 547 477 547 475 548 476 548 651 548 247 549 476 549 245 549 245 550 476 550 474 550 474 551 476 551 475 551 649 552 478 552 479 552 477 553 478 553 649 553 249 554 478 554 247 554 247 555 478 555 476 555 476 556 478 556 477 556 480 557 481 557 482 557 479 558 481 558 480 558 254 559 481 559 251 559 251 560 481 560 249 560 249 561 481 561 478 561 478 562 481 562 479 562 482 563 483 563 646 563 259 564 483 564 257 564 257 565 483 565 254 565 254 566 483 566 481 566 481 567 483 567 482 567 646 568 483 568 484 568 263 569 485 569 261 569 261 570 485 570 259 570 483 571 485 571 484 571 259 572 485 572 483 572 486 573 485 573 487 573 484 574 485 574 486 574 265 575 488 575 263 575 485 576 488 576 487 576 263 577 488 577 485 577 643 578 488 578 489 578 487 579 488 579 643 579 267 580 488 580 265 580 488 581 490 581 489 581 267 582 490 582 488 582 641 583 490 583 491 583 489 584 490 584 641 584 271 585 490 585 269 585 269 586 490 586 267 586 271 587 492 587 490 587 490 588 492 588 491 588 493 589 492 589 494 589 491 590 492 590 493 590 278 591 492 591 279 591 279 592 492 592 271 592 492 593 495 593 494 593 278 594 495 594 492 594 639 595 495 595 496 595 494 596 495 596 639 596 276 597 495 597 277 597 277 598 495 598 278 598 276 599 497 599 495 599 495 600 497 600 496 600 498 601 497 601 499 601 496 602 497 602 498 602 273 603 497 603 275 603 275 604 497 604 276 604 273 605 500 605 497 605 636 606 500 606 501 606 499 607 500 607 636 607 497 608 500 608 499 608 281 609 500 609 274 609 274 610 500 610 273 610 634 611 502 611 503 611 501 612 502 612 634 612 500 613 502 613 501 613 295 614 502 614 291 614 291 615 502 615 281 615 281 616 502 616 500 616 502 617 504 617 503 617 505 618 504 618 506 618 503 619 504 619 505 619 298 620 504 620 295 620 295 621 504 621 502 621 298 622 507 622 504 622 504 623 507 623 506 623 631 624 507 624 508 624 506 625 507 625 631 625 303 626 507 626 298 626 507 627 509 627 508 627 303 628 509 628 507 628 629 629 509 629 510 629 508 630 509 630 629 630 308 631 509 631 305 631 305 632 509 632 303 632 308 633 511 633 509 633 509 634 511 634 510 634 627 635 511 635 512 635 510 636 511 636 627 636 311 637 511 637 310 637 310 638 511 638 308 638 511 639 513 639 512 639 311 640 513 640 511 640 625 641 513 641 514 641 512 642 513 642 625 642 327 643 513 643 324 643 324 644 513 644 311 644 327 645 515 645 513 645 513 646 515 646 514 646 516 647 515 647 517 647 514 648 515 648 516 648 326 649 515 649 327 649 622 650 518 650 519 650 517 651 518 651 622 651 330 652 518 652 329 652 329 653 518 653 326 653 515 654 518 654 517 654 326 655 518 655 515 655 620 656 520 656 521 656 519 657 520 657 620 657 335 658 520 658 331 658 331 659 520 659 330 659 330 660 520 660 518 660 518 661 520 661 519 661 335 662 522 662 520 662 523 663 522 663 524 663 521 664 522 664 523 664 337 665 522 665 336 665 336 666 522 666 335 666 520 667 522 667 521 667 522 668 525 668 524 668 337 669 525 669 522 669 526 670 525 670 527 670 524 671 525 671 526 671 343 672 525 672 342 672 342 673 525 673 337 673 616 674 528 674 529 674 525 675 528 675 527 675 343 676 528 676 525 676 530 677 528 677 616 677 527 678 528 678 530 678 369 679 528 679 344 679 344 680 528 680 343 680 687 681 531 681 532 681 529 682 531 682 687 682 369 683 531 683 528 683 528 684 531 684 529 684 367 685 531 685 368 685 368 686 531 686 369 686 685 687 533 687 534 687 532 688 533 688 685 688 367 689 533 689 531 689 365 690 533 690 366 690 366 691 533 691 367 691 531 692 533 692 532 692 684 693 535 693 536 693 534 694 535 694 684 694 363 695 535 695 364 695 364 696 535 696 365 696 365 697 535 697 533 697 533 698 535 698 534 698 682 699 537 699 538 699 536 700 537 700 682 700 361 701 537 701 362 701 362 702 537 702 363 702 535 703 537 703 536 703 363 704 537 704 535 704 681 705 539 705 540 705 538 706 539 706 681 706 360 707 539 707 361 707 361 708 539 708 537 708 537 709 539 709 538 709 679 710 541 710 542 710 540 711 541 711 679 711 378 712 541 712 373 712 373 713 541 713 360 713 360 714 541 714 539 714 539 715 541 715 540 715 378 716 543 716 541 716 544 717 543 717 545 717 542 718 543 718 544 718 377 719 543 719 378 719 541 720 543 720 542 720 546 721 547 721 548 721 545 722 547 722 546 722 543 723 547 723 545 723 377 724 547 724 543 724 380 725 547 725 382 725 382 726 547 726 377 726 549 727 550 727 551 727 548 728 550 728 549 728 547 729 550 729 548 729 380 730 550 730 547 730 381 731 550 731 380 731 552 732 553 732 554 732 551 733 553 733 552 733 371 734 553 734 375 734 375 735 553 735 381 735 381 736 553 736 550 736 550 737 553 737 551 737 555 738 556 738 557 738 554 739 556 739 555 739 553 740 556 740 554 740 359 741 556 741 371 741 371 742 556 742 553 742 558 743 559 743 560 743 557 744 559 744 558 744 356 745 559 745 358 745 358 746 559 746 359 746 359 747 559 747 556 747 556 748 559 748 557 748 561 749 562 749 563 749 560 750 562 750 561 750 355 751 562 751 356 751 356 752 562 752 559 752 559 753 562 753 560 753 564 754 565 754 566 754 563 755 565 755 564 755 352 756 565 756 353 756 353 757 565 757 355 757 562 758 565 758 563 758 355 759 565 759 562 759 565 760 567 760 566 760 568 761 567 761 404 761 352 762 567 762 565 762 566 763 567 763 568 763 351 764 567 764 352 764 404 765 567 765 402 765 402 766 567 766 351 766 569 767 570 767 571 767 569 768 571 768 572 768 573 769 569 769 572 769 573 770 572 770 574 770 575 771 573 771 574 771 575 772 574 772 576 772 577 773 575 773 576 773 577 774 576 774 578 774 579 775 578 775 593 775 579 776 577 776 578 776 580 777 570 777 581 777 580 778 571 778 570 778 582 779 583 779 584 779 585 780 583 780 582 780 586 781 598 781 599 781 586 782 599 782 587 782 588 783 586 783 587 783 588 784 587 784 590 784 589 785 588 785 590 785 591 786 590 786 592 786 591 787 589 787 590 787 582 788 592 788 585 788 582 789 591 789 592 789 594 790 579 790 593 790 218 791 594 791 219 791 595 792 584 792 583 792 170 793 595 793 169 793 596 794 220 794 221 794 581 795 596 795 580 795 597 796 172 796 171 796 598 797 597 797 599 797 222 798 728 798 600 798 600 799 602 799 601 799 728 800 602 800 600 800 601 801 221 801 220 801 602 802 221 802 601 802 168 803 167 803 603 803 603 804 604 804 605 804 604 805 606 805 605 805 228 806 229 806 280 806 280 807 224 807 222 807 229 808 224 808 280 808 301 809 601 809 220 809 290 810 601 810 301 810 600 811 601 811 222 811 222 812 601 812 280 812 280 813 601 813 290 813 607 814 301 814 220 814 302 815 596 815 581 815 607 816 596 816 302 816 607 817 220 817 596 817 570 818 309 818 581 818 581 819 309 819 302 819 579 820 316 820 317 820 577 821 579 821 317 821 575 822 317 822 322 822 575 823 577 823 317 823 573 824 575 824 322 824 569 825 322 825 309 825 569 826 573 826 322 826 570 827 569 827 309 827 316 828 218 828 323 828 316 829 594 829 218 829 316 830 579 830 594 830 323 831 218 831 328 831 325 832 328 832 609 832 609 833 328 833 216 833 608 834 386 834 205 834 608 835 205 835 372 835 608 836 385 836 386 836 609 837 385 837 608 837 609 838 216 838 385 838 379 839 214 839 374 839 212 840 214 840 379 840 383 841 212 841 379 841 210 842 212 842 383 842 376 843 210 843 383 843 208 844 210 844 376 844 372 845 208 845 376 845 205 846 208 846 372 846 610 847 188 847 370 847 610 848 395 848 188 848 610 849 392 849 395 849 610 850 374 850 214 850 610 851 214 851 392 851 201 852 203 852 321 852 201 853 321 853 333 853 199 854 333 854 339 854 199 855 201 855 333 855 197 856 339 856 345 856 197 857 199 857 339 857 195 858 345 858 349 858 195 859 197 859 345 859 350 860 195 860 349 860 193 861 195 861 350 861 354 862 193 862 350 862 191 863 193 863 354 863 357 864 191 864 354 864 187 865 191 865 357 865 370 866 187 866 357 866 188 867 187 867 370 867 611 868 178 868 318 868 611 869 391 869 178 869 611 870 389 870 391 870 611 871 321 871 203 871 611 872 203 872 389 872 184 873 186 873 294 873 184 874 294 874 299 874 181 875 299 875 306 875 181 876 184 876 299 876 177 877 306 877 312 877 177 878 181 878 306 878 178 879 312 879 318 879 178 880 177 880 312 880 612 881 399 881 400 881 612 882 400 882 282 882 612 883 294 883 186 883 612 884 293 884 294 884 612 885 396 885 399 885 612 886 186 886 396 886 400 887 236 887 282 887 236 888 238 888 282 888 174 889 237 889 236 889 172 890 237 890 174 890 613 891 598 891 232 891 613 892 597 892 598 892 613 893 237 893 172 893 613 894 172 894 597 894 591 895 582 895 240 895 591 896 240 896 235 896 589 897 591 897 235 897 588 898 589 898 235 898 588 899 235 899 232 899 586 900 588 900 232 900 598 901 586 901 232 901 582 902 584 902 240 902 584 903 614 903 240 903 614 904 234 904 233 904 614 905 170 905 234 905 614 906 595 906 170 906 614 907 584 907 595 907 168 908 243 908 170 908 170 909 243 909 234 909 605 910 615 910 603 910 255 911 615 911 605 911 252 912 615 912 255 912 603 913 615 913 168 913 168 914 615 914 243 914 243 915 615 915 252 915 605 916 230 916 255 916 230 917 225 917 255 917 225 918 227 918 255 918 130 919 524 919 526 919 134 920 523 920 524 920 134 921 521 921 523 921 137 922 620 922 521 922 146 923 519 923 620 923 146 924 622 924 519 924 146 925 517 925 622 925 152 926 516 926 517 926 152 927 514 927 516 927 155 928 625 928 514 928 164 929 512 929 625 929 164 930 627 930 512 930 164 931 510 931 627 931 166 932 629 932 510 932 166 933 508 933 629 933 160 934 631 934 508 934 157 935 506 935 631 935 157 936 505 936 506 936 157 937 503 937 505 937 148 938 634 938 503 938 148 939 501 939 634 939 142 940 636 940 501 940 139 941 499 941 636 941 139 942 498 942 499 942 139 943 496 943 498 943 123 944 639 944 496 944 123 945 494 945 639 945 123 946 493 946 494 946 123 947 491 947 493 947 118 948 641 948 491 948 118 949 489 949 641 949 118 950 643 950 489 950 105 951 487 951 643 951 105 952 486 952 487 952 105 953 484 953 486 953 102 954 646 954 484 954 102 955 482 955 646 955 102 956 480 956 482 956 94 957 479 957 480 957 91 958 649 958 479 958 91 959 477 959 649 959 91 960 651 960 477 960 77 961 475 961 651 961 77 962 473 962 475 962 77 963 472 963 473 963 80 964 83 964 545 964 83 965 85 965 544 965 85 966 101 966 540 966 101 967 109 967 536 967 109 968 113 968 685 968 113 969 121 969 529 969 529 970 121 970 616 970 130 971 617 971 121 971 121 972 617 972 616 972 616 973 617 973 530 973 530 974 617 974 527 974 527 975 617 975 526 975 526 976 617 976 130 976 134 977 618 977 130 977 130 978 618 978 524 978 524 979 618 979 134 979 137 980 619 980 134 980 134 981 619 981 521 981 521 982 619 982 137 982 146 983 620 983 137 983 146 984 621 984 519 984 519 985 621 985 146 985 517 986 623 986 152 986 152 987 623 987 146 987 146 988 623 988 517 988 152 989 624 989 514 989 514 990 624 990 155 990 155 991 624 991 152 991 164 992 625 992 155 992 164 993 626 993 512 993 512 994 626 994 164 994 166 995 628 995 164 995 164 996 628 996 510 996 510 997 628 997 166 997 160 998 630 998 166 998 166 999 630 999 508 999 508 1000 630 1000 160 1000 157 1001 631 1001 160 1001 157 1002 632 1002 506 1002 506 1003 632 1003 157 1003 148 1004 633 1004 157 1004 157 1005 633 1005 503 1005 503 1006 633 1006 148 1006 142 1007 635 1007 148 1007 148 1008 635 1008 501 1008 501 1009 635 1009 142 1009 139 1010 636 1010 142 1010 139 1011 637 1011 499 1011 499 1012 637 1012 139 1012 139 1013 638 1013 496 1013 496 1014 638 1014 123 1014 123 1015 638 1015 139 1015 123 1016 640 1016 491 1016 491 1017 640 1017 118 1017 118 1018 640 1018 123 1018 118 1019 642 1019 489 1019 489 1020 642 1020 118 1020 105 1021 643 1021 118 1021 105 1022 644 1022 487 1022 487 1023 644 1023 105 1023 105 1024 645 1024 484 1024 484 1025 645 1025 102 1025 102 1026 645 1026 105 1026 102 1027 647 1027 482 1027 482 1028 647 1028 102 1028 94 1029 480 1029 102 1029 94 1030 648 1030 479 1030 479 1031 648 1031 91 1031 91 1032 648 1032 94 1032 91 1033 650 1033 477 1033 477 1034 650 1034 91 1034 77 1035 651 1035 91 1035 77 1036 652 1036 475 1036 475 1037 652 1037 77 1037 77 1038 653 1038 472 1038 63 1039 653 1039 77 1039 472 1040 653 1040 470 1040 653 1041 654 1041 470 1041 470 1042 654 1042 469 1042 63 1043 654 1043 653 1043 469 1044 654 1044 467 1044 467 1045 654 1045 466 1045 466 1046 654 1046 464 1046 464 1047 654 1047 463 1047 63 1048 655 1048 654 1048 654 1049 655 1049 463 1049 463 1050 655 1050 462 1050 462 1051 655 1051 460 1051 55 1052 655 1052 63 1052 460 1053 655 1053 458 1053 55 1054 656 1054 655 1054 655 1055 656 1055 458 1055 42 1056 656 1056 55 1056 458 1057 656 1057 457 1057 656 1058 657 1058 457 1058 42 1059 657 1059 656 1059 457 1060 657 1060 455 1060 455 1061 657 1061 454 1061 454 1062 657 1062 453 1062 453 1063 657 1063 451 1063 31 1064 657 1064 42 1064 451 1065 657 1065 449 1065 31 1066 658 1066 657 1066 657 1067 658 1067 449 1067 449 1068 658 1068 448 1068 448 1069 658 1069 446 1069 446 1070 658 1070 445 1070 658 1071 659 1071 445 1071 31 1072 659 1072 658 1072 16 1073 659 1073 31 1073 16 1074 660 1074 659 1074 659 1075 660 1075 443 1075 443 1076 660 1076 441 1076 441 1077 660 1077 440 1077 440 1078 660 1078 438 1078 438 1079 660 1079 437 1079 660 1080 661 1080 437 1080 16 1081 661 1081 660 1081 437 1082 661 1082 436 1082 8 1083 661 1083 16 1083 436 1084 661 1084 434 1084 434 1085 661 1085 432 1085 432 1086 661 1086 431 1086 431 1087 662 1087 429 1087 661 1088 662 1088 431 1088 8 1089 662 1089 661 1089 1 1090 662 1090 8 1090 429 1091 662 1091 428 1091 428 1092 663 1092 427 1092 662 1093 663 1093 428 1093 1 1094 663 1094 662 1094 4 1095 663 1095 1 1095 427 1096 663 1096 425 1096 425 1097 663 1097 424 1097 424 1098 664 1098 422 1098 663 1099 664 1099 424 1099 4 1100 664 1100 663 1100 422 1101 664 1101 420 1101 420 1102 665 1102 419 1102 664 1103 665 1103 420 1103 4 1104 665 1104 664 1104 25 1105 665 1105 4 1105 419 1106 665 1106 417 1106 417 1107 665 1107 416 1107 416 1108 666 1108 414 1108 665 1109 666 1109 416 1109 25 1110 666 1110 665 1110 414 1111 666 1111 413 1111 413 1112 666 1112 412 1112 412 1113 666 1113 410 1113 666 1114 667 1114 410 1114 25 1115 667 1115 666 1115 410 1116 667 1116 409 1116 35 1117 667 1117 25 1117 409 1118 667 1118 407 1118 667 1119 668 1119 407 1119 35 1120 668 1120 667 1120 407 1121 668 1121 405 1121 405 1122 668 1122 403 1122 403 1123 668 1123 401 1123 668 1124 669 1124 401 1124 35 1125 669 1125 668 1125 45 1126 669 1126 35 1126 401 1127 669 1127 404 1127 669 1128 670 1128 404 1128 45 1129 670 1129 669 1129 404 1130 670 1130 568 1130 568 1131 670 1131 566 1131 670 1132 671 1132 566 1132 45 1133 671 1133 670 1133 566 1134 671 1134 564 1134 61 1135 671 1135 45 1135 564 1136 671 1136 563 1136 671 1137 672 1137 563 1137 61 1138 672 1138 671 1138 563 1139 672 1139 561 1139 561 1140 672 1140 560 1140 560 1141 672 1141 558 1141 672 1142 673 1142 558 1142 61 1143 673 1143 672 1143 558 1144 673 1144 557 1144 557 1145 673 1145 555 1145 555 1146 673 1146 554 1146 67 1147 674 1147 61 1147 673 1148 674 1148 554 1148 61 1149 674 1149 673 1149 554 1150 674 1150 552 1150 552 1151 675 1151 551 1151 67 1152 675 1152 674 1152 674 1153 675 1153 552 1153 80 1154 675 1154 67 1154 551 1155 675 1155 549 1155 549 1156 675 1156 548 1156 548 1157 675 1157 546 1157 546 1158 675 1158 80 1158 80 1159 676 1159 546 1159 545 1160 676 1160 80 1160 546 1161 676 1161 545 1161 83 1162 677 1162 545 1162 544 1163 677 1163 83 1163 545 1164 677 1164 544 1164 85 1165 678 1165 544 1165 542 1166 678 1166 85 1166 544 1167 678 1167 542 1167 85 1168 679 1168 542 1168 85 1169 680 1169 679 1169 540 1170 680 1170 85 1170 679 1171 680 1171 540 1171 101 1172 681 1172 540 1172 101 1173 538 1173 681 1173 101 1174 682 1174 538 1174 101 1175 683 1175 682 1175 536 1176 683 1176 101 1176 682 1177 683 1177 536 1177 109 1178 684 1178 536 1178 109 1179 534 1179 684 1179 109 1180 685 1180 534 1180 685 1181 686 1181 532 1181 113 1182 686 1182 685 1182 532 1183 686 1183 113 1183 113 1184 687 1184 532 1184 687 1185 688 1185 529 1185 113 1186 688 1186 687 1186 529 1187 688 1187 113 1187 190 1188 189 1188 689 1188 190 1189 689 1189 690 1189 691 1190 190 1190 690 1190 192 1191 190 1191 691 1191 692 1192 192 1192 691 1192 194 1193 192 1193 692 1193 693 1194 194 1194 692 1194 196 1195 194 1195 693 1195 198 1196 693 1196 694 1196 198 1197 196 1197 693 1197 200 1198 694 1198 695 1198 200 1199 198 1199 694 1199 202 1200 695 1200 696 1200 202 1201 200 1201 695 1201 204 1202 696 1202 697 1202 204 1203 202 1203 696 1203 213 1204 698 1204 699 1204 393 1205 213 1205 699 1205 394 1206 393 1206 699 1206 394 1207 699 1207 689 1207 189 1208 394 1208 689 1208 388 1209 204 1209 697 1209 388 1210 697 1210 700 1210 390 1211 388 1211 700 1211 179 1212 700 1212 701 1212 179 1213 390 1213 700 1213 702 1214 206 1214 703 1214 207 1215 206 1215 702 1215 704 1216 207 1216 702 1216 209 1217 207 1217 704 1217 705 1218 209 1218 704 1218 211 1219 209 1219 705 1219 213 1220 705 1220 698 1220 213 1221 211 1221 705 1221 706 1222 179 1222 701 1222 180 1223 179 1223 706 1223 182 1224 706 1224 707 1224 182 1225 180 1225 706 1225 183 1226 707 1226 708 1226 183 1227 182 1227 707 1227 185 1228 708 1228 709 1228 185 1229 183 1229 708 1229 384 1230 215 1230 710 1230 384 1231 710 1231 711 1231 387 1232 384 1232 711 1232 387 1233 711 1233 703 1233 206 1234 387 1234 703 1234 397 1235 185 1235 709 1235 397 1236 709 1236 712 1236 398 1237 397 1237 712 1237 175 1238 398 1238 712 1238 175 1239 712 1239 713 1239 215 1240 217 1240 710 1240 217 1241 714 1241 710 1241 715 1242 176 1242 713 1242 713 1243 176 1243 175 1243 219 1244 716 1244 714 1244 217 1245 219 1245 714 1245 173 1246 176 1246 715 1246 173 1247 715 1247 717 1247 717 1248 171 1248 173 1248 718 1249 594 1249 593 1249 718 1250 716 1250 219 1250 718 1251 219 1251 594 1251 3328 1252 171 1252 717 1252 3328 1253 597 1253 171 1253 3328 1254 1597 1254 599 1254 3328 1255 599 1255 597 1255 572 1256 571 1256 719 1256 572 1257 719 1257 720 1257 574 1258 572 1258 720 1258 574 1259 720 1259 721 1259 576 1260 574 1260 721 1260 578 1261 721 1261 718 1261 578 1262 576 1262 721 1262 593 1263 578 1263 718 1263 587 1264 599 1264 1597 1264 590 1265 587 1265 1597 1265 1598 1266 590 1266 1597 1266 592 1267 590 1267 1598 1267 722 1268 592 1268 1598 1268 585 1269 592 1269 722 1269 719 1270 571 1270 723 1270 723 1271 571 1271 580 1271 722 1272 583 1272 585 1272 723 1273 596 1273 221 1273 723 1274 221 1274 726 1274 723 1275 580 1275 596 1275 724 1276 583 1276 722 1276 724 1277 595 1277 583 1277 724 1278 725 1278 169 1278 724 1279 169 1279 595 1279 727 1280 167 1280 725 1280 725 1281 167 1281 169 1281 602 1282 728 1282 221 1282 221 1283 728 1283 726 1283 167 1284 604 1284 603 1284 727 1285 604 1285 167 1285 730 1286 729 1286 223 1286 223 1287 729 1287 728 1287 731 1288 231 1288 604 1288 604 1289 231 1289 606 1289 732 1290 231 1290 731 1290 731 1291 226 1291 732 1291 729 1292 730 1292 731 1292 731 1293 730 1293 226 1293 732 1294 226 1294 231 1294 231 1295 226 1295 230 1295 230 1296 226 1296 225 1296 229 1297 730 1297 224 1297 730 1298 223 1298 224 1298 733 1299 119 1299 124 1299 734 1300 124 1300 126 1300 734 1301 733 1301 124 1301 735 1302 126 1302 128 1302 735 1303 734 1303 126 1303 736 1304 128 1304 131 1304 736 1305 735 1305 128 1305 737 1306 131 1306 133 1306 737 1307 736 1307 131 1307 738 1308 133 1308 136 1308 738 1309 737 1309 133 1309 739 1310 136 1310 140 1310 739 1311 738 1311 136 1311 740 1312 140 1312 143 1312 740 1313 739 1313 140 1313 741 1314 143 1314 145 1314 741 1315 740 1315 143 1315 742 1316 145 1316 149 1316 742 1317 741 1317 145 1317 743 1318 149 1318 151 1318 743 1319 742 1319 149 1319 744 1320 743 1320 151 1320 744 1321 151 1321 154 1321 745 1322 744 1322 154 1322 745 1323 154 1323 158 1323 746 1324 745 1324 158 1324 746 1325 158 1325 161 1325 747 1326 746 1326 161 1326 747 1327 161 1327 163 1327 748 1328 747 1328 163 1328 748 1329 163 1329 165 1329 749 1330 748 1330 165 1330 749 1331 165 1331 162 1331 750 1332 749 1332 162 1332 750 1333 162 1333 159 1333 751 1334 750 1334 159 1334 751 1335 159 1335 156 1335 752 1336 751 1336 156 1336 752 1337 156 1337 153 1337 753 1338 752 1338 153 1338 753 1339 153 1339 150 1339 754 1340 150 1340 147 1340 754 1341 753 1341 150 1341 755 1342 147 1342 144 1342 755 1343 754 1343 147 1343 756 1344 144 1344 141 1344 756 1345 755 1345 144 1345 757 1346 141 1346 138 1346 757 1347 756 1347 141 1347 758 1348 138 1348 135 1348 758 1349 757 1349 138 1349 759 1350 135 1350 132 1350 759 1351 758 1351 135 1351 760 1352 132 1352 129 1352 760 1353 759 1353 132 1353 761 1354 129 1354 127 1354 761 1355 760 1355 129 1355 762 1356 127 1356 125 1356 762 1357 761 1357 127 1357 763 1358 125 1358 122 1358 763 1359 762 1359 125 1359 764 1360 122 1360 120 1360 764 1361 763 1361 122 1361 765 1362 120 1362 117 1362 765 1363 764 1363 120 1363 766 1364 117 1364 115 1364 766 1365 765 1365 117 1365 767 1366 115 1366 112 1366 767 1367 766 1367 115 1367 768 1368 112 1368 110 1368 768 1369 767 1369 112 1369 769 1370 768 1370 110 1370 769 1371 110 1371 107 1371 770 1372 769 1372 107 1372 770 1373 107 1373 104 1373 771 1374 104 1374 100 1374 771 1375 770 1375 104 1375 772 1376 771 1376 100 1376 772 1377 100 1377 98 1377 773 1378 98 1378 96 1378 773 1379 772 1379 98 1379 774 1380 96 1380 93 1380 774 1381 773 1381 96 1381 775 1382 93 1382 90 1382 775 1383 774 1383 93 1383 776 1384 90 1384 88 1384 776 1385 775 1385 90 1385 777 1386 88 1386 86 1386 777 1387 776 1387 88 1387 778 1388 86 1388 82 1388 778 1389 777 1389 86 1389 779 1390 82 1390 79 1390 779 1391 778 1391 82 1391 780 1392 79 1392 75 1392 780 1393 779 1393 79 1393 781 1394 75 1394 73 1394 781 1395 780 1395 75 1395 782 1396 73 1396 71 1396 782 1397 781 1397 73 1397 783 1398 71 1398 69 1398 783 1399 782 1399 71 1399 784 1400 69 1400 66 1400 784 1401 783 1401 69 1401 785 1402 66 1402 64 1402 785 1403 784 1403 66 1403 786 1404 64 1404 60 1404 786 1405 785 1405 64 1405 787 1406 60 1406 58 1406 787 1407 786 1407 60 1407 788 1408 58 1408 56 1408 788 1409 787 1409 58 1409 789 1410 56 1410 53 1410 789 1411 788 1411 56 1411 790 1412 53 1412 51 1412 790 1413 789 1413 53 1413 791 1414 51 1414 49 1414 791 1415 790 1415 51 1415 792 1416 49 1416 47 1416 792 1417 791 1417 49 1417 793 1418 47 1418 44 1418 793 1419 792 1419 47 1419 794 1420 44 1420 41 1420 794 1421 793 1421 44 1421 795 1422 794 1422 41 1422 795 1423 41 1423 39 1423 796 1424 795 1424 39 1424 796 1425 39 1425 37 1425 797 1426 796 1426 37 1426 797 1427 37 1427 34 1427 798 1428 797 1428 34 1428 798 1429 34 1429 32 1429 799 1430 798 1430 32 1430 799 1431 32 1431 29 1431 800 1432 799 1432 29 1432 800 1433 29 1433 27 1433 801 1434 800 1434 27 1434 801 1435 27 1435 24 1435 802 1436 801 1436 24 1436 802 1437 24 1437 22 1437 803 1438 802 1438 22 1438 803 1439 22 1439 20 1439 804 1440 803 1440 20 1440 804 1441 20 1441 18 1441 805 1442 18 1442 17 1442 805 1443 804 1443 18 1443 806 1444 17 1444 14 1444 806 1445 805 1445 17 1445 807 1446 14 1446 12 1446 807 1447 806 1447 14 1447 808 1448 12 1448 10 1448 808 1449 807 1449 12 1449 809 1450 10 1450 6 1450 809 1451 808 1451 10 1451 810 1452 6 1452 3 1452 810 1453 809 1453 6 1453 811 1454 3 1454 0 1454 811 1455 810 1455 3 1455 812 1456 0 1456 2 1456 812 1457 811 1457 0 1457 813 1458 2 1458 5 1458 813 1459 812 1459 2 1459 814 1460 5 1460 7 1460 814 1461 813 1461 5 1461 815 1462 7 1462 9 1462 815 1463 814 1463 7 1463 816 1464 9 1464 11 1464 816 1465 815 1465 9 1465 817 1466 11 1466 13 1466 817 1467 816 1467 11 1467 818 1468 13 1468 15 1468 818 1469 817 1469 13 1469 819 1470 15 1470 19 1470 819 1471 818 1471 15 1471 820 1472 819 1472 19 1472 820 1473 19 1473 21 1473 821 1474 820 1474 21 1474 821 1475 21 1475 23 1475 822 1476 821 1476 23 1476 822 1477 23 1477 26 1477 823 1478 822 1478 26 1478 823 1479 26 1479 28 1479 824 1480 823 1480 28 1480 824 1481 28 1481 30 1481 825 1482 824 1482 30 1482 825 1483 30 1483 33 1483 826 1484 825 1484 33 1484 826 1485 33 1485 36 1485 827 1486 826 1486 36 1486 827 1487 36 1487 38 1487 828 1488 827 1488 38 1488 828 1489 38 1489 40 1489 829 1490 828 1490 40 1490 829 1491 40 1491 43 1491 830 1492 829 1492 43 1492 830 1493 43 1493 46 1493 831 1494 830 1494 46 1494 831 1495 46 1495 48 1495 832 1496 831 1496 48 1496 832 1497 48 1497 50 1497 833 1498 832 1498 50 1498 833 1499 50 1499 52 1499 834 1500 833 1500 52 1500 834 1501 52 1501 54 1501 835 1502 834 1502 54 1502 835 1503 54 1503 57 1503 836 1504 835 1504 57 1504 836 1505 57 1505 59 1505 837 1506 59 1506 62 1506 837 1507 836 1507 59 1507 838 1508 62 1508 65 1508 838 1509 837 1509 62 1509 839 1510 65 1510 68 1510 839 1511 838 1511 65 1511 840 1512 68 1512 70 1512 840 1513 839 1513 68 1513 841 1514 70 1514 72 1514 841 1515 840 1515 70 1515 842 1516 72 1516 74 1516 842 1517 841 1517 72 1517 843 1518 74 1518 76 1518 843 1519 842 1519 74 1519 844 1520 76 1520 78 1520 844 1521 843 1521 76 1521 845 1522 844 1522 78 1522 845 1523 78 1523 81 1523 846 1524 845 1524 81 1524 846 1525 81 1525 84 1525 847 1526 846 1526 84 1526 847 1527 84 1527 87 1527 848 1528 847 1528 87 1528 848 1529 87 1529 89 1529 849 1530 848 1530 89 1530 849 1531 89 1531 92 1531 850 1532 849 1532 92 1532 850 1533 92 1533 95 1533 851 1534 850 1534 95 1534 851 1535 95 1535 97 1535 852 1536 851 1536 97 1536 852 1537 97 1537 99 1537 853 1538 852 1538 99 1538 853 1539 99 1539 103 1539 854 1540 853 1540 103 1540 854 1541 103 1541 106 1541 855 1542 854 1542 106 1542 855 1543 106 1543 108 1543 856 1544 855 1544 108 1544 856 1545 108 1545 111 1545 857 1546 856 1546 111 1546 857 1547 111 1547 114 1547 858 1548 857 1548 114 1548 858 1549 114 1549 116 1549 733 1550 858 1550 116 1550 733 1551 116 1551 119 1551 813 1552 810 1552 812 1552 812 1553 810 1553 811 1553 814 1554 815 1554 813 1554 810 1555 808 1555 809 1555 813 1556 817 1556 810 1556 815 1557 817 1557 813 1557 816 1558 817 1558 815 1558 808 1559 805 1559 807 1559 807 1560 805 1560 806 1560 810 1561 804 1561 808 1561 808 1562 804 1562 805 1562 820 1563 821 1563 819 1563 819 1564 821 1564 818 1564 818 1565 821 1565 817 1565 804 1566 801 1566 803 1566 803 1567 801 1567 802 1567 810 1568 801 1568 804 1568 822 1569 823 1569 821 1569 810 1570 800 1570 801 1570 821 1571 824 1571 817 1571 823 1572 824 1572 821 1572 826 1573 827 1573 825 1573 800 1574 796 1574 799 1574 799 1575 796 1575 798 1575 798 1576 796 1576 797 1576 810 1577 796 1577 800 1577 825 1578 828 1578 824 1578 827 1579 828 1579 825 1579 796 1580 794 1580 795 1580 829 1581 830 1581 828 1581 796 1582 793 1582 794 1582 830 1583 831 1583 828 1583 828 1584 831 1584 824 1584 796 1585 792 1585 793 1585 831 1586 833 1586 824 1586 832 1587 833 1587 831 1587 792 1588 789 1588 791 1588 791 1589 789 1589 790 1589 796 1590 788 1590 792 1590 792 1591 788 1591 789 1591 810 1592 788 1592 796 1592 835 1593 836 1593 834 1593 810 1594 787 1594 788 1594 833 1595 837 1595 824 1595 834 1596 837 1596 833 1596 836 1597 837 1597 834 1597 810 1598 785 1598 787 1598 787 1599 785 1599 786 1599 838 1600 839 1600 837 1600 839 1601 840 1601 837 1601 810 1602 783 1602 785 1602 785 1603 783 1603 784 1603 840 1604 841 1604 837 1604 783 1605 779 1605 782 1605 782 1606 779 1606 781 1606 781 1607 779 1607 780 1607 845 1608 846 1608 844 1608 844 1609 846 1609 843 1609 843 1610 777 1610 842 1610 842 1611 777 1611 841 1611 837 1612 777 1612 824 1612 810 1613 777 1613 783 1613 817 1614 777 1614 810 1614 841 1615 777 1615 837 1615 783 1616 777 1616 779 1616 824 1617 777 1617 817 1617 779 1618 777 1618 778 1618 847 1619 848 1619 846 1619 846 1620 848 1620 843 1620 777 1621 775 1621 776 1621 777 1622 774 1622 775 1622 850 1623 851 1623 849 1623 849 1624 851 1624 848 1624 843 1625 772 1625 777 1625 777 1626 772 1626 774 1626 774 1627 772 1627 773 1627 848 1628 852 1628 843 1628 851 1629 852 1629 848 1629 772 1630 769 1630 771 1630 771 1631 769 1631 770 1631 854 1632 855 1632 853 1632 855 1633 856 1633 853 1633 769 1634 767 1634 768 1634 772 1635 767 1635 769 1635 853 1636 857 1636 852 1636 856 1637 857 1637 853 1637 772 1638 765 1638 767 1638 843 1639 765 1639 772 1639 767 1640 765 1640 766 1640 765 1641 763 1641 764 1641 733 1642 735 1642 858 1642 858 1643 735 1643 857 1643 734 1644 735 1644 733 1644 765 1645 762 1645 763 1645 737 1646 738 1646 736 1646 736 1647 738 1647 735 1647 761 1648 759 1648 760 1648 738 1649 739 1649 735 1649 761 1650 758 1650 759 1650 762 1651 758 1651 761 1651 735 1652 740 1652 857 1652 739 1653 740 1653 735 1653 762 1654 757 1654 758 1654 740 1655 741 1655 857 1655 762 1656 756 1656 757 1656 741 1657 742 1657 857 1657 765 1658 755 1658 762 1658 762 1659 755 1659 756 1659 765 1660 754 1660 755 1660 857 1661 744 1661 852 1661 743 1662 744 1662 742 1662 742 1663 744 1663 857 1663 843 1664 753 1664 765 1664 765 1665 753 1665 754 1665 744 1666 753 1666 852 1666 852 1667 753 1667 843 1667 744 1668 745 1668 753 1668 753 1669 750 1669 752 1669 752 1670 750 1670 751 1670 747 1671 748 1671 746 1671 746 1672 749 1672 745 1672 745 1673 749 1673 753 1673 748 1674 749 1674 746 1674 753 1675 749 1675 750 1675 859 1676 860 1676 861 1676 860 1677 862 1677 863 1677 864 1678 865 1678 860 1678 864 1679 860 1679 859 1679 860 1680 865 1680 866 1680 860 1681 866 1681 862 1681 867 1682 868 1682 869 1682 867 1683 870 1683 868 1683 870 1684 871 1684 868 1684 870 1685 873 1685 871 1685 873 1686 872 1686 871 1686 873 1687 874 1687 872 1687 873 1688 875 1688 874 1688 875 1689 876 1689 874 1689 875 1690 878 1690 876 1690 878 1691 877 1691 876 1691 878 1692 879 1692 877 1692 878 1693 880 1693 879 1693 880 1694 881 1694 879 1694 880 1695 883 1695 881 1695 883 1696 882 1696 881 1696 883 1697 884 1697 882 1697 883 1698 885 1698 884 1698 885 1699 886 1699 884 1699 885 1700 888 1700 886 1700 888 1701 887 1701 886 1701 888 1702 889 1702 887 1702 888 1703 890 1703 889 1703 890 1704 891 1704 889 1704 890 1705 892 1705 891 1705 892 1706 893 1706 891 1706 892 1707 894 1707 893 1707 894 1708 895 1708 893 1708 894 1709 896 1709 895 1709 3242 1710 897 1710 1844 1710 895 1711 898 1711 899 1711 896 1712 898 1712 895 1712 897 1713 900 1713 1844 1713 899 1714 901 1714 902 1714 898 1715 901 1715 899 1715 900 1716 905 1716 1844 1716 900 1717 903 1717 905 1717 902 1718 907 1718 904 1718 901 1719 907 1719 902 1719 903 1720 906 1720 905 1720 904 1721 907 1721 908 1721 906 1722 909 1722 905 1722 906 1723 910 1723 909 1723 908 1724 911 1724 912 1724 907 1725 911 1725 908 1725 910 1726 916 1726 909 1726 910 1727 913 1727 916 1727 912 1728 917 1728 914 1728 911 1729 917 1729 912 1729 915 1730 916 1730 913 1730 914 1731 917 1731 918 1731 918 1732 919 1732 915 1732 915 1733 919 1733 916 1733 917 1734 919 1734 918 1734 920 1735 921 1735 922 1735 920 1736 923 1736 921 1736 924 1737 923 1737 920 1737 921 1738 925 1738 922 1738 922 1739 925 1739 926 1739 924 1740 927 1740 923 1740 928 1741 927 1741 924 1741 925 1742 929 1742 926 1742 926 1743 929 1743 930 1743 928 1744 931 1744 927 1744 932 1745 931 1745 928 1745 929 1746 933 1746 930 1746 930 1747 933 1747 934 1747 932 1748 935 1748 931 1748 936 1749 935 1749 932 1749 933 1750 937 1750 934 1750 934 1751 937 1751 938 1751 936 1752 939 1752 935 1752 940 1753 939 1753 936 1753 937 1754 941 1754 938 1754 938 1755 941 1755 942 1755 940 1756 943 1756 939 1756 944 1757 943 1757 940 1757 941 1758 945 1758 942 1758 942 1759 945 1759 946 1759 944 1760 947 1760 943 1760 948 1761 947 1761 944 1761 945 1762 949 1762 946 1762 946 1763 949 1763 950 1763 948 1764 951 1764 947 1764 952 1765 951 1765 948 1765 949 1766 953 1766 950 1766 950 1767 953 1767 954 1767 952 1768 955 1768 951 1768 956 1769 955 1769 952 1769 953 1770 957 1770 954 1770 954 1771 957 1771 958 1771 956 1772 959 1772 955 1772 960 1773 959 1773 956 1773 957 1774 961 1774 958 1774 958 1775 961 1775 962 1775 960 1776 963 1776 959 1776 964 1777 963 1777 960 1777 961 1778 965 1778 962 1778 962 1779 965 1779 966 1779 964 1780 967 1780 963 1780 968 1781 967 1781 964 1781 965 1782 969 1782 966 1782 966 1783 969 1783 970 1783 968 1784 971 1784 967 1784 972 1785 971 1785 968 1785 969 1786 973 1786 970 1786 970 1787 973 1787 974 1787 975 1788 976 1788 972 1788 972 1789 976 1789 971 1789 973 1790 977 1790 974 1790 974 1791 977 1791 978 1791 975 1792 979 1792 976 1792 980 1793 979 1793 975 1793 977 1794 981 1794 978 1794 978 1795 981 1795 982 1795 983 1796 984 1796 985 1796 985 1797 984 1797 980 1797 980 1798 984 1798 979 1798 981 1799 986 1799 982 1799 982 1800 986 1800 987 1800 988 1801 989 1801 983 1801 983 1802 989 1802 984 1802 986 1803 990 1803 987 1803 987 1804 990 1804 991 1804 992 1805 993 1805 988 1805 988 1806 993 1806 989 1806 990 1807 994 1807 991 1807 991 1808 994 1808 995 1808 992 1809 996 1809 993 1809 997 1810 996 1810 992 1810 994 1811 998 1811 995 1811 995 1812 998 1812 999 1812 997 1813 1000 1813 996 1813 1001 1814 1000 1814 997 1814 998 1815 1002 1815 999 1815 999 1816 1002 1816 1003 1816 1001 1817 1004 1817 1000 1817 1005 1818 1004 1818 1001 1818 1003 1819 1006 1819 1007 1819 1002 1820 1006 1820 1003 1820 1005 1821 1008 1821 1004 1821 1009 1822 1008 1822 1005 1822 1007 1823 1010 1823 1011 1823 1006 1824 1010 1824 1007 1824 1009 1825 1012 1825 1008 1825 1013 1826 1012 1826 1009 1826 1011 1827 1014 1827 1015 1827 1010 1828 1014 1828 1011 1828 1013 1829 1016 1829 1012 1829 1017 1830 1016 1830 1013 1830 1015 1831 1018 1831 1019 1831 1014 1832 1018 1832 1015 1832 1017 1833 1020 1833 1016 1833 1021 1834 1020 1834 1017 1834 1018 1835 1022 1835 1019 1835 1022 1836 1023 1836 1019 1836 1021 1837 1024 1837 1020 1837 1021 1838 1025 1838 1024 1838 1022 1839 1026 1839 1023 1839 1026 1840 1027 1840 1023 1840 1025 1841 1028 1841 1024 1841 1025 1842 1029 1842 1028 1842 1026 1843 1030 1843 1027 1843 1030 1844 1031 1844 1027 1844 1029 1845 1032 1845 1028 1845 1029 1846 1033 1846 1032 1846 1030 1847 1034 1847 1031 1847 1033 1848 1035 1848 1032 1848 1034 1849 1036 1849 1031 1849 1034 1850 1037 1850 1036 1850 1033 1851 1038 1851 1035 1851 1038 1852 1039 1852 1035 1852 1037 1853 1040 1853 1036 1853 1037 1854 1041 1854 1040 1854 1038 1855 1042 1855 1039 1855 1042 1856 1043 1856 1039 1856 1041 1857 1044 1857 1040 1857 1041 1858 1045 1858 1044 1858 1042 1859 1046 1859 1043 1859 1043 1860 1046 1860 1047 1860 1048 1861 1049 1861 1045 1861 1045 1862 1049 1862 1044 1862 1046 1863 1050 1863 1047 1863 1047 1864 1050 1864 1051 1864 1048 1865 1052 1865 1049 1865 1053 1866 1052 1866 1048 1866 1050 1867 1054 1867 1051 1867 1051 1868 1054 1868 1055 1868 1053 1869 1056 1869 1052 1869 1057 1870 1056 1870 1053 1870 1054 1871 1058 1871 1055 1871 1055 1872 1058 1872 1059 1872 1057 1873 1060 1873 1056 1873 1061 1874 1060 1874 1057 1874 1058 1875 1062 1875 1059 1875 1059 1876 1062 1876 1063 1876 1061 1877 1064 1877 1060 1877 1065 1878 1064 1878 1061 1878 1062 1879 1066 1879 1063 1879 1063 1880 1066 1880 1067 1880 1068 1881 1069 1881 1065 1881 1065 1882 1069 1882 1064 1882 1066 1883 1070 1883 1067 1883 1067 1884 1070 1884 1071 1884 1068 1885 1072 1885 1069 1885 1073 1886 1072 1886 1068 1886 1070 1887 1074 1887 1071 1887 1071 1888 1074 1888 1075 1888 1076 1889 1077 1889 1073 1889 1073 1890 1077 1890 1072 1890 1075 1891 1078 1891 1079 1891 1074 1892 1078 1892 1075 1892 1080 1893 1081 1893 1076 1893 1076 1894 1081 1894 1077 1894 1079 1895 1082 1895 1083 1895 1078 1896 1082 1896 1079 1896 1084 1897 1085 1897 1080 1897 1080 1898 1085 1898 1081 1898 1083 1899 1086 1899 1087 1899 1082 1900 1086 1900 1083 1900 1088 1901 1089 1901 1084 1901 1084 1902 1089 1902 1085 1902 1086 1903 1090 1903 1087 1903 1087 1904 1090 1904 1091 1904 1092 1905 1093 1905 1088 1905 1088 1906 1093 1906 1089 1906 1090 1907 1094 1907 1091 1907 1091 1908 1094 1908 1095 1908 1096 1909 1097 1909 1092 1909 1092 1910 1097 1910 1093 1910 1094 1911 1098 1911 1095 1911 1095 1912 1098 1912 1099 1912 1100 1913 1101 1913 1096 1913 1096 1914 1101 1914 1097 1914 1098 1915 1102 1915 1099 1915 1099 1916 1102 1916 1103 1916 1100 1917 1104 1917 1101 1917 1105 1918 1104 1918 1100 1918 1102 1919 1106 1919 1103 1919 1103 1920 1106 1920 1107 1920 1108 1921 1109 1921 1110 1921 1105 1922 1109 1922 1104 1922 1110 1923 1109 1923 1105 1923 1106 1924 1111 1924 1107 1924 1107 1925 1111 1925 1112 1925 1113 1926 1114 1926 1108 1926 1108 1927 1114 1927 1109 1927 1111 1928 1115 1928 1112 1928 1112 1929 1115 1929 1116 1929 1117 1930 1118 1930 1113 1930 1113 1931 1118 1931 1114 1931 1116 1932 1119 1932 1120 1932 1115 1933 1119 1933 1116 1933 1121 1934 1122 1934 1117 1934 1117 1935 1122 1935 1118 1935 1120 1936 1123 1936 1124 1936 1119 1937 1123 1937 1120 1937 1125 1938 1126 1938 1121 1938 1121 1939 1126 1939 1122 1939 1123 1940 1127 1940 1124 1940 1124 1941 1127 1941 1128 1941 1129 1942 1130 1942 1125 1942 1125 1943 1130 1943 1126 1943 1127 1944 1131 1944 1128 1944 1128 1945 1131 1945 1132 1945 1133 1946 1134 1946 1129 1946 1129 1947 1134 1947 1130 1947 1131 1948 1135 1948 1132 1948 1132 1949 1135 1949 1136 1949 1137 1950 1138 1950 1133 1950 1133 1951 1138 1951 1134 1951 1135 1952 1139 1952 1136 1952 1136 1953 1139 1953 1140 1953 1141 1954 1142 1954 1137 1954 1137 1955 1142 1955 1138 1955 1139 1956 1143 1956 1140 1956 1140 1957 1143 1957 1144 1957 1141 1958 1145 1958 1142 1958 1146 1959 1145 1959 1141 1959 1143 1960 1147 1960 1144 1960 1144 1961 1147 1961 1148 1961 1146 1962 1149 1962 1145 1962 1150 1963 1149 1963 1146 1963 1147 1964 1151 1964 1148 1964 1148 1965 1151 1965 1152 1965 1153 1966 1154 1966 1150 1966 1150 1967 1154 1967 1149 1967 1151 1968 1155 1968 1152 1968 1152 1969 1155 1969 1156 1969 1157 1970 1158 1970 1153 1970 1153 1971 1158 1971 1154 1971 1155 1972 1159 1972 1156 1972 1156 1973 1159 1973 1160 1973 1157 1974 1161 1974 1158 1974 1162 1975 1161 1975 1157 1975 1159 1976 1163 1976 1160 1976 1160 1977 1163 1977 1164 1977 1165 1978 1166 1978 1162 1978 1162 1979 1166 1979 1161 1979 1164 1980 1167 1980 1168 1980 1163 1981 1167 1981 1164 1981 1169 1982 1170 1982 1165 1982 1165 1983 1170 1983 1166 1983 1168 1984 1171 1984 1169 1984 1167 1985 1171 1985 1168 1985 1169 1986 1171 1986 1170 1986 1172 1987 1174 1987 1173 1987 1174 1988 1175 1988 1173 1988 1175 1989 859 1989 1173 1989 859 1990 1176 1990 1173 1990 859 1991 861 1991 1176 1991 724 1992 722 1992 725 1992 3335 1993 1177 1993 722 1993 722 1994 1177 1994 725 1994 1179 1995 727 1995 1178 1995 1178 1996 727 1996 1177 1996 1177 1997 727 1997 725 1997 727 1998 1179 1998 604 1998 1179 1999 1180 1999 604 1999 1180 2000 731 2000 604 2000 1180 2001 1181 2001 731 2001 728 2002 1182 2002 1183 2002 728 2003 1183 2003 726 2003 728 2004 729 2004 1182 2004 1181 2005 729 2005 731 2005 1183 2006 1184 2006 726 2006 1181 2007 1185 2007 729 2007 729 2008 1185 2008 1182 2008 3331 2009 723 2009 1184 2009 723 2010 726 2010 1184 2010 1187 2011 3187 2011 3304 2011 1187 2012 3304 2012 1186 2012 1188 2013 1186 2013 1189 2013 1188 2014 1187 2014 1186 2014 1190 2015 1189 2015 1191 2015 1190 2016 1188 2016 1189 2016 1192 2017 1191 2017 1193 2017 1192 2018 1190 2018 1191 2018 1194 2019 1193 2019 1195 2019 1194 2020 1192 2020 1193 2020 1196 2021 1195 2021 1197 2021 1196 2022 1194 2022 1195 2022 1198 2023 1197 2023 1199 2023 1198 2024 1196 2024 1197 2024 1200 2025 1199 2025 1201 2025 1200 2026 1198 2026 1199 2026 1202 2027 1201 2027 1203 2027 1202 2028 1200 2028 1201 2028 1204 2029 1203 2029 1205 2029 1204 2030 1202 2030 1203 2030 1206 2031 1205 2031 1207 2031 1206 2032 1204 2032 1205 2032 1208 2033 1206 2033 1207 2033 1208 2034 1207 2034 1209 2034 1210 2035 1208 2035 1209 2035 1210 2036 1209 2036 1211 2036 1181 2037 1210 2037 1211 2037 1181 2038 1211 2038 1244 2038 1212 2039 1181 2039 1244 2039 1180 2040 1210 2040 1181 2040 1185 2041 1213 2041 1214 2041 1215 2042 1214 2042 1216 2042 1215 2043 1182 2043 1185 2043 1215 2044 1185 2044 1214 2044 1217 2045 1216 2045 1218 2045 1217 2046 1215 2046 1216 2046 1219 2047 1218 2047 1220 2047 1219 2048 1217 2048 1218 2048 1221 2049 1220 2049 1222 2049 1221 2050 1219 2050 1220 2050 1223 2051 1222 2051 1224 2051 1223 2052 1221 2052 1222 2052 1225 2053 1224 2053 1226 2053 1225 2054 1223 2054 1224 2054 1227 2055 1226 2055 1228 2055 1227 2056 1225 2056 1226 2056 1229 2057 1228 2057 1230 2057 1229 2058 1227 2058 1228 2058 1231 2059 1230 2059 1232 2059 1231 2060 1229 2060 1230 2060 1233 2061 1232 2061 3203 2061 1233 2062 1231 2062 1232 2062 1234 2063 3203 2063 1235 2063 1234 2064 1233 2064 3203 2064 1236 2065 1234 2065 1235 2065 1236 2066 1235 2066 1237 2066 1238 2067 1236 2067 1237 2067 1238 2068 1237 2068 3199 2068 1238 2069 3199 2069 1239 2069 1240 2070 1239 2070 1241 2070 1240 2071 1238 2071 1239 2071 3215 2072 1213 2072 1242 2072 3215 2073 3214 2073 1213 2073 1244 2074 1173 2074 1212 2074 1172 2075 1173 2075 1244 2075 1243 2076 1172 2076 1244 2076 1275 2077 1245 2077 1247 2077 1245 2078 1246 2078 1247 2078 1246 2079 1248 2079 1247 2079 1247 2080 1248 2080 1249 2080 1248 2081 1250 2081 1249 2081 1249 2082 1250 2082 1251 2082 1250 2083 1252 2083 1251 2083 1252 2084 1253 2084 1254 2084 1254 2085 1253 2085 1255 2085 1253 2086 1257 2086 1255 2086 1255 2087 1257 2087 1256 2087 1256 2088 1257 2088 1258 2088 1257 2089 1259 2089 1258 2089 1259 2090 1260 2090 1258 2090 1260 2091 1262 2091 1261 2091 1261 2092 1262 2092 1263 2092 1262 2093 1264 2093 1263 2093 1263 2094 1266 2094 1265 2094 1264 2095 1266 2095 1263 2095 1266 2096 1267 2096 1265 2096 1265 2097 1267 2097 1268 2097 1267 2098 1270 2098 1268 2098 1268 2099 1270 2099 1269 2099 1270 2100 1272 2100 1269 2100 1269 2101 1272 2101 1271 2101 1271 2102 1274 2102 1273 2102 1272 2103 1274 2103 1271 2103 1273 2104 1274 2104 1275 2104 1274 2105 1245 2105 1275 2105 1304 2106 1276 2106 3408 2106 3408 2107 1276 2107 1277 2107 1276 2108 1279 2108 1277 2108 1277 2109 1279 2109 1278 2109 1279 2110 1280 2110 1278 2110 1278 2111 1280 2111 1281 2111 1280 2112 1282 2112 1281 2112 1281 2113 1283 2113 1284 2113 1282 2114 1283 2114 1281 2114 1284 2115 1285 2115 3410 2115 1283 2116 1285 2116 1284 2116 1285 2117 1287 2117 3410 2117 1287 2118 1286 2118 1288 2118 1288 2119 1286 2119 1289 2119 1286 2120 1290 2120 1289 2120 1290 2121 1292 2121 1291 2121 1291 2122 1292 2122 1293 2122 1293 2123 1294 2123 1295 2123 1292 2124 1294 2124 1293 2124 1294 2125 1296 2125 1295 2125 1295 2126 1296 2126 1297 2126 1297 2127 1296 2127 1298 2127 1296 2128 1299 2128 1298 2128 1299 2129 1301 2129 1298 2129 1298 2130 1301 2130 1300 2130 1301 2131 1303 2131 1300 2131 1300 2132 1303 2132 1302 2132 1303 2133 1304 2133 1302 2133 1302 2134 1304 2134 3408 2134 1305 2135 1306 2135 1307 2135 1305 2136 1308 2136 1306 2136 1306 2137 1309 2137 1307 2137 1305 2138 1310 2138 1308 2138 1309 2139 1311 2139 1307 2139 1305 2140 1312 2140 1310 2140 1311 2141 1313 2141 1307 2141 1305 2142 1314 2142 1312 2142 1313 2143 1315 2143 1307 2143 1305 2144 1316 2144 1314 2144 1315 2145 1317 2145 1307 2145 1305 2146 1318 2146 1316 2146 1317 2147 1319 2147 1307 2147 1305 2148 1320 2148 1318 2148 1319 2149 1321 2149 1307 2149 1305 2150 1322 2150 1320 2150 1321 2151 1323 2151 1307 2151 1305 2152 1324 2152 1322 2152 1323 2153 1325 2153 1307 2153 1305 2154 1326 2154 1324 2154 1324 2155 1326 2155 1327 2155 1325 2156 1328 2156 1307 2156 1326 2157 1329 2157 1327 2157 1328 2158 1330 2158 1307 2158 1326 2159 1331 2159 1329 2159 1330 2160 1332 2160 1307 2160 1326 2161 1333 2161 1331 2161 1332 2162 1334 2162 1307 2162 1326 2163 1335 2163 1333 2163 1334 2164 1336 2164 1307 2164 1326 2165 1337 2165 1335 2165 1336 2166 1338 2166 1307 2166 1326 2167 1339 2167 1337 2167 1338 2168 1340 2168 1307 2168 1341 2169 1342 2169 1326 2169 1326 2170 1342 2170 1339 2170 1341 2171 1343 2171 1342 2171 1341 2172 1344 2172 1343 2172 1341 2173 1345 2173 1344 2173 3039 2174 1346 2174 1341 2174 1341 2175 1347 2175 1345 2175 1341 2176 1348 2176 1347 2176 1341 2177 1349 2177 1348 2177 1346 2178 1349 2178 1341 2178 1346 2179 1350 2179 1349 2179 1351 2180 1352 2180 1353 2180 1353 2181 1352 2181 1354 2181 1354 2182 1352 2182 1355 2182 1355 2183 1352 2183 1356 2183 1356 2184 1352 2184 1357 2184 1357 2185 1352 2185 1358 2185 1358 2186 1352 2186 1359 2186 1359 2187 1352 2187 1360 2187 1360 2188 1352 2188 1361 2188 1361 2189 1352 2189 1362 2189 1362 2190 1352 2190 1363 2190 1363 2191 1352 2191 1364 2191 1364 2192 1352 2192 1340 2192 1340 2193 1352 2193 1307 2193 1351 2194 1365 2194 1352 2194 1365 2195 1366 2195 1352 2195 1367 2196 1371 2196 1368 2196 1368 2197 1371 2197 1369 2197 1369 2198 1371 2198 1366 2198 1366 2199 1371 2199 1352 2199 1370 2200 1371 2200 1372 2200 1372 2201 1371 2201 1367 2201 1370 2202 1373 2202 1371 2202 1373 2203 1374 2203 1371 2203 1374 2204 1375 2204 1371 2204 1375 2205 1376 2205 1371 2205 1377 2206 1386 2206 1378 2206 1378 2207 1386 2207 1379 2207 1379 2208 1386 2208 1380 2208 1380 2209 1386 2209 1376 2209 1376 2210 1386 2210 1371 2210 1381 2211 1386 2211 1377 2211 1381 2212 1382 2212 1386 2212 1383 2213 1386 2213 1384 2213 1384 2214 1386 2214 1382 2214 1385 2215 1386 2215 1387 2215 1387 2216 1386 2216 1388 2216 1388 2217 1386 2217 1383 2217 1389 2218 1392 2218 1385 2218 1385 2219 1392 2219 1386 2219 1390 2220 1392 2220 1389 2220 1391 2221 1392 2221 1390 2221 1393 2222 1394 2222 1391 2222 1391 2223 1394 2223 1392 2223 1392 2224 1394 2224 3026 2224 1395 2225 3028 2225 3027 2225 1396 2226 3028 2226 1395 2226 1399 2227 1397 2227 1400 2227 1401 2228 1399 2228 1400 2228 1407 2229 1405 2229 1406 2229 1408 2230 1409 2230 1410 2230 1412 2231 1413 2231 1414 2231 1412 2232 1414 2232 3028 2232 1412 2233 3028 2233 1396 2233 1415 2234 1396 2234 1416 2234 1415 2235 1412 2235 1396 2235 1417 2236 1416 2236 1418 2236 1417 2237 1418 2237 1423 2237 1417 2238 1415 2238 1416 2238 1419 2239 1420 2239 1421 2239 1419 2240 1421 2240 1413 2240 1419 2241 1413 2241 1412 2241 1419 2242 1412 2242 1415 2242 1422 2243 1423 2243 1424 2243 1422 2244 1417 2244 1423 2244 1425 2245 1419 2245 1415 2245 1425 2246 1415 2246 1417 2246 1425 2247 1420 2247 1419 2247 1425 2248 1417 2248 1422 2248 1426 2249 1424 2249 1427 2249 1426 2250 1422 2250 1424 2250 1426 2251 2832 2251 1428 2251 1426 2252 1428 2252 1429 2252 1426 2253 1429 2253 1422 2253 1430 2254 1429 2254 1428 2254 1430 2255 1428 2255 1431 2255 1430 2256 1422 2256 1429 2256 1430 2257 1425 2257 1422 2257 1432 2258 1425 2258 1430 2258 1432 2259 1406 2259 1420 2259 1432 2260 1407 2260 1406 2260 1432 2261 1433 2261 1407 2261 1432 2262 1420 2262 1425 2262 1434 2263 1427 2263 1435 2263 1434 2264 1435 2264 1436 2264 1434 2265 1437 2265 2832 2265 1434 2266 1426 2266 1427 2266 1434 2267 2832 2267 1426 2267 1438 2268 1409 2268 1408 2268 1438 2269 1433 2269 1432 2269 1438 2270 1432 2270 1430 2270 1438 2271 1431 2271 1439 2271 1438 2272 1439 2272 1409 2272 1438 2273 1430 2273 1431 2273 1438 2274 1408 2274 1440 2274 1438 2275 1440 2275 1433 2275 1441 2276 1437 2276 1434 2276 1441 2277 1436 2277 1442 2277 1441 2278 1442 2278 1443 2278 1441 2279 1443 2279 1444 2279 1441 2280 1444 2280 1437 2280 1441 2281 1434 2281 1436 2281 1445 2282 3039 2282 3038 2282 1478 2283 1445 2283 3038 2283 1478 2284 1446 2284 1445 2284 1456 2285 1457 2285 1458 2285 1456 2286 1458 2286 1459 2286 1456 2287 1459 2287 1460 2287 1461 2288 1464 2288 1462 2288 1461 2289 1462 2289 1457 2289 1461 2290 1460 2290 1463 2290 1461 2291 1463 2291 1465 2291 1461 2292 1457 2292 1456 2292 1461 2293 1456 2293 1460 2293 1466 2294 1862 2294 1464 2294 1466 2295 1465 2295 1467 2295 1466 2296 1461 2296 1465 2296 1466 2297 1464 2297 1461 2297 1469 2298 1467 2298 1468 2298 1469 2299 1466 2299 1467 2299 1473 2300 1469 2300 1468 2300 1473 2301 1468 2301 1472 2301 1469 2302 1470 2302 1466 2302 1471 2303 1472 2303 1446 2303 1471 2304 1473 2304 1472 2304 1474 2305 1475 2305 1476 2305 1474 2306 1476 2306 1448 2306 1474 2307 1470 2307 1469 2307 1474 2308 1448 2308 1477 2308 1474 2309 1477 2309 1470 2309 1478 2310 1471 2310 1446 2310 1480 2311 1479 2311 1481 2311 1480 2312 1481 2312 1482 2312 1480 2313 1478 2313 1479 2313 1480 2314 1473 2314 1471 2314 1480 2315 1482 2315 1473 2315 1480 2316 1471 2316 1478 2316 1483 2317 1474 2317 1469 2317 1483 2318 1469 2318 1473 2318 1483 2319 1482 2319 1449 2319 1483 2320 1473 2320 1482 2320 1483 2321 1475 2321 1474 2321 3026 2322 1394 2322 3027 2322 1484 2323 1485 2323 894 2323 1486 2324 1484 2324 894 2324 1487 2325 1486 2325 894 2325 1488 2326 1487 2326 894 2326 892 2327 1488 2327 894 2327 1489 2328 1488 2328 892 2328 890 2329 1489 2329 892 2329 1490 2330 1489 2330 890 2330 888 2331 1490 2331 890 2331 1491 2332 1490 2332 888 2332 1492 2333 1491 2333 888 2333 885 2334 1492 2334 888 2334 1493 2335 1492 2335 885 2335 883 2336 1493 2336 885 2336 1494 2337 1493 2337 883 2337 1495 2338 1494 2338 883 2338 880 2339 1495 2339 883 2339 1496 2340 1495 2340 880 2340 878 2341 1496 2341 880 2341 1497 2342 1496 2342 878 2342 1498 2343 1497 2343 878 2343 875 2344 1498 2344 878 2344 1499 2345 1498 2345 875 2345 873 2346 1499 2346 875 2346 1500 2347 1499 2347 873 2347 1501 2348 1500 2348 873 2348 870 2349 1501 2349 873 2349 1502 2350 1501 2350 870 2350 867 2351 1502 2351 870 2351 1506 2352 1504 2352 1505 2352 1503 2353 1504 2353 1506 2353 1508 2354 1509 2354 1507 2354 1504 2355 1509 2355 1505 2355 1505 2356 1509 2356 1510 2356 1510 2357 1509 2357 1508 2357 1487 2358 1488 2358 1511 2358 1487 2359 1511 2359 1512 2359 1486 2360 1512 2360 1513 2360 1486 2361 1487 2361 1512 2361 1484 2362 1513 2362 1514 2362 1484 2363 1486 2363 1513 2363 1485 2364 1514 2364 1515 2364 1485 2365 1484 2365 1514 2365 1516 2366 1515 2366 1517 2366 1516 2367 1485 2367 1515 2367 1518 2368 1516 2368 1517 2368 1518 2369 1517 2369 1507 2369 1509 2370 1518 2370 1507 2370 1520 2371 1523 2371 1519 2371 1521 2372 1522 2372 1523 2372 1520 2373 1521 2373 1523 2373 1524 2374 1526 2374 1525 2374 1526 2375 1527 2375 1525 2375 1528 2376 1529 2376 1527 2376 1529 2377 1525 2377 1527 2377 1533 2378 1534 2378 1535 2378 2962 2379 1533 2379 1535 2379 1537 2380 1536 2380 2962 2380 1537 2381 2962 2381 1535 2381 3106 2382 1536 2382 1537 2382 1538 2383 1539 2383 1536 2383 1538 2384 1536 2384 3106 2384 1545 2385 1541 2385 1546 2385 1542 2386 1541 2386 1545 2386 1543 2387 1546 2387 1544 2387 1545 2388 1546 2388 1543 2388 1549 2389 1541 2389 1542 2389 2933 2390 1547 2390 1548 2390 1542 2391 2933 2391 1549 2391 1549 2392 2933 2392 1548 2392 1552 2393 2271 2393 1553 2393 1552 2394 1553 2394 1554 2394 1555 2395 1554 2395 1556 2395 1555 2396 1552 2396 1554 2396 1559 2397 1556 2397 1551 2397 1559 2398 1550 2398 1557 2398 1559 2399 1557 2399 1558 2399 1559 2400 1558 2400 1560 2400 1559 2401 1551 2401 1550 2401 1559 2402 1555 2402 1556 2402 1561 2403 1559 2403 1560 2403 1561 2404 1560 2404 1562 2404 1563 2405 1561 2405 1562 2405 1563 2406 1562 2406 1564 2406 1565 2407 1566 2407 1567 2407 1568 2408 1569 2408 1570 2408 1571 2409 1570 2409 1572 2409 1571 2410 1568 2410 1570 2410 1573 2411 1572 2411 1566 2411 1573 2412 1565 2412 1574 2412 1573 2413 1571 2413 1572 2413 1573 2414 1566 2414 1565 2414 1575 2415 1573 2415 1574 2415 1575 2416 1574 2416 1576 2416 1577 2417 1575 2417 1576 2417 1577 2418 1576 2418 1578 2418 1579 2419 1577 2419 1578 2419 1579 2420 1578 2420 1580 2420 1583 2421 1581 2421 1582 2421 1584 2422 1579 2422 1580 2422 1584 2423 1580 2423 1581 2423 1584 2424 1581 2424 1583 2424 1585 2425 1583 2425 1587 2425 1585 2426 1584 2426 1583 2426 1586 2427 1585 2427 1587 2427 1586 2428 1587 2428 2265 2428 1588 2429 1589 2429 1590 2429 1588 2430 1593 2430 1589 2430 1590 2431 1589 2431 1591 2431 1589 2432 1592 2432 1591 2432 1588 2433 1594 2433 1593 2433 1598 2434 1597 2434 3271 2434 1596 2435 3271 2435 1595 2435 1596 2436 1598 2436 3271 2436 2228 2437 1600 2437 1599 2437 1599 2438 1600 2438 1601 2438 1600 2439 1603 2439 1601 2439 1601 2440 1603 2440 3135 2440 1603 2441 1604 2441 3135 2441 3135 2442 1604 2442 2214 2442 3152 2443 1605 2443 2162 2443 3156 2444 1607 2444 1606 2444 3156 2445 1606 2445 3152 2445 3152 2446 1606 2446 1605 2446 2214 2447 1607 2447 3156 2447 1604 2448 1607 2448 2214 2448 1609 2449 1607 2449 1604 2449 1609 2450 1608 2450 1607 2450 1609 2451 1610 2451 1608 2451 1611 2452 1610 2452 1609 2452 1612 2453 1603 2453 1600 2453 1613 2454 1614 2454 1615 2454 1616 2455 2976 2455 1613 2455 1616 2456 1613 2456 1615 2456 2508 2457 1616 2457 1615 2457 1625 2458 1626 2458 1627 2458 2911 2459 1648 2459 1647 2459 1648 2460 3132 2460 1647 2460 1649 2461 1650 2461 3132 2461 1649 2462 3132 2462 1648 2462 2257 2463 1651 2463 2911 2463 2257 2464 2911 2464 1647 2464 1654 2465 1655 2465 1656 2465 1657 2466 1656 2466 1658 2466 1657 2467 1654 2467 1656 2467 1661 2468 1659 2468 1660 2468 1662 2469 1658 2469 1653 2469 1662 2470 1652 2470 1659 2470 1662 2471 1659 2471 1661 2471 1662 2472 1661 2472 1663 2472 1662 2473 1653 2473 1652 2473 1662 2474 1657 2474 1658 2474 1664 2475 1662 2475 1663 2475 1664 2476 1663 2476 1665 2476 1666 2477 1664 2477 1665 2477 1666 2478 1665 2478 1667 2478 1676 2479 1677 2479 1678 2479 1679 2480 1676 2480 1680 2480 1679 2481 1677 2481 1676 2481 1681 2482 1677 2482 1679 2482 2285 2483 1677 2483 1681 2483 1682 2484 2285 2484 1681 2484 1676 2485 2501 2485 1680 2485 1686 2486 2483 2486 1683 2486 1684 2487 1685 2487 1686 2487 1684 2488 1683 2488 1687 2488 1684 2489 1686 2489 1683 2489 1688 2490 1684 2490 1687 2490 1689 2491 1691 2491 1690 2491 1689 2492 3015 2492 1691 2492 1692 2493 1693 2493 1694 2493 1695 2494 1696 2494 1697 2494 1698 2495 1694 2495 1699 2495 1698 2496 1700 2496 1701 2496 1698 2497 1701 2497 1692 2497 1698 2498 1692 2498 1694 2498 1702 2499 1699 2499 1703 2499 1702 2500 1703 2500 1705 2500 1702 2501 1707 2501 1704 2501 1702 2502 1704 2502 1700 2502 1702 2503 1698 2503 1699 2503 1702 2504 1700 2504 1698 2504 1707 2505 1705 2505 1709 2505 1707 2506 1702 2506 1705 2506 1708 2507 1709 2507 1710 2507 1708 2508 1711 2508 1712 2508 1708 2509 1712 2509 1706 2509 1708 2510 1706 2510 1707 2510 1708 2511 1707 2511 1709 2511 1713 2512 1710 2512 1714 2512 1713 2513 1711 2513 1708 2513 1713 2514 1708 2514 1710 2514 1717 2515 1714 2515 1715 2515 1717 2516 1715 2516 1719 2516 1717 2517 1713 2517 1714 2517 1718 2518 1719 2518 1696 2518 1718 2519 1695 2519 1720 2519 1718 2520 1720 2520 1716 2520 1718 2521 1717 2521 1719 2521 1718 2522 1696 2522 1695 2522 1718 2523 1716 2523 1717 2523 1721 2524 1722 2524 1723 2524 2755 2525 1726 2525 1725 2525 1725 2526 1727 2526 2755 2526 2755 2527 2743 2527 1726 2527 2743 2528 1729 2528 1726 2528 1727 2529 1728 2529 2755 2529 2755 2530 1728 2530 1730 2530 2736 2531 1729 2531 2743 2531 2736 2532 1731 2532 1729 2532 1731 2533 2736 2533 1732 2533 1733 2534 2828 2534 2760 2534 1734 2535 2754 2535 2828 2535 1734 2536 1732 2536 2754 2536 1737 2537 1547 2537 2933 2537 1737 2538 2933 2538 1736 2538 1739 2539 1737 2539 1736 2539 1738 2540 1739 2540 1736 2540 1740 2541 1739 2541 1738 2541 1741 2542 1740 2542 1738 2542 1742 2543 1740 2543 1741 2543 1742 2544 1741 2544 1743 2544 1744 2545 1742 2545 1743 2545 1745 2546 1744 2546 1743 2546 1746 2547 1744 2547 1745 2547 1747 2548 1746 2548 1745 2548 1747 2549 1745 2549 1748 2549 1749 2550 1747 2550 1748 2550 1749 2551 1748 2551 1750 2551 1751 2552 1749 2552 1750 2552 1752 2553 1751 2553 1750 2553 1752 2554 1750 2554 1753 2554 1754 2555 1752 2555 1753 2555 1754 2556 1753 2556 1755 2556 1756 2557 1754 2557 1755 2557 1756 2558 1755 2558 1757 2558 1502 2559 1756 2559 1757 2559 1501 2560 1502 2560 1757 2560 1501 2561 1757 2561 1758 2561 1500 2562 1501 2562 1758 2562 1500 2563 1758 2563 1759 2563 1499 2564 1500 2564 1759 2564 1499 2565 1759 2565 1760 2565 1498 2566 1760 2566 1761 2566 1498 2567 1499 2567 1760 2567 1497 2568 1761 2568 1762 2568 1497 2569 1498 2569 1761 2569 1496 2570 1762 2570 1763 2570 1496 2571 1763 2571 1764 2571 1496 2572 1497 2572 1762 2572 1495 2573 1764 2573 1765 2573 1495 2574 1496 2574 1764 2574 1766 2575 1765 2575 2754 2575 1494 2576 1765 2576 1766 2576 1494 2577 1495 2577 1765 2577 1493 2578 1766 2578 1767 2578 1493 2579 1494 2579 1766 2579 1768 2580 1493 2580 1767 2580 1492 2581 1768 2581 1769 2581 1492 2582 1493 2582 1768 2582 1491 2583 1769 2583 1770 2583 1491 2584 1492 2584 1769 2584 1490 2585 1770 2585 1771 2585 1490 2586 1491 2586 1770 2586 1489 2587 1771 2587 1773 2587 1489 2588 1490 2588 1771 2588 1488 2589 1489 2589 1773 2589 1488 2590 1772 2590 1511 2590 1488 2591 1773 2591 1772 2591 1775 2592 1774 2592 1776 2592 1775 2593 1776 2593 1777 2593 1778 2594 1777 2594 1779 2594 1778 2595 1775 2595 1777 2595 1780 2596 1778 2596 1779 2596 1780 2597 1779 2597 1781 2597 1782 2598 1780 2598 1781 2598 1783 2599 1782 2599 1781 2599 1784 2600 1782 2600 1783 2600 1785 2601 1784 2601 1783 2601 1786 2602 1784 2602 1785 2602 1786 2603 1785 2603 1787 2603 1789 2604 1786 2604 1787 2604 1789 2605 1787 2605 1788 2605 1790 2606 1788 2606 1791 2606 1790 2607 1789 2607 1788 2607 1792 2608 1790 2608 1791 2608 1792 2609 1791 2609 1793 2609 1792 2610 1793 2610 1794 2610 1795 2611 1794 2611 1796 2611 1795 2612 1792 2612 1794 2612 1797 2613 1796 2613 1798 2613 1797 2614 1795 2614 1796 2614 1799 2615 1798 2615 1800 2615 1799 2616 1797 2616 1798 2616 1801 2617 1800 2617 1802 2617 1801 2618 1799 2618 1800 2618 1803 2619 1802 2619 1804 2619 1803 2620 1801 2620 1802 2620 1805 2621 1803 2621 1804 2621 1806 2622 1804 2622 1807 2622 1806 2623 1805 2623 1804 2623 1808 2624 1806 2624 1807 2624 1809 2625 1808 2625 1807 2625 1809 2626 1807 2626 1810 2626 1811 2627 1809 2627 1810 2627 1811 2628 1810 2628 1812 2628 1813 2629 1811 2629 1812 2629 1814 2630 1813 2630 1812 2630 1814 2631 1812 2631 1815 2631 1816 2632 1814 2632 1815 2632 1816 2633 1815 2633 1817 2633 1818 2634 1816 2634 1817 2634 1819 2635 1818 2635 1817 2635 1819 2636 1817 2636 1820 2636 1822 2637 1819 2637 1820 2637 1821 2638 1822 2638 1820 2638 1823 2639 1822 2639 1821 2639 1823 2640 1821 2640 1824 2640 1825 2641 1823 2641 1824 2641 1826 2642 1825 2642 1824 2642 1827 2643 1825 2643 1826 2643 1827 2644 1826 2644 1828 2644 1830 2645 1829 2645 3603 2645 1831 2646 1830 2646 3603 2646 3242 2647 1831 2647 3603 2647 1835 2648 1833 2648 1832 2648 1836 2649 1835 2649 1834 2649 1838 2650 1836 2650 1834 2650 1827 2651 1828 2651 1837 2651 1828 2652 1836 2652 1838 2652 1828 2653 1838 2653 1837 2653 3303 2654 2031 2654 1839 2654 1841 2655 2031 2655 3303 2655 1841 2656 3303 2656 1840 2656 1842 2657 2031 2657 1841 2657 1843 2658 2031 2658 1842 2658 1803 2659 1805 2659 1844 2659 905 2660 1803 2660 1844 2660 1801 2661 1803 2661 905 2661 1799 2662 1801 2662 905 2662 909 2663 1799 2663 905 2663 1797 2664 1799 2664 909 2664 916 2665 1797 2665 909 2665 1795 2666 1797 2666 916 2666 1792 2667 1795 2667 916 2667 919 2668 1792 2668 916 2668 1790 2669 1792 2669 919 2669 917 2670 1790 2670 919 2670 1789 2671 1790 2671 917 2671 1786 2672 1789 2672 917 2672 911 2673 1786 2673 917 2673 1784 2674 1786 2674 911 2674 907 2675 1784 2675 911 2675 1782 2676 1784 2676 907 2676 1780 2677 1782 2677 907 2677 901 2678 1780 2678 907 2678 1778 2679 1780 2679 901 2679 898 2680 1778 2680 901 2680 1775 2681 1778 2681 898 2681 896 2682 1847 2682 1845 2682 896 2683 1845 2683 1846 2683 896 2684 1846 2684 1775 2684 896 2685 1775 2685 898 2685 2700 2686 1847 2686 896 2686 1853 2687 1852 2687 2833 2687 1864 2688 1863 2688 1862 2688 1865 2689 1864 2689 1866 2689 1867 2690 1865 2690 1866 2690 1867 2691 1866 2691 2841 2691 1868 2692 1867 2692 2841 2692 1873 2693 1871 2693 1872 2693 1879 2694 1880 2694 2748 2694 2748 2695 1880 2695 1882 2695 2745 2696 1881 2696 2748 2696 2745 2697 1883 2697 1881 2697 1883 2698 1884 2698 3445 2698 1886 2699 1885 2699 1882 2699 1887 2700 1885 2700 1886 2700 1883 2701 2733 2701 1884 2701 1884 2702 2733 2702 1890 2702 1887 2703 1888 2703 1885 2703 1889 2704 1888 2704 1887 2704 1892 2705 1888 2705 1889 2705 1890 2706 1888 2706 1891 2706 1891 2707 1888 2707 1892 2707 1893 2708 1895 2708 1894 2708 1894 2709 1901 2709 1893 2709 1901 2710 1903 2710 1902 2710 1894 2711 1903 2711 1901 2711 1908 2712 1910 2712 1909 2712 1913 2713 1911 2713 1912 2713 1911 2714 1914 2714 1912 2714 1914 2715 1915 2715 1916 2715 1911 2716 1915 2716 1914 2716 1919 2717 2925 2717 1918 2717 1919 2718 1917 2718 1920 2718 1919 2719 1918 2719 1917 2719 2375 2720 1923 2720 1924 2720 2375 2721 1922 2721 1923 2721 2375 2722 1921 2722 1922 2722 2661 2723 1926 2723 2655 2723 1928 2724 2633 2724 1927 2724 1930 2725 1931 2725 1929 2725 1932 2726 1930 2726 1929 2726 1930 2727 1933 2727 1931 2727 1936 2728 2446 2728 2602 2728 2446 2729 1937 2729 2602 2729 1938 2730 1939 2730 2585 2730 1939 2731 2442 2731 2585 2731 2585 2732 2442 2732 1940 2732 1940 2733 1941 2733 1942 2733 1943 2734 1944 2734 1945 2734 1945 2735 1944 2735 1946 2735 1946 2736 1942 2736 1941 2736 1944 2737 1942 2737 1946 2737 1948 2738 2429 2738 1949 2738 1951 2739 1952 2739 2538 2739 1952 2740 2535 2740 2538 2740 1958 2741 1957 2741 1959 2741 1958 2742 1956 2742 1957 2742 1960 2743 1961 2743 1962 2743 1965 2744 2475 2744 1966 2744 1966 2745 2475 2745 1967 2745 2475 2746 2476 2746 1967 2746 1967 2747 2476 2747 1968 2747 1970 2748 1971 2748 2631 2748 1970 2749 1972 2749 1971 2749 1974 2750 1975 2750 1973 2750 1975 2751 1974 2751 1976 2751 1975 2752 1976 2752 1977 2752 1984 2753 1986 2753 1985 2753 2486 2754 1987 2754 1986 2754 1984 2755 1985 2755 1988 2755 1988 2756 1985 2756 1989 2756 1991 2757 1992 2757 1990 2757 1991 2758 1995 2758 1992 2758 1994 2759 1995 2759 1991 2759 2004 2760 2005 2760 2003 2760 2360 2761 2005 2761 2358 2761 2358 2762 2005 2762 2004 2762 1628 2763 2010 2763 2009 2763 2012 2764 2014 2764 2382 2764 2015 2765 2382 2765 2013 2765 2013 2766 2382 2766 2014 2766 2381 2767 2017 2767 2018 2767 2381 2768 2019 2768 2020 2768 2381 2769 2020 2769 2017 2769 2022 2770 2021 2770 2360 2770 2360 2771 2023 2771 2024 2771 2360 2772 2024 2772 2022 2772 2298 2773 2027 2773 2028 2773 2029 2774 2027 2774 2298 2774 2030 2775 2031 2775 2032 2775 2039 2776 2038 2776 2040 2776 2039 2777 2037 2777 2038 2777 2041 2778 2040 2778 2042 2778 2041 2779 2039 2779 2040 2779 2043 2780 2042 2780 2044 2780 2043 2781 2041 2781 2042 2781 2045 2782 2044 2782 2046 2782 2045 2783 2043 2783 2044 2783 2047 2784 2046 2784 2048 2784 2047 2785 2045 2785 2046 2785 2049 2786 2048 2786 2050 2786 2049 2787 2047 2787 2048 2787 2051 2788 2050 2788 2052 2788 2051 2789 2049 2789 2050 2789 1174 2790 2051 2790 2052 2790 1175 2791 2052 2791 864 2791 1175 2792 1174 2792 2052 2792 859 2793 1175 2793 864 2793 2055 2794 2054 2794 2053 2794 2054 2795 2055 2795 2056 2795 2055 2796 2057 2796 2056 2796 2057 2797 2058 2797 2056 2797 2059 2798 862 2798 866 2798 2059 2799 866 2799 865 2799 2060 2800 2059 2800 865 2800 2061 2801 2059 2801 2060 2801 2062 2802 2060 2802 2063 2802 2062 2803 2061 2803 2060 2803 2064 2804 2063 2804 2065 2804 2064 2805 2062 2805 2063 2805 2066 2806 2065 2806 2067 2806 2066 2807 2064 2807 2065 2807 2068 2808 2067 2808 2069 2808 2068 2809 2066 2809 2067 2809 2070 2810 2069 2810 2071 2810 2070 2811 2068 2811 2069 2811 2072 2812 2071 2812 2073 2812 2072 2813 2070 2813 2071 2813 2074 2814 2073 2814 2075 2814 2074 2815 2072 2815 2073 2815 2076 2816 2075 2816 2077 2816 2076 2817 2074 2817 2075 2817 2078 2818 2077 2818 2079 2818 2078 2819 2076 2819 2077 2819 2080 2820 2079 2820 2081 2820 2080 2821 2078 2821 2079 2821 3205 2822 2081 2822 2082 2822 3205 2823 2080 2823 2081 2823 2083 2824 2082 2824 2084 2824 2083 2825 3205 2825 2082 2825 2085 2826 2084 2826 2086 2826 2085 2827 2083 2827 2084 2827 2087 2828 2085 2828 2086 2828 2089 2829 2090 2829 3266 2829 2089 2830 3266 2830 3269 2830 720 2831 2089 2831 3269 2831 3278 2832 720 2832 3269 2832 3270 2833 3266 2833 2090 2833 2093 2834 1521 2834 1520 2834 2094 2835 2092 2835 2095 2835 2094 2836 2093 2836 2092 2836 2096 2837 2094 2837 2095 2837 2097 2838 2095 2838 2098 2838 2097 2839 2096 2839 2095 2839 2099 2840 2098 2840 2100 2840 2099 2841 2097 2841 2098 2841 2101 2842 2099 2842 2100 2842 2101 2843 2100 2843 2102 2843 2103 2844 2101 2844 2102 2844 2104 2845 2102 2845 2105 2845 2104 2846 2103 2846 2102 2846 2106 2847 2105 2847 2107 2847 2106 2848 2104 2848 2105 2848 2108 2849 2107 2849 2109 2849 2108 2850 2106 2850 2107 2850 2110 2851 2109 2851 2111 2851 2110 2852 2108 2852 2109 2852 2112 2853 2111 2853 2113 2853 2112 2854 2110 2854 2111 2854 2114 2855 2113 2855 2115 2855 2114 2856 2112 2856 2113 2856 2116 2857 2115 2857 2117 2857 2116 2858 2114 2858 2115 2858 2118 2859 2117 2859 2119 2859 2118 2860 2116 2860 2117 2860 2120 2861 2119 2861 2121 2861 2120 2862 2118 2862 2119 2862 2122 2863 2121 2863 2123 2863 2122 2864 2120 2864 2121 2864 2124 2865 2123 2865 2125 2865 2124 2866 2122 2866 2123 2866 1649 2867 2125 2867 1650 2867 1649 2868 2124 2868 2125 2868 1525 2869 1529 2869 2126 2869 2127 2870 1525 2870 2126 2870 2127 2871 2126 2871 2128 2871 2129 2872 2127 2872 2128 2872 2130 2873 2128 2873 2131 2873 2130 2874 2129 2874 2128 2874 2132 2875 2131 2875 2133 2875 2132 2876 2130 2876 2131 2876 2134 2877 2133 2877 2135 2877 2134 2878 2132 2878 2133 2878 2136 2879 2134 2879 2135 2879 2136 2880 2135 2880 2137 2880 2139 2881 2136 2881 2137 2881 2139 2882 2137 2882 2138 2882 2140 2883 2139 2883 2138 2883 2140 2884 2138 2884 2141 2884 2142 2885 2140 2885 2141 2885 2142 2886 2141 2886 2143 2886 2144 2887 2142 2887 2143 2887 2144 2888 2143 2888 2145 2888 2146 2889 2144 2889 2145 2889 2146 2890 2145 2890 2147 2890 2149 2891 2146 2891 2147 2891 2149 2892 2147 2892 2148 2892 2149 2893 2148 2893 2150 2893 2151 2894 2149 2894 2150 2894 2151 2895 2150 2895 2152 2895 2153 2896 2151 2896 2152 2896 2153 2897 2152 2897 2154 2897 2156 2898 2154 2898 2155 2898 2156 2899 2153 2899 2154 2899 2157 2900 2155 2900 2158 2900 2157 2901 2156 2901 2155 2901 2159 2902 2158 2902 2160 2902 2159 2903 2157 2903 2158 2903 1538 2904 2160 2904 1539 2904 1538 2905 2159 2905 2160 2905 1550 2906 1551 2906 2161 2906 2163 2907 2162 2907 1605 2907 2163 2908 2164 2908 2162 2908 2165 2909 2164 2909 2163 2909 2165 2910 2166 2910 2164 2910 2168 2911 2166 2911 2165 2911 2168 2912 2167 2912 2166 2912 2169 2913 2167 2913 2168 2913 2169 2914 2171 2914 2167 2914 2170 2915 2171 2915 2169 2915 2170 2916 2161 2916 2171 2916 2170 2917 1550 2917 2161 2917 2172 2918 2163 2918 1605 2918 2173 2919 2165 2919 2163 2919 2173 2920 2163 2920 2172 2920 2174 2921 2165 2921 2173 2921 2174 2922 2168 2922 2165 2922 2174 2923 2169 2923 2168 2923 2175 2924 2169 2924 2174 2924 2176 2925 2169 2925 2175 2925 2176 2926 2170 2926 2169 2926 2176 2927 1557 2927 1550 2927 2176 2928 1550 2928 2170 2928 2172 2929 1605 2929 3105 2929 2173 2930 2172 2930 3105 2930 2177 2931 2174 2931 2173 2931 2177 2932 2175 2932 2174 2932 2178 2933 2176 2933 2175 2933 2178 2934 2175 2934 2177 2934 2178 2935 2177 2935 3108 2935 2178 2936 3108 2936 2179 2936 2178 2937 1557 2937 2176 2937 2179 2938 1557 2938 2178 2938 2179 2939 1558 2939 1557 2939 2185 2940 3136 2940 2184 2940 2186 2941 3136 2941 2185 2941 2180 2942 3136 2942 2186 2942 1567 2943 3136 2943 2180 2943 2182 2944 2183 2944 2181 2944 2184 2945 2183 2945 2182 2945 2188 2946 2184 2946 2182 2946 2187 2947 2180 2947 2186 2947 2188 2948 2185 2948 2184 2948 2187 2949 1567 2949 2180 2949 2189 2950 2185 2950 2188 2950 2189 2951 2186 2951 2185 2951 2187 2952 1565 2952 1567 2952 2189 2953 2187 2953 2186 2953 2190 2954 1574 2954 1565 2954 2190 2955 1565 2955 2187 2955 2199 2956 2181 2956 1602 2956 2191 2957 2181 2957 2199 2957 2191 2958 2182 2958 2181 2958 2192 2959 2182 2959 2191 2959 2192 2960 2188 2960 2182 2960 2193 2961 2188 2961 2192 2961 2197 2962 1602 2962 3135 2962 2193 2963 2189 2963 2188 2963 2199 2964 1602 2964 2197 2964 2194 2965 2189 2965 2193 2965 2200 2966 2191 2966 2199 2966 2194 2967 2187 2967 2189 2967 2200 2968 2192 2968 2191 2968 2190 2969 2187 2969 2194 2969 2195 2970 2192 2970 2200 2970 2195 2971 2193 2971 2192 2971 2202 2972 2193 2972 2195 2972 2202 2973 2194 2973 2193 2973 2196 2974 2194 2974 2202 2974 2198 2975 2190 2975 2194 2975 2198 2976 2194 2976 2196 2976 2197 2977 3135 2977 2214 2977 2198 2978 1574 2978 2190 2978 2198 2979 1576 2979 1574 2979 2201 2980 2195 2980 2200 2980 2202 2981 2195 2981 2201 2981 2206 2982 2199 2982 2197 2982 2207 2983 2198 2983 2196 2983 2206 2984 2200 2984 2199 2984 2203 2985 2200 2985 2206 2985 2207 2986 1576 2986 2198 2986 2203 2987 2201 2987 2200 2987 2204 2988 2201 2988 2203 2988 2205 2989 2202 2989 2201 2989 2205 2990 2201 2990 2204 2990 2205 2991 2196 2991 2202 2991 2207 2992 2196 2992 2205 2992 2207 2993 1578 2993 1576 2993 2211 2994 2205 2994 2204 2994 2208 2995 2205 2995 2211 2995 2208 2996 2207 2996 2205 2996 2209 2997 2207 2997 2208 2997 2209 2998 1578 2998 2207 2998 2214 2999 2206 2999 2197 2999 2210 3000 2203 3000 2206 3000 2211 3001 2204 3001 2203 3001 2211 3002 2203 3002 2210 3002 2210 3003 2206 3003 2214 3003 2212 3004 2211 3004 2210 3004 2209 3005 1580 3005 1578 3005 2215 3006 2211 3006 2212 3006 2215 3007 2208 3007 2211 3007 2213 3008 2208 3008 2215 3008 2213 3009 2209 3009 2208 3009 2213 3010 1580 3010 2209 3010 2219 3011 2210 3011 2214 3011 2216 3012 2210 3012 2219 3012 2212 3013 2210 3013 2216 3013 2218 3014 2219 3014 2214 3014 2221 3015 2212 3015 2216 3015 2221 3016 2215 3016 2212 3016 2213 3017 1581 3017 1580 3017 2222 3018 2215 3018 2221 3018 2222 3019 2213 3019 2215 3019 2217 3020 2213 3020 2222 3020 2217 3021 1581 3021 2213 3021 2218 3022 2214 3022 3157 3022 2219 3023 2218 3023 3157 3023 2220 3024 2219 3024 3157 3024 2220 3025 2216 3025 2219 3025 3157 3026 2216 3026 2220 3026 3157 3027 2221 3027 2216 3027 3158 3028 2222 3028 2221 3028 3158 3029 2217 3029 2222 3029 2217 3030 1582 3030 1581 3030 3158 3031 1582 3031 2217 3031 2223 3032 3123 3032 2229 3032 2224 3033 2225 3033 3123 3033 2224 3034 3123 3034 2223 3034 2226 3035 1652 3035 1653 3035 2226 3036 1653 3036 2227 3036 2229 3037 2228 3037 1599 3037 2230 3038 2223 3038 2229 3038 2230 3039 2224 3039 2223 3039 2231 3040 2225 3040 2224 3040 2232 3041 2225 3041 2231 3041 2232 3042 2227 3042 2225 3042 2232 3043 2226 3043 2227 3043 2233 3044 2226 3044 2232 3044 2233 3045 1652 3045 2226 3045 2239 3046 2229 3046 1599 3046 2234 3047 2230 3047 2229 3047 2234 3048 2229 3048 2239 3048 2235 3049 2230 3049 2234 3049 2235 3050 2224 3050 2230 3050 2235 3051 2231 3051 2224 3051 2236 3052 2231 3052 2235 3052 2237 3053 2231 3053 2236 3053 2237 3054 2232 3054 2231 3054 2238 3055 2232 3055 2237 3055 2233 3056 2232 3056 2238 3056 2233 3057 2238 3057 1659 3057 2233 3058 1659 3058 1652 3058 2239 3059 1599 3059 3141 3059 2239 3060 3141 3060 3143 3060 3143 3061 2234 3061 2239 3061 2240 3062 2234 3062 3143 3062 2240 3063 2235 3063 2234 3063 2240 3064 3143 3064 2242 3064 2241 3065 2235 3065 2240 3065 2241 3066 2240 3066 2242 3066 2241 3067 2236 3067 2235 3067 2241 3068 2237 3068 2236 3068 2243 3069 2241 3069 2242 3069 2243 3070 2237 3070 2241 3070 2243 3071 2238 3071 2237 3071 2243 3072 2242 3072 2244 3072 2244 3073 1659 3073 2238 3073 2244 3074 2238 3074 2243 3074 2245 3075 1659 3075 2244 3075 2245 3076 2244 3076 1660 3076 2245 3077 1660 3077 1659 3077 1647 3078 3132 3078 2246 3078 2247 3079 1647 3079 2246 3079 2248 3080 2247 3080 2246 3080 2248 3081 2246 3081 2249 3081 2250 3082 2248 3082 2249 3082 2250 3083 2249 3083 2251 3083 2252 3084 2251 3084 2253 3084 2252 3085 2250 3085 2251 3085 1654 3086 2253 3086 1655 3086 1654 3087 2252 3087 2253 3087 2254 3088 1534 3088 2255 3088 2254 3089 1535 3089 1534 3089 1543 3090 2255 3090 1545 3090 1543 3091 2254 3091 2255 3091 2256 3092 1832 3092 1833 3092 2256 3093 1833 3093 2257 3093 2258 3094 1563 3094 1564 3094 2258 3095 1564 3095 2259 3095 2260 3096 2259 3096 2261 3096 2260 3097 2258 3097 2259 3097 2262 3098 2260 3098 2261 3098 2262 3099 2261 3099 2263 3099 2264 3100 2262 3100 2263 3100 2264 3101 2263 3101 1540 3101 1537 3102 2264 3102 1540 3102 2266 3103 1586 3103 2265 3103 2266 3104 2265 3104 2267 3104 2268 3105 2266 3105 2267 3105 2268 3106 2267 3106 2269 3106 2270 3107 2268 3107 2269 3107 2270 3108 2269 3108 2271 3108 1552 3109 2270 3109 2271 3109 1666 3110 1667 3110 2272 3110 2273 3111 1666 3111 2272 3111 2274 3112 2273 3112 2272 3112 2274 3113 2272 3113 2275 3113 2276 3114 2275 3114 2277 3114 2276 3115 2274 3115 2275 3115 2276 3116 2277 3116 1569 3116 1568 3117 2276 3117 1569 3117 2283 3118 2284 3118 2515 3118 2515 3119 2284 3119 1923 3119 2284 3120 1924 3120 1923 3120 2285 3121 2286 3121 1677 3121 2289 3122 2290 3122 2291 3122 2288 3123 2290 3123 2289 3123 2291 3124 2292 3124 2293 3124 2290 3125 2292 3125 2291 3125 2293 3126 2294 3126 2295 3126 2292 3127 2294 3127 2293 3127 2295 3128 2296 3128 2297 3128 2294 3129 2296 3129 2295 3129 2297 3130 2298 3130 2028 3130 2296 3131 2298 3131 2297 3131 2305 3132 1676 3132 1678 3132 1921 3133 2375 3133 2307 3133 2375 3134 2306 3134 2307 3134 2306 3135 2308 3135 2307 3135 2309 3136 2310 3136 2311 3136 2311 3137 2312 3137 2313 3137 2310 3138 2312 3138 2311 3138 2313 3139 2314 3139 2315 3139 2312 3140 2314 3140 2313 3140 2315 3141 2316 3141 2317 3141 2314 3142 2316 3142 2315 3142 2317 3143 2318 3143 2319 3143 2316 3144 2318 3144 2317 3144 2319 3145 2018 3145 2017 3145 2318 3146 2018 3146 2319 3146 2027 3147 2321 3147 2320 3147 2029 3148 2321 3148 2027 3148 2320 3149 2322 3149 2323 3149 2321 3150 2322 3150 2320 3150 2323 3151 2324 3151 2325 3151 2322 3152 2324 3152 2323 3152 2325 3153 2326 3153 2327 3153 2324 3154 2326 3154 2325 3154 2327 3155 2328 3155 2329 3155 2326 3156 2328 3156 2327 3156 2328 3157 2330 3157 2329 3157 2329 3158 2331 3158 2332 3158 2330 3159 2331 3159 2329 3159 2331 3160 2333 3160 2332 3160 2332 3161 2333 3161 2360 3161 2333 3162 2023 3162 2360 3162 2382 3163 2334 3163 2335 3163 2015 3164 2334 3164 2382 3164 2335 3165 2336 3165 2337 3165 2334 3166 2336 3166 2335 3166 2337 3167 2338 3167 2339 3167 2336 3168 2338 3168 2337 3168 2339 3169 2340 3169 2341 3169 2338 3170 2340 3170 2339 3170 2341 3171 2342 3171 2343 3171 2340 3172 2342 3172 2341 3172 2342 3173 2344 3173 2343 3173 2343 3174 2344 3174 2381 3174 2344 3175 2019 3175 2381 3175 2025 3176 2345 3176 2026 3176 2345 3177 2352 3177 2346 3177 2346 3178 2352 3178 2347 3178 2352 3179 2003 3179 2347 3179 2348 3180 2349 3180 1678 3180 1678 3181 2349 3181 2305 3181 2354 3182 2349 3182 2348 3182 2355 3183 2349 3183 2354 3183 2305 3184 2349 3184 2304 3184 2350 3185 2349 3185 2355 3185 2003 3186 2349 3186 2004 3186 2004 3187 2349 3187 2350 3187 2304 3188 2349 3188 2303 3188 2349 3189 2351 3189 2303 3189 2303 3190 2351 3190 2302 3190 2302 3191 2351 3191 2301 3191 2301 3192 2351 3192 2300 3192 2351 3193 2352 3193 2300 3193 2351 3194 2349 3194 2352 3194 2003 3195 2352 3195 2349 3195 2300 3196 2352 3196 2299 3196 2299 3197 2352 3197 2025 3197 2025 3198 2352 3198 2345 3198 1677 3199 2353 3199 1678 3199 1678 3200 2353 3200 2348 3200 2348 3201 2353 3201 2354 3201 2356 3202 2004 3202 2350 3202 2359 3203 2356 3203 2028 3203 2028 3204 2356 3204 2297 3204 2297 3205 2356 3205 2295 3205 2358 3206 2356 3206 2359 3206 2295 3207 2356 3207 2293 3207 2293 3208 2356 3208 2291 3208 2291 3209 2357 3209 2289 3209 2356 3210 2357 3210 2291 3210 2004 3211 2356 3211 2358 3211 2289 3212 2357 3212 2288 3212 2288 3213 2357 3213 2287 3213 2287 3214 2357 3214 2286 3214 1677 3215 2357 3215 2353 3215 2286 3216 2357 3216 1677 3216 2353 3217 2357 3217 2354 3217 2354 3218 2357 3218 2355 3218 2357 3219 2356 3219 2355 3219 2355 3220 2356 3220 2350 3220 2028 3221 2027 3221 2359 3221 2332 3222 2360 3222 2329 3222 2329 3223 2360 3223 2327 3223 2327 3224 2360 3224 2325 3224 2325 3225 2360 3225 2323 3225 2323 3226 2360 3226 2320 3226 2361 3227 2360 3227 2362 3227 2320 3228 2360 3228 2027 3228 2027 3229 2360 3229 2359 3229 2359 3230 2360 3230 2358 3230 2005 3231 2360 3231 2361 3231 2360 3232 2021 3232 2362 3232 2364 3233 2372 3233 2366 3233 2366 3234 2372 3234 2367 3234 2372 3235 2365 3235 2367 3235 2367 3236 2365 3236 2368 3236 2368 3237 2365 3237 2369 3237 2369 3238 2365 3238 2373 3238 2373 3239 2365 3239 1992 3239 1992 3240 2365 3240 1990 3240 2016 3241 2370 3241 2924 3241 2363 3242 2370 3242 2016 3242 2917 3243 2370 3243 2363 3243 1990 3244 2370 3244 2917 3244 2924 3245 2370 3245 2278 3245 2370 3246 2371 3246 2278 3246 2278 3247 2371 3247 2279 3247 2279 3248 2371 3248 2280 3248 2280 3249 2371 3249 2281 3249 2281 3250 2372 3250 2282 3250 2371 3251 2372 3251 2281 3251 2370 3252 2365 3252 2371 3252 2365 3253 2372 3253 2371 3253 1990 3254 2365 3254 2370 3254 2282 3255 2372 3255 2283 3255 2283 3256 2372 3256 2284 3256 2284 3257 2372 3257 1924 3257 1924 3258 2372 3258 2364 3258 1995 3259 2373 3259 1992 3259 2374 3260 2367 3260 2368 3260 2364 3261 2375 3261 1924 3261 1993 3262 1995 3262 2380 3262 2364 3263 2376 3263 2375 3263 2306 3264 2376 3264 2308 3264 2375 3265 2376 3265 2306 3265 2366 3266 2376 3266 2364 3266 2308 3267 2376 3267 2309 3267 2367 3268 2376 3268 2366 3268 2309 3269 2376 3269 2310 3269 2374 3270 2377 3270 2367 3270 2367 3271 2377 3271 2376 3271 2368 3272 2377 3272 2374 3272 2310 3273 2376 3273 2312 3273 2369 3274 2377 3274 2368 3274 2373 3275 1993 3275 2369 3275 2369 3276 1993 3276 2377 3276 1995 3277 1993 3277 2373 3277 2312 3278 2378 3278 2314 3278 2376 3279 2378 3279 2312 3279 2314 3280 2378 3280 2316 3280 2377 3281 1993 3281 2376 3281 2316 3282 2378 3282 2318 3282 2318 3283 2378 3283 2018 3283 2018 3284 2378 3284 2379 3284 1993 3285 2378 3285 2376 3285 2378 3286 1993 3286 2380 3286 2018 3287 2379 3287 2381 3287 2381 3288 2382 3288 2343 3288 2379 3289 2382 3289 2381 3289 2343 3290 2382 3290 2341 3290 2378 3291 2382 3291 2379 3291 2341 3292 2382 3292 2339 3292 2339 3293 2382 3293 2337 3293 2337 3294 2382 3294 2335 3294 2380 3295 2382 3295 2378 3295 1995 3296 2382 3296 2380 3296 2383 3297 2382 3297 2384 3297 2384 3298 2382 3298 1995 3298 2012 3299 2382 3299 2383 3299 2384 3300 1995 3300 1994 3300 1997 3301 3131 3301 3134 3301 2006 3302 2390 3302 3121 3302 3121 3303 2390 3303 1668 3303 2390 3304 2385 3304 1668 3304 1996 3305 2385 3305 2390 3305 1668 3306 2385 3306 1669 3306 2385 3307 2386 3307 1669 3307 1669 3308 2386 3308 3114 3308 1997 3309 2385 3309 1996 3309 3114 3310 2386 3310 1670 3310 1997 3311 2386 3311 2385 3311 1670 3312 2386 3312 1671 3312 1997 3313 2387 3313 2386 3313 2386 3314 2387 3314 1671 3314 1671 3315 2387 3315 3117 3315 1997 3316 2388 3316 2387 3316 2387 3317 1672 3317 3117 3317 2387 3318 2388 3318 1672 3318 1672 3319 2388 3319 2389 3319 1672 3320 2389 3320 1673 3320 1673 3321 2389 3321 3118 3321 3118 3322 2389 3322 1674 3322 1997 3323 2389 3323 2388 3323 1674 3324 2389 3324 1675 3324 1997 3325 3134 3325 2389 3325 2389 3326 3134 3326 1675 3326 1646 3327 2392 3327 2008 3327 2007 3328 2393 3328 1637 3328 1999 3329 2393 3329 2007 3329 1637 3330 2393 3330 1638 3330 1998 3331 2393 3331 1999 3331 1638 3332 2393 3332 1639 3332 1639 3333 2393 3333 1640 3333 2393 3334 2394 3334 1640 3334 1998 3335 2394 3335 2393 3335 1640 3336 2394 3336 1641 3336 2394 3337 2395 3337 1641 3337 1641 3338 2395 3338 1642 3338 1998 3339 2395 3339 2394 3339 1642 3340 2395 3340 1643 3340 2395 3341 2396 3341 1643 3341 1643 3342 2396 3342 1644 3342 2391 3343 2395 3343 1998 3343 2391 3344 2396 3344 2395 3344 1644 3345 2396 3345 1645 3345 2396 3346 2397 3346 1645 3346 1645 3347 2397 3347 1646 3347 1646 3348 2397 3348 2392 3348 2396 3349 2391 3349 2397 3349 2392 3350 2397 3350 2391 3350 2009 3351 2399 3351 1628 3351 2398 3352 2399 3352 2009 3352 1628 3353 2400 3353 1629 3353 2399 3354 2400 3354 1628 3354 2001 3355 2399 3355 2398 3355 2000 3356 2399 3356 2001 3356 2401 3357 2400 3357 2399 3357 2000 3358 2401 3358 2399 3358 2400 3359 2401 3359 3152 3359 3152 3360 2401 3360 1630 3360 2401 3361 2402 3361 1630 3361 1630 3362 2402 3362 1631 3362 2000 3363 2402 3363 2401 3363 1631 3364 2402 3364 3154 3364 3154 3365 2402 3365 1632 3365 2402 3366 2403 3366 1632 3366 1632 3367 2403 3367 1633 3367 1633 3368 2403 3368 1634 3368 2000 3369 2403 3369 2402 3369 2403 3370 2404 3370 1634 3370 1634 3371 2404 3371 1635 3371 2404 3372 2403 3372 3165 3372 1635 3373 2404 3373 1636 3373 3165 3374 2403 3374 2000 3374 2410 3375 2406 3375 2011 3375 2011 3376 2406 3376 1617 3376 1617 3377 2406 3377 1618 3377 2406 3378 1619 3378 1618 3378 2410 3379 2407 3379 2406 3379 2002 3380 2407 3380 2410 3380 2406 3381 2407 3381 1619 3381 1619 3382 2407 3382 1620 3382 1620 3383 2407 3383 1621 3383 2407 3384 2408 3384 1621 3384 1621 3385 2408 3385 1622 3385 2002 3386 2408 3386 2407 3386 1622 3387 2408 3387 1623 3387 1623 3388 2408 3388 1624 3388 2408 3389 2409 3389 1624 3389 1624 3390 2409 3390 1625 3390 2002 3391 2409 3391 2408 3391 2409 3392 1626 3392 1625 3392 1626 3393 2409 3393 2405 3393 2411 3394 2462 3394 1978 3394 2418 3395 2412 3395 2413 3395 2414 3396 2418 3396 2413 3396 2414 3397 2413 3397 2415 3397 2416 3398 2414 3398 2415 3398 2416 3399 2415 3399 2417 3399 1955 3400 2416 3400 2417 3400 2419 3401 2462 3401 2411 3401 1954 3402 2416 3402 1955 3402 2420 3403 2416 3403 1954 3403 2420 3404 2414 3404 2416 3404 2418 3405 2414 3405 2420 3405 2420 3406 1954 3406 1953 3406 2418 3407 2411 3407 2412 3407 2419 3408 2411 3408 2418 3408 2422 3409 2420 3409 1953 3409 2535 3410 2422 3410 1953 3410 2421 3411 2418 3411 2420 3411 2421 3412 2419 3412 2418 3412 1952 3413 2422 3413 2535 3413 2422 3414 2421 3414 2420 3414 2422 3415 1983 3415 2421 3415 2423 3416 2422 3416 1952 3416 1982 3417 1983 3417 2422 3417 1982 3418 2422 3418 2423 3418 1951 3419 2423 3419 1952 3419 1981 3420 1982 3420 2423 3420 2424 3421 1981 3421 2423 3421 2424 3422 2423 3422 1951 3422 2424 3423 2455 3423 1981 3423 2425 3424 2542 3424 1950 3424 2425 3425 1951 3425 2542 3425 2425 3426 2424 3426 1951 3426 1980 3427 2455 3427 2424 3427 1980 3428 2424 3428 2425 3428 1979 3429 1980 3429 2425 3429 2427 3430 2425 3430 1950 3430 1979 3431 2425 3431 2427 3431 2426 3432 1949 3432 2429 3432 2429 3433 1979 3433 2427 3433 2429 3434 2427 3434 2426 3434 2428 3435 1947 3435 1956 3435 2428 3436 2431 3436 1986 3436 2428 3437 1948 3437 1947 3437 2428 3438 1986 3438 1987 3438 2429 3439 1948 3439 2428 3439 2428 3440 1987 3440 2429 3440 2429 3441 1987 3441 2630 3441 2434 3442 2428 3442 1956 3442 2433 3443 2428 3443 2434 3443 2430 3444 2428 3444 2433 3444 2431 3445 2428 3445 2430 3445 1985 3446 1986 3446 2431 3446 2432 3447 1989 3447 1985 3447 2432 3448 1985 3448 2431 3448 2430 3449 2432 3449 2431 3449 1958 3450 2434 3450 1956 3450 1975 3451 1977 3451 2435 3451 2441 3452 2436 3452 2437 3452 2438 3453 2437 3453 2439 3453 2438 3454 2441 3454 2437 3454 2440 3455 2438 3455 2439 3455 2440 3456 2439 3456 1945 3456 1946 3457 2440 3457 1945 3457 1941 3458 2440 3458 1946 3458 1941 3459 2438 3459 2440 3459 2441 3460 2438 3460 1941 3460 2441 3461 2435 3461 2436 3461 1973 3462 2435 3462 2441 3462 1973 3463 1975 3463 2435 3463 2441 3464 1941 3464 1940 3464 2442 3465 2441 3465 1940 3465 2442 3466 1972 3466 1973 3466 2442 3467 1939 3467 1971 3467 1973 3468 2441 3468 2442 3468 2442 3469 1971 3469 1972 3469 1962 3470 1963 3470 2453 3470 2443 3471 1939 3471 1938 3471 2443 3472 1971 3472 1939 3472 2443 3473 2444 3473 1971 3473 2444 3474 2443 3474 2445 3474 1937 3475 2443 3475 2596 3475 1969 3476 2444 3476 2445 3476 1937 3477 2445 3477 2443 3477 1969 3478 2445 3478 1968 3478 1967 3479 2445 3479 1937 3479 1968 3480 2445 3480 1967 3480 1967 3481 1937 3481 2446 3481 1966 3482 1967 3482 2446 3482 2449 3483 2446 3483 1936 3483 1966 3484 2446 3484 2449 3484 2447 3485 1965 3485 1966 3485 2612 3486 2449 3486 1936 3486 2447 3487 1966 3487 2449 3487 2448 3488 2449 3488 2612 3488 2612 3489 2616 3489 1934 3489 2612 3490 1934 3490 2450 3490 1964 3491 2447 3491 2449 3491 2612 3492 2450 3492 2451 3492 2448 3493 2612 3493 2451 3493 2448 3494 2451 3494 2452 3494 1964 3495 2452 3495 2453 3495 1964 3496 2449 3496 2448 3496 1964 3497 2448 3497 2452 3497 1963 3498 1964 3498 2453 3498 1960 3499 1962 3499 2453 3499 2654 3500 2453 3500 2452 3500 1979 3501 2628 3501 1980 3501 2454 3502 1980 3502 2628 3502 2456 3503 2454 3503 1690 3503 2455 3504 1980 3504 2454 3504 2457 3505 2454 3505 2456 3505 2455 3506 2454 3506 2457 3506 2456 3507 1690 3507 1691 3507 2458 3508 2456 3508 1691 3508 2457 3509 1981 3509 2455 3509 2458 3510 2457 3510 2456 3510 2457 3511 1982 3511 1981 3511 2460 3512 2457 3512 2458 3512 2460 3513 1982 3513 2457 3513 2459 3514 2458 3514 1691 3514 2460 3515 1983 3515 1982 3515 2461 3516 2458 3516 2459 3516 2460 3517 2458 3517 2461 3517 2460 3518 2421 3518 1983 3518 2460 3519 2419 3519 2421 3519 2459 3520 1691 3520 3015 3520 2462 3521 2460 3521 2461 3521 2462 3522 2419 3522 2460 3522 2461 3523 2459 3523 2463 3523 2461 3524 2463 3524 2464 3524 2461 3525 2464 3525 2465 3525 2462 3526 2461 3526 2465 3526 1978 3527 2462 3527 2465 3527 2466 3528 1978 3528 2465 3528 2467 3529 2465 3529 2464 3529 2467 3530 2466 3530 2465 3530 2463 3531 2467 3531 2464 3531 2468 3532 2463 3532 2459 3532 2468 3533 2467 3533 2463 3533 3015 3534 2468 3534 2459 3534 2472 3535 3042 3535 1928 3535 2472 3536 1928 3536 1927 3536 2469 3537 2482 3537 2470 3537 2469 3538 1963 3538 1962 3538 2469 3539 1962 3539 1961 3539 2473 3540 2469 3540 2470 3540 2474 3541 2472 3541 1927 3541 2470 3542 2472 3542 2473 3542 2471 3543 1964 3543 1963 3543 2471 3544 1963 3544 2469 3544 2471 3545 2469 3545 2473 3545 2471 3546 2447 3546 1964 3546 1965 3547 2471 3547 2473 3547 1965 3548 2447 3548 2471 3548 2474 3549 2473 3549 2472 3549 2477 3550 2473 3550 2474 3550 2475 3551 2473 3551 2477 3551 2475 3552 1965 3552 2473 3552 2476 3553 2475 3553 2477 3553 2479 3554 2474 3554 1927 3554 2477 3555 2474 3555 2479 3555 2478 3556 2477 3556 2479 3556 2478 3557 2476 3557 2477 3557 2479 3558 1927 3558 2633 3558 2476 3559 2478 3559 1968 3559 2478 3560 2479 3560 2499 3560 1969 3561 1968 3561 2478 3561 2499 3562 1969 3562 2478 3562 2499 3563 2444 3563 1969 3563 2480 3564 3042 3564 2472 3564 2470 3565 2480 3565 2472 3565 2481 3566 2470 3566 2482 3566 2481 3567 2480 3567 2470 3567 2482 3568 2469 3568 1961 3568 2486 3569 2628 3569 2630 3569 2486 3570 2630 3570 1987 3570 2484 3571 1687 3571 1683 3571 2486 3572 1986 3572 1984 3572 2486 3573 1984 3573 2487 3573 2484 3574 2485 3574 1687 3574 2486 3575 2483 3575 2628 3575 2484 3576 1683 3576 2483 3576 2484 3577 2483 3577 2486 3577 2486 3578 2487 3578 2484 3578 2487 3579 1984 3579 1988 3579 2487 3580 1988 3580 2488 3580 2487 3581 2488 3581 2489 3581 2484 3582 2487 3582 2489 3582 2484 3583 2489 3583 2490 3583 2485 3584 2484 3584 2490 3584 2485 3585 2490 3585 1688 3585 1687 3586 2485 3586 1688 3586 2491 3587 1931 3587 1933 3587 2491 3588 1933 3588 2492 3588 2493 3589 2491 3589 2492 3589 2493 3590 2492 3590 2494 3590 2495 3591 2493 3591 2494 3591 2497 3592 2494 3592 2496 3592 2497 3593 2495 3593 2494 3593 1974 3594 2496 3594 1976 3594 1974 3595 2497 3595 2496 3595 2632 3596 1929 3596 2499 3596 2497 3597 1974 3597 1973 3597 2497 3598 1973 3598 1972 3598 2493 3599 1931 3599 2491 3599 2498 3600 1931 3600 2493 3600 2497 3601 1972 3601 1970 3601 2498 3602 2497 3602 1970 3602 2498 3603 1970 3603 2631 3603 2497 3604 2493 3604 2495 3604 2497 3605 2498 3605 2493 3605 2498 3606 1929 3606 1931 3606 2499 3607 1929 3607 2498 3607 2498 3608 2631 3608 2499 3608 1676 3609 2500 3609 2501 3609 2501 3610 2500 3610 2502 3610 2500 3611 2503 3611 2502 3611 2503 3612 2504 3612 2502 3612 2504 3613 2505 3613 2506 3613 2503 3614 2505 3614 2504 3614 2505 3615 2507 3615 2506 3615 2506 3616 2507 3616 1615 3616 2507 3617 2508 3617 1615 3617 1918 3618 2509 3618 1917 3618 2509 3619 2510 3619 1917 3619 2510 3620 2509 3620 2511 3620 2511 3621 2512 3621 2513 3621 2513 3622 2512 3622 2514 3622 2512 3623 2515 3623 2514 3623 2514 3624 2515 3624 1925 3624 2515 3625 1923 3625 1925 3625 2516 3626 1682 3626 1681 3626 2519 3627 2518 3627 2525 3627 2520 3628 2519 3628 2525 3628 2521 3629 2520 3629 2525 3629 2523 3630 2522 3630 2528 3630 2524 3631 2523 3631 2528 3631 1955 3632 2524 3632 1954 3632 2526 3633 2517 3633 2516 3633 2526 3634 2516 3634 1681 3634 2529 3635 2517 3635 2526 3635 2529 3636 2518 3636 2517 3636 2525 3637 2518 3637 2529 3637 2527 3638 2521 3638 2525 3638 2527 3639 2522 3639 2521 3639 2532 3640 1681 3640 1679 3640 2526 3641 1681 3641 2532 3641 2528 3642 2522 3642 2527 3642 2527 3643 2525 3643 2529 3643 2531 3644 2529 3644 2526 3644 2528 3645 1954 3645 2524 3645 2530 3646 2528 3646 2527 3646 2531 3647 2527 3647 2529 3647 2531 3648 2526 3648 2532 3648 1953 3649 2528 3649 2530 3649 1953 3650 1954 3650 2528 3650 2534 3651 2527 3651 2531 3651 2530 3652 2527 3652 2534 3652 2539 3653 2532 3653 1679 3653 2533 3654 2531 3654 2532 3654 2535 3655 1953 3655 2530 3655 2535 3656 2530 3656 2534 3656 2533 3657 2534 3657 2531 3657 2539 3658 2533 3658 2532 3658 2537 3659 2534 3659 2533 3659 2536 3660 2539 3660 1679 3660 2537 3661 2535 3661 2534 3661 2538 3662 2535 3662 2537 3662 2540 3663 2533 3663 2539 3663 2536 3664 1679 3664 1680 3664 2540 3665 2537 3665 2533 3665 2544 3666 2539 3666 2536 3666 2544 3667 2536 3667 1680 3667 2540 3668 2539 3668 2544 3668 2541 3669 2538 3669 2537 3669 2541 3670 2537 3670 2540 3670 2542 3671 1951 3671 2538 3671 2542 3672 2538 3672 2541 3672 2543 3673 2541 3673 2540 3673 2545 3674 2542 3674 2541 3674 2545 3675 2541 3675 2543 3675 2544 3676 2543 3676 2540 3676 2546 3677 2543 3677 2544 3677 1950 3678 2542 3678 2545 3678 2544 3679 1680 3679 2501 3679 2427 3680 1950 3680 2545 3680 2543 3681 2546 3681 2550 3681 2543 3682 2550 3682 2547 3682 2426 3683 2545 3683 2543 3683 2426 3684 2543 3684 2547 3684 2426 3685 2427 3685 2545 3685 2558 3686 1956 3686 1947 3686 2548 3687 1947 3687 1948 3687 2548 3688 1948 3688 1949 3688 2548 3689 2547 3689 2550 3689 2549 3690 2548 3690 2550 3690 2547 3691 2548 3691 1949 3691 2550 3692 2552 3692 2549 3692 2547 3693 1949 3693 2426 3693 2552 3694 2502 3694 2504 3694 2546 3695 2501 3695 2502 3695 2546 3696 2502 3696 2552 3696 2546 3697 2544 3697 2501 3697 2558 3698 1947 3698 2548 3698 2552 3699 2550 3699 2546 3699 2552 3700 2506 3700 2551 3700 2552 3701 2504 3701 2506 3701 2552 3702 2551 3702 2549 3702 1615 3703 2551 3703 2506 3703 2553 3704 2551 3704 1615 3704 2554 3705 2551 3705 2553 3705 2554 3706 2549 3706 2551 3706 2555 3707 2549 3707 2554 3707 2556 3708 2548 3708 2549 3708 2556 3709 2549 3709 2555 3709 2557 3710 2548 3710 2556 3710 2558 3711 2548 3711 2557 3711 1957 3712 1956 3712 2558 3712 1957 3713 2558 3713 2559 3713 2553 3714 1615 3714 1614 3714 2560 3715 2553 3715 1614 3715 2554 3716 2560 3716 2561 3716 2554 3717 2553 3717 2560 3717 2554 3718 2561 3718 2562 3718 2555 3719 2554 3719 2562 3719 2556 3720 2562 3720 2563 3720 2556 3721 2555 3721 2562 3721 2557 3722 2563 3722 2564 3722 2557 3723 2556 3723 2563 3723 2558 3724 2564 3724 2565 3724 2558 3725 2557 3725 2564 3725 2558 3726 2565 3726 2559 3726 1957 3727 2559 3727 1959 3727 1920 3728 1917 3728 2566 3728 2567 3729 1920 3729 2566 3729 2567 3730 2566 3730 2568 3730 2569 3731 2568 3731 2570 3731 2569 3732 2567 3732 2568 3732 2571 3733 2570 3733 2572 3733 2571 3734 2569 3734 2570 3734 2573 3735 2571 3735 2572 3735 2573 3736 2572 3736 2574 3736 2575 3737 2573 3737 2574 3737 2575 3738 2574 3738 2576 3738 2578 3739 2576 3739 2577 3739 2578 3740 2575 3740 2576 3740 2579 3741 2578 3741 2577 3741 2580 3742 2579 3742 2581 3742 1943 3743 2581 3743 1944 3743 1943 3744 2580 3744 2581 3744 2584 3745 2566 3745 1917 3745 2584 3746 1917 3746 2510 3746 2584 3747 2568 3747 2566 3747 2582 3748 2568 3748 2584 3748 2582 3749 2570 3749 2568 3749 2582 3750 2572 3750 2570 3750 2583 3751 2574 3751 2572 3751 2583 3752 2572 3752 2582 3752 2583 3753 2576 3753 2574 3753 2583 3754 2577 3754 2576 3754 2588 3755 2577 3755 2583 3755 2588 3756 2579 3756 2577 3756 2588 3757 2581 3757 2579 3757 2588 3758 1944 3758 2581 3758 1942 3759 1944 3759 2588 3759 2584 3760 2510 3760 2511 3760 2584 3761 2511 3761 2513 3761 2589 3762 2584 3762 2513 3762 2588 3763 1940 3763 1942 3763 2586 3764 1940 3764 2588 3764 2586 3765 2585 3765 1940 3765 2586 3766 2588 3766 2583 3766 2589 3767 2586 3767 2582 3767 2589 3768 2587 3768 2586 3768 2590 3769 2513 3769 2514 3769 2587 3770 2585 3770 2586 3770 2587 3771 1938 3771 2585 3771 2587 3772 2593 3772 1938 3772 2586 3773 2583 3773 2582 3773 2591 3774 2590 3774 2514 3774 2591 3775 2514 3775 1925 3775 2589 3776 2590 3776 2587 3776 2584 3777 2589 3777 2582 3777 2590 3778 2589 3778 2513 3778 2590 3779 2592 3779 2587 3779 2595 3780 2591 3780 1925 3780 2595 3781 1925 3781 1923 3781 2593 3782 2587 3782 2592 3782 2592 3783 2590 3783 2591 3783 2593 3784 2443 3784 1938 3784 2594 3785 2592 3785 2591 3785 2594 3786 2593 3786 2592 3786 2594 3787 2591 3787 2595 3787 2597 3788 2594 3788 2595 3788 2598 3789 2593 3789 2594 3789 2596 3790 2593 3790 2598 3790 2596 3791 2443 3791 2593 3791 2597 3792 2595 3792 2599 3792 2595 3793 1923 3793 1922 3793 2598 3794 2594 3794 2597 3794 2602 3795 2596 3795 2598 3795 2602 3796 1937 3796 2596 3796 2600 3797 2602 3797 2598 3797 2599 3798 2595 3798 1922 3798 2605 3799 2598 3799 2597 3799 2601 3800 2597 3800 2599 3800 2600 3801 2598 3801 2605 3801 2605 3802 2597 3802 2601 3802 2603 3803 2605 3803 2601 3803 2601 3804 2599 3804 2604 3804 2604 3805 2599 3805 1922 3805 2607 3806 2601 3806 2604 3806 2607 3807 2603 3807 2601 3807 1936 3808 2602 3808 2600 3808 2611 3809 2600 3809 2605 3809 2609 3810 2603 3810 2610 3810 2609 3811 2605 3811 2603 3811 2611 3812 1936 3812 2600 3812 2610 3813 2603 3813 2607 3813 2611 3814 2605 3814 2609 3814 2604 3815 1922 3815 2617 3815 2604 3816 2617 3816 2606 3816 2607 3817 2604 3817 2606 3817 2607 3818 2606 3818 2608 3818 2607 3819 2608 3819 2618 3819 2611 3820 2612 3820 1936 3820 2610 3821 2607 3821 2618 3821 2615 3822 2611 3822 2609 3822 2610 3823 2618 3823 2619 3823 2610 3824 2619 3824 2620 3824 2615 3825 2609 3825 2610 3825 2615 3826 2620 3826 2621 3826 2615 3827 2610 3827 2620 3827 2615 3828 2621 3828 2613 3828 2615 3829 2613 3829 2614 3829 2616 3830 2611 3830 2615 3830 2616 3831 2615 3831 2614 3831 2616 3832 2612 3832 2611 3832 2614 3833 2613 3833 2622 3833 2614 3834 2622 3834 2623 3834 2616 3835 2614 3835 2623 3835 2616 3836 2623 3836 1935 3836 1934 3837 2616 3837 1935 3837 1685 3838 2624 3838 1686 3838 2626 3839 1689 3839 1690 3839 2627 3840 1689 3840 2626 3840 2483 3841 1686 3841 2628 3841 2454 3842 2626 3842 1690 3842 2628 3843 2629 3843 2454 3843 2626 3844 2629 3844 2625 3844 2454 3845 2629 3845 2626 3845 2624 3846 2629 3846 1686 3846 1686 3847 2629 3847 2628 3847 2625 3848 2629 3848 2624 3848 2630 3849 2628 3849 1979 3849 2429 3850 2630 3850 1979 3850 2444 3851 2631 3851 1971 3851 2499 3852 2631 3852 2444 3852 2634 3853 2479 3853 2633 3853 2635 3854 2632 3854 2634 3854 2634 3855 2632 3855 2479 3855 2479 3856 2632 3856 2499 3856 1929 3857 2632 3857 2635 3857 2635 3858 1932 3858 1929 3858 2290 3859 2288 3859 2636 3859 2636 3860 2285 3860 2639 3860 2636 3861 2286 3861 2285 3861 2636 3862 2287 3862 2286 3862 2636 3863 2288 3863 2287 3863 2641 3864 2637 3864 2638 3864 2639 3865 2641 3865 2638 3865 2285 3866 2640 3866 2639 3866 2285 3867 1682 3867 2516 3867 2644 3868 2524 3868 1955 3868 2640 3869 2285 3869 2516 3869 2640 3870 2516 3870 2517 3870 2640 3871 2641 3871 2639 3871 2640 3872 2517 3872 2518 3872 2642 3873 2640 3873 2518 3873 2642 3874 2518 3874 2519 3874 2642 3875 2519 3875 2520 3875 2642 3876 2520 3876 2521 3876 2642 3877 2521 3877 2522 3877 2642 3878 2522 3878 2523 3878 2642 3879 2644 3879 2643 3879 2644 3880 2642 3880 2523 3880 2644 3881 2523 3881 2524 3881 2637 3882 2641 3882 2643 3882 2641 3883 2640 3883 2643 3883 2643 3884 2640 3884 2642 3884 2645 3885 2637 3885 2643 3885 2646 3886 2643 3886 2644 3886 2417 3887 2646 3887 2644 3887 2417 3888 2644 3888 1955 3888 2649 3889 2411 3889 1978 3889 2646 3890 2417 3890 2415 3890 2647 3891 2412 3891 2411 3891 2647 3892 2411 3892 2649 3892 2646 3893 2415 3893 2413 3893 2647 3894 2646 3894 2413 3894 2647 3895 2413 3895 2412 3895 2646 3896 2647 3896 2648 3896 2645 3897 2646 3897 2648 3897 2645 3898 2643 3898 2646 3898 2647 3899 2649 3899 2648 3899 2645 3900 2648 3900 3031 3900 2645 3901 3031 3901 2637 3901 3026 3902 2466 3902 2467 3902 2649 3903 1978 3903 2466 3903 2649 3904 2466 3904 3026 3904 2650 3905 2482 3905 1961 3905 2650 3906 2481 3906 2482 3906 2652 3907 1926 3907 3034 3907 1960 3908 2654 3908 2650 3908 1960 3909 2650 3909 1961 3909 2653 3910 2450 3910 1934 3910 2654 3911 1960 3911 2453 3911 2654 3912 2452 3912 2451 3912 2653 3913 2654 3913 2451 3913 2651 3914 2650 3914 2654 3914 2651 3915 2654 3915 2653 3915 2653 3916 2451 3916 2450 3916 2653 3917 2652 3917 2651 3917 2655 3918 2652 3918 2653 3918 2652 3919 2655 3919 1926 3919 2657 3920 2655 3920 2653 3920 1935 3921 2653 3921 1934 3921 1935 3922 2657 3922 2653 3922 2623 3923 2657 3923 1935 3923 2656 3924 2617 3924 1922 3924 2661 3925 2659 3925 1926 3925 2657 3926 2623 3926 2622 3926 2657 3927 2622 3927 2613 3927 2658 3928 2618 3928 2608 3928 2656 3929 2658 3929 2608 3929 2656 3930 2608 3930 2606 3930 2656 3931 2606 3931 2617 3931 2656 3932 2663 3932 2662 3932 2661 3933 2656 3933 2662 3933 2660 3934 2657 3934 2613 3934 2660 3935 2613 3935 2621 3935 2660 3936 2621 3936 2620 3936 2660 3937 2661 3937 2657 3937 2658 3938 2660 3938 2620 3938 2658 3939 2620 3939 2619 3939 2661 3940 2655 3940 2657 3940 2658 3941 2619 3941 2618 3941 2658 3942 2661 3942 2660 3942 2661 3943 2658 3943 2656 3943 2661 3944 2662 3944 2659 3944 1922 3945 1921 3945 2664 3945 2656 3946 1922 3946 2664 3946 2656 3947 2664 3947 2663 3947 1926 3948 2659 3948 3036 3948 1921 3949 2307 3949 2664 3949 3033 3950 2309 3950 2311 3950 3033 3951 2308 3951 2309 3951 2664 3952 2307 3952 2308 3952 2664 3953 2308 3953 3033 3953 1352 3954 2665 3954 1307 3954 1307 3955 2665 3955 2666 3955 2666 3956 2667 3956 2668 3956 2665 3957 2667 3957 2666 3957 2668 3958 2669 3958 2670 3958 2667 3959 2669 3959 2668 3959 2669 3960 2671 3960 2670 3960 2675 3961 2676 3961 2677 3961 2676 3962 2678 3962 2677 3962 2677 3963 2678 3963 2679 3963 2678 3964 2680 3964 2679 3964 2679 3965 2680 3965 2681 3965 2680 3966 2682 3966 2681 3966 2684 3967 2685 3967 2686 3967 2686 3968 2687 3968 2688 3968 2685 3969 2687 3969 2686 3969 2687 3970 2689 3970 2688 3970 2688 3971 2689 3971 2690 3971 2690 3972 2691 3972 2692 3972 2689 3973 2691 3973 2690 3973 2691 3974 2693 3974 2692 3974 2693 3975 2694 3975 2695 3975 2695 3976 1610 3976 1611 3976 2694 3977 1610 3977 2695 3977 2697 3978 1504 3978 1503 3978 2697 3979 1503 3979 2696 3979 2698 3980 2696 3980 2699 3980 2698 3981 2697 3981 2696 3981 2700 3982 2698 3982 2699 3982 2700 3983 2699 3983 2701 3983 1847 3984 2701 3984 2702 3984 1847 3985 2700 3985 2701 3985 1845 3986 2702 3986 2703 3986 1845 3987 1847 3987 2702 3987 1846 3988 1845 3988 2703 3988 1846 3989 2703 3989 1774 3989 1775 3990 1846 3990 1774 3990 2711 3991 2705 3991 2706 3991 2715 3992 2707 3992 2708 3992 1904 3993 2710 3993 2709 3993 2713 3994 2710 3994 1905 3994 2713 3995 1905 3995 1906 3995 2711 3996 2704 3996 2705 3996 2734 3997 1767 3997 1766 3997 2734 3998 1768 3998 1767 3998 2709 3999 1768 3999 2734 3999 2709 4000 1769 4000 1768 4000 2712 4001 1770 4001 1769 4001 2712 4002 1769 4002 2709 4002 2712 4003 1771 4003 1770 4003 2713 4004 1771 4004 2712 4004 2714 4005 2713 4005 1906 4005 2714 4006 1906 4006 1907 4006 2714 4007 1771 4007 2713 4007 1908 4008 2714 4008 1907 4008 2714 4009 1773 4009 1771 4009 2711 4010 1909 4010 1910 4010 2715 4011 1773 4011 2714 4011 2704 4012 1910 4012 1532 4012 2704 4013 2711 4013 1910 4013 2715 4014 1772 4014 1773 4014 2715 4015 2706 4015 2707 4015 2715 4016 2711 4016 2706 4016 2715 4017 2708 4017 1772 4017 2734 4018 1904 4018 2709 4018 2710 4019 2713 4019 2709 4019 2709 4020 2713 4020 2712 4020 2714 4021 1908 4021 1909 4021 1909 4022 2711 4022 2714 4022 2714 4023 2711 4023 2715 4023 1894 4024 2718 4024 1903 4024 2723 4025 1894 4025 1895 4025 2723 4026 1895 4026 1896 4026 2724 4027 1776 4027 2722 4027 2724 4028 1777 4028 1776 4028 2723 4029 1897 4029 1898 4029 2719 4030 2723 4030 1898 4030 2725 4031 1779 4031 1777 4031 2725 4032 1777 4032 2724 4032 2719 4033 1898 4033 1899 4033 2720 4034 1781 4034 2725 4034 2720 4035 1787 4035 1785 4035 1894 4036 2717 4036 2718 4036 2721 4037 2716 4037 2717 4037 2723 4038 2721 4038 1894 4038 2721 4039 2724 4039 2722 4039 2724 4040 2721 4040 2723 4040 2724 4041 2723 4041 2719 4041 2724 4042 2719 4042 2725 4042 2719 4043 1900 4043 2732 4043 2732 4044 2725 4044 2719 4044 2732 4045 2720 4045 2725 4045 2721 4046 2717 4046 1894 4046 2721 4047 2722 4047 2716 4047 1900 4048 2719 4048 1899 4048 2725 4049 1781 4049 1779 4049 2720 4050 1783 4050 1781 4050 2731 4051 2720 4051 2732 4051 2720 4052 1785 4052 1783 4052 1901 4053 2726 4053 1893 4053 1893 4054 2729 4054 1895 4054 2726 4055 2729 4055 1893 4055 2727 4056 2729 4056 2726 4056 1895 4057 2729 4057 1896 4057 2728 4058 2729 4058 2727 4058 1888 4059 2729 4059 2728 4059 2729 4060 1897 4060 1896 4060 2729 4061 2730 4061 1897 4061 1896 4062 1897 4062 2723 4062 1888 4063 2730 4063 2729 4063 1897 4064 1899 4064 1898 4064 1897 4065 2730 4065 1899 4065 1899 4066 2730 4066 2731 4066 1888 4067 1890 4067 2730 4067 1899 4068 2731 4068 1900 4068 1900 4069 2731 4069 2732 4069 2730 4070 1890 4070 2731 4070 2733 4071 2720 4071 2731 4071 2733 4072 2731 4072 1890 4072 2735 4073 2734 4073 1732 4073 1732 4074 2734 4074 2754 4074 1904 4075 2734 4075 2735 4075 1910 4076 2739 4076 1532 4076 1904 4077 2735 4077 2710 4077 2735 4078 2737 4078 2710 4078 1732 4079 2736 4079 2735 4079 2710 4080 2737 4080 1905 4080 2735 4081 2736 4081 2737 4081 1905 4082 2737 4082 1906 4082 2736 4083 2742 4083 2737 4083 2737 4084 1907 4084 1906 4084 2737 4085 2742 4085 1907 4085 2742 4086 2738 4086 1907 4086 1907 4087 2738 4087 1908 4087 1908 4088 2738 4088 1910 4088 2742 4089 2740 4089 2738 4089 1910 4090 2741 4090 2739 4090 2738 4091 2741 4091 1910 4091 2742 4092 2743 4092 2740 4092 2740 4093 2741 4093 2738 4093 2736 4094 2743 4094 2742 4094 1531 4095 1532 4095 2739 4095 2720 4096 2733 4096 1787 4096 1883 4097 2840 4097 2733 4097 2744 4098 2840 4098 1883 4098 2744 4099 1883 4099 2745 4099 1877 4100 2840 4100 2744 4100 1877 4101 1878 4101 2840 4101 2744 4102 1876 4102 1877 4102 2746 4103 2744 4103 2745 4103 2744 4104 1875 4104 1876 4104 2746 4105 1875 4105 2744 4105 2746 4106 1874 4106 1875 4106 2746 4107 1873 4107 1874 4107 2747 4108 2746 4108 2745 4108 2746 4109 1871 4109 1873 4109 2747 4110 1871 4110 2746 4110 2745 4111 2748 4111 2747 4111 2747 4112 1870 4112 1871 4112 1869 4113 1870 4113 2747 4113 2747 4114 1868 4114 1869 4114 2749 4115 1868 4115 2747 4115 2749 4116 1867 4116 1868 4116 2750 4117 2747 4117 2748 4117 2750 4118 2748 4118 1882 4118 2750 4119 2749 4119 2747 4119 2749 4120 1865 4120 1867 4120 1864 4121 1865 4121 2749 4121 2749 4122 1863 4122 1864 4122 2752 4123 2749 4123 2750 4123 2750 4124 1882 4124 1885 4124 2752 4125 1861 4125 1863 4125 2752 4126 1863 4126 2749 4126 2750 4127 1885 4127 2751 4127 2750 4128 2751 4128 2753 4128 2752 4129 1860 4129 1861 4129 2752 4130 2750 4130 2753 4130 2752 4131 1859 4131 1860 4131 2754 4132 2734 4132 1766 4132 2756 4133 2755 4133 1730 4133 2756 4134 2763 4134 2755 4134 2756 4135 2762 4135 2763 4135 2756 4136 1735 4136 2762 4136 2756 4137 1858 4137 1735 4137 2756 4138 1857 4138 1858 4138 2756 4139 1856 4139 1857 4139 2756 4140 1855 4140 1856 4140 2757 4141 2756 4141 1730 4141 2756 4142 1854 4142 1855 4142 2757 4143 1854 4143 2756 4143 2757 4144 1853 4144 1854 4144 2757 4145 1852 4145 1853 4145 2758 4146 2757 4146 1730 4146 2759 4147 2757 4147 2758 4147 2757 4148 1851 4148 1852 4148 2759 4149 1851 4149 2757 4149 2759 4150 1850 4150 1851 4150 2758 4151 1730 4151 2760 4151 2759 4152 1849 4152 1850 4152 2759 4153 1848 4153 1849 4153 2758 4154 1848 4154 2759 4154 2761 4155 2758 4155 2760 4155 2761 4156 2760 4156 2828 4156 2758 4157 2835 4157 1848 4157 2758 4158 2829 4158 2835 4158 2761 4159 2829 4159 2758 4159 2761 4160 2830 4160 2829 4160 2831 4161 2830 4161 2761 4161 2831 4162 2761 4162 2828 4162 1692 4163 1701 4163 2772 4163 1912 4164 2764 4164 1913 4164 1720 4165 1695 4165 2764 4165 2772 4166 2765 4166 1916 4166 1916 4167 2765 4167 1914 4167 1701 4168 2765 4168 2772 4168 1700 4169 2765 4169 1701 4169 1704 4170 2765 4170 1700 4170 2765 4171 2766 4171 1914 4171 1704 4172 2766 4172 2765 4172 1707 4173 2766 4173 1704 4173 1707 4174 1706 4174 2766 4174 2766 4175 2767 4175 1914 4175 1706 4176 2767 4176 2766 4176 1712 4177 2767 4177 1706 4177 1711 4178 2767 4178 1712 4178 2767 4179 2768 4179 1914 4179 1711 4180 2768 4180 2767 4180 1713 4181 2768 4181 1711 4181 1717 4182 2768 4182 1713 4182 1914 4183 2768 4183 1912 4183 2768 4184 2764 4184 1912 4184 1716 4185 2768 4185 1717 4185 1720 4186 2764 4186 1716 4186 1716 4187 2764 4187 2768 4187 1915 4188 2769 4188 1916 4188 1721 4189 2775 4189 2771 4189 2775 4190 2773 4190 2772 4190 2775 4191 2772 4191 2771 4191 2771 4192 2772 4192 2770 4192 2770 4193 2772 4193 2769 4193 2772 4194 2773 4194 1692 4194 2769 4195 2772 4195 1916 4195 1723 4196 2775 4196 1721 4196 1692 4197 2776 4197 1693 4197 2773 4198 2776 4198 1692 4198 1693 4199 2776 4199 2774 4199 2774 4200 2776 4200 2773 4200 2774 4201 2773 4201 2775 4201 1697 4202 2777 4202 1695 4202 1695 4203 2777 4203 2764 4203 2764 4204 2777 4204 1913 4204 1913 4205 2777 4205 2779 4205 2779 4206 2777 4206 2780 4206 2777 4207 2778 4207 2780 4207 2780 4208 2778 4208 2781 4208 2781 4209 2778 4209 1724 4209 1913 4210 2779 4210 1911 4210 1723 4211 1722 4211 2782 4211 2784 4212 2782 4212 2783 4212 1723 4213 2784 4213 2775 4213 1723 4214 2782 4214 2784 4214 2778 4215 2786 4215 1724 4215 2778 4216 2785 4216 2786 4216 2790 4217 2838 4217 2837 4217 1436 4218 2789 4218 1442 4218 1442 4219 2789 4219 2788 4219 2787 4220 2789 4220 1436 4220 2789 4221 2790 4221 2788 4221 2787 4222 2790 4222 2789 4222 1901 4223 2796 4223 2791 4223 1902 4224 2796 4224 1901 4224 2845 4225 2792 4225 1459 4225 1459 4226 2792 4226 1460 4226 2793 4227 2796 4227 1902 4227 2797 4228 2796 4228 2793 4228 2795 4229 2796 4229 2797 4229 1460 4230 2792 4230 2794 4230 2792 4231 2845 4231 2795 4231 2794 4232 2792 4232 2797 4232 2796 4233 2795 4233 2791 4233 2795 4234 2797 4234 2792 4234 2798 4235 1763 4235 1762 4235 2799 4236 1762 4236 1761 4236 2799 4237 2798 4237 1762 4237 1411 4238 2798 4238 2799 4238 2801 4239 1761 4239 1760 4239 2801 4240 2799 4240 1761 4240 2799 4241 1410 4241 1411 4241 2799 4242 1408 4242 1410 4242 2801 4243 1760 4243 1759 4243 2800 4244 1408 4244 2799 4244 2800 4245 1440 4245 1408 4245 2800 4246 2799 4246 2801 4246 2802 4247 1759 4247 1758 4247 2802 4248 2801 4248 1759 4248 2800 4249 1433 4249 1440 4249 2802 4250 2800 4250 2801 4250 2802 4251 1758 4251 1757 4251 2802 4252 1407 4252 1433 4252 2802 4253 1433 4253 2800 4253 2803 4254 2802 4254 1757 4254 2803 4255 1407 4255 2802 4255 2803 4256 1757 4256 1755 4256 2803 4257 1405 4257 1407 4257 2804 4258 1755 4258 1753 4258 2804 4259 2803 4259 1755 4259 2804 4260 1404 4260 1405 4260 2804 4261 1405 4261 2803 4261 2804 4262 1753 4262 1750 4262 1403 4263 1404 4263 2804 4263 2805 4264 2804 4264 1750 4264 2805 4265 1403 4265 2804 4265 2805 4266 1750 4266 1748 4266 2806 4267 2805 4267 1748 4267 2805 4268 1402 4268 1403 4268 2806 4269 1748 4269 1745 4269 2805 4270 1401 4270 1402 4270 2806 4271 1401 4271 2805 4271 2807 4272 1745 4272 1743 4272 2807 4273 2806 4273 1745 4273 2806 4274 1399 4274 1401 4274 1399 4275 2806 4275 2807 4275 2807 4276 1743 4276 1741 4276 2808 4277 2807 4277 1741 4277 2808 4278 1741 4278 1738 4278 1399 4279 1398 4279 1397 4279 1398 4280 2807 4280 2808 4280 1398 4281 1399 4281 2807 4281 2808 4282 1738 4282 1736 4282 2808 4283 1736 4283 2932 4283 2809 4284 1826 4284 1824 4284 2810 4285 2809 4285 1824 4285 2812 4286 2810 4286 1824 4286 2812 4287 1824 4287 1821 4287 2811 4288 2810 4288 2812 4288 2811 4289 1455 4289 2810 4289 2812 4290 1821 4290 1820 4290 2811 4291 1454 4291 1455 4291 2814 4292 1820 4292 1817 4292 2814 4293 2812 4293 1820 4293 2814 4294 2811 4294 2812 4294 2813 4295 2811 4295 2814 4295 2814 4296 1817 4296 1815 4296 2813 4297 1453 4297 1454 4297 2813 4298 1454 4298 2811 4298 2815 4299 2814 4299 1815 4299 2815 4300 2813 4300 2814 4300 2816 4301 2813 4301 2815 4301 2815 4302 1815 4302 1812 4302 2816 4303 1452 4303 1453 4303 2816 4304 1453 4304 2813 4304 2817 4305 2815 4305 1812 4305 2817 4306 2816 4306 2815 4306 2817 4307 1812 4307 1810 4307 2816 4308 1451 4308 1452 4308 2818 4309 2817 4309 1810 4309 2818 4310 2816 4310 2817 4310 2819 4311 2818 4311 1810 4311 2819 4312 1810 4312 1807 4312 2816 4313 1450 4313 1451 4313 2818 4314 1450 4314 2816 4314 2819 4315 1807 4315 1804 4315 2818 4316 1449 4316 1450 4316 2820 4317 2818 4317 2819 4317 2821 4318 2819 4318 1804 4318 2820 4319 1449 4319 2818 4319 2821 4320 1804 4320 1802 4320 2820 4321 1483 4321 1449 4321 2821 4322 2820 4322 2819 4322 2824 4323 2821 4323 1802 4323 2824 4324 1802 4324 1800 4324 2820 4325 1475 4325 1483 4325 2822 4326 2821 4326 2824 4326 2822 4327 2820 4327 2821 4327 2824 4328 1800 4328 1798 4328 2822 4329 1476 4329 1475 4329 2822 4330 1475 4330 2820 4330 2823 4331 2822 4331 2824 4331 2823 4332 1476 4332 2822 4332 2825 4333 1798 4333 1796 4333 2825 4334 2824 4334 1798 4334 2823 4335 1448 4335 1476 4335 2825 4336 2823 4336 2824 4336 2826 4337 2823 4337 2825 4337 2827 4338 1796 4338 1794 4338 2827 4339 2825 4339 1796 4339 2826 4340 1447 4340 1448 4340 2826 4341 1448 4341 2823 4341 2826 4342 2825 4342 2827 4342 2827 4343 1794 4343 1793 4343 2827 4344 1793 4344 1876 4344 1765 4345 2828 4345 2754 4345 1764 4346 2831 4346 1765 4346 2831 4347 2828 4347 1765 4347 1763 4348 2829 4348 1764 4348 2829 4349 2830 4349 1764 4349 2830 4350 2831 4350 1764 4350 1763 4351 2798 4351 2829 4351 2798 4352 1411 4352 2835 4352 2829 4353 2798 4353 2835 4353 1854 4354 1428 4354 1855 4354 1853 4355 1428 4355 1854 4355 1853 4356 2833 4356 1428 4356 1428 4357 2833 4357 1431 4357 2834 4358 2832 4358 1437 4358 1858 4359 2834 4359 1735 4359 1735 4360 2834 4360 2836 4360 1857 4361 2834 4361 1858 4361 2834 4362 1428 4362 2832 4362 1855 4363 1428 4363 1856 4363 2833 4364 1852 4364 1431 4364 1431 4365 1852 4365 1439 4365 1850 4366 1852 4366 1851 4366 1409 4367 1439 4367 1410 4367 1849 4368 1439 4368 1850 4368 1856 4369 2834 4369 1857 4369 1428 4370 2834 4370 1856 4370 1850 4371 1439 4371 1852 4371 1848 4372 1439 4372 1849 4372 1848 4373 2835 4373 1439 4373 1439 4374 2835 4374 1410 4374 1410 4375 2835 4375 1411 4375 1437 4376 2836 4376 2834 4376 1444 4377 2836 4377 1437 4377 1442 4378 2836 4378 1443 4378 1443 4379 2836 4379 1444 4379 2839 4380 2838 4380 1530 4380 1442 4381 2788 4381 2836 4381 2788 4382 2837 4382 2836 4382 2790 4383 2837 4383 2788 4383 1735 4384 2836 4384 2837 4384 2839 4385 2837 4385 2838 4385 1531 4386 2839 4386 1530 4386 2739 4387 2839 4387 1531 4387 2741 4388 2740 4388 2739 4388 2739 4389 2740 4389 2839 4389 2755 4390 2740 4390 2743 4390 2763 4391 2740 4391 2755 4391 2763 4392 2839 4392 2740 4392 2762 4393 2839 4393 2763 4393 2837 4394 2839 4394 1735 4394 1735 4395 2839 4395 2762 4395 1787 4396 2840 4396 1788 4396 2733 4397 2840 4397 1787 4397 1788 4398 2840 4398 1878 4398 1791 4399 1876 4399 1793 4399 1878 4400 1876 4400 1788 4400 1788 4401 1876 4401 1791 4401 1877 4402 1876 4402 1878 4402 1447 4403 2826 4403 1875 4403 1876 4404 1875 4404 2826 4404 2826 4405 2827 4405 1876 4405 1866 4406 1470 4406 2841 4406 1466 4407 1470 4407 1862 4407 1864 4408 1470 4408 1866 4408 1447 4409 1872 4409 1448 4409 1870 4410 1872 4410 1871 4410 1870 4411 1477 4411 1872 4411 1869 4412 1477 4412 1870 4412 1869 4413 2841 4413 1477 4413 1477 4414 2841 4414 1470 4414 1868 4415 2841 4415 1869 4415 1864 4416 1862 4416 1470 4416 1861 4417 1862 4417 1863 4417 1861 4418 2842 4418 1862 4418 1860 4419 2842 4419 1861 4419 1862 4420 2842 4420 1464 4420 1464 4421 2842 4421 1462 4421 1873 4422 1875 4422 1874 4422 1448 4423 1872 4423 1477 4423 1873 4424 1447 4424 1875 4424 1872 4425 1447 4425 1873 4425 2843 4426 2842 4426 1859 4426 1859 4427 2842 4427 1860 4427 1458 4428 2843 4428 1459 4428 1462 4429 2843 4429 1457 4429 1457 4430 2843 4430 1458 4430 2842 4431 2843 4431 1462 4431 1859 4432 2846 4432 2843 4432 2843 4433 2845 4433 1459 4433 2843 4434 2846 4434 2845 4434 1901 4435 2791 4435 2844 4435 2845 4436 2791 4436 2795 4436 2845 4437 2846 4437 2791 4437 2846 4438 2844 4438 2791 4438 2844 4439 2727 4439 1901 4439 2752 4440 2844 4440 1859 4440 1859 4441 2844 4441 2846 4441 2753 4442 2844 4442 2752 4442 1901 4443 2727 4443 2726 4443 2751 4444 2844 4444 2753 4444 2844 4445 2728 4445 2727 4445 2751 4446 2728 4446 2844 4446 1885 4447 2728 4447 2751 4447 1888 4448 2728 4448 1885 4448 2847 4449 2794 4449 2797 4449 2793 4450 2847 4450 2797 4450 2793 4451 2849 4451 2848 4451 2793 4452 2848 4452 2847 4452 2849 4453 2793 4453 1902 4453 2849 4454 1902 4454 2850 4454 1903 4455 2850 4455 1902 4455 1903 4456 2718 4456 2850 4456 2851 4457 2852 4457 2855 4457 2851 4458 1776 4458 2852 4458 2851 4459 2722 4459 1776 4459 2851 4460 2716 4460 2722 4460 2851 4461 2717 4461 2716 4461 2851 4462 2718 4462 2717 4462 2851 4463 2848 4463 2849 4463 2851 4464 2849 4464 2850 4464 2851 4465 2850 4465 2718 4465 2852 4466 1776 4466 1774 4466 2696 4467 1503 4467 2854 4467 2852 4468 2853 4468 2855 4468 2852 4469 2854 4469 2853 4469 2852 4470 2696 4470 2854 4470 2852 4471 2699 4471 2696 4471 2852 4472 2701 4472 2699 4472 2852 4473 2702 4473 2701 4473 2852 4474 2703 4474 2702 4474 2852 4475 1774 4475 2703 4475 1506 4476 2854 4476 1503 4476 2857 4477 2856 4477 1724 4477 2866 4478 2856 4478 2857 4478 2857 4479 1724 4479 2786 4479 2857 4480 2786 4480 2785 4480 2866 4481 2854 4481 1506 4481 2866 4482 2857 4482 2853 4482 2866 4483 2853 4483 2854 4483 2865 4484 2858 4484 1911 4484 2865 4485 1911 4485 2779 4485 2865 4486 2867 4486 2858 4486 2865 4487 2859 4487 2867 4487 2865 4488 2779 4488 2780 4488 2865 4489 2860 4489 2859 4489 2865 4490 2861 4490 2860 4490 2865 4491 2862 4491 2861 4491 2865 4492 2863 4492 2862 4492 2865 4493 2780 4493 2781 4493 2865 4494 2864 4494 2863 4494 2865 4495 1506 4495 1505 4495 2865 4496 1505 4496 2864 4496 2856 4497 2865 4497 2781 4497 2856 4498 2781 4498 1724 4498 2866 4499 1506 4499 2865 4499 2866 4500 2865 4500 2856 4500 1915 4501 1911 4501 2858 4501 2868 4502 2864 4502 1505 4502 1510 4503 2868 4503 1505 4503 1510 4504 1508 4504 2868 4504 2869 4505 1721 4505 2771 4505 2870 4506 2869 4506 2771 4506 2870 4507 2771 4507 2770 4507 2870 4508 2770 4508 2769 4508 2870 4509 1915 4509 2858 4509 2870 4510 2769 4510 1915 4510 2870 4511 2871 4511 2869 4511 2870 4512 1508 4512 2871 4512 2870 4513 2858 4513 2867 4513 2870 4514 2867 4514 2859 4514 2870 4515 2859 4515 2860 4515 2870 4516 2860 4516 2861 4516 2870 4517 2861 4517 2862 4517 2870 4518 2862 4518 2863 4518 2870 4519 2863 4519 2864 4519 2870 4520 2864 4520 2868 4520 2870 4521 2868 4521 1508 4521 2869 4522 1722 4522 1721 4522 2873 4523 2871 4523 1508 4523 2873 4524 1508 4524 2874 4524 2873 4525 2874 4525 2872 4525 2873 4526 2869 4526 2871 4526 2873 4527 2783 4527 2782 4527 2869 4528 2873 4528 2782 4528 2869 4529 2782 4529 1722 4529 1508 4530 1507 4530 2875 4530 2874 4531 1508 4531 2875 4531 1507 4532 1517 4532 2875 4532 2880 4533 1512 4533 1511 4533 2880 4534 1513 4534 1512 4534 2880 4535 1514 4535 1513 4535 2875 4536 2880 4536 2878 4536 2880 4537 1515 4537 1514 4537 2875 4538 1515 4538 2880 4538 2875 4539 2878 4539 2872 4539 2875 4540 2872 4540 2874 4540 2875 4541 1517 4541 1515 4541 1511 4542 1772 4542 2880 4542 2879 4543 2876 4543 2882 4543 2879 4544 2877 4544 2876 4544 2879 4545 2881 4545 2877 4545 2879 4546 1532 4546 1531 4546 2879 4547 1531 4547 2881 4547 2879 4548 2704 4548 1532 4548 2879 4549 2705 4549 2704 4549 2879 4550 2706 4550 2705 4550 2879 4551 2878 4551 2880 4551 2880 4552 2706 4552 2879 4552 2880 4553 2707 4553 2706 4553 2880 4554 2708 4554 2707 4554 2880 4555 1772 4555 2708 4555 2881 4556 1531 4556 1530 4556 2787 4557 2884 4557 2790 4557 2883 4558 2884 4558 2882 4558 2883 4559 2882 4559 2876 4559 2883 4560 2876 4560 2877 4560 2883 4561 2838 4561 2790 4561 2883 4562 2790 4562 2884 4562 2883 4563 2881 4563 1530 4563 2883 4564 1530 4564 2838 4564 2883 4565 2877 4565 2881 4565 2809 4566 2887 4566 2896 4566 2885 4567 1400 4567 1397 4567 2885 4568 1397 4568 1398 4568 2931 4569 2885 4569 2932 4569 2932 4570 2885 4570 1398 4570 1398 4571 2808 4571 2932 4571 2810 4572 1455 4572 2887 4572 2887 4573 1455 4573 2886 4573 2810 4574 2887 4574 2809 4574 1454 4575 2886 4575 1455 4575 2311 4576 2313 4576 3033 4576 2888 4577 2889 4577 1479 4577 2888 4578 1479 4578 1478 4578 2888 4579 2319 4579 2017 4579 2888 4580 1478 4580 3035 4580 2888 4581 2317 4581 2319 4581 3033 4582 2317 4582 2888 4582 3033 4583 2315 4583 2317 4583 3033 4584 2313 4584 2315 4584 2888 4585 3035 4585 3033 4585 2888 4586 2017 4586 2020 4586 2889 4587 1449 4587 1482 4587 2889 4588 2888 4588 2020 4588 2889 4589 1481 4589 1479 4589 2889 4590 1482 4590 1481 4590 2889 4591 2020 4591 2019 4591 2344 4592 2889 4592 2019 4592 1449 4593 2342 4593 2340 4593 2890 4594 1449 4594 2340 4594 2890 4595 2340 4595 2338 4595 2890 4596 2338 4596 2336 4596 2890 4597 2334 4597 2015 4597 2890 4598 1450 4598 1449 4598 2889 4599 2344 4599 2342 4599 2889 4600 2342 4600 1449 4600 2890 4601 2336 4601 2334 4601 1451 4602 1450 4602 2890 4602 2891 4603 2890 4603 2015 4603 2891 4604 2015 4604 2013 4604 2891 4605 1451 4605 2890 4605 2892 4606 2891 4606 2013 4606 2892 4607 1452 4607 1451 4607 2892 4608 1453 4608 1452 4608 2892 4609 1451 4609 2891 4609 2892 4610 1454 4610 1453 4610 2892 4611 2886 4611 1454 4611 2893 4612 2886 4612 2892 4612 2893 4613 2892 4613 2013 4613 2886 4614 2893 4614 2887 4614 2894 4615 2887 4615 2893 4615 2893 4616 2013 4616 2014 4616 2893 4617 2014 4617 2894 4617 2896 4618 2887 4618 2894 4618 2896 4619 1826 4619 2809 4619 2894 4620 2014 4620 2904 4620 2894 4621 2904 4621 2895 4621 2894 4622 2895 4622 2903 4622 2894 4623 2903 4623 2902 4623 2894 4624 2902 4624 2901 4624 2894 4625 2901 4625 2900 4625 2894 4626 2900 4626 2897 4626 2896 4627 2894 4627 2897 4627 2896 4628 2897 4628 2899 4628 2896 4629 2899 4629 2898 4629 2896 4630 2898 4630 1828 4630 2896 4631 1828 4631 1826 4631 1836 4632 1828 4632 2898 4632 2012 4633 2904 4633 2014 4633 2907 4634 2905 4634 1835 4634 2907 4635 2906 4635 2905 4635 2907 4636 2910 4636 2906 4636 2907 4637 2909 4637 2910 4637 2908 4638 2909 4638 2907 4638 2908 4639 2384 4639 1994 4639 2907 4640 2384 4640 2908 4640 2907 4641 1836 4641 2898 4641 2907 4642 1835 4642 1836 4642 2907 4643 2898 4643 2899 4643 2907 4644 2899 4644 2897 4644 2907 4645 2897 4645 2900 4645 2907 4646 2383 4646 2384 4646 2907 4647 2900 4647 2901 4647 2907 4648 2901 4648 2902 4648 2907 4649 2902 4649 2903 4649 2907 4650 2903 4650 2895 4650 2907 4651 2895 4651 2904 4651 2907 4652 2904 4652 2012 4652 2907 4653 2012 4653 2383 4653 2905 4654 1833 4654 1835 4654 1991 4655 2908 4655 1994 4655 2915 4656 2909 4656 1991 4656 2909 4657 2908 4657 1991 4657 2909 4658 2915 4658 2914 4658 2914 4659 2910 4659 2909 4659 2910 4660 2914 4660 2913 4660 2906 4661 2913 4661 2911 4661 2906 4662 2910 4662 2913 4662 2911 4663 2905 4663 2906 4663 2911 4664 2257 4664 1833 4664 2911 4665 1833 4665 2905 4665 2911 4666 2912 4666 1651 4666 2911 4667 1651 4667 2257 4667 1990 4668 2915 4668 1991 4668 2912 4669 2911 4669 1651 4669 2919 4670 2363 4670 2016 4670 2911 4671 2913 4671 2914 4671 2917 4672 2915 4672 1990 4672 2911 4673 2916 4673 1648 4673 2917 4674 2363 4674 2919 4674 2911 4675 2914 4675 2915 4675 2917 4676 2911 4676 2915 4676 2916 4677 2911 4677 2918 4677 2911 4678 2919 4678 2916 4678 2911 4679 2916 4679 2918 4679 2917 4680 2919 4680 2911 4680 1649 4681 1648 4681 2916 4681 2916 4682 2124 4682 1649 4682 2921 4683 2922 4683 1521 4683 2921 4684 1521 4684 2093 4684 2923 4685 2919 4685 2016 4685 2916 4686 2122 4686 2124 4686 2916 4687 2120 4687 2122 4687 2916 4688 2118 4688 2120 4688 2921 4689 2923 4689 2016 4689 2916 4690 2116 4690 2118 4690 2923 4691 2116 4691 2916 4691 2923 4692 2114 4692 2116 4692 2923 4693 2112 4693 2114 4693 2923 4694 2110 4694 2112 4694 2920 4695 2921 4695 2016 4695 2923 4696 2108 4696 2110 4696 2921 4697 2108 4697 2923 4697 2921 4698 2106 4698 2108 4698 2921 4699 2104 4699 2106 4699 2921 4700 2103 4700 2104 4700 2921 4701 2101 4701 2103 4701 2921 4702 2920 4702 2922 4702 2921 4703 2099 4703 2101 4703 2921 4704 2097 4704 2099 4704 2921 4705 2096 4705 2097 4705 2921 4706 2094 4706 2096 4706 2921 4707 2093 4707 2094 4707 2923 4708 2916 4708 2919 4708 2922 4709 1522 4709 1521 4709 2924 4710 2920 4710 2016 4710 2509 4711 2280 4711 2281 4711 2925 4712 2509 4712 1918 4712 2925 4713 2280 4713 2509 4713 2925 4714 2279 4714 2280 4714 2925 4715 2278 4715 2279 4715 2924 4716 2278 4716 2925 4716 2512 4717 2283 4717 2515 4717 2509 4718 2281 4718 2282 4718 2509 4719 2282 4719 2283 4719 2512 4720 2509 4720 2283 4720 2509 4721 2512 4721 2511 4721 2636 4722 2926 4722 2292 4722 2290 4723 2636 4723 2292 4723 2926 4724 1414 4724 1413 4724 2926 4725 2927 4725 2298 4725 2926 4726 2298 4726 2296 4726 2926 4727 2296 4727 2294 4727 2926 4728 2294 4728 2292 4728 2927 4729 1413 4729 1421 4729 2927 4730 1420 4730 1406 4730 2927 4731 1421 4731 1420 4731 2927 4732 2029 4732 2298 4732 2927 4733 2926 4733 1413 4733 2928 4734 2930 4734 2023 4734 2928 4735 2023 4735 2333 4735 2928 4736 1405 4736 1404 4736 1405 4737 2326 4737 2324 4737 1406 4738 1405 4738 2324 4738 1406 4739 2324 4739 2322 4739 1406 4740 2322 4740 2321 4740 2927 4741 1406 4741 2321 4741 2927 4742 2321 4742 2029 4742 2928 4743 2333 4743 2331 4743 2928 4744 2331 4744 2330 4744 2928 4745 2330 4745 2328 4745 1405 4746 2328 4746 2326 4746 1405 4747 2928 4747 2328 4747 1403 4748 2928 4748 1404 4748 2929 4749 2928 4749 1403 4749 2930 4750 2928 4750 2929 4750 2930 4751 2024 4751 2023 4751 2929 4752 1403 4752 1402 4752 2929 4753 1402 4753 1401 4753 2929 4754 1401 4754 1400 4754 2929 4755 1400 4755 2930 4755 2931 4756 2024 4756 2930 4756 2931 4757 1400 4757 2885 4757 2930 4758 1400 4758 2931 4758 2939 4759 2931 4759 2932 4759 2939 4760 2932 4760 1736 4760 2939 4761 1736 4761 2933 4761 2934 4762 2931 4762 2939 4762 2934 4763 2024 4763 2931 4763 2934 4764 2022 4764 2024 4764 2933 4765 2936 4765 2937 4765 2939 4766 2933 4766 2937 4766 2939 4767 2937 4767 2942 4767 2939 4768 2942 4768 2938 4768 2939 4769 2938 4769 2943 4769 2934 4770 2943 4770 2940 4770 2934 4771 2939 4771 2943 4771 2934 4772 2940 4772 2944 4772 2934 4773 2944 4773 2945 4773 2934 4774 2945 4774 2935 4774 2934 4775 2935 4775 2022 4775 2936 4776 2933 4776 1542 4776 2936 4777 1542 4777 2941 4777 2937 4778 2941 4778 2942 4778 2937 4779 2936 4779 2941 4779 2022 4780 2935 4780 2946 4780 2022 4781 2946 4781 2021 4781 2947 4782 2941 4782 1542 4782 2947 4783 1542 4783 1545 4783 2947 4784 2942 4784 2941 4784 2947 4785 2938 4785 2942 4785 2947 4786 2943 4786 2938 4786 2947 4787 2940 4787 2943 4787 2947 4788 2944 4788 2940 4788 2947 4789 2945 4789 2944 4789 2947 4790 2935 4790 2945 4790 2947 4791 2021 4791 2946 4791 2947 4792 2946 4792 2935 4792 2947 4793 2362 4793 2021 4793 2947 4794 1545 4794 2951 4794 2947 4795 2951 4795 2950 4795 2947 4796 2361 4796 2362 4796 2947 4797 2950 4797 2948 4797 2947 4798 2948 4798 2949 4798 2947 4799 2949 4799 2005 4799 2947 4800 2005 4800 2361 4800 2952 4801 2949 4801 2948 4801 2953 4802 2948 4802 2950 4802 2954 4803 2005 4803 2949 4803 1545 4804 2255 4804 2951 4804 2949 4805 2952 4805 2954 4805 2948 4806 2953 4806 2956 4806 2948 4807 2956 4807 2952 4807 2950 4808 2958 4808 2953 4808 2959 4809 2958 4809 2950 4809 2959 4810 2950 4810 2951 4810 2959 4811 1534 4811 2960 4811 2959 4812 2255 4812 1534 4812 2959 4813 2951 4813 2255 4813 2954 4814 2003 4814 2005 4814 2955 4815 2954 4815 2952 4815 2956 4816 2955 4816 2952 4816 2957 4817 2956 4817 2953 4817 2957 4818 2953 4818 2958 4818 1533 4819 2960 4819 1534 4819 2962 4820 2960 4820 1533 4820 2962 4821 2959 4821 2960 4821 2954 4822 2347 4822 2003 4822 2961 4823 2026 4823 2345 4823 2962 4824 2958 4824 2959 4824 2962 4825 2957 4825 2958 4825 2347 4826 2954 4826 2955 4826 2961 4827 2962 4827 2963 4827 2961 4828 2345 4828 2346 4828 2955 4829 2957 4829 2962 4829 2955 4830 2956 4830 2957 4830 2962 4831 2347 4831 2955 4831 2961 4832 2347 4832 2962 4832 2347 4833 2961 4833 2346 4833 2962 4834 1536 4834 1539 4834 2962 4835 1539 4835 2963 4835 2961 4836 2966 4836 2026 4836 2160 4837 2963 4837 1539 4837 2967 4838 2126 4838 1529 4838 2964 4839 2965 4839 2026 4839 2963 4840 2160 4840 2158 4840 2963 4841 2158 4841 2155 4841 2963 4842 2155 4842 2154 4842 2963 4843 2154 4843 2152 4843 2963 4844 2152 4844 2150 4844 2966 4845 2963 4845 2150 4845 2966 4846 2150 4846 2148 4846 2966 4847 2961 4847 2963 4847 2966 4848 2148 4848 2147 4848 2966 4849 2147 4849 2145 4849 2966 4850 2145 4850 2143 4850 2966 4851 2143 4851 2141 4851 2964 4852 2966 4852 2141 4852 2964 4853 2141 4853 2138 4853 2964 4854 2138 4854 2137 4854 2964 4855 2137 4855 2135 4855 2964 4856 2135 4856 2133 4856 2967 4857 2964 4857 2133 4857 2967 4858 2133 4858 2131 4858 2967 4859 2131 4859 2128 4859 2967 4860 2128 4860 2126 4860 2967 4861 2968 4861 2965 4861 2964 4862 2026 4862 2966 4862 2964 4863 2967 4863 2965 4863 2967 4864 1529 4864 1528 4864 2026 4865 2965 4865 2025 4865 2969 4866 2976 4866 1616 4866 2969 4867 1616 4867 2508 4867 2969 4868 2299 4868 2976 4868 2969 4869 2301 4869 2300 4869 2969 4870 2300 4870 2299 4870 2969 4871 2302 4871 2301 4871 2305 4872 2500 4872 1676 4872 2304 4873 2500 4873 2305 4873 2969 4874 2303 4874 2302 4874 2303 4875 2505 4875 2503 4875 2304 4876 2503 4876 2500 4876 2304 4877 2303 4877 2503 4877 2969 4878 2508 4878 2507 4878 2969 4879 2507 4879 2303 4879 2303 4880 2507 4880 2505 4880 2968 4881 2970 4881 2965 4881 2025 4882 2965 4882 2970 4882 2976 4883 2299 4883 2970 4883 2025 4884 2970 4884 2299 4884 2978 4885 2968 4885 1528 4885 1528 4886 2968 4886 2967 4886 2971 4887 2968 4887 2978 4887 2979 4888 2968 4888 2971 4888 2972 4889 2970 4889 2979 4889 2979 4890 2970 4890 2968 4890 2973 4891 2970 4891 2972 4891 2974 4892 2970 4892 2973 4892 2975 4893 2970 4893 2974 4893 2975 4894 2976 4894 2970 4894 1613 4895 2976 4895 2977 4895 1527 4896 2978 4896 1528 4896 2975 4897 2980 4897 2976 4897 2976 4898 2980 4898 2977 4898 2977 4899 1614 4899 1613 4899 2559 4900 2982 4900 1959 4900 2565 4901 2982 4901 2559 4901 2974 4902 2980 4902 2975 4902 2973 4903 2980 4903 2974 4903 2972 4904 2981 4904 2973 4904 2973 4905 2981 4905 2980 4905 2979 4906 2981 4906 2972 4906 2971 4907 1526 4907 2979 4907 2979 4908 1526 4908 2981 4908 2978 4909 1526 4909 2971 4909 1527 4910 1526 4910 2978 4910 2564 4911 3098 4911 2565 4911 2977 4912 2980 4912 1614 4912 1614 4913 2980 4913 2560 4913 2980 4914 2981 4914 2561 4914 2981 4915 1524 4915 2562 4915 2562 4916 1524 4916 2563 4916 1524 4917 3098 4917 2563 4917 2563 4918 3098 4918 2564 4918 2560 4919 2980 4919 2561 4919 2562 4920 2561 4920 2981 4920 1524 4921 2981 4921 1526 4921 2982 4922 1958 4922 1959 4922 2982 4923 2434 4923 1958 4923 2432 4924 2983 4924 1989 4924 2982 4925 2984 4925 2434 4925 2434 4926 2984 4926 2433 4926 2433 4927 2984 4927 2430 4927 2432 4928 2985 4928 2983 4928 2984 4929 2985 4929 2430 4929 2430 4930 2985 4930 2432 4930 1606 4931 2985 4931 2984 4931 1607 4932 2985 4932 1606 4932 2983 4933 1988 4933 1989 4933 1988 4934 2988 4934 2488 4934 2983 4935 2988 4935 1988 4935 1607 4936 2988 4936 2985 4936 2987 4937 2990 4937 2996 4937 2985 4938 2988 4938 2983 4938 2992 4939 2989 4939 2490 4939 1608 4940 2990 4940 1607 4940 2994 4941 2992 4941 2995 4941 2995 4942 2992 4942 2986 4942 2986 4943 2992 4943 2987 4943 2987 4944 2992 4944 2990 4944 2996 4945 2990 4945 2997 4945 2997 4946 2990 4946 2998 4946 2998 4947 2990 4947 2991 4947 2991 4948 2990 4948 1608 4948 2488 4949 2988 4949 2489 4949 2988 4950 2992 4950 2489 4950 2489 4951 2992 4951 2490 4951 1607 4952 2990 4952 2988 4952 2990 4953 2992 4953 2988 4953 2490 4954 2989 4954 1688 4954 2994 4955 2989 4955 2992 4955 1684 4956 1688 4956 2993 4956 1688 4957 2989 4957 2993 4957 2993 4958 2989 4958 2994 4958 2998 4959 2991 4959 2999 4959 2999 4960 1608 4960 1610 4960 2991 4961 1608 4961 2999 4961 2993 4962 3000 4962 1684 4962 1610 4963 2694 4963 2999 4963 2665 4964 1352 4964 3008 4964 2993 4965 3001 4965 3000 4965 2994 4966 3001 4966 2993 4966 3000 4967 3001 4967 3005 4967 2995 4968 3001 4968 2994 4968 3001 4969 3002 4969 3005 4969 2986 4970 3001 4970 2995 4970 2987 4971 3001 4971 2986 4971 2996 4972 3001 4972 2987 4972 3005 4973 3002 4973 3006 4973 2997 4974 3001 4974 2996 4974 2998 4975 3001 4975 2997 4975 2999 4976 3001 4976 2998 4976 2694 4977 3001 4977 2999 4977 2693 4978 3001 4978 2694 4978 2691 4979 3001 4979 2693 4979 2689 4980 3001 4980 2691 4980 3006 4981 3002 4981 3009 4981 2685 4982 3001 4982 2687 4982 2687 4983 3001 4983 2689 4983 2684 4984 3001 4984 2685 4984 2684 4985 3002 4985 3001 4985 2683 4986 3002 4986 2684 4986 2682 4987 3002 4987 2683 4987 2680 4988 3002 4988 2682 4988 3009 4989 3002 4989 3007 4989 2678 4990 3002 4990 2680 4990 3002 4991 3003 4991 3007 4991 2676 4992 3002 4992 2678 4992 3007 4993 3003 4993 3004 4993 2674 4994 3002 4994 2675 4994 2675 4995 3002 4995 2676 4995 2674 4996 3003 4996 3002 4996 2673 4997 3003 4997 2674 4997 2672 4998 3003 4998 2673 4998 2671 4999 3003 4999 2672 4999 2669 5000 3003 5000 2671 5000 2667 5001 3003 5001 2669 5001 3004 5002 3003 5002 3008 5002 3008 5003 3003 5003 2665 5003 2665 5004 3003 5004 2667 5004 1684 5005 3000 5005 1685 5005 3008 5006 1352 5006 1371 5006 2627 5007 3011 5007 1689 5007 1685 5008 3010 5008 2624 5008 3000 5009 3010 5009 1685 5009 3005 5010 3010 5010 3000 5010 3006 5011 3010 5011 3005 5011 2624 5012 3010 5012 2625 5012 3006 5013 3009 5013 3010 5013 2625 5014 3010 5014 2626 5014 2626 5015 3010 5015 2627 5015 2627 5016 3010 5016 3011 5016 3009 5017 3013 5017 3010 5017 3011 5018 3010 5018 3012 5018 3007 5019 3013 5019 3009 5019 3004 5020 3013 5020 3007 5020 3012 5021 3010 5021 3017 5021 3008 5022 3013 5022 3004 5022 3010 5023 3013 5023 3017 5023 3017 5024 3013 5024 3018 5024 1371 5025 3013 5025 3008 5025 3018 5026 3013 5026 3019 5026 3019 5027 3013 5027 3021 5027 3021 5028 3013 5028 3014 5028 3014 5029 3013 5029 1371 5029 1689 5030 3011 5030 3015 5030 3015 5031 3011 5031 3016 5031 3011 5032 3012 5032 3016 5032 3014 5033 1371 5033 1386 5033 3022 5034 3018 5034 3024 5034 3022 5035 3017 5035 3018 5035 3019 5036 3021 5036 3024 5036 3019 5037 3024 5037 3018 5037 3017 5038 3022 5038 3012 5038 3012 5039 3022 5039 3016 5039 1392 5040 3020 5040 1386 5040 3016 5041 3022 5041 2468 5041 3025 5042 2468 5042 3022 5042 1386 5043 3020 5043 3023 5043 2467 5044 3025 5044 3026 5044 2468 5045 3015 5045 3016 5045 3023 5046 3025 5046 3024 5046 3021 5047 3023 5047 3024 5047 3023 5048 3020 5048 3025 5048 2467 5049 2468 5049 3025 5049 3024 5050 3025 5050 3022 5050 1386 5051 3023 5051 3014 5051 3014 5052 3023 5052 3021 5052 3031 5053 2649 5053 3026 5053 3026 5054 3020 5054 1392 5054 3026 5055 3025 5055 3020 5055 2648 5056 2649 5056 3031 5056 3026 5057 3027 5057 3031 5057 3027 5058 3029 5058 3031 5058 3029 5059 3028 5059 3032 5059 3027 5060 3028 5060 3029 5060 3031 5061 3029 5061 3030 5061 3032 5062 3028 5062 1414 5062 3030 5063 2637 5063 3031 5063 3032 5064 1414 5064 2636 5064 2636 5065 2638 5065 3032 5065 2638 5066 3030 5066 3032 5066 3032 5067 3030 5067 3029 5067 2637 5068 3030 5068 2638 5068 2638 5069 2636 5069 2639 5069 2926 5070 2636 5070 1414 5070 2663 5071 2664 5071 3033 5071 2663 5072 3036 5072 2662 5072 3033 5073 3036 5073 2663 5073 3033 5074 3035 5074 3036 5074 1926 5075 3036 5075 3034 5075 1478 5076 3037 5076 3035 5076 3034 5077 3036 5077 3037 5077 3037 5078 3036 5078 3035 5078 2662 5079 3036 5079 2659 5079 3037 5080 1478 5080 3038 5080 3034 5081 3037 5081 3038 5081 2652 5082 3034 5082 3038 5082 2652 5083 3038 5083 2651 5083 3041 5084 2481 5084 3040 5084 3038 5085 3039 5085 3040 5085 2651 5086 3038 5086 3040 5086 3040 5087 3039 5087 1341 5087 3040 5088 2481 5088 2651 5088 2650 5089 2651 5089 2481 5089 3041 5090 3043 5090 2481 5090 1326 5091 3041 5091 1341 5091 1326 5092 3046 5092 3041 5092 3044 5093 3042 5093 2480 5093 3043 5094 3044 5094 2480 5094 3042 5095 3049 5095 3048 5095 1341 5096 3041 5096 3040 5096 3043 5097 2480 5097 2481 5097 3044 5098 3049 5098 3042 5098 3047 5099 3044 5099 3043 5099 3052 5100 3046 5100 1326 5100 3041 5101 3047 5101 3043 5101 1928 5102 3042 5102 3048 5102 3045 5103 3046 5103 3051 5103 3041 5104 3046 5104 3045 5104 3044 5105 3047 5105 3050 5105 3045 5106 3047 5106 3041 5106 3050 5107 3049 5107 3044 5107 3052 5108 1326 5108 1305 5108 3059 5109 3053 5109 3068 5109 3068 5110 3053 5110 3054 5110 3053 5111 1305 5111 3054 5111 1928 5112 3055 5112 2633 5112 3048 5113 3055 5113 1928 5113 2633 5114 3055 5114 2634 5114 3049 5115 3055 5115 3048 5115 3050 5116 3055 5116 3049 5116 2634 5117 3055 5117 2635 5117 3047 5118 3053 5118 3050 5118 3050 5119 3053 5119 3055 5119 3045 5120 3053 5120 3047 5120 2635 5121 3055 5121 1932 5121 1932 5122 3055 5122 3056 5122 3056 5123 3055 5123 3058 5123 3051 5124 3053 5124 3045 5124 3046 5125 3053 5125 3051 5125 3058 5126 3055 5126 3057 5126 3052 5127 3053 5127 3046 5127 1305 5128 3053 5128 3052 5128 3057 5129 3053 5129 3059 5129 3055 5130 3053 5130 3057 5130 1932 5131 3056 5131 1930 5131 3054 5132 1305 5132 1307 5132 1611 5133 3060 5133 2695 5133 1930 5134 3056 5134 3061 5134 2668 5135 3054 5135 2666 5135 2666 5136 3054 5136 1307 5136 3060 5137 3064 5137 2695 5137 2695 5138 3064 5138 2693 5138 2693 5139 3064 5139 2692 5139 3062 5140 3064 5140 3060 5140 3063 5141 3064 5141 3062 5141 2692 5142 3064 5142 2690 5142 2690 5143 3064 5143 2688 5143 2688 5144 3064 5144 2686 5144 3072 5145 3064 5145 3063 5145 2686 5146 3064 5146 2684 5146 3073 5147 3064 5147 3072 5147 2684 5148 3064 5148 2683 5148 3073 5149 3067 5149 3064 5149 3074 5150 3067 5150 3073 5150 3064 5151 3069 5151 2683 5151 2683 5152 3069 5152 2682 5152 2682 5153 3069 5153 2681 5153 3075 5154 3067 5154 3074 5154 2681 5155 3069 5155 2679 5155 2679 5156 3069 5156 2677 5156 3065 5157 3067 5157 3075 5157 3067 5158 3069 5158 3064 5158 2677 5159 3069 5159 2675 5159 3066 5160 3067 5160 3065 5160 2675 5161 3069 5161 2674 5161 3061 5162 3067 5162 3066 5162 2674 5163 3069 5163 2673 5163 2673 5164 3069 5164 2672 5164 3056 5165 3067 5165 3061 5165 3069 5166 3068 5166 2672 5166 2672 5167 3068 5167 2671 5167 2671 5168 3068 5168 2670 5168 3058 5169 3067 5169 3056 5169 2670 5170 3068 5170 2668 5170 2668 5171 3068 5171 3054 5171 3058 5172 3069 5172 3067 5172 3057 5173 3069 5173 3058 5173 3068 5174 3069 5174 3059 5174 3059 5175 3069 5175 3057 5175 1609 5176 3070 5176 1611 5176 1611 5177 3070 5177 3060 5177 3070 5178 3062 5178 3060 5178 3063 5179 3071 5179 3072 5179 3075 5180 3076 5180 3065 5180 3076 5181 3077 5181 3065 5181 3065 5182 3077 5182 3066 5182 3066 5183 3077 5183 3061 5183 3061 5184 1933 5184 1930 5184 3076 5185 3079 5185 3078 5185 3075 5186 3079 5186 3076 5186 3074 5187 3079 5187 3075 5187 3073 5188 3079 5188 3074 5188 3070 5189 1604 5189 3062 5189 1609 5190 1604 5190 3070 5190 2496 5191 3080 5191 1976 5191 1976 5192 3080 5192 3081 5192 3061 5193 3077 5193 1933 5193 3078 5194 3077 5194 3076 5194 1933 5195 3077 5195 2492 5195 2492 5196 3077 5196 3078 5196 3071 5197 1604 5197 3072 5197 3063 5198 1604 5198 3071 5198 3062 5199 1604 5199 3063 5199 3072 5200 1604 5200 3073 5200 3079 5201 3080 5201 2494 5201 2494 5202 3080 5202 2496 5202 3073 5203 1604 5203 3079 5203 2492 5204 3079 5204 2494 5204 3079 5205 1604 5205 3080 5205 3078 5206 3079 5206 2492 5206 1976 5207 3081 5207 1977 5207 3081 5208 2435 5208 1977 5208 1604 5209 3081 5209 3080 5209 2436 5210 3081 5210 2437 5210 3081 5211 2439 5211 2437 5211 1603 5212 2439 5212 3081 5212 1612 5213 2439 5213 1603 5213 2435 5214 3081 5214 2436 5214 1603 5215 3081 5215 1604 5215 1943 5216 1945 5216 3082 5216 1945 5217 2439 5217 3082 5217 2439 5218 1612 5218 3082 5218 3082 5219 2580 5219 1943 5219 3082 5220 3120 5220 2580 5220 2580 5221 3120 5221 2579 5221 2579 5222 3120 5222 2578 5222 2573 5223 1519 5223 2571 5223 1519 5224 3085 5224 2571 5224 2567 5225 3088 5225 1920 5225 1920 5226 3088 5226 3083 5226 3083 5227 3088 5227 3084 5227 3096 5228 3087 5228 1523 5228 3120 5229 1519 5229 2578 5229 2578 5230 1519 5230 2575 5230 2575 5231 1519 5231 2573 5231 2571 5232 3085 5232 2569 5232 3084 5233 3088 5233 3091 5233 3091 5234 3088 5234 3086 5234 3086 5235 3088 5235 3092 5235 3092 5236 3088 5236 3089 5236 3093 5237 3087 5237 3094 5237 2569 5238 3085 5238 2567 5238 1519 5239 3087 5239 3085 5239 3085 5240 3088 5240 2567 5240 1523 5241 3087 5241 1519 5241 3089 5242 3088 5242 3093 5242 3093 5243 3088 5243 3087 5243 3088 5244 3085 5244 3087 5244 1919 5245 1920 5245 3090 5245 1920 5246 3083 5246 3090 5246 3094 5247 3087 5247 3095 5247 3095 5248 3087 5248 3096 5248 3096 5249 1523 5249 1522 5249 3097 5250 1522 5250 2922 5250 3097 5251 3096 5251 1522 5251 3097 5252 3095 5252 3096 5252 3097 5253 3094 5253 3095 5253 3097 5254 3093 5254 3094 5254 3097 5255 3089 5255 3093 5255 3097 5256 3092 5256 3089 5256 3097 5257 3086 5257 3092 5257 3097 5258 3091 5258 3086 5258 3097 5259 3084 5259 3091 5259 2925 5260 3084 5260 3097 5260 2925 5261 3083 5261 3084 5261 2925 5262 3090 5262 3083 5262 2925 5263 1919 5263 3090 5263 2920 5264 2924 5264 2922 5264 2925 5265 3097 5265 2924 5265 2922 5266 2924 5266 3097 5266 1618 5267 3098 5267 1617 5267 3098 5268 1524 5268 1525 5268 3098 5269 1618 5269 1619 5269 3099 5270 2136 5270 2139 5270 3099 5271 2130 5271 2132 5271 3099 5272 2129 5272 2130 5272 3098 5273 2127 5273 2129 5273 3098 5274 2129 5274 3099 5274 3098 5275 1525 5275 2127 5275 2011 5276 3099 5276 3100 5276 3099 5277 2011 5277 1617 5277 1617 5278 3098 5278 3099 5278 3099 5279 2134 5279 2136 5279 3099 5280 2132 5280 2134 5280 3102 5281 3098 5281 1619 5281 3102 5282 2565 5282 3098 5282 2159 5283 1538 5283 3101 5283 3099 5284 2140 5284 2142 5284 3099 5285 2139 5285 2140 5285 3101 5286 2157 5286 2159 5286 3100 5287 2144 5287 2146 5287 3099 5288 2144 5288 3100 5288 3099 5289 2142 5289 2144 5289 3100 5290 2156 5290 2157 5290 3100 5291 2157 5291 3101 5291 3100 5292 2153 5292 2156 5292 3100 5293 3107 5293 2011 5293 3100 5294 3101 5294 3107 5294 3100 5295 2151 5295 2153 5295 3100 5296 2149 5296 2151 5296 3100 5297 2146 5297 2149 5297 3102 5298 2982 5298 2565 5298 1620 5299 3102 5299 1619 5299 3102 5300 2984 5300 2982 5300 1538 5301 3106 5301 3101 5301 1606 5302 2984 5302 3102 5302 3102 5303 1620 5303 1621 5303 3103 5304 3102 5304 1621 5304 1622 5305 3103 5305 1621 5305 1623 5306 3103 5306 1622 5306 3102 5307 3103 5307 3104 5307 3104 5308 1606 5308 3102 5308 3104 5309 3103 5309 1623 5309 3104 5310 1623 5310 1624 5310 3104 5311 1624 5311 1625 5311 1627 5312 3104 5312 1625 5312 3105 5313 3104 5313 1627 5313 2410 5314 2011 5314 3107 5314 3106 5315 1540 5315 3111 5315 3107 5316 3106 5316 3110 5316 2410 5317 3110 5317 2002 5317 3107 5318 3101 5318 3106 5318 3106 5319 1537 5319 1540 5319 2410 5320 3107 5320 3110 5320 1606 5321 3104 5321 1605 5321 3105 5322 1605 5322 3104 5322 3108 5323 1627 5323 1626 5323 3113 5324 3108 5324 1626 5324 3105 5325 2177 5325 2173 5325 3108 5326 2177 5326 3105 5326 1627 5327 3108 5327 3105 5327 2259 5328 1564 5328 3109 5328 3110 5329 3112 5329 2002 5329 3110 5330 3109 5330 3112 5330 3109 5331 2261 5331 2259 5331 3111 5332 3109 5332 3110 5332 3111 5333 2261 5333 3109 5333 3111 5334 2263 5334 2261 5334 3111 5335 3110 5335 3106 5335 3111 5336 1540 5336 2263 5336 3113 5337 1558 5337 2179 5337 3113 5338 2179 5338 3108 5338 1564 5339 1562 5339 3109 5339 3109 5340 1562 5340 3112 5340 2405 5341 2409 5341 2002 5341 2405 5342 2002 5342 3112 5342 3113 5343 1626 5343 2405 5343 3113 5344 3112 5344 1562 5344 3113 5345 1562 5345 1560 5345 3113 5346 1560 5346 1558 5346 3112 5347 3113 5347 2405 5347 1612 5348 1600 5348 3119 5348 3121 5349 1668 5349 1669 5349 3122 5350 3121 5350 1669 5350 3114 5351 3122 5351 1669 5351 3115 5352 3122 5352 3114 5352 3115 5353 1600 5353 3122 5353 3115 5354 3114 5354 1670 5354 3115 5355 1670 5355 1671 5355 3116 5356 3115 5356 1671 5356 3116 5357 1600 5357 3115 5357 3116 5358 1671 5358 3117 5358 3116 5359 3117 5359 1672 5359 1673 5360 3116 5360 1672 5360 3119 5361 1600 5361 3116 5361 3119 5362 3116 5362 3120 5362 3120 5363 3116 5363 1673 5363 3119 5364 3082 5364 1612 5364 3120 5365 1673 5365 3118 5365 2228 5366 3122 5366 1600 5366 3120 5367 3082 5367 3119 5367 2227 5368 1653 5368 3128 5368 3122 5369 2229 5369 3123 5369 3122 5370 2228 5370 2229 5370 2227 5371 3128 5371 3127 5371 3127 5372 2225 5372 2227 5372 3123 5373 3127 5373 3121 5373 3123 5374 2225 5374 3127 5374 3122 5375 3123 5375 3121 5375 3124 5376 3118 5376 1674 5376 3124 5377 3120 5377 3118 5377 3124 5378 1519 5378 3120 5378 3124 5379 1520 5379 1519 5379 3127 5380 2006 5380 3121 5380 3125 5381 3124 5381 1675 5381 3124 5382 2093 5382 1520 5382 3124 5383 2092 5383 2093 5383 1674 5384 1675 5384 3124 5384 3125 5385 3126 5385 3124 5385 3124 5386 2095 5386 2092 5386 3126 5387 2095 5387 3124 5387 3126 5388 2098 5388 2095 5388 3126 5389 2100 5389 2098 5389 3126 5390 2102 5390 2100 5390 3128 5391 3130 5391 1996 5391 3128 5392 2390 5392 2006 5392 3128 5393 2006 5393 3127 5393 3128 5394 1996 5394 2390 5394 3130 5395 3128 5395 1653 5395 3130 5396 1653 5396 1658 5396 3130 5397 1658 5397 1656 5397 1650 5398 2125 5398 3129 5398 3126 5399 2105 5399 2102 5399 3126 5400 2107 5400 2105 5400 3126 5401 2109 5401 2107 5401 3129 5402 2123 5402 2121 5402 3129 5403 2125 5403 2123 5403 3126 5404 2111 5404 2109 5404 3126 5405 2113 5405 2111 5405 3129 5406 2121 5406 2119 5406 3129 5407 3126 5407 3125 5407 3126 5408 2115 5408 2113 5408 3129 5409 2115 5409 3126 5409 3129 5410 2117 5410 2115 5410 3129 5411 2119 5411 2117 5411 1656 5412 1655 5412 3130 5412 3130 5413 1997 5413 1996 5413 3130 5414 1655 5414 3132 5414 3129 5415 3132 5415 1650 5415 3132 5416 3133 5416 3131 5416 3130 5417 3131 5417 1997 5417 3130 5418 3132 5418 3131 5418 3132 5419 2249 5419 2246 5419 3132 5420 2251 5420 2249 5420 3132 5421 2253 5421 2251 5421 3132 5422 1655 5422 2253 5422 3129 5423 3133 5423 3132 5423 3133 5424 3134 5424 3131 5424 3125 5425 3134 5425 3133 5425 3125 5426 3133 5426 3129 5426 3125 5427 1675 5427 3134 5427 3135 5428 2183 5428 2184 5428 3135 5429 2181 5429 2183 5429 3135 5430 2184 5430 3136 5430 3135 5431 1602 5431 2181 5431 3135 5432 2007 5432 1637 5432 3136 5433 1567 5433 3142 5433 3136 5434 3142 5434 2007 5434 3136 5435 2007 5435 3135 5435 3135 5436 1637 5436 1638 5436 1639 5437 3135 5437 1638 5437 3137 5438 3135 5438 1639 5438 3138 5439 1639 5439 1640 5439 3138 5440 3137 5440 1639 5440 3138 5441 1640 5441 1641 5441 3138 5442 3135 5442 3137 5442 3138 5443 1641 5443 1642 5443 1644 5444 1642 5444 1643 5444 3139 5445 1601 5445 3135 5445 3139 5446 3135 5446 3138 5446 3139 5447 3138 5447 1642 5447 3140 5448 1601 5448 3139 5448 3139 5449 1642 5449 3140 5449 3140 5450 1642 5450 1644 5450 1645 5451 3140 5451 1644 5451 3140 5452 1645 5452 1646 5452 3141 5453 3140 5453 1646 5453 3141 5454 1646 5454 2008 5454 3141 5455 1601 5455 3140 5455 1566 5456 3142 5456 1567 5456 1601 5457 3141 5457 1599 5457 3142 5458 1566 5458 1572 5458 3144 5459 1572 5459 1570 5459 3144 5460 3142 5460 1572 5460 3142 5461 1999 5461 2007 5461 1999 5462 3142 5462 3144 5462 1660 5463 2244 5463 3148 5463 2242 5464 3141 5464 2008 5464 3148 5465 2242 5465 2008 5465 3148 5466 2244 5466 2242 5466 3143 5467 3141 5467 2242 5467 3144 5468 1998 5468 1999 5468 3147 5469 3144 5469 1570 5469 3147 5470 1570 5470 1569 5470 3145 5471 2272 5471 1667 5471 3145 5472 1667 5472 3146 5472 3145 5473 1998 5473 3144 5473 3147 5474 3145 5474 3144 5474 3145 5475 2275 5475 2272 5475 3147 5476 2275 5476 3145 5476 3147 5477 2277 5477 2275 5477 3147 5478 1569 5478 2277 5478 2392 5479 2391 5479 3145 5479 3148 5480 2008 5480 2392 5480 3146 5481 1665 5481 1663 5481 2392 5482 3145 5482 3146 5482 3146 5483 1663 5483 1661 5483 3146 5484 1661 5484 1660 5484 3148 5485 3146 5485 1660 5485 2392 5486 3146 5486 3148 5486 1667 5487 1665 5487 3146 5487 3145 5488 2391 5488 1998 5488 2010 5489 1628 5489 3151 5489 2162 5490 3151 5490 3152 5490 3149 5491 2171 5491 2161 5491 3151 5492 2162 5492 2164 5492 3151 5493 3149 5493 2010 5493 3149 5494 2166 5494 2167 5494 3151 5495 2164 5495 2166 5495 3149 5496 2161 5496 3150 5496 3149 5497 2167 5497 2171 5497 3151 5498 2166 5498 3149 5498 3151 5499 1628 5499 1629 5499 3152 5500 3151 5500 1629 5500 3152 5501 1629 5501 2400 5501 3153 5502 3152 5502 1630 5502 3153 5503 1630 5503 1631 5503 3153 5504 3156 5504 3152 5504 3154 5505 3153 5505 1631 5505 3155 5506 3153 5506 3154 5506 3155 5507 3154 5507 1632 5507 3155 5508 3156 5508 3153 5508 3155 5509 1632 5509 1633 5509 3155 5510 1633 5510 1634 5510 3156 5511 3155 5511 1634 5511 3156 5512 1634 5512 1635 5512 3156 5513 1635 5513 1636 5513 3156 5514 3160 5514 3157 5514 3156 5515 3157 5515 2214 5515 3150 5516 2161 5516 1551 5516 3150 5517 1551 5517 1556 5517 3150 5518 1556 5518 1554 5518 3150 5519 1554 5519 3162 5519 2010 5520 3149 5520 3150 5520 2010 5521 2398 5521 2009 5521 3150 5522 2398 5522 2010 5522 3150 5523 2001 5523 2398 5523 1582 5524 3158 5524 3159 5524 3160 5525 3156 5525 1636 5525 3160 5526 1636 5526 3159 5526 3160 5527 2221 5527 3157 5527 2221 5528 3160 5528 3159 5528 3159 5529 3158 5529 2221 5529 1554 5530 1553 5530 3162 5530 3161 5531 2001 5531 3150 5531 3161 5532 2000 5532 2001 5532 3163 5533 1553 5533 2271 5533 3162 5534 3161 5534 3150 5534 3163 5535 3162 5535 1553 5535 3161 5536 3165 5536 2000 5536 3164 5537 3165 5537 3161 5537 3163 5538 3164 5538 3161 5538 3164 5539 2267 5539 2265 5539 3163 5540 2267 5540 3164 5540 3163 5541 2269 5541 2267 5541 3163 5542 3161 5542 3162 5542 3163 5543 2271 5543 2269 5543 3159 5544 1636 5544 2404 5544 3164 5545 1587 5545 1583 5545 3164 5546 1582 5546 3159 5546 3164 5547 1583 5547 1582 5547 3159 5548 3165 5548 3164 5548 3159 5549 2404 5549 3165 5549 3164 5550 2265 5550 1587 5550 1182 5551 3167 5551 1183 5551 3166 5552 3169 5552 2053 5552 1183 5553 3167 5553 3166 5553 1215 5554 3167 5554 1182 5554 2053 5555 3169 5555 2055 5555 3167 5556 3168 5556 3166 5556 3166 5557 3168 5557 3169 5557 1215 5558 3168 5558 3167 5558 1215 5559 3170 5559 3168 5559 3168 5560 3173 5560 3169 5560 3168 5561 3171 5561 3173 5561 3170 5562 3171 5562 3168 5562 1217 5563 3170 5563 1215 5563 1217 5564 3171 5564 3170 5564 1219 5565 3171 5565 1217 5565 3169 5566 3172 5566 2055 5566 1221 5567 3171 5567 1219 5567 3173 5568 3172 5568 3169 5568 1221 5569 3173 5569 3171 5569 1223 5570 3173 5570 1221 5570 3173 5571 3174 5571 3172 5571 1225 5572 3173 5572 1223 5572 1225 5573 3174 5573 3173 5573 1227 5574 3174 5574 1225 5574 1227 5575 3176 5575 3174 5575 3174 5576 3175 5576 3172 5576 1229 5577 3176 5577 1227 5577 3172 5578 3177 5578 2055 5578 3172 5579 3175 5579 3177 5579 3174 5580 3176 5580 3175 5580 1231 5581 3176 5581 1229 5581 2055 5582 3177 5582 2057 5582 3176 5583 3178 5583 3175 5583 1233 5584 3178 5584 1231 5584 1231 5585 3178 5585 3176 5585 3175 5586 3178 5586 3177 5586 1234 5587 3178 5587 1233 5587 3178 5588 3179 5588 3177 5588 3178 5589 3180 5589 3179 5589 1234 5590 3180 5590 3178 5590 1236 5591 3180 5591 1234 5591 3177 5592 3179 5592 2057 5592 1238 5593 3180 5593 1236 5593 2057 5594 3179 5594 2058 5594 3179 5595 3181 5595 2058 5595 3180 5596 3181 5596 3179 5596 1238 5597 3181 5597 3180 5597 2058 5598 3181 5598 3298 5598 1240 5599 3181 5599 1238 5599 3181 5600 3182 5600 3296 5600 1240 5601 3182 5601 3181 5601 1241 5602 3182 5602 1240 5602 3187 5603 3183 5603 3302 5603 3184 5604 3189 5604 1594 5604 3184 5605 3185 5605 3189 5605 3184 5606 3186 5606 3185 5606 3184 5607 3309 5607 3186 5607 3186 5608 3309 5608 1187 5608 3309 5609 3187 5609 1187 5609 1594 5610 3189 5610 1593 5610 3185 5611 3188 5611 3189 5611 1187 5612 3188 5612 3186 5612 3186 5613 3188 5613 3185 5613 1187 5614 3191 5614 3188 5614 3188 5615 3191 5615 3189 5615 1188 5616 3191 5616 1187 5616 1190 5617 3191 5617 1188 5617 3189 5618 3190 5618 1593 5618 3189 5619 3191 5619 3190 5619 1192 5620 3191 5620 1190 5620 3190 5621 3194 5621 3192 5621 3191 5622 3194 5622 3190 5622 1194 5623 3194 5623 1192 5623 1192 5624 3194 5624 3191 5624 3190 5625 3193 5625 1593 5625 3190 5626 3192 5626 3193 5626 1593 5627 3193 5627 1589 5627 1196 5628 3194 5628 1194 5628 1196 5629 3192 5629 3194 5629 1198 5630 3192 5630 1196 5630 1200 5631 3192 5631 1198 5631 1202 5632 3192 5632 1200 5632 3193 5633 3196 5633 1589 5633 3192 5634 3195 5634 3193 5634 1202 5635 3195 5635 3192 5635 1204 5636 3195 5636 1202 5636 3193 5637 3197 5637 3196 5637 3195 5638 3197 5638 3193 5638 1206 5639 3195 5639 1204 5639 3195 5640 3198 5640 3197 5640 1206 5641 3198 5641 3195 5641 1208 5642 3198 5642 1206 5642 1210 5643 3198 5643 1208 5643 1589 5644 3196 5644 1592 5644 3196 5645 3197 5645 1592 5645 1180 5646 3198 5646 1210 5646 3197 5647 3198 5647 1179 5647 1179 5648 3198 5648 1180 5648 1237 5649 3200 5649 3199 5649 3201 5650 3200 5650 1237 5650 3201 5651 2085 5651 2087 5651 3201 5652 2087 5652 3200 5652 3202 5653 1235 5653 3203 5653 3202 5654 1237 5654 1235 5654 3202 5655 3201 5655 1237 5655 3202 5656 2085 5656 3201 5656 3202 5657 2083 5657 2085 5657 3204 5658 3202 5658 3203 5658 3204 5659 2083 5659 3202 5659 3205 5660 2083 5660 3204 5660 3206 5661 3203 5661 1232 5661 3206 5662 3204 5662 3203 5662 3204 5663 2080 5663 3205 5663 3206 5664 1232 5664 1230 5664 3207 5665 3206 5665 1230 5665 3207 5666 1230 5666 1228 5666 3208 5667 2080 5667 3204 5667 3208 5668 3204 5668 3206 5668 3208 5669 3206 5669 3207 5669 3208 5670 2078 5670 2080 5670 3209 5671 1228 5671 1226 5671 3209 5672 3207 5672 1228 5672 3208 5673 2076 5673 2078 5673 3207 5674 2076 5674 3208 5674 3211 5675 1226 5675 1224 5675 3211 5676 3209 5676 1226 5676 3207 5677 2074 5677 2076 5677 3209 5678 2074 5678 3207 5678 3211 5679 1224 5679 1222 5679 3210 5680 3209 5680 3211 5680 3209 5681 2072 5681 2074 5681 3210 5682 2072 5682 3209 5682 3211 5683 1222 5683 1220 5683 3210 5684 2070 5684 2072 5684 3210 5685 3211 5685 1220 5685 3212 5686 1220 5686 1218 5686 3212 5687 3210 5687 1220 5687 3212 5688 2068 5688 2070 5688 3212 5689 2070 5689 3210 5689 3213 5690 1218 5690 1216 5690 3213 5691 3212 5691 1218 5691 3213 5692 2068 5692 3212 5692 3213 5693 2066 5693 2068 5693 3213 5694 1216 5694 1214 5694 3213 5695 2064 5695 2066 5695 3214 5696 2064 5696 3213 5696 3214 5697 3213 5697 1214 5697 3214 5698 1214 5698 1213 5698 3214 5699 2062 5699 2064 5699 3214 5700 2061 5700 2062 5700 3214 5701 3215 5701 2061 5701 3217 5702 2034 5702 3231 5702 3218 5703 1189 5703 1186 5703 3218 5704 1186 5704 3216 5704 3218 5705 3217 5705 1189 5705 3218 5706 3216 5706 2030 5706 3218 5707 2033 5707 3217 5707 3218 5708 2032 5708 2033 5708 3218 5709 2030 5709 2032 5709 3216 5710 1186 5710 3304 5710 3219 5711 1174 5711 1172 5711 3219 5712 1172 5712 1243 5712 3219 5713 2051 5713 1174 5713 1243 5714 1244 5714 1211 5714 3220 5715 1243 5715 1211 5715 3219 5716 1243 5716 3220 5716 3219 5717 2049 5717 2051 5717 3220 5718 1211 5718 1209 5718 3222 5719 3220 5719 1209 5719 3221 5720 3220 5720 3222 5720 3221 5721 3219 5721 3220 5721 3221 5722 2049 5722 3219 5722 3221 5723 2047 5723 2049 5723 3222 5724 1209 5724 1207 5724 3221 5725 2045 5725 2047 5725 3222 5726 1207 5726 1205 5726 3225 5727 3222 5727 1205 5727 3223 5728 3222 5728 3225 5728 3223 5729 3221 5729 3222 5729 3223 5730 2043 5730 2045 5730 3223 5731 2045 5731 3221 5731 3225 5732 1205 5732 1203 5732 3224 5733 2043 5733 3223 5733 3225 5734 3224 5734 3223 5734 3224 5735 2041 5735 2043 5735 3226 5736 3225 5736 1203 5736 3226 5737 1203 5737 1201 5737 3224 5738 3225 5738 3226 5738 3224 5739 2039 5739 2041 5739 3227 5740 1201 5740 1199 5740 3227 5741 3226 5741 1201 5741 3228 5742 3224 5742 3226 5742 3229 5743 3226 5743 3227 5743 3228 5744 2039 5744 3224 5744 3228 5745 3226 5745 3229 5745 3228 5746 2037 5746 2039 5746 3227 5747 1199 5747 1197 5747 3228 5748 2036 5748 2037 5748 3229 5749 1197 5749 1195 5749 3229 5750 3227 5750 1197 5750 3230 5751 3229 5751 1195 5751 3230 5752 3228 5752 3229 5752 3230 5753 2036 5753 3228 5753 3230 5754 2035 5754 2036 5754 3230 5755 1195 5755 1193 5755 3231 5756 3230 5756 1193 5756 3231 5757 2035 5757 3230 5757 3217 5758 1193 5758 1191 5758 3231 5759 1193 5759 3217 5759 3231 5760 2034 5760 2035 5760 3217 5761 1191 5761 1189 5761 3217 5762 2033 5762 2034 5762 1829 5763 1830 5763 3232 5763 1837 5764 3234 5764 1827 5764 1806 5765 1844 5765 1805 5765 3235 5766 1844 5766 1806 5766 3241 5767 1825 5767 1827 5767 3241 5768 1827 5768 3234 5768 3241 5769 3234 5769 3233 5769 3235 5770 3242 5770 1844 5770 3235 5771 1806 5771 1808 5771 3237 5772 3235 5772 1809 5772 3236 5773 1831 5773 3242 5773 3237 5774 1809 5774 1811 5774 3237 5775 1811 5775 1813 5775 3243 5776 3237 5776 1813 5776 3238 5777 3236 5777 3237 5777 3238 5778 1831 5778 3236 5778 3243 5779 1813 5779 1814 5779 3243 5780 1814 5780 1816 5780 3239 5781 3243 5781 1816 5781 3238 5782 1830 5782 1831 5782 3239 5783 1816 5783 1818 5783 3239 5784 1830 5784 3238 5784 3239 5785 1818 5785 1819 5785 3240 5786 3239 5786 1819 5786 3240 5787 1830 5787 3239 5787 3240 5788 1819 5788 1822 5788 3240 5789 1822 5789 1823 5789 3241 5790 1823 5790 1825 5790 3241 5791 3240 5791 1823 5791 3241 5792 1830 5792 3240 5792 3232 5793 1830 5793 3241 5793 3241 5794 3233 5794 3232 5794 3235 5795 1808 5795 1809 5795 3242 5796 3235 5796 3236 5796 3237 5797 3236 5797 3235 5797 3237 5798 3243 5798 3238 5798 3243 5799 3239 5799 3238 5799 3246 5800 3254 5800 1547 5800 3246 5801 1547 5801 1737 5801 3255 5802 1840 5802 3303 5802 3252 5803 1740 5803 1742 5803 3244 5804 1840 5804 3252 5804 3248 5805 1747 5805 1749 5805 3245 5806 1756 5806 1502 5806 3245 5807 1502 5807 867 5807 3247 5808 1737 5808 1739 5808 3247 5809 3246 5809 1737 5809 3255 5810 3246 5810 3247 5810 1840 5811 3255 5811 3247 5811 3247 5812 1739 5812 1740 5812 3252 5813 3247 5813 1740 5813 3244 5814 1841 5814 1840 5814 3252 5815 1742 5815 1744 5815 3252 5816 1744 5816 1746 5816 3248 5817 3252 5817 1746 5817 3248 5818 1746 5818 1747 5818 3249 5819 1841 5819 3244 5819 3253 5820 3248 5820 1749 5820 3249 5821 3248 5821 3253 5821 3253 5822 1749 5822 1751 5822 3249 5823 1842 5823 1841 5823 3253 5824 1751 5824 1752 5824 3245 5825 3253 5825 1752 5825 3250 5826 3249 5826 3253 5826 3250 5827 1842 5827 3249 5827 3245 5828 1752 5828 1754 5828 3245 5829 1754 5829 1756 5829 3250 5830 1843 5830 1842 5830 3250 5831 3251 5831 1843 5831 3250 5832 869 5832 3251 5832 3245 5833 869 5833 3250 5833 3245 5834 867 5834 869 5834 3247 5835 3252 5835 1840 5835 3252 5836 3248 5836 3244 5836 3248 5837 3249 5837 3244 5837 3253 5838 3245 5838 3250 5838 3254 5839 1548 5839 1547 5839 2054 5840 2056 5840 3256 5840 3257 5841 2054 5841 3256 5841 1588 5842 1590 5842 3261 5842 3327 5843 3264 5843 2091 5843 3265 5844 3266 5844 3270 5844 3265 5845 3267 5845 3266 5845 3267 5846 3269 5846 3266 5846 3268 5847 2088 5847 3267 5847 3267 5848 2088 5848 3269 5848 3265 5849 3334 5849 3267 5849 3334 5850 3268 5850 3267 5850 1597 5851 3330 5851 3271 5851 2091 5852 3273 5852 3327 5852 3330 5853 3273 5853 3271 5853 1595 5854 3271 5854 3274 5854 3274 5855 3271 5855 3275 5855 3275 5856 3271 5856 3272 5856 3271 5857 3273 5857 3272 5857 3277 5858 3273 5858 2091 5858 3275 5859 3272 5859 3276 5859 3272 5860 3273 5860 3276 5860 3276 5861 3273 5861 3277 5861 1832 5862 3279 5862 1835 5862 1832 5863 3278 5863 3279 5863 2088 5864 3284 5864 3280 5864 3279 5865 3269 5865 3280 5865 3269 5866 3279 5866 3278 5866 3279 5867 3280 5867 3282 5867 3282 5868 3281 5868 3279 5868 3279 5869 3281 5869 1835 5869 3280 5870 3269 5870 2088 5870 3281 5871 1834 5871 1835 5871 3284 5872 2088 5872 3260 5872 3283 5873 3256 5873 2056 5873 3285 5874 3284 5874 3260 5874 3285 5875 3260 5875 3259 5875 3285 5876 3280 5876 3284 5876 3285 5877 3259 5877 3258 5877 3286 5878 3285 5878 3258 5878 3286 5879 3258 5879 3257 5879 3285 5880 3282 5880 3280 5880 3286 5881 3257 5881 3256 5881 3286 5882 3256 5882 3283 5882 3286 5883 3283 5883 3295 5883 3286 5884 3295 5884 3287 5884 3286 5885 3287 5885 3294 5885 3288 5886 3282 5886 3285 5886 3288 5887 3281 5887 3282 5887 3288 5888 3285 5888 3286 5888 3286 5889 3294 5889 3289 5889 3288 5890 3286 5890 3289 5890 3288 5891 1834 5891 3281 5891 3288 5892 3289 5892 3293 5892 3288 5893 3293 5893 3292 5893 3288 5894 3292 5894 3290 5894 3288 5895 3290 5895 3291 5895 3288 5896 3291 5896 1834 5896 3291 5897 1838 5897 1834 5897 2058 5898 3283 5898 2056 5898 2058 5899 3295 5899 3283 5899 3297 5900 3299 5900 1837 5900 3296 5901 3299 5901 3297 5901 3296 5902 3182 5902 3299 5902 3297 5903 1837 5903 1838 5903 3297 5904 1838 5904 3291 5904 3297 5905 3291 5905 3290 5905 3297 5906 3290 5906 3292 5906 3298 5907 3287 5907 3295 5907 3298 5908 3295 5908 2058 5908 3297 5909 3292 5909 3293 5909 3297 5910 3293 5910 3298 5910 3298 5911 3293 5911 3289 5911 3298 5912 3289 5912 3294 5912 3297 5913 3298 5913 3296 5913 3298 5914 3181 5914 3296 5914 3298 5915 3294 5915 3287 5915 3232 5916 3299 5916 1829 5916 3299 5917 3232 5917 3233 5917 3299 5918 3233 5918 3234 5918 3299 5919 3234 5919 1837 5919 3300 5920 3299 5920 3182 5920 3300 5921 3182 5921 1241 5921 3301 5922 3603 5922 1829 5922 3301 5923 3300 5923 1241 5923 3301 5924 1829 5924 3300 5924 3301 5925 1241 5925 1239 5925 3301 5926 1239 5926 3199 5926 3299 5927 3300 5927 1829 5927 3603 5928 3200 5928 2087 5928 3301 5929 3199 5929 3200 5929 3301 5930 3200 5930 3603 5930 2031 5931 2030 5931 3216 5931 3305 5932 3216 5932 3304 5932 3216 5933 1839 5933 2031 5933 3303 5934 1839 5934 3305 5934 3216 5935 3305 5935 1839 5935 3305 5936 3304 5936 3187 5936 3305 5937 3187 5937 3302 5937 3303 5938 3305 5938 3302 5938 3183 5939 1548 5939 3254 5939 3303 5940 3302 5940 3183 5940 3303 5941 3183 5941 3254 5941 3303 5942 3254 5942 3246 5942 3303 5943 3246 5943 3255 5943 3307 5944 3312 5944 1549 5944 3309 5945 3184 5945 3311 5945 3183 5946 3307 5946 1548 5946 3183 5947 3187 5947 3309 5947 3307 5948 3313 5948 3312 5948 3310 5949 3313 5949 3307 5949 3310 5950 3314 5950 3313 5950 3307 5951 1549 5951 1548 5951 3306 5952 3184 5952 1594 5952 3306 5953 3311 5953 3184 5953 3307 5954 3183 5954 3309 5954 3310 5955 3315 5955 3314 5955 3310 5956 3308 5956 3315 5956 3310 5957 3316 5957 3308 5957 3310 5958 3317 5958 3316 5958 3311 5959 3318 5959 3317 5959 3311 5960 3306 5960 3318 5960 3309 5961 3310 5961 3307 5961 3311 5962 3317 5962 3310 5962 3310 5963 3309 5963 3311 5963 3319 5964 3318 5964 3306 5964 1588 5965 3306 5965 1594 5965 1588 5966 3319 5966 3306 5966 3264 5967 3327 5967 3326 5967 1588 5968 3261 5968 3319 5968 3321 5969 3320 5969 1541 5969 3321 5970 3325 5970 3320 5970 3321 5971 3322 5971 3325 5971 3323 5972 3322 5972 3321 5972 3321 5973 1541 5973 1549 5973 3323 5974 3326 5974 3322 5974 3321 5975 1549 5975 3312 5975 3321 5976 3312 5976 3313 5976 3321 5977 3313 5977 3314 5977 3321 5978 3314 5978 3315 5978 3324 5979 3323 5979 3321 5979 3324 5980 3321 5980 3315 5980 3323 5981 3264 5981 3326 5981 3323 5982 3336 5982 3264 5982 3324 5983 3315 5983 3308 5983 3323 5984 3263 5984 3336 5984 3324 5985 3308 5985 3316 5985 3324 5986 3316 5986 3317 5986 3323 5987 3262 5987 3263 5987 3324 5988 3317 5988 3318 5988 3324 5989 3318 5989 3319 5989 3324 5990 3262 5990 3323 5990 3324 5991 3261 5991 3262 5991 3324 5992 3319 5992 3261 5992 3320 5993 1546 5993 1541 5993 3329 5994 3325 5994 3322 5994 3329 5995 3328 5995 1546 5995 3329 5996 3330 5996 3328 5996 3330 5997 1597 5997 3328 5997 3329 5998 3320 5998 3325 5998 3329 5999 1546 5999 3320 5999 3329 6000 3322 6000 3326 6000 3330 6001 3329 6001 3326 6001 3330 6002 3326 6002 3327 6002 3330 6003 3327 6003 3273 6003 1544 6004 1546 6004 3328 6004 3331 6005 2053 6005 2054 6005 2090 6006 3331 6006 3270 6006 3331 6007 2054 6007 3333 6007 3333 6008 3265 6008 3270 6008 3333 6009 3270 6009 3331 6009 3257 6010 3333 6010 2054 6010 3333 6011 3334 6011 3265 6011 3332 6012 3257 6012 3258 6012 3332 6013 3258 6013 3259 6013 3259 6014 3268 6014 3334 6014 3260 6015 2088 6015 3268 6015 3260 6016 3268 6016 3259 6016 3332 6017 3333 6017 3257 6017 3334 6018 3333 6018 3332 6018 3259 6019 3334 6019 3332 6019 3335 6020 1596 6020 1595 6020 3335 6021 1595 6021 3339 6021 1591 6022 3339 6022 1590 6022 1591 6023 3335 6023 3339 6023 3338 6024 3261 6024 1590 6024 3339 6025 3338 6025 1590 6025 3339 6026 3274 6026 3275 6026 3339 6027 1595 6027 3274 6027 3338 6028 3263 6028 3262 6028 3338 6029 3262 6029 3261 6029 3337 6030 3263 6030 3338 6030 3337 6031 3275 6031 3276 6031 3339 6032 3337 6032 3338 6032 3337 6033 3339 6033 3275 6033 3264 6034 3336 6034 3277 6034 3337 6035 3336 6035 3263 6035 3336 6036 3337 6036 3276 6036 3336 6037 3276 6037 3277 6037 3264 6038 3277 6038 2091 6038 1485 6039 1516 6039 894 6039 1516 6040 1518 6040 894 6040 1518 6041 1509 6041 894 6041 2697 6042 896 6042 1504 6042 2698 6043 896 6043 2697 6043 2700 6044 896 6044 2698 6044 896 6045 894 6045 1504 6045 1504 6046 894 6046 1509 6046 2053 6047 1184 6047 1183 6047 2053 6048 1183 6048 3166 6048 3331 6049 2090 6049 723 6049 3331 6050 1184 6050 2053 6050 2090 6051 719 6051 723 6051 721 6052 3278 6052 718 6052 720 6053 3278 6053 721 6053 719 6054 2089 6054 720 6054 2090 6055 2089 6055 719 6055 718 6056 3278 6056 1832 6056 718 6057 1832 6057 716 6057 2256 6058 2257 6058 714 6058 2256 6059 714 6059 716 6059 1832 6060 2256 6060 716 6060 714 6061 1647 6061 710 6061 714 6062 2257 6062 1647 6062 2252 6063 703 6063 711 6063 2252 6064 1654 6064 703 6064 2250 6065 2252 6065 711 6065 2248 6066 2250 6066 711 6066 2247 6067 2248 6067 711 6067 2247 6068 711 6068 710 6068 1647 6069 2247 6069 710 6069 705 6070 1666 6070 698 6070 1664 6071 1666 6071 705 6071 1662 6072 705 6072 704 6072 1662 6073 1664 6073 705 6073 1657 6074 704 6074 702 6074 1657 6075 1662 6075 704 6075 1654 6076 702 6076 703 6076 1654 6077 1657 6077 702 6077 1568 6078 689 6078 699 6078 2276 6079 1568 6079 699 6079 2274 6080 2276 6080 699 6080 2273 6081 2274 6081 699 6081 1666 6082 699 6082 698 6082 1666 6083 2273 6083 699 6083 696 6084 1586 6084 697 6084 1585 6085 1586 6085 696 6085 695 6086 1585 6086 696 6086 1584 6087 1585 6087 695 6087 694 6088 1584 6088 695 6088 1579 6089 1584 6089 694 6089 693 6090 1579 6090 694 6090 1577 6091 1579 6091 693 6091 1575 6092 693 6092 692 6092 1575 6093 1577 6093 693 6093 1573 6094 692 6094 691 6094 1573 6095 1575 6095 692 6095 1571 6096 691 6096 690 6096 1571 6097 1573 6097 691 6097 689 6098 1571 6098 690 6098 1568 6099 1571 6099 689 6099 1552 6100 701 6100 700 6100 2270 6101 1552 6101 700 6101 2268 6102 2270 6102 700 6102 2266 6103 2268 6103 700 6103 1586 6104 700 6104 697 6104 1586 6105 2266 6105 700 6105 708 6106 1563 6106 709 6106 1561 6107 1563 6107 708 6107 707 6108 1561 6108 708 6108 1559 6109 1561 6109 707 6109 706 6110 1559 6110 707 6110 1555 6111 1559 6111 706 6111 701 6112 1555 6112 706 6112 1552 6113 1555 6113 701 6113 2264 6114 713 6114 712 6114 2264 6115 1537 6115 713 6115 2262 6116 2264 6116 712 6116 2260 6117 2262 6117 712 6117 2258 6118 2260 6118 712 6118 2258 6119 712 6119 709 6119 1563 6120 2258 6120 709 6120 1535 6121 713 6121 1537 6121 1535 6122 715 6122 713 6122 2254 6123 1543 6123 717 6123 2254 6124 717 6124 715 6124 1535 6125 2254 6125 715 6125 1544 6126 717 6126 1543 6126 3328 6127 717 6127 1544 6127 1598 6128 1596 6128 722 6128 3335 6129 1591 6129 1177 6129 3335 6130 722 6130 1596 6130 1592 6131 1178 6131 1591 6131 1591 6132 1178 6132 1177 6132 1346 6133 3340 6133 1350 6133 1445 6134 1346 6134 3039 6134 1445 6135 3340 6135 1346 6135 1394 6136 1395 6136 3027 6136 3341 6137 1394 6137 1393 6137 3341 6138 1395 6138 1394 6138 1472 6139 3340 6139 1446 6139 1446 6140 3340 6140 1445 6140 1472 6141 3342 6141 3340 6141 1468 6142 3343 6142 1472 6142 1472 6143 3343 6143 3342 6143 1468 6144 3344 6144 3343 6144 1467 6145 3345 6145 1468 6145 1468 6146 3345 6146 3344 6146 1467 6147 3346 6147 3345 6147 1465 6148 3347 6148 1467 6148 1467 6149 3347 6149 3346 6149 1465 6150 3348 6150 3347 6150 1465 6151 1463 6151 3348 6151 1463 6152 3349 6152 3348 6152 1463 6153 1460 6153 3349 6153 1460 6154 3350 6154 3349 6154 1460 6155 2794 6155 3350 6155 2794 6156 3351 6156 3350 6156 2794 6157 3352 6157 3351 6157 2794 6158 3353 6158 3352 6158 2847 6159 3353 6159 2794 6159 2847 6160 3354 6160 3353 6160 2847 6161 2777 6161 3354 6161 2848 6162 2777 6162 2847 6162 3354 6163 2777 6163 3355 6163 3355 6164 2777 6164 3356 6164 2848 6165 2778 6165 2777 6165 3356 6166 2777 6166 3357 6166 3357 6167 1697 6167 3358 6167 2777 6168 1697 6168 3357 6168 2848 6169 1247 6169 3359 6169 3359 6170 1251 6170 2848 6170 2778 6171 1251 6171 2785 6171 2848 6172 1251 6172 2778 6172 1251 6173 3360 6173 2785 6173 1247 6174 2848 6174 3361 6174 2848 6175 3364 6175 3361 6175 3360 6176 3362 6176 2785 6176 3358 6177 1696 6177 3363 6177 1697 6178 1696 6178 3358 6178 2848 6179 3365 6179 3364 6179 2848 6180 3366 6180 3365 6180 3362 6181 3368 6181 2785 6181 2851 6182 2855 6182 2848 6182 2848 6183 3367 6183 3366 6183 3363 6184 1719 6184 3369 6184 1696 6185 1719 6185 3363 6185 3368 6186 1258 6186 2785 6186 2848 6187 2855 6187 3367 6187 3367 6188 2855 6188 3372 6188 3369 6189 1719 6189 3370 6189 3371 6190 2853 6190 1263 6190 3372 6191 2853 6191 3371 6191 2855 6192 2853 6192 3372 6192 3370 6193 1715 6193 3373 6193 1719 6194 1715 6194 3370 6194 1715 6195 1714 6195 3373 6195 3373 6196 1714 6196 3374 6196 1263 6197 2853 6197 3375 6197 3376 6198 2785 6198 1258 6198 3377 6199 2785 6199 3376 6199 3375 6200 2785 6200 3377 6200 2853 6201 2785 6201 3375 6201 2853 6202 2857 6202 2785 6202 3374 6203 1714 6203 3378 6203 1714 6204 1710 6204 3378 6204 3378 6205 1710 6205 3379 6205 1710 6206 1709 6206 3379 6206 3379 6207 1709 6207 3380 6207 1709 6208 1705 6208 3380 6208 3380 6209 1705 6209 3381 6209 3381 6210 1705 6210 3382 6210 3382 6211 1703 6211 3383 6211 1705 6212 1703 6212 3382 6212 3383 6213 1699 6213 3384 6213 1703 6214 1699 6214 3383 6214 3384 6215 1699 6215 3385 6215 3385 6216 1694 6216 3386 6216 1699 6217 1694 6217 3385 6217 3341 6218 1396 6218 1395 6218 3386 6219 1693 6219 3387 6219 1694 6220 1693 6220 3386 6220 3387 6221 2774 6221 3388 6221 1693 6222 2774 6222 3387 6222 3389 6223 1416 6223 3341 6223 3341 6224 1416 6224 1396 6224 3388 6225 2774 6225 3390 6225 2774 6226 2775 6226 3390 6226 3390 6227 2775 6227 3391 6227 3392 6228 1416 6228 3389 6228 3392 6229 1418 6229 1416 6229 3393 6230 1418 6230 3392 6230 3393 6231 1423 6231 1418 6231 3394 6232 1423 6232 3393 6232 3395 6233 1423 6233 3394 6233 3395 6234 1424 6234 1423 6234 3396 6235 1424 6235 3395 6235 3396 6236 1427 6236 1424 6236 3397 6237 1427 6237 3396 6237 3398 6238 1436 6238 3399 6238 3398 6239 2787 6239 1436 6239 3397 6240 1435 6240 1427 6240 3399 6241 1435 6241 3397 6241 1436 6242 1435 6242 3399 6242 3400 6243 2787 6243 3398 6243 3401 6244 2787 6244 3400 6244 3402 6245 2884 6245 3401 6245 3401 6246 2884 6246 2787 6246 3391 6247 2884 6247 3402 6247 2775 6248 2884 6248 3391 6248 2784 6249 2882 6249 2775 6249 2775 6250 2882 6250 2884 6250 2784 6251 3405 6251 3403 6251 3403 6252 3404 6252 2784 6252 2784 6253 3408 6253 3405 6253 3404 6254 1281 6254 2784 6254 2784 6255 1281 6255 2882 6255 1281 6256 3406 6256 2882 6256 3406 6257 3409 6257 2882 6257 2784 6258 2783 6258 3408 6258 3407 6259 2783 6259 3411 6259 3408 6260 2783 6260 3407 6260 3409 6261 3410 6261 2882 6261 2873 6262 2872 6262 2783 6262 3411 6263 2872 6263 1298 6263 2783 6264 2872 6264 3411 6264 3413 6265 2872 6265 3412 6265 3414 6266 2872 6266 3413 6266 1298 6267 2872 6267 3414 6267 2872 6268 2878 6268 3412 6268 3412 6269 2878 6269 3418 6269 3415 6270 2882 6270 3410 6270 3416 6271 2882 6271 3415 6271 3417 6272 2882 6272 3416 6272 3418 6273 2882 6273 3417 6273 2882 6274 2878 6274 2879 6274 3418 6275 2878 6275 2882 6275 3408 6276 1277 6276 3405 6276 3405 6277 1277 6277 3403 6277 1277 6278 1278 6278 3403 6278 3403 6279 1278 6279 3404 6279 1278 6280 1281 6280 3404 6280 1281 6281 1284 6281 3406 6281 3406 6282 1284 6282 3409 6282 1284 6283 3410 6283 3409 6283 3410 6284 1287 6284 3415 6284 1287 6285 1288 6285 3415 6285 3415 6286 1288 6286 3416 6286 1288 6287 1289 6287 3416 6287 3416 6288 1289 6288 3417 6288 1289 6289 1290 6289 3417 6289 3417 6290 1290 6290 3418 6290 1290 6291 1291 6291 3418 6291 3418 6292 1293 6292 3412 6292 1291 6293 1293 6293 3418 6293 1293 6294 1295 6294 3412 6294 3412 6295 1295 6295 3413 6295 1295 6296 1297 6296 3413 6296 3413 6297 1297 6297 3414 6297 1297 6298 1298 6298 3414 6298 1298 6299 1300 6299 3411 6299 1300 6300 1302 6300 3411 6300 3411 6301 1302 6301 3407 6301 1302 6302 3408 6302 3407 6302 1287 6303 3419 6303 1286 6303 1285 6304 3419 6304 1287 6304 1283 6305 3419 6305 1285 6305 1282 6306 3419 6306 1283 6306 1280 6307 3419 6307 1282 6307 1280 6308 3420 6308 3419 6308 1279 6309 3420 6309 1280 6309 1276 6310 3420 6310 1279 6310 1304 6311 3420 6311 1276 6311 1303 6312 3420 6312 1304 6312 1301 6313 3420 6313 1303 6313 1299 6314 3420 6314 1301 6314 1296 6315 3420 6315 1299 6315 1296 6316 3419 6316 3420 6316 1294 6317 3419 6317 1296 6317 1292 6318 3419 6318 1294 6318 1290 6319 3419 6319 1292 6319 1286 6320 3419 6320 1290 6320 1275 6321 1247 6321 3361 6321 1247 6322 1249 6322 3359 6322 1249 6323 1251 6323 3359 6323 1251 6324 1252 6324 3360 6324 1252 6325 1254 6325 3360 6325 3360 6326 1254 6326 3362 6326 1254 6327 1255 6327 3362 6327 3362 6328 1255 6328 3368 6328 1255 6329 1256 6329 3368 6329 1256 6330 1258 6330 3368 6330 1258 6331 1260 6331 3376 6331 3376 6332 1260 6332 3377 6332 1260 6333 1261 6333 3377 6333 3377 6334 1261 6334 3375 6334 1261 6335 1263 6335 3375 6335 1263 6336 1265 6336 3371 6336 3371 6337 1265 6337 3372 6337 1265 6338 1268 6338 3372 6338 1268 6339 1269 6339 3372 6339 3372 6340 1269 6340 3367 6340 3367 6341 1269 6341 3366 6341 1269 6342 1271 6342 3366 6342 3366 6343 1271 6343 3365 6343 3365 6344 1271 6344 3364 6344 1271 6345 1273 6345 3364 6345 3364 6346 1275 6346 3361 6346 1273 6347 1275 6347 3364 6347 1257 6348 3422 6348 1259 6348 1253 6349 3422 6349 1257 6349 1252 6350 3422 6350 1253 6350 1250 6351 3422 6351 1252 6351 1248 6352 3422 6352 1250 6352 1246 6353 3422 6353 1248 6353 1245 6354 3422 6354 1246 6354 1245 6355 3421 6355 3422 6355 1274 6356 3421 6356 1245 6356 1272 6357 3421 6357 1274 6357 1270 6358 3421 6358 1272 6358 1267 6359 3421 6359 1270 6359 1266 6360 3421 6360 1267 6360 1264 6361 3421 6361 1266 6361 1262 6362 3421 6362 1264 6362 1262 6363 3422 6363 3421 6363 1260 6364 3422 6364 1262 6364 1259 6365 3422 6365 1260 6365 1173 6366 1181 6366 1212 6366 3423 6367 1173 6367 1176 6367 1242 6368 3423 6368 3424 6368 1185 6369 1242 6369 1213 6369 1185 6370 1181 6370 3423 6370 3423 6371 1181 6371 1173 6371 1185 6372 3423 6372 1242 6372 863 6373 862 6373 3424 6373 862 6374 1242 6374 3424 6374 862 6375 2059 6375 1242 6375 2059 6376 2061 6376 1242 6376 2061 6377 3215 6377 1242 6377 3425 6378 3427 6378 3426 6378 3425 6379 3426 6379 3431 6379 3426 6380 3428 6380 3431 6380 3425 6381 3430 6381 3427 6381 3428 6382 3429 6382 3431 6382 1881 6383 3430 6383 3425 6383 3429 6384 3432 6384 3431 6384 1881 6385 3433 6385 3430 6385 3431 6386 3432 6386 3435 6386 1881 6387 3434 6387 3433 6387 3439 6388 3434 6388 1881 6388 3432 6389 3436 6389 3435 6389 3439 6390 3438 6390 3434 6390 3436 6391 3437 6391 3435 6391 3435 6392 3437 6392 3442 6392 3439 6393 3440 6393 3438 6393 3437 6394 3441 6394 3442 6394 3441 6395 3443 6395 3442 6395 3445 6396 3444 6396 3439 6396 3439 6397 3444 6397 3440 6397 3442 6398 3443 6398 3449 6398 3443 6399 3446 6399 3449 6399 3445 6400 3447 6400 3444 6400 3448 6401 3449 6401 3446 6401 3447 6402 3445 6402 3451 6402 3448 6403 3450 6403 3449 6403 3445 6404 3454 6404 3451 6404 3454 6405 3452 6405 3451 6405 3453 6406 3450 6406 3448 6406 3454 6407 3455 6407 3452 6407 3456 6408 3450 6408 3453 6408 3456 6409 3457 6409 3450 6409 3455 6410 3454 6410 3459 6410 3458 6411 3457 6411 3456 6411 3454 6412 3460 6412 3459 6412 3461 6413 3457 6413 3458 6413 3459 6414 3460 6414 3462 6414 3461 6415 3466 6415 3457 6415 3464 6416 3466 6416 3461 6416 3462 6417 3468 6417 3463 6417 3460 6418 3468 6418 3462 6418 3463 6419 3468 6419 3467 6419 3465 6420 3466 6420 3464 6420 3469 6421 3466 6421 3465 6421 3467 6422 3468 6422 3471 6422 3468 6423 3470 6423 3471 6423 3471 6424 3470 6424 3469 6424 3469 6425 3470 6425 3466 6425 1881 6426 3425 6426 2748 6426 2748 6427 3425 6427 1879 6427 3425 6428 3431 6428 1879 6428 1879 6429 3431 6429 1880 6429 1880 6430 3435 6430 1882 6430 3431 6431 3435 6431 1880 6431 3435 6432 3442 6432 1882 6432 1882 6433 3442 6433 1886 6433 3442 6434 3449 6434 1886 6434 1886 6435 3449 6435 1887 6435 3449 6436 3450 6436 1887 6436 1887 6437 3457 6437 1889 6437 3450 6438 3457 6438 1887 6438 3457 6439 3466 6439 1889 6439 1889 6440 3466 6440 1892 6440 3466 6441 3470 6441 1892 6441 1892 6442 3468 6442 1891 6442 3470 6443 3468 6443 1892 6443 3468 6444 3460 6444 1891 6444 1891 6445 3460 6445 1890 6445 3460 6446 3454 6446 1890 6446 1890 6447 3454 6447 1884 6447 3454 6448 3445 6448 1884 6448 3445 6449 3439 6449 1883 6449 1883 6450 3439 6450 1881 6450 3477 6451 3474 6451 3472 6451 3472 6452 3474 6452 3473 6452 3473 6453 3475 6453 3472 6453 3472 6454 3475 6454 3479 6454 3477 6455 3476 6455 3474 6455 3475 6456 3478 6456 3479 6456 3477 6457 3480 6457 3476 6457 3479 6458 3478 6458 3483 6458 3478 6459 3481 6459 3483 6459 3477 6460 3482 6460 3480 6460 3484 6461 3482 6461 3477 6461 3484 6462 3486 6462 3482 6462 3481 6463 3485 6463 3483 6463 3483 6464 3485 6464 3491 6464 3484 6465 3487 6465 3486 6465 3485 6466 3490 6466 3491 6466 3488 6467 3487 6467 3484 6467 3488 6468 3489 6468 3487 6468 3490 6469 3492 6469 3491 6469 3488 6470 3493 6470 3489 6470 3492 6471 3495 6471 3491 6471 3495 6472 3497 6472 3491 6472 3488 6473 3494 6473 3493 6473 3498 6474 3494 6474 3488 6474 3495 6475 3496 6475 3497 6475 3498 6476 3499 6476 3494 6476 3496 6477 3500 6477 3497 6477 3501 6478 3500 6478 3496 6478 3499 6479 3498 6479 3502 6479 3498 6480 3505 6480 3502 6480 3505 6481 3506 6481 3502 6481 3503 6482 3500 6482 3501 6482 3503 6483 3504 6483 3500 6483 3504 6484 3509 6484 3500 6484 3506 6485 3505 6485 3507 6485 3508 6486 3509 6486 3504 6486 3505 6487 3510 6487 3507 6487 3507 6488 3510 6488 3511 6488 3510 6489 3514 6489 3511 6489 3512 6490 3509 6490 3508 6490 3511 6491 3514 6491 3513 6491 3512 6492 3517 6492 3509 6492 3516 6493 3517 6493 3512 6493 3513 6494 3514 6494 3515 6494 3515 6495 3514 6495 3519 6495 3518 6496 3517 6496 3516 6496 3514 6497 3521 6497 3519 6497 3520 6498 3517 6498 3518 6498 3520 6499 3521 6499 3517 6499 3519 6500 3521 6500 3520 6500 1729 6501 3477 6501 1726 6501 3484 6502 3477 6502 1729 6502 3477 6503 3472 6503 1726 6503 1726 6504 3472 6504 1725 6504 3472 6505 3479 6505 1725 6505 1725 6506 3479 6506 1727 6506 3479 6507 3483 6507 1727 6507 1727 6508 3483 6508 1728 6508 3483 6509 3491 6509 1728 6509 1728 6510 3491 6510 1730 6510 3491 6511 3497 6511 1730 6511 3497 6512 3500 6512 1730 6512 1730 6513 3500 6513 2760 6513 3500 6514 3509 6514 2760 6514 2760 6515 3509 6515 1733 6515 3509 6516 3517 6516 1733 6516 1733 6517 3517 6517 2828 6517 3517 6518 3521 6518 2828 6518 3521 6519 3514 6519 2828 6519 2828 6520 3514 6520 1734 6520 3514 6521 3510 6521 1734 6521 1734 6522 3510 6522 1732 6522 3510 6523 3505 6523 1732 6523 3505 6524 3498 6524 1732 6524 1732 6525 3498 6525 1731 6525 3498 6526 3488 6526 1731 6526 1731 6527 3488 6527 1729 6527 3488 6528 3484 6528 1729 6528 861 6529 860 6529 1176 6529 1176 6530 860 6530 3423 6530 860 6531 863 6531 3423 6531 3423 6532 863 6532 3424 6532 1110 6533 1342 6533 1108 6533 1339 6534 1342 6534 1110 6534 1108 6535 1343 6535 1113 6535 1342 6536 1343 6536 1108 6536 1113 6537 1344 6537 1117 6537 1343 6538 1344 6538 1113 6538 1117 6539 1345 6539 1121 6539 1344 6540 1345 6540 1117 6540 1121 6541 1347 6541 1125 6541 1345 6542 1347 6542 1121 6542 1125 6543 1348 6543 1129 6543 1347 6544 1348 6544 1125 6544 1129 6545 1349 6545 1133 6545 1348 6546 1349 6546 1129 6546 1133 6547 3340 6547 1137 6547 1349 6548 3340 6548 1133 6548 1349 6549 1350 6549 3340 6549 1137 6550 3342 6550 1141 6550 3340 6551 3342 6551 1137 6551 3342 6552 3343 6552 1141 6552 1141 6553 3343 6553 1146 6553 3343 6554 3344 6554 1146 6554 1146 6555 3344 6555 1150 6555 3344 6556 3345 6556 1150 6556 1150 6557 3345 6557 1153 6557 1153 6558 3346 6558 1157 6558 3345 6559 3346 6559 1153 6559 1157 6560 3347 6560 1162 6560 3346 6561 3347 6561 1157 6561 1162 6562 3348 6562 1165 6562 3347 6563 3348 6563 1162 6563 3348 6564 3349 6564 1165 6564 1165 6565 3349 6565 1169 6565 1169 6566 3350 6566 1168 6566 3349 6567 3350 6567 1169 6567 1168 6568 3351 6568 1164 6568 3350 6569 3351 6569 1168 6569 1164 6570 3352 6570 1160 6570 3351 6571 3352 6571 1164 6571 1160 6572 3353 6572 1156 6572 3352 6573 3353 6573 1160 6573 1156 6574 3354 6574 1152 6574 3353 6575 3354 6575 1156 6575 1152 6576 3355 6576 1148 6576 3354 6577 3355 6577 1152 6577 1148 6578 3356 6578 1144 6578 3355 6579 3356 6579 1148 6579 1144 6580 3357 6580 1140 6580 3356 6581 3357 6581 1144 6581 1140 6582 3358 6582 1136 6582 3357 6583 3358 6583 1140 6583 1136 6584 3363 6584 1132 6584 3358 6585 3363 6585 1136 6585 1132 6586 3369 6586 1128 6586 3363 6587 3369 6587 1132 6587 1128 6588 3370 6588 1124 6588 3369 6589 3370 6589 1128 6589 1124 6590 3373 6590 1120 6590 3370 6591 3373 6591 1124 6591 1120 6592 3374 6592 1116 6592 3373 6593 3374 6593 1120 6593 1116 6594 3378 6594 1112 6594 3374 6595 3378 6595 1116 6595 1112 6596 3379 6596 1107 6596 3378 6597 3379 6597 1112 6597 1107 6598 3380 6598 1103 6598 3379 6599 3380 6599 1107 6599 1103 6600 3381 6600 1099 6600 3380 6601 3381 6601 1103 6601 1099 6602 3382 6602 1095 6602 3381 6603 3382 6603 1099 6603 3382 6604 3383 6604 1095 6604 1095 6605 3383 6605 1091 6605 3383 6606 3384 6606 1091 6606 1091 6607 3384 6607 1087 6607 3384 6608 3385 6608 1087 6608 1087 6609 3385 6609 1083 6609 3385 6610 3386 6610 1083 6610 1083 6611 3386 6611 1079 6611 3386 6612 3387 6612 1079 6612 1079 6613 3387 6613 1075 6613 3387 6614 3388 6614 1075 6614 1075 6615 3388 6615 1071 6615 3388 6616 3390 6616 1071 6616 1071 6617 3390 6617 1067 6617 3390 6618 3391 6618 1067 6618 1067 6619 3391 6619 1063 6619 3391 6620 3402 6620 1063 6620 1063 6621 3402 6621 1059 6621 3402 6622 3401 6622 1059 6622 1059 6623 3401 6623 1055 6623 3401 6624 3400 6624 1055 6624 1055 6625 3400 6625 1051 6625 1051 6626 3398 6626 1047 6626 3400 6627 3398 6627 1051 6627 1047 6628 3399 6628 1043 6628 3398 6629 3399 6629 1047 6629 1043 6630 3397 6630 1039 6630 3399 6631 3397 6631 1043 6631 1039 6632 3396 6632 1035 6632 3397 6633 3396 6633 1039 6633 1035 6634 3395 6634 1032 6634 3396 6635 3395 6635 1035 6635 1032 6636 3394 6636 1028 6636 3395 6637 3394 6637 1032 6637 1028 6638 3393 6638 1024 6638 3394 6639 3393 6639 1028 6639 1024 6640 3392 6640 1020 6640 3393 6641 3392 6641 1024 6641 1020 6642 3389 6642 1016 6642 3392 6643 3389 6643 1020 6643 1016 6644 3341 6644 1012 6644 3389 6645 3341 6645 1016 6645 1012 6646 1391 6646 1008 6646 3341 6647 1391 6647 1012 6647 1393 6648 1391 6648 3341 6648 1008 6649 1390 6649 1004 6649 1391 6650 1390 6650 1008 6650 1004 6651 1389 6651 1000 6651 1390 6652 1389 6652 1004 6652 1000 6653 1385 6653 996 6653 1389 6654 1385 6654 1000 6654 1385 6655 1387 6655 996 6655 996 6656 1387 6656 993 6656 1387 6657 1388 6657 993 6657 993 6658 1388 6658 989 6658 1388 6659 1383 6659 989 6659 989 6660 1383 6660 984 6660 1383 6661 1384 6661 984 6661 984 6662 1384 6662 979 6662 1384 6663 1382 6663 979 6663 979 6664 1382 6664 976 6664 1382 6665 1381 6665 976 6665 976 6666 1381 6666 971 6666 1381 6667 1377 6667 971 6667 971 6668 1377 6668 967 6668 1377 6669 1378 6669 967 6669 967 6670 1378 6670 963 6670 1378 6671 1379 6671 963 6671 963 6672 1379 6672 959 6672 1379 6673 1380 6673 959 6673 959 6674 1380 6674 955 6674 1380 6675 1376 6675 955 6675 955 6676 1376 6676 951 6676 1376 6677 1375 6677 951 6677 951 6678 1375 6678 947 6678 1375 6679 1374 6679 947 6679 947 6680 1374 6680 943 6680 1374 6681 1373 6681 943 6681 943 6682 1373 6682 939 6682 1373 6683 1370 6683 939 6683 939 6684 1370 6684 935 6684 1370 6685 1372 6685 935 6685 935 6686 1372 6686 931 6686 1372 6687 1367 6687 931 6687 931 6688 1367 6688 927 6688 1367 6689 1368 6689 927 6689 927 6690 1368 6690 923 6690 1368 6691 1369 6691 923 6691 923 6692 1369 6692 921 6692 921 6693 1366 6693 925 6693 1369 6694 1366 6694 921 6694 925 6695 1365 6695 929 6695 1366 6696 1365 6696 925 6696 929 6697 1351 6697 933 6697 1365 6698 1351 6698 929 6698 933 6699 1353 6699 937 6699 1351 6700 1353 6700 933 6700 937 6701 1354 6701 941 6701 1353 6702 1354 6702 937 6702 1354 6703 1355 6703 941 6703 941 6704 1355 6704 945 6704 1355 6705 1356 6705 945 6705 945 6706 1356 6706 949 6706 1356 6707 1357 6707 949 6707 949 6708 1357 6708 953 6708 1357 6709 1358 6709 953 6709 953 6710 1358 6710 957 6710 1358 6711 1359 6711 957 6711 957 6712 1359 6712 961 6712 1359 6713 1360 6713 961 6713 961 6714 1360 6714 965 6714 1360 6715 1361 6715 965 6715 965 6716 1361 6716 969 6716 1361 6717 1362 6717 969 6717 969 6718 1362 6718 973 6718 1362 6719 1363 6719 973 6719 973 6720 1363 6720 977 6720 1363 6721 1364 6721 977 6721 977 6722 1364 6722 981 6722 1364 6723 1340 6723 981 6723 981 6724 1340 6724 986 6724 1340 6725 1338 6725 986 6725 986 6726 1338 6726 990 6726 1338 6727 1336 6727 990 6727 990 6728 1336 6728 994 6728 1336 6729 1334 6729 994 6729 994 6730 1334 6730 998 6730 1334 6731 1332 6731 998 6731 998 6732 1332 6732 1002 6732 1332 6733 1330 6733 1002 6733 1002 6734 1330 6734 1006 6734 1006 6735 1328 6735 1010 6735 1330 6736 1328 6736 1006 6736 1010 6737 1325 6737 1014 6737 1328 6738 1325 6738 1010 6738 1014 6739 1323 6739 1018 6739 1325 6740 1323 6740 1014 6740 1018 6741 1321 6741 1022 6741 1323 6742 1321 6742 1018 6742 1022 6743 1319 6743 1026 6743 1321 6744 1319 6744 1022 6744 1026 6745 1317 6745 1030 6745 1319 6746 1317 6746 1026 6746 1030 6747 1315 6747 1034 6747 1317 6748 1315 6748 1030 6748 1034 6749 1313 6749 1037 6749 1315 6750 1313 6750 1034 6750 1037 6751 1311 6751 1041 6751 1313 6752 1311 6752 1037 6752 1041 6753 1309 6753 1045 6753 1311 6754 1309 6754 1041 6754 1309 6755 1306 6755 1045 6755 1045 6756 1306 6756 1048 6756 1306 6757 1308 6757 1048 6757 1048 6758 1308 6758 1053 6758 1053 6759 1310 6759 1057 6759 1308 6760 1310 6760 1053 6760 1057 6761 1312 6761 1061 6761 1310 6762 1312 6762 1057 6762 1061 6763 1314 6763 1065 6763 1312 6764 1314 6764 1061 6764 1065 6765 1316 6765 1068 6765 1314 6766 1316 6766 1065 6766 1068 6767 1318 6767 1073 6767 1316 6768 1318 6768 1068 6768 1073 6769 1320 6769 1076 6769 1318 6770 1320 6770 1073 6770 1076 6771 1322 6771 1080 6771 1320 6772 1322 6772 1076 6772 1080 6773 1324 6773 1084 6773 1322 6774 1324 6774 1080 6774 1084 6775 1327 6775 1088 6775 1324 6776 1327 6776 1084 6776 1088 6777 1329 6777 1092 6777 1327 6778 1329 6778 1088 6778 1092 6779 1331 6779 1096 6779 1329 6780 1331 6780 1092 6780 1096 6781 1333 6781 1100 6781 1331 6782 1333 6782 1096 6782 1100 6783 1335 6783 1105 6783 1333 6784 1335 6784 1100 6784 1105 6785 1337 6785 1110 6785 1335 6786 1337 6786 1105 6786 1337 6787 1339 6787 1110 6787 3525 6788 3523 6788 3522 6788 3526 6789 3528 6789 3524 6789 3524 6790 3528 6790 3525 6790 3523 6791 3529 6791 3527 6791 3534 6792 3535 6792 3530 6792 3529 6793 3535 6793 3531 6793 3525 6794 3535 6794 3523 6794 3528 6795 3535 6795 3525 6795 3530 6796 3535 6796 3528 6796 3523 6797 3535 6797 3529 6797 3532 6798 3535 6798 3534 6798 3535 6799 3540 6799 3531 6799 3537 6800 3540 6800 3535 6800 3533 6801 3538 6801 3536 6801 3539 6802 3541 6802 3540 6802 3541 6803 3543 6803 3540 6803 3540 6804 3544 6804 3531 6804 3543 6805 3544 6805 3540 6805 3533 6806 3545 6806 3538 6806 3542 6807 3545 6807 3546 6807 3538 6808 3545 6808 3542 6808 3533 6809 3547 6809 3545 6809 3548 6810 3551 6810 3544 6810 3547 6811 3550 6811 3549 6811 3533 6812 3550 6812 3547 6812 3551 6813 3552 6813 3544 6813 3544 6814 3552 6814 3531 6814 3552 6815 3554 6815 3531 6815 3531 6816 3554 6816 3533 6816 3550 6817 3555 6817 3553 6817 3556 6818 3558 6818 3554 6818 3533 6819 3557 6819 3550 6819 3554 6820 3557 6820 3533 6820 3550 6821 3557 6821 3555 6821 3558 6822 3557 6822 3554 6822 3486 6823 3534 6823 3530 6823 3482 6824 3486 6824 3530 6824 3482 6825 3530 6825 3528 6825 3480 6826 3482 6826 3528 6826 3480 6827 3528 6827 3526 6827 3476 6828 3526 6828 3524 6828 3476 6829 3480 6829 3526 6829 3474 6830 3524 6830 3525 6830 3474 6831 3476 6831 3524 6831 3474 6832 3525 6832 3522 6832 3473 6833 3474 6833 3522 6833 3473 6834 3522 6834 3523 6834 3475 6835 3473 6835 3523 6835 3475 6836 3523 6836 3527 6836 3478 6837 3475 6837 3527 6837 3481 6838 3527 6838 3529 6838 3481 6839 3478 6839 3527 6839 3481 6840 3529 6840 3531 6840 3485 6841 3481 6841 3531 6841 3485 6842 3531 6842 3533 6842 3490 6843 3485 6843 3533 6843 3492 6844 3490 6844 3533 6844 3492 6845 3533 6845 3536 6845 3495 6846 3492 6846 3536 6846 3495 6847 3536 6847 3538 6847 3496 6848 3495 6848 3538 6848 3496 6849 3538 6849 3542 6849 3501 6850 3496 6850 3542 6850 3501 6851 3542 6851 3546 6851 3503 6852 3501 6852 3546 6852 3503 6853 3546 6853 3545 6853 3504 6854 3503 6854 3545 6854 3504 6855 3545 6855 3547 6855 3504 6856 3547 6856 3549 6856 3508 6857 3504 6857 3549 6857 3508 6858 3549 6858 3550 6858 3512 6859 3508 6859 3550 6859 3512 6860 3550 6860 3553 6860 3516 6861 3512 6861 3553 6861 3516 6862 3553 6862 3555 6862 3518 6863 3516 6863 3555 6863 3520 6864 3555 6864 3557 6864 3520 6865 3518 6865 3555 6865 3519 6866 3557 6866 3558 6866 3519 6867 3520 6867 3557 6867 3519 6868 3558 6868 3556 6868 3515 6869 3556 6869 3554 6869 3515 6870 3519 6870 3556 6870 3513 6871 3515 6871 3554 6871 3513 6872 3554 6872 3552 6872 3511 6873 3513 6873 3552 6873 3511 6874 3552 6874 3551 6874 3511 6875 3551 6875 3548 6875 3507 6876 3511 6876 3548 6876 3506 6877 3507 6877 3548 6877 3506 6878 3548 6878 3544 6878 3502 6879 3544 6879 3543 6879 3502 6880 3506 6880 3544 6880 3499 6881 3543 6881 3541 6881 3499 6882 3502 6882 3543 6882 3494 6883 3541 6883 3539 6883 3494 6884 3499 6884 3541 6884 3493 6885 3494 6885 3539 6885 3493 6886 3539 6886 3540 6886 3493 6887 3540 6887 3537 6887 3489 6888 3493 6888 3537 6888 3489 6889 3537 6889 3535 6889 3487 6890 3489 6890 3535 6890 3487 6891 3535 6891 3532 6891 3486 6892 3487 6892 3532 6892 3486 6893 3532 6893 3534 6893 3563 6894 3559 6894 3560 6894 3560 6895 3559 6895 3561 6895 3561 6896 3559 6896 3562 6896 3559 6897 3564 6897 3565 6897 3564 6898 3569 6898 3567 6898 3559 6899 3569 6899 3564 6899 3559 6900 3571 6900 3569 6900 3572 6901 3577 6901 3570 6901 3571 6902 3577 6902 3573 6902 3563 6903 3577 6903 3559 6903 3568 6904 3577 6904 3566 6904 3566 6905 3577 6905 3563 6905 3570 6906 3577 6906 3568 6906 3559 6907 3577 6907 3571 6907 3575 6908 3577 6908 3572 6908 3574 6909 3581 6909 3576 6909 3578 6910 3579 6910 3577 6910 3579 6911 3582 6911 3577 6911 3577 6912 3584 6912 3573 6912 3582 6913 3584 6913 3577 6913 3574 6914 3585 6914 3581 6914 3580 6915 3585 6915 3583 6915 3581 6916 3585 6916 3580 6916 3574 6917 3586 6917 3585 6917 3587 6918 3591 6918 3584 6918 3586 6919 3589 6919 3588 6919 3586 6920 3590 6920 3589 6920 3574 6921 3590 6921 3586 6921 3591 6922 3592 6922 3584 6922 3584 6923 3592 6923 3573 6923 3590 6924 3594 6924 3593 6924 3592 6925 3596 6925 3573 6925 3573 6926 3596 6926 3574 6926 3595 6927 3596 6927 3592 6927 3590 6928 3597 6928 3594 6928 3590 6929 3600 6929 3597 6929 3598 6930 3599 6930 3596 6930 3574 6931 3600 6931 3590 6931 3596 6932 3600 6932 3574 6932 3599 6933 3600 6933 3596 6933 3438 6934 3572 6934 3570 6934 3434 6935 3570 6935 3568 6935 3434 6936 3438 6936 3570 6936 3433 6937 3568 6937 3566 6937 3433 6938 3434 6938 3568 6938 3430 6939 3433 6939 3566 6939 3430 6940 3566 6940 3563 6940 3427 6941 3430 6941 3563 6941 3427 6942 3563 6942 3560 6942 3426 6943 3427 6943 3560 6943 3426 6944 3560 6944 3561 6944 3426 6945 3561 6945 3562 6945 3428 6946 3426 6946 3562 6946 3428 6947 3562 6947 3559 6947 3428 6948 3559 6948 3565 6948 3429 6949 3428 6949 3565 6949 3429 6950 3565 6950 3564 6950 3429 6951 3564 6951 3567 6951 3432 6952 3429 6952 3567 6952 3432 6953 3567 6953 3569 6953 3436 6954 3569 6954 3571 6954 3436 6955 3432 6955 3569 6955 3436 6956 3571 6956 3573 6956 3437 6957 3436 6957 3573 6957 3437 6958 3573 6958 3574 6958 3441 6959 3437 6959 3574 6959 3443 6960 3441 6960 3574 6960 3443 6961 3574 6961 3576 6961 3446 6962 3443 6962 3576 6962 3446 6963 3576 6963 3581 6963 3446 6964 3581 6964 3580 6964 3448 6965 3446 6965 3580 6965 3448 6966 3580 6966 3583 6966 3448 6967 3583 6967 3585 6967 3453 6968 3448 6968 3585 6968 3453 6969 3585 6969 3586 6969 3456 6970 3453 6970 3586 6970 3456 6971 3586 6971 3588 6971 3458 6972 3456 6972 3588 6972 3458 6973 3588 6973 3589 6973 3461 6974 3458 6974 3589 6974 3461 6975 3589 6975 3590 6975 3461 6976 3590 6976 3593 6976 3464 6977 3461 6977 3593 6977 3464 6978 3593 6978 3594 6978 3465 6979 3464 6979 3594 6979 3465 6980 3594 6980 3597 6980 3469 6981 3465 6981 3597 6981 3469 6982 3597 6982 3600 6982 3471 6983 3469 6983 3600 6983 3471 6984 3600 6984 3599 6984 3467 6985 3599 6985 3598 6985 3467 6986 3471 6986 3599 6986 3467 6987 3598 6987 3596 6987 3463 6988 3596 6988 3595 6988 3463 6989 3467 6989 3596 6989 3462 6990 3463 6990 3595 6990 3462 6991 3595 6991 3592 6991 3459 6992 3592 6992 3591 6992 3459 6993 3462 6993 3592 6993 3455 6994 3591 6994 3587 6994 3455 6995 3459 6995 3591 6995 3455 6996 3587 6996 3584 6996 3452 6997 3455 6997 3584 6997 3452 6998 3584 6998 3582 6998 3451 6999 3452 6999 3582 6999 3447 7000 3582 7000 3579 7000 3447 7001 3451 7001 3582 7001 3447 7002 3579 7002 3578 7002 3444 7003 3447 7003 3578 7003 3444 7004 3578 7004 3577 7004 3440 7005 3444 7005 3577 7005 3440 7006 3577 7006 3575 7006 3438 7007 3440 7007 3575 7007 3438 7008 3575 7008 3572 7008 3601 7009 3602 7009 895 7009 895 7010 3602 7010 893 7010 3603 7011 3604 7011 3242 7011 3635 7012 3604 7012 3603 7012 3242 7013 3604 7013 3605 7013 897 7014 3605 7014 3606 7014 897 7015 3242 7015 3605 7015 900 7016 3606 7016 3607 7016 900 7017 897 7017 3606 7017 903 7018 3607 7018 3608 7018 903 7019 900 7019 3607 7019 906 7020 3608 7020 3609 7020 906 7021 903 7021 3608 7021 910 7022 3609 7022 3610 7022 910 7023 906 7023 3609 7023 913 7024 3610 7024 3611 7024 913 7025 910 7025 3610 7025 915 7026 3611 7026 3612 7026 915 7027 913 7027 3611 7027 918 7028 3612 7028 3613 7028 918 7029 915 7029 3612 7029 914 7030 3613 7030 3614 7030 914 7031 918 7031 3613 7031 912 7032 3614 7032 3615 7032 912 7033 914 7033 3614 7033 908 7034 3615 7034 3616 7034 908 7035 912 7035 3615 7035 904 7036 3616 7036 3617 7036 904 7037 908 7037 3616 7037 902 7038 3617 7038 3618 7038 902 7039 904 7039 3617 7039 899 7040 902 7040 3618 7040 899 7041 3618 7041 3601 7041 895 7042 899 7042 3601 7042 3619 7043 3620 7043 864 7043 864 7044 3620 7044 865 7044 2060 7045 865 7045 3620 7045 2060 7046 3620 7046 3621 7046 2063 7047 3621 7047 3622 7047 2063 7048 2060 7048 3621 7048 2065 7049 3622 7049 3623 7049 2065 7050 2063 7050 3622 7050 2067 7051 3623 7051 3624 7051 2067 7052 2065 7052 3623 7052 2069 7053 3624 7053 3625 7053 2069 7054 2067 7054 3624 7054 2071 7055 3625 7055 3626 7055 2071 7056 2069 7056 3625 7056 2073 7057 3626 7057 3627 7057 2073 7058 2071 7058 3626 7058 2075 7059 3627 7059 3628 7059 2075 7060 2073 7060 3627 7060 2077 7061 3628 7061 3629 7061 2077 7062 2075 7062 3628 7062 2079 7063 3629 7063 3630 7063 2079 7064 2077 7064 3629 7064 2081 7065 3630 7065 3631 7065 2081 7066 2079 7066 3630 7066 2082 7067 3631 7067 3632 7067 2082 7068 2081 7068 3631 7068 2084 7069 3632 7069 3633 7069 2084 7070 2082 7070 3632 7070 2086 7071 3633 7071 3634 7071 2086 7072 2084 7072 3633 7072 2087 7073 3634 7073 3635 7073 2087 7074 2086 7074 3634 7074 3251 7075 3636 7075 1843 7075 1843 7076 3636 7076 2031 7076 2031 7077 3636 7077 3637 7077 2031 7078 3637 7078 3638 7078 2032 7079 3638 7079 3639 7079 2032 7080 2031 7080 3638 7080 2033 7081 3639 7081 3640 7081 2033 7082 2032 7082 3639 7082 2034 7083 3640 7083 3641 7083 2034 7084 2033 7084 3640 7084 2035 7085 3641 7085 3642 7085 2035 7086 2034 7086 3641 7086 2036 7087 3642 7087 3643 7087 2036 7088 2035 7088 3642 7088 2037 7089 3643 7089 3644 7089 2037 7090 2036 7090 3643 7090 2038 7091 3644 7091 3645 7091 2038 7092 2037 7092 3644 7092 2040 7093 3645 7093 3646 7093 2040 7094 2038 7094 3645 7094 2042 7095 3646 7095 3647 7095 2042 7096 2040 7096 3646 7096 2044 7097 3647 7097 3648 7097 2044 7098 2042 7098 3647 7098 2046 7099 3648 7099 3649 7099 2046 7100 2044 7100 3648 7100 2048 7101 3649 7101 3650 7101 2048 7102 2046 7102 3649 7102 2050 7103 3650 7103 3651 7103 2050 7104 2048 7104 3650 7104 2052 7105 2050 7105 3651 7105 2052 7106 3651 7106 3619 7106 864 7107 2052 7107 3619 7107 891 7108 3602 7108 3652 7108 891 7109 893 7109 3602 7109 889 7110 3652 7110 3653 7110 889 7111 891 7111 3652 7111 887 7112 3653 7112 3654 7112 887 7113 889 7113 3653 7113 886 7114 3654 7114 3655 7114 886 7115 887 7115 3654 7115 884 7116 3655 7116 3656 7116 884 7117 886 7117 3655 7117 882 7118 3656 7118 3657 7118 882 7119 884 7119 3656 7119 881 7120 3657 7120 3658 7120 881 7121 882 7121 3657 7121 879 7122 3658 7122 3659 7122 879 7123 881 7123 3658 7123 877 7124 3659 7124 3660 7124 877 7125 879 7125 3659 7125 876 7126 3660 7126 3661 7126 876 7127 877 7127 3660 7127 874 7128 3661 7128 3662 7128 874 7129 876 7129 3661 7129 872 7130 3662 7130 3663 7130 872 7131 874 7131 3662 7131 871 7132 3663 7132 3664 7132 871 7133 872 7133 3663 7133 868 7134 3664 7134 3665 7134 868 7135 871 7135 3664 7135 869 7136 3665 7136 3636 7136 869 7137 868 7137 3665 7137 3251 7138 869 7138 3636 7138 3635 7139 3603 7139 2087 7139 3644 7140 3666 7140 3645 7140 3643 7141 3667 7141 3644 7141 3644 7142 3667 7142 3666 7142 3666 7143 3668 7143 3645 7143 3645 7144 3668 7144 3646 7144 3643 7145 3669 7145 3667 7145 3642 7146 3669 7146 3643 7146 3668 7147 3670 7147 3646 7147 3646 7148 3670 7148 3647 7148 3642 7149 3671 7149 3669 7149 3641 7150 3671 7150 3642 7150 3670 7151 3672 7151 3647 7151 3647 7152 3672 7152 3648 7152 3641 7153 3673 7153 3671 7153 3640 7154 3673 7154 3641 7154 3672 7155 3674 7155 3648 7155 3648 7156 3674 7156 3649 7156 3640 7157 3675 7157 3673 7157 3639 7158 3675 7158 3640 7158 3674 7159 3676 7159 3649 7159 3649 7160 3676 7160 3650 7160 3639 7161 3677 7161 3675 7161 3638 7162 3677 7162 3639 7162 3676 7163 3678 7163 3650 7163 3650 7164 3678 7164 3651 7164 3638 7165 3679 7165 3677 7165 3637 7166 3679 7166 3638 7166 3678 7167 3680 7167 3651 7167 3651 7168 3680 7168 3619 7168 3637 7169 3681 7169 3679 7169 3680 7170 3682 7170 3619 7170 3637 7171 3683 7171 3681 7171 3682 7172 3684 7172 3619 7172 3637 7173 3685 7173 3683 7173 3684 7174 3686 7174 3619 7174 3637 7175 3687 7175 3685 7175 3686 7176 3688 7176 3619 7176 3637 7177 3689 7177 3687 7177 3688 7178 3690 7178 3619 7178 3637 7179 3691 7179 3689 7179 3690 7180 3692 7180 3619 7180 3637 7181 3693 7181 3691 7181 3692 7182 3694 7182 3619 7182 3637 7183 3695 7183 3693 7183 3694 7184 3696 7184 3619 7184 3637 7185 3697 7185 3695 7185 3698 7186 3620 7186 3696 7186 3699 7187 3620 7187 3698 7187 3700 7188 3620 7188 3699 7188 3701 7189 3620 7189 3700 7189 3696 7190 3620 7190 3619 7190 3637 7191 3636 7191 3697 7191 3702 7192 3636 7192 3703 7192 3704 7193 3636 7193 3702 7193 3705 7194 3636 7194 3704 7194 3697 7195 3636 7195 3705 7195 3701 7196 3706 7196 3620 7196 3636 7197 3707 7197 3703 7197 3706 7198 3708 7198 3620 7198 3636 7199 3709 7199 3707 7199 3708 7200 3710 7200 3620 7200 3636 7201 3711 7201 3709 7201 3710 7202 3712 7202 3620 7202 3636 7203 3713 7203 3711 7203 3620 7204 3714 7204 3621 7204 3712 7205 3714 7205 3620 7205 3636 7206 3715 7206 3713 7206 3665 7207 3715 7207 3636 7207 3621 7208 3716 7208 3622 7208 3714 7209 3716 7209 3621 7209 3665 7210 3717 7210 3715 7210 3664 7211 3717 7211 3665 7211 3622 7212 3718 7212 3623 7212 3716 7213 3718 7213 3622 7213 3664 7214 3719 7214 3717 7214 3663 7215 3719 7215 3664 7215 3623 7216 3720 7216 3624 7216 3718 7217 3720 7217 3623 7217 3662 7218 3721 7218 3663 7218 3663 7219 3721 7219 3719 7219 3624 7220 3722 7220 3625 7220 3720 7221 3722 7221 3624 7221 3661 7222 3723 7222 3662 7222 3662 7223 3723 7223 3721 7223 3722 7224 3724 7224 3625 7224 3724 7225 3626 7225 3625 7225 3660 7226 3725 7226 3661 7226 3661 7227 3725 7227 3723 7227 3724 7228 3726 7228 3626 7228 3660 7229 3727 7229 3725 7229 3726 7230 3627 7230 3626 7230 3660 7231 3659 7231 3727 7231 3726 7232 3728 7232 3627 7232 3659 7233 3729 7233 3727 7233 3659 7234 3658 7234 3729 7234 3728 7235 3628 7235 3627 7235 3728 7236 3730 7236 3628 7236 3658 7237 3731 7237 3729 7237 3658 7238 3657 7238 3731 7238 3732 7239 3629 7239 3730 7239 3730 7240 3629 7240 3628 7240 3657 7241 3733 7241 3731 7241 3733 7242 3656 7242 3734 7242 3657 7243 3656 7243 3733 7243 3735 7244 3630 7244 3732 7244 3732 7245 3630 7245 3629 7245 3656 7246 3655 7246 3734 7246 3734 7247 3655 7247 3736 7247 3737 7248 3631 7248 3735 7248 3735 7249 3631 7249 3630 7249 3736 7250 3654 7250 3738 7250 3655 7251 3654 7251 3736 7251 3737 7252 3632 7252 3631 7252 3739 7253 3632 7253 3737 7253 3738 7254 3653 7254 3740 7254 3654 7255 3653 7255 3738 7255 3739 7256 3633 7256 3632 7256 3741 7257 3633 7257 3739 7257 3740 7258 3652 7258 3742 7258 3653 7259 3652 7259 3740 7259 3741 7260 3634 7260 3633 7260 3743 7261 3634 7261 3741 7261 3744 7262 3602 7262 3745 7262 3746 7263 3602 7263 3744 7263 3747 7264 3602 7264 3746 7264 3742 7265 3602 7265 3747 7265 3652 7266 3602 7266 3742 7266 3743 7267 3635 7267 3634 7267 3748 7268 3635 7268 3743 7268 3749 7269 3635 7269 3748 7269 3750 7270 3635 7270 3749 7270 3751 7271 3635 7271 3750 7271 3751 7272 3752 7272 3635 7272 3602 7273 3753 7273 3745 7273 3752 7274 3754 7274 3635 7274 3602 7275 3755 7275 3753 7275 3754 7276 3756 7276 3635 7276 3602 7277 3757 7277 3755 7277 3756 7278 3758 7278 3635 7278 3602 7279 3759 7279 3757 7279 3758 7280 3760 7280 3635 7280 3602 7281 3601 7281 3759 7281 3761 7282 3601 7282 3762 7282 3763 7283 3601 7283 3761 7283 3764 7284 3601 7284 3763 7284 3765 7285 3601 7285 3764 7285 3766 7286 3601 7286 3765 7286 3767 7287 3601 7287 3766 7287 3768 7288 3601 7288 3767 7288 3769 7289 3601 7289 3768 7289 3759 7290 3601 7290 3769 7290 3760 7291 3604 7291 3635 7291 3770 7292 3604 7292 3760 7292 3771 7293 3604 7293 3770 7293 3772 7294 3604 7294 3771 7294 3773 7295 3604 7295 3772 7295 3774 7296 3604 7296 3773 7296 3775 7297 3604 7297 3774 7297 3776 7298 3604 7298 3775 7298 3777 7299 3604 7299 3776 7299 3778 7300 3604 7300 3777 7300 3762 7301 3618 7301 3779 7301 3601 7302 3618 7302 3762 7302 3780 7303 3605 7303 3778 7303 3778 7304 3605 7304 3604 7304 3618 7305 3617 7305 3779 7305 3779 7306 3617 7306 3781 7306 3780 7307 3606 7307 3605 7307 3782 7308 3606 7308 3780 7308 3617 7309 3616 7309 3781 7309 3781 7310 3616 7310 3783 7310 3784 7311 3607 7311 3782 7311 3782 7312 3607 7312 3606 7312 3616 7313 3615 7313 3783 7313 3783 7314 3615 7314 3785 7314 3784 7315 3608 7315 3607 7315 3786 7316 3608 7316 3784 7316 3615 7317 3614 7317 3785 7317 3785 7318 3614 7318 3787 7318 3788 7319 3609 7319 3786 7319 3786 7320 3609 7320 3608 7320 3614 7321 3613 7321 3787 7321 3787 7322 3613 7322 3789 7322 3788 7323 3610 7323 3609 7323 3790 7324 3610 7324 3788 7324 3613 7325 3612 7325 3789 7325 3789 7326 3612 7326 3791 7326 3790 7327 3611 7327 3610 7327 3612 7328 3611 7328 3791 7328 3791 7329 3611 7329 3790 7329 3760 7330 1114 7330 3770 7330 1109 7331 1114 7331 3760 7331 3770 7332 1118 7332 3771 7332 3771 7333 1118 7333 3772 7333 1114 7334 1118 7334 3770 7334 1118 7335 1122 7335 3772 7335 3772 7336 1126 7336 3773 7336 1122 7337 1126 7337 3772 7337 3773 7338 1130 7338 3774 7338 3774 7339 1130 7339 3775 7339 1126 7340 1130 7340 3773 7340 1130 7341 1134 7341 3775 7341 3775 7342 1138 7342 3776 7342 1134 7343 1138 7343 3775 7343 3776 7344 1142 7344 3777 7344 1138 7345 1142 7345 3776 7345 3777 7346 1145 7346 3778 7346 3778 7347 1145 7347 3780 7347 1142 7348 1145 7348 3777 7348 1145 7349 1149 7349 3780 7349 1149 7350 1154 7350 3780 7350 3780 7351 1154 7351 3782 7351 1154 7352 1158 7352 3782 7352 3782 7353 1158 7353 3784 7353 1158 7354 1161 7354 3784 7354 3784 7355 1161 7355 3786 7355 3786 7356 1166 7356 3788 7356 1161 7357 1166 7357 3786 7357 3788 7358 1170 7358 3790 7358 1166 7359 1170 7359 3788 7359 3790 7360 1171 7360 3791 7360 1170 7361 1171 7361 3790 7361 3791 7362 1167 7362 3789 7362 3789 7363 1167 7363 3787 7363 1171 7364 1167 7364 3791 7364 3787 7365 1163 7365 3785 7365 1167 7366 1163 7366 3787 7366 3785 7367 1159 7367 3783 7367 1163 7368 1159 7368 3785 7368 1159 7369 1155 7369 3783 7369 3783 7370 1151 7370 3781 7370 1155 7371 1151 7371 3783 7371 3781 7372 1147 7372 3779 7372 3779 7373 1147 7373 3762 7373 1151 7374 1147 7374 3781 7374 1147 7375 1143 7375 3762 7375 3762 7376 1139 7376 3761 7376 1143 7377 1139 7377 3762 7377 3761 7378 1135 7378 3763 7378 1139 7379 1135 7379 3761 7379 3763 7380 1131 7380 3764 7380 1135 7381 1131 7381 3763 7381 3764 7382 1127 7382 3765 7382 3765 7383 1127 7383 3766 7383 1131 7384 1127 7384 3764 7384 1127 7385 1123 7385 3766 7385 3766 7386 1119 7386 3767 7386 1123 7387 1119 7387 3766 7387 3767 7388 1115 7388 3768 7388 3768 7389 1115 7389 3769 7389 1119 7390 1115 7390 3767 7390 3769 7391 1111 7391 3759 7391 1115 7392 1111 7392 3769 7392 1111 7393 1106 7393 3759 7393 3759 7394 1102 7394 3757 7394 3757 7395 1102 7395 3755 7395 1106 7396 1102 7396 3759 7396 1102 7397 1098 7397 3755 7397 3755 7398 1094 7398 3753 7398 1098 7399 1094 7399 3755 7399 3753 7400 1090 7400 3745 7400 1094 7401 1090 7401 3753 7401 3745 7402 1086 7402 3744 7402 3744 7403 1086 7403 3746 7403 1090 7404 1086 7404 3745 7404 1086 7405 1082 7405 3746 7405 3746 7406 1082 7406 3747 7406 1082 7407 1078 7407 3747 7407 1078 7408 1074 7408 3747 7408 3747 7409 1074 7409 3742 7409 1074 7410 1070 7410 3742 7410 3742 7411 1070 7411 3740 7411 1070 7412 1066 7412 3740 7412 3740 7413 1066 7413 3738 7413 1066 7414 1062 7414 3738 7414 3738 7415 1062 7415 3736 7415 1062 7416 1058 7416 3736 7416 3736 7417 1058 7417 3734 7417 1058 7418 1054 7418 3734 7418 3734 7419 1054 7419 3733 7419 3733 7420 1054 7420 3731 7420 1054 7421 1050 7421 3731 7421 1050 7422 1046 7422 3731 7422 3731 7423 1046 7423 3729 7423 3729 7424 1046 7424 3727 7424 1046 7425 1042 7425 3727 7425 3727 7426 1038 7426 3725 7426 3725 7427 1038 7427 3723 7427 1042 7428 1038 7428 3727 7428 1038 7429 1033 7429 3723 7429 3723 7430 1029 7430 3721 7430 1033 7431 1029 7431 3723 7431 3721 7432 1025 7432 3719 7432 3719 7433 1025 7433 3717 7433 1029 7434 1025 7434 3721 7434 1025 7435 1021 7435 3717 7435 3717 7436 1017 7436 3715 7436 1021 7437 1017 7437 3717 7437 3715 7438 1013 7438 3713 7438 1017 7439 1013 7439 3715 7439 3713 7440 1009 7440 3711 7440 3711 7441 1009 7441 3709 7441 1013 7442 1009 7442 3713 7442 1009 7443 1005 7443 3709 7443 3709 7444 1001 7444 3707 7444 3707 7445 1001 7445 3703 7445 1005 7446 1001 7446 3709 7446 1001 7447 997 7447 3703 7447 3703 7448 992 7448 3702 7448 997 7449 992 7449 3703 7449 3702 7450 988 7450 3704 7450 992 7451 988 7451 3702 7451 988 7452 983 7452 3704 7452 3704 7453 983 7453 3705 7453 983 7454 985 7454 3705 7454 3705 7455 985 7455 3697 7455 985 7456 980 7456 3697 7456 3697 7457 980 7457 3695 7457 980 7458 975 7458 3695 7458 3695 7459 975 7459 3693 7459 975 7460 972 7460 3693 7460 3693 7461 972 7461 3691 7461 972 7462 968 7462 3691 7462 3691 7463 968 7463 3689 7463 968 7464 964 7464 3689 7464 3689 7465 964 7465 3687 7465 964 7466 960 7466 3687 7466 3687 7467 960 7467 3685 7467 960 7468 956 7468 3685 7468 3685 7469 956 7469 3683 7469 956 7470 952 7470 3683 7470 3683 7471 952 7471 3681 7471 952 7472 948 7472 3681 7472 3681 7473 948 7473 3679 7473 3679 7474 948 7474 3677 7474 948 7475 944 7475 3677 7475 944 7476 940 7476 3677 7476 3677 7477 940 7477 3675 7477 3675 7478 940 7478 3673 7478 940 7479 936 7479 3673 7479 936 7480 932 7480 3673 7480 3673 7481 932 7481 3671 7481 932 7482 928 7482 3671 7482 3671 7483 928 7483 3669 7483 928 7484 924 7484 3669 7484 3669 7485 924 7485 3667 7485 924 7486 920 7486 3667 7486 3667 7487 920 7487 3666 7487 920 7488 922 7488 3666 7488 3666 7489 922 7489 3668 7489 922 7490 926 7490 3668 7490 3668 7491 926 7491 3670 7491 926 7492 930 7492 3670 7492 3670 7493 930 7493 3672 7493 3672 7494 934 7494 3674 7494 930 7495 934 7495 3672 7495 3674 7496 938 7496 3676 7496 934 7497 938 7497 3674 7497 3676 7498 942 7498 3678 7498 938 7499 942 7499 3676 7499 3678 7500 946 7500 3680 7500 942 7501 946 7501 3678 7501 946 7502 950 7502 3680 7502 3680 7503 950 7503 3682 7503 950 7504 954 7504 3682 7504 3682 7505 954 7505 3684 7505 954 7506 958 7506 3684 7506 3684 7507 958 7507 3686 7507 958 7508 962 7508 3686 7508 3686 7509 962 7509 3688 7509 962 7510 966 7510 3688 7510 3688 7511 966 7511 3690 7511 966 7512 970 7512 3690 7512 3690 7513 970 7513 3692 7513 970 7514 974 7514 3692 7514 3692 7515 974 7515 3694 7515 974 7516 978 7516 3694 7516 3694 7517 978 7517 3696 7517 978 7518 982 7518 3696 7518 3696 7519 982 7519 3698 7519 982 7520 987 7520 3698 7520 3698 7521 987 7521 3699 7521 3699 7522 987 7522 3700 7522 987 7523 991 7523 3700 7523 991 7524 995 7524 3700 7524 3700 7525 995 7525 3701 7525 995 7526 999 7526 3701 7526 3701 7527 999 7527 3706 7527 3708 7528 1003 7528 3710 7528 999 7529 1003 7529 3706 7529 3706 7530 1003 7530 3708 7530 1003 7531 1007 7531 3710 7531 3710 7532 1011 7532 3712 7532 1007 7533 1011 7533 3710 7533 3712 7534 1015 7534 3714 7534 1011 7535 1015 7535 3712 7535 3714 7536 1019 7536 3716 7536 1015 7537 1019 7537 3714 7537 3716 7538 1023 7538 3718 7538 1019 7539 1023 7539 3716 7539 3718 7540 1027 7540 3720 7540 1023 7541 1027 7541 3718 7541 3720 7542 1031 7542 3722 7542 1027 7543 1031 7543 3720 7543 3722 7544 1036 7544 3724 7544 1031 7545 1036 7545 3722 7545 3724 7546 1040 7546 3726 7546 1036 7547 1040 7547 3724 7547 3726 7548 1044 7548 3728 7548 3728 7549 1044 7549 3730 7549 1040 7550 1044 7550 3726 7550 1044 7551 1049 7551 3730 7551 1049 7552 1052 7552 3730 7552 3730 7553 1052 7553 3732 7553 1052 7554 1056 7554 3732 7554 3732 7555 1056 7555 3735 7555 1056 7556 1060 7556 3735 7556 3735 7557 1060 7557 3737 7557 3737 7558 1064 7558 3739 7558 1060 7559 1064 7559 3737 7559 1064 7560 1069 7560 3739 7560 3739 7561 1069 7561 3741 7561 3741 7562 1072 7562 3743 7562 1069 7563 1072 7563 3741 7563 3743 7564 1077 7564 3748 7564 1072 7565 1077 7565 3743 7565 3748 7566 1081 7566 3749 7566 1077 7567 1081 7567 3748 7567 3749 7568 1085 7568 3750 7568 1081 7569 1085 7569 3749 7569 3750 7570 1089 7570 3751 7570 1085 7571 1089 7571 3750 7571 3751 7572 1093 7572 3752 7572 3752 7573 1093 7573 3754 7573 1089 7574 1093 7574 3751 7574 1093 7575 1097 7575 3754 7575 3754 7576 1101 7576 3756 7576 1097 7577 1101 7577 3754 7577 3756 7578 1104 7578 3758 7578 1101 7579 1104 7579 3756 7579 3758 7580 1109 7580 3760 7580 1104 7581 1109 7581 3758 7581 3792 7582 3797 7582 3795 7582 3795 7583 3797 7583 3796 7583 3793 7584 3797 7584 3792 7584 3796 7585 3798 7585 3794 7585 3800 7586 3797 7586 3793 7586 3794 7587 3798 7587 3799 7587 3800 7588 3798 7588 3797 7588 3797 7589 3798 7589 3796 7589 3798 7590 3801 7590 3799 7590 3802 7591 3801 7591 3800 7591 3800 7592 3801 7592 3798 7592 3801 7593 3803 7593 3799 7593 3799 7594 3803 7594 3804 7594 3805 7595 3803 7595 3802 7595 3802 7596 3803 7596 3801 7596 3803 7597 3808 7597 3804 7597 3804 7598 3808 7598 3806 7598 3803 7599 3807 7599 3808 7599 3809 7600 3807 7600 3805 7600 3805 7601 3807 7601 3803 7601 3807 7602 3812 7602 3808 7602 3809 7603 3812 7603 3807 7603 3808 7604 3811 7604 3806 7604 3806 7605 3811 7605 3810 7605 3808 7606 3812 7606 3811 7606 3813 7607 3812 7607 3809 7607 3811 7608 3814 7608 3810 7608 3810 7609 3814 7609 3815 7609 3812 7610 3818 7610 3811 7610 3811 7611 3818 7611 3814 7611 3817 7612 3818 7612 3813 7612 3813 7613 3818 7613 3812 7613 3814 7614 3816 7614 3815 7614 3814 7615 3820 7615 3816 7615 3818 7616 3820 7616 3814 7616 3815 7617 3816 7617 3819 7617 3817 7618 3820 7618 3818 7618 3821 7619 3820 7619 3817 7619 3816 7620 3822 7620 3819 7620 3820 7621 3823 7621 3816 7621 3816 7622 3823 7622 3822 7622 3821 7623 3823 7623 3820 7623 3824 7624 3823 7624 3821 7624 3824 7625 3826 7625 3823 7625 3823 7626 3826 7626 3822 7626 3822 7627 3825 7627 3819 7627 3819 7628 3825 7628 3827 7628 3822 7629 3826 7629 3825 7629 3825 7630 3828 7630 3827 7630 3825 7631 3829 7631 3828 7631 3831 7632 3829 7632 3824 7632 3826 7633 3829 7633 3825 7633 3824 7634 3829 7634 3826 7634 3827 7635 3828 7635 3830 7635 3831 7636 3832 7636 3829 7636 3829 7637 3832 7637 3828 7637 3828 7638 3834 7638 3830 7638 3830 7639 3834 7639 3835 7639 3832 7640 3833 7640 3828 7640 3828 7641 3833 7641 3834 7641 3836 7642 3833 7642 3831 7642 3831 7643 3833 7643 3832 7643 3833 7644 3837 7644 3834 7644 3833 7645 3840 7645 3837 7645 3836 7646 3840 7646 3833 7646 3835 7647 3837 7647 3838 7647 3834 7648 3837 7648 3835 7648 3837 7649 3839 7649 3838 7649 3837 7650 3841 7650 3839 7650 3840 7651 3841 7651 3837 7651 3842 7652 3840 7652 3836 7652 3842 7653 3841 7653 3840 7653 3841 7654 3846 7654 3839 7654 3843 7655 3846 7655 3842 7655 3842 7656 3846 7656 3841 7656 3839 7657 3845 7657 3838 7657 3838 7658 3845 7658 3844 7658 3839 7659 3846 7659 3845 7659 3847 7660 3846 7660 3843 7660 3845 7661 3850 7661 3844 7661 3846 7662 3851 7662 3845 7662 3845 7663 3851 7663 3850 7663 3848 7664 3851 7664 3847 7664 3847 7665 3851 7665 3846 7665 3844 7666 3850 7666 3849 7666 3848 7667 3855 7667 3851 7667 3850 7668 3852 7668 3849 7668 3851 7669 3852 7669 3850 7669 3851 7670 3855 7670 3852 7670 3853 7671 3856 7671 3848 7671 3848 7672 3856 7672 3855 7672 3849 7673 3852 7673 3854 7673 3857 7674 3856 7674 3853 7674 3852 7675 3858 7675 3854 7675 3855 7676 3859 7676 3852 7676 3852 7677 3859 7677 3858 7677 3856 7678 3859 7678 3855 7678 3857 7679 3859 7679 3856 7679 3859 7680 3860 7680 3858 7680 3857 7681 3860 7681 3859 7681 3858 7682 3861 7682 3854 7682 3858 7683 3862 7683 3861 7683 3860 7684 3862 7684 3858 7684 3864 7685 3860 7685 3857 7685 3864 7686 3865 7686 3860 7686 3860 7687 3865 7687 3862 7687 3861 7688 3862 7688 3863 7688 3862 7689 3867 7689 3863 7689 3862 7690 3865 7690 3867 7690 3868 7691 3865 7691 3864 7691 3863 7692 3867 7692 3866 7692 3865 7693 3870 7693 3867 7693 3868 7694 3870 7694 3865 7694 3867 7695 3869 7695 3866 7695 3870 7696 3869 7696 3867 7696 3871 7697 3870 7697 3868 7697 3870 7698 3872 7698 3869 7698 3871 7699 3872 7699 3870 7699 3869 7700 3872 7700 3873 7700 3874 7701 3872 7701 3871 7701 3869 7702 3873 7702 3866 7702 3866 7703 3873 7703 3875 7703 3875 7704 3877 7704 3878 7704 3873 7705 3877 7705 3875 7705 3876 7706 3873 7706 3874 7706 3874 7707 3873 7707 3872 7707 3876 7708 3877 7708 3873 7708 3880 7709 3877 7709 3876 7709 3877 7710 3879 7710 3878 7710 3880 7711 3879 7711 3877 7711 3878 7712 3879 7712 3881 7712 3883 7713 3882 7713 3880 7713 3880 7714 3882 7714 3879 7714 3879 7715 3882 7715 3881 7715 3882 7716 3884 7716 3881 7716 3882 7717 3886 7717 3884 7717 3883 7718 3886 7718 3882 7718 3887 7719 3886 7719 3883 7719 3881 7720 3884 7720 3885 7720 3886 7721 3890 7721 3884 7721 3884 7722 3890 7722 3888 7722 3884 7723 3888 7723 3885 7723 3887 7724 3890 7724 3886 7724 3885 7725 3888 7725 3889 7725 3891 7726 3890 7726 3887 7726 3888 7727 3892 7727 3889 7727 3890 7728 3892 7728 3888 7728 3891 7729 3893 7729 3890 7729 3889 7730 3892 7730 3895 7730 3890 7731 3893 7731 3892 7731 3896 7732 3893 7732 3891 7732 3892 7733 3894 7733 3895 7733 3893 7734 3897 7734 3892 7734 3896 7735 3897 7735 3893 7735 3895 7736 3894 7736 3900 7736 3892 7737 3897 7737 3894 7737 3899 7738 3897 7738 3896 7738 3894 7739 3898 7739 3900 7739 3897 7740 3901 7740 3894 7740 3899 7741 3901 7741 3897 7741 3894 7742 3901 7742 3898 7742 3898 7743 3904 7743 3900 7743 3898 7744 3901 7744 3904 7744 3902 7745 3901 7745 3899 7745 3900 7746 3904 7746 3903 7746 3901 7747 3905 7747 3904 7747 3906 7748 3905 7748 3902 7748 3902 7749 3905 7749 3901 7749 3904 7750 3910 7750 3903 7750 3904 7751 3905 7751 3910 7751 3906 7752 3907 7752 3905 7752 3905 7753 3907 7753 3910 7753 3908 7754 3907 7754 3906 7754 3910 7755 3913 7755 3903 7755 3903 7756 3913 7756 3909 7756 3910 7757 3911 7757 3913 7757 3907 7758 3911 7758 3910 7758 3908 7759 3911 7759 3907 7759 3912 7760 3911 7760 3908 7760 3912 7761 3914 7761 3911 7761 3911 7762 3914 7762 3913 7762 3913 7763 3914 7763 3909 7763 3915 7764 3914 7764 3912 7764 3909 7765 3916 7765 3917 7765 3914 7766 3916 7766 3909 7766 3915 7767 3918 7767 3914 7767 3914 7768 3918 7768 3916 7768 3920 7769 3918 7769 3915 7769 3918 7770 3919 7770 3916 7770 3917 7771 3923 7771 3922 7771 3916 7772 3923 7772 3917 7772 3916 7773 3919 7773 3923 7773 3920 7774 3919 7774 3918 7774 3921 7775 3919 7775 3920 7775 3919 7776 3924 7776 3923 7776 3921 7777 3924 7777 3919 7777 3922 7778 3923 7778 3925 7778 3923 7779 3926 7779 3925 7779 3923 7780 3924 7780 3926 7780 3924 7781 3930 7781 3926 7781 3921 7782 3930 7782 3924 7782 3928 7783 3930 7783 3921 7783 3925 7784 3926 7784 3927 7784 3926 7785 3929 7785 3927 7785 3930 7786 3929 7786 3926 7786 3931 7787 3930 7787 3928 7787 3930 7788 3933 7788 3929 7788 3929 7789 3933 7789 3932 7789 3931 7790 3933 7790 3930 7790 3927 7791 3932 7791 3934 7791 3929 7792 3932 7792 3927 7792 3936 7793 3933 7793 3931 7793 3932 7794 3935 7794 3934 7794 3933 7795 3935 7795 3932 7795 3936 7796 3935 7796 3933 7796 3934 7797 3935 7797 3937 7797 3936 7798 3938 7798 3935 7798 3942 7799 3938 7799 3936 7799 3935 7800 3938 7800 3937 7800 3942 7801 3941 7801 3938 7801 3938 7802 3940 7802 3937 7802 3938 7803 3941 7803 3940 7803 3937 7804 3940 7804 3939 7804 3946 7805 3941 7805 3942 7805 3939 7806 3944 7806 3943 7806 3940 7807 3944 7807 3939 7807 3941 7808 3945 7808 3940 7808 3940 7809 3945 7809 3944 7809 3946 7810 3945 7810 3941 7810 3944 7811 3947 7811 3943 7811 3943 7812 3947 7812 3948 7812 3945 7813 3947 7813 3944 7813 3946 7814 3949 7814 3945 7814 3945 7815 3949 7815 3947 7815 3950 7816 3949 7816 3946 7816 3947 7817 3949 7817 3952 7817 3947 7818 3952 7818 3948 7818 3949 7819 3956 7819 3952 7819 3950 7820 3956 7820 3949 7820 3953 7821 3956 7821 3950 7821 3948 7822 3952 7822 3951 7822 3951 7823 3955 7823 3954 7823 3952 7824 3955 7824 3951 7824 3956 7825 3955 7825 3952 7825 3958 7826 3956 7826 3953 7826 3955 7827 3957 7827 3954 7827 3956 7828 3959 7828 3955 7828 3958 7829 3959 7829 3956 7829 3955 7830 3959 7830 3957 7830 3960 7831 3963 7831 3958 7831 3959 7832 3963 7832 3957 7832 3958 7833 3963 7833 3959 7833 3954 7834 3961 7834 3962 7834 3957 7835 3961 7835 3954 7835 3957 7836 3963 7836 3961 7836 3961 7837 3964 7837 3962 7837 3961 7838 3963 7838 3964 7838 3967 7839 3968 7839 3960 7839 3960 7840 3968 7840 3963 7840 3963 7841 3968 7841 3964 7841 3962 7842 3966 7842 3965 7842 3964 7843 3966 7843 3962 7843 3964 7844 3968 7844 3966 7844 3966 7845 3969 7845 3965 7845 3968 7846 3970 7846 3966 7846 3971 7847 3970 7847 3967 7847 3967 7848 3970 7848 3968 7848 3966 7849 3970 7849 3969 7849 3970 7850 3972 7850 3969 7850 3973 7851 3972 7851 3971 7851 3971 7852 3972 7852 3970 7852 3965 7853 3969 7853 3974 7853 3969 7854 3975 7854 3974 7854 3969 7855 3972 7855 3975 7855 3972 7856 3978 7856 3975 7856 3973 7857 3978 7857 3972 7857 3979 7858 3978 7858 3973 7858 3974 7859 3977 7859 3976 7859 3975 7860 3977 7860 3974 7860 3975 7861 3978 7861 3977 7861 3978 7862 3980 7862 3977 7862 3979 7863 3980 7863 3978 7863 3976 7864 3977 7864 3982 7864 3981 7865 3980 7865 3979 7865 3977 7866 3983 7866 3982 7866 3977 7867 3980 7867 3983 7867 3982 7868 3983 7868 3986 7868 3980 7869 3984 7869 3983 7869 3985 7870 3984 7870 3981 7870 3981 7871 3984 7871 3980 7871 3983 7872 3987 7872 3986 7872 3984 7873 3987 7873 3983 7873 3984 7874 3989 7874 3987 7874 3990 7875 3989 7875 3985 7875 3985 7876 3989 7876 3984 7876 3986 7877 3988 7877 3991 7877 3987 7878 3988 7878 3986 7878 3987 7879 3989 7879 3988 7879 3988 7880 3992 7880 3991 7880 3991 7881 3992 7881 3994 7881 3989 7882 3993 7882 3988 7882 3990 7883 3993 7883 3989 7883 3996 7884 3993 7884 3990 7884 3988 7885 3993 7885 3992 7885 3992 7886 3993 7886 3997 7886 3992 7887 3995 7887 3994 7887 3992 7888 3997 7888 3995 7888 3996 7889 3997 7889 3993 7889 3998 7890 3997 7890 3996 7890 3997 7891 3999 7891 3995 7891 3998 7892 3999 7892 3997 7892 3995 7893 3795 7893 3994 7893 3994 7894 3795 7894 4000 7894 3995 7895 3999 7895 3795 7895 3795 7896 3796 7896 4000 7896 4000 7897 3796 7897 3794 7897 3793 7898 3792 7898 3998 7898 3998 7899 3792 7899 3999 7899 3999 7900 3792 7900 3795 7900 3921 7901 3925 7901 3928 7901 3921 7902 3922 7902 3925 7902 3920 7903 3922 7903 3921 7903 3925 7904 3927 7904 3928 7904 3928 7905 3927 7905 3931 7905 3920 7906 3917 7906 3922 7906 3915 7907 3917 7907 3920 7907 3927 7908 3934 7908 3931 7908 3931 7909 3934 7909 3936 7909 3915 7910 3909 7910 3917 7910 3915 7911 3912 7911 3909 7911 3936 7912 3937 7912 3942 7912 3934 7913 3937 7913 3936 7913 3912 7914 3908 7914 3909 7914 3908 7915 3903 7915 3909 7915 3937 7916 3939 7916 3942 7916 3908 7917 3906 7917 3903 7917 3942 7918 3939 7918 3946 7918 3939 7919 3943 7919 3946 7919 3906 7920 3902 7920 3903 7920 3902 7921 3900 7921 3903 7921 3943 7922 3948 7922 3946 7922 3946 7923 3948 7923 3950 7923 3902 7924 3899 7924 3900 7924 3950 7925 3948 7925 3953 7925 3948 7926 3951 7926 3953 7926 3896 7927 3895 7927 3899 7927 3899 7928 3895 7928 3900 7928 3953 7929 3951 7929 3958 7929 3951 7930 3954 7930 3958 7930 3896 7931 3889 7931 3895 7931 3891 7932 3889 7932 3896 7932 3958 7933 3954 7933 3960 7933 3891 7934 3887 7934 3889 7934 3887 7935 3885 7935 3889 7935 3954 7936 3962 7936 3960 7936 3960 7937 3962 7937 3967 7937 3887 7938 3881 7938 3885 7938 3883 7939 3881 7939 3887 7939 3967 7940 3965 7940 3971 7940 3962 7941 3965 7941 3967 7941 3883 7942 3880 7942 3881 7942 3971 7943 3965 7943 3973 7943 3880 7944 3878 7944 3881 7944 3965 7945 3974 7945 3973 7945 3876 7946 3878 7946 3880 7946 3973 7947 3974 7947 3979 7947 3878 7948 3876 7948 3875 7948 3974 7949 3976 7949 3979 7949 3876 7950 3874 7950 3875 7950 3875 7951 3874 7951 3866 7951 3976 7952 3982 7952 3979 7952 3982 7953 3981 7953 3979 7953 3874 7954 3871 7954 3866 7954 3982 7955 3985 7955 3981 7955 3871 7956 3868 7956 3866 7956 3982 7957 3986 7957 3985 7957 3866 7958 3868 7958 3863 7958 3986 7959 3990 7959 3985 7959 3868 7960 3864 7960 3863 7960 3991 7961 3990 7961 3986 7961 3863 7962 3864 7962 3861 7962 3991 7963 3996 7963 3990 7963 3864 7964 3854 7964 3861 7964 3994 7965 3996 7965 3991 7965 3864 7966 3857 7966 3854 7966 3994 7967 3998 7967 3996 7967 3857 7968 3849 7968 3854 7968 3857 7969 3853 7969 3849 7969 4000 7970 3998 7970 3994 7970 3853 7971 3848 7971 3849 7971 4000 7972 3793 7972 3998 7972 3794 7973 3793 7973 4000 7973 3849 7974 3847 7974 3844 7974 3848 7975 3847 7975 3849 7975 3794 7976 3800 7976 3793 7976 3847 7977 3843 7977 3844 7977 3799 7978 3800 7978 3794 7978 3844 7979 3843 7979 3838 7979 3799 7980 3802 7980 3800 7980 3843 7981 3842 7981 3838 7981 3799 7982 3804 7982 3802 7982 3804 7983 3805 7983 3802 7983 3842 7984 3836 7984 3838 7984 3838 7985 3836 7985 3835 7985 3806 7986 3809 7986 3804 7986 3804 7987 3809 7987 3805 7987 3836 7988 3830 7988 3835 7988 3836 7989 3831 7989 3830 7989 3830 7990 3831 7990 3827 7990 3806 7991 3813 7991 3809 7991 3810 7992 3813 7992 3806 7992 3831 7993 3824 7993 3827 7993 3827 7994 3824 7994 3819 7994 3810 7995 3817 7995 3813 7995 3815 7996 3817 7996 3810 7996 3815 7997 3821 7997 3817 7997 3819 7998 3821 7998 3815 7998 3824 7999 3821 7999 3819 7999</p>
                </triangles>
            </mesh>
        </geometry>
    </library_geometries>
    <library_visual_scenes>
        <visual_scene id="VisualSceneNode" name="VisualScene">
            <node id="node" name="node">
                <instance_geometry url="#shape0-lib"/>
            </node>
        </visual_scene>
    </library_visual_scenes>
    <scene>
        <instance_visual_scene url="#VisualSceneNode"/>
    </scene>
</COLLADA>
