<?xml version="1.0" encoding="UTF-8"?>
<COLLADA xmlns="http://www.collada.org/2005/11/COLLADASchema" version="1.4.1">
    <asset>
        <contributor>
            <author>VCGLab</author>
            <authoring_tool>VCGLib | MeshLab</authoring_tool>
        </contributor>
        <created>Mi. Jan. 4 15:16:58 2023 GMT</created>
        <modified>Mi. Jan. 4 15:16:58 2023 GMT</modified>
        <up_axis>Y_UP</up_axis>
    </asset>
    <library_geometries>
        <geometry id="shape0-lib" name="shape0">
            <mesh>
                <source id="shape0-lib-positions" name="position">
                    <float_array id="shape0-lib-positions-array" count="11988">-0.052 -0.0574197 0.00310531 -0.052 -0.0594527 -0.000390381 -0.039 -0.0592468 -0.000391334 -0.052 -0.0580164 -0.00254115 -0.039 -0.0550358 -0.00221142 -0.052 -0.0529987 -0.000795454 -0.052 -0.0531002 0.00171605 -0.039 -0.0557527 0.00226155 0.119 -0.0723709 0.266878 0.119 -0.0727381 0.265791 0.119 -0.0758172 0.263233 0.119 -0.0687497 0.270349 0.119 -0.0761748 0.262079 0.119 -0.0790801 0.259423 0.119 -0.0649621 0.273638 0.119 -0.0672262 0.271003 0.119 -0.0821517 0.255457 0.119 -0.0610174 0.276737 0.119 -0.0613804 0.275837 0.119 -0.0809473 0.256183 0.119 -0.0850247 0.251345 0.119 -0.0569252 0.279638 0.119 -0.039 0.301 0.119 -0.0552592 0.280623 0.119 -0.039 0.3 0.119 -0.0565096 0.279426 0.119 -0.0853178 0.249983 0.119 -0.087692 0.247097 0.119 -0.0891587 0.243441 0.119 -0.0901473 0.242723 0.119 -0.0923845 0.238233 0.119 -0.0943983 0.233639 0.119 -0.093537 0.234327 0.119 -0.0961837 0.228951 0.119 -0.0962433 0.227241 0.119 -0.0977365 0.224182 0.119 -0.09773 0.222406 0.119 -0.099053 0.219341 0.119 -0.0989741 0.217503 0.119 -0.10013 0.214442 0.119 -0.100965 0.209496 0.119 -0.100347 0.210043 0.119 -0.101555 0.204514 0.119 -0.101222 0.202507 0.119 -0.1019 0.19951 0.119 -0.10147 0.197455 0.119 -0.101999 0.194495 0.119 -0.101851 0.189481 0.119 -0.101339 0.18987 0.119 -0.101456 0.18448 0.119 -0.100704 0.182311 0.119 -0.100816 0.179505 0.119 -0.0994437 0.174831 0.119 -0.0999325 0.174567 0.119 -0.0988071 0.169679 0.119 -0.0976897 0.16745 0.119 -0.0974427 0.164852 0.119 0.039 0.301 0.119 -0.0958427 0.160098 0.119 -0.0953293 0.160242 0.119 -0.0940109 0.155428 0.119 -0.0924954 0.153205 0.119 -0.0919517 0.150854 0.119 -0.0902982 0.148648 0.119 -0.0896702 0.146387 0.119 -0.0865569 0.142049 0.119 -0.0871717 0.142037 0.119 0.039 0.3 0.119 0.056925 0.279638 0.119 -0.0844625 0.137815 0.119 0.056633 0.279309 0.119 -0.0823854 0.135714 0.119 0.061004 0.276746 0.119 -0.0815489 0.133732 0.119 -0.0793293 0.131682 0.119 0.066825 0.27202 0.119 -0.0784382 0.129797 0.119 0.063231 0.274359 0.119 -0.0760761 0.127809 0.119 -0.0751377 0.126019 0.119 0.068884 0.269547 0.119 0.072325 0.266924 0.119 -0.0716555 0.122409 0.119 0.072437 0.266099 0.119 -0.0708228 0.122337 0.119 0.075763 0.263293 0.119 -0.068 0.118974 0.119 0.075818 0.262483 0.119 -0.0652175 0.117225 0.119 0.079019 0.259498 0.119 0.079018 0.258705 0.119 0.083519 0.253501 0.119 0.08344 0.252741 0.119 0.087618 0.247222 0.119 0.087464 0.246501 0.119 -0.0585 0.0889999 0.119 -0.048522 0.105849 0.119 -0.0550285 0.109749 0.119 -0.0612616 0.114073 0.119 0.09119 0.24063 0.119 0.090968 0.239956 0.119 -0.0417144 0.102502 0.119 0.094325 0.233819 0.119 0.094039 0.233196 0.119 -0.068 0.0695001 0.119 -0.0346995 0.099615 0.119 0.096114 0.22915 0.119 0.09579 0.228565 0.119 -0.0585 0.0695001 0.119 0.098333 0.221988 0.119 0.097958 0.221465 0.119 0.10008 0.214696 0.119 0.09966 0.214238 0.119 0.101227 0.207286 0.119 0.10077 0.206896 0.119 0.101886 0.199817 0.119 0.1014 0.199499 0.119 0.102 0.194818 0.119 0.101499 0.194549 0.119 0.10168 0.187327 0.119 0.101164 0.187132 0.119 0.100872 0.179873 0.119 0.100348 0.179753 0.119 0.10001 0.174948 0.119 0.099485 0.174877 0.119 0.098907 0.170071 0.119 0.098386 0.17005 0.119 0.096779 0.162881 0.119 0.09627 0.162933 0.119 0.094186 0.155846 0.119 0.093696 0.15597 0.119 0.091027 0.149046 0.119 0.090565 0.149238 0.119 0.087431 0.142466 0.119 0.087002 0.142724 0.119 0 0.0935 0.119 0.04769 0.0930001 0.119 0.052015 0.0935 0.119 0.05445 0.0939161 0.119 0.06034 0.09835 0.119 0.055897 0.0931207 0.119 0.058459 0.0942494 0.119 0.058678 0.0964798 0.119 -0.005057 0.0936262 0.119 -0.0101014 0.0940038 0.119 -0.0151207 0.094633 0.119 -0.0201026 0.0955111 0.119 -0.0274692 0.0973205 0.119 0.039895 0.0929071 -0.058 -0.0321668 0.00313559 -0.052 -0.0319111 0.0026969 -0.058 -0.0341196 0.00451508 -0.052 -0.0342588 0.00462618 -0.052 -0.0367393 0.00491276 -0.058 -0.0378506 0.00456873 -0.058 -0.0398718 0.00310722 -0.052 -0.0389621 0.00391021 -0.058 -0.0407125 7.38204e-05 -0.052 -0.0407224 0.000285774 -0.052 -0.0393084 -0.00364432 -0.058 -0.0383973 -0.00421104 -0.052 -0.036236 -0.00490579 -0.052 -0.0330032 -0.00380716 -0.058 -0.0341778 -0.00453648 -0.058 -0.0315737 -0.00136241 -0.052 -0.0311518 -0.00069198 0.0852892 -0.089 0.0350005 0.0855869 -0.0775 0.0350153 0.0876592 -0.0775 0.0348348 0.087612 -0.089 0.0348507 0.0895996 -0.089 0.0340814 0.0906492 -0.0775 0.0332963 0.0927866 -0.0775 0.0309626 0.0919868 -0.089 0.0320653 0.093733 -0.0775 0.0271241 0.0935468 -0.089 0.028633 0.0935337 -0.089 0.0250005 0.0924959 -0.0775 0.0227336 0.0919431 -0.089 0.0219711 0.0900773 -0.0775001 0.020368 0.0862288 -0.0775 0.0191413 0.0867245 -0.089 0.0192463 0.0830025 -0.077504 0.0194906 0.0807734 -0.0775 0.0208766 0.0818676 -0.089 0.0201952 0.0788741 -0.0775 0.0235089 0.0799342 -0.089 0.0217229 0.0780876 -0.089 0.0255236 0.0779361 -0.0775 0.027929 0.0780813 -0.089 0.0288841 0.0789818 -0.089 0.0311348 0.079067 -0.0775 0.0312006 0.0803727 -0.089 0.0328766 0.0822731 -0.089 0.0341717 0.0812083 -0.0775 0.0335414 0.0832452 -0.0775 0.0346145 0.254045 -0.0302772 0.191212 0.25405 -0.0298952 0.188957 0.261 -0.0275313 0.181806 0.254048 -0.0272955 0.181448 0.254047 -0.0232389 0.175214 0.254035 -0.0221226 0.173966 0.254043 -0.0165983 0.16941 0.254043 -0.0151253 0.168486 0.254048 -0.0118767 0.166916 0.261 -0.0104021 0.166307 0.254049 -0.0086994 0.16578 0.254041 -0.0060923 0.165101 0.254046 -0.0031326 0.164669 0.254035 0.0040156 0.164744 0.254044 0.0068699 0.16528 0.25404 0.0108619 0.166473 0.254046 0.0132917 0.167532 0.254046 0.0159323 0.168976 0.254038 0.021638 0.173484 0.254047 0.0229151 0.174849 0.254044 0.0242014 0.176434 0.254043 0.0257635 0.178638 0.254042 0.0268165 0.180411 0.254048 0.0278549 0.182559 0.254044 0.028773 0.184867 0.254044 0.0302902 0.19129 0.254047 0.0304907 0.194321 0.254043 0.0303372 0.198225 0.254046 0.0300779 0.200082 0.254046 0.0295562 0.202627 0.254042 0.0287287 0.205246 0.254048 0.0272833 0.208604 0.254044 0.0249329 0.212546 0.254048 0.022844 0.21522 0.254044 0.0178355 0.219745 0.25405 0.0097138 0.223912 0.254048 0.007903 0.224474 0.254043 0.0064102 0.224836 0.25405 0.0030359 0.225339 0.261 0.0002781 0.225526 0.254049 0.000204802 0.225495 0.254046 -0.0037414 0.225248 0.254046 -0.007803 0.224489 0.254046 -0.0092514 0.224067 0.254046 -0.010684 0.223572 0.254046 -0.0127521 0.222701 0.254046 -0.0190601 0.218835 0.254036 -0.0205178 0.217604 0.254047 -0.0223979 0.215729 0.254039 -0.0265458 0.210047 0.254045 -0.0278439 0.207483 0.254049 -0.0290316 0.204293 0.254045 -0.0301551 0.199537 0.254046 -0.0304624 0.196516 0.25405 0.0198997 0.215402 0.25405 0.020892 0.214385 0.25405 0.0188581 0.216369 0.25405 0.0218323 0.213319 0.25405 0.0177695 0.217282 0.25405 0.0227183 0.212208 0.25405 0.0166367 0.21814 0.25405 0.0235478 0.211055 0.25405 0.0154626 0.218941 0.25405 0.0243188 0.209861 0.25405 0.01425 0.219682 0.25405 0.0250293 0.20863 0.25405 0.013002 0.220361 0.25405 0.0256776 0.207366 0.25405 0.0117217 0.220978 0.25405 0.026262 0.20607 0.25405 0.0104122 0.22153 0.25405 0.0267813 0.204748 0.25405 0.0090769 0.222016 0.25405 0.0272338 0.203401 0.25405 0.007719 0.222435 0.25405 0.0276187 0.202033 0.25405 0.0063419 0.222785 0.25405 0.0279349 0.200647 0.25405 0.004949 0.223067 0.25405 0.0281817 0.199248 0.25405 0.0035438 0.223279 0.25405 0.0283584 0.197838 0.25405 0.0021298 0.22342 0.25405 0.0284646 0.196421 0.25405 0.000710502 0.223491 0.25405 0.0285 0.195 0.25405 -0.000710499 0.223491 0.25405 0.0284646 0.193579 0.25405 -0.0021298 0.22342 0.25405 0.0283584 0.192162 0.25405 -0.0035438 0.223279 0.25405 0.0281817 0.190752 0.25405 -0.004949 0.223067 0.25405 0.0279349 0.189353 0.25405 -0.0063419 0.222785 0.25405 0.0276187 0.187967 0.25405 -0.007719 0.222435 0.25405 0.0272338 0.186599 0.25405 -0.0090769 0.222016 0.25405 0.0267813 0.185252 0.25405 -0.0104122 0.22153 0.25405 0.026262 0.18393 0.25405 -0.0117217 0.220978 0.25405 0.0256776 0.182634 0.25405 -0.013002 0.220361 0.25405 0.0250293 0.18137 0.25405 -0.01425 0.219682 0.25405 0.0243188 0.180139 0.25405 -0.0154626 0.218941 0.25405 0.0235478 0.178945 0.25405 -0.0166367 0.21814 0.25405 0.0227183 0.177792 0.25405 -0.0177695 0.217282 0.25405 0.0218323 0.176681 0.25405 -0.0188581 0.216369 0.25405 0.020892 0.175615 0.25405 -0.0198997 0.215402 0.25405 0.0198997 0.174598 0.25405 -0.020892 0.214385 0.25405 0.0188581 0.173631 0.25405 -0.0218323 0.213319 0.25405 0.0177695 0.172718 0.25405 -0.0227183 0.212208 0.25405 0.0166367 0.17186 0.25405 -0.0235478 0.211055 0.25405 0.0154626 0.171059 0.25405 -0.0243188 0.209861 0.25405 0.01425 0.170318 0.25405 -0.0250293 0.20863 0.25405 0.013002 0.169639 0.25405 -0.0256776 0.207366 0.25405 0.0117217 0.169022 0.25405 -0.026262 0.20607 0.25405 -0.0267813 0.204748 0.25405 0.0104122 0.16847 0.25405 0.0090769 0.167984 0.25405 -0.0272338 0.203401 0.25405 0.007719 0.167565 0.25405 -0.0276187 0.202033 0.25405 0.0063419 0.167215 0.25405 -0.0279349 0.200647 0.25405 -0.0281817 0.199248 0.25405 0.004949 0.166933 0.25405 0.0035438 0.166721 0.25405 -0.0283584 0.197838 0.25405 0.0021298 0.16658 0.25405 -0.0284646 0.196421 0.25405 0.000710502 0.166509 0.25405 -0.0284646 0.193579 0.25405 -0.0285 0.195 0.25405 -0.000710499 0.166509 0.25405 -0.0021298 0.16658 0.25405 -0.0283584 0.192162 0.25405 -0.0281817 0.190752 0.25405 -0.0035438 0.166721 0.25405 -0.0279349 0.189353 0.25405 -0.004949 0.166933 0.25405 -0.0063419 0.167215 0.25405 -0.0276187 0.187967 0.25405 -0.007719 0.167565 0.25405 -0.0090769 0.167984 0.25405 -0.0272338 0.186599 0.25405 -0.0267813 0.185252 0.25405 -0.026262 0.18393 0.25405 -0.0104122 0.16847 0.25405 -0.0117217 0.169022 0.25405 -0.0256776 0.182634 0.25405 -0.013002 0.169639 0.25405 -0.01425 0.170318 0.25405 -0.0250293 0.18137 0.25405 -0.0243188 0.180139 0.25405 -0.0154626 0.171059 0.25405 -0.0235478 0.178945 0.25405 -0.0166367 0.17186 0.25405 -0.0227183 0.177792 0.25405 -0.0177695 0.172718 0.25405 -0.0218323 0.176681 0.25405 -0.0188581 0.173631 0.25405 -0.020892 0.175615 0.25405 -0.0198997 0.174598 0.114 -0.0459285 0.193282 0.112 -0.0458714 0.192137 0.114 -0.0449404 0.185624 0.112 -0.044777 0.18478 0.114 -0.0428069 0.178199 0.112 -0.0428069 0.178199 0.114 -0.0414445 0.175041 0.112 -0.0409214 0.17402 0.114 -0.0395137 0.171525 0.112 -0.0386292 0.170051 0.112 -0.0338463 0.163984 0.114 -0.0317026 0.161879 0.112 -0.029559 0.159773 0.114 -0.0246671 0.156282 0.114 -0.0178624 0.152625 0.112 -0.0222024 0.154826 0.112 -0.0168057 0.15218 0.114 -0.0129988 0.150916 0.112 -0.0099415 0.150152 0.114 -0.004573 0.1493 0.112 -0.0028628 0.149129 0.114 0.0028628 0.149129 0.112 0.004006 0.149214 0.114 0.0108948 0.150461 0.112 0.0107853 0.150323 0.112 0.0170372 0.15237 0.114 0.0224822 0.154914 0.112 0.0239786 0.155761 0.114 0.0282056 0.158712 0.112 0.0282056 0.158712 0.114 0.0337346 0.16389 0.112 0.0338463 0.163984 0.114 0.039825 0.172007 0.112 0.038629 0.170051 0.112 0.041485 0.175338 0.114 0.043041 0.179031 0.112 0.044558 0.183948 0.114 0.045508 0.189009 0.112 0.045857 0.191564 0.114 0.045836 0.197573 0.112 0.045608 0.199852 0.114 0.04381 0.208815 0.112 0.043537 0.209628 0.114 0.040717 0.216033 0.114 0.0366681 0.222775 0.112 0.038712 0.219663 0.114 0.0298173 0.22987 0.112 0.0314291 0.228453 0.112 0.0239488 0.23419 0.114 0.0224822 0.235087 0.112 0.0158136 0.238022 0.114 0.0157085 0.238159 0.114 0.0082596 0.240188 0.112 0.0062833 0.240529 0.114 0.0011468 0.240986 0.114 -0.0044188 0.240623 0.112 -0.0017131 0.240843 0.114 -0.0135545 0.238943 0.112 -0.0118952 0.239395 0.114 -0.0183791 0.237126 0.114 -0.0239786 0.234239 0.112 -0.0193856 0.236578 0.112 -0.0277663 0.231656 0.112 -0.0328787 0.227069 0.114 -0.0320008 0.227806 0.114 -0.0393463 0.218707 0.112 -0.0373375 0.221844 0.112 -0.0417208 0.214138 0.114 -0.0430003 0.210956 0.112 -0.0446774 0.205785 0.114 -0.0455721 0.200711 0.112 -0.0457858 0.199006 0.112 -0.0198997 0.215402 0.112 -0.020892 0.214385 0.112 -0.0188581 0.216369 0.112 -0.0218323 0.213319 0.112 -0.0177695 0.217282 0.112 -0.0227183 0.212208 0.112 -0.0166367 0.21814 0.112 -0.0235478 0.211055 0.112 -0.0154626 0.218941 0.112 -0.0243188 0.209861 0.112 -0.01425 0.219682 0.112 -0.0250293 0.20863 0.112 -0.013002 0.220361 0.112 -0.0256776 0.207366 0.112 -0.0117217 0.220978 0.112 -0.026262 0.20607 0.112 -0.0104122 0.22153 0.112 -0.0267813 0.204748 0.112 -0.0090769 0.222016 0.112 -0.0272338 0.203401 0.112 -0.007719 0.222435 0.112 -0.0276187 0.202033 0.112 -0.0063419 0.222785 0.112 -0.0279349 0.200647 0.112 -0.004949 0.223067 0.112 -0.0281817 0.199248 0.112 -0.0035438 0.223279 0.112 -0.0283584 0.197838 0.112 -0.0021298 0.22342 0.112 -0.0284646 0.196421 0.112 -0.000710499 0.223491 0.112 -0.0285 0.195 0.112 0.000710502 0.223491 0.112 -0.0284646 0.193579 0.112 0.0021298 0.22342 0.112 -0.0283584 0.192162 0.112 0.0035438 0.223279 0.112 -0.0281817 0.190752 0.112 0.004949 0.223067 0.112 -0.0279349 0.189353 0.112 0.0063419 0.222785 0.112 -0.0276187 0.187967 0.112 0.007719 0.222435 0.112 -0.0272338 0.186599 0.112 0.0090769 0.222016 0.112 -0.0267813 0.185252 0.112 0.0104122 0.22153 0.112 -0.026262 0.18393 0.112 0.0117217 0.220978 0.112 -0.0256776 0.182634 0.112 0.013002 0.220361 0.112 -0.0250293 0.18137 0.112 0.01425 0.219682 0.112 -0.0243188 0.180139 0.112 0.0154626 0.218941 0.112 -0.0235478 0.178945 0.112 0.0166367 0.21814 0.112 -0.0227183 0.177792 0.112 0.0177695 0.217282 0.112 -0.0218323 0.176681 0.112 0.0188581 0.216369 0.112 -0.020892 0.175615 0.112 0.0198997 0.215402 0.112 -0.0198997 0.174598 0.112 0.020892 0.214385 0.112 -0.0188581 0.173631 0.112 0.0218323 0.213319 0.112 -0.0177695 0.172718 0.112 -0.0166367 0.17186 0.112 0.0227183 0.212208 0.112 0.0235478 0.211055 0.112 -0.0154626 0.171059 0.112 0.0250293 0.20863 0.112 0.0243188 0.209861 0.112 -0.01425 0.170318 0.112 -0.013002 0.169639 0.112 0.0256776 0.207366 0.112 -0.0117217 0.169022 0.112 0.026262 0.20607 0.112 -0.0104122 0.16847 0.112 0.0267813 0.204748 0.112 -0.0090769 0.167984 0.112 0.0272338 0.203401 0.112 -0.007719 0.167565 0.112 0.0279349 0.200647 0.112 0.0276187 0.202033 0.112 -0.0063419 0.167215 0.112 -0.004949 0.166933 0.112 -0.0035438 0.166721 0.112 0.0281817 0.199248 0.112 0.0283584 0.197838 0.112 -0.0021298 0.16658 0.112 0.0284646 0.196421 0.112 -0.000710499 0.166509 0.112 0.0285 0.195 0.112 0.0284646 0.193579 0.112 0.000710502 0.166509 0.112 0.0283584 0.192162 0.112 0.0021298 0.16658 0.112 0.0035438 0.166721 0.112 0.0279349 0.189353 0.112 0.0281817 0.190752 0.112 0.004949 0.166933 0.112 0.0276187 0.187967 0.112 0.0063419 0.167215 0.112 0.007719 0.167565 0.112 0.0267813 0.185252 0.112 0.0272338 0.186599 0.112 0.0090769 0.167984 0.112 0.0104122 0.16847 0.112 0.026262 0.18393 0.112 0.0256776 0.182634 0.112 0.0117217 0.169022 0.112 0.013002 0.169639 0.112 0.01425 0.170318 0.112 0.0243188 0.180139 0.112 0.0250293 0.18137 0.112 0.0235478 0.178945 0.112 0.0154626 0.171059 0.112 0.0227183 0.177792 0.112 0.0166367 0.17186 0.112 0.0218323 0.176681 0.112 0.0177695 0.172718 0.112 0.0188581 0.173631 0.112 0.020892 0.175615 0.112 0.0198997 0.174598 0.210068 -0.046 0.0609089 0.2055 -0.046 0.0609092 0.224111 -0.046 0.074953 0.205743 -0.046 0.0749528 0.222087 -0.046 0.04889 0.241328 -0.0540649 0.0636021 0.24609 -0.0493495 0.0683641 0.253438 -0.064047 0.0757116 0.230741 -0.0645486 0.0530149 0.251212 -0.0640103 0.0780117 0.230324 -0.079139 0.057124 0.221106 -0.0871879 0.0477764 0.243913 -0.0492695 0.0707022 0.239065 -0.0540649 0.065865 0.228478 -0.0645486 0.055278 0.234315 -0.0672979 0.0611147 0.236166 -0.0452738 0.062966 0.244239 -0.0489855 0.070949 0.245111 -0.0484171 0.0712256 0.24609 -0.0493489 0.0683641 0.246129 -0.0479136 0.0712239 0.246091 -0.0493485 0.0683641 0.246348 -0.0478325 0.0711695 0.246565 -0.0477589 0.0711009 0.251074 -0.0463253 0.069487 0.2506 -0.0479149 0.0667512 0.217165 -0.079904 0.0355779 0.219901 -0.0783144 0.0360519 0.215227 -0.0781812 0.0409953 0.218288 -0.0768805 0.0405613 0.258374 -0.06107 0.0767881 0.253392 -0.0640932 0.0756651 0.257901 -0.0626596 0.0740511 0.253866 -0.0625036 0.078401 0.253648 -0.0625772 0.0784699 0.252344 -0.0632026 0.0785109 0.251484 -0.0637754 0.0782138 0.227201 -0.0930591 0.043352 0.224465 -0.0946487 0.0428778 0.222851 -0.093215 0.047387 0.225588 -0.0916253 0.0478622 0.222548 -0.0923946 0.049348 0.254997 -0.0479224 0.0697362 0.259864 -0.0577523 0.074603 0.254523 -0.049512 0.0669991 0.25939 -0.0593418 0.0718659 0.219349 -0.0832218 0.034089 0.224216 -0.0930516 0.0389558 0.222086 -0.0816323 0.034563 0.226953 -0.0914621 0.0394301 0.220427 -0.0822043 0.0471896 0.210068 -0.0428 0.0609089 0.222798 -0.0428001 0.0481793 0.236797 -0.0428002 0.0622679 0.224111 -0.0428 0.074953 0.179739 -0.0428 0.0609089 0.179739 -0.0428 0.074953 0.239101 -0.046 0.0599636 0.224383 -0.0450904 0.0469359 0.238423 -0.0452542 0.0606975 0.224261 -0.0448954 0.0465356 0.179739 -0.046 0.074953 0.179739 -0.046 0.0609089 0.0741809 -0.046 -0.0569499 0.0748373 -0.046 -0.056985 0.0735019 -0.046 -0.0567709 0.0755634 -0.046 -0.0568713 0.0725535 -0.046 -0.0563184 0.0762684 -0.046 -0.0566634 0.0769554 -0.046 -0.0563262 0.077816 -0.046 -0.0557207 0.0705817 -0.0459999 -0.0542556 0.0703364 -0.0459999 -0.0537275 0.0701116 -0.0459999 -0.0529326 0.0700241 -0.0459999 -0.0524195 0.07 -0.046 -0.0520521 0.0852369 -0.046 -0.048405 0.1 -0.046 -0.011 0.121761 -0.046 -0.028741 0.107 -0.046 -0.011 0.07 -0.046 0.0569998 0.144195 -0.046 -0.0120629 0.1 -0.046 0.0569998 0.117 -0.046 0.0569998 0.107 -0.046 0.0569998 0.20421 -0.046 0.035598 0.203055 -0.046 0.0324983 0.201502 -0.046 0.0293252 0.200452 -0.046 0.0276438 0.199154 -0.046 0.0258609 0.197741 -0.046 0.024166 0.19604 -0.046 0.0224263 0.194549 -0.046 0.0211231 0.192789 -0.046 0.0197929 0.167265 -0.046 0.00371662 0.204763 -0.046 0.0377335 0.205176 -0.046 0.0399009 0.20541 -0.046 0.0420944 0.2055 -0.046 0.044299 0.117 -0.046 0.087 0.206269 -0.046 0.0767271 0.207015 -0.046 0.0785038 0.208251 -0.046 0.08065 0.209156 -0.046 0.0818075 0.210728 -0.046 0.0833506 0.212962 -0.046 0.0849539 0.214431 -0.046 0.0857126 0.215453 -0.046 0.086125 0.216506 -0.046 0.0864541 0.217578 -0.046 0.086713 0.219857 -0.046 0.087 0.218302 -0.046 0.0868379 0.206541 0.08124 0.0555052 0.204342 0.079846 0.056143 0.202758 0.080083 0.055884 0.1303 0.093284 0.0479518 0.130001 0.09339 0.048005 0.129858 0.098971 0.0445348 0.126601 0.092479 0.0503913 0.125311 0.094402 0.0524363 0.1251 0.097415 0.0526802 0.236298 0.17651 0.0683462 0.236298 0.174942 0.065736 0.226917 0.165516 0.050049 0.139246 0.193142 0.0960261 0.1882 0.150145 0.0244681 0.139246 0.149408 0.0232421 0.203665 0.085523 0.0526153 0.225728 0.083015 0.070244 0.245464 0.098587 0.104304 0.2534 0.141751 0.179417 0.2534 0.113573 0.132521 0.2534 0.14817 0.177402 0.210958 0.165384 0.201233 0.245227 0.150119 0.189971 0.210958 0.17099 0.197865 0.155 0.178401 0.199803 0.188202 0.172351 0.203438 0.188202 0.181574 0.197896 0.15417 0.187774 0.19417 0.125 0.106479 0.0672771 0.125 0.109076 0.0714718 0.125 0.174021 0.167435 0.125 0.109716 0.073111 0.125 0.168415 0.170804 0.125 0.109415 0.0722839 0.19019 0.181213 0.198067 0.192888 0.179788 0.198703 0.195573 0.178394 0.19917 0.199552 0.176386 0.199464 0.202636 0.171684 0.201341 0.208851 0.169123 0.200164 0.247092 0.154894 0.18599 0.250882 0.153625 0.181893 0.252544 0.153347 0.178199 0.237047 0.176202 0.0746771 0.149307 0.187464 0.193626 0.145781 0.189362 0.191097 0.142165 0.190078 0.188624 0.139213 0.190684 0.185803 0.136546 0.191255 0.182406 0.134824 0.191641 0.179579 0.133111 0.192052 0.175817 0.131717 0.192422 0.171428 0.131009 0.192643 0.167986 0.130592 0.192837 0.163649 0.13054 0.192923 0.160853 0.130672 0.192965 0.158445 0.130928 0.192985 0.156041 0.12551 0.099302 0.0479597 0.125 0.102396 0.0482306 0.208847 0.089686 0.0509965 0.214376 0.102068 0.0458709 0.214923 0.119455 0.0384451 0.216026 0.107842 0.043451 0.126973 0.106718 0.0411283 0.250201 0.115861 0.10714 0.249119 0.111208 0.106217 0.248072 0.108322 0.104923 0.245996 0.104613 0.101854 0.2244 0.087573 0.0645823 0.22051 0.094351 0.0554225 0.217792 0.101994 0.048299 0.216733 0.105427 0.0454098 0.2534 0.118206 0.127534 0.252913 0.117061 0.121181 0.252325 0.117319 0.11624 0.250957 0.119667 0.107647 0.253351 0.145661 0.177889 0.220314 0.080412 0.0636775 0.221249 0.080929 0.0649232 0.218847 0.0802 0.0627195 0.218141 0.07988 0.061895 0.216588 0.079615 0.0608131 0.223568 0.082548 0.0669271 0.214955 0.07943 0.0598311 0.224842 0.07927 0.0712365 0.226453 0.083696 0.0716769 0.245154 0.098452 0.103953 0.246433 0.099525 0.106266 0.247283 0.100176 0.1077 0.248143 0.101223 0.109797 0.248897 0.101851 0.111154 0.249834 0.103021 0.113488 0.249639 0.103004 0.113379 0.250491 0.104244 0.115795 0.250664 0.104229 0.115841 0.251693 0.106112 0.1194 0.251548 0.106177 0.119447 0.252503 0.108061 0.122977 0.252379 0.108177 0.123119 0.253035 0.110083 0.126563 0.252925 0.110253 0.126799 0.253293 0.112271 0.130309 0.2533 0.113835 0.132915 0.2533 0.141769 0.179406 0.252943 0.139341 0.184562 0.251038 0.141943 0.18851 0.245181 0.150082 0.18989 0.210912 0.165346 0.201152 0.205662 0.168997 0.201756 0.207789 0.166654 0.202039 0.202722 0.168537 0.203082 0.198933 0.169765 0.203561 0.196037 0.17058 0.203723 0.19311 0.171302 0.203716 0.190168 0.171947 0.203577 0.188202 0.1723 0.203352 0.155 0.178349 0.199717 0.1251 0.168397 0.170815 0.152948 0.178734 0.199511 0.153634 0.178582 0.199541 0.125136 0.169107 0.172011 0.151591 0.178866 0.19917 0.125273 0.170022 0.17359 0.125451 0.170687 0.174771 0.125691 0.171337 0.175951 0.125485 0.171072 0.175425 0.148893 0.179133 0.198501 0.147225 0.179259 0.198023 0.126173 0.172275 0.177712 0.144058 0.181067 0.195754 0.14495 0.17928 0.197118 0.126775 0.173175 0.179457 0.126856 0.179145 0.17654 0.143041 0.179243 0.196269 0.127525 0.174021 0.181174 0.141195 0.17912 0.195303 0.140874 0.179142 0.195206 0.128715 0.175071 0.183413 0.139406 0.17893 0.194249 0.12973 0.175819 0.185077 0.138225 0.178816 0.193571 0.138257 0.178759 0.193489 0.136603 0.178436 0.192269 0.131299 0.176686 0.187167 0.132124 0.177114 0.18822 0.133555 0.177582 0.189589 0.135778 0.1783 0.191702 0.135027 0.178048 0.190974 0.133511 0.177641 0.18967 0.125062 0.175134 0.169312 0.125364 0.176378 0.171451 0.126009 0.177851 0.174082 0.128271 0.180693 0.179366 0.130881 0.182512 0.18307 0.133033 0.183638 0.185494 0.135668 0.184596 0.187761 0.141647 0.18595 0.191543 0.150399 0.182738 0.196765 0.1251 0.092821 0.0971753 0.1251 0.091042 0.0971271 0.1251 0.089695 0.0969693 0.1251 0.088799 0.096811 0.1251 0.087011 0.0963487 0.1251 0.084642 0.0954467 0.1251 0.082869 0.0944706 0.1251 0.081017 0.0931679 0.1031 0.080522 0.0927438 0.1251 0.079978 0.0922782 0.1251 0.079017 0.0913049 0.1031 0.078457 0.0906354 0.1251 0.078122 0.09027 0.1251 0.077573 0.0895421 0.1031 0.076512 0.0878426 0.1251 0.077061 0.088787 0.1251 0.076588 0.0880071 0.1251 0.076153 0.0872051 0.1031 0.075781 0.086429 0.1251 0.07576 0.0863821 0.1251 0.075103 0.0846798 0.1251 0.074514 0.0825042 0.1251 0.074239 0.0801312 0.1251 0.074358 0.0763837 0.1031 0.074736 0.0744211 0.1251 0.074641 0.074784 0.1251 0.07487 0.0739008 0.1251 0.075442 0.0722143 0.1251 0.076406 0.0701477 0.1251 0.077116 0.0689715 0.1251 0.078001 0.0677415 0.1251 0.079571 0.0659677 0.125099 0.081111 0.0645923 0.1251 0.081821 0.0640599 0.1251 0.082955 0.0633065 0.1251 0.084178 0.0626427 0.125099 0.085819 0.0618993 0.1251 0.087547 0.0613391 0.1251 0.090098 0.0608465 0.1251 0.093933 0.0607628 0.1251 0.096827 0.0612146 0.1251 0.097883 0.0615093 0.1251 0.099573 0.0621335 0.1251 0.102002 0.0633902 0.1251 0.104465 0.0652424 0.125 0.105836 0.0665418 0.125 0.10762 0.0688409 0.125 0.10848 0.0702707 0.1031 0.109227 0.0718361 0.1251 0.109748 0.0732028 0.1031 0.110242 0.0750875 0.1251 0.110009 0.074072 0.1251 0.110316 0.0753972 0.1251 0.110586 0.077151 0.1251 0.110662 0.0785195 0.1251 0.110647 0.0798766 0.1251 0.110519 0.0812356 0.1251 0.110381 0.0821406 0.1251 0.110098 0.0834643 0.1251 0.109702 0.0847768 0.1251 0.108933 0.0866634 0.1251 0.107978 0.0884668 0.1251 0.106801 0.0901381 0.1251 0.105465 0.0916826 0.1251 0.104272 0.0928117 0.1251 0.102668 0.0940167 0.1251 0.100569 0.0952751 0.1251 0.097844 0.0963377 0.1251 0.095425 0.0969223 0.1251 0.093831 0.0971247 0.0939214 0.088069 0.0893511 0.0968622 0.084234 0.0921694 0.101754 0.088764 0.09666 0.100954 0.084848 0.0951056 0.100233 0.080724 0.092107 0.0948205 0.080318 0.0845605 0.100306 0.077588 0.0884804 0.0978664 0.076121 0.0803598 0.101405 0.075376 0.0847737 0.0977773 0.077365 0.0726234 0.0942551 0.080571 0.0770117 0.0967981 0.081021 0.0683626 0.101585 0.074411 0.0789243 0.0935028 0.089509 0.0690731 0.101747 0.076026 0.0713598 0.0952375 0.088193 0.065571 0.101157 0.079135 0.0669347 0.0985672 0.084801 0.0638467 0.0986322 0.091485 0.0619718 0.101021 0.083397 0.0634409 0.0943616 0.099728 0.0684773 0.0966607 0.097625 0.0643643 0.101681 0.089473 0.0613643 0.100821 0.096474 0.0615059 0.101396 0.100667 0.0629429 0.0980947 0.102452 0.0655586 0.0962128 0.105326 0.0706789 0.101333 0.10503 0.0660883 0.0996961 0.106372 0.068242 0.0989181 0.108447 0.0727924 0.101697 0.10795 0.0696446 0.0946322 0.105376 0.0775978 0.0932547 0.100626 0.0759894 0.10171 0.109679 0.0735847 0.0970791 0.108187 0.0768344 0.0931001 0.100233 0.0877644 0.101143 0.110325 0.0773396 0.0974982 0.107139 0.0852355 0.100595 0.110183 0.0803382 0.101265 0.108484 0.086753 0.0977074 0.101021 0.0928151 0.101418 0.104275 0.0924667 0.0964849 0.09364 0.0942873 0.101045 0.09711 0.0960745 0.0999915 0.092183 0.0964696 0.155 0.152252 0.215398 0.152801 0.152206 0.21532 0.14989 0.152021 0.215012 0.147735 0.151791 0.21463 0.145624 0.151471 0.214097 0.142887 0.150927 0.213192 0.140267 0.150248 0.212061 0.138388 0.149657 0.211078 0.13661 0.148989 0.209967 0.13492 0.148263 0.208759 0.133352 0.147468 0.207436 0.131436 0.146324 0.205532 0.129746 0.145089 0.203476 0.128301 0.143774 0.201288 0.127112 0.142393 0.19899 0.126192 0.140959 0.196602 0.125675 0.139857 0.194769 0.125424 0.139112 0.193529 0.12519 0.137985 0.191653 0.1251 0.136853 0.189768 0.188202 0.152252 0.215398 0.210912 0.149436 0.210711 0.207703 0.150201 0.211983 0.204407 0.150859 0.213079 0.20216 0.151226 0.21369 0.199881 0.151538 0.21421 0.197577 0.151795 0.214636 0.195252 0.151994 0.214969 0.19291 0.152138 0.215207 0.190559 0.152223 0.21535 0.245181 0.140415 0.195698 0.2533 0.133582 0.184325 0.253254 0.134156 0.18528 0.249343 0.143251 0.190301 0.247059 0.144515 0.191926 0.246025 0.14491 0.192444 0.2533 0.105648 0.137835 0.245154 0.088781 0.109764 0.246677 0.090351 0.112377 0.248049 0.091958 0.115051 0.249268 0.093597 0.117779 0.25033 0.095265 0.120555 0.251233 0.096957 0.123371 0.251975 0.09867 0.126223 0.252554 0.1004 0.129101 0.252968 0.102142 0.132001 0.253217 0.103893 0.134914 0.226081 0.070257 0.0789339 0.2094 0.079312 0.0573424 0.212288 0.096009 0.0484006 0.204342 0.062739 0.0664221 0.205597 0.062764 0.066465 0.207924 0.06293 0.0667399 0.209837 0.063168 0.0671369 0.212359 0.071391 0.0632721 0.216054 0.072115 0.0651473 0.218317 0.065519 0.0710494 0.222737 0.06772 0.0747131 0.13 0.062739 0.0664221 0.125139 0.079521 0.0625619 0.1251 0.06587 0.071634 0.125544 0.079744 0.0605282 0.128443 0.088255 0.0515153 0.129474 0.068029 0.0632934 0.12727 0.071147 0.0626732 0.12563 0.067597 0.0676042 -0.048 -0.0295 0.0470001 -0.0398511 -0.0295 0.045 -0.045 -0.0295 0.0396859 -0.052 -0.0295 0.014984 -0.052 -0.0295 -0.0150169 -0.048 -0.0295 -0.0360001 -0.052 -0.0295 -0.0360001 -0.045 -0.0295 -0.0396861 0.0398193 -0.0295 0.045 0.0376149 -0.0295 0.0470001 0.0419642 -0.0295 0.045493 -0.048 -0.0295 -0.0431541 -0.0479719 -0.0295001 -0.0438975 -0.0424172 -0.0295 -0.0424169 -0.047663 -0.0295 -0.045651 -0.0472308 -0.0295 -0.047 0.0447827 -0.0295 0.0431911 -0.0396863 -0.0295 -0.0449999 0.0465081 -0.0295 0.0398065 0.045 -0.0295 0.0396859 0.047 -0.0295 0.0369999 0.046994 -0.0295 -0.0372456 0.045 -0.0295 -0.0398527 0.037 -0.0295 -0.047 0.0396863 -0.0295 -0.0449999 0.0462481 -0.0295 -0.0404237 0.0381014 -0.0295 -0.0469311 0.0423839 -0.0334994 -0.0457371 0.0428594 -0.0295 -0.0448528 0.2335 -0.0541708 0.137588 0.2335 -0.0544456 0.139179 0.2335 -0.0584829 0.143389 0.2335 -0.0602542 0.143908 0.2335 -0.0501374 0.135249 0.2335 -0.0609829 0.146368 0.2335 -0.0643854 0.149338 0.2335 -0.0455179 0.131689 0.2335 -0.045102 0.130221 0.2335 -0.0644266 0.151075 0.2335 -0.0406719 0.128443 0.2335 -0.06755 0.156 0.2335 -0.0700128 0.158457 0.2335 -0.0373038 0.126499 0.2335 -0.0376605 0.125582 0.2335 -0.0702537 0.161168 0.2335 -0.0338429 0.124724 0.2335 -0.0306312 0.122206 0.2335 -0.0726082 0.166503 0.2335 -0.0732753 0.165539 0.2335 -0.0284877 0.122414 0.2335 -0.0739383 0.170158 0.2335 -0.0229909 0.120465 0.2335 -0.0233032 0.11954 0.2335 -0.0192471 0.119412 0.2335 -0.0755645 0.175759 0.2335 -0.0135403 0.118209 0.2335 -0.0147839 0.117463 0.2335 -0.0771048 0.183378 0.2335 -0.0776323 0.180494 0.2335 -0.078517 0.186277 0.2335 -0.0077663 0.117388 0.2335 -0.0777819 0.189171 0.2335 -0.0788519 0.190164 0.2335 -0.003888 0.117097 0.2335 -0.0041509 0.116133 0.2335 0 0.117 0.2335 0.0016984 0.116018 0.2335 -0.0779757 0.195 0.2335 -0.0789694 0.196014 0.2335 0.003888 0.117097 0.2335 0.0055955 0.116198 0.2335 -0.0777819 0.200829 0.2335 -0.0787018 0.201858 0.2335 0.0077663 0.117388 0.2335 -0.0773947 0.204699 0.233373 -0.0780711 0.207585 0.2335 0.0135403 0.118209 0.2335 -0.0764297 0.210451 0.2335 0.0142882 0.11737 0.2335 -0.0772345 0.211494 0.2335 0.0192471 0.119412 0.2335 0.0230089 0.119447 0.2335 -0.0750847 0.216126 0.2335 -0.075825 0.217171 0.2335 -0.0739383 0.219842 0.2335 -0.074638 0.220888 0.233501 0.0248222 0.12108 0.2335 0.0302979 0.123125 0.233503 0.0284484 0.120135 0.2335 -0.0718528 0.225289 0.2335 -0.0724951 0.226331 0.2335 0.0338429 0.124724 0.2335 -0.06941 0.230584 0.2335 -0.0699986 0.231622 0.2335 0.038988 0.127471 0.233356 -0.0673958 0.236384 0.2335 0.039925 0.125753 0.2335 -0.066536 0.23566 0.2335 0.043939 0.130553 0.2335 -0.0633312 0.240532 0.2335 -0.0649356 0.239951 0.2335 0.048617 0.134036 0.2335 0.047403 0.130587 0.2335 -0.0609829 0.243632 0.2335 -0.0614492 0.244649 0.2335 0.05207 0.134265 0.2335 0.053053 0.137822 0.2335 -0.0571603 0.248037 0.2335 -0.0562534 0.250467 0.2335 0.056417 0.138314 0.2335 -0.0530535 0.252178 0.2335 -0.0534465 0.253176 0.2335 0.05716 0.141963 0.2335 0.060487 0.142643 0.2335 0.060983 0.146368 0.2335 0.063005 0.145702 0.2335 -0.0486171 0.255963 0.2335 -0.048979 0.256953 0.2335 0.065369 0.148881 0.2335 -0.0439389 0.259447 0.2335 -0.0442727 0.260429 0.2335 0.064427 0.151075 0.2335 0.067572 0.152174 0.2335 -0.0406719 0.261557 0.2335 -0.0409886 0.262535 0.2335 0.06755 0.156 0.2335 0.069609 0.155572 0.2335 0.071476 0.159067 0.2335 -0.0355734 0.264388 0.2335 -0.0358667 0.265362 0.2335 0.070254 0.161168 0.2335 0.073167 0.16265 0.2335 -0.0302979 0.266875 0.2335 -0.0305697 0.267846 0.2335 0.072608 0.166503 0.2335 0.074679 0.166312 0.2335 -0.0266775 0.268296 0.2335 -0.0269362 0.269266 0.2335 0.073938 0.170158 0.2335 0.076008 0.170044 0.2335 -0.0229909 0.269535 0.2335 0.07715 0.173838 0.2335 -0.0192471 0.270588 0.2335 -0.021359 0.271032 0.2335 0.075565 0.175759 0.2335 0.078103 0.177684 0.2335 -0.0156776 0.272429 0.2335 -0.0154554 0.271453 0.2335 0.076815 0.181455 0.2335 0.078865 0.181572 0.233328 -0.0112333 0.273301 0.2335 -0.0096958 0.27237 0.2335 0.079433 0.185493 0.2335 -0.0060204 0.273746 0.2335 0.077588 0.187236 0.2335 0.079806 0.189437 0.2335 -0.003888 0.272903 0.2335 0.077976 0.193055 0.2335 0.079984 0.193395 0.2335 0 0.273 0.2335 -0.000175599 0.274 0.2335 0.079965 0.197357 0.2335 0.003888 0.272903 0.2335 0.0037248 0.273912 0.2335 0.077879 0.198887 0.2335 0.079751 0.201313 0.2335 0.0096958 0.27237 0.2335 0.077395 0.204699 0.2335 0.07934 0.205254 0.2335 0.0095523 0.273396 0.2335 0.0154554 0.271453 0.2335 0.0153333 0.272498 0.2335 0.078735 0.209169 0.2335 0.07643 0.210451 0.2335 0.021119 0.270061 0.2335 0.0191405 0.271646 0.2335 0.077937 0.21305 0.2335 0.075085 0.216126 0.2335 0.076948 0.216886 0.2335 0.073938 0.219842 0.2335 0.0247535 0.269997 0.2335 0.0266775 0.268296 0.2335 0.07577 0.220669 0.2335 0.0302457 0.267981 0.2335 0.0302979 0.266875 0.2335 0.074406 0.224389 0.2335 0.071853 0.225289 0.2335 0.0338429 0.265276 0.2335 0.07286 0.228037 0.2335 0.06941 0.230584 0.2335 0.0355535 0.26552 0.2335 0.038988 0.262529 0.2335 0.071135 0.231603 0.2335 0.06755 0.234 0.2335 0.040688 0.262716 0.2335 0.043939 0.259447 0.2335 0.069236 0.23508 0.2335 0.065522 0.237319 0.2335 0.067166 0.238459 0.2335 0.062157 0.242082 0.2335 0.063736 0.24331 0.2335 0.047097 0.257176 0.2335 0.050137 0.254751 0.2335 0.059992 0.247924 0.2335 0.058483 0.246611 0.2335 0.054446 0.250821 0.2335 0.052114 0.255851 0.2335 0.057299 0.250829 0.254043 -0.0193956 0.171417 0.254042 -0.0246974 0.177075 0.254041 -0.0258631 0.178794 0.254035 -0.0286565 0.184485 0.254045 -0.0293767 0.18675 0.261 -0.008265 0.165625 0.261 -0.02992 0.188926 0.261 -0.0060468 0.16508 0.261 -0.003795 0.164722 0.261 -0.0015221 0.164513 0.254044 -7.07991e-05 0.164484 0.254043 -0.0305188 0.19464 0.254042 0.0017707 0.164538 0.261 -0.0295641 0.202548 0.254042 -0.0250534 0.212395 0.254041 0.0190053 0.171143 0.261 0.0238656 0.175968 0.254043 -0.0169628 0.220378 0.261 0.0252131 0.17781 0.254039 -0.0148942 0.221633 0.261 -0.0125504 0.222815 0.261 -0.0104412 0.223684 0.261 -0.0089976 0.224169 0.254041 0.0298416 0.188707 0.261 -0.0075309 0.224581 0.254043 -0.0060792 0.224905 0.261 0.0025687 0.225428 0.261 0.0300613 0.200301 0.261 0.0050702 0.225107 0.261 0.0067855 0.224764 0.254043 0.0117953 0.223145 0.254043 0.0146061 0.221778 0.261 0.0268543 0.209495 0.254039 0.0204037 0.21767 0.00103168 -0.0649999 0.0119359 0.000299081 -0.0395 0.0119926 0.00324906 -0.0395 0.011548 0.00310324 -0.065 0.0115813 0.00439633 -0.065 0.0111696 0.00547282 -0.0395 0.0106756 0.00560237 -0.065 0.0106007 0.00740743 -0.0395 0.00940838 0.00791803 -0.065 0.00897256 0.00908794 -0.0395 0.00782076 0.00968589 -0.065 0.00705591 0.010152 -0.0395 0.0063788 0.0108664 -0.065 0.00506678 0.0109894 -0.0395 0.00479427 0.0113751 -0.065 0.003822 0.0115812 -0.0395 0.00310293 0.0117215 -0.065 0.00252214 0.0119665 -0.065 0.000597149 0.0119255 -0.0395 0.000968844 0.0119366 -0.065 -0.00119457 0.0119366 -0.0395 -0.00119457 0.011659 -0.065 -0.00273761 0.011659 -0.0395 -0.00273761 0.0107558 -0.065 -0.00526199 0.0110543 -0.0395 -0.0046595 0.00980331 -0.0395 -0.00686368 0.00956292 -0.065 -0.00724301 0.00872186 -0.065 -0.00823364 0.00816207 -0.0395 -0.00879702 0.00717172 -0.065 -0.00959167 0.00699404 -0.0395 -0.00972852 0.00547282 -0.065 -0.0106755 0.00547282 -0.0395 -0.0106755 0.00424093 -0.065 -0.0112148 0.00156273 -0.065 -0.0118717 0.00345518 -0.0395 -0.0114551 0.000895366 -0.0395 -0.0119477 -0.00141504 -0.065 -0.0118903 -0.00200596 -0.0395 -0.0118049 -0.00360101 -0.065 -0.011422 -0.00402807 -0.0395 -0.0112861 -0.0061238 -0.0395 -0.0103084 -0.00547282 -0.065 -0.0106755 -0.00695908 -0.065 -0.00975999 -0.00793776 -0.0395 -0.00899491 -0.00816207 -0.065 -0.00879702 -0.00898619 -0.0395 -0.00793061 -0.00945199 -0.065 -0.00734791 -0.0105354 -0.065 -0.00573716 -0.010152 -0.0395 -0.00637874 -0.0110543 -0.065 -0.0046595 -0.0108664 -0.0395 -0.00506672 -0.0113751 -0.0395 -0.00382218 -0.0116614 -0.065 -0.00275478 -0.0119144 -0.0395 -0.00134262 -0.0119814 -0.065 -0.000598043 -0.0119963 -0.0395 1.49012e-07 -0.0119597 -0.065 0.000942856 -0.0117215 -0.065 0.00252214 -0.0114639 -0.0395 0.00345817 -0.011085 -0.065 0.00451007 -0.0105223 -0.0395 0.00572982 -0.00991404 -0.065 0.00676742 -0.00956263 -0.065 0.00724354 -0.00938198 -0.0395 0.00748196 -0.0087937 -0.065 0.00815979 -0.00826408 -0.0395 0.00868693 -0.00747025 -0.065 0.00936761 -0.00687709 -0.0395 0.0098218 -0.00559251 -0.065 0.0105807 -0.00492777 -0.0395 0.0109212 -0.00281341 -0.065 0.011655 -0.00281341 -0.0395 0.011655 -0.00104491 -0.065 0.011944 -0.00104491 -0.0395 0.011944 -0.0268381 -0.021919 0.0749847 -0.0261323 -0.0219662 0.0624484 -0.0236031 -0.0217743 0.075 -0.0226658 -0.0228909 0.0624484 -0.0446087 -0.065 -0.050659 -0.0454021 -0.065 -0.0498651 -0.0463832 -0.065 -0.0485767 -0.04711 -0.065 -0.0472706 -0.0475088 -0.065 -0.0462216 -0.0478602 -0.065 -0.0447682 -0.048 -0.065 -0.0431541 -0.0422092 -0.065 -0.0526751 -0.0397187 -0.065 -0.054577 -0.0371426 -0.065 -0.056362 -0.048 -0.065 -0.018 -0.048 -0.065 0.018 -0.052 -0.065 -0.018 -0.0344865 -0.065 -0.058025 -0.031756 -0.065 -0.059563 -0.028957 -0.065 -0.060973 -0.0260956 -0.065 -0.0622519 -0.0216686 -0.065 -0.0639096 -0.0163973 -0.0649999 -0.0654996 -0.014151 -0.065 -0.0659998 0.0444319 -0.065 -0.0659998 -0.048 -0.065 0.0505001 0.0579556 -0.065 -0.015529 0.0588485 -0.065 -0.011622 0.0595079 -0.065 -0.00766906 0.0597904 -0.065 -0.00501093 0.0599542 -0.065 -0.00234398 0.0597766 -0.065 0.00416341 0.0113934 -0.065 0.0504998 0.0148854 -0.065 0.05026 0.0590185 -0.065 0.010296 0.0203285 -0.065 0.0493762 0.0262297 -0.065 0.0477449 0.0576016 -0.065 0.0156249 0.0561676 -0.065 0.019668 0.0551721 -0.065 0.0219089 0.0324485 -0.065 0.045154 0.0531344 -0.065 0.0256836 0.0367147 -0.065 0.0427391 0.0407238 -0.065 0.0399181 0.0501308 -0.065 0.0303079 0.0444372 -0.065 0.0367176 0.0478193 -0.065 0.0331689 -0.00165926 0.0254094 0.065827 -0.00280738 0.04 0.0647334 -0.00291617 0.0267047 0.0616237 -0.00187559 0.0254094 0.0602955 0.000563785 0.039999 0.0595199 0.00265355 0.0254094 0.0612489 0.00315467 0.04 0.0644805 0.0482988 0.039964 0.0660044 0.0480592 0.0267047 0.0603649 0.05013 0.039999 0.0595986 0.0521988 0.04 0.0605256 0.0519827 0.0254094 0.0605382 0.0533453 0.039987 0.0624842 0.0512478 0.0241141 0.0658266 0.107058 0.0425 -0.027294 0.106354 0.0277146 -0.0279549 0.10548 0.0425 -0.0290366 0.106073 0.0425 -0.0311442 0.108294 0.0297085 -0.0317782 0.109654 0.0425 -0.0314721 0.108833 0.0425 -0.027176 0.110582 0.0425 -0.0291007 0.10562 0.0425 -0.00325093 0.105684 0.0425 -0.00587615 0.107548 0.042497 -0.00706038 0.109992 0.026917 -0.00538453 0.109904 0.0425 -0.00276861 0.107811 0.0425 -0.00215563 0.128621 0.042499 -0.00749287 0.127668 0.042498 -0.00860319 0.127809 0.042498 -0.010651 0.131177 0.0425 -0.0117529 0.132443 0.042494 -0.0102819 0.132183 0.0425 -0.00822315 0.130641 0.042497 -0.0070506 0.127861 0.0425 0.0144283 0.129068 0.0425 0.013157 0.131132 0.042498 0.0134474 0.131966 0.0293097 0.0142025 0.132412 0.042494 0.0162272 0.121933 0.0375 0.030775 0.117315 0.0375 0.0234996 0.160921 0.0375 -0.00049004 0.138811 0.0374602 -0.0159448 0.1107 0.0375 0.071 0.098 0.0375 0.0569998 0.098 0.0375 0.071 0.129309 0.0375 0.039847 0.140499 0.0375 0.0216071 0.137538 0.0375 0.0493185 0.133345 0.0375 0.0569998 0.126025 0.0375 0.0660802 0.127407 0.0375 0.0648054 0.128721 0.0375 0.0643016 0.125392 0.037502 0.067177 0.129275 0.0375 0.064192 0.12506 0.0375 0.0684675 0.13 0.0375 0.0641328 0.13435 0.0375 0.0568883 0.133713 0.0375 0.0569851 0.125 0.0375 0.069152 0.183989 0.0375 0.0143479 0.138183 0.0375 0.050964 0.1107 0.0375 0.0889999 0.196461 0.0375 0.0641328 0.207612 0.0375 0.028284 0.136229 0.0375 0.0559637 0.138301 0.0375 0.052596 0.137989 0.0375 0.0537774 0.197493 0.0375 0.0641572 0.209469 0.0375 0.0293919 0.199038 0.0375 0.0642909 0.212242 0.0375 0.0312654 0.214692 0.0375 0.03323 0.217073 0.0375 0.0354306 0.202079 0.0375 0.0648943 0.220002 0.0375 0.038608 0.222002 0.0375 0.04116 0.204545 0.0375 0.0656711 0.224359 0.0375 0.044784 0.225881 0.0375 0.0476471 0.227216 0.0375 0.0506012 0.208656 0.0375 0.0678236 0.228311 0.0375 0.0536534 0.230016 0.0374999 0.0610165 0.210503 0.0375 0.069214 0.212713 0.0375 0.0713388 0.2305 0.0375 0.0662386 0.214855 0.0375 0.0741691 0.215747 0.0375 0.075694 0.216186 0.0375 0.0766 0.2305 0.0375 0.10809 0.114915 0.0375 0.0214221 0.116366 0.0425 0.0234992 0.12322 -0.0591141 0.0477957 0.12061 -0.0729722 0.0496351 0.121066 -0.0604094 0.0525312 0.122471 -0.073 0.0540282 0.122461 -0.0578188 0.053954 0.124383 -0.0597618 0.0542289 0.126347 -0.0729969 0.0533907 0.12721 -0.0729999 0.0515565 0.126859 -0.0613809 0.0495972 0.12563 -0.0604094 0.0482325 0.124586 -0.063 0.047764 0.139084 -0.0729941 0.0663039 0.138166 -0.0729997 0.0694663 0.141665 -0.0729917 0.0722729 0.144449 -0.0604094 0.0673641 0.142275 -0.0591141 0.065612 0.0920391 -0.0521179 -0.00723538 0.0877933 -0.0521179 -0.00745782 0.0872384 -0.0775 -0.00713477 0.0861018 -0.0521179 -0.00551066 0.0861701 -0.0527907 -0.00239596 0.0865657 -0.0775 -0.00144824 0.0882699 -0.0521179 -0.000181526 0.0880035 -0.0775 -0.000186771 0.0924314 -0.0775 -0.000626415 0.0916413 -0.0534635 -0.000223488 0.0935513 -0.0521179 -0.00204787 0.0937915 -0.0775 -0.00234231 0.0939692 -0.0521179 -0.00471911 0.0940238 -0.0775 -0.00476798 0.0923204 -0.0775 -0.00728878 0.0903982 -0.0775 -0.00804839 0.0710973 -0.0625 0.0598027 0.0700403 -0.0625 0.0603456 0.0700234 -0.0453188 0.0604471 0.0688364 -0.0453188 0.0628084 0.07173 -0.0625 0.0663036 0.0706184 -0.0453188 0.0656923 0.0728214 -0.0625 0.0662438 0.0738058 -0.0453188 0.0657324 0.0751548 -0.0466141 0.0632898 0.0739678 -0.0472618 0.0604786 0.0724415 -0.0479094 0.0597903 -0.0188216 -0.0479094 0.0598303 -0.0207224 -0.0492047 0.0613348 -0.0208219 -0.0624998 0.064849 -0.0193317 -0.0625 0.0660254 -0.018759 -0.0479094 0.0661928 -0.0173652 -0.0466141 0.0662211 -0.0171728 -0.0625 0.066213 -0.0153307 -0.0453188 0.0648195 -0.0149752 -0.0453188 0.0622183 -0.0152051 -0.0625 0.0612198 -0.0160914 -0.0479094 0.0602924 -0.0172241 -0.0479094 0.0598189 0.00718461 -0.0281286 0.0637046 0.00514759 -0.0264744 0.0611142 0.00492457 -0.0261472 0.065 0.00474985 -0.0244644 0.0624095 0.00640859 -0.0222887 0.0611142 0.00987972 -0.022409 0.061762 0.011142 -0.0240364 0.0624095 0.0108369 -0.027125 0.0749799 0.00819214 0.0217552 0.0598189 0.00548001 0.023011 0.0624095 0.0047925 0.0253037 0.0624095 0.0055069 0.0271328 0.065 0.00664154 0.0279521 0.0598189 0.00704634 0.0281085 0.065 0.00922313 0.0280302 0.0624095 0.0110653 0.0265768 0.0749737 0.011211 0.0244291 0.0637046 0.0102532 0.0226021 0.0624095 0.00948925 0.0220078 0.075 0.0585138 -0.0282525 0.0624095 0.0554848 -0.0275222 0.0749697 0.0548399 -0.024285 0.0624095 0.0557127 -0.0226841 0.0624095 0.057513 -0.0217783 0.0598189 0.0597232 -0.0222503 0.0611142 0.060106 -0.0221841 0.075 0.0614758 -0.0250663 0.0749656 0.0591596 0.0217257 0.075 0.0554488 0.0230299 0.0624095 0.0547569 0.0264684 0.0749661 0.0577407 0.0282282 0.0637046 0.0601135 0.0226138 0.061762 0.125582 0.021863 0.301 0.126563 0.0218482 0.285819 0.124441 0.0224185 0.285819 0.124278 0.0225369 0.301 0.123486 0.0237619 0.285819 0.123461 0.02618 0.288409 0.129082 0.0270669 0.301 0.128528 0.0275588 0.285819 0.129691 0.0254717 0.285819 0.129759 0.024715 0.301 0.129214 0.0231423 0.285819 0.124283 -0.0277496 0.300972 0.123582 -0.0235712 0.285819 0.123315 -0.024107 0.301 0.124866 -0.0221812 0.285819 0.128103 -0.0224255 0.285819 0.128865 -0.0224559 0.301 0.129794 -0.0248089 0.301 0.129693 -0.0250446 0.285819 0.12889 -0.0272381 0.285819 0.12862 -0.0275439 0.301 0.126993 -0.0282244 0.287762 0.169283 -0.027162 0.287114 0.168914 -0.0231453 0.285819 0.169649 -0.0221344 0.301 0.172319 -0.0218703 0.301 0.172275 -0.022003 0.285819 0.174083 -0.022904 0.301 0.174616 -0.0239481 0.288409 0.17472 -0.0263857 0.300989 0.172774 -0.0281394 0.300993 0.169917 0.0221568 0.285819 0.168618 0.0233483 0.301 0.168478 0.0237546 0.285819 0.169842 0.0280107 0.301 0.168807 0.0264992 0.285819 0.17176 0.0284784 0.300997 0.174185 0.027123 0.300989 0.174706 0.0249187 0.288409 0.174552 0.0238174 0.301 0.173471 0.022347 0.301 0.172654 0.0220875 0.285819 0.2055 -0.068 0.044299 0.2055 -0.068 0.073198 0.222002 0.022 0.04116 0.220002 0.022 0.038608 0.215497 0.022 0.033951 0.21037 0.022 0.0299894 0.224359 0.022 0.044784 0.217843 0.022 0.036189 0.223224 0.0374999 0.0429434 0.225881 0.022 0.0476471 0.227216 0.022 0.0506012 0.227978 0.022 0.0526249 0.228942 0.0374998 0.055721 0.229439 0.022 0.057825 0.230292 0.022 0.0631591 0.2305 0.022 0.0674769 0.207612 0.022 0.028284 0.230448 0.022 0.0653159 0.0976229 0.0219958 -0.0366443 0.125583 0.022 -0.025802 0.0770093 0.022 -0.0562991 0.0776206 0.022 -0.0558775 0.0779807 0.022 -0.05556 0.0848297 0.022 -0.048802 0.0852982 0.022 -0.029631 0.0911458 0.022 -0.0175131 0.0975308 0.022 -0.00566897 0.10444 0.022 0.00587717 0.152083 0.022 -0.00651702 0.111861 0.022 0.0171019 0.119777 0.022 0.0279819 0.179446 0.022 0.0115248 0.128355 0.022 0.0387217 0.137306 0.022 0.0489565 0.137885 0.022 0.0499314 0.138283 0.022 0.0518257 0.138115 0.022 0.0534648 0.2305 0.022 0.087 0.137391 0.022 0.0549044 0.133713 0.022 0.0569851 0.117 0.022 0.087 0.133345 0.022 0.0569998 0.13429 0.022 0.056903 0.135904 0.022 0.0562295 0.117 0.022 0.0569998 0.0932867 0.0193599 -0.0407022 0.0949464 0.022 -0.0390833 0.0900001 0.0141883 -0.0438176 0.09 -0.036 -0.0438178 0.0980116 -0.0457368 -0.036291 0.0973381 -0.0459999 -0.0368102 0.0920871 -0.0419038 -0.0418356 0.0902601 -0.0380114 -0.0435699 0.07 0.0375 0.0569998 0.0755 0.0335 0.0569998 0.0715 0.0375 0.0569998 0.1 0.022 0.0569998 0.098 0.0335 0.0569998 0.107 0.022 0.0569998 0.2305 -0.068 0.087 0.2305 -0.0573528 0.138562 0.2305 -0.0645653 0.146907 0.2305 -0.0483001 0.130644 0.2305 -0.068 0.151854 0.2305 -0.0408131 0.125604 0.2305 -0.0337003 0.121884 0.2305 -0.0262526 0.118893 0.2305 -0.0204977 0.117119 0.2305 -0.0116381 0.115382 0.2305 -0.002652 0.114535 0.2305 0.0033699 0.114537 0.2305 0.0103608 0.115205 0.2305 0.020224 0.11703 0.127185 0.0425 -0.0245818 0.190946 -0.068 0.0185811 0.164128 -0.068 0.00164905 0.116096 0.0425 -0.0331744 0.0958335 0.021021 -0.0498165 0.0968308 0.0375 -0.0489779 0.138094 -0.068 -0.0164641 0.0932644 0.0193473 -0.0520161 0.0885796 0.0375 -0.056085 0.0917905 0.0176842 -0.0532883 0.090624 0.0153215 -0.0543002 0.0900219 0.0126199 -0.054824 0.09 -0.012 -0.054843 0.112894 -0.068 -0.0357212 0.0900333 -0.0367662 -0.0548142 0.0885796 -0.068 -0.056085 0.0904449 -0.0388528 -0.0544561 0.091442 -0.0411306 -0.0535901 0.0931175 -0.0431864 -0.0521432 0.0964812 -0.0453016 -0.0492648 0.0999812 -0.0460001 -0.0463055 0.125026 0.056708 0.279898 0.128199 0.056654 0.279961 0.176463 0.058545 0.278819 0.181765 0.05838 0.278544 0.177514 0.05478 0.281119 0.185857 0.058086 0.278056 0.189307 0.057673 0.277368 0.189784 0.049557 0.281979 0.194106 0.055746 0.276714 0.199218 0.049712 0.277735 -0.0446087 -0.0335 -0.050659 -0.0422092 -0.0335 -0.0526751 -0.0397187 -0.0335 -0.054577 -0.0371426 -0.0335 -0.056362 -0.0344865 -0.0335 -0.058025 -0.031756 -0.0335 -0.059563 -0.028957 -0.0335 -0.060973 -0.0260956 -0.0335 -0.0622519 -0.0233511 -0.0495948 -0.0633324 -0.023178 -0.0335 -0.0633958 -0.0228146 -0.0476165 -0.063527 -0.0235003 -0.051 -0.0632771 -0.0235003 -0.055 -0.0632771 -0.0231277 -0.058414 -0.0634201 -0.0213993 -0.0452306 -0.0640319 -0.0187048 -0.0335 -0.0648375 -0.014151 -0.0335 -0.0659998 0.063 0.0375 -0.0519999 0.0747834 0.0375 -0.0639749 0.0728698 0.0375 -0.064556 0.0709296 0.0375 -0.06504 0.0689675 0.0375 -0.0654272 0.0669886 0.0375 -0.0657152 0.0649978 0.0375 -0.065903 0.063 0.0375 -0.065992 0.0766657 0.0375 -0.0633 0.0785118 0.0375 -0.0625308 0.07 0.0375 -0.0420001 0.0803172 0.0375 -0.0616711 0.063 0.0375 -0.0420001 0.08 0.0375 -0.0420001 0.0870431 0.0375 -0.057365 0.0854445 0.0375 -0.0585659 0.0837879 0.0375 -0.059686 0.0820774 0.0375 -0.060722 0.103561 0.0373443 -0.0432826 0.085333 0.0375 -0.0295552 0.091222 0.0375 -0.0173639 0.0970014 0.0375 -0.0229658 0.0971403 0.0375 -0.00681958 0.0976552 0.0375 -0.0054501 0.0974698 0.0375 -0.00581726 0.119 0.0374998 0.0889999 0.119007 0.038197 0.0919994 0.125 0.0375 0.0920681 0.125 0.04769 0.0930001 0.125 0.06587 0.071634 0.125 0.058171 0.0937702 0.125 0.087431 0.142466 0.125 0.101176 0.207938 0.125 0.101678 0.203096 0.125 0.101949 0.198235 0.125 0.101987 0.193367 0.125 0.101793 0.188503 0.125 0.101367 0.183654 0.125 0.136853 0.189768 0.125 0.100267 0.176437 0.125 0.09871 0.169304 0.125 0.096592 0.162318 0.125 0.094033 0.155481 0.125 0.09204 0.151039 0.125 0.089838 0.146698 -0.0368646 -0.0585 0.071 -0.0319801 -0.0285834 0.071 -0.030047 -0.0311694 0.071 -0.0366421 -0.0585 0.071 -0.026078 -0.0327283 0.071 -0.0368646 -0.0174792 0.071 -0.0327829 -0.0236536 0.071 -0.0225557 -0.0325868 0.071 -0.0312078 -0.0200171 0.071 -0.034556 -0.0147748 0.071 -0.0267488 -0.0174742 0.071 -0.030846 -0.0094212 0.071 -0.028813 -0.0058067 0.071 -0.0225987 -0.0174528 0.071 -0.0273565 -0.002563 0.071 -0.0199171 -0.0310063 0.071 -0.0176693 -0.0281442 0.071 0.00358419 -0.0315667 0.071 -0.0366421 -0.0625 0.071 0.00606388 -0.0326945 0.071 -0.0172266 -0.0247482 0.071 0.000570178 -0.0274067 0.071 -0.0261078 0.000766397 0.071 -0.0193437 -0.0193941 0.071 1.49012e-07 0.0279766 0.071 0.00889491 -0.0329429 0.071 0.0104003 -0.0326133 0.071 -0.025126 0.0041839 0.071 0.0530174 -0.0312073 0.071 0.0129825 -0.0312073 0.071 0.0154858 -0.0273436 0.071 0.0505241 -0.0273924 0.071 0.0554103 -0.0325523 0.071 0.0562198 -0.0327994 0.071 -0.0228208 0.0160201 0.071 -0.0213635 0.0207067 0.071 -0.0191604 0.0257671 0.071 -0.0157816 0.0316043 0.071 -0.023902 0.0106273 0.071 0.05 0 0.071 0.016 0 0.071 -0.0116061 0.0369009 0.071 -0.00863346 0.04 0.071 0.0062407 0.0326249 0.071 0.106358 -0.0625 0.071 0.0571051 -0.0329429 0.071 0.106358 -0.0585 0.071 0.066 -0.025 0.071 0.0654726 -0.0275782 0.071 0.0635165 -0.0306915 0.071 0.0605478 -0.0324297 0.071 0.0165 0.0335 0.071 0.015584 0.0272896 0.071 0.01 0.04 0.071 0.0126772 0.0309939 0.071 0.1107 -0.0585 0.071 0.0355 0.0335 0.071 0.042 0.04 0.071 0.0506406 0.0277601 0.071 0.0526551 0.0308694 0.071 0.05565 0.0325278 0.071 0.0755 0.0335 0.071 0.0659996 0.0282004 0.071 0.069 0.04 0.071 0.059747 0.0327184 0.071 0.098 0.0335 0.071 0.125 0.064449 0.274059 0.125 0.069705 0.26943 0.125 0.076289 0.262661 0.125 0.080971 0.25703 0.125006 0.089886 0.243188 0.125 0.09337 0.236062 -0.048 -0.0585 0.064 -0.048 -0.0335 0.0569998 -0.048 -0.0585 0.0505001 -0.0479991 -0.0265561 0.0569998 -0.0480002 -0.0468313 0.035217 -0.048 -0.0475033 0.0180027 -0.048 -0.0295001 0.0360009 -0.048 -0.0335 0.0470001 0.194683 0.044266 0.282921 0.198707 0.043446 0.281426 0.188158 0.043803 0.285656 0.205806 0.0318934 0.282546 0.190381 0.0330976 0.289357 0.195338 0.0352246 0.286682 0.192973 0.0278206 0.290162 0.198195 0.0291345 0.287518 0.187955 0.0248851 0.292725 0.197934 0.023319 0.289275 0.199218 0.0188802 0.289657 0.185491 0.0123169 0.295653 0.194806 0.0155885 0.292221 0.205236 0.0136442 0.287468 0.18486 0.000121698 0.2964 0.195594 0.0091102 0.292709 0.191929 0.0015735 0.294482 0.196127 0.002494 0.292906 0.185187 -0.0081668 0.296011 0.197672 -0.0040977 0.292147 0.195863 -0.0110028 0.292654 0.186676 -0.019824 0.294239 0.196127 -0.0207044 0.2907 0.189374 -0.029 0.291021 0.190457 -0.0256166 0.291624 0.205217 -0.0222509 0.2858 0.191211 -0.0367641 0.28768 0.195205 -0.0299146 0.288603 0.197672 -0.0372742 0.284796 0.189084 -0.0461058 0.284043 0.176463 -0.0598469 0.277598 0.181324 -0.0526847 0.281997 0.18787 -0.0553681 0.278985 0.195333 -0.0444075 0.282646 0.199218 -0.0455515 0.280097 0.176463 -0.0638668 0.27453 0.180758 -0.0582795 0.278399 0.195594 -0.050325 0.279229 0.199218 -0.0516825 0.276485 0.192973 -0.0562664 0.276626 0.184548 -0.0634373 0.273995 0.176463 -0.0677298 0.271267 0.180861 -0.0656551 0.272733 0.179171 -0.0695205 0.269482 0.176463 -0.0714262 0.267817 0.186513 -0.0670329 0.270483 0.1969 -0.0594273 0.272389 0.190681 -0.0644555 0.271311 0.178509 -0.0749424 0.264192 0.18405 -0.0727642 0.265592 0.199218 -0.061302 0.269555 0.17935 -0.078272 0.260401 0.188968 -0.0720264 0.264872 0.19454 -0.0654586 0.268709 0.203504 -0.0630795 0.265137 0.176463 -0.0814283 0.256428 0.176463 -0.0843725 0.252317 0.185523 -0.0792034 0.257887 0.19454 -0.0690311 0.265375 0.199218 -0.0699596 0.261456 0.180575 -0.0827388 0.254254 0.191449 -0.0764956 0.258895 0.190691 -0.0811843 0.253155 0.179246 -0.0871016 0.248078 0.195333 -0.0738075 0.259832 0.199218 -0.0746889 0.256139 0.195072 -0.0799522 0.252274 0.198707 -0.0790271 0.250785 0.176463 -0.0919348 0.239181 0.186269 -0.0848899 0.249645 0.179893 -0.0896209 0.243702 0.179121 -0.0940047 0.234585 0.181051 -0.0916762 0.239057 0.194816 -0.0853006 0.244121 0.188984 -0.0893303 0.240681 0.198195 -0.0830691 0.245114 0.180289 -0.0956863 0.229801 0.176463 -0.095857 0.229863 0.199218 -0.0862594 0.238245 0.179246 -0.0974623 0.225083 0.179246 -0.0988337 0.220215 0.193761 -0.0901343 0.2356 0.188346 -0.0935446 0.23167 0.198195 -0.0890594 0.233407 0.19454 -0.0926427 0.228694 0.180025 -0.0999604 0.21529 0.187983 -0.0961315 0.224658 0.187993 -0.0980568 0.217433 0.198195 -0.0927975 0.223295 0.193239 -0.095666 0.220657 0.179536 -0.100854 0.210245 0.176463 -0.101481 0.205278 0.187503 -0.0995981 0.210105 0.187014 -0.100414 0.203916 0.181896 -0.101511 0.200217 0.176463 -0.101866 0.200236 0.195725 -0.0962304 0.215199 0.179249 -0.101999 0.195193 0.197672 -0.0961784 0.209323 0.176463 -0.101884 0.190126 0.194028 -0.0982437 0.20495 0.199218 -0.0960777 0.204248 0.191929 -0.0994699 0.197643 0.180849 -0.10147 0.18762 0.176463 -0.101517 0.185083 0.187503 -0.100737 0.195179 0.196127 -0.0978924 0.197601 0.199218 -0.0964688 0.197142 0.176463 -0.100901 0.180064 0.189716 -0.100022 0.190215 0.180289 -0.100721 0.18009 0.187983 -0.0998219 0.182743 0.197672 -0.0971193 0.190173 0.176463 -0.0989262 0.170148 0.179363 -0.100025 0.175028 0.195594 -0.097395 0.183041 0.199218 -0.0960326 0.185295 0.180289 -0.0973994 0.165329 0.176463 -0.097573 0.165276 0.176463 -0.0959801 0.160477 0.186026 -0.0985308 0.172829 0.195809 -0.0967724 0.177848 0.182657 -0.0946394 0.158293 0.179248 -0.0941539 0.155771 0.186022 -0.0958916 0.16317 0.192477 -0.0956658 0.168421 0.197934 -0.0935313 0.168925 0.181896 -0.0917707 0.151298 0.176463 -0.092091 0.151145 0.176463 -0.0898045 0.146635 0.190457 -0.0940709 0.161163 0.181896 -0.0894921 0.146803 0.188968 -0.0916407 0.154111 0.197672 -0.0914795 0.16203 0.19454 -0.0899985 0.154847 0.178516 -0.0872997 0.142249 0.199218 -0.0880941 0.155627 0.179923 -0.084609 0.138034 0.188482 -0.0884885 0.147344 0.19454 -0.0867931 0.148257 0.179508 -0.0816187 0.133825 0.187008 -0.0849921 0.140781 0.199218 -0.0849791 0.149229 0.196127 -0.0838555 0.144366 0.191417 -0.0840291 0.141394 0.186513 -0.0808775 0.134586 0.199218 -0.0813508 0.143108 0.180067 -0.0785004 0.129872 0.176463 -0.0751923 0.126079 0.18405 -0.0765306 0.128509 0.195594 -0.0807377 0.139217 0.193501 -0.0781602 0.134352 0.176463 -0.068 0.118974 0.180338 -0.0716791 0.122433 0.199218 -0.075863 0.135371 0.17905 -0.068 0.119104 0.188968 -0.0757502 0.129182 0.189504 -0.0680001 0.121112 0.194806 -0.0718902 0.127727 0.199218 -0.0712845 0.129923 0.199218 -0.068 0.126499 0.195883 -0.068 0.124362 0.07 0.019 -0.0519288 0.07 0.015 0.0169999 0.07 0.015 0.042 0.042 0.04 0.0586669 0.0490616 0.04 0.059838 0.0474552 0.04 0.0610472 0.0464669 0.039999 0.0631782 0.069 0.04 0.0586669 0.05274 0.04 0.064778 0.0512505 0.04 0.0660249 0.13 0.062687 0.0663358 0.204886 0.062687 0.0663358 0.0547847 -0.0585 -0.0659998 0.0622184 -0.068 -0.0659998 0.0547847 -0.068 -0.0659998 0.0444319 -0.0585 -0.0659998 -0.012 -0.0649282 -0.0659998 0.00199999 -0.0649282 -0.0659998 0.0564087 0.0346308 -0.0660003 -0.0142671 -0.041072 -0.0659998 0.0494024 0.0311497 -0.0659998 -0.0107955 -0.0272614 -0.0659998 0.0432222 0.027688 -0.0659998 -0.00714929 -0.0211883 -0.0659998 0.0032188 -0.041072 -0.0659998 0.0372122 0.0239385 -0.0659998 -0.00322038 -0.015294 -0.0659998 0.031386 0.0199093 -0.0659998 0.0257566 0.0156097 -0.0659998 0.0027629 -0.0072758 -0.0659998 0.0203363 0.011049 -0.0659998 0.0101716 0.001186 -0.0659998 0.0151375 0.0062375 -0.0659998 0.00383471 -0.0646915 -0.0659998 0.0559164 0.0343989 -0.0589999 0.0495631 0.0312346 -0.0589999 0.0541384 -0.0335 -0.0589999 -0.0107886 -0.0272493 -0.0589999 -0.014151 -0.0335 -0.0589999 0.0433666 0.0277734 -0.0589999 -0.00713433 -0.0211647 -0.0589999 0.0373408 0.0240229 -0.0589999 -0.00319628 -0.0152597 -0.0589999 0.0314992 0.0199915 -0.0589999 0.00101665 -0.0095477 -0.0589999 0.0258548 0.0156884 -0.0589999 0.00549509 -0.0040413 -0.0589999 0.0204202 0.0111229 -0.0589999 0.010229 0.0012471 -0.0589999 0.0152078 0.0063056 -0.0589999 -0.0453266 -0.0585 0.06592 -0.0397542 -0.0585 0.0694229 -0.0255711 -0.0585 0.059929 -0.0425764 -0.0585 0.0677291 -0.0239277 -0.0585 0.0586888 -0.0200839 -0.0585 0.0571529 -0.0189907 -0.0585 0.057012 -0.0185 -0.0585 0.0569998 0.0588193 -0.0585 -0.0123037 0.0684572 -0.0585 -0.0149706 0.0112168 -0.0585 0.0504998 0.0695041 -0.0585 -0.00831684 0.0597904 -0.0585 -0.00501093 0.0699004 -0.0585 -0.00334057 0.0599052 -0.0585 0.00160757 0.0698227 -0.0585 0.00414243 0.0594399 -0.0585 0.00787988 0.0687198 -0.0585 0.0132214 0.0676216 -0.0585 0.0180918 0.057669 -0.0585 0.0153259 0.0661411 -0.0585 0.02286 0.0556699 -0.0585 0.0207886 0.0643613 -0.0585 0.0275251 0.0622178 -0.0585 0.0320341 0.0531344 -0.0585 0.0256836 0.0587654 -0.0585 0.0380348 0.0481969 -0.0585 0.0326857 0.0572415 -0.0585 0.0411817 0.0575654 -0.0585 0.0437273 0.0430641 -0.0585 0.0379407 0.0387539 -0.0585 0.0413775 0.0329821 -0.0585 0.0448519 0.0279663 -0.0585 0.04714 0.0244931 -0.0585 0.04835 0.0605882 -0.0585 0.0469998 0.0965 -0.0585 0.0470001 0.0888303 -0.0585 0.0570001 0.0916897 -0.0585 0.0577001 0.0943713 -0.0585 0.0591628 0.1107 -0.0585 0.0889999 0.0148854 -0.0585 0.05026 0.0173195 -0.0585 0.0499589 0.0209326 -0.0585 0.0492715 -0.048 -0.048736 -0.0187558 -0.048 -0.0479019 -0.018 -0.048 -0.0466329 -0.0346409 -0.048 -0.0448304 -0.0359796 -0.048 -0.0445 -0.0360001 0.0624108 0.015 0.0169999 0.063 0.0375 0.0569998 0.0395 0.0375 0.0569998 0.0624108 0.015 0.042 -0.0472345 -0.0335 -0.047 -0.0453344 -0.0335 -0.0499409 -0.0462754 -0.0335 -0.0487362 0.0378007 -0.0335 -0.047 0.0611408 -0.0335 -0.0519999 0.0461626 -0.0335 -0.0407806 0.04697 -0.0335 -0.0377356 0.047 -0.0335 -8.9407e-08 0.0611408 -0.0335 0.0569998 0.046988 -0.0335 0.037491 0.04628 -0.0335 0.0404202 0.0443235 -0.0335 0.0437626 0.0397439 -0.0335 0.0469998 -0.0430906 -0.023149 0.0569998 -0.0394644 -0.0200722 0.0569998 -0.0369354 -0.0175557 0.0569998 -0.0261179 0.000735901 0.0569998 -0.0273733 -0.0026037 0.0569998 -0.028838 -0.005857 0.0569998 -0.0305558 -0.008984 0.0569998 -0.0324685 -0.0119958 0.0569998 -0.0346137 -0.0148466 0.0569998 -0.00863346 0.04 0.0569998 0.01 0.04 0.0569998 -0.0103822 0.038276 0.0569998 0.0165 0.0335 0.0569998 -0.0128299 0.0355254 0.0569998 -0.0157816 0.0316043 0.0569998 -0.0183346 0.0274125 0.0569998 -0.0204641 0.0229907 0.0569998 -0.0217852 0.0195537 0.0569998 -0.0228208 0.0160201 0.0569998 -0.0238115 0.0112132 0.0569998 -0.0246009 0.0064832 0.0569998 -0.0254236 0.0030115 0.0569998 0.0355 0.0335 0.0569998 0.225552 -0.068 0.1473 0.216359 -0.0714173 0.143995 0.210001 -0.068 0.134511 0.220472 -0.068 0.142909 0.207789 -0.0694085 0.134399 0.220644 -0.0741485 0.152288 0.207789 -0.0749819 0.141449 0.233355 -0.0749032 0.169616 0.220644 -0.0779568 0.159714 0.207789 -0.0798422 0.149008 0.233307 -0.0770109 0.176875 0.207789 -0.0839428 0.157005 0.220644 -0.0848226 0.18371 0.207789 -0.0872449 0.165363 0.220644 -0.085519 0.192027 0.207789 -0.0897171 0.174003 0.207789 -0.0913358 0.182843 0.220644 -0.0854018 0.200373 0.207789 -0.0920857 0.191799 0.207789 -0.0919595 0.200785 0.220644 -0.0827391 0.21683 0.207789 -0.0909586 0.209716 0.220644 -0.0802189 0.224787 0.207789 -0.0890924 0.218507 0.220644 -0.0769355 0.23246 0.203504 -0.0886585 0.227213 0.207789 -0.0828431 0.235336 0.220644 -0.0682114 0.246668 0.207789 -0.0785196 0.243215 0.233351 -0.0581114 0.248652 0.207789 -0.0734491 0.250635 0.224954 -0.0554338 0.257269 0.207789 -0.0676799 0.257526 0.22493 -0.0423131 0.266846 0.220644 -0.050401 0.264152 0.207789 -0.0542711 0.269463 0.22493 -0.0275784 0.273688 0.224927 -0.035114 0.270628 0.207778 -0.0467604 0.274401 0.224904 -0.0197854 0.276013 0.203504 -0.0400581 0.280403 0.207416 -0.030539 0.282136 0.22493 -0.0036995 0.278298 0.207789 -0.0130361 0.286214 0.220644 0.012852 0.2796 0.224933 0.0044339 0.278261 0.207122 -0.0039738 0.287403 0.203504 0.004831 0.289208 0.224937 0.0204917 0.27582 0.220644 0.0290127 0.275502 0.207789 0.0226474 0.284315 0.220644 0.0367171 0.272293 0.207789 0.039536 0.278228 0.171337 -0.0569248 0.279638 -0.0479999 -0.0265329 0.0640234 -0.0440383 -0.0238605 0.0667783 -0.0411737 -0.0216153 0.068591 -0.0393933 -0.0200109 0.0696236 0.0703758 0.0204341 -0.0420001 0.0711309 0.0214009 -0.0420001 0.0799996 0.0220011 -0.0420001 0.07 0.0193505 -0.0420001 0.0676148 -0.068 -0.018117 0.0683998 -0.068 -0.0148819 0.069267 -0.068 -0.00996503 0.069821 -0.068 -0.00500283 0.0699802 -0.068 -1.34408e-05 0.069665 -0.068 0.00663391 0.0687198 -0.068 0.0132214 0.0671533 -0.068 0.0196895 0.0649793 -0.068 0.025979 0.0629798 -0.068 0.030554 0.0614558 -0.068 0.0335142 0.0587654 -0.068 0.0380348 0.0965 -0.068 0.0470001 -0.0185 -0.0625 0.0569998 0.0923576 -0.0625 0.0570001 -0.0180413 -0.0625 0.0663108 -0.0214075 -0.0624741 0.0627133 -0.0250812 -0.0625 0.0595123 -0.0203276 -0.0625 0.0606724 -0.0206808 -0.0625 0.0573422 -0.0190657 -0.0625 0.0598985 -0.0160348 -0.0625 0.0603363 -0.0171258 -0.0625 0.0598182 -0.016197 -0.0625 0.0657722 -0.0152318 -0.0625 0.0648052 0.070536 -0.0625 0.0659467 0.0692377 -0.0625 0.064808 -0.0148359 -0.0625 0.0639545 0.0687698 -0.0625 0.0637158 -0.0147496 -0.0625 0.0625884 0.0687958 -0.0625 0.0623061 0.0693216 -0.0625 0.0610487 0.0751186 -0.0625 0.0619389 0.0738219 -0.0625 0.0602881 0.0720339 -0.0625 0.059682 0.0902547 -0.0625 0.057285 0.0938216 -0.0625 0.0587739 0.0736101 -0.0625 0.0659033 0.074665 -0.0625 0.0648152 0.171002 0.056663 0.27995 0.2534 0.078397 0.210934 0.2534 0.079095 0.207 0.2534 0.077504 0.214829 0.2534 0.076417 0.218673 0.2534 0.085 0.183 0.2534 0.078458 0.179367 0.2534 0.077654 0.175767 0.2534 0.079095 0.183 0.2534 0.076685 0.172208 0.2534 0.075552 0.168697 0.2534 0.133582 0.184325 0.2534 0.087953 0.185506 0.2534 0.105648 0.137835 0.2534 0.087048 0.184125 0.2534 0.072006 0.160191 0.2534 0.07426 0.165243 0.235551 0.0327925 0.12203 0.238325 0.038325 0.124808 0.242408 0.045739 0.129336 0.2305 0.0224629 0.117125 0.245242 0.088757 0.109724 0.245242 0.050328 0.132814 0.128881 0.06277 0.0664741 0.129519 0.062705 0.0663659 0.125109 0.065274 0.0706421 0.206916 0.062788 0.0665042 0.209264 0.063028 0.0669045 0.211164 0.063338 0.067419 0.205987 0.0375 0.0662724 0.21448 0.064424 0.0686618 0.217269 0.065028 0.0702325 0.219392 0.06591 0.0716993 0.221102 0.06678 0.0731477 0.224728 0.069052 0.0769295 0.226243 0.070304 0.079013 0.12509 0.137989 0.19166 0.125208 0.12625 0.200129 0.125576 0.139867 0.194785 0.125899 0.140607 0.196017 0.126523 0.141698 0.197832 0.131357 0.136921 0.211253 0.246767 0.090329 0.112341 0.248142 0.091938 0.115018 0.138955 0.140468 0.217156 0.249362 0.09358 0.11775 0.140858 0.141045 0.218116 0.142846 0.14154 0.218939 0.250426 0.09525 0.12053 0.25133 0.096945 0.123351 0.145592 0.151519 0.214178 0.14807 0.142448 0.220451 0.252073 0.09866 0.126206 0.149873 0.152072 0.215097 0.252652 0.100393 0.129089 0.152794 0.152257 0.215407 0.155 0.152304 0.215484 0.253067 0.102137 0.131993 0.253317 0.10389 0.13491 0.188202 0.152304 0.215484 0.190563 0.152275 0.215436 0.19292 0.152189 0.215292 0.195266 0.152045 0.215054 0.197596 0.151845 0.21472 0.199905 0.151588 0.214293 0.202188 0.151276 0.213773 0.20444 0.150908 0.213161 0.206655 0.150486 0.212458 0.208829 0.15001 0.211666 0.210958 0.149482 0.210788 0.253381 0.133968 0.184967 0.253279 0.134543 0.185926 0.253102 0.135114 0.186876 0.252834 0.135676 0.18781 0.252493 0.136227 0.188728 0.252065 0.136762 0.189618 0.245227 0.140461 0.195774 0.251569 0.137281 0.190481 0.245885 0.140277 0.195468 0.250991 0.137776 0.191306 0.246834 0.139968 0.194954 0.250117 0.138402 0.192347 0.24774 0.139627 0.194386 0.248314 0.139379 0.193974 0.249126 0.138979 0.193309 0.200153 0.065731 0.267553 0.19941 0.05989 0.271506 0.235591 0.05555 0.25254 0.237597 0.05848 0.249583 0.239085 0.060246 0.247634 0.241221 0.062341 0.245102 0.245227 0.065641 0.240731 0.21009 0.117721 0.230389 0.210901 0.128319 0.223538 0.210503 0.121498 0.227873 0.247369 0.067377 0.238132 0.248167 0.068128 0.236935 0.246589 0.066698 0.239175 0.245929 0.066165 0.239969 0.24958 0.069607 0.234432 0.250204 0.070329 0.233129 0.248902 0.068872 0.235701 0.250777 0.071038 0.231791 0.2513 0.071732 0.230419 0.252187 0.073064 0.227582 0.252508 0.073625 0.226295 0.251771 0.07241 0.229012 0.25306 0.074812 0.223341 0.252811 0.07423 0.224827 0.25337 0.075975 0.220055 0.253235 0.075348 0.221878 0.2575 0.079538 0.203587 0.2575 0.079095 0.207 0.2575 0.079834 0.200159 0.2575 0.079982 0.196721 0.2575 0.079907 0.19156 0.2575 0.079538 0.186413 0.2575 0.079095 0.183 0.253374 0.07031 0.156836 0.25322 0.068829 0.154239 0.252925 0.067128 0.151482 0.25264 0.065935 0.149694 0.252288 0.064697 0.147943 0.251748 0.063077 0.1458 0.251199 0.061614 0.143973 0.250515 0.059984 0.142067 0.249657 0.058132 0.140039 0.2487 0.056238 0.138103 0.247644 0.054305 0.136255 0.246491 0.052334 0.134493 0.188684 0.131245 0.228138 0.177397 0.071888 0.270059 0.147429 0.090517 0.256734 0.136695 0.071878 0.270066 0.186644 0.120092 0.235581 0.153435 0.105289 0.246169 0.15498 0.118352 0.236826 -0.00209247 0.04 0.0604645 -0.00301294 0.04 0.0617949 -0.00121091 0.04 0.0660585 0.00223078 0.04 0.0605663 0.0030853 0.04 0.0619284 0.00119391 0.04 0.0660578 0.176878 0.067519 0.273097 0.134429 0.06744 0.27315 0.176567 0.06307 0.276018 0.132074 0.062972 0.27608 0.13083 0.060746 0.277477 0.155 0.124462 0.232543 0.187309 0.123269 0.233355 0.18775 0.126166 0.231404 0.198029 0.066612 0.268215 0.195857 0.067438 0.268789 0.193643 0.068209 0.269272 0.191392 0.06892 0.269663 0.189109 0.069573 0.269963 0.186799 0.070163 0.270169 0.184468 0.070691 0.270282 0.18212 0.071155 0.270301 0.179761 0.071555 0.270227 0.207275 0.114816 0.233738 0.205104 0.115643 0.234311 0.20289 0.116413 0.234794 0.200639 0.117125 0.235186 0.198356 0.117777 0.235485 0.196046 0.118367 0.235691 0.193714 0.118896 0.235804 0.191367 0.11936 0.235824 0.189008 0.119759 0.235749 0.191742 0.133363 0.226701 0.195266 0.133177 0.226391 0.197596 0.132977 0.226058 0.199905 0.13272 0.22563 0.207742 0.131379 0.2234 0.20444 0.132039 0.224498 0.202188 0.132407 0.22511 2.68221e-07 0.0272325 0.075 0.00388403 0.0317059 0.075 0.00950907 0.0324811 0.075 0.015063 0.0285055 0.075 0.016 0.0256478 0.075 0.0159996 -0.0275502 0.075 0.011786 -0.0318913 0.075 0.00645767 -0.0326886 0.075 3.72529e-07 -0.0281455 0.075 0.00869378 -0.028415 0.074963 0.0112128 -0.0244891 0.075 0.0058708 -0.0274892 0.075 0.0100843 -0.0222916 0.075 0.00480899 -0.0252004 0.075 0.0103495 0.0226648 0.075 0.0111649 0.0241159 0.075 0.00830883 0.0217059 0.075 0.00673087 -0.021693 0.075 0.00892177 0.0281233 0.075 0.00583093 0.0222239 0.075 0.00491458 0.0259021 0.075 0.00652677 0.0278856 0.075 0.0500002 0.0273905 0.075 0.0551944 0.0323074 0.075 0.0598043 0.0326898 0.075 0.064098 0.0298962 0.075 0.066 0.0259494 0.075 0.066 -0.0261502 0.075 0.0642174 -0.0298135 0.075 0.060361 -0.0325671 0.075 0.0570592 -0.0329084 0.075 0.052687 -0.0307546 0.075 0.0500001 -0.0265585 0.075 0.0602712 -0.027572 0.0749647 0.0580612 -0.0282834 0.075 0.0547921 -0.0244597 0.075 0.0611479 0.0240771 0.075 0.0566236 -0.0218365 0.075 0.0614002 0.0259263 0.0749809 0.0600775 0.0278181 0.0749599 0.0553901 0.0225093 0.075 0.0571774 0.0281901 0.075 0.125 0.100464 0.212636 0.12528 0.115308 0.207616 0.125738 0.119477 0.207933 0.127507 0.138308 0.202876 0.128542 0.134702 0.207559 0.12976 0.140479 0.206489 0.133546 0.142917 0.210547 0.136549 0.139596 0.215703 0.145592 0.132651 0.225516 0.151329 0.133314 0.22662 0.154255 0.133453 0.22681 0.126494 0.120925 0.210269 0.12945 0.118071 0.219587 0.132291 0.120973 0.22238 0.134459 0.125723 0.222044 0.138117 0.123118 0.227199 0.142861 0.125251 0.228897 0.14067 0.112385 0.236759 0.14826 0.12679 0.230025 0.153724 0.128911 0.229622 0.152794 0.121676 0.234381 0.125036 0.1013 0.213948 0.126162 0.10857 0.217064 0.127582 0.115428 0.217189 0.130746 0.108362 0.229101 0.135579 0.113461 0.231505 0.125489 0.1031 0.217297 0.124999 0.0958 0.23013 0.144119 0.113507 0.237889 0.134873 0.108096 0.235037 0.137502 0.107253 0.23854 0.149446 0.114542 0.238955 0.141439 0.102101 0.245979 0.139416 0.102036 0.244912 0.143505 0.102059 0.246915 0.131123 0.095919 0.244065 0.125172 0.08569 0.250403 0.148725 0.106252 0.245034 0.134575 0.096991 0.246391 0.129562 0.088486 0.251791 0.130613 0.08542 0.256234 0.146226 0.096874 0.251875 0.140094 0.093088 0.253476 0.136803 0.093131 0.251965 0.137367 0.084304 0.260357 0.127736 0.078648 0.2618 0.141674 0.0858 0.259931 0.132652 0.080659 0.262155 0.132184 0.071856 0.269633 0.124996 0.098919 0.219775 0.127433 0.104528 0.22477 0.136579 0.102706 0.242144 0.131257 0.100566 0.238358 0.127957 0.099655 0.233315 0.128717 0.065336 0.274175 0.127292 0.07234 0.267865 0.171 0.039 0.301 0.171 -0.039 0.301 0.181 -0.0294371 0.301 0.180696 -0.0315023 0.301 0.177337 -0.0367708 0.301 0.174973 -0.0381919 0.301 0.174698 -0.0245878 0.301 0.170287 -0.0280335 0.301 0.129416 -0.0265045 0.301 0.168354 -0.0258427 0.301 0.127309 -0.0281575 0.301 0.168435 -0.0238008 0.301 0.123306 -0.0259687 0.300995 0.171526 0.0217988 0.301 0.169281 0.0224805 0.301 0.174982 0.038175 0.301 0.172285 0.038929 0.300999 0.129417 0.0233967 0.301 0.128078 0.0219216 0.301 0.126727 -0.0217028 0.301 0.168265 0.0245106 0.301 0.125077 -0.0220552 0.301 0.129524 0.0263631 0.301 0.168745 0.0267994 0.301 0.124005 -0.0228007 0.301 0.123849 0.0229962 0.301 0.123746 -0.02314 0.301 0.123237 0.0255441 0.301 0.124519 0.0278651 0.300987 0.126509 0.0283887 0.300986 0.128193 0.0278373 0.301 0.123371 0.0240362 0.301 0.0762284 -0.0775 0.0242964 0.0759024 -0.068 0.0266446 0.0758946 -0.0775 0.027219 0.0764921 -0.068 0.030496 0.0781267 -0.068 0.0332853 0.0772879 -0.0775 0.0319101 0.0821317 -0.068 0.0362879 0.0807695 -0.0775 0.0355889 0.0833074 -0.0775 0.0367359 0.0835486 -0.068 0.0367991 0.0848112 -0.068 0.0369739 0.0852131 -0.0775 0.0370227 0.0871388 -0.068 0.0369696 0.0871388 -0.0775 0.0369696 0.0895778 -0.068 0.0362598 0.0897263 -0.0775 0.0362133 0.0919971 -0.068 0.0348915 0.0932187 -0.0775 0.0335559 0.0940753 -0.068 0.0326449 0.0952445 -0.068 0.0304224 0.0952186 -0.0775 0.0304789 0.0778575 -0.0775 0.0182821 0.076815 -0.068 0.0222603 0.0786721 -0.068 0.014378 0.0790306 -0.0775 0.012416 0.0795513 -0.068 0.00846115 0.0795513 -0.0775 0.00846115 0.0799363 -0.068 0.00249258 0.0798741 -0.0775 0.00448599 0.0999048 -0.0775 -0.00436196 0.0999048 -0.068 -0.00436196 0.0998203 -0.068 -0.00522956 0.0997577 -0.0775 -0.00559792 0.0993683 -0.068 -0.00706896 0.0984057 -0.0775 -0.00904426 0.0970011 -0.068 -0.0107733 0.0954279 -0.0775 -0.0121244 0.0934106 -0.068 -0.0132602 0.0919777 -0.0775 -0.0136598 0.0911555 -0.068 -0.0138284 0.0875371 -0.068 -0.0135115 0.0873217 -0.0775 -0.013424 0.0844412 -0.068 -0.0122846 0.0829003 -0.068 -0.0109843 0.0835522 -0.0775 -0.0116046 0.0808987 -0.0775 -0.00799188 0.0809652 -0.068 -0.00823697 0.079956 -0.068 -0.00442252 0.0799772 -0.0775 -0.0019618 0.096752 -0.068 0.025279 0.096752 -0.0775 0.025279 0.0978918 -0.068 0.020425 0.09834 -0.0775 0.0179726 0.0987883 -0.068 0.01552 0.0994391 -0.068 0.0105769 0.0994391 -0.0775 0.0105769 0.0998427 -0.068 0.00560704 0.0999204 -0.0775 0.00311509 0.0999981 -0.068 0.000622898 0.0889018 -0.0775 0.000128418 0.0903504 -0.0775 0.000196606 0.0857936 -0.0775 -0.00382146 0.0862765 -0.0775 -0.00595126 0.0885725 -0.0775 -0.00787649 0.0941053 -0.0775 -0.00384244 0.093567 -0.0775 -0.00593385 -0.052 -0.0295001 0.0360006 -0.052 -0.065 0.018 -0.052 -0.0445 -0.0360001 -0.052 -0.0470459 0.0343231 -0.052 -0.0463089 0.0151259 -0.052 -0.047501 0.0191127 -0.052 -0.0593118 0.00130239 -0.052 -0.0594519 0.000500351 -0.052 -0.0551166 0.00338498 -0.052 -0.0539092 0.0026156 -0.052 -0.0592563 -0.00111684 -0.052 -0.0551234 -0.00285944 -0.052 -0.046562 -0.0148729 -0.052 -0.0486288 -0.0191263 -0.048 -0.0474999 -0.033799 -0.052 -0.0474991 -0.0270365 0.0641364 -0.068 -0.0659541 0.06605 -0.068 -0.065816 0.0679548 -0.068 -0.0655869 0.0698464 -0.068 -0.065266 0.0717204 -0.068 -0.0648549 0.0735726 -0.068 -0.064355 0.0753986 -0.068 -0.0637659 0.0771944 -0.068 -0.0630911 0.0789557 -0.068 -0.0623301 0.0806784 -0.068 -0.0614861 0.0823587 -0.068 -0.0605601 0.0839927 -0.068 -0.059554 0.0855766 -0.068 -0.0584711 0.0871067 -0.068 -0.057314 0.0572668 -0.068 0.0425705 0.0585677 -0.068 0.0454475 0.0609469 -0.068 0.0469998 0.115807 -0.068 0.0476607 0.118728 -0.068 0.0452541 0.115424 -0.068 0.0515124 0.116171 -0.068 0.053122 0.1229 -0.068 0.045 0.127669 -0.068 0.0455147 0.129263 -0.068 0.0464641 0.126536 -0.068 0.0635358 0.194549 -0.068 0.0211231 0.192188 -0.068 0.019369 0.149263 -0.068 0.0664641 0.196727 -0.068 0.0231 0.198221 -0.068 0.0247234 0.199606 -0.068 0.026441 0.201964 -0.068 0.030168 0.200452 -0.068 0.0276438 0.202922 -0.068 0.0321549 0.203749 -0.068 0.0342011 0.138155 -0.068 0.0745322 0.145385 -0.068 0.0748955 0.204406 -0.068 0.036307 0.204925 -0.068 0.0384509 0.205176 -0.068 0.0399009 0.20541 -0.068 0.0420944 0.149664 -0.068 0.0669283 0.150582 -0.068 0.0699088 0.206048 -0.068 0.0759994 0.206377 -0.068 0.077053 0.149381 -0.068 0.0732552 0.206642 -0.068 0.0777399 0.20734 -0.068 0.0791377 0.208678 -0.068 0.081226 0.20964 -0.068 0.0823399 0.211285 -0.068 0.0838071 0.213766 -0.068 0.0853783 0.215796 -0.068 0.0862385 0.217396 -0.068 0.0866624 0.21903 -0.068 0.086928 0.220132 -0.068 0.086991 0.070006 0.019 -0.0521739 0.071039 -0.0459999 -0.0549816 0.0715655 -0.0459995 -0.055555 0.0744085 0.0212376 -0.0569733 0.0755518 0.0217988 -0.0568705 0.0763777 0.021978 -0.05662 0.073514 0.020685 -0.0567754 0.0728983 0.0202289 -0.0565208 0.0721387 0.0195657 -0.0560511 0.00499524 -0.0480005 -0.0780002 -0.015 -0.055 -0.0779999 0.0117481 -0.0567025 -0.0659998 0.00499122 -0.0579979 -0.0780009 0.00928059 -0.0614946 -0.0659998 -0.013122 -0.057999 -0.0780002 -0.0130703 -0.0480003 -0.0780002 -0.0149988 -0.0506628 -0.0780002 0.0118557 -0.0509332 -0.0659998 0.00888745 -0.0434995 -0.0659998 0.184444 0.050029 0.283184 0.179047 0.0351242 0.301013 0.180658 0.047068 0.288502 0.180999 0.0304533 0.301 0.179564 -0.0342649 0.301003 0.175443 -0.0513341 0.285779 0.175723 -0.0456404 0.292288 0.173174 -0.0510767 0.28648 0.103089 0.0425 0.00370994 0.0976552 0.0425 -0.0054501 0.108845 0.0425 0.0126711 0.0994107 0.022 -0.0467628 -0.052 -0.0467348 -0.0353783 0.0700997 0.0196511 -0.0519288 0.0704244 0.0203561 -0.0522731 0.072437 0.0218441 -0.0527442 0.0712472 0.020201 -0.0545841 0.137996 -0.073 0.0749957 0.116536 -0.073 0.0535361 0.1229 -0.073 0.045 0.129263 -0.073 0.0464641 0.150302 -0.073 0.0675031 0.139069 -0.073 0.0706493 0.12145 -0.073 0.0531105 0.115868 -0.073 0.0526439 0.115438 -0.073 0.048973 0.124239 -0.073 0.0542621 0.117691 -0.073 0.0457911 0.147045 -0.073 0.0747611 0.121703 -0.073 0.0485899 0.123234 -0.073 0.0477583 0.144496 -0.0729688 0.0704934 0.149804 -0.073 0.0724932 0.124281 -0.073 0.0477072 0.125626 -0.073 0.0482408 0.127486 -0.073 0.0454375 0.144733 -0.073 0.0679766 0.142974 -0.073 0.0657393 0.126986 -0.073 0.0499052 0.141302 -0.073 0.0654091 0.171707 0.0248968 0.284971 0.171697 -0.0245526 0.284989 0.126694 -0.0250999 0.285036 0.126238 0.0249328 0.285025 0.0583287 0.0250522 0.0589828 0.0582649 -0.0252284 0.0589687 0.00764398 0.024667 0.059019 0.00810997 -0.0249556 0.0590192 -0.019396 -0.0445381 0.0629627 -0.0168956 -0.0445348 0.0633208 0.0718227 -0.0445399 0.0630085 0.0898907 -0.051113 -0.00376377 0.2575 0.087997 0.183031 0.2534 0.088 0.185817 0.2575 0.087998 0.206986 0.2534 0.087999 0.205912 0.141843 -0.0570142 0.0681049 0.124313 -0.0569972 0.0512799 0.1405 0.0425 0.00316659 0.097 0.0425 -0.0230244 0.098599 0.0425 -0.0414198 0.0978335 0.0375 -0.0402895 0.103336 0.0425 -0.0427187 0.107454 0.0425 -0.0318345 0.110146 0.0425 -0.030577 0.097119 0.0425 -0.00711522 0.129231 0.042491 -0.0119382 0.109833 0.0425 -0.00608477 0.110424 0.0425 -0.00464138 0.139694 0.0425 -0.0146206 0.12846 0.042495 0.0173132 0.132339 0.0425 0.0148388 0.130854 0.042484 0.0179509 0.140275 0.0425 0.0196694 0.137484 0.0425 0.0228445 0.130206 0.0256004 0.0154571 0.129658 0.0256739 -0.00938806 0.107521 0.025616 -0.00453696 0.107772 0.0256433 -0.0295394 0.0499801 0.0219738 0.0629605 0.000157058 0.0220168 0.0628001 -0.0171022 -0.0250732 0.075 -0.0181211 -0.0210856 0.075 -0.0212059 -0.0181069 0.075 -0.024404 -0.0170521 0.075 -0.0293113 -0.0185496 0.075 -0.0322501 -0.0217555 0.075 -0.0328474 -0.025622 0.075 -0.0305355 -0.0303888 0.075 -0.0245763 -0.0327814 0.075 -0.0191009 -0.0301127 0.075 -0.0284058 -0.02602 0.0749868 -0.0263963 -0.0283562 0.0749733 -0.0226635 -0.0275934 0.0749744 -0.0278939 -0.0234903 0.075 -0.0215543 -0.0250443 0.0749709 -0.0252167 -0.0251448 0.0591039 -0.052 -0.0461231 0.0371377 -0.052 -0.0285936 0.0369898 -0.052 -0.0287793 0.0149781 -0.052 -0.0467474 -0.0368589 -0.052 -0.0290323 -0.0150212 -0.052 -0.0292178 -0.0370069 0.045 -0.0280728 -0.0398143 0.045 -0.0274022 0.0396859 0.0396863 -0.0281805 -0.0449999 0.0398598 -0.0274193 0.0449997 -0.045 -0.0291561 -0.0396861 -0.045 -0.0284865 0.0396859 -0.0398131 -0.0283792 0.045 -0.0398153 -0.0291384 -0.0449999 -0.0312413 0.135759 0.0471012 0.0532485 0.0325225 0.051113 -0.0246081 0.0153952 0.0517451 0.053968 -0.0271783 0.0534159 -0.039454 -0.0283038 0.053425 0.0730098 0.040969 -0.040218 0.0930909 0.0326171 0.0411159 0.0935768 0.0173489 0.041705 0.0713812 0.136277 -0.0381511 -0.0545 -0.0467474 -0.0368594 -0.0544943 -0.042312 -0.0318488 -0.0545 -0.0367966 -0.0326386 -0.0545 -0.0354964 -0.0319837 -0.0545 -0.0340778 -0.030141 -0.0545 -0.046562 -0.0148729 -0.0544994 -0.0396178 -0.0225492 -0.0544962 -0.0433303 -0.0262223 -0.0545 -0.0290625 -0.0150212 -0.0545 -0.0339653 -0.0264567 -0.0545 -0.0463089 0.0151259 -0.0545 -0.0420826 0.0250236 -0.0544988 -0.0363082 0.0232331 -0.0545 -0.0288094 0.0149781 -0.0545 -0.0461211 0.0371384 -0.0545 -0.0410658 0.0315234 -0.0545 -0.0286238 0.0369898 -0.0545 -0.0347036 0.0307986 -0.0545 -0.0146743 0.0308169 -0.0545 0.1348 -0.033392 -0.0545 0.135342 0.0308169 -0.0544999 -0.0292479 -0.0370069 -0.0544768 -0.0292553 -0.0379132 -0.0544126 -0.0292622 -0.0388158 -0.0543077 -0.0292685 -0.0397161 -0.0541621 -0.0292743 -0.0406102 -0.0539763 -0.0292795 -0.0414971 -0.0537505 -0.0292842 -0.042374 -0.0520418 -0.0292989 -0.046558 -0.051589 -0.0293 -0.0473422 -0.0511012 -0.0293006 -0.0481051 -0.0505794 -0.0293006 -0.0488451 -0.0500245 -0.0292999 -0.0495609 -0.0494379 -0.0292987 -0.0502509 -0.0488207 -0.0292968 -0.0509141 -0.048174 -0.0292944 -0.0515479 -0.0474994 -0.0292913 -0.052152 -0.0534853 -0.0292883 -0.0432399 -0.0531812 -0.0292919 -0.044093 -0.0528387 -0.0292948 -0.044932 -0.0524587 -0.0292971 -0.045754 -0.0467981 -0.0292878 -0.0527252 -0.0460716 -0.0292835 -0.0532649 -0.0453214 -0.0292788 -0.0537721 -0.044549 -0.0292735 -0.0542448 -0.043756 -0.0292676 -0.0546821 -0.042944 -0.0292612 -0.0550831 -0.0421147 -0.0292543 -0.055446 -0.0412699 -0.0292469 -0.0557722 -0.0404111 -0.0292389 -0.056059 -0.0395402 -0.0292305 -0.0563072 -0.038659 -0.0292217 -0.0565151 -0.0377693 -0.0292124 -0.0566829 -0.0368728 -0.0292026 -0.05681 -0.0359715 -0.0291925 -0.056897 -0.0352399 -0.029184 -0.056938 -0.0345073 -0.0291753 -0.0569509 -0.0544955 -0.0286177 0.0376951 -0.0542915 -0.0285969 0.0398661 -0.0523853 -0.028528 0.0453238 -0.0534518 -0.0285594 0.043112 0.053968 -0.0281094 -0.05696 -0.0502891 -0.0284787 0.0481733 -0.0478769 -0.028431 0.0503782 -0.0460253 -0.0283989 0.0515343 -0.0440333 -0.0283674 0.0524277 -0.0424714 -0.0283445 0.0529214 -0.0414049 -0.0283296 0.0531599 0.0530856 0.045145 -0.0553721 -0.0345073 0.134872 -0.0533951 -0.0424317 0.134791 -0.051756 -0.0407392 0.134806 -0.0523981 -0.0415927 0.134798 -0.052096 -0.0432544 0.134784 -0.0513791 -0.0440593 0.134778 -0.050964 -0.0398729 0.134814 -0.052661 -0.0448445 0.134772 -0.0505141 -0.0389955 0.134823 -0.052884 -0.0456085 0.134767 -0.0500282 -0.038109 0.134832 -0.053068 -0.0463498 0.134763 -0.0495079 -0.0372151 0.134841 -0.0532101 -0.0470668 0.134759 -0.0489551 -0.0363156 0.134851 -0.0533131 -0.047758 0.134755 -0.04837 -0.0354123 0.134862 -0.0533741 -0.0484221 0.134752 -0.0477551 -0.0490576 0.13475 -0.0471099 -0.0496633 0.134749 -0.0464371 -0.050238 0.134748 -0.0457381 -0.0507803 0.134747 -0.045013 -0.0512894 0.134747 -0.0442642 -0.051764 0.134748 -0.0434931 -0.0522033 0.134749 -0.0427011 -0.0526063 0.134751 -0.04189 -0.0529722 0.134754 -0.041062 -0.0533002 0.134757 -0.040217 -0.0535897 0.134761 -0.0393589 -0.0538401 0.134765 -0.038489 -0.0540508 0.13477 -0.037608 -0.0542216 0.134776 -0.0367192 -0.0543519 0.134782 -0.035823 -0.0544415 0.134788 -0.034921 -0.0544854 0.134794 -0.0341571 0.0546112 0.135948 -0.053227 0.0565732 0.135974 -0.0528639 0.0555967 0.135961 -0.0530699 0.053619 0.135935 -0.053335 0.0523746 0.135919 -0.0534042 0.0575382 0.135988 -0.0526091 0.0584893 0.136002 -0.052307 0.0594241 0.136016 -0.0519579 0.0603403 0.136031 -0.0515622 0.0612356 0.136045 -0.0511211 0.0621078 0.13606 -0.0506361 0.0629547 0.136074 -0.050108 0.0637742 0.136089 -0.049538 0.0645643 0.136104 -0.0489281 0.065323 0.136118 -0.0482801 0.0660483 0.136133 -0.0475939 0.0667386 0.136147 -0.0468729 0.0673921 0.136162 -0.0461191 0.0680071 0.136176 -0.045333 0.0685822 0.136189 -0.0445169 0.0691158 0.136203 -0.0436729 0.0696067 0.136216 -0.0428041 0.0700536 0.136229 -0.041911 0.0704555 0.136242 -0.0409969 0.0708113 0.136254 -0.0400639 0.0711201 0.136266 -0.039115 0.0907907 0.137181 0.0412852 0.090832 0.13719 0.0423044 0.0907569 0.137195 0.0429784 0.0905956 0.137198 0.0436074 0.0862075 0.137174 0.047089 0.0902355 0.137201 0.0444662 0.0898735 0.137201 0.0450393 0.0871279 0.137184 0.0469176 0.0888885 0.137198 0.046045 0.0879235 0.137191 0.0466281 0.0894373 0.1372 0.0455581 -0.0393219 0.000685602 0.052307 -0.041093 -0.0010868 0.052164 -0.0419058 -0.0019006 0.05204 -0.0431057 -0.0031028 0.0517699 -0.0544822 -0.0146012 0.0373675 -0.0451857 -0.0051889 0.0510546 -0.0471974 -0.0072094 0.050027 -0.0538179 -0.013903 0.0413767 -0.0489596 -0.0089822 0.0487713 -0.0525328 -0.0125921 0.0444402 -0.0510566 -0.0110974 0.0466222 0.0532782 0.0295 -0.0149001 0.0532318 0.0333555 -0.0149001 0.0534362 0.0168653 0.0417091 0.0532522 0.0321372 0.04112 0.0543982 0.045155 -0.0553521 0.0557288 0.04514 -0.0552441 0.0570512 0.045101 -0.0550579 0.0583034 0.045041 -0.0547985 0.0596428 0.044945 -0.054416 0.0604851 0.044871 -0.0541261 0.0613137 0.044786 -0.053799 0.0621271 0.04469 -0.0534371 0.0633126 0.044525 -0.0528215 0.0644597 0.044339 -0.0521382 0.0651963 0.044203 -0.051638 0.0659099 0.044056 -0.0511058 0.0665992 0.043901 -0.0505432 0.0672627 0.043736 -0.0499509 0.0678992 0.043563 -0.0493291 0.0685074 0.043381 -0.0486811 0.0690861 0.043191 -0.0480059 0.0698923 0.042892 -0.0469445 0.070634 0.042578 -0.045838 0.0710838 0.042361 -0.0450729 0.0714991 0.042137 -0.044288 0.0718789 0.041908 -0.0434869 0.0722225 0.041674 -0.0426691 0.0725293 0.041435 -0.0418371 0.0727868 0.041204 -0.0410331 0.0643747 0.0312914 -0.0073553 0.0532796 0.0295 -0.00166401 -0.052 -0.0431887 0.0272597 -0.0544998 -0.033447 0.0270611 -0.052 -0.0350251 0.0312223 -0.052 -0.0404437 0.0322815 -0.052 -0.0382091 -0.0328098 -0.052 -0.035087 -0.0315209 -0.052 -0.0336242 -0.0281914 -0.052 -0.0365258 -0.0238236 0.0941551 0.0328245 0.0461611 0.0940967 0.032852 0.0468918 0.0940948 0.0327913 0.0453173 0.0939352 0.0328766 0.0475785 0.0936076 0.0329039 0.0483896 0.093292 0.0329207 0.0489246 0.0929828 0.0329325 0.049328 0.0923159 0.0329496 0.0499779 0.091688 0.0329604 0.0504209 0.091243 0.0329627 0.0506536 0.0906072 0.0329641 0.0508884 0.0895533 0.0329599 0.051109 0.061629 0.0296196 -0.00173077 0.0621085 0.0295016 -0.0149001 0.0659671 0.0335086 -0.0149001 -0.0387047 -0.0399125 -0.0308712 -0.0380571 -0.0415916 -0.0289606 -0.0340025 -0.0385862 -0.0278727 -0.0387047 -0.0352525 -0.0276712 -0.0387047 -0.0357003 -0.0296942 -0.0374094 -0.0387586 -0.0248652 -0.0387047 -0.0407712 -0.0256196 -0.0374094 -0.041617 -0.0269416 -0.0387047 -0.0370541 -0.030917 -0.0387047 -0.0362666 -0.0256263 -0.052 -0.0385017 -0.0247799 -0.052 -0.0409156 -0.0258127 -0.052 -0.0417482 -0.027479 -0.052 -0.0409186 -0.0300425 -0.052 -0.0383435 -0.0312174 -0.052 -0.0361361 -0.0301894 -0.052 -0.0352084 -0.028041 -0.052 -0.0364391 -0.0255769 -0.0339713 -0.0383801 0.028087 -0.0387047 -0.0391775 0.0310918 -0.0387047 -0.0411783 0.0298666 -0.0374094 -0.0416591 0.0274891 -0.0387047 -0.0406226 0.0255066 -0.0380571 -0.0382779 0.0247826 -0.0374094 -0.0359955 0.0259604 -0.0387047 -0.0353549 0.0286962 -0.0374094 -0.0366085 0.0306162 -0.052 -0.0399999 0.0308439 -0.052 -0.0417282 0.0285369 -0.052 -0.041081 0.0251085 -0.052 -0.0389423 0.0249211 -0.052 -0.0360762 0.0258271 -0.052 -0.0353718 0.0286056 -0.052 -0.0371672 0.0309221 0.2465 0 0.273 0.2465 0.0058271 0.272757 0.2465 0.0116253 0.272129 0.2465 0.0173513 0.271021 0.2465 0.0229909 0.269535 0.2465 0.0266775 0.268296 0.2465 0.0302979 0.266875 0.2465 0.0355734 0.264388 0.2465 0.040672 0.261557 0.2465 0.043939 0.259447 0.2465 0.047097 0.257176 0.2465 0.051595 0.253464 0.2465 0.055838 0.249463 0.2465 0.059733 0.245122 0.2465 0.063331 0.240532 0.2465 0.065522 0.237319 0.2465 0.06755 0.234 0.2465 0.070254 0.228832 0.2465 0.072608 0.223497 0.2465 0.073938 0.219842 0.2465 0.075565 0.214241 0.2465 0.076815 0.208545 0.2465 0.077588 0.202764 0.2465 0.077976 0.196945 0.2465 0.077879 0.191113 0.2465 0.077395 0.185301 0.2465 0.07643 0.179549 0.2465 0.075085 0.173874 0.2465 0.073938 0.170158 0.2465 0.072608 0.166503 0.2465 0.070254 0.161168 0.2465 0.06755 0.156 0.2465 0.064427 0.151075 0.2465 0.059733 0.144879 0.2465 0.055838 0.140537 0.2465 0.053053 0.137822 0.2465 0.048617 0.134036 0.2465 0.043939 0.130553 0.2465 0.038988 0.127471 0.2465 0.0338429 0.124724 0.2465 0.0284877 0.122414 0.2465 0.0229909 0.120465 0.2465 0.0173513 0.11898 0.2465 0.0116253 0.117871 0.2465 0.0058271 0.117242 0.2465 0 0.117 0.2465 -0.0058271 0.117242 0.2465 -0.0135403 0.118209 0.2465 -0.0192471 0.119412 0.2465 -0.0248342 0.121084 0.2465 -0.0302979 0.123125 0.2465 -0.0338429 0.124724 0.2465 -0.0389879 0.127471 0.2465 -0.0439389 0.130553 0.2465 -0.0470967 0.132824 0.2465 -0.0501374 0.135249 0.2465 -0.0544456 0.139179 0.2465 -0.0584829 0.143389 0.2465 -0.0609829 0.146368 0.2465 -0.0633312 0.149468 0.2465 -0.065522 0.152681 0.2465 -0.06848 0.157708 0.2465 -0.0710975 0.16292 0.2465 -0.0726082 0.166503 0.2465 -0.0745115 0.172016 0.2465 -0.0760444 0.177643 0.2465 -0.0771048 0.183378 0.2465 -0.0777819 0.189171 0.2465 -0.0779757 0.195 0.2465 -0.0777819 0.200829 0.2465 -0.0771048 0.206622 0.2465 -0.0760444 0.212357 0.2465 -0.0745115 0.217984 0.2465 -0.0718528 0.225289 0.2465 -0.06941 0.230584 0.2465 -0.066536 0.23566 0.2465 -0.0633312 0.240532 0.2465 -0.0597329 0.245122 0.2465 -0.0558376 0.249463 0.2465 -0.0530535 0.252178 0.2465 -0.0501374 0.254751 0.2465 -0.0455179 0.258311 0.2465 -0.0406719 0.261557 0.2465 -0.0355734 0.264388 0.2465 -0.0302979 0.266875 0.2465 -0.0248342 0.268916 0.2465 -0.0192471 0.270588 0.2465 -0.0135403 0.271791 0.2465 -0.0077663 0.272612 0.2465 -0.003888 0.272903 0.2495 0.0036663 0.269911 0.2495 0.009178 0.269414 0.2495 0.0146317 0.268559 0.2495 0.0199974 0.267261 0.2495 0.0252668 0.265616 0.2495 0.0337107 0.261972 0.2495 0.040113 0.258345 0.2495 0.044677 0.255241 0.2495 0.048973 0.251774 0.2495 0.054302 0.2467 0.2495 0.059108 0.241128 0.2495 0.063301 0.235267 0.2495 0.066144 0.230355 0.2495 0.068545 0.225384 0.2495 0.071193 0.218519 0.249499 0.073196 0.211458 0.2495 0.074414 0.204178 0.2495 0.074955 0.19684 0.2495 0.074769 0.189427 0.2495 0.074169 0.183864 0.2495 0.073117 0.178403 0.2495 0.071703 0.173006 0.2495 0.069848 0.167746 0.2495 0.066805 0.160961 0.2495 0.063105 0.154512 0.2495 0.058784 0.14846 0.2495 0.053886 0.142867 0.2495 0.048458 0.137786 0.2495 0.042552 0.133269 0.2495 0.0361782 0.129331 0.2495 0.0295492 0.126091 0.2495 0.0225788 0.123503 0.2495 0.0153864 0.121618 0.2495 0.0098919 0.120655 0.2495 0.0043366 0.120149 0.2495 -0.0030984 0.120087 0.2495 -0.0132502 0.121244 0.2495 -0.0240391 0.124024 0.2495 -0.0318114 0.127106 0.249499 -0.0386472 0.130699 0.2495 -0.0430747 0.133603 0.2495 -0.047505 0.136993 0.2495 -0.0530167 0.141983 0.2495 -0.0568286 0.146056 0.2495 -0.0602912 0.150429 0.2495 -0.0644093 0.156621 0.2495 -0.0678939 0.163189 0.2495 -0.0700923 0.168315 0.2495 -0.071866 0.173629 0.2495 -0.0736256 0.180829 0.2495 -0.0746671 0.188191 0.2495 -0.0749744 0.19562 0.2495 -0.0747439 0.201193 0.2495 -0.0740538 0.206729 0.2495 -0.0729995 0.212207 0.2495 -0.0714964 0.217579 0.2495 -0.0689085 0.224549 0.2495 -0.0665417 0.229601 0.2495 -0.0637659 0.234439 0.2495 -0.059546 0.240561 0.2495 -0.0547406 0.246235 0.2495 -0.0493969 0.251404 0.2495 -0.0404882 0.258105 0.2495 -0.0340388 0.261805 0.2495 -0.0289875 0.264172 0.2495 -0.0210847 0.266909 0.2495 -0.0148283 0.268519 0.2495 -0.0092741 0.269401 0.2495 -0.0018594 0.269954 0.2495 -0.0454158 0.254691 0.2495 0.028867 0.264223 0.261 -0.0347182 0.159405 0.261 -0.0223694 0.174244 0.261 -0.0198942 0.171883 0.261 -0.0243249 0.176574 0.261 -0.0389352 0.16395 0.261 -0.0290614 0.154578 0.261 -0.0256418 0.178439 0.261 -0.0243399 0.151602 0.261 -0.0171879 0.169757 0.261 -0.0414576 0.167485 0.261 -0.0145987 0.168192 0.261 -0.0267994 0.180406 0.261 -0.0125265 0.167157 0.261 -0.0175999 0.148459 0.261 -0.0456059 0.175103 0.261 -0.0286752 0.184563 0.261 -0.0475727 0.180326 0.261 -0.0293841 0.186733 0.261 -0.0104668 0.146356 0.261 -0.0491673 0.187589 0.261 -0.0018602 0.145278 0.261 -0.0304302 0.19272 0.261 0.000760801 0.164494 0.261 -0.0304486 0.197275 0.261 -0.0497226 0.196861 0.261 0.0030393 0.164627 0.261 -0.0301747 0.199548 0.261 0.0061827 0.145663 0.261 0.005299 0.164948 0.261 -0.0488899 0.204251 0.261 0.0086257 0.165746 0.261 0.0161189 0.147994 0.261 -0.0469651 0.211434 0.261 -0.0286798 0.205469 0.261 -0.0274935 0.20824 0.261 0.0125507 0.167185 0.261 0.0146251 0.168212 0.261 -0.0439912 0.21825 0.261 -0.0264354 0.210262 0.261 -0.0245395 0.213111 0.261 -0.0396355 0.225023 0.261 0.0175954 0.170074 0.261 0.0282269 0.15415 0.261 -0.022886 0.215199 0.261 0.0351836 0.159816 0.261 0.0201917 0.17212 0.261 0.0223694 0.174244 0.261 -0.0204641 0.217614 0.261 -0.0342959 0.23105 0.261 0.040759 0.16646 0.261 -0.0261785 0.237247 0.261 -0.0178132 0.219777 0.261 0.0267994 0.180406 0.261 -0.0152578 0.221428 0.261 0.044557 0.172854 0.261 0.0278238 0.182445 0.261 0.0286751 0.184563 0.261 -0.0187542 0.241088 0.261 0.04736 0.179742 0.261 -0.0060484 0.22492 0.261 -0.0134836 0.242924 0.261 0.0298166 0.188585 0.261 0.0303639 0.191961 0.261 -0.0045511 0.225184 0.261 -0.008029 0.244105 0.261 0.048921 0.186058 0.261 0.0304878 0.19351 0.261 -0.0022804 0.22543 0.261 0.0305155 0.195761 0.261 0.049785 0.195 0.261 0.0303827 0.198041 0.261 0.000308797 0.244699 0.261 0.04929 0.201802 0.261 0.048245 0.207285 0.261 0.0295719 0.20253 0.261 0.0092502 0.24389 0.261 0.0111486 0.223406 0.261 0.0090673 0.224162 0.261 0.0285274 0.205788 0.261 0.0164336 0.241966 0.261 0.0235106 0.238823 0.261 0.0139215 0.222155 0.261 0.045428 0.215159 0.261 0.041458 0.222515 0.261 0.0165561 0.220634 0.261 0.0252131 0.21219 0.261 0.0193114 0.218606 0.261 0.0321827 0.232873 0.261 0.038137 0.227001 0.261 0.0238619 0.214026 0.261 0.0223734 0.21577 0.2545 -0.0449697 0.247255 0.2545 -0.0414158 0.227191 0.2545 -0.0505649 0.241917 0.2545 -0.0361553 0.233004 0.2545 -0.0561603 0.23485 0.2545 -0.0284394 0.239033 0.2545 -0.0366791 0.253374 0.2545 -0.0468026 0.218626 0.2545 -0.0251694 0.259131 0.2545 -0.0629429 0.222932 0.2545 -0.0209767 0.243078 0.2545 -0.0499281 0.211085 0.2545 -0.0145021 0.262398 0.2545 -0.0135767 0.245668 0.2545 -0.0673987 0.209501 0.2545 -0.0042949 0.263807 0.2545 -0.0517678 0.203464 0.2545 -0.0524511 0.195654 0.2545 -0.0688072 0.199294 0.2545 -0.0029367 0.247313 0.2545 -0.0686787 0.188991 0.2545 0.0058734 0.247126 0.2545 -0.051833 0.187187 0.2545 0.0085664 0.263358 0.2545 0.0116787 0.246168 0.2545 -0.0495114 0.177675 0.2545 -0.0667624 0.178 0.2545 0.0200312 0.243362 0.2545 0.0219414 0.260306 0.2545 -0.046035 0.169931 0.2545 -0.0635621 0.168206 0.2545 0.0284748 0.239088 0.2545 0.0344464 0.254663 0.2545 -0.0418364 0.16331 0.2545 -0.0587856 0.159077 0.2545 0.0332137 0.2356 0.254494 -0.0541141 0.151117 0.2545 -0.0377594 0.158629 0.2545 0.046524 0.245769 0.2545 -0.0481035 0.145682 0.2545 -0.0316997 0.153151 0.2545 0.054432 0.237308 0.2545 -0.0270423 0.150123 0.2545 0.039499 0.229424 0.2545 0.046162 0.219768 0.2545 -0.0371187 0.13714 0.2545 -0.0185541 0.145936 0.2545 0.062307 0.224054 0.2545 -0.0219414 0.129695 0.2545 0.050313 0.209836 0.2545 -0.0116787 0.143832 0.2545 0.067826 0.206523 0.2545 0.052223 0.198586 0.2545 -0.0098401 0.126845 0.2545 -0.0022857 0.142622 0.2545 0.068979 0.195 0.2545 0.0017197 0.126043 0.2545 0.0058734 0.142874 0.2545 0.051963 0.187829 0.2545 0.0094241 0.126706 0.2545 0.067889 0.183464 0.2545 0.064257 0.170241 0.2545 0.0151324 0.144838 0.2545 0.0233471 0.148027 0.2545 0.048812 0.176015 0.2545 0.0223334 0.129872 0.2545 0.045097 0.168208 0.2545 0.05927 0.159787 0.2545 0.0344893 0.135263 0.2545 0.038869 0.13799 0.2545 0.0284748 0.150912 0.2545 0.034216 0.155241 0.2545 0.039499 0.160576 0.2545 0.04497 0.142745 0.2545 0.052775 0.150717 0.2583 -0.0029367 0.247313 0.2583 0.0058734 0.247126 0.2583 0.0135767 0.245668 0.2583 0.0209767 0.243078 0.2583 0.0279081 0.239415 0.2583 0.0358995 0.233208 0.2583 0.041416 0.227191 0.2583 0.045751 0.220659 0.2583 0.049064 0.213554 0.2583 0.051282 0.206034 0.2583 0.052353 0.197613 0.2583 0.052125 0.189127 0.2583 0.050668 0.181424 0.2583 0.047227 0.172257 0.2583 0.041166 0.162587 0.2583 0.0361553 0.156996 0.2583 0.0290062 0.151294 0.2583 0.0221682 0.14746 0.2583 0.0160854 0.145072 0.2583 0.0084643 0.143232 0.2583 0.000654198 0.142549 0.2583 -0.0084643 0.143232 0.2583 -0.0148351 0.144686 0.2583 -0.0230262 0.147936 0.2583 -0.030637 0.152386 0.2583 -0.0372798 0.158183 0.2583 -0.0418364 0.16331 0.2583 -0.0468026 0.171374 0.2583 -0.0499281 0.178915 0.2583 -0.0517678 0.186536 0.2583 -0.0524185 0.192384 0.2583 -0.0522555 0.199572 0.2583 -0.0509904 0.207309 0.2583 -0.0485863 0.214772 0.2583 -0.0450968 0.221792 0.2583 -0.0406 0.228214 0.2583 -0.0351962 0.233894 0.2583 -0.0270572 0.239906 0.2583 -0.0209767 0.243078 0.2583 -0.0154747 0.245168 0.2583 -0.0116787 0.246168 0.2535 0.069958 0.193283 0.2535 0.069306 0.185588 0.251274 0.069919 0.190857 0.252341 0.068518 0.180955 0.2535 0.065559 0.170631 0.251094 0.066171 0.172197 0.252447 0.062395 0.163302 0.2535 0.058627 0.156859 0.2535 0.052396 0.14867 0.2535 0.045031 0.141483 0.2535 0.03889 0.136797 0.2535 0.0344925 0.134113 0.2535 0.0259703 0.130058 0.2535 0.0186642 0.127556 0.2535 0.0119637 0.126052 0.251326 0.0071861 0.125353 0.2535 0.005148 0.12521 0.251167 0.000871301 0.124953 0.2535 -0.0043343 0.125194 0.2535 -0.0154721 0.126842 0.2535 -0.0262297 0.130164 0.252456 -0.0318402 0.132693 0.2535 -0.0399323 0.13758 0.2535 -0.0461038 0.142356 0.2535 -0.0510913 0.14718 0.2535 -0.0594416 0.158235 0.2535 -0.0643146 0.167421 0.2535 -0.06673 0.173927 0.2535 -0.0689388 0.183203 0.2535 -0.0699259 0.193555 0.2535 -0.0696893 0.201355 0.25088 -0.0696536 0.203726 0.2535 -0.0685111 0.20907 0.2535 -0.0659968 0.218269 0.2535 -0.0621858 0.22701 0.251257 -0.0578425 0.234435 0.2535 -0.0567525 0.235876 0.251117 -0.0525197 0.241347 0.2535 -0.0518749 0.241968 0.2535 -0.0462964 0.247425 0.2535 -0.040203 0.252304 0.2535 -0.0335418 0.256373 0.2535 -0.0244523 0.260442 0.2535 -0.0132263 0.263717 0.251245 -0.0045764 0.26484 0.2535 -0.0028883 0.264833 0.2515 0.0034881 0.264891 0.2535 0.0083638 0.264439 0.251238 0.0125893 0.263874 0.2535 0.0160597 0.263133 0.251335 0.0226974 0.261186 0.2535 0.0263517 0.259747 0.2515 0.0357228 0.255129 0.2535 0.0360501 0.254934 0.2535 0.044151 0.249142 0.251149 0.049684 0.244376 0.2535 0.052644 0.241104 0.251259 0.05483 0.238582 0.2535 0.057421 0.234933 0.25137 0.060146 0.230733 0.2535 0.062706 0.225978 0.2535 0.066372 0.217174 0.2535 0.068734 0.207935 0.251386 0.0693 0.204564 0.2535 0.069785 0.200202 0.251356 0.069992 0.196309 0.250007 0.070253 0.202428 0.251301 0.066948 0.215422 0.249724 0.065806 0.222021 0.251126 0.063699 0.224162 0.249905 0.062034 0.229154 0.249681 0.057715 0.236614 0.249595 0.048843 0.247007 0.25111 0.043413 0.249957 0.25013 0.0353463 0.255943 0.249826 0.021231 0.2627 0.249865 0.0024188 0.265901 0.251172 -0.0149388 0.263406 0.251466 -0.026363 0.259784 0.249823 -0.0198544 0.263135 0.251336 -0.0377399 0.253833 0.249984 -0.0361946 0.255575 0.251183 -0.0469656 0.2469 0.249996 -0.0513526 0.243567 0.24975 -0.0611201 0.231309 0.25108 -0.0625918 0.22635 0.251396 -0.0673569 0.213725 0.249866 -0.0677086 0.215884 0.251419 -0.0699402 0.195872 0.249844 -0.0710204 0.195345 0.250646 -0.0691403 0.182319 0.250909 -0.0657967 0.170625 0.251161 -0.0615472 0.161608 0.251157 -0.0568768 0.154108 0.24961 -0.0603059 0.156848 0.251336 -0.0519571 0.14813 0.251355 -0.0449893 0.141384 0.250636 -0.0360543 0.134722 0.249818 -0.0479822 0.14312 0.251339 -0.0208268 0.128224 0.249713 -0.0263826 0.129019 0.251146 -0.0099478 0.125737 0.249683 -0.0087799 0.124492 0.249555 0.0095636 0.124105 0.250819 0.0109793 0.125714 0.251348 0.0206307 0.128117 0.249881 0.0199555 0.127093 0.251256 0.0292807 0.131435 0.24981 0.0356597 0.133619 0.251369 0.0364942 0.13528 0.251242 0.043443 0.140176 0.251294 0.051892 0.148044 0.251333 0.057306 0.154874 0.249915 0.061844 0.16072 0.249628 0.050951 0.145542 0.249642 0.070215 0.183419 0.134592 -0.167719 0.0159711 0.128613 -0.165925 0.00964633 0.133965 -0.166555 0.0132512 0.101264 -0.171895 0.011042 0.104706 -0.172583 0.0228612 0.11328 -0.17204 0.00720587 0.129269 -0.162057 0.00922838 0.104507 -0.182995 0.0237557 0.148335 -0.156193 0.0177504 0.132058 -0.156816 0.00980464 0.119564 -0.161799 0.0254454 0.132518 -0.149774 0.012483 0.154972 -0.148645 0.0158207 0.123958 -0.153747 0.0220713 0.136254 -0.150462 0.0109619 0.134695 -0.14494 0.0162188 0.122184 -0.15561 0.0143797 0.121282 -0.178419 0.0200323 0.113842 -0.181681 0.02221 0.14871 -0.150351 0.0126521 0.126636 -0.173759 0.021613 0.11937 -0.169529 0.0265917 0.125139 -0.167544 0.0268749 0.123347 -0.163203 0.0272218 0.15804 -0.142221 0.0142829 0.133333 -0.157118 0.0285017 0.127324 -0.150087 0.0195684 0.148354 -0.133837 0.0180284 0.136696 -0.158702 0.0279731 0.139229 -0.160444 0.0262288 0.126274 -0.170389 0.0252582 0.133116 -0.149065 0.0264479 0.148815 -0.13596 0.0151102 0.171262 -0.133895 0.0196818 0.158991 -0.133693 0.0146376 0.166482 -0.134136 0.0165645 0.148334 -0.132531 0.0224666 0.18568 -0.125898 0.0346314 0.174011 -0.129417 0.0201179 0.156908 -0.128716 0.0179688 0.184837 -0.122596 0.0264873 0.181883 -0.129112 0.0303225 0.147023 -0.139698 0.0295397 0.186651 -0.124552 0.0308203 0.177831 -0.118588 0.0229041 0.195517 -0.117261 0.037162 0.182217 -0.120995 0.0241777 0.170803 -0.11531 0.0272769 0.187315 -0.111356 0.027836 0.15208 -0.147972 0.0292319 0.191047 -0.111497 0.029132 0.160667 -0.145078 0.0270537 0.156543 -0.131294 0.0319823 0.196926 -0.108625 0.0323512 0.163599 -0.136063 0.0337514 0.179681 -0.108368 0.0415536 0.176069 -0.112748 0.0273 0.20111 -0.0996471 0.0351326 0.211404 -0.101262 0.044161 0.169952 -0.128984 0.03745 0.208647 -0.0972345 0.038901 0.209351 -0.0999168 0.0400199 0.195033 -0.100769 0.033678 0.178305 -0.120319 0.0426635 0.173723 -0.116637 0.0401479 0.185997 -0.104371 0.0325679 0.212716 -0.0985224 0.043249 0.19733 -0.0922222 0.0404727 0.180188 -0.122583 0.0420221 0.217793 -0.0912102 0.0454527 0.18392 -0.122968 0.0414783 0.178394 -0.115949 0.043343 0.185199 -0.10622 0.0463859 0.188063 -0.121884 0.0409688 0.193433 -0.0940472 0.0465933 0.217965 -0.0877948 0.0449058 0.190163 -0.0971896 0.040445 0.19766 -0.100956 0.0537311 0.195904 -0.0995371 0.0530261 0.203598 -0.0840517 0.0541755 0.23392 -0.0774698 0.0656373 0.196048 -0.110364 0.049508 0.206577 -0.0885515 0.0596272 0.212246 -0.0747441 0.0615241 0.210336 -0.0805396 0.0623867 0.230453 -0.0565173 0.0686561 0.223567 -0.0630124 0.0635311 0.212014 -0.0741408 0.0578138 0.219292 -0.069412 0.0712625 0.226272 -0.0579274 0.0742332 0.219205 -0.0664355 0.0626294 0.222529 -0.0638376 0.0736565 0.218731 -0.0759443 0.0707954 0.226466 -0.0640618 0.0801126 0.219412 -0.0804648 0.0694014 0.229601 -0.076204 0.0746638 0.010907 -0.202932 -0.00599107 0.0119635 -0.200247 -0.0031012 0.0274992 -0.204028 -0.00388131 0.0105015 -0.199649 0.00637308 0.0254693 -0.200774 -0.00292334 0.0279441 -0.19746 0.000224024 0.0158078 -0.198343 0.000676781 0.0106407 -0.198471 0.00246349 0.00438996 -0.205214 0.00979534 0.0214721 -0.197125 0.00604931 0.0385596 -0.195404 0.00128475 0.0415558 -0.197902 -0.000509351 0.048176 -0.200188 -0.000279278 0.0415483 -0.191956 0.00643077 0.0366403 -0.199254 0.0162865 0.036988 -0.193781 0.0113975 0.056521 -0.18855 0.00710812 0.0386445 -0.192584 0.00890508 0.0474325 -0.195551 0.017614 0.0416433 -0.206584 0.0158958 0.0473452 -0.190555 0.0116765 0.0572935 -0.191969 0.00250164 0.0709216 -0.193824 0.00209132 0.0586615 -0.18843 0.014733 0.0678956 -0.191936 0.00226036 0.0883521 -0.18413 0.00459686 0.0634271 -0.190441 0.0185873 0.0805487 -0.182537 0.00781503 0.0928625 -0.175983 0.0122823 0.085244 -0.180235 0.0166332 0.0902715 -0.181119 0.0208272 0.132188 -0.165786 0.0112573 0.104034 -0.169026 0.0146696 0.000288025 -0.217844 -0.0016335 0.00895201 -0.217383 0.00205484 0.113622 -0.163675 0.0117141 0.11752 -0.164429 0.0092608 0.109409 -0.16502 0.0180384 0.0198265 -0.216264 0.00253692 0.0124042 -0.216406 -0.00152883 0.0316979 -0.213165 0.00253883 0.144481 -0.146982 0.0112106 0.160322 -0.146151 0.0196144 0.146872 -0.148654 0.0115811 0.140483 -0.143271 0.0134193 0.146483 -0.141335 0.0125662 0.127144 -0.152846 0.0248119 0.164405 -0.138921 0.0168189 0.152035 -0.137593 0.0133745 0.00405166 -0.216355 0.00553194 0.164092 -0.133011 0.0156645 0.161417 -0.129859 0.0161206 0.169475 -0.129102 0.0177273 0.175326 -0.124388 0.0205332 0.158924 -0.124341 0.0232703 0.148962 -0.144803 0.0304855 0.170806 -0.124498 0.0192038 0.0623546 -0.202218 0.00330535 0.167581 -0.123204 0.0196275 0.182503 -0.11145 0.0271 0.166208 -0.119393 0.0337738 0.157792 -0.134541 0.0330588 0.0847141 -0.197764 0.00722995 0.0876333 -0.197922 0.00970975 0.198922 -0.109702 0.0341085 0.165259 -0.126078 0.0361096 0.108571 -0.18806 0.0137421 0.112167 -0.185365 0.0179321 0.206826 -0.106517 0.0463704 0.175518 -0.11012 0.0348107 0.196851 -0.104621 0.0525629 0.2038 -0.0831416 0.0514247 0.0801057 -0.199591 0.0167314 0.206172 -0.100747 0.0549668 0.116764 -0.179326 0.0097293 0.237271 -0.0720046 0.0771739 0.0285508 -0.195795 0.00352922 0.0937597 -0.195849 0.0141255 0.0190807 -0.207838 0.0131847 0.0348543 -0.203072 0.0164336 0.0567248 -0.189582 0.00503698 0.0499015 -0.192088 0.0158338 0.0630361 -0.186355 0.00983515 0.159491 -0.147328 0.0233878 0.0627623 -0.186689 0.0131353 0.0732641 -0.184922 0.0165884 0.0792484 -0.18531 0.0196458 0.0773112 -0.182328 0.0122513 0.11238 -0.163922 0.0213393 0.114572 -0.177763 0.0245468 0.154148 -0.140805 0.0128404 0.149615 -0.133509 0.0277835 0.183931 -0.113243 0.0462958 0.197907 -0.091554 0.0522718 0.0461074 -0.205405 0.000754029 0.0987175 -0.173617 0.0189327 0.204141 -0.107271 0.0384432 0.174614 -0.133553 0.0329236 0.223399 -0.089072 0.054202 0.220646 -0.0772298 0.0492026 0.228379 -0.0831739 0.0642473 0.240495 -0.0652855 0.0672962 0.236945 -0.0603136 0.0659217 0.221577 -0.087307 0.0636803 0.228096 -0.0819716 0.0674538 0.000923753 -0.216421 -0.00467142 0.017922 -0.215144 -0.00173816 0.0249186 -0.215359 0.00435844 0.0242152 -0.212813 -0.00210819 -0.000591055 -0.217142 0.00335208 0.0120096 -0.216951 0.0041329 0.0155499 -0.214449 0.00916448 0.0804871 -0.200823 0.0124616 0.0312062 -0.213525 0.00871339 0.0999424 -0.192267 0.0102479 0.116433 -0.182731 0.0150348 0.0655736 -0.204179 0.0143239 0.104181 -0.173557 0.00779381 0.125766 -0.175559 0.0165714 0.182721 -0.126688 0.0269751 0.203197 -0.110167 0.0417368 0.169283 -0.134842 0.0340325 0.213282 -0.0893883 0.0419811 0.223502 -0.087875 0.0519167 0.222373 -0.0725836 0.052585 0.229931 -0.0699915 0.0567326 0.217244 -0.0949891 0.055402 0.228551 -0.0672053 0.0811373 0.013773 -0.216962 0.000826508 0.00665934 -0.215616 -0.00463089 0.00153331 -0.212108 -0.00869545 0.000947967 -0.200691 -0.00537595 -6.95437e-05 -0.199022 0.000394732 0.0343116 -0.210443 -0.000109285 0.0348024 -0.212975 0.00592008 0.0426606 -0.210688 0.00937334 0.00473408 -0.208289 0.0103582 -0.00137696 -0.213709 0.00781265 0.0642719 -0.20525 0.011294 0.0241001 -0.199328 0.0116715 0.053504 -0.207685 0.00756231 0.0196424 -0.215452 0.00741306 0.0716028 -0.203212 0.00980344 0.0267978 -0.212844 0.0110451 0.0661492 -0.20283 0.00523201 0.078737 -0.19708 0.00429979 0.0582445 -0.20092 0.0188054 0.0775423 -0.186116 0.00467458 0.101089 -0.192503 0.013476 0.0945261 -0.187509 0.00445047 0.104099 -0.188932 0.00909629 0.0566832 -0.198248 0.0194279 0.058838 -0.203215 0.0173489 0.0724962 -0.200537 0.0178229 0.0771503 -0.189434 0.0210365 0.117533 -0.180577 0.0117878 0.10166 -0.178495 0.00582471 0.131706 -0.170621 0.019446 0.109277 -0.178287 0.0063881 0.0751059 -0.202055 0.0141384 0.0878241 -0.198127 0.0143804 0.0896208 -0.191369 0.021691 0.0971903 -0.184915 0.0233251 0.147125 -0.157718 0.0203196 0.0932413 -0.193082 0.0200359 0.103088 -0.187109 0.022 0.109779 -0.172886 0.024964 0.103402 -0.189876 0.0187954 0.0975832 -0.19251 0.018784 0.120641 -0.17616 0.0236031 0.172937 -0.136361 0.028355 0.139525 -0.163792 0.0214595 0.172259 -0.136571 0.0240261 0.169108 -0.137817 0.0205657 0.140747 -0.139657 0.0243331 0.151022 -0.151488 0.0269023 0.189004 -0.122584 0.0385317 0.163416 -0.124141 0.019741 0.197627 -0.115289 0.0418591 0.144636 -0.158941 0.023441 0.197388 -0.113449 0.034604 0.216791 -0.096267 0.0490657 0.21358 -0.0997945 0.0490121 0.213172 -0.0813825 0.0453371 0.236208 -0.0741727 0.0655042 0.214921 -0.0834212 0.0445005 0.198347 -0.111446 0.0479199 0.195646 -0.115695 0.0442072 0.213395 -0.0742645 0.0532805 0.240059 -0.0705646 0.0729598 0.206217 -0.0920939 0.0589744 0.206797 -0.105361 0.0495991 0.213785 -0.0901729 0.0619432 0.23187 -0.0701481 0.0807363 0.235572 -0.0717317 0.0786027 0.0145361 -0.213365 -0.0048326 0.00429782 -0.199255 -0.00167498 0.0186698 -0.208502 -0.00584731 -0.000851735 -0.200334 0.00483075 -0.00133316 -0.203358 0.00756064 0.0332944 -0.208771 -0.00171217 0.0464475 -0.208067 0.00338331 -0.0015927 -0.21075 0.00903264 0.0396429 -0.204508 -0.0014852 0.0106158 -0.202286 0.00980821 0.0579531 -0.200659 0.00143233 0.0209061 -0.203902 0.0133623 0.0736473 -0.20194 0.00759807 0.0408868 -0.203781 0.0171544 0.0479217 -0.198009 0.0184404 0.0946939 -0.194072 0.00848261 0.0410687 -0.209801 0.0125596 0.0613286 -0.194159 0.0197412 0.090917 -0.186003 0.0040423 0.101869 -0.186099 0.00602975 0.0604269 -0.204972 0.0147599 0.1068 -0.185063 0.00753418 0.116878 -0.176615 0.00831929 0.0905344 -0.179988 0.00704446 0.0750378 -0.197575 0.019746 0.0875155 -0.196374 0.0184137 0.0935941 -0.183336 0.0228821 0.13532 -0.151138 0.0283059 0.136377 -0.164677 0.0241896 0.159809 -0.123487 0.028475 0.197095 -0.114865 0.0357598 0.207801 -0.0899329 0.0400716 0.189965 -0.113916 0.0475821 0.199982 -0.0925138 0.0387484 0.208425 -0.0831038 0.0446049 0.206407 -0.0815347 0.0482987 0.193961 -0.0978299 0.0512225 0.213749 -0.0773646 0.0488411 0.220926 -0.0692986 0.0557162 0.228419 -0.0645489 0.0600316 0.214303 -0.0951678 0.0577058 0.233462 -0.0576922 0.0668108 0.225565 -0.0598533 0.0768477 0.22261 -0.0816572 0.0693835 0.00162517 -0.206587 -0.0092164 0.0185479 -0.210845 -0.00523314 0.0187386 -0.211085 0.0119921 0.0288881 -0.209271 0.0139586 0.0371378 -0.196032 0.0144991 0.0780022 -0.19432 0.00298658 0.0909904 -0.192618 0.0053629 0.0748896 -0.194159 0.0209757 0.114 0.058234 0.0962097 0.114 0.057426 0.0935 0.114 0.053501 0.0936863 0.114 0.087002 0.142724 0.114 0.090565 0.149238 0.114 0.093696 0.15597 0.114 0.09627 0.162933 0.114 0 0.0935 0.114 0.098386 0.17005 0.114 0.099917 0.177315 0.114 0.101164 0.187132 0.114 0.101499 0.194549 0.114 0.10123 0.201969 0.114 -0.0075792 0.093815 0.114 0.10048 0.209355 0.114 -0.0151207 0.094633 0.114 0.09966 0.214238 0.114 -0.0201026 0.0955111 0.114 0.097958 0.221465 0.114 -0.0274692 0.0973205 0.114 0.094914 0.23088 0.114 -0.0346995 0.099615 0.114 -0.0394087 0.101463 0.114 -0.046271 0.104695 0.114 0.090968 0.239956 0.114 0.086156 0.248603 0.114 -0.0529035 0.108377 0.114 0.082031 0.254776 0.114 -0.0592076 0.112597 0.114 0.077418 0.260594 0.114 -0.0652175 0.117225 0.114 -0.0708228 0.122337 0.114 0.072437 0.266099 0.114 0.067025 0.271182 0.114 -0.0777028 0.129745 0.114 0.058964 0.277606 0.114 -0.0823854 0.135714 0.114 0.039 0.3 0.114 -0.0865569 0.142049 0.114 -0.0902982 0.148648 0.114 -0.0924954 0.153205 0.114 -0.0944629 0.157865 0.114 -0.0969427 0.165034 0.114 -0.0994437 0.174831 0.114 -0.100704 0.182311 0.114 -0.101339 0.18987 0.114 -0.101346 0.199981 0.114 -0.100722 0.207541 0.114 -0.0994732 0.215023 0.114 -0.0969867 0.224823 0.114 -0.0945174 0.231996 0.114 -0.0914615 0.238939 0.114 -0.0866345 0.247823 0.114 -0.0552592 0.280623 0.114 -0.0559273 0.279925 0.114 -0.0570918 0.278928 0.114 -0.0809473 0.256183 0.114 -0.063356 0.274258 0.114 -0.0691208 0.269328 0.114 -0.0744565 0.263935 0.114 -0.039 0.3 0.0894232 -0.0624045 0.0291726 0.0896134 -0.0775 0.028681 0.0885081 -0.0775 0.0302626 0.0873758 -0.07375 0.0309369 0.0833793 -0.0775 0.0304195 0.0890093 -0.0775 0.0243894 0.0866945 -0.0775 0.0229279 0.0816945 -0.0725 0.026466 0.0834386 -0.0775 0.023687 0.0820449 -0.0725 0.0253254 0.0831937 -0.0560112 0.0238892 0.0830259 -0.0521179 0.0300924 0.08527 -0.0511398 0.0263537 0.0817719 -0.0521179 0.0270647 0.0866625 -0.0521179 0.0231983 0.0897579 -0.0624045 0.0258137 0.0899523 -0.055434 0.0275995 0.087857 -0.0521179 0.0306596 0.0850137 -0.0521179 0.0310914 0.0848638 -0.0775 0.0229599 0.0821642 -0.057309 0.0250985 0.0817842 -0.0775 0.0259954 0.0816328 -0.0775 0.027492 0.0821636 -0.0775 0.0290391 0.0850822 -0.0775 0.0311572 0.0864144 -0.0775 0.0312201</float_array>
                    <technique_common>
                        <accessor count="3996" source="#shape0-lib-positions-array" stride="3">
                            <param name="X" type="float"/>
                            <param name="Y" type="float"/>
                            <param name="Z" type="float"/>
                        </accessor>
                    </technique_common>
                </source>
                <source id="shape0-lib-normals" name="normal">
                    <float_array id="shape0-lib-normals-array" count="24000">-0.0796353 0.120165 -0.989555 -0.13422 0.6836 -0.71741 -0.0157857 0.996427 -0.0829741 -0.0152665 0.965234 0.26094 -0.0371685 0.753709 0.656156 -0.0502223 0.109226 0.992747 -0.0310443 -0.696433 0.71695 -0.198169 -0.979368 -0.0395839 -0.0973075 -0.63458 -0.766707 -1 0 0 -1 0 0 -1 0 0 -1 0 0 -1 0 0 -1 0 0 -1 0 0 -1 0 0 -1 0 0 -1 0 0 -1 0 0 -1 0 0 -1 0 0 -1 0 0 -1 0 0 -1 0 0 -1 0 0 -1 0 0 -1 0 0 -1 0 0 -1 0 0 -1 0 0 -1 0 0 -1 0 0 -1 0 0 -1 0 0 -1 0 0 -1 0 0 -1 0 0 -1 0 0 -1 0 0 -1 0 0 -1 0 0 -1 0 0 -1 0 0 -1 0 0 -1 0 0 -1 0 0 -1 0 0 -1 0 0 -1 0 0 -1 0 0 -1 0 0 -1 0 0 -1 0 0 -1 0 0 -1 0 0 -1 0 0 -1 0 0 -1 0 0 -1 0 0 -1 0 0 -1 0 0 -1 0 0 -1 0 0 -1 0 0 -1 0 0 -1 0 0 -1 0 0 -1 0 0 -1 0 0 -1 0 0 -1 0 0 -1 0 0 -1 0 0 -1 0 0 -1 0 0 -1 0 0 -1 0 0 -1 0 0 -1 0 0 -1 0 0 -1 0 0 -1 0 0 -1 0 0 -1 0 0 -1 0 0 -1 0 0 -1 0 0 -1 0 0 -1 0 0 -1 0 0 -1 0 0 -1 0 0 -1 0 0 -1 0 0 -1 0 0 -1 0 0 -1 0 0 -1 0 0 -1 0 0 -1 0 0 -1 0 0 -1 0 0 -1 0 0 -1 0 0 -1 0 0 -1 0 0 -1 0 0 -1 0 0 -1 0 0 -1 0 0 -1 0 0 -1 0 0 -1 0 0 -1 0 0 -1 0 0 -1 0 0 -1 0 0 -1 0 0 -1 0 0 -1 0 0 -1 0 0 -1 0 0 -1 0 0 -1 0 0 -1 0 0 -1 0 0 -1 0 0 -1 0 0 -1 0 0 -1 0 0 -1 0 0 -1 0 0 -1 0 0 -0.999997 0.000272302 0.00226912 -0.999972 -0.000111444 -0.00749877 1 0 0 -1 0 0 -1 0 0 -1 0 0 -1 0 0 -1 0 0 -1 0 0 -1 0 0 -1 0 0 -1 0 0 -1 0 0 -1 0 0 -1 0 0 -1 0 0 -1 0 0 -1 0 0 -0.092645 0.97161 0.217695 -0.0326754 0.990889 0.130657 0.0351072 0.576618 0.816259 0.00042365 0.634899 0.772595 -0.0157298 0.114756 0.993269 0.0238763 -0.411028 0.91131 -0.0196058 -0.58584 0.81019 0.0776794 -0.896804 0.435556 -0.0110242 -0.963616 0.267064 0.0104061 -0.9409 -0.338524 0.0296875 -0.379646 -0.924655 -0.0874125 -0.0766049 -0.993222 0.0520275 0.32133 -0.945537 -0.0740459 0.770983 -0.632537 -0.00336 0.859637 -0.510895 -0.0598878 0.0143523 0.998102 -1 0 0 -1 0 0 -1 0 0 -1 0 0 -1 0 0 -0.0883491 -0.876347 -0.473509 -1 0 0 0.0643561 -0.00295029 0.997923 0.0867732 0.00102153 0.996228 0.360957 -0.000191814 0.932582 0.457451 0.0189427 0.889033 0.645212 -0.00673204 0.763974 0.737374 0.0134741 0.67535 0.910125 -0.0236333 0.413658 0.970805 0.0156871 0.239355 0.999855 -0.0166618 -0.00360529 0.961985 0.033382 -0.271055 0.699164 0.0137877 -0.714829 0.30369 0.00439103 -0.952761 -0.10761 -0.0137151 -0.994099 -0.528028 7.78687e-05 -0.849227 -0.61993 -0.0124982 -0.784558 -0.810839 0.0161154 -0.585048 -0.899355 -0.015043 -0.43696 -0.97776 0.0305196 -0.207494 -0.999917 -0.012781 -0.0018733 -0.945018 0.0151981 0.326666 -0.928435 0.0047528 0.371465 -0.781423 0.00221871 0.623997 -0.73777 0.0145926 0.674894 -0.563137 -0.00685115 0.826335 -0.466096 0.00533385 0.884718 -0.264941 -0.0147284 0.964152 -0.168704 0.00309861 0.985662 0 -1 0 0 -1 0 0.885317 -0.0117361 -0.46484 0 -1 0 0 -1 0 0 -1 0 0 -1 0 0 -1 0 0.462297 -0.0484209 -0.885402 0 -1 0 0 -1 0 0 -1 0 -0.191583 -0.0411891 -0.980612 0 -1 0 0 -1 0 0 -1 0 0.00449401 0.973488 0.228695 0.00426331 0.985943 0.167029 0.00989004 0.912495 0.408967 0.00945824 0.435102 0.900331 0.0110755 0.336642 0.941567 0.00620281 -0.479783 0.877365 0.00728185 -0.997793 0.065995 0.0126303 -0.85885 -0.512072 0.00158937 -0.345756 -0.938323 0.0067806 -0.296412 -0.955036 0.00275568 -0.14743 -0.989069 0.00992062 -0.0427445 -0.999037 0.0050345 -0.0550199 -0.998473 0.0115979 0.937094 -0.348885 0.000581059 0.957102 -0.289752 0.00907056 0.994826 -0.101192 0.999989 0.000964647 0.0046344 1 0.000721705 0.000704173 0.999985 0.00373159 0.00401951 1 0.000742691 0.000655115 0.99999 0.00383158 0.00232941 0.999985 0.00355103 0.00423402 0.999996 0.0026204 0.000553574 1 0.000789946 0.000629966 0.999996 0.00180548 0.00238371 0.999996 0.00243727 0.00175342 0.999996 0.00168673 0.00247241 0.999995 0.00153459 0.00292142 0.999995 0.00255133 0.00164747 0.999994 0.00184191 0.0030142 0.999995 0.00276836 0.00159783 0.999998 0.000903773 0.00155193 0.999994 0.00165703 0.00304561 1 0.000891144 0.000457065 0.999994 0.00153457 0.00318423 0.999995 0.0030857 -0.000455681 1 0.000922737 0.000416087 0.999993 0.00145825 0.00345939 0.999994 0.00148256 0.00304844 0.999992 0.00372696 0.001464 0.999994 0.00119817 0.00329199 0.999995 0.0029813 -0.00100147 0.999999 -0.000998586 0.000335443 0.999992 0.00377688 0.00126878 1 0.00029398 0.000952752 0.999992 0.00396571 0.00111578 0.999997 0.00145293 0.00198389 1 0.000243309 0.000957325 0.999998 0.00192642 0.000439494 0.999998 0.00196998 0.000403825 1 0.000201621 0.000995856 0.999982 -0.00198112 0.00557851 0.999998 0.00195442 0.000344784 0.999996 0.00264922 -0.00123493 0.999994 0.00052884 0.00350534 0.999998 0.00214558 0.000528999 0.999994 0.0034399 0.000431078 1 0 0 0.999996 0.00263868 0.00112667 0.999994 0.0034733 0.000260315 1 0 0 1 -0.000324858 0.000408781 0.999999 0.00150991 3.76123e-05 1 0 0.000490757 0.999998 0.00188016 -0.00111745 0.999999 0.00148446 -3.69789e-05 1 -2.51254e-05 0.000502233 0.999999 -0.000852467 0.00143308 0.999996 0.00299939 -0.000224797 0.999998 -0.000200234 0.0020081 0.999996 0.00293484 -0.000367786 0.999993 0.00328385 -0.00173563 0.999998 -0.000301425 0.00199794 0.99999 0.00445408 -0.000785757 0.999998 -0.000417514 0.00206222 0.999992 -0.00178995 0.00351127 0.99999 0.00438162 -0.000999624 0.999994 -0.000863228 0.00339644 0.999997 0.00124736 0.00199526 0.999989 0.00446727 -0.0012569 0.999993 0.00363543 -0.000227813 0.999998 -0.000553579 0.00190001 0.999998 -0.000592437 0.00192002 0.999996 0.0028242 -0.000948742 0.999998 -0.000646032 0.0018697 0.999998 -0.00068739 0.00188862 0.999996 0.00279534 -0.00109804 0.999997 0.00204323 0.000917507 0.999998 -0.000779759 0.00185145 0.999998 -0.000780591 0.00185179 1 0.000903053 -0.000407211 0.999998 -0.000867096 0.00179922 0.999995 0.000807568 -0.00317914 0.999992 0.00350448 -0.00179744 0.999979 -0.00522024 0.00391282 0.999998 -0.000985805 0.0018119 0.999993 0.0033523 -0.00141947 0.999992 0.00341219 -0.00196943 0.999991 -0.000611819 0.00421423 0.999985 -0.00286605 0.00469018 0.999994 0.00288893 -0.00186546 0.999994 -0.00193363 0.0028343 0.999994 0.0028621 -0.00205905 0.999995 0.00269719 -0.00146542 0.999997 -0.000292214 0.00232864 0.999994 -0.00212558 0.00280633 0.999994 0.00331473 -0.000790989 0.999999 0.00117158 -0.000934308 0.999998 -0.00127088 0.00151533 0.999999 0.00110429 -0.000974077 0.99997 -0.00768474 0.000989894 0.999976 -0.00467461 0.00503526 0.999999 0.00107571 -0.00104957 0.999965 0.00166698 -0.008153 0.999999 -0.00105785 0.00103216 0.99998 -0.000375918 0.00624193 0.999982 0.00407737 -0.00439197 0.999986 0.00413127 -0.00337301 0.999999 -0.00110731 0.000976738 0.99999 0.00289048 -0.00344643 0.999996 -0.00265554 0.000613383 0.999992 -0.00321507 0.00256395 0.99999 0.00271481 -0.00358427 0.999992 -0.00323407 0.00232666 0.999993 0.00314791 -0.00215356 0.999998 0.00113356 -0.00166158 0.999992 -0.00336877 0.00217532 0.999998 0.00102969 -0.001685 0.999985 -0.00471088 0.002719 0.999987 -0.00479073 0.00176308 0.999998 0.00096546 -0.00176551 0.999998 0.000959409 -0.00176343 0.999997 -0.00223553 0.0011466 0.999986 -0.00343343 0.00408614 0.999998 0.000856654 -0.00177756 0.999997 -0.00224283 0.00101136 0.999997 -0.00232902 0.000914867 0.999988 0.00192469 -0.00456592 0.999993 -0.00088895 -0.00361688 0.999999 -0.000746358 0.00152977 0.999988 0.00168174 -0.00462063 1 -0.000468891 0.000157516 0.999995 0.00091366 -0.00296106 0.99999 0.00219872 -0.00400992 1 -0.000480033 0.000135061 0.999996 0.000735768 -0.00289496 0.999997 -0.00253028 0.000577259 0.999999 -0.00147996 -0.00049007 0.999997 -0.00245851 0.000433706 0.999996 0.000593946 -0.00293365 0.99998 -0.00202976 -0.00598251 0.999973 0.00110416 -0.00731878 0.999997 -0.00247658 0.000310364 0.999971 0.0037337 -0.00669124 0.999992 0.000396972 -0.00398113 0.999997 -0.00224616 0.00055403 0.999998 -0.00199185 0.000149285 0.999991 0.00120522 -0.00412326 0.999995 0.000150901 -0.00301635 0.999994 -0.0034391 -8.56699e-05 0.999997 -0.00207154 -0.00152632 0.999994 -0.00346979 8.64335e-05 0.999996 0 -0.00295813 0.999996 0.000482612 -0.00280568 0.999998 -0.00010187 -0.00203629 0.999997 -0.00250099 -0.000187444 0.999997 -0.00244226 -0.000306063 0.999995 -0.00321089 0.000356183 0.999998 -0.000198015 -0.00198584 0.999997 -0.00247075 -0.000435866 0.99999 -0.000677402 -0.00449005 0.999995 -0.00203524 -0.002354 0.999998 -0.0004311 0.00213406 1 -0.000104122 -0.000514288 0.999982 0.00154445 -0.00587661 0.999997 -0.00244491 -0.000557781 0.999998 0.000434906 -0.0021529 1 -0.000145368 -0.000471122 1 -0.000122878 -0.000483474 0.999997 -0.00236952 -0.000666681 0.999997 -0.00237885 -0.000799135 0.999973 -0.00688732 -0.00270542 0.999966 -0.00547373 -0.00616135 1 -0.000387642 -0.000919599 1 -0.000348222 -0.000956748 1 -0.000509665 -0.000533519 0.999981 -0.00587932 0.00164366 1 -0.000927558 -0.000418261 0.999998 -0.00192189 -0.000806678 0.999994 -0.00164375 -0.00302126 0.999994 -0.00154429 -0.00320441 1 -0.000896936 -0.000460036 1 -0.00089896 -0.000518857 0.999994 -0.00180049 -0.00294637 0.999989 -0.00240107 -0.00393472 0.999994 -0.00185253 -0.00295319 0.99999 -0.00373018 -0.00240868 0.999994 -0.00203076 -0.00283043 0.999993 -0.00204613 -0.00299921 0.999991 -0.00375945 -0.00195993 0.999992 -0.00320128 -0.00230307 0.999994 -0.00208558 -0.00275352 0.999999 -0.00115669 -0.000922439 0.999992 -0.00390234 -0.000367976 0.999994 -0.00219482 -0.00261698 0.999999 -0.00110354 -0.000973407 0.999999 -0.0010884 -0.00106197 0.999971 -0.00516252 -0.00556081 0.999987 -0.00479569 -0.00198553 0.999917 -0.00319479 -0.0124807 -0.0187158 -0.988943 -0.147111 0.0448998 -0.990778 -0.127839 0 -0.957994 -0.286787 0.0379916 -0.960416 -0.275966 -0.0284469 -0.911148 -0.411097 0 -0.918198 -0.396123 0.016466 -0.876413 -0.481279 -0.0143843 -0.865871 -0.500061 0.119258 -0.771603 -0.624825 0.18679 -0.771491 -0.608203 0.000195688 -0.70073 -0.713427 -0.0832796 -0.556084 -0.826943 0.154889 -0.615051 -0.773125 0.0577786 -0.472599 -0.879381 -0.0328023 -0.439995 -0.897401 -0.0666336 -0.282709 -0.956888 0.0347381 -0.331315 -0.942881 0.0868962 -0.187646 -0.978385 -0.037663 -0.14293 -0.989016 -0.0354002 0.0123655 -0.999297 0.0656725 -0.0229399 -0.997578 0.0591521 0.161158 -0.985154 0.0515207 0.163385 -0.985216 0.0484808 0.3108 -0.949238 0.206198 0.351011 -0.913386 -0.0520346 0.438346 -0.897299 0.0607127 0.551904 -0.831694 0 0.572433 -0.819952 0 0.68356 -0.729895 0.00379958 0.682822 -0.730575 0.0147626 0.785239 -0.619017 0.108005 0.795195 -0.596657 -0.0612021 0.878186 -0.474388 0.0611983 0.907524 -0.415517 -0.111345 0.935955 -0.334053 0.144711 0.96055 -0.23749 -0.042735 0.984864 -0.16798 0.124503 0.991492 -0.0379745 -0.0794791 0.996387 0.0299347 0.0895466 0.980192 0.176647 -0.0492325 0.977103 0.206995 0.0346225 0.918614 0.393637 -0.116202 0.89513 0.430394 0.0747998 0.854884 0.513399 -0.201578 0.754225 0.624909 0.0872722 0.716634 0.691968 -0.0715653 0.607012 0.791463 0.0594231 0.578568 0.813466 -0.0928582 0.42429 0.900753 -0.0406471 0.412686 0.909966 -0.0522107 0.262456 0.963531 -0.0861758 0.253455 0.963501 0.0591605 0.111298 0.992025 -0.12653 0.0389217 0.991199 0.0217117 -0.0650697 0.997644 -0.0812991 -0.140328 0.986762 0.0720322 -0.180392 0.980954 -0.0802515 -0.350874 0.932977 -0.0787997 -0.35135 0.932922 -0.0129128 -0.45822 0.888745 -0.15274 -0.50048 0.852168 0.174512 -0.615998 0.768174 0.018858 -0.667706 0.744187 0.0942743 -0.757289 0.646239 0.199629 -0.762434 0.615502 -0.097074 -0.865114 0.492091 0.0992624 -0.90006 0.42431 -0.0720278 -0.940241 0.332805 0.180781 -0.953926 0.239464 -0.0320947 -0.986387 0.161279 -0.0356595 -0.999286 0.0124528 0.0657338 -0.996691 0.0478154 -1 0 0 -1 0 0 -1 0 0 -1 0 0 -1 0 0 -1 0 0 -1 0 0 -1 0 0 -1 0 0 -1 0 0 -1 0 0 -1 0 0 -1 0 0 -1 0 0 -1 0 0 -1 0 0 -1 0 0 -1 0 0 -1 0 0 -1 0 0 -1 0 0 -1 0 0 -1 0 0 -1 0 0 -1 0 0 -1 0 0 -1 0 0 -1 0 0 -1 0 0 -1 0 0 -1 0 0 -1 0 0 -1 0 0 -1 0 0 -1 0 0 -1 0 0 -1 0 0 -1 0 0 -1 0 0 -1 0 0 -1 0 0 -1 0 0 -1 0 0 -1 0 0 -1 0 0 -1 0 0 -1 0 0 -1 0 0 -1 0 0 -1 0 0 -1 0 0 -1 0 0 -1 0 0 -1 0 0 -1 0 0 -1 0 0 -1 0 0 -1 0 0 -1 0 0 -1 0 0 -1 0 0 -1 0 0 -1 0 0 -1 0 0 -1 0 0 -1 0 0 -1 0 0 -1 0 0 -1 0 0 -1 0 0 -1 0 0 -1 0 0 -1 0 0 -1 0 0 -1 0 0 -1 0 0 -1 0 0 -1 0 0 -1 0 0 -1 0 0 -1 0 0 -1 0 0 -1 0 0 -1 0 0 -1 0 0 -1 0 0 -1 0 0 -1 0 0 -1 0 0 -1 0 0 -1 0 0 -1 0 0 -1 0 0 -1 0 0 -1 0 0 -1 0 0 -1 0 0 -1 0 0 -1 0 0 -1 0 0 -1 0 0 -1 0 0 -1 0 0 -1 0 0 -1 0 0 -1 0 0 -1 0 0 -1 0 0 -1 0 0 -1 0 0 -1 0 0 -1 0 0 -1 0 0 -1 0 0 -1 0 0 -1 0 0 -1 0 0 -1 0 0 -1 0 0 -1 0 0 -1 0 0 -1 0 0 -1 0 0 -1 0 0 -1 0 0 -1 0 0 -1 0 0 -1 0 0 -1 0 0 -1 0 0 -1 0 0 -1 0 0 -1 0 0 -1 0 0 -1 0 0 -1 0 0 -1 0 0 -1 0 0 -1 0 0 -1 0 0 -1 0 0 -1 0 0 -1 0 0 -1 0 0 -1 0 0 -1 0 0 -1 0 0 -1 0 0 -1 0 0 -1 0 0 -1 0 0 -1 0 0 -1 0 0 -1 0 0 -1 0 0 -1 0 0 -1 0 0 -1 0 0 -1 0 0 -1 0 0 -1 0 0 -1 0 0 -1 0 0 0 0.99969 0.0249029 0 0.99969 0.0249029 0 0.997203 0.0747381 0 0.997203 0.0747381 0 0.992239 0.124347 0 0.992239 0.124347 0 0.984794 0.173727 0 0.984794 0.173727 0 0.97495 0.222425 0 0.97495 0.222425 0 0.962624 0.270841 0 0.962624 0.270841 0 0.947941 0.318445 0 0.947941 0.318445 0 0.930766 0.365616 0 0.930766 0.365616 0 0.911605 0.411068 0 0.911605 0.411068 0 0.88979 0.456371 0 0.88979 0.456371 0 0.866091 0.499886 0 0.866091 0.499886 0 0.840079 0.542464 0 0.840079 0.542464 0 0.811757 0.583996 0 0.811757 0.583996 0 0.781829 0.623493 0 0.781829 0.623493 0 0.749939 0.661507 0 0.749939 0.661507 0 0.715746 0.698361 0 0.715746 0.698361 0 0.680375 0.732865 0 0.680375 0.732865 0 0.642602 0.7662 0 0.642602 0.7662 0 0.60378 0.797151 0 0.60378 0.797151 0 0.563565 0.826072 0 0.563565 0.826072 0 0.521435 0.853291 0 0.521435 0.853291 0 0.477908 0.87841 0 0.477908 0.87841 0 0.434142 0.900844 0 0.434142 0.900844 0 0.388434 0.921477 0 0.388434 0.921477 0 0.342015 0.939695 0 0.342015 0.939695 0 0.294841 0.955546 0 0.294841 0.955546 0 0.246325 0.969187 0 0.246325 0.969187 0 0.198432 0.980115 0 0.198432 0.980115 0 0.149179 0.98881 0 0.149179 0.98881 0 0.0992213 0.995065 0 0.0992213 0.995065 0 0.0499649 0.998751 0 0.0499649 0.998751 0 0 1 0 0 1 0 -0.0499651 0.998751 0 -0.0499651 0.998751 0 -0.0992213 0.995065 0 -0.0992213 0.995065 0 -0.149179 0.98881 0 -0.149179 0.98881 0 -0.198433 0.980114 0 -0.198433 0.980114 0 -0.246324 0.969188 0 -0.246324 0.969188 0 -0.294842 0.955546 0 -0.294842 0.955546 0 -0.342015 0.939695 0 -0.342015 0.939695 0 -0.388434 0.921477 0 -0.388434 0.921477 0 -0.434142 0.900844 0 -0.434142 0.900844 0 -0.477907 0.878411 0 -0.477907 0.878411 0 -0.521436 0.85329 0 -0.521436 0.85329 0 -0.563565 0.826072 0 -0.563565 0.826072 0 -0.60378 0.797151 0 -0.60378 0.797151 0 -0.642603 0.766199 0 -0.642603 0.766199 0 -0.680372 0.732867 0 -0.680372 0.732867 0 -0.715747 0.69836 0 -0.715747 0.69836 0 -0.749938 0.661508 0 -0.749938 0.661508 0 -0.781829 0.623493 0 -0.781829 0.623493 0 -0.811758 0.583994 0 -0.811758 0.583994 0 -0.840079 0.542464 0 -0.840079 0.542464 0 -0.866091 0.499886 0 -0.866091 0.499886 0 -0.88979 0.456371 0 -0.88979 0.456371 0 -0.911605 0.411068 0 -0.911605 0.411068 0 -0.930766 0.365616 0 -0.930766 0.365616 0 -0.947941 0.318445 0 -0.947941 0.318445 0 -0.962624 0.270841 0 -0.962624 0.270841 0 -0.97495 0.222425 0 -0.97495 0.222425 0 -0.984793 0.17373 0 -0.984793 0.17373 0 -0.992239 0.124344 0 -0.992239 0.124344 0 -0.997203 0.0747381 0 -0.997203 0.0747381 0 -0.99969 0.0249029 0 -0.99969 0.0249029 0 -0.99969 -0.0249026 0 -0.99969 -0.0249026 0 -0.997203 -0.0747381 0 -0.997203 -0.0747381 0 -0.992239 -0.124344 0 -0.992239 -0.124344 0 -0.984793 -0.17373 0 -0.984793 -0.17373 0 -0.97495 -0.222425 0 -0.97495 -0.222425 0 -0.962624 -0.270841 0 -0.962624 -0.270841 0 -0.947941 -0.318445 0 -0.947941 -0.318445 0 -0.930766 -0.365616 0 -0.930766 -0.365616 0 -0.911605 -0.411068 0 -0.911605 -0.411068 0 -0.88979 -0.456371 0 -0.88979 -0.456371 0 -0.866091 -0.499886 0 -0.866091 -0.499886 0 -0.840079 -0.542464 0 -0.840079 -0.542464 0 -0.811758 -0.583994 0 -0.811758 -0.583994 0 -0.781829 -0.623493 0 -0.749938 -0.661508 0 -0.781829 -0.623493 0 -0.749938 -0.661508 0 -0.715747 -0.69836 0 -0.680372 -0.732867 0 -0.715747 -0.69836 0 -0.680372 -0.732867 0 -0.642603 -0.766199 0 -0.642603 -0.766199 0 -0.60378 -0.797151 0 -0.60378 -0.797151 0 -0.563565 -0.826072 0 -0.521429 -0.853295 0 -0.563565 -0.826072 0 -0.521429 -0.853295 0 -0.477915 -0.878406 0 -0.477915 -0.878406 0 -0.434142 -0.900844 0 -0.434142 -0.900844 0 -0.388434 -0.921477 0 -0.388434 -0.921477 0 -0.342015 -0.939695 0 -0.342015 -0.939695 0 -0.294842 -0.955546 0 -0.294842 -0.955546 0 -0.246324 -0.969188 0 -0.198433 -0.980114 0 -0.246324 -0.969188 0 -0.198433 -0.980114 0 -0.149179 -0.98881 0 -0.0992213 -0.995065 0 -0.149179 -0.98881 0 -0.0992213 -0.995065 0 -0.0499651 -0.998751 0 -0.0499651 -0.998751 0 0 -1 0 0.0499649 -0.998751 0 0 -1 0 0.0499649 -0.998751 0 0.0992213 -0.995065 0 0.149179 -0.98881 0 0.0992213 -0.995065 0 0.149179 -0.98881 0 0.198432 -0.980115 0 0.198432 -0.980115 0 0.246325 -0.969187 0 0.246325 -0.969187 0 0.294841 -0.955546 0 0.342015 -0.939695 0 0.294841 -0.955546 0 0.342015 -0.939695 0 0.388434 -0.921477 0 0.388434 -0.921477 0 0.434142 -0.900844 0 0.434142 -0.900844 0 0.477916 -0.878406 0 0.477916 -0.878406 0 0.521428 -0.853296 0 0.563565 -0.826072 0 0.521428 -0.853296 0 0.60378 -0.797151 0 0.563565 -0.826072 0 0.60378 -0.797151 0 0.642602 -0.7662 0 0.642602 -0.7662 0 0.680375 -0.732865 0 0.680375 -0.732865 0 0.715746 -0.698361 0 0.715746 -0.698361 0 0.749939 -0.661507 0 0.749939 -0.661507 0 0.781829 -0.623493 0 0.781829 -0.623493 0 0.811757 -0.583996 0 0.811757 -0.583996 0 0.840079 -0.542464 0 0.840079 -0.542464 0 0.866091 -0.499886 0 0.866091 -0.499886 0 0.88979 -0.456371 0 0.88979 -0.456371 0 0.911605 -0.411068 0 0.911605 -0.411068 0 0.930766 -0.365616 0 0.930766 -0.365616 0 0.947941 -0.318445 0 0.947941 -0.318445 0 0.962624 -0.270841 0 0.962624 -0.270841 0 0.97495 -0.222425 0 0.97495 -0.222425 0 0.984794 -0.173727 0 0.984794 -0.173727 0 0.992239 -0.124347 0 0.992239 -0.124347 0 0.997203 -0.0747381 0 0.997203 -0.0747381 0 0.99969 -0.0249026 0 0.99969 -0.0249026 0 -1 0 0 -1 0 0 -1 0 0 -1 0 0.707099 1.64224e-05 -0.707114 0.707102 -6.01946e-06 -0.707111 0.707102 2.28233e-05 -0.707112 0.707133 -1.77293e-05 -0.707081 0.7071 2.72664e-05 -0.707114 0.707104 2.34127e-05 -0.707109 -0.707048 -0.000147184 0.707165 -0.707098 -9.82191e-06 0.707115 -0.71703 0.0117842 0.696943 -0.706745 0.00086122 0.707468 -0.707062 8.73308e-05 0.707151 -0.707201 5.20592e-05 0.707013 -0.70703 0.000248933 0.707183 -0.707095 -2.4215e-05 0.707119 -0.708284 -0.000421214 0.705928 -0.707107 6.25066e-08 0.707107 0.640831 0.422656 0.640857 0.640668 0.422575 0.641073 -0.640882 -0.422587 -0.640852 -0.405566 0.819158 -0.405582 -0.405543 0.819147 -0.405627 -0.813044 0 -0.582203 -0.405934 0.818779 -0.405979 -0.405415 0.819279 -0.405488 -0.338124 0.842952 -0.418455 -0.405784 0.819068 -0.405545 -0.404353 0.819616 -0.405866 -0.40596 0.819047 -0.405412 -0.405545 0.81912 -0.405678 -0.405601 0.819161 -0.40554 -0.405633 0.819116 -0.405599 -0.405584 0.819163 -0.405553 -0.405582 0.819151 -0.40558 -0.405591 0.81915 -0.405573 0.405624 -0.819108 0.405625 0.405619 -0.819103 0.405639 0.4048 -0.819363 0.405932 -0.410076 0.816441 -0.406525 0.405607 -0.819077 0.405704 0.405469 -0.819216 0.405562 0.405843 -0.818903 0.405819 0.40565 -0.819163 0.405488 0.405589 -0.819149 0.405578 0.405408 -0.819234 0.405586 0.405472 -0.819291 0.405408 0.405541 -0.819151 0.40562 0.148022 0.497003 0.85503 0.148043 0.496712 0.855196 0.148044 0.496712 0.855196 0.147992 0.496761 0.855177 -0.148087 -0.496511 -0.855305 -0.148069 -0.496761 -0.855163 -0.148155 -0.496749 -0.855155 -0.148174 -0.496731 -0.855163 0.901984 0.286797 -0.322758 0.901985 0.286798 -0.322755 0.110154 0.484268 0.867958 0.110812 0.4845 0.867744 0.0486589 0.462431 0.885319 -0.178207 0.363393 0.914433 -0.150931 0.374654 0.914797 -0.424557 0.224498 0.877127 -0.442058 0.211616 0.871667 -0.637568 0.0647583 0.767668 -0.632763 0.0691236 0.771254 0.151387 -0.377411 -0.913588 -0.709712 -0.0026359 0.704487 0.707083 0 -0.707131 -0.855281 -0.496564 -0.148051 -0.855229 -0.496689 -0.14793 -0.855073 -0.496918 -0.148066 -0.855219 -0.496661 -0.148085 0.85517 0.496793 0.14792 0.855202 0.496715 0.148002 0.855337 0.496461 0.148072 0.855197 0.496708 0.148055 0.322754 -0.286778 -0.901991 0.322835 -0.286754 -0.90197 -0.898426 -0.436919 0.0439699 -0.768152 -0.019571 0.639969 -0.745947 0.057449 0.663523 0.681721 -0.100611 -0.724662 -0.751846 0.0413818 0.658039 0.51499 -0.782034 -0.35101 0.515131 -0.781898 -0.351106 -0.0585098 0.376411 -0.924603 -0.0584713 0.376408 -0.924607 0.351051 0.781916 -0.515141 0.350936 0.782079 -0.514972 0.924519 -0.376603 0.0586013 0.924644 -0.376275 0.0587421 -0.707104 0 -0.70711 -0.707096 6.34045e-05 -0.707118 -0.737907 0.0140975 -0.674755 0.707093 0 0.707121 0.707082 -0.000105329 0.707132 0 1 0 3.95084e-06 1 -3.95053e-06 0 1 0 1.13952e-05 1 -4.3156e-06 0.497013 0.713508 -0.493847 0.492041 0.72345 -0.484268 -0.433542 -0.800787 0.413257 0.479775 -0.722311 -0.498079 -0.479775 0.722311 0.498079 0.180042 -0.943961 -0.276626 -0.561202 0.489925 -0.667103 -0.651373 0.187309 0.735275 -0.708256 0.0491495 -0.704243 7.44943e-06 0 1 -1.05463e-05 0 1 0 -6.0536e-05 1 -1 0 0 -1 0 0 1.17134e-05 0 -1 0 -9.42964e-05 -1 -6.60571e-05 0 -1 0 1 0 0 1 0 0 1 0 0 1 0 0 1 0 -1.16147e-06 1 -0.000655407 7.69639e-05 1 -0.00010939 0.000100745 1 0.000787667 1.59366e-05 1 1.00383e-05 1.53473e-05 1 7.12859e-06 1.45437e-05 1 4.11298e-06 1.39139e-05 1 2.37274e-06 0.000132582 1 0.000282468 0 1 0 2.76785e-06 1 -1.15636e-05 -6.20895e-06 1 4.53737e-06 6.57492e-05 1 -2.88394e-06 0 1 -2.84893e-06 -2.76372e-06 1 -2.2995e-06 0 1 0 0 1 0 0 1 0 0 1 0 0 1 0 0 1 0 0 1 0 0 1 0 0 1 0 0 1 0 0 1 0 0 1 0 0 1 0 0 1 0 0 1 0 0 1 0 0 1 0 0 1 0 0 1 0 0 1 0 0 1 0 0 1 0 0 1 0 0 1 0 0 1 0 0 1 0 0 1 0 0 1 0 0 1 0 0 1 0 0 1 0 0 1 0 0 1 0 0 1 0 0 1 0 0 1 0 0.0821768 -0.518927 -0.85086 0.0611179 -0.521545 -0.851032 -0.321754 -0.505889 -0.800344 -0.157216 -0.524372 -0.836849 -0.908146 -0.261677 -0.326797 0.996659 0.0727939 -0.0370325 -0.984409 -0.15339 0.0860833 -0.207903 -0.838878 0.503051 -0.207904 -0.837786 0.504867 -0.000225425 0.85722 -0.514951 -3.57197e-06 0.857163 -0.515045 -5.65719e-06 0.857162 -0.515046 2.54929e-06 0.857168 -0.515037 2.19589e-06 -0.515041 -0.857166 4.09206e-06 -0.515028 -0.857174 0.883457 -0.241278 -0.401607 0.88346 -0.241372 -0.401544 1 0 0 1 0 0 0.455112 0.458589 0.763262 0.455111 0.458565 0.763277 9.45764e-06 0.515056 0.857157 1.90766e-06 0.515114 0.857122 -1 0 0 -1 0 0 -1 0 0 -1 0 0 -1 0 0 -1 0 0 -1 0 0 -1 0 0 0.438904 0.889062 0.130122 0.4389 0.889035 0.130323 0.438909 0.888919 0.131079 0.362221 0.540669 0.759258 0.364314 0.528685 0.76666 0.360505 0.534476 0.764442 0.43875 0.889084 0.130491 0.438929 0.888974 0.130638 0.438904 0.888997 0.130565 0.438882 0.889009 0.130561 -0.123137 0.703667 0.699778 0.176365 0.983954 0.0270029 0.176529 0.983935 0.0266392 0.176373 0.983955 0.0269249 0.176383 0.983954 0.0269092 0.176076 0.983997 0.0273284 0.176429 0.983945 0.0269111 0.176466 0.98394 0.0268732 0.176249 0.983973 0.0270713 0.176354 0.983957 0.026988 0.176561 0.983924 0.0268362 0.176369 0.983955 0.0269664 0.176303 0.983965 0.0270082 0.176352 0.983957 0.0269844 0.176324 0.983962 0.0269989 0.176327 0.983961 0.0270098 0.176302 0.983965 0.0270094 -0.93386 -0.124583 -0.335238 -0.965926 0.221828 -0.133342 -0.965927 0.221846 -0.133298 -0.965926 0.221849 -0.133303 -0.965926 0.221854 -0.133296 0.128289 -0.494067 -0.859907 0.0284664 -0.392852 -0.919161 0.029951 -0.393878 -0.918675 0.0290182 -0.393374 -0.91892 0.0288574 -0.393372 -0.918927 0.0289007 -0.393342 -0.918938 0.0289395 -0.393334 -0.91894 0.0289155 -0.393311 -0.918951 0.0289355 -0.393335 -0.91894 0.881329 -0.113983 -0.458549 0.881324 -0.113976 -0.458561 0.881562 -0.114474 -0.457979 0.881323 -0.113917 -0.458576 0.881323 -0.113978 -0.458562 0.881325 -0.113965 -0.458562 0.881323 -0.113976 -0.458563 0.881456 -0.113829 -0.458343 0.881286 -0.113992 -0.458629 0.881323 -0.113974 -0.458563 0.881323 -0.113968 -0.458563 0.978148 0.178204 -0.107099 0.978186 0.178003 -0.107087 0.978147 0.178232 -0.107057 0.978152 0.17821 -0.107055 0.978147 0.178228 -0.107065 0.978146 0.178221 -0.107087 0.978148 0.178213 -0.107082 0.528704 0.0753204 -0.845458 0.804238 -0.403793 -0.436065 -0.208008 -0.838265 0.504028 0.742271 -0.380338 -0.551704 -0.207335 -0.838959 0.50315 0.764801 -0.412751 -0.494688 0.56205 -0.44348 -0.698159 0.495111 -0.46088 -0.736515 0.813675 -0.320955 -0.484686 0.543957 -0.4383 -0.715544 0.901474 -0.296775 -0.315071 0.42617 -0.468795 -0.773699 -0.20102 -0.841631 0.501247 -0.201915 -0.841072 0.501826 -0.204806 -0.839864 0.502676 -0.207982 -0.838363 0.503877 -0.21008 -0.837562 0.504338 -0.2086 -0.838188 0.503912 -0.209044 -0.838036 0.503981 -0.208518 -0.838288 0.50378 -0.206581 -0.838903 0.503554 -0.206625 -0.838766 0.503764 -0.211841 -0.837202 0.504198 -0.211865 -0.837223 0.504153 -0.207656 -0.838539 0.503717 -0.207749 -0.838557 0.503649 -0.212846 -0.837159 0.503847 -0.213244 -0.837166 0.503666 -0.21178 -0.837734 0.503341 -0.211697 -0.83774 0.503366 -0.206419 -0.838712 0.503938 -0.0369767 0.363335 0.930925 0.998594 -0.00937235 0.0521785 0.530207 0.428551 0.731591 -0.882533 0.0844247 0.462611 -0.208885 -0.839277 0.501978 -0.205218 -0.836095 0.508754 -0.775311 -0.274245 0.568931 0.409543 0.433458 0.802738 0.38528 0.447258 0.807168 0.324607 0.398305 0.857895 0.301501 0.467852 0.83079 0.259704 0.472898 0.841975 -0.208149 -0.841247 0.498976 -0.207905 -0.841292 0.499002 -0.207931 -0.837057 0.506064 -0.206461 -0.838708 0.503927 -0.194634 -0.840778 0.505183 -0.207895 -0.838965 0.502909 -0.207857 -0.837071 0.506072 -0.206462 -0.838623 0.504068 -0.995039 0.0302303 0.0947868 -0.207922 -0.839153 0.502584 -0.997013 0.0210381 0.0743143 -0.169173 0.481917 0.85973 -0.991457 0.0571815 0.11723 -0.998107 -0.0137007 0.0599618 -0.16538 0.483123 0.859792 -0.209501 -0.837838 0.50412 -0.205089 0.492871 0.845587 -0.205683 -0.839253 0.503337 -0.966337 0.119803 0.227686 -0.956517 0.138853 0.256506 -0.323129 0.466978 0.823115 -0.956058 0.139078 0.258091 -0.931029 0.170334 0.322757 -0.372283 0.438526 0.817985 -0.915595 0.197314 0.350361 -0.409718 0.45214 0.792276 -0.211152 -0.834043 0.509692 -0.900872 0.204486 0.382903 -0.873086 0.237549 0.425784 -0.210803 -0.834962 0.508331 -0.207504 -0.839275 0.502554 -0.213663 -0.831956 0.512052 -0.209747 -0.836714 0.505882 -0.207013 -0.839279 0.502749 -0.20702 -0.839 0.503211 -0.209964 -0.836499 0.506147 -0.204642 -0.840718 0.501313 -0.21616 -0.831975 0.510972 -0.205238 -0.840751 0.501014 -0.206298 -0.839181 0.503207 0.431982 0.464461 0.77309 0.244568 0.493579 0.834605 0.191345 0.5026 0.843078 0.188954 0.503882 0.842852 0.114944 0.507476 0.853965 0.122543 0.505073 0.854333 0.0671061 0.509839 0.857649 0.0709912 0.508712 0.858005 0.0197982 0.514955 0.856989 0.0441985 0.510532 0.858722 -0.98572 0.0504334 0.160661 0.967772 0.126497 0.217753 0.893874 0.229934 0.384862 0.79304 0.308216 0.525444 0.738508 0.355019 0.573208 0.665674 0.368886 0.648692 0.506328 0.426907 0.749254 0.908816 -0.210766 -0.360043 0.898532 -0.231048 -0.373173 0.927062 -0.191922 -0.32206 0.921194 -0.202494 -0.332262 0.940883 -0.175264 -0.289866 0.946179 -0.164763 -0.278563 0.953937 -0.154427 -0.257209 0.953614 -0.155054 -0.25803 0.968728 -0.130423 -0.211084 0.976909 -0.107201 -0.184814 0.990172 -0.069344 -0.121456 0.980747 -0.102223 -0.166388 0.991743 -0.0670001 -0.109352 0.996892 -0.0364434 -0.0698502 0.998177 -0.0393827 -0.0457445 0.999055 -0.0318408 -0.0295806 0.200585 -0.503414 -0.84044 0.278066 -0.490413 -0.825939 0.418459 -0.468947 -0.777805 0.420024 -0.468358 -0.777316 0.477892 -0.452187 -0.753091 0.555528 -0.428393 -0.712649 0.524355 -0.438514 -0.729902 0.497597 -0.447238 -0.743219 0.565029 -0.425637 -0.706806 0.624876 -0.40172 -0.669441 0.637959 -0.399025 -0.658626 0.740576 -0.350094 -0.573568 0.805512 -0.35483 -0.474601 -0.999352 -0.0353822 0.00664703 -0.969603 -0.142405 -0.198977 -0.80364 -0.309625 -0.508227 -0.575717 -0.435246 -0.692178 -0.339122 -0.481627 -0.808104 -0.965522 0.236662 -0.108439 -0.964981 0.242203 -0.100746 -0.959053 0.281792 -0.0284767 -0.960795 0.273091 -0.0479038 -0.944751 0.323913 0.0502602 -0.948911 0.31436 0.0273198 -0.928127 0.357085 0.105211 -0.922789 0.363996 0.12636 -0.889559 0.406178 0.209055 -0.885795 0.408848 0.219568 -0.838313 0.452303 0.304389 -0.816937 0.457717 0.350869 -0.772655 0.48868 0.40521 -0.751736 0.492429 0.438641 -0.695352 0.52127 0.494735 -0.65712 0.523098 0.542736 -0.614279 0.542105 0.573396 -0.536718 0.524974 0.660557 -0.523911 0.53463 0.66309 -0.387027 0.56425 0.729268 -0.338417 0.513132 0.788777 -0.30007 0.513621 0.803835 -0.12758 0.528132 0.839523 -0.0389669 0.512185 0.857991 -0.104618 0.516326 0.849978 -0.221028 0.503642 0.83516 -0.290692 0.508207 0.810693 -0.416574 0.466974 0.780001 -0.546606 0.460933 0.699116 -0.508109 0.452123 0.733083 -0.605996 0.414425 0.678985 -0.675871 0.382527 0.629977 -0.678566 0.38256 0.627053 -0.776682 0.331908 0.535353 -0.737708 0.345211 0.580187 -0.806261 0.300488 0.509559 -0.819289 0.289334 0.495027 -0.843999 0.281956 0.456252 -0.97783 0.110787 0.177692 -0.992626 0.0573491 0.106794 -0.999597 0.0146303 0.0243449 -0.00282242 -0.575327 0.817919 -0.00285699 -0.714419 0.699713 -7.85785e-06 -0.650426 0.75957 -0.00326826 -0.711583 0.702595 -0.000652965 -0.756383 0.654129 -0.00457238 -0.820595 0.571492 -0.00215555 -0.798374 0.602158 -0.00343689 -0.827668 0.561208 -0.00092329 -0.855038 0.518564 -0.00118454 -0.888263 0.459333 -0.000528026 -0.87902 0.476784 -0.000122724 -0.932927 0.360065 5.74276e-05 -0.902399 0.430902 -0.00137831 -0.984708 -0.174205 -3.96052e-05 -0.967991 -0.250984 -0.00182778 -0.947013 -0.321191 -0.0012171 0.895784 -0.444488 -4.47924e-05 0.922824 -0.385222 -0.00110614 0.940203 -0.340613 -0.0131581 -0.939624 0.341955 -0.00313123 0.957751 -0.287581 -9.98476e-05 0.974201 -0.225682 -0.00118239 0.988355 -0.152164 -0.0273971 -0.0270725 0.999258 -0.786326 -0.165563 0.595215 -0.57651 -0.201427 0.791873 -0.533965 -0.22995 0.813637 -0.84448 -0.349036 0.406235 -0.997757 -0.065681 0.0129284 -0.549248 -0.20896 0.809112 -0.00851789 -0.116353 0.993171 -0.00610804 -0.173978 0.984731 -0.0241934 0.0431488 0.998776 -0.985272 -0.156655 0.0685463 -0.00588632 -0.250317 0.968146 -0.0162355 -0.355786 0.934427 -0.0150931 -0.366227 0.930403 -0.0164874 -0.482214 0.875898 -0.469385 -0.464125 0.751176 -0.616882 -0.601444 0.507664 -0.641083 -0.598716 0.480157 -0.026612 -0.58483 0.810719 -0.127117 0.624687 0.77046 -0.592617 -0.742531 0.312174 -0.789935 -0.611971 0.0386561 -0.201531 -0.699763 0.685359 -0.257102 -0.733544 0.629136 -0.182454 -0.806829 0.561905 -0.544656 -0.781321 0.304774 -0.230687 -0.864132 0.447281 -0.230001 -0.86445 0.447019 -0.0101819 -0.968842 0.24747 -0.0100851 -0.965203 0.261309 -0.368453 -0.919003 0.140274 -0.902053 -0.326582 -0.282213 -0.997511 -0.0682617 0.0176737 -0.0203614 -0.986559 0.16213 -0.0131733 -0.993266 0.115107 -0.808494 -0.525439 -0.265051 -0.734707 -0.671056 -0.0994424 -0.456792 -0.879101 -0.136096 -0.891452 -0.319166 -0.321631 -0.00568189 -0.99948 -0.0317382 -0.370051 -0.906887 -0.201541 -0.0104002 -0.997095 -0.0754589 -0.401104 -0.894052 -0.199466 -0.00899456 -0.922904 -0.384925 -0.417918 -0.734705 -0.534373 -0.00719437 -0.906229 -0.422726 -0.475335 -0.748449 -0.462473 -0.0128905 -0.856046 -0.516739 -0.702574 -0.385658 -0.598045 -0.018761 -0.811576 -0.583945 -0.0203517 -0.819342 -0.572944 -0.468901 -0.578214 -0.667683 -0.443426 -0.576652 -0.686182 -0.0131311 -0.748752 -0.66272 -0.0179896 -0.666021 -0.745716 -0.608938 -0.208739 -0.76526 -0.882369 0.0736821 -0.464754 -0.999812 -0.0138581 -0.0135895 -0.0186948 -0.599811 -0.799923 -0.0148051 -0.553312 -0.832843 -0.0232611 -0.634239 -0.772787 -0.738679 0.0252837 -0.673583 -0.862528 0.0430921 -0.504172 -0.309122 -0.277327 -0.909689 -0.985307 0.0738261 -0.15401 -0.0136606 -0.476986 -0.878805 -0.0168082 -0.412598 -0.910758 -0.0283799 -0.320512 -0.946819 -0.0263755 -0.308269 -0.950934 -0.345425 -0.250342 -0.904439 -0.016647 -0.189572 -0.981726 -0.530042 0.154683 -0.833744 -0.0215177 -0.021815 -0.99953 -0.198292 -0.0045344 -0.980133 -0.927891 0.328689 -0.176016 -0.723428 0.360585 -0.588753 -0.0288449 0.0166709 -0.999445 -0.465461 0.343395 -0.815737 -0.90114 0.380039 -0.208609 -0.0140956 0.154232 -0.987934 -0.0154627 0.268769 -0.963081 -0.730138 0.445282 -0.518288 -0.0188129 0.326454 -0.945026 -0.0160386 0.346426 -0.93794 -0.464058 0.340219 -0.817864 -0.00911931 0.459499 -0.888132 -0.313379 0.55236 -0.772459 -0.76564 0.617755 -0.179372 -0.0187645 0.600922 -0.799087 -0.569003 0.609979 -0.551509 -0.384798 0.62324 -0.68081 -0.520441 0.739842 -0.426352 -0.0149738 0.584591 -0.81119 -0.960127 0.279546 -0.00327581 -0.00949972 0.6875 -0.726122 -0.0130217 0.752712 -0.658221 -0.347345 0.829379 -0.437587 -0.643633 0.724645 -0.246224 -0.176641 0.769497 -0.613737 -0.0155364 0.773545 -0.633551 -0.0088883 0.807796 -0.589395 -0.278907 0.879714 -0.385116 -0.00564145 0.856917 -0.515423 -0.00624368 0.865732 -0.50047 -0.202636 0.896961 -0.392937 -0.732416 0.670174 0.120139 -0.802194 0.572699 0.168823 -0.00702381 0.966786 -0.255489 -0.446283 0.882859 -0.146259 -0.3444 0.915161 -0.20945 -0.00838674 0.938934 -0.343996 -0.461053 0.886365 -0.0422869 -0.0112491 0.998851 -0.0465871 -0.181549 0.964198 -0.193295 -0.583748 0.801603 0.129118 -0.0113139 0.998398 -0.0554433 -0.0162348 0.998885 0.0443333 -0.0187219 0.999764 0.0110544 -0.41919 0.865848 0.273108 -0.0170825 0.995449 0.093748 -0.019072 0.988393 0.150716 -0.640877 0.588594 0.492782 -0.0268197 0.965625 0.258553 -0.0373459 0.977218 0.208926 -0.0249661 0.957075 0.288763 -0.0160234 0.925907 0.377411 -0.0148868 0.883637 0.467936 -0.523932 0.655664 0.543691 -0.466683 0.706062 0.532619 -0.0240366 0.817363 0.575621 -0.734705 0.247658 0.631565 -0.0163407 0.756207 0.654128 -0.0274649 0.804474 0.593352 -0.0104929 0.687352 0.726249 -0.887541 0.000172919 0.460729 -0.0115705 0.600599 0.799467 -0.307268 0.440691 0.843432 -0.511624 0.248774 0.822407 -0.0278129 0.450716 0.892234 -0.0453891 0.513663 0.856791 -0.468897 0.169769 0.866784 -0.0212747 0.36322 0.93146 -0.0178004 0.23487 0.971864 -0.0261309 0.125924 0.991696 -0.0316649 0.0866204 0.995738 -0.0293294 0.0500116 0.998318 -0.0225829 0.514915 0.856944 -0.0836975 0.513525 0.853983 -0.0411408 0.513903 0.856862 -0.159322 0.509208 0.845768 -0.122497 0.510149 0.851318 -0.202561 0.503901 0.839674 -0.202622 0.503897 0.839662 -0.318674 0.4883 0.81241 -0.282501 0.492463 0.82321 -0.359934 0.47981 0.800144 -0.364401 0.479197 0.798488 -0.434849 0.463709 0.771933 -0.449712 0.459135 0.766129 -0.488346 0.449752 0.747824 -0.521022 0.438956 0.73202 -0.541201 0.433172 0.720738 -0.589143 0.416014 0.692707 -0.591105 0.415401 0.691403 -0.639192 0.39605 0.659225 -0.640465 0.39542 0.658367 -0.696073 0.369925 0.615335 -0.701514 0.366832 0.610993 -0.747319 0.34249 0.569398 -0.757221 0.335541 0.560383 -0.818925 0.294315 0.492687 -0.817448 0.295576 0.494383 -0.872456 0.250705 0.419486 -0.870248 0.252942 0.422715 -0.900177 0.224916 0.372953 -0.914137 0.207964 0.348 -0.930636 0.188752 0.313511 -0.955898 0.151274 0.251745 -0.949548 0.160558 0.269406 -0.971967 0.121008 0.201585 -0.984478 0.09042 0.150423 -0.972004 0.120923 0.201461 -0.99148 0.0671566 0.111616 -0.985279 0.0879362 0.146603 -0.997193 0.0387162 0.064086 -0.994332 0.0541584 0.0914878 -0.999163 0.0205767 0.03535 -0.999665 0.0133266 0.0221799 -8.14069e-06 0.515046 0.857162 0 0.515036 0.857168 0.417278 0.468031 0.778991 0.419811 0.467857 0.777733 0.345961 0.48662 0.802192 0.361608 0.480866 0.798754 0.302351 0.490882 0.81708 0.265422 0.496618 0.826391 0.257144 0.498839 0.827669 0.18918 0.504806 0.842248 0.211068 0.501254 0.839163 0.123736 0.509878 0.851301 0.164576 0.505531 0.846967 0.117943 0.509757 0.852196 0.0718708 0.512254 0.855822 0.0705872 0.512427 0.855825 -0.00562136 0.515028 0.857155 0.0237843 0.512732 0.858219 0.4551 0.458586 0.763271 0.455102 0.458579 0.763274 0.997388 -0.0372005 -0.0619153 0.999131 0.0162339 0.0383837 0.987906 0.0778238 0.134109 0.489945 0.448956 0.747256 1 0 0 1 0 0 0.892819 -0.231984 -0.386081 0.915932 -0.205336 -0.344826 0.894567 -0.231052 -0.382578 0.915386 -0.205573 -0.346134 0.936351 -0.178363 -0.302379 0.933841 -0.183565 -0.306994 0.95397 -0.153642 -0.257556 0.950213 -0.161983 -0.26619 0.96876 -0.124404 -0.214541 0.964237 -0.13743 -0.226628 0.980809 -0.096916 -0.16918 0.97602 -0.112624 -0.18628 0.991753 -0.0633704 -0.111399 0.985456 -0.0891166 -0.144687 0.992594 -0.0618085 -0.104578 0.995876 -0.0504731 -0.0753924 0.997324 -0.0356454 -0.0638234 0.999997 -0.00118694 -0.00197511 0.999679 -0.0185539 -0.017258 0.883467 -0.241294 -0.401576 0.883468 -0.241301 -0.401569 0.0776523 -0.513489 -0.854575 0.0395332 -0.511278 -0.858506 0.202861 -0.500932 -0.841377 0.136708 -0.510551 -0.84891 0.235174 -0.49949 -0.833788 0.292127 -0.490281 -0.82115 0.34779 -0.484054 -0.802953 0.595291 -0.412675 -0.68944 0.685576 -0.377827 -0.62228 0.660203 -0.38257 -0.646353 0.739802 -0.343853 -0.578324 0.744986 -0.342373 -0.572518 0.833054 -0.293053 -0.469191 0.853208 -0.265911 -0.448695 0 -0.515045 -0.857163 -1.2864e-06 -0.515041 -0.857166 -0.0809814 -0.513347 -0.854352 -0.998635 -0.0268983 -0.0447671 -0.238327 -0.497764 -0.833925 -0.992462 -0.0608931 -0.10635 -0.969612 -0.12987 -0.207332 -0.828204 -0.28646 -0.481683 -0.446198 -0.467225 -0.763288 -0.904687 -0.216852 -0.366766 -0.851642 -0.281321 -0.442226 -0.969961 -0.127537 -0.207146 -0.548594 -0.430029 -0.717021 -0.999999 0.000559101 0.0013519 -1 0 0 -0.999984 -0.00242768 -0.00511267 -1 0 0 -1 0 0 -1 0 0 -1 0 0 -1 0 0 -1 0 0 -1 0 0 -1 0 0 -0.999997 -0.00152829 -0.00203061 -0.999999 0.000916302 0.00104425 -1 0 0 -1 0 0 -1 0 0 -1 0 0 -1 0 0 -1 0 0 -1 0 0 -1 0 0 -1 0 0 -1 0 0 -1 0 0 -1 0 0 -1 0 0 -1 0 0 -1 0 0 -1 0 0 -1 0 0 -1 0 0 -1 0 0 -1 0 0 -1 0 0 -1 0 0 -1 0 0 -1 0 0 -1 0 0 -1 0 0 -1 0 0 -1 0 0 -1 0 0 -1 0 0 -1 0 0 -1 0 0 -1 0 0 -1 0 0 -1 0 0 -1 0 0 -1 0 0 -1 0 0 -1 0 0 -1 0 0 -1 0 0 -1 0 0 -1 0 0 -1 0 0 -1 0 0 -1 0 0 -1 0 0 -1 0 0 -1 0 0 0 1 0 -5.14294e-05 1 1.4574e-05 -3.61033e-10 1 4.78588e-06 0 1 0 0 1 0 0 1 0 0 1 0 0 1 0 -3.18994e-05 1 5.17417e-05 1.77777e-05 1 -0.00013463 0 1 0 0 1 0 0 1 0 0 1 0 0 1 0 0 1 0 0 1 0 0 1 0 0.651577 0.538056 -0.534737 0.0452709 0.210538 -0.976537 0 1 0 0 1 0 0 1 0 -2.22951e-05 1 -9.14456e-06 0 1 0 0 1 0 0 1 0 0 1 0 0 1 0 0 1 0 0 1 0 1 0 0 1 0 0 1 0 0 1 0 0 1 0 0 1 0 0 1 0 0 1 0 0 1 0 0 1 0 0 1 0 0 1 0 0 1 0 0 1 0 0 1 0 0 1 0 0 1 0 0 1 0 0 1 0 0 1 0 0 0.990275 -0.137713 -0.019767 1 0 0 1 0 0 0.985776 -0.163032 -0.0408193 0.99107 -0.128052 -0.0371787 1 0 0 1 0 0 0.976727 -0.196559 -0.0858387 1 0 0 1 0 0 1 0 0 1 0 0 1 0 0 1 0 0 1 0 0 1 0 0 1 0 0 1 0 0 1 0 0 1 0 0 1 0 0 1 0 0 1 0 0 1 0 0 1 0 0 1 0 0 1 0 0 0.997576 -0.0632143 0.029084 1 0 0 0.9939 -0.108763 0.0182469 0.999134 -0.0329345 -0.0254131 1 0 0 1 0 0 1 0 0 1 0 0 1 5.74812e-06 -0.000617758 1 0 0 1 0 0 1 0 0 1 0 0 0.999999 -0.000249393 0.00115598 0.999999 -0.000626678 0.00138935 1 -0.000137836 0.000814707 1 0 0 1 0 0 1 0 0 1 0 0 0.991892 -0.0964702 0.0827237 0.990874 -0.126293 0.0471046 1 0 0 1 0 0 1 0 0 1 0 0 1 0 0 1 0 0 1 0 0 1 0 0 0.990482 -0.08532 0.108008 1 0 0 1 0 0 0.99105 -0.125067 0.0466724 1 0 0 1 0 0 1 0 0 1 0 0 1 0 0 1 0 0 1 0 0 1 0 0 1 0 0 1 0 0 1 0 0 1 0 0 1 0 0 1 0 0 1 0 0 1 0 0 1 0 0 1 0 0 1 0 0 1 0 0 1 0 0 1 0 0 1 0 0 1 0 0 1 0 0 1 0 0 1 0 0 1 0 0 1 0 0 1 0 0 1 0 0 1 0 0 1 0 0 1 0 0 1 0 0 1 0 0 1 0 0 1 0 0 1 0 0 1 0 0 0.999279 0.0370205 0.00842836 0.989206 -0.0230399 0.144709 1 0 0 1 0 0 0.992651 -0.0424278 0.113328 1 0 0 1 0 0 1 0 0 1 0 0 1 0 0 1 0 0 1 0 0 1 0 0 1 0 0 1 0 0 1 0 0 1 0 0 1 0 0 1 0 0 1 0 0 1 0 0 1 0 0 1 0 0 1 0 0 1 0 0 1 0 0 1 0 0 1 0 0 1 0 0 1 0 0 1 0 0 1 0 0 1 0 0 1 0 0 1 0 0 1 0 0 1 0 0 1 0 0 1 0 0 1 0 0 1 0 0 1 0 0 1 0 0 1 0 0 1 0 0 1 0 0 1 0 0 1 0 0 1 0 0 1 0 0 1 0 0 1 0 0 1 0 0 1 0 0 1 0 0 1 0 0 1 0 0 1 0 0 1 0 0 1 0 0 0.00887985 0.58293 0.812474 0.00278433 0.531395 0.84712 0.00539088 0.880004 0.474936 0.00253679 0.371477 0.928439 0.00224228 0.304017 0.952664 0.00582558 0.252043 0.967699 0.00137204 0.238603 0.971116 0.00195522 0.157012 0.987595 0.00621657 0.144417 0.989497 0.00113384 0.0915618 0.995799 0.00669986 0.997503 0.0703064 0.00842193 0.0603195 0.998144 0.00129673 0.999547 -0.0300527 0.0168349 0.973073 -0.229881 0.00808504 -0.286318 0.9581 0.00421349 0.892172 -0.451676 0.00878352 -0.576265 0.817216 0.00598337 0.78394 -0.620808 0.00741915 0.782179 -0.62301 0.00473072 -0.776462 0.630146 0.000591 -0.807093 0.590424 0.00427484 -0.815854 0.578242 -0.00724733 -0.859773 0.510625 0.00173046 0.446188 -0.894938 0.00310908 -0.900316 0.435225 0.00196459 -0.927853 0.37294 0.00307628 -0.929176 0.369625 0.0041094 0.380933 -0.924594 0.00129076 0.388141 -0.921599 0.00414722 0.318472 -0.947923 0.00194408 0.326581 -0.945167 0.00425084 0.270435 -0.962729 0.00175641 0.279725 -0.960079 0.00368114 0.234595 -0.972086 0.007795 0.145149 -0.989379 0.00339127 0.107707 -0.994177 0.00379367 0.0624667 -0.99804 0.0182726 0.0374925 -0.99913 0.0156016 -0.998187 -0.0581393 0.00549622 -0.999213 -0.0392813 0.0027513 -0.990035 -0.140797 0.00199121 -0.990389 -0.138297 0.0141189 -0.127267 -0.991768 0.00442214 -0.976725 -0.21445 -0.000589821 -0.979629 -0.200813 0.00042901 -0.196081 -0.980588 0.00265584 -0.235679 -0.971827 -0.000671053 -0.255101 -0.966914 -0.00464194 -0.788043 -0.615603 0.0210092 -0.760458 -0.649048 0.00786806 -0.708498 -0.705669 -0.168721 -0.000322318 -0.985664 -0.303379 0.000490535 -0.95287 -0.426627 0.000489089 -0.904428 -0.54794 -0.000326701 -0.836517 -0.575161 0.00246428 -0.818036 -0.686731 -0.00132716 -0.726911 -0.735059 0.00309948 -0.677996 -0.804639 -0.00105856 -0.593764 -0.859954 0.00216704 -0.510366 -0.884126 -0.000728713 -0.467247 -0.925684 0.000422326 -0.378297 -0.966277 0.000548496 -0.257503 -0.943886 -0.0016843 -0.330266 -0.987233 -0.00180409 -0.159274 -0.991998 0.000245329 -0.126255 -0.999859 -0.00185085 0.0166856 -0.999987 0 -0.00513091 -0.9842 0 0.177062 -0.9842 0 0.177062 -0.941549 0 0.336878 -0.95389 0.00407493 0.30013 -0.856678 0.000402302 0.515852 -0.762308 -0.00244138 0.64721 -0.658958 0.00215225 0.752176 -0.623501 -0.000148655 0.781822 -0.52848 0.000873665 0.848945 -0.537833 0 0.843051 -0.401036 0 0.916062 -0.360421 -0.00231579 0.932787 -0.238215 0.00181192 0.971211 -0.188968 -0.00201884 0.981981 -0.00624595 0.00281684 0.999977 0.0491591 -0.00220576 0.998789 0.209476 0.00157958 0.977812 0.248515 -0.00100021 0.968628 0.370439 0.00125366 0.928856 0.422775 -0.00225332 0.906232 0.524466 0.00113164 0.85143 0.624924 0.000561313 0.780686 0.746942 0.0015492 0.664888 0.712398 -0.000820528 0.701775 0.799528 -0.000879756 0.600628 0.829765 0.00156628 0.55811 0.900993 0.000288981 0.433833 0.878246 -0.00117298 0.478208 0.925659 -0.00077866 0.378359 0.952772 0.00201456 0.303681 0.98917 0.00168644 0.146765 0.998145 -0.000844913 0.0608799 0.9999 0.000914588 -0.0140812 0.988806 -0.00451442 -0.149139 0.952373 0.00157236 -0.304933 0.923784 -0.00206901 -0.382909 0.887674 0.00243759 -0.460465 0.804584 -0.000147668 -0.593839 0.766001 0.000583815 -0.642839 0.674102 0.0012685 -0.738637 0.633258 -0.0009454 -0.773941 0.542645 0.00233824 -0.839959 0.491248 -0.0011753 -0.871019 0.36056 0.00305553 -0.932731 0.327871 0 -0.944722 0.161276 0 -0.986909 0.161276 0 -0.986909 -0.00390057 0.00211145 -0.99999 0.0361374 0 -0.999347 -0.257169 -0.964072 0.0665602 0 -1 0 0 -1 0 0 -1 0 0 -1 0 0 -1 0 0 -1 0 0 -1 0 0 -1 0 -0.99627 -0.00101835 -0.0862881 0 -1 0 0 -1 0 0 -1 0 0 -1 0 0 -1 0 0 -1 0 0 -1 0 0 -1 0 0 -1 0 0 -1 0 0 -1 0 0 -1 0 0 -1 0 0 -1 0 0 -1 0 0 -1 0 1.02838e-05 -1 -3.53995e-06 -2.5539e-05 -1 4.93673e-06 0 -1 0 0 -1 0 0 -1 0 0 -1 0 0 -1 0 0 -1 0 0 -1 0 0 -1 0 0 -1 0 0 -1 0 0 -1 0 0 -1 0 0 -1 0 0 -1 0 0 -1 0 0 -1 0 0 -1 0 0 -1 0 0 -1 0 0 -1 0 0 -1 0 0 -1 0 0 -1 0 0 -1 0 0 -1 0 0 -1 0 0 -1 0 0 -1 0 0 -1 0 0 -1 0 5.76701e-05 -1 -1.86047e-05 0 -1 0 0 -1 0 0 -1 0 -5.58465e-05 -1 1.18961e-05 0 -1 0 0 -1 0 0 -1 0 0 -1 0 0 -1 0 0 -1 0 0 -1 0 0 -1 0 0 -1 0 0 -1 0 0 -1 0 0 -1 0 0 -1 0 0 -1 0 0 -1 0 0 -1 0 0 -1 0 0 -1 0 0 -1 0 0 -1 0 0 -1 0 0 -1 0 -0.964165 0.0737442 -0.254847 -0.641869 0.00968005 -0.766753 0.0662759 0.0414071 -0.996942 -0.392437 0.0372933 0.919023 -0.962797 0.0394402 -0.267333 -0.00109364 0.999999 -0.00101073 0 1 0 0 1 0 0 1 0 0 1 0 0 1 0 0 1 0 -0.000717355 0.999997 -0.00223453 0 1 0 0.000285843 0.999999 0.00162081 0 1 0 0 1 0 0 1 0 0 1 0 0 1 0 0 1 0 0 1 0 0 1 0 0 1 0 2.42368e-05 1 0 1.36305e-06 1 1.05474e-05 -3.35276e-05 1 0 0 1 0 0 1 0 0 1 0 0 1 0 0 1 0 0 1 0 0 1 0 0 1 0 0 1 0 0 1 0 0 1 0 0 1 0 0 1 0 0 1 0 0 1 0 -3.6205e-05 1 -3.43449e-05 4.18546e-05 1 2.98092e-05 0 1 0 0 1 0 0 1 0 0 1 0 0 1 0 0 1 0 0 1 0 6.71173e-05 1 7.6811e-05 -2.15478e-06 1 -1.78535e-05 3.72008e-06 1 -3.86926e-06 -5.57914e-06 1 -1.94573e-05 0 1 0 0 1 0 0 1 0 0 1 0 -0.799745 -0.0172047 0.600093 0.833651 0.158185 -0.529153 0 1 0 0.716712 -0.00293643 -0.697363 0.136875 -0.00475145 -0.990577 -0.222274 -0.0860583 0.971179 0.0155884 -0.00267746 0.999875 -0.193743 -0.000759395 0.981052 0.373741 -0.0397292 0.926682 0.0936736 -0.0379227 0.99488 -0.0523102 -0.0180753 0.998467 0.48592 0.000500795 0.874003 0.754904 -0.00815703 0.655785 0.776006 -0.00560701 0.6307 0.975242 0.00287405 0.221122 0.999595 -0.0137946 -0.024899 0.950934 0.00335866 -0.309377 0.72778 -0.0146462 -0.685654 0.659494 -0.00676634 -0.751679 0.331082 -0.00327985 -0.943596 0.0470104 -0.0199792 -0.998695 -0.0174898 -0.0126437 -0.999767 -0.367772 0.00349916 -0.92991 -0.686837 -0.0103946 -0.726737 -0.783672 -0.000210348 -0.621174 -0.978791 -0.00688749 -0.204748 -0.987927 -0.0106355 -0.154557 -0.996143 -0.00231163 0.0877191 -0.931079 -0.00270517 0.364808 -0.793351 -0.0165521 0.608539 -0.735879 -0.00957977 0.677045 -0.367515 -0.00602955 0.929998 0.127805 -0.0109315 0.991739 0.240697 -0.0213501 0.970366 0.456878 -0.00480554 0.889516 0.699303 -0.00353506 0.714817 0.893271 -0.0207643 0.449039 0.922501 -0.0134577 0.38576 0.999826 -0.0029017 0.0184422 0.918928 -0.0243533 -0.393672 0.849972 -0.0412726 -0.525209 0.659316 -0.0142927 -0.75173 0.28636 -0.0155582 -0.957996 -0.0546736 -0.0390368 -0.997741 0.0125736 -0.0304694 -0.999457 -0.396359 -0.00461741 -0.918084 -0.717972 0.00125433 -0.696071 -0.879356 -0.0185749 -0.475802 -0.918166 -0.0314926 0.394943 0.619547 -0.0153138 -0.78481 -0.411671 -0.00452088 -0.911321 -0.559551 -0.0177329 -0.828606 -0.70776 -0.00348619 -0.706445 -0.906618 -0.00486764 -0.421924 -0.990556 -0.0217113 -0.135377 -0.997906 -0.0144611 -0.0630403 -0.948814 -0.00565622 0.315786 -0.728625 -0.0300165 0.684255 -0.864115 -0.00183784 0.50329 0.984948 0.167565 0.04242 -0.042769 -0.998124 0.0438121 -0.175715 -0.984375 0.0114452 0.204622 0.97884 0.00160594 0.453331 0.890303 0.0430226 0.862494 -0.493789 0.110799 0.535263 -0.844528 -0.0163262 -4.13521e-05 -0.999545 0.0301766 -0.400296 0.91619 0.0189578 -0.247776 0.968804 0.00505072 0.47734 -0.878374 0.024598 -0.0993178 -0.995009 -0.00963322 -0.214758 -0.97661 0.0105763 0.203354 0.97823 0.0413967 -0.0234705 0.999721 -0.0024911 0.259512 0.96561 0.0158286 0.459113 0.888375 -0.00199947 0.730794 0.682593 0.00252253 0.815004 0.579373 0.00973437 0.908623 0.417618 -0.000662766 0.999969 0.00226739 0.00753403 -0.31124 -0.950273 0.0105647 -0.654902 -0.755714 -0.000587892 -0.873421 -0.4867 0.0161031 -0.846638 -0.531718 0.0219079 -0.989984 -0.141155 -0.00260191 -0.97957 0.20059 0.0143859 -0.967922 0.251101 0.00873503 -0.740439 0.672122 -0.00136223 -0.438336 0.897947 0.0394028 0.999837 -0.00488049 0.0174126 0.913381 -0.407101 0.00169597 0.794856 -0.606737 0.00864687 0.734487 -0.678478 0.0139702 0.570941 -0.820991 -0.00112109 0.208419 -0.975854 0.065347 -0.0752529 -0.997121 0.00932188 -0.3322 -0.943093 0.0147859 -0.854064 -0.518483 0.0418309 -0.930065 -0.367203 0.011889 -0.976036 0.217586 0.00311535 -0.938933 0.34373 0.0159231 -0.793924 0.608014 -0.00187244 -0.453285 0.891311 0.00989239 0.0426357 0.997317 0.0595098 0.996732 -0.0395406 0.0704399 0.994051 0.102863 0.0358063 0.808258 -0.588828 7.74568e-05 0.32143 -0.945746 0.0474146 0.0984306 -0.995108 0.00841312 -0.505565 -0.862741 0.00900622 -0.660814 -0.74977 0.0342006 0.0253053 0.999462 0.0208874 0.290546 0.956826 -0.00823025 0.742961 0.669123 0.016858 0.794591 0.60708 0.00891995 0.956845 0.290597 -0.00104649 0.992696 -0.118997 0.019854 0.978678 -0.205243 0.00805592 0.741112 -0.671184 0.0162997 0.236259 -0.968366 0.0803084 -0.825739 0.562694 0.0391175 -0.805254 0.591999 0.033217 -0.271283 0.962498 -0.00185317 1 0 0 1 0 0 0.611408 -0.0087032 -0.791268 0 -1 0 0 -1 0 0.83829 -0.00335842 -0.545214 0 -1 0 0 -1 0 0.962708 -0.00584669 -0.270479 0 -1 0 0 -1 0 0 -1 0 0 -1 0 0.987445 -0.0042441 -0.157907 0 -1 0 0 -1 0 0 -1 0 0 -1 0 0 -1 0 0.0168579 -0.999612 -0.0221563 -9.25806e-05 -1 9.63719e-05 -9.4057e-05 -1 9.53236e-05 -0.000813412 -0.999999 -0.000830269 -6.15199e-05 -1 -6.27949e-05 0.000641799 1 0.000528688 0 -1 0 0 -1 0 0 -1 0 0 -1 0 0 -1 0 0 -1 0 0 -1 0 0 -1 0 0 -1 0 0 -1 0 0 -1 0 0 -1 0 0 -1 0 0 -1 0 0 -1 0 0 -1 0 0 -1 0 0 -1 0 0 -1 0 0 -1 0 0 -1 0 0 -1 0 0 -1 0 -0.673279 -0.0297672 0.738789 -0.692778 0.00160714 0.721149 -0.702322 -0.0106877 0.711779 -0.698817 -1.51845e-06 0.715301 -0.691837 -0.00103402 0.722053 -0.691353 -0.00258027 0.722513 -0.692884 -0.000731509 0.721049 -0.70202 0.00771825 0.712115 -0.698808 2.04271e-06 0.715309 0.305064 -0.948537 0.0849374 0 0 -1 0 0 -1 0 0 -1 0 0 -1 0 0 -1 0 0 -1 0 0 -1 0 0 -1 0 0 -1 0 0 -1 0 0 -1 0 0 -1 1 0 0 1 0 0 1 0 0 1 0 0 1 0 0 1 0 0 1 0 0 1 0 0 1 0 0 1 0 0 1 0 0 1 0 0 1 0 0 1 0 0 1 0 0 1 0 0 1 0 0 0.508109 0 -0.861293 0.511331 0.00664982 -0.859358 0.540969 -0.00537612 -0.841025 0.550433 0.0107517 -0.83481 0.61251 -0.00081582 -0.790462 0.596666 0.00113827 -0.802489 0.588373 0.0120652 -0.808499 0.533863 0.00334265 -0.845564 0.625485 0.00888492 -0.780185 0.564555 -0.00292956 -0.825391 0.645954 -0.00157763 -0.763374 0.625093 0.00795148 -0.78051 0.649356 -0.000598307 -0.760484 0.650643 -0.000732136 -0.759384 0.571109 0.00583639 -0.820854 0.652623 -0.00140608 -0.757682 0.653934 -0.000814133 -0.756551 0.655652 -0.000325793 -0.755063 0.596613 -0.0049053 -0.802514 0.656732 -0.000150701 -0.754124 0.658165 -4.2796e-06 -0.752874 0.607165 0.00737826 -0.794541 0.627744 -0.00603849 -0.778396 0.658046 9.078e-06 -0.752977 0.656716 0.000118223 -0.754138 0.65599 0.000199958 -0.754769 0.653991 0.00057388 -0.756502 0.650753 0.00160845 -0.759288 0.64616 0.0043796 -0.763189 0.642056 0.00802961 -0.766616 0.658249 0 -0.7528 0.5729 -0.00797871 -0.819586 0.0603594 0.532577 0.844226 0.0911985 0.505858 0.857783 0.232755 0.492811 0.838429 0.137899 0.514482 0.846341 0.226526 0.491169 0.841094 0.306013 0.483815 0.819927 0.40117 0.472641 0.784648 -0.643289 0 -0.765624 -0.643289 0 -0.765624 -0.606927 0 -0.794758 -0.606927 0 -0.794758 -0.569544 0 -0.821961 -0.569544 0 -0.821961 -0.530672 0 -0.847577 -0.530672 0 -0.847577 -0.490769 0 -0.87129 -0.449892 0 -0.893083 -0.490769 0 -0.87129 -0.449892 0 -0.893083 -0.365016 0.000258553 -0.931001 -0.340865 -3.70752e-05 -0.940112 -0.408047 0 -0.912961 -0.408047 0 -0.912961 -0.366329 0 -0.930485 -0.393252 0.00557308 -0.919414 -0.336151 0.000100054 -0.941808 -0.367397 0 -0.930064 -0.364716 -0.00080378 -0.931118 -0.306755 0.00509778 -0.951775 -0.350662 -0.00808595 -0.936467 -0.262775 -0.00590151 -0.964839 -0.247307 0.00379189 -0.96893 0 1 0 0 1 0 0 1 0 0 1 0 0 1 0 0 1 0 0 1 0 0 1 0 0 1 0 0 1 0 0 1 0 0 1 0 0 1 0 0 1 0 0 1 0 0 1 0 0 1 0 0 1 0 0.0256302 0.999667 -0.0029579 0 1 0 0 1 0 0 1 0 0 1 0 0 1 0 0 1 0 0 1 0 0.115104 0.9675 -0.225154 -1 0 0 -1 0 0 -1 0 0 -1 0 0 1 0 0 1 0 0 1 0 0 1 0 0 1 0 0 -1 0 0 -1 0 0 -1 0 0 -1 0 0 -1 0 0 -1 0 0 -1 0 0 -1 0 0 -1 0 0 0 0 1 0 0 1 0 0 1 0 0 1 0 0 1 0 0 1 0 0 1 0 0 1 0 0 1 0 0 1 0 0 1 0 0 1 0 0 1 0 0 1 0 0 1 0 0 1 0 0 1 0 0 1 0 0 1 0 0 1 0 0 1 0 0 1 0 0 1 0 0 1 0 0 1 0 0 1 0 0 1 0 0 1 0 0 1 0 0 1 0 0 1 0 0 1 0 0 1 0 0 1 0 0 1 0 0 1 0 0 1 0 0 1 0 0 1 0 0 1 0 0 1 0 0 1 0 0 1 0 0 1 0 0 1 0 0 1 0 0 1 0 0 1 0 0 1 0 0 1 0 0 1 0 0 1 0 0 1 0 0 1 0 0 1 0 0 1 0 0 1 0 0 1 0 0 1 0 0 1 0 0 1 0 0 1 0 0 1 0 0 1 0 0 1 0 0 1 0 0 1 0 0 1 0 0 1 0 0 1 0 0 1 0 0 1 0.0117471 0.602176 0.798277 -0.0143679 0.578317 0.815686 0.00670081 0.660911 0.750434 -0.0142238 0.630242 0.776269 0.0217966 0.716664 0.697078 -0.00959061 0.679623 0.733499 0.00876174 0.726114 0.687518 0.00205301 0.758945 0.651152 0.0128209 0.768862 0.639286 -0.0133416 0.799785 0.600139 0.00468492 0.814514 0.580125 -0.0201558 0.837196 0.546531 0.011062 0.864501 0.502509 -0.0120171 0.879154 0.476386 0.00798369 0.898349 0.43921 -0.0117214 0.908329 0.418091 0.0055788 0.925354 0.379062 -0.00957334 0.933756 0.357781 0.00164984 0.955202 0.295951 0.012864 0.957429 0.288382 -0.00905274 0.972441 0.232975 0.0100711 0.977323 0.211514 -0.0078774 0.988679 0.149837 -0.0107269 0.988174 0.15296 -0.00275041 0.994665 0.103124 0.00419286 0.998441 0.0556645 -0.0134975 0.996039 0.0878824 0.00405315 0.999961 0.00780536 -0.00448667 0.99973 0.0227972 -0.0110083 0.999145 -0.0398503 -0.00815735 0.999056 -0.0426779 -0.00160928 0.996162 -0.0875178 0.0133927 0.988494 -0.150665 -0.0141074 0.994077 -0.107756 0.000593158 0.985026 -0.172405 0.00481507 0.976985 -0.213256 0.0129642 0.975284 -0.220574 0.00260317 0.956982 -0.290137 -0.00479662 0.958874 -0.283793 0.00255594 0.936546 -0.350535 -0.00320633 0.938288 -0.345841 -0.0180607 0.912225 -0.409291 -0.00250535 0.906912 -0.421312 -0.000302196 0.891824 -0.452383 0 0.86924 -0.49439 -0.0137739 0.877425 -0.479517 -1 0 0 -1 3.13825e-06 1.12077e-05 -1 0.000129829 -0.000114464 -1 0 1.31626e-05 -1 1.06442e-05 2.12895e-05 -1 -2.02375e-05 -1.08959e-05 -1 0 0 -1 0 0 -1 0 0 -1 0 0 0.23341 0.475914 0.847954 0.339644 0.46049 0.820116 0.31925 0.444597 0.836907 0.376163 0.455238 0.807007 0.390151 0.443493 0.806905 0.314419 0.367832 0.875123 0.33395 0.382546 0.861473 0.438411 0.34967 0.827966 0.389113 0.377694 0.840201 0.347204 0.305781 0.886537 0.298234 0.285431 0.910816 0.434396 0.319392 0.842193 0.371465 0.295101 0.880301 0.386305 0.250831 0.887611 0.348291 0.203536 0.915023 0.290262 0.162783 0.943 0.348555 0.207309 0.914075 0.430155 0.120353 0.894697 0.384232 0.188919 0.903701 0.309785 0.108831 0.944558 0.430089 0.119717 0.894813 0.301386 0.0770173 0.950387 0.252748 0.0461221 0.966432 0.443018 0.089061 0.892078 0.340266 0.0553609 0.938698 0.447937 0.000777077 0.894065 0.431628 0.0615673 0.899948 0.271899 -0.0545975 0.960776 0.291722 -0.0333561 0.955921 0.355996 -0.0241218 0.934176 0.448628 0.00224818 0.893716 0.355614 -0.0245636 0.93431 0.271242 -0.110692 0.956125 0.330539 -0.177697 0.926913 0.446094 -0.165031 0.879639 0.2618 -0.249945 0.932196 0.326669 -0.203444 0.922983 0.332937 -0.267716 0.904147 0.322622 -0.308699 0.894774 0.356083 -0.241194 0.90279 0.428389 -0.241153 0.87082 0.441113 -0.262377 0.858241 0.363096 -0.329186 0.871664 0.435536 -0.294097 0.850773 0.0322906 -0.542933 0.839155 0.0352804 -0.529717 0.84744 0.190772 -0.489619 0.850811 0.353188 -0.374244 0.857438 0.1554 -0.545408 0.823639 0.302904 -0.404861 0.86275 0.429867 -0.386844 0.815823 0.311601 -0.464819 0.828763 0.427074 -0.378935 0.820985 0.0739046 -0.606885 0.791346 0.0778763 -0.604858 0.792516 0.395389 -0.446172 0.802869 0.419578 -0.460757 0.782085 0.291315 -0.488781 0.822331 0.294211 -0.487482 0.822071 0.0938597 -0.605687 0.790148 0.076615 -0.643391 0.761694 0.0427252 -0.653945 0.755335 0.165679 -0.567127 0.806794 0.0558374 -0.700744 0.711224 0.030663 -0.681997 0.730712 0.257407 -0.575734 0.776062 0.243572 -0.580675 0.776846 0.137515 -0.652627 0.745096 0.229031 -0.613234 0.755969 0.406065 -0.51104 0.757594 0.383954 -0.518862 0.763781 0.134444 -0.671584 0.728629 0.125147 -0.67461 0.727489 0.337731 -0.577117 0.743555 0.205111 -0.684851 0.69922 0.0971169 -0.701097 0.706421 0.344278 -0.583494 0.735533 0.267594 -0.658659 0.70325 0.392579 -0.58608 0.708796 0.427252 -0.615613 0.662176 0.118792 -0.732813 0.66998 0.30097 -0.650647 0.697192 0.290513 -0.657219 0.69546 0.0486717 -0.812042 0.581566 0.0586991 -0.801976 0.594465 0.152814 -0.743739 0.650769 0.204951 -0.731399 0.650424 0.427143 -0.616908 0.66104 0.428494 -0.619058 0.658149 0.315894 -0.695942 0.644884 0.0589827 -0.82128 0.567469 0.225745 -0.732937 0.641749 0.124819 -0.79065 0.599411 0.396452 -0.666662 0.631179 0.32086 -0.689824 0.648993 0.249147 -0.765903 0.592722 0.157182 -0.806164 0.570432 0.215244 -0.794595 0.567705 0.419584 -0.67824 0.603275 0.135948 -0.822732 0.551933 0.326635 -0.752662 0.571673 0.364435 -0.728681 0.579837 0.368256 -0.73924 0.563837 0.413339 -0.713471 0.565783 0.0623842 -0.896016 0.439618 0.0623786 -0.90685 0.416811 0.152809 -0.846526 0.509944 0.285379 -0.81628 0.502241 0.187212 -0.856509 0.480982 0.326403 -0.795016 0.511284 0.172557 -0.884124 0.434223 0.278874 -0.824261 0.49277 0.401796 -0.762458 0.507166 0.369241 -0.782331 0.501617 0.0474145 -0.938676 0.341525 0.170224 -0.902203 0.396299 0.181734 -0.895621 0.406001 0.404126 -0.80512 0.434124 0.160162 -0.918352 0.361908 0.0474144 -0.938247 0.342702 0.322856 -0.839818 0.436429 0.269224 -0.879559 0.392294 0.362464 -0.837826 0.40825 0.40249 -0.816727 0.413471 0.157866 -0.935154 0.317121 0.169198 -0.927475 0.333409 0.299672 -0.885378 0.355391 0.169256 -0.948646 0.26725 0.15771 -0.954134 0.254474 0.284796 -0.904032 0.318776 0.381775 -0.854073 0.353281 0.428451 -0.847858 0.312357 0.302794 -0.907148 0.292229 0.162641 -0.955933 0.244417 0.271287 -0.92995 0.248187 0.428453 -0.847123 0.314341 0.368006 -0.88835 0.274602 0.15646 -0.975042 0.157521 0.179195 -0.965094 0.191006 0.374808 -0.889118 0.262657 0.285372 -0.931321 0.226285 0.0651511 -0.994985 0.0758965 0.0706435 -0.994143 0.0817876 0.15664 -0.980706 0.116958 0.275144 -0.944359 0.180228 0.140575 -0.985242 0.0976618 0.065165 -0.995921 0.0624044 0.302661 -0.943458 0.135218 0.280051 -0.954364 0.103734 0.0616125 -0.996492 -0.0566307 0.151205 -0.988367 0.0163388 0.379173 -0.917833 0.117516 0.284104 -0.955555 0.0787417 0.177304 -0.983071 0.0461995 0.394868 -0.913039 0.102172 0.0525306 -0.995988 -0.0724426 0.249191 -0.967182 0.0496366 0.170441 -0.984821 -0.0328221 0.15065 -0.985753 -0.0748041 0.3517 -0.934449 0.0557824 0.392085 -0.917402 0.068132 0.423897 -0.904342 0.0497732 0.047367 -0.991433 -0.121722 0.0707067 -0.992067 -0.103938 0.180169 -0.98128 -0.0680389 0.281634 -0.959439 -0.0126204 0.047378 -0.988375 -0.144466 0.152373 -0.98229 -0.109039 0.351442 -0.935894 -0.0243082 0.342395 -0.939003 -0.0322413 0.417363 -0.908707 -0.00776733 0.16418 -0.972755 -0.163687 0.305806 -0.947215 -0.0962667 0.341741 -0.937658 -0.063324 0.168804 -0.97258 -0.159981 0.393612 -0.915852 -0.0792802 0.0636508 -0.964806 -0.255144 0.0473737 -0.948019 -0.314669 0.0473724 -0.962443 -0.267319 0.260474 -0.949476 -0.175067 0.400389 -0.911642 -0.0927211 0.133736 -0.959723 -0.247076 0.30583 -0.94673 -0.100843 0.0830653 -0.936908 -0.339563 0.0951583 -0.945737 -0.310686 0.152608 -0.953324 -0.260547 0.275161 -0.938749 -0.207453 0.240921 -0.9362 -0.255905 0.123725 -0.937236 -0.326008 0.372802 -0.897114 -0.237077 0.0651786 -0.890025 -0.451229 0.0651935 -0.896175 -0.438885 0.256051 -0.926748 -0.27491 0.190699 -0.911068 -0.365499 0.0651309 -0.890051 -0.451184 0.211341 -0.909474 -0.358039 0.158841 -0.907284 -0.389365 0.354184 -0.887867 -0.293678 0.372083 -0.885685 -0.277699 0.171655 -0.904788 -0.389735 0.307252 -0.87785 -0.367392 0.353902 -0.873458 -0.334402 0.0651499 -0.879352 -0.471694 0.185662 -0.885546 -0.425838 0.170523 -0.878881 -0.445522 0.402674 -0.8458 -0.349966 0.124657 -0.854672 -0.50398 0.150517 -0.848938 -0.506605 0.170504 -0.853242 -0.492855 0.302735 -0.855434 -0.42022 0.307201 -0.85578 -0.416255 0.250569 -0.829935 -0.49842 0.302852 -0.82829 -0.471398 0.402432 -0.82308 -0.400734 0.401986 -0.823408 -0.400509 0.17098 -0.814387 -0.554562 0.14785 -0.799308 -0.582449 0.331858 -0.812999 -0.478438 0.439676 -0.772619 -0.457979 0.402666 -0.801978 -0.441238 0.148735 -0.774781 -0.614486 0.351511 -0.784251 -0.511264 0.287759 -0.787015 -0.545713 0.250087 -0.778896 -0.575132 0.205038 -0.754838 -0.62304 0.185075 -0.784118 -0.592373 0.411333 -0.7602 -0.502893 0.322723 -0.771871 -0.547781 0.0334796 -0.73724 -0.674801 0.274392 -0.756742 -0.593339 0.0375616 -0.66321 -0.74749 0.134139 -0.732814 -0.667076 0.435049 -0.734421 -0.52092 0.204704 -0.700104 -0.684069 0.18969 -0.714426 -0.673509 0.145676 -0.635262 -0.758433 0.39324 -0.731657 -0.556813 0.321392 -0.718559 -0.616749 0.299412 -0.698026 -0.650471 0.391387 -0.704485 -0.592045 0.389166 -0.706089 -0.591598 0.338033 -0.66749 -0.663469 0.40548 -0.659667 -0.632792 0.405514 -0.659641 -0.632797 1 0 0 1 0 0 1 0 0 1 0 0 1 0 0 1 0 0 0 1 0 -0.000170019 1 0.000389652 0.000223506 1 0 0.0102618 0.999931 0.00573271 -0.0120374 0.999677 -0.0223819 -0.00236472 0.999977 -0.00629189 -9.55552e-05 1 -0.000863745 0.000689682 0.99998 0.00623419 0 1 0 0 1 0 0 1 0 0 0.999999 0.00107157 0.000397448 0.999997 -0.00239656 0 0.0871329 -0.996197 0 0.0871329 -0.996197 0 0 -1 0 0 -1 0 0 -1 0 0 -1 0 0 -1 0 0 -1 -0.11312 -0.853959 -0.507896 0.0288679 -0.864471 -0.501854 0 0 -1 -6.70069e-06 -5.24324e-06 -1 0 0 -1 -6.91848e-05 -4.15365e-06 -1 0 0 -1 0 0 -1 0 0 -1 0 0 -1 0 0 -1 0 0 -1 0 0 -1 0 0 -1 0 0 -1 0 0 -1 0 0 -1 0 0 -1 0 0 -1 0 0 -1 0 0 -1 0 0 -1 0 0 -1 0 0 1 0 0 1 0 0 1 0 0 1 0 0 1 0 0 1 0 0 1 0 0 1 0 0 1 0 0 1 0 0 1 0 0 1 0 0 1 0 0 1 0 -1 0 0 -1 0 0 -1 0 0 -1 0 0 -1 0 0 -1 0 0 -1 0 0 -1 0 0 -1 0 0 -1 0 0 -1 0 0 -1 0 0 -1 0 0 -1 0 0 -1 0 0 -1 0 0 -1 0 0 -1 0 0 -1 0 0 -1 0 0 -1 0 0 -1 0 0 -1 0 0 -1 0 0 -1 0 0 -1 0 0 -1 0 0 -1 0 0 -1 0 0 -1 0 0 -1 0 0 -1 0 0 -1 0 0 -1 0 0 -1 0 0 -1 0 0 -1 0 0 -1 0 0 -1 0 0 -1 0 0 -1 0 0 -1 0 0 -1 0 0 -1 0 0 -1 0 0 -1 0 0 -1 0 0 -1 0 0 -1 0 0 -1 0 0 -1 0 -1 0 0 -1 0 0 -1 0 0 -1 0 0 -1 0 0 -1 0 0 -1 0 0 0 0.934362 0.356325 0 0.934362 0.356325 0 0.554801 -0.831983 0 0.554695 -0.832054 0 0.554695 -0.832054 0 0.554801 -0.831983 0 0.554801 -0.831983 0 0.554801 -0.831983 0 1 0 0 1 0 0 1 0 0 1 0 0 1 0 0 1 0 0 1 0 0 1 0 0 1 0 0 1 0 0 1 0 0 1 0 0 1 0 -9.54578e-05 1 -0.000129964 5.78727e-05 1 7.72623e-05 0 1 0 2.40444e-05 1 -2.40526e-05 0 1 0 0 1 0 0 1 0 0 1 0 0 1 0 0 1 0 0 1 0 0 1 0 0 1 0 0 1 0 0 1 0 0 1 0 -0.999657 0.0261769 0 -0.999657 0.026177 -2.65299e-07 -0.999657 0.0261769 1.09957e-06 -0.999657 0.0261766 0 -0.999657 0.0261766 0 0 0 -1 0 0 -1 0 0 -1 0 0 -1 0 0 -1 0 0 -1 0 0 -1 0 0 -1 0 0 -1 0 0 -1 0 0 -1 0 0 -1 0 0 -1 0 0 -1 0 0 -1 0 0 -1 0 0 -1 0 0 -1 0 0 -1 0 0 -1 0 0 -1 0 0 -1 0 0 -1 0 0 -1 0 0 -1 0 0 -1 0.494328 0.201401 -0.845623 0.426423 0.164572 -0.889426 0.475336 0.117556 -0.871916 0.460547 0.040956 -0.88669 0.433164 0.0857323 -0.897229 0.442797 0.000298413 -0.896622 0.463264 -0.0174201 -0.886049 0.435239 -0.0844867 -0.896342 0.487376 -0.108377 -0.866441 0.49028 -0.20644 -0.846763 0.431969 -0.173519 -0.885039 0.444135 -0.263932 -0.856203 0.474325 -0.300981 -0.827301 0.433358 -0.33586 -0.836301 0.474914 -0.380994 -0.793284 0.433109 -0.417722 -0.798702 0.481718 -0.463594 -0.743659 0.431509 -0.503762 -0.748348 0.490404 -0.549496 -0.676431 0.41333 -0.599489 -0.685399 0.474479 -0.634202 -0.610457 0.474041 -0.700747 -0.533141 0.397774 -0.694148 -0.599946 0.455317 -0.731338 -0.507771 0.504889 -0.734573 -0.453311 0.447129 -0.751039 -0.485815 0.460235 -0.769064 -0.443536 0.452142 -0.751136 -0.481002 0.442197 -0.707444 -0.551349 0.456089 -0.716634 -0.527654 0.449749 -0.68376 -0.574628 0.460983 -0.640402 -0.614312 0.449324 -0.657582 -0.604726 0.461577 -0.805716 -0.371172 0.450934 -0.794209 -0.407297 0.454619 -0.696148 -0.555607 0.442986 -0.731258 -0.518677 0.468914 -0.692878 -0.547759 0.46165 -0.695873 -0.550126 0.448216 -0.835568 -0.317692 0.44894 -0.768667 -0.455636 0.454713 -0.749149 -0.481676 0.454703 -0.749147 -0.481688 0.461591 -0.746161 -0.479768 0.462431 -0.788978 -0.404563 0.454714 -0.827881 -0.328403 0.451385 -0.802292 -0.390613 0.454712 -0.792523 -0.40638 0.454687 -0.792513 -0.406427 0.457874 -0.878793 -0.13444 0.451356 -0.88905 -0.0765997 0.44704 -0.877332 -0.174483 0.454393 -0.828486 -0.32732 0.454251 -0.856339 -0.24564 0.446229 -0.85297 -0.270781 0.454662 -0.828056 -0.328032 0.453998 -0.828673 -0.327394 0.450566 -0.88963 -0.0744906 0.45826 -0.888639 -0.0178488 0.445172 -0.870436 -0.210152 0.45704 -0.855129 -0.244681 0.4541 -0.856575 -0.245095 0.45808 -0.88798 0.0406612 0.450819 -0.892528 0.0125336 0.454368 -0.876245 -0.16045 0.450887 -0.884678 -0.118516 0.462388 -0.872177 -0.159705 0.454726 -0.87631 -0.159075 0.454699 -0.887539 -0.0743155 0.449672 -0.886687 0.10762 0.447428 -0.894181 -0.0157929 0.451862 -0.890382 -0.0551446 0.462891 -0.883324 -0.0739622 0.454699 -0.88754 -0.0743152 0.4547 -0.890557 0.0125059 0.458252 -0.862632 0.214176 0.447545 -0.877324 0.173224 0.4547 -0.890557 0.012507 0.448613 -0.892375 0.0491146 0.461416 -0.887096 0.0124584 0.451346 -0.850057 0.27146 0.457873 -0.827217 0.325675 0.450567 -0.851074 0.269559 0.449585 -0.882013 0.141164 0.451514 -0.884158 0.120001 0.463089 -0.880798 0.0987111 0.454348 -0.871264 0.18565 0.454697 -0.885105 0.0991939 0.454219 -0.885446 0.0983338 0.458416 -0.80376 0.379242 0.450851 -0.820623 0.351157 0.462635 -0.867223 0.184099 0.44822 -0.863939 0.229584 0.454711 -0.871224 0.184948 0.454715 -0.849067 0.268923 0.448648 -0.778433 0.439042 0.46085 -0.845736 0.268977 0.455864 -0.849154 0.266693 0.453173 -0.819541 0.350694 0.448343 -0.744171 0.495174 0.458543 -0.713634 0.529589 0.450147 -0.810822 0.37408 0.461408 -0.818406 0.342511 0.454623 -0.820163 0.347348 0.45472 -0.781585 0.427031 0.448223 -0.678293 0.58225 0.454286 -0.735101 0.50324 0.450729 -0.745648 0.490767 0.454917 -0.779863 0.429958 0.456239 -0.780123 0.428083 0.4543 -0.780992 0.42856 0.45156 -0.619614 0.642006 0.458462 -0.573773 0.678673 0.436211 -0.646452 0.625956 0.458839 -0.733594 0.501305 0.454686 -0.735354 0.502508 0.448035 -0.715052 0.536624 0.458656 -0.527931 0.714789 0.450463 -0.562465 0.693337 0.449691 -0.667381 0.593616 0.454215 -0.683665 0.571219 0.454685 -0.682917 0.571739 0.463542 -0.679408 0.568801 0.454283 -0.623394 0.636401 0.44919 -0.487441 0.748752 0.452112 -0.481494 0.750839 0.457911 -0.429584 0.778315 0.456725 -0.623839 0.634213 0.453836 -0.559666 0.693403 0.455355 -0.624945 0.63411 0.449369 -0.415324 0.790932 0.460559 -0.376867 0.803652 0.454695 -0.414067 0.788544 0.454685 -0.488923 0.744457 0.442342 -0.519161 0.731304 0.445942 -0.534232 0.718145 0.468746 -0.562516 0.681067 0.454694 -0.560951 0.6918 0.447331 -0.336645 0.828592 0.452813 -0.324547 0.830439 0.457522 -0.268425 0.847715 0.448383 -0.453713 0.770128 0.454746 -0.488811 0.744493 0.460723 -0.487114 0.741926 0.449699 -0.253975 0.856311 0.460641 -0.211933 0.861913 0.454687 -0.335249 0.825147 0.465501 -0.406964 0.785932 0.455214 -0.415105 0.787698 0.442739 -0.15611 0.882957 0.454688 -0.253237 0.853891 0.458028 -0.33792 0.822205 0.454091 -0.336783 0.82485 0.447883 -0.0907102 0.889479 0.46058 -0.0385334 0.886781 0.455842 -0.25592 0.852475 0.453889 0.0200934 0.890832 0.45642 0.0784818 0.886297 0.447012 0.003903 0.89452 0.454718 -0.0813861 0.886909 0.455184 0.00388119 0.890389 0.454182 -0.170055 0.874529 0.455583 -0.166448 0.874494 0.446869 -0.164236 0.879394 0.451274 0.0886824 0.887968 0.458731 0.136389 0.878046 0.462729 -0.0817572 0.882722 0.454322 -0.0829331 0.886969 0.448589 -0.0520114 0.892223 0.448569 0.180985 0.875232 0.454425 0.194538 0.869283 0.45585 0.250879 0.853967 0.454387 0.0905514 0.88619 0.454986 0.00440732 0.890487 0.451498 0.259332 0.853754 0.458651 0.306205 0.834193 0.456598 0.0851118 0.885593 0.449478 0.343467 0.824621 0.458575 0.373804 0.806213 0.451321 0.427706 0.783184 0.454665 0.176459 0.873007 0.454815 0.176719 0.872877 0.454671 0.260851 0.851605 0.465483 0.172047 0.868174 0.44944 0.239812 0.860519 0.451122 0.205243 0.868542 0.454674 0.42097 0.784892 0.454858 0.260488 0.851616 0.459853 0.261014 0.848768 0.456349 0.344996 0.820197 0.454688 0.342452 0.822184 0.454685 0.420996 0.784872 0.45758 0.423293 0.781948 0.441962 0.35159 0.82526 0 -0.684787 -0.728743 2.13989e-05 -0.684966 -0.728575 -5.41281e-06 -0.719733 -0.694251 4.01454e-05 -0.720122 -0.693847 -2.87011e-05 -0.753095 -0.657912 3.96661e-05 -0.753618 -0.657312 -3.74113e-05 -0.784484 -0.620149 4.61842e-05 -0.785127 -0.619335 -4.625e-05 -0.814 -0.580865 0.000121681 -0.815202 -0.579176 -8.24743e-05 -0.841627 -0.54006 0.000103707 -0.842913 -0.53805 -9.0852e-05 -0.867143 -0.49806 0.00011055 -0.868392 -0.495879 -0.000118342 -0.890567 -0.454852 0.000127705 -0.891922 -0.45219 -0.000131661 -0.911854 -0.410514 0.000151416 -0.913272 -0.407351 -0.000130718 -0.930944 -0.365162 0.000156323 -0.932297 -0.361693 -0.000162381 -0.947762 -0.318978 0.000172431 -0.949084 -0.315023 -0.000174972 -0.962297 -0.272002 0.000187189 -0.963525 -0.26762 -0.000188585 -0.974505 -0.224367 0.000177551 -0.975536 -0.219841 -0.000169622 -0.984361 -0.176161 0.000218844 -0.985257 -0.171081 0.000231973 -0.992548 -0.121858 -0.000214048 -0.991829 -0.127572 0.000243196 -0.997365 -0.0725428 -0.000226146 -0.996903 -0.0786399 -0.000240919 -0.999564 -0.0295249 0.000257822 -0.999736 -0.0229698 0.000266967 -0.999645 0.0266502 -0.000235784 -0.999807 0.0196374 0.00027973 -0.997103 0.0760581 -0.000266299 -0.997633 0.0687621 0.000268383 -0.992147 0.125076 -0.000279467 -0.993047 0.117722 0.000313656 -0.984681 0.174363 -0.000254176 -0.986057 0.16641 0.000312438 -0.974805 0.223058 -0.000269302 -0.976677 0.214714 0.000325499 -0.962534 0.271162 -0.000294412 -0.964955 0.262417 0.000333698 -0.94791 0.318537 -0.000302519 -0.950866 0.309604 0.000351717 -0.931005 0.365007 -0.000335538 -0.934521 0.355907 0.000357547 -0.911717 0.410818 -0.000321195 -0.91587 0.401476 0.000375074 -0.890297 0.45538 -0.000352818 -0.895048 0.445969 -0.00033147 -0.872007 0.489493 0.000367796 -0.866618 0.498973 -0.000359379 -0.846895 0.53176 0.000382262 -0.840701 0.541499 -0.000384098 -0.819738 0.572739 0.000396133 -0.813005 0.582256 -0.000393783 -0.790611 0.612319 0.000408676 -0.783134 0.621853 -0.00037101 -0.759535 0.650466 0.00040926 -0.751303 0.659958 -0.000389371 -0.72664 0.687018 0.000420077 -0.71768 0.696373 -0.000420255 -0.691967 0.721929 0.000431337 -0.682318 0.731056 -0.000425107 -0.655664 0.755053 0.000441358 -0.645288 0.76394 -0.000431137 -0.617771 0.786358 -0.000604282 -0.573133 0.819462 0.000447011 -0.606701 0.79493 4.64133e-06 -0.578328 0.815804 -0.583334 -0.000592589 0.812232 -0.571341 0.000913498 0.820712 -0.549564 -0.000261626 0.835451 -0.514603 -0.000465848 0.857428 -0.535065 0.000607163 0.84481 -0.501837 0.000195369 0.864962 -0.479076 -8.486e-05 0.877773 -0.47808 0 0.878316 -0.982412 0.186621 -0.00619766 -0.986358 0.164615 0.00051301 -0.961121 0.276116 -0.0026921 -0.973051 0.230587 0.00137413 -0.936313 0.351167 -8.93635e-05 -0.956472 0.291826 5.44359e-05 -0.936048 0.351873 0.00010041 -0.912254 0.409625 -9.60265e-05 -0.871592 0.490232 -0.000204968 -0.911847 0.410531 0.000153257 -0.876454 0.481475 -0.00313182 -0.821892 0.569565 -0.00949129 -0.844156 0.536097 -0.000756581 -0.799044 0.601272 0.000209332 -0.760569 0.649257 -0.000195329 -0.707449 0.706764 -0.000284273 -0.75931 0.650729 0.000284171 -0.705353 0.708856 0.000530634 -0.669487 0.742824 0.000163682 -0.615944 0.787786 -0.0023745 -0.646968 0.762493 0.00610289 -0.557888 0.829912 -0.00280509 -0.570212 0.821485 0.0045097 -0.980488 0.196578 0 -0.979413 0.201857 0.00211642 -0.954892 0.296924 0.00430879 -0.959637 0.281243 0 -0.93342 0.358783 -0.00143247 -0.916858 0.399164 0.00621919 -0.900961 0.433896 -0.00214885 -0.86544 0.500951 0.00782711 -0.854066 0.520165 0 -0.785317 0.619093 0 -0.798889 0.601383 0.0107481 -0.721669 0.692221 0.00490161 -0.747043 0.664776 -1.22357e-05 -0.702051 0.712127 0 0 0 1 0 0 1 0 0 1 0 0 1 -0.971768 0.00807306 0.235801 -0.984772 0.00757167 0.173686 -0.987845 -0.002311 0.155427 -0.996828 -0.00555908 0.0793862 -0.99381 0.00555364 0.110954 -0.999488 0.00277363 0.0318907 -0.999874 -0.0120347 -0.0103825 -0.998869 0.00415956 -0.0473633 -0.992588 -0.0151461 -0.120578 -0.989862 0 -0.14203 -0.975509 0 -0.219961 -0.971869 0.00832343 -0.235375 -0.95502 -0.00279193 -0.296529 -0.945099 0.00832686 -0.326678 -0.934309 -0.00276787 -0.356452 -0.916295 0.00556702 -0.400465 -0.90313 -0.0055508 -0.429331 -0.866753 -0.00817037 -0.498671 -0.889091 -9.34509e-08 -0.457731 -0.859329 0 -0.511423 -0.965926 -6.82969e-05 0.258818 -0.965929 0 0.258806 0.965925 7.74654e-05 -0.258821 0.965928 0 -0.258812 0.97469 -0.0189833 -0.222754 0.991192 0.0108961 -0.131986 0.98629 -0.0128243 -0.164525 0.9944 0 -0.105683 0.999686 0.0180775 -0.0173402 0.998119 0 -0.0613033 0.999587 -0.00904961 0.0272807 5.01778e-06 1.36329e-07 1 5.03275e-06 0 1 -8.38248e-06 -3.16505e-07 1 -8.29875e-06 0 1 -0.707107 0 -0.707107 -0.704803 -0.01243 -0.709294 0.707094 0 -0.707119 2.8114e-06 0 -1 2.72195e-06 2.40027e-06 -1 -3.20238e-05 -1 -0.000111435 1.85684e-05 -1 1.86867e-05 0.0230131 -0.999567 -0.0183336 0 -1 0 0 -1 0 -0.00273934 -0.999933 0.0112247 0 -1 0 0 -1 0 0 -1 0 0 -1 0 0 -1 0 0 -1 0 0 -1 0 0 -1 0 0 -1 0 0 -1 0 0 -1 0 0 -1 0 0 -1 0 0 -1 0 0 -1 0 0 -1 0 0 -1 0 0 -1 0 0 -1 0 0 1 0 0 -1 0 0 -1 0 0 -1 0 0 -1 0 0 -1 0 0 -1 0 0 -1 0 0 -1 0 0 -1 0 0 -1 0 0 -1 0 0.997216 0.00935842 0.0739767 0.972608 0.022928 0.231317 0.992272 -0.0187347 0.122663 0.96642 0.00179949 0.256961 0.939017 0.0126565 0.343637 0.94246 0.00560417 0.334271 0.913881 -1.64912e-05 0.405983 0.879875 0.0144804 0.474984 0.887951 0 0.459939 0.838625 0 0.544709 0.816824 0.0323215 0.57598 0.777849 0.00153107 0.62845 0.715237 0.0196353 0.698606 0.723864 0.00923385 0.689881 0.65285 -0.00462089 0.757473 0.623382 0.0133902 0.781803 0.575439 -0.00921992 0.817793 0.51565 0.0176701 0.856617 0.492609 7.5102e-06 0.870251 0.414891 -0.0262071 0.909494 0.384557 0.0113309 0.923032 0.328989 -1.43424e-05 0.944334 0.25055 -0.00769239 0.968073 0.266397 -0.0185385 0.963685 0.186899 -0.00154638 0.982378 0.122765 0 0.992436 0.160255 -0.0142922 0.986972 0.0652264 0.00177215 0.997869 0.0685101 0 0.99765 -0.602348 0.00937763 -0.798179 -0.441579 -0.0570013 -0.89541 -0.371029 0.0114229 -0.928551 -0.127782 -0.0278504 -0.991411 -0.155088 -0.0160125 -0.987771 -0.0248555 0 -0.999691 0.133322 0.117566 0.984075 0.237757 0.0154917 -0.971201 0.384863 -0.0423882 -0.922 0.478763 0.019543 -0.877727 -0.770493 0.0440568 0.635924 0.702319 0.0309572 -0.711189 -0.00266589 0.520768 0.853694 0.000111993 0.514859 0.857275 -1 0 0 1 0 0 1 0 0 1 0 0 1 0 0 1 0 0 1 0 0 1 0 0 1 0 0 1 0 0 1 0 0 1 0 0 1 0 0 1 0 0 1 0 0 1 0 0 0.883452 -0.241312 -0.401599 0.883452 -0.241311 -0.401599 0.883462 -0.241261 -0.401606 0.883462 -0.241293 -0.401587 0.883485 -0.241271 -0.401551 0.88346 -0.241289 -0.401594 0.88346 -0.24131 -0.401583 0.883472 -0.241294 -0.401566 -0.6772 -0.04928 -0.734147 -0.949621 0.00340543 -0.313381 -0.866011 0.0139438 -0.49983 0.900483 -0.0238509 -0.434236 -0.398214 -0.441424 -0.804096 -0.194063 -0.491567 -0.848941 -0.986818 0.0100969 -0.16152 -0.0727145 -0.498977 -0.863559 0.996357 0.0730387 -0.0440136 -0.945657 -0.158905 -0.283692 -0.999968 -0.00226783 -0.00771081 0 0.857165 -0.515042 0 0.856506 -0.516137 0 0.856506 -0.516137 0.000476857 0.857832 -0.51393 -0.000485717 0.860162 -0.510021 -0.000275419 0.857068 -0.515203 0.00158334 0.853539 -0.521026 0.00107515 0.855387 -0.517989 -5.03124e-05 0.856616 -0.515955 0.24076 -0.472349 -0.847892 -0.97723 0.191772 0.0908028 0.795548 -0.2002 -0.57186 0.510975 -0.441584 -0.737501 0.672435 -0.351932 -0.651134 -0.00127897 0.857813 -0.513961 -0.00172746 0.858139 -0.513415 0.792285 -0.303688 -0.529206 0.865559 -0.251082 -0.433319 0.00423161 0.855776 -0.517329 0 0.857164 -0.515043 0 0.857164 -0.515043 0 0.857332 -0.514764 -0.0018147 0.857326 -0.51477 -0.98846 0.0819681 0.12739 -0.00181805 0.857311 -0.514796 -0.994632 0.059973 0.084324 0.00321446 0.856897 -0.515479 0.0032043 0.856869 -0.515524 -0.00195197 0.857281 -0.514845 -0.00324699 0.857564 -0.514367 0.00234058 0.856903 -0.515473 -0.916368 0.225843 0.330553 -0.913858 0.229966 0.334633 -0.89205 0.240706 0.382503 -0.878484 0.259514 0.401146 -0.870182 0.264324 0.415831 -0.817288 0.313511 0.483479 -0.804971 0.313313 0.503842 0.00385956 0.856109 -0.516781 -0.000227305 0.85723 -0.514934 -0.762143 0.342899 0.549143 -0.75719 0.344147 0.555181 -0.000225143 0.857232 -0.51493 0.00284359 0.856495 -0.516147 -0.701412 0.381614 0.60199 -0.668078 0.384726 0.636912 -0.64044 0.403291 0.6536 0.00282918 0.85648 -0.516173 0.00127576 0.856807 -0.515635 -0.58912 0.423916 0.68792 -0.575815 0.426029 0.697808 -0.520996 0.448295 0.726357 0.00136556 0.856918 -0.51545 -0.00345224 0.857781 -0.514004 -0.507225 0.45072 0.734558 -0.449676 0.470603 0.759161 -0.434979 0.471541 0.7671 -0.00347709 0.857746 -0.514062 -8.55148e-05 0.857235 -0.514925 -0.00215663 0.859939 -0.510392 -0.391248 0.481764 0.78411 -0.000114457 0.857187 -0.515006 -0.000166235 0.857193 -0.514995 -0.00154984 0.860045 -0.510216 -0.239022 0.507282 0.827969 -0.000132437 0.857268 -0.51487 -0.00179673 0.857432 -0.514594 -0.000316075 0.857491 -0.514498 -0.247013 0.506016 0.826397 -0.0018726 0.857237 -0.514918 -0.00176727 0.85723 -0.514931 -0.00130956 0.862669 -0.505767 0.000282474 0.857544 -0.51441 -0.000110994 0.862712 -0.505696 -0.000174357 0.855761 -0.517371 -0.00173809 0.85734 -0.514748 0.00172277 0.857174 -0.515024 0.00169287 0.857013 -0.515292 0.00508366 0.856926 -0.515414 0.00510149 0.857107 -0.515113 0 0.857105 -0.515142 0 0.855761 -0.517371 0 0.855761 -0.517371 -7.20917e-06 0.855761 -0.517371 -7.21457e-06 0.855761 -0.517371 -0.000383063 0.855769 -0.517358 -0.000287092 0.857508 -0.514471 0.000434879 0.85747 -0.514533 0.000443257 0.857527 -0.514439 -0.000123611 0.857568 -0.51437 0.000291424 0.859288 -0.511492 0.00102331 0.859215 -0.511614 0.000144501 0.856591 -0.515996 -0.000433579 0.856665 -0.515873 -0.000457191 0.85661 -0.515965 -0.000250375 0.856579 -0.516016 0.000667116 0.858323 -0.51311 0.000668279 0.858323 -0.51311 0.000363387 0.857837 -0.513922 0.00158018 0.859017 -0.511945 0.000859483 0.857893 -0.513828 0.00109182 0.858171 -0.513363 0 0.857167 -0.515038 0 0.857167 -0.515038 0 0.857094 -0.51516 -0.0013156 0.857004 -0.515308 0.00310225 0.857792 -0.513988 0.996373 0.0502518 -0.0686689 0.987149 0.103695 0.121592 0.970837 0.142187 0.193027 0.974909 0.1145 0.190897 0.952255 0.186139 0.241998 0.92455 0.197623 0.32581 0.00101282 0.858193 -0.513326 -0.00127343 0.855874 -0.517183 -0.874964 0.380785 0.299065 0.897076 0.232718 0.375629 0.854388 0.281874 0.436541 0.476854 0.470286 0.742591 0.531517 0.45166 0.716584 0.857056 0.280368 0.43226 0.53415 0.450109 0.715602 0.811547 0.319211 0.489383 0.794307 0.339395 0.503873 0.590199 0.427008 0.685076 0.642041 0.414153 0.645183 0.668451 0.410618 0.620134 0.749324 0.355377 0.558767 0.690723 0.392531 0.607306 0.455103 0.458552 0.76329 0.455112 0.45864 0.763231 0.455114 0.458585 0.763263 0.4551 0.458565 0.763284 0.455103 0.458667 0.763221 0.455094 0.458787 0.763154 0.455132 0.45849 0.76331 0.455063 0.458592 0.763289 0.45511 0.458609 0.763252 0.455164 0.458527 0.763269 0.455065 0.458666 0.763244 0.455119 0.458606 0.763248 0.455106 0.458614 0.763251 0.00582835 -0.695713 -0.718296 -0.0116505 -0.70633 -0.707787 0.00464136 -0.733353 -0.679832 -0.00121183 -0.740582 -0.671965 0.00202821 -0.771298 -0.63647 0.00594368 -0.776501 -0.630088 -0.00358066 -0.796504 -0.604623 0.00567163 -0.816498 -0.577321 0.000362094 -0.847189 -0.531291 -0.000115738 -0.838019 -0.54564 0.000767386 -0.830569 -0.556915 0.00223042 -0.824936 -0.565222 0.0016507 -0.852713 -0.522377 0.000662922 -0.874832 -0.484425 -0.000237276 -0.865278 -0.501293 0.000565492 -0.856539 -0.516082 0.0014415 -0.877634 -0.479329 -9.80381e-05 -0.892321 -0.451402 0.000133292 -0.883634 -0.468178 0.00122667 -0.900206 -0.435463 0.000279389 -0.916722 -0.399527 -0.000200727 -0.909385 -0.415956 0.000960756 -0.900987 -0.433845 0.00129557 -0.92073 -0.390199 0.00106456 -0.939004 -0.343903 -0.00021388 -0.931121 -0.36471 0.000215276 -0.924575 -0.381001 0.000413527 -0.952475 -0.304618 -0.000294859 -0.945626 -0.325256 0.0010135 -0.938875 -0.344256 0.00122138 -0.95478 -0.297311 -0.00124173 -0.962266 -0.272106 0.00124827 -0.968334 -0.249657 -0.00123127 -0.974709 -0.223473 0 -0.991681 -0.128717 0.00122662 -0.979508 -0.201401 -0.00122848 -0.984621 -0.174699 0.00123295 -0.988268 -0.152722 -0.000827832 -0.991554 -0.129695 -0.000690981 -0.996293 -0.0860267 0.00100106 -0.994605 -0.103727 -0.000431936 -0.999075 -0.043008 0.000856034 -0.99854 -0.0540149 -0.00209681 -0.999892 0.01453 0.000581345 -0.999988 -0.00479525 0 -0.991681 0.128717 -0.00212793 -0.997438 0.0715081 0.000230068 -0.99899 0.0449254 0.000746631 -0.995557 0.0941555 -0.000623847 -0.991585 0.129454 -0.00100899 -0.984973 0.172705 0.00115098 -0.98967 0.143361 -0.00102394 -0.975957 0.217962 0.0012398 -0.98133 0.192328 -0.00102815 -0.964875 0.262706 0.00126877 -0.970644 0.240517 -0.00101997 -0.951675 0.307105 0.00123316 -0.957562 0.288226 -0.000900709 -0.936618 0.350352 0.00112081 -0.942049 0.335473 -0.00293185 -0.913226 0.407444 0.00103919 -0.92431 0.38164 -0.00171357 -0.892443 0.451158 -2.11502e-05 -0.904343 0.426805 -0.000870047 -0.868653 0.49542 0.00114401 -0.882039 0.471176 0.000754649 -0.831891 0.554938 -0.000744207 -0.851018 0.525136 0.000830409 -0.857693 0.514162 0.00155501 -0.797906 0.60278 -0.000378825 -0.81649 0.577359 0.000960393 -0.831155 0.55604 -0.000276972 -0.780536 0.625111 -3.80698e-05 -0.802447 0.596723 0.00098481 -0.73863 0.67411 -0.000459159 -0.759905 0.650034 0.00140573 -0.772075 0.635529 0.00420278 -0.72856 0.684969 0.00128137 -0.715135 0.698985 0.00825956 -0.669133 0.743096 0.0018826 -0.691571 0.722306 -0.000419833 -0.641681 0.766972 0.00100919 -0.681578 0.731744 0.00522744 -0.618965 0.785401 -0.000814244 -0.603703 0.797209 0.0165281 -0.542804 0.839697 -0.00481933 -0.519277 0.854593 0.0223677 -0.457554 0.888901 0.10096 -0.437398 0.893583 -3.13738e-05 0.515052 0.857159 0 0.515011 0.857184 -2.96278e-06 0.581771 0.813353 -3.06483e-05 0.581742 0.813374 1.31052e-05 0.581744 0.813372 3.42809e-06 0.581758 0.813362 0 1 0 0.000224882 1 -0.000424553 0 1 0 0 1 0 0 1 0 0 1 0 0 1 0.000396166 -0.00025298 1 -0.00055109 0 1 0 0 1 0 0 1 0 0 1 0 0 1 0 1.02881e-06 0.570901 0.821019 -3.68499e-05 0.570666 0.821182 -4.23498e-05 0.548395 0.836219 2.21966e-05 0.54883 0.835934 0.000710432 0.531283 0.847194 -0.000107415 0.518962 0.854797 2.58594e-05 0.526329 0.850281 0.000654209 0.574 0.818855 0.000600794 0.57374 0.819037 0.000508806 0.548934 0.835866 -0.000218816 0.558615 0.829427 -0.00041043 0.54092 0.841074 0.000955879 0.526315 0.850289 0.43376 0.466515 0.770854 0.387899 0.468348 0.793842 0.309696 0.49593 0.811259 0.392283 0.482286 0.783272 0.338297 0.455632 0.82338 0.299277 0.500884 0.812126 0.226501 0.517314 0.825278 0.254644 0.513965 0.819144 0.13785 0.534008 0.834166 0.207403 0.523507 0.826393 0.0603696 0.524365 0.849351 0.159591 0.525711 0.835559 0.0834091 0.542617 0.835828 0.106702 0.504858 0.856582 0.0830709 0.54287 0.835698 0.0664304 0.54629 0.834958 0.0217364 0.569025 0.822033 0.433682 0.467669 0.770198 0.391105 0.484601 0.782431 0.433962 0.467564 0.770104 0.347116 0.500617 0.793028 0.391072 0.484613 0.782441 0.302636 0.51539 0.801738 0.34731 0.500557 0.792981 0.257021 0.529094 0.808702 0.302118 0.515535 0.80184 0.210894 0.541588 0.813761 0.25755 0.528961 0.808621 0.164954 0.55266 0.816919 0.210894 0.541588 0.813761 0.118194 0.562575 0.818254 0.164799 0.55269 0.816931 0.0706289 0.571288 0.817705 0.11781 0.562638 0.818266 0.0711974 0.571211 0.81771 0.023565 0.578602 0.815269 0.0235661 0.578602 0.815269 0.101827 0.453657 0.88534 0.164098 0.451274 0.877168 0.0684682 0.53066 0.844815 0.0220328 0.570588 0.820941 0.0734524 0.585968 0.806998 0.0583748 0.551511 0.832123 0.129585 0.622181 0.772074 0.211278 0.522312 0.826167 0.078375 0.542958 0.836095 0.176072 0.611376 0.771504 0.360541 0.40999 0.837806 0.256886 0.513382 0.818809 0.207402 0.523511 0.82639 0.254155 0.514295 0.819089 0.301819 0.443764 0.843789 0.391623 0.477151 0.786739 0.372286 0.484294 0.791747 0.312336 0.568388 0.761171 0.357324 0.557262 0.749519 0.392868 0.479679 0.784578 0.394665 0.503569 0.768543 0.433632 0.464149 0.772353 0.417899 0.466575 0.779531 0.39117 0.47401 0.78886 0.347152 0.482987 0.803871 0.361707 0.478714 0.800001 0.302271 0.490925 0.817083 0.302268 0.490926 0.817084 0.25672 0.497776 0.828441 0.256926 0.497728 0.828406 0.21098 0.503477 0.837854 0.211331 0.503404 0.837809 0.164802 0.507994 0.845448 0.164444 0.508059 0.845479 0.117748 0.509274 0.852511 0.102053 0.512348 0.852693 0.070976 0.513719 0.855017 0.0237446 0.515307 0.856677 0.0471157 0.513346 0.856888 0 0.707106 -0.707108 0 0.707106 -0.707108 1 0 0 -1 0 0 -0.749564 0.650764 0.121081 -0.58913 0.790934 -0.165379 -0.135067 0.980081 0.145597 0.242325 0.956298 -0.163622 0.57487 0.803095 0.156726 0.783863 0.615105 -0.0848778 0.949824 0.311434 0.0290466 0.995143 0.0151699 -0.0972684 1 -7.52789e-06 4.82684e-05 0.991556 -0.0186464 -0.128329 0.831605 -0.538799 -0.134648 0.714313 -0.693333 0.0951091 0.478191 -0.878227 -0.00713747 0.212772 -0.971795 0.1017 0.146283 -0.977607 0.151283 -0.0874018 -0.996122 0.010074 -0.41364 -0.909468 0.0420635 -0.565918 -0.804363 0.180935 -0.790259 -0.57256 -0.218325 -0.98969 -0.0101863 -0.142864 -1 -1.88356e-06 2.94519e-05 -0.00360537 0.00349948 0.999987 -0.00446907 -0.00698853 0.999966 -0.00930727 0.00236393 0.999954 -0.00140547 0.00939271 0.999955 0.0136091 0.0015361 0.999906 0 0 1 0 0 1 0 0 1 0 0 1 0 0 1 0 0 1 0 0 1 0 0 1 0 0 1 0 0 1 -0.00334299 0.0105514 0.999939 0 0 1 -0.00568025 -0.00186248 0.999982 -0.00393 -0.00549023 0.999977 0.0111817 -0.00150696 0.999936 0 0 1 0 0 1 0 0 1 0 0 1 0 0 1 0 0 1 0 0 1 -0.987495 0.0227878 -0.155993 -0.836296 0.541832 -0.0838263 -0.677126 0.715315 0.172701 -0.484417 0.87481 -0.00697395 -0.0825827 0.995547 0.0454474 -0.0464704 0.998889 0.00780661 0.585679 0.810539 -0.00259574 0.542858 0.83436 -0.0956518 0.875132 0.421735 0.237243 1 0 -0.000100583 1 7.56256e-06 2.17462e-06 0.978089 -0.200078 -0.0575325 0.898555 -0.437246 0.037623 0.846315 -0.531745 -0.0315785 0.50272 -0.858602 0.100374 0.581102 -0.81383 -0.000817959 0.102776 -0.994271 -0.0293536 0.147432 -0.989019 0.0102222 -0.16 -0.987094 0.00667754 -0.29177 -0.955841 0.0351811 -0.43961 -0.892404 0.101772 -0.489155 -0.87026 0.0580877 -0.837054 -0.547072 -0.00722557 -0.842142 -0.539251 0.0020997 -0.991852 -0.0189771 -0.125976 -1 1.79535e-06 3.70662e-05 -0.00718705 0.00309535 0.999969 -0.00498201 0.00697727 0.999963 -0.00680935 0.00331349 0.999971 0.0136179 0.00731107 0.999881 0 0 1 -0.0110529 0.00239461 0.999936 0.00323741 0.00657192 0.999973 -0.0118045 -0.0175427 0.999776 0.00622496 0.00398604 0.999973 0.00394274 -0.0090021 0.999952 0 0 1 0 0 1 0 0 1 0 0 1 0 0 1 -0.00420756 0.010904 0.999932 0 0 1 -0.004143 -0.00199655 0.999989 -0.0115418 0.00303169 0.999929 -0.00555887 -0.00854384 0.999948 0 0 1 0.00906701 0.0100119 0.999909 0 0 1 0.0128645 -0.0075102 0.999889 0 0 1 -0.010431 -0.00502385 0.999933 0.00591521 -0.00624881 0.999963 0.874306 -0.236881 -0.423646 0.84195 -0.220369 -0.492502 0.847229 -0.222263 -0.482496 0.782333 -0.19339 -0.592077 0.784906 -0.194127 -0.58842 0.730486 -0.168403 -0.661839 0.685021 -0.152003 -0.71249 0.682597 -0.151402 -0.71494 0.597264 -0.117445 -0.793399 0.597051 -0.117386 -0.793569 0.502467 -0.081894 -0.860709 0.500817 -0.0815061 -0.861707 0.300425 -0.0124428 -0.953724 0.384618 -0.0361319 -0.922368 0.260986 0.00255955 -0.965339 0.194565 0.0252095 -0.980566 0.164876 0.0312229 -0.98582 0.0860591 0.0602294 -0.994468 0.0794107 0.0627437 -0.994865 0.0235631 0.079284 -0.996574 0.479202 0.452056 0.752337 0.524004 0.438678 0.730056 0.476953 0.452666 0.753398 0.534228 0.435494 0.724531 0.572304 0.422328 0.702928 0.625295 0.401842 0.668976 0.590253 0.41587 0.691848 0.676228 0.37937 0.631501 0.642197 0.394834 0.65703 0.690912 0.372456 0.619611 0.72286 0.355852 0.59232 0.766628 0.330706 0.550377 0.749437 0.341233 0.567366 0.806437 0.304651 0.506801 0.811732 0.301005 0.500486 0.84272 0.277241 0.461476 0.876395 0.247951 0.412858 0.857195 0.265388 0.441346 0.905736 0.218272 0.363317 0.897092 0.2277 0.378655 0.924551 0.196394 0.326549 0.930322 0.188874 0.314369 0.952841 0.156321 0.260113 0.952391 0.157065 0.26131 0.96885 0.127527 0.212289 0.984384 0.090588 0.150939 0.971078 0.123052 0.204609 0.987489 0.0813211 0.135103 0.99414 0.0555745 0.0927198 0.999511 0.0160477 0.0268376 0.995864 0.0468932 0.0778174 0.999679 0.013048 0.0217156 -0.999169 0.0216868 0.0345094 -0.996063 0.0450617 0.0763392 -0.982377 0.0957161 0.160541 -0.990887 0.071563 0.114114 -0.975662 0.113305 0.187736 -0.964183 0.137238 0.226974 -0.959223 0.144352 0.243011 -0.933845 0.184692 0.306306 -0.662797 0.391581 0.638252 -0.35982 0.480572 0.799737 -0.273531 0.495427 0.824459 -0.184633 0.503982 0.843749 -0.122656 0.512544 0.849855 -0.0798586 0.512322 0.855072 -0.040856 0.515767 0.855754 -0.964149 0.147303 0.220724 -0.971804 0.128 0.198023 -0.984803 0.0972484 0.143894 -0.940644 0.177775 0.28911 -0.896032 0.233353 0.377722 -0.865571 0.261587 0.427035 -0.87767 0.248478 0.409823 -0.936145 0.188425 0.296863 -0.812515 0.302511 0.498304 -0.758739 0.342256 0.554234 -0.807638 0.304869 0.504754 -0.708325 0.36599 0.603595 -0.813517 0.347985 0.465936 -0.709012 0.397353 0.582591 -0.57579 0.430246 0.695236 -0.642105 0.396601 0.656056 -0.730742 0.373926 0.571135 -0.507228 0.449963 0.735019 -0.434987 0.469365 0.768429 -0.474239 0.454531 0.753989 -0.603948 0.451571 0.656758 -0.335562 0.49112 0.803865 -0.41435 0.524894 0.743505 -0.484582 0.514718 0.70728 -0.291364 0.496448 0.817708 -0.309503 0.487297 0.816547 -0.156491 0.513847 0.843488 -0.318672 0.554482 0.768764 -0.0800031 0.531453 0.843301 -0.134174 0.507381 0.851212 -0.265387 0.551101 0.791111 -0.155936 0.556736 0.815922 -0.125421 0.576527 0.807395 0.00246137 0.549324 0.835606 -0.0427969 0.57357 0.818038 -0.999722 0.0163246 0.0170303 -0.992948 0.0627589 0.100577 -0.992685 0.0636608 0.102583 -0.999441 0.0327839 0.00653485 -0.987469 0.148344 0.0538366 -0.951178 0.232479 0.203013 -0.947338 0.191475 0.256686 -0.965479 0.12844 0.226614 -0.866305 0.285805 0.409672 -0.881867 0.277282 0.381346 -0.727266 0.441609 0.52542 -0.861535 0.416484 0.290341 -0.592171 0.452837 0.666538 -0.643282 0.478258 0.597877 -0.538828 0.553123 0.635389 -0.850102 0.487265 0.199747 -0.0690897 0.561231 0.824771 -0.0943155 0.586507 0.804434 -0.0716893 0.593867 0.801363 -0.266914 0.584877 0.765948 -0.520017 0.548297 0.654945 -0.36568 0.663308 0.652917 -0.676142 0.630031 0.38196 -0.417627 0.57627 0.702496 -0.312978 0.62092 0.718681 -0.571455 0.64602 0.506061 -0.217043 0.611534 0.760867 -0.55183 0.653892 0.517599 -0.374171 0.64076 0.67039 -0.49729 0.654615 0.569369 -0.065888 0.598054 0.798743 -0.218117 0.612415 0.759851 -0.0694109 0.59992 0.797044 -0.315756 0.63418 0.705772 -0.307998 0.635147 0.708326 -0.564562 0.610859 0.555087 -0.495393 0.713625 0.495304 -0.402914 0.669139 0.624431 -0.188459 0.625426 0.757182 -0.367896 0.658692 0.656336 -0.419235 0.698091 0.580441 -0.450508 0.673277 0.586295 -0.305815 0.661362 0.684893 -0.36104 0.659418 0.659407 -0.146765 0.637831 0.756064 -0.0490332 0.60067 0.797992 -0.190287 0.627476 0.755026 -0.32531 0.67907 0.658056 -0.216782 0.642828 0.734695 -0.0465654 0.598741 0.799588 -0.307643 0.625468 0.717039 -0.185577 0.687803 0.701775 -0.212268 0.639196 0.739168 -0.142878 0.628956 0.764199 -0.0789987 0.605021 0.792281 -0.941587 0.322384 0.0973777 -0.85993 0.4189 0.29162 -0.479744 0.602753 0.6376 -0.617532 0.561731 0.550557 -0.75163 0.526995 0.396646 -0.766696 0.576511 0.282512 -0.653456 0.594423 0.468675 -0.462711 0.627564 0.626148 -0.603472 0.625206 0.494914 -0.564093 0.61075 0.555683 -0.465833 0.629351 0.622027 -0.779901 0.456869 0.427814 -0.677438 0.543784 0.495356 -0.60167 0.546035 0.582957 -0.00803169 0.522664 0.852501 -0.328685 0.677007 0.658504 -0.0743588 0.559579 0.825434 -0.0518994 0.567338 0.821848 -0.166195 0.593461 0.787517 -0.0631203 0.570338 0.818981 -0.178238 0.650343 0.738434 -0.0796068 0.595933 0.799078 -0.076619 0.597032 0.79855 -0.213663 0.62953 0.747021 -0.207677 0.631086 0.747396 0.999976 -0.00385295 -0.00579803 0.998674 -0.0269441 -0.0438621 0.999704 -0.0120833 -0.0211052 0.99588 -0.0471585 -0.077458 0.997312 -0.0374692 -0.0629605 0.986722 -0.0836075 -0.139244 0.991305 -0.067785 -0.112781 0.992579 -0.0621954 -0.104493 0.98018 -0.102355 -0.169621 0.985507 -0.0869738 -0.145641 0.973122 -0.118769 -0.197303 0.976007 -0.111801 -0.186843 0.95279 -0.156495 -0.260193 0.963815 -0.137161 -0.228579 0.964284 -0.136177 -0.227184 0.939948 -0.176043 -0.292415 0.950169 -0.160231 -0.267403 0.925492 -0.195365 -0.324495 0.933928 -0.183695 -0.306651 0.909704 -0.214065 -0.35583 0.915235 -0.207139 -0.345598 0.892566 -0.232236 -0.386513 0.894594 -0.229912 -0.383199 -1 0 0 -1 0 0 0 1 0 0 1 0 0.707107 0.707106 0 0.707106 0.707108 8.33425e-07 0.707107 0.707107 0 -0.707107 0.707107 0 -0.707107 0.707107 0 -0.707107 0.707107 0 0 1 0 0 1 0 0.707107 0.707107 0 0.707107 0.707107 0 1 0.000747235 -8.07822e-05 3.39651e-06 0 1 0 -7.45058e-05 1 0 0 -1 0 0 -1 0.984822 0.0182373 0.172605 0.999996 -0.00296048 0.000320052 0.971828 -0.0193796 0.234895 0.890756 0.0188735 0.45409 0.862705 -0.0268878 0.504992 0.632098 0.0380138 0.773956 0.577177 -0.0127931 0.816519 0.322558 0.171612 0.930863 0.0624291 0.0124967 -0.997971 0.265648 -0.00336437 -0.964064 0.793657 0.0372157 -0.607226 0.794635 0.0394715 -0.605803 0.966595 0.00220749 -0.256298 0.973307 0.0221429 -0.228435 0.999982 -0.00590302 -0.000794987 -0.880692 0.47369 0 -0.880669 0.473733 4.92466e-05 -0.857275 0.514859 9.63088e-05 -0.857346 0.51474 -4.46085e-05 -0.83196 0.554835 0.000145737 -0.832091 0.554639 -9.16367e-05 -0.804754 0.593553 -0.00811601 -0.801455 0.598055 -0.000171065 -0.775755 0.630934 0.0112508 -0.745088 0.666966 0.000287883 -0.75233 0.6587 -0.0107227 -0.712699 0.70147 0.000333399 -0.713123 0.701039 -0.000271649 -0.678725 0.734392 0.000382384 -0.679241 0.733916 -0.000318274 -0.643228 0.765675 0.0004152 -0.643824 0.765173 -0.000360896 -0.606276 0.795254 0.000465573 -0.606984 0.794714 -0.000419785 -0.567991 0.823034 0.000511415 -0.568797 0.822478 -0.000460201 -0.528415 0.848986 0.000542083 -0.529313 0.848426 -0.000505324 -0.487655 0.873037 0.000606409 -0.488688 0.872458 -0.000563838 -0.44582 0.895121 -0.00169987 -0.444957 0.895552 -0.00064687 -0.401039 0.916061 0 -0.399128 0.916893 0.00230498 -0.706865 0.0185099 0.707107 -0.706864 0.0185099 0.707107 0.00027214 0.765983 0.642861 -0.000148254 0.766042 0.642791 4.08284e-06 0.766045 0.642787 0 0.766041 0.642791 0 -0.766039 0.642794 6.14784e-06 -0.766046 0.642786 0.766025 -0.0002006 0.64281 0.765833 7.42968e-05 0.64304 0.765905 3.97137e-05 0.642953 0.765429 -0.000143645 0.64352 0.765372 -0.000177587 0.643588 0.765991 1.27691e-05 0.642852 -0.00163424 0.00024056 0.999999 -0.000359081 0.0012367 0.999999 5.61548e-05 0.00221487 0.999998 -0.00141996 6.07392e-05 0.999999 -0.00475126 -0.00617459 0.99997 -0.000370139 0.000615729 1 0.00287247 0.00132505 0.999995 0 0 1 0 0 1 0 0 1 0 0 1 0 0 1 0 0 1 0 0 1 0 0 1 -0.00838165 0.00642316 0.999944 0 0 1 0 0 1 0 0 1 0 0 1 0.0151129 -0.00460967 0.999875 0 0 1 0 0 1 0 0 1 0 0 1 -0.00307306 0.00298558 0.999991 0 0 1 0.00943927 -0.00273487 0.999952 0 0 1 0.000675477 -0.00468415 0.999989 0.0002468 -0.00267872 0.999996 -0.00274493 0.000601671 0.999996 -0.00042318 -0.000169807 1 0.001636 -0.000273254 0.999999 0 0 1 0.000783978 -8.26119e-05 1 0 0 1 0 0 1 0 0 1 0 0 1 0 0 1 0 0 1 0 0 1 0 0 1 0 0 1 0 0 1 0 0 1 0 0 1 0 0 1 0 0 1 0 0 1 0 0 1 0 0 1 0 0 1 0 0 1 0 0 1 0.00645533 0.00203266 0.999977 0.000722063 -0.000809055 0.999999 -0.0113875 -0.00937816 0.999891 0 0 1 0 0 1 0 0 1 0 0 1 -0.993523 -0.00604517 -0.113474 -0.978878 0.016773 -0.203755 -0.957924 -0.0378932 0.284511 -0.988431 0.00996222 0.151342 -0.862763 0.00298788 0.5056 -0.725851 -0.0353517 0.686943 -0.599632 0.0271313 0.799816 -0.411827 -0.00799544 0.911227 -0.339374 0.00235871 0.940649 -0.137137 -0.00310791 0.990547 -0.148819 -0.00121644 0.988864 0.0275635 0.00630063 0.9996 0.00184856 0 0.999998 0.280551 -0.000312692 0.959839 0.279428 0 0.960167 0.492291 0.00343475 0.870424 0.605192 -0.0339974 0.795353 0.734084 -0.00107333 0.679058 0.838234 -0.0233379 0.544811 0.885007 0.000356304 0.465578 -0.965211 0.00356408 -0.261448 -0.980579 0.00349507 -0.196096 -0.973293 -0.01078 -0.229312 -0.991444 0 -0.130534 -0.989116 -0.00697186 -0.146975 -0.996665 -0.0104563 -0.0809325 -0.997926 0 -0.064371 -0.999867 0.00319221 -0.015988 -0.999992 -0.00296912 -0.00284872 0.99299 -0.00196087 -0.11818 0.995291 0 -0.0969331 0.93077 -0.0183888 -0.365143 0.971105 0.00285394 -0.238634 0.842343 0.0265723 -0.538286 0.718804 -0.0202015 -0.69492 0.569246 0.0226183 -0.821856 0.406469 -0.022889 -0.913378 0.244324 0.00393633 -0.969686 -0.0505673 -0.0220968 -0.998476 -0.0872438 -0.00719707 -0.996161 -0.434556 -0.0237793 -0.900331 -0.368422 -0.000209073 -0.929659 -0.644909 0.0056467 -0.764239 -0.80585 -0.0166509 -0.591886 -0.817521 -0.00913338 -0.575827 -0.987681 -0.0412995 -0.150935 -0.966737 0.000168171 -0.255771 0.95963 -0.000943312 0.281263 0.959164 0 0.282849 0.977149 -0.00872386 0.212376 0.973521 0 0.228598 0.983704 -3.50882e-06 0.179794 0.989137 0 0.146999 0.991359 -0.0130855 0.130521 0.997888 -0.00872189 0.0643656 0.996719 0 0.0809427 0.99996 -0.00872622 -0.0020865 0.999514 3.97177e-07 0.0311646 0.999825 0 -0.0187141 0 -1 0 0 -1 0 0 -1 0 0 -1 0 0 -1 0 0 -1 0 0 -1 0 0 -1 0 0 -1 0 0 -1 0 0 -1 0 0 -1 0 0 -1 0 0 -1 0 0 -1 0 0 -1 0 0 -1 0 0 -1 0 -0.00105631 -0.999999 0.00118716 0 -1 0 0 -1 0 0.00111107 -0.999999 -0.00118919 -0.000742579 -1 -0.000148501 0 -1 0 0 -1 0 0 -1 0 0 -1 0 1.88982e-05 -1 2.31974e-05 0 -1 0 0 -1 0 0 -1 0 0 -1 0 0 -1 0 1.27212e-05 -1 1.89055e-06 -1.75212e-05 -1 -2.70258e-05 0 -1 0 0 -1 0 0 -1 0 0 -1 0 0 -1 0 0 -1 0 0 -1 0 0 -1 0 0 -1 0 0 -1 0 0 -1 0 0 -1 0 0 -1 0 0 -1 0 0 -1 0 0 -1 0 0 -1 0 0 -1 0 0 -1 0 0 -1 0 0 -1 0 0 -1 0 0 -1 0 0 -1 0 0 -0.000154363 1 0 0 -1 0 0 -1 0 0 -1 0.00772411 -0.999523 0.029906 -1 0 0 -1 0 0 -1 0 0 -1 0 0 -1 0 0 -1 0 0 -1 0 0 -1 0 0 -1 0 0 -1 0 0 -1 0 0 -1 0 0 -1 0 0 -1 0 0 -1 0 0 -1 0 0 -1 0 0 -1 0 0 -1 0 0 -1 0 0 -1 0 0 -1 0 0 -1 0 0 -1 0 0 -1 0 0 -1 0 0 -1 0 0 -1 0 0 -1 0 0 -1 0 0 -0.152643 -0.984159 -0.0901714 -1 0 0 -1 0 0 -1 0 0 -1 0 0 0.827513 -0.142013 -0.54319 0.412994 0.609336 -0.676864 0.607892 0.0336594 -0.793306 0 -1 0 0 -1 0 0 -1 0 0 -1 0 0 -1 0 0 -1 0 0 -1 0 0 -1 0 0 -1 0 0 -1 0 0 -1 0 0 -1 0 0 -1 0 0 -1 0 0 -1 0 0 -1 0 0 -1 0 0 -1 0 0 -1 0 0 -1 0 0 -1 0 0 -1 0 0 -1 0 0 -1 0 0 -1 0 0 -1 0 0 -1 0 0 -1 0 0 -1 0 0 -1 0 0 -1 0 0 -1 0 0 -1 0 0 -1 0 0 -1 0 0 -1 0 0 -1 0 0 -1 0 0 -1 0 -0.910968 -0.0215252 0.411914 0 -1 0 0 -1 0 0 -1 0 0 -1 0 0 -1 0 0 -1 0 0 -1 0 0 -1 0 0 -1 0 0 -1 0 0 -1 0 0 -1 0 0 -1 0 0 -1 0 0 -1 0 0 -1 0 0 -1 0 0 -1 0 0 -1 0 0 -1 0 0 -1 0 0 -1 0 0 -1 0 0 -1 0 0 -1 0 0 -1 0 0 -1 0 0 -1 0 0 -1 0 0 -1 0 0 -1 0 0 -1 0 0 -1 0 0 -1 0 0 -1 0 0 -1 0 0 -1 0 0 -1 0 0 -1 0 0.596371 -0.000825296 -0.802709 0 -1 0 0 -1 0 0 -1 0 0 -1 0 0.672095 -0.00168767 -0.740463 0 -1 0 0 -1 0 0 -1 0 0 -1 0 0.857869 -0.00167012 -0.513867 0 -1 0 0 -1 0 0 -1 0 0 -1 0 0 -1 0 0 -1 0 0 -1 0 0 -1 0 0 -1 0 0 -1 0 0 -1 0 0 -1 0 0 -1 0 0 -1 0 0 -1 0 0 -1 0 0 -1 0 0 -1 0 0 -1 0 0 -1 0 0 -1 0 0 -1 0 -5.0584e-06 -1 -3.58057e-06 1.34297e-06 -1 -8.60458e-07 1.12029e-06 -1 -9.67506e-07 9.44406e-07 -1 -1.05885e-06 0 -1 0 7.89018e-06 -1 2.99654e-06 0 -1 0 0 -1 0 0 -1 0 0 -1 0 0 -1 0 0 -1 0 0 -1 0 0 -1 0 0 -1 0 0 -1 0 -0.707107 0 0.707107 -0.707107 0 0.707107 0 0 1 0 0 1 -1 0 0 -1 0 0 0 0.857163 -0.515045 9.22135e-06 0.857163 -0.515046 0 0.0146935 -0.999892 0.0799295 0.0730438 -0.994121 -0.0536588 0.402581 -0.91381 0 0.0119296 -0.999929 -0.102355 0.0906038 -0.990613 0.0648258 0.470656 -0.879932 0.00123101 6.48208e-05 -0.999999 0.0445035 0.000120476 -0.999009 0.0238211 -0.000102559 -0.999716 0.0939165 0.00011567 -0.99558 0.0719786 -0.000104633 -0.997406 0.14402 0.000115545 -0.989575 0.119413 -0.000113781 -0.992845 0.193605 0.000113828 -0.98108 0.167257 -0.000113057 -0.985913 0.24204 0.000111908 -0.970266 0.214275 -0.000107625 -0.976773 0.290567 0.000112611 -0.956855 0.26057 -0.000103601 -0.965455 0.337513 0.000103309 -0.941321 0.307035 -9.49726e-05 -0.951698 0.384611 9.96565e-05 -0.923079 0.351752 -9.07872e-05 -0.936093 0.429927 9.13976e-05 -0.902864 0.396628 -7.74721e-05 -0.91798 0.474604 8.14258e-05 -0.8802 0.439964 -6.84119e-05 -0.898015 0.518057 6.87203e-05 -0.855346 0.482653 -5.70876e-05 -0.875812 0.560124 5.07929e-05 -0.828409 0.524311 -4.76526e-05 -0.851527 0.600625 3.36046e-05 -0.799531 0.564392 -3.5105e-05 -0.825507 0.64006 1.4433e-05 -0.768325 0.603173 -2.19602e-05 -0.79761 0.64067 0 -0.767816 -0.0810726 0.086426 -0.992954 -0.0589777 0.0869813 -0.994463 -0.193377 0.0852542 -0.977414 -0.15803 0.0863685 -0.98365 -0.356785 0.0822606 -0.930558 -0.968255 0.0212088 -0.249063 -0.996143 0.00859466 -0.0873273 -0.99329 0.0100794 -0.115211 0.999701 -4.64043e-05 0.024463 0.997855 3.05944e-05 0.0654627 -0.0891921 -0.000742084 0.996014 0.053397 0.000166807 0.998573 -0.154703 -3.8087e-05 0.987961 -0.290221 -0.00014432 0.95696 -0.282849 -5.96746e-05 0.959164 -0.452963 3.75235e-06 0.891529 -0.440616 0.000135334 0.897696 -0.567744 0.000121956 0.823205 -0.575423 0.000232364 0.817856 -0.661351 -0.000170841 0.750076 0.254914 1.90013e-05 0.966964 0.21625 -0.000392193 0.976338 0.430617 0.000516382 0.902535 0.382132 -6.9741e-06 0.924108 0.526013 -0.000139363 0.850476 0.611419 0.000642182 0.791306 0.868114 -0.000314306 -0.496365 9.56245e-06 0.866024 -0.500002 0 0.86603 -0.499993 -0.865999 0.000204451 -0.500046 -0.866023 0 -0.500004 0 -0.86598 -0.500078 3.46992e-05 -0.866001 -0.500042 9.72746e-05 -7.04578e-05 -1 -0.000161327 8.34162e-07 -1 -3.86698e-05 7.00694e-05 -1 0 0 -1 0.810406 -0.417288 -0.411234 0.112512 -0.872369 -0.475724 0.464706 -0.791609 -0.396741 0.872016 -0.0162636 -0.489208 -0.683653 -0.545611 -0.484693 -0.288775 0.00717857 -0.95737 -0.727821 -0.455716 -0.512445 -0.863689 -0.0733745 -0.498656 -0.538476 0.705386 -0.460949 -0.786798 0.360742 -0.500814 -0.848844 0.181354 -0.496563 -0.864452 0.072207 -0.497503 -0.694697 0.503183 -0.514007 0.84996 0.339386 -0.40297 0.35593 0.83116 -0.427186 0.206071 0.737964 0.642607 0.393412 0.655231 0.644902 0.0427917 0.765342 0.6422 0.455832 0.610128 0.648043 0.106478 0.7636 0.63685 0.299984 0.713018 0.633731 -0.393412 -0.655231 -0.644902 0.527787 0.566219 0.633117 0.710162 0.295002 0.639253 0.699597 0.35888 0.617874 0.774973 0.0299636 0.631284 0.764681 -0.0934416 0.637598 0.758091 -0.111591 0.64253 0.694845 -0.283998 0.660709 0.651782 -0.399408 0.644712 0.11577 -0.750017 0.651209 0.152251 -0.748538 0.645376 0.559781 -0.498273 0.662094 0.116074 -0.750054 0.651111 0.393592 -0.662467 0.637357 0.042071 -0.765041 0.642606 0.397259 -0.660843 0.636767 0.268135 -0.720716 0.639275 0.195759 -0.786774 0.585376 0.238412 -0.736028 0.633579 0.107072 -0.769809 0.629229 1 -1.92987e-06 -4.20099e-06 0 0 -1 0.000868084 0.000419955 -1 0 0 -1 0 0 -1 1 0 0 1 0 0 -0.919211 2.34196e-05 0.393766 -0.900622 -0.000103652 0.434603 -0.919159 0.000137078 0.393886 -0.880242 -0.000240043 0.474526 -0.900449 0.000240136 0.434962 -0.858098 -0.000363677 0.513486 -0.879913 0.000352955 0.475134 -0.86006 0 0.510193 -0.859435 -0.00259186 0.511238 -0.84138 0.00168549 0.540442 -0.834129 0.0106441 0.551467 -0.808611 -0.00465674 0.588325 -0.82441 -0.0103975 0.565898 -0.821317 0.00136095 0.570471 -0.781354 -0.00377482 0.624076 -0.79986 0.00310548 0.600179 -0.775903 0.00195599 0.630849 -0.999286 0 -0.0377723 -0.984835 0.00115644 -0.173491 -0.971993 -0.000444695 -0.235008 -0.952317 0.000881593 -0.305109 -0.95242 0.000761893 -0.304787 -0.93473 -0.000641792 -0.355357 -0.875322 0.000694174 -0.48354 -0.873819 0.00052827 -0.48625 -0.795592 -0.00034494 -0.605833 -0.788078 0.000212478 -0.615575 -0.707331 -0.00018078 -0.706883 -0.703377 0 -0.710817 -7.53601e-05 -0.0451845 0.998979 -0.0186403 -0.950066 0.31149 0.0448487 -0.998233 0.0389689 0.148343 -0.688939 -0.709477 0.161056 -0.588454 -0.792328 -0.0172011 -0.268013 -0.963262 0 -0.0619278 -0.998081 0.944327 -0.22092 0.243807 0.0901981 -0.0683557 -0.993575 0.0863105 0.668963 -0.738268 -0.0431631 -0.998745 -0.0254127 0.214591 -0.966893 -0.138087 0.266862 -0.0611571 0.961792 0.988465 -0.151354 0.00534301 0.944795 -0.327662 -0.000433399 0.909646 -0.415318 0.00745681 0.788081 -0.615515 0.00840174 0.0674856 -0.997177 -0.03293 0.0261747 -0.99965 -0.0038158 0.98819 -0.151312 0.0241813 0.736574 -0.00637746 0.676327 0.846118 -0.00586116 0.532963 0.906917 -0.00702669 0.42125 0.941854 -0.0086116 0.335911 0.962236 -0.0072405 0.272122 0.98575 -0.00631748 0.1681 0.907793 -0.255771 0.332405 0.241718 -0.00359903 0.97034 0.492595 -0.7827 0.380435 0.612528 -0.743634 0.267989 0.60006 -0.798955 0.0399889 0.853892 -0.00352713 0.520439 0.704853 -0.385661 0.595354 0.634783 -0.559319 0.533115 0.468166 -0.830875 0.300777 0.438904 -0.831995 -0.339335 0.16962 -0.975693 0.138751 0.0345227 -0.999404 0.00057311 0.532945 0.0019609 -0.846147 0.535683 0.00163624 -0.844417 0.658094 0 -0.752936 0.602957 0 -0.797774 0.715015 0.000918972 -0.699108 0.768091 0.000534294 -0.640341 0.735823 -0.00110293 -0.677173 0.808446 0.00109028 -0.588569 0.778448 -0.000558087 -0.627709 0.848198 0 -0.52968 0.81794 0 -0.575304 0.898192 0.00202182 -0.439599 0.900763 0.00133395 -0.434309 0.92714 0.000244311 -0.374716 0.937058 0.00253484 -0.349165 0.954621 -0.00109335 -0.29782 0.968068 0.000545467 -0.250686 0.971925 -0.000515435 -0.235289 0.982324 0.00112984 -0.187183 0.985347 0 -0.170564 0.994358 0 -0.10608 0.994358 0 -0.10608 0.999168 0 -0.0407911 0.999168 0 -0.0407911 0.920875 0.162743 0.354264 0.999799 0.00132089 -0.0200202 0.981039 0.193806 0.00167412 0.919199 0.393025 -0.024594 0.907994 0.41864 -0.0169434 0.775516 0.631327 -0.00103316 0.634033 0.772612 -0.0327568 0.525177 0.850915 0.0115754 -0.415218 0.906252 0.0793794 0.186817 0.982334 0.0109149 0.231451 -0.972004 0.0404904 0.545941 -0.837824 -0.000143064 0.525122 -0.850986 -0.00835955 0.748674 -0.662938 -0.000737394 -0.85508 0.517461 0.0327554 0.852887 -0.521166 -0.0311424 0.895761 -0.444504 0.00526098 0.974085 -0.223644 0.0337983 0.999997 -0.000891038 0.00210767 0.512349 0 -0.858777 0.559827 0.000600515 -0.82861 0.525921 -0.00221542 -0.850531 0.678739 0.00109038 -0.734379 0.625585 -0.00379916 -0.780147 0.735259 0.00336274 -0.677778 0.690256 -0.00111311 -0.723564 0.746063 0 -0.665875 0.787088 0 -0.616841 0.824924 0 -0.565244 0.787088 0 -0.616841 0.882992 0 -0.469388 0.851177 0 -0.524879 0.882992 0 -0.469388 0.911266 0 -0.411817 0.911266 0 -0.411817 0.94126 0 -0.337683 0.93585 0.0032769 -0.352383 0.956449 -0.00117928 -0.291896 0.980038 0.00444398 -0.198763 0.99572 0.00497409 -0.0922874 0.997395 0.000947626 -0.0721341 0.999709 -0.00192203 -0.0240583 -0.7071 1.47683e-05 0.707114 0.707107 0 -0.707107 0.707107 -9.78164e-07 -0.707107 0 -1 0 0.00276958 -0.999996 0.000683732 0 -1 0 -0.000678571 -0.999969 -0.00783482 0 -1 0 -0.000250938 -1 -6.19495e-05 0.00397438 -0.999988 -0.00297565 0.00545684 -0.999985 -0.000639205 7.81193e-05 -1 -5.18332e-05 0.00148435 -0.999998 -0.00133993 0.00110814 -0.999999 -0.000876147 0.00492828 -0.999982 0.00348956 -0.0107265 -0.999824 0.0153761 -8.18882e-05 -0.999995 -0.00315864 0.00253999 -0.999958 -0.00882756 -0.00403052 -0.99998 -0.0049033 -0.00184024 -0.999996 0.002032 -0.0011041 -0.999999 0.00111599 0 -1 0 0 -1 0 0 -1 0 0 -1 0 0.00106245 -0.999921 0.0124959 -0.00566488 -0.999984 -0.000565337 0 -1 0 0 -1 0 0 -1 0 7.56834e-05 -1 5.00803e-05 0 -1 0 0 -1 0 0 -1 0 -1.8841e-05 -1 1.19729e-05 0.0259121 -0.0182639 0.999497 0.377807 0.100692 0.920393 0.633707 -0.0638788 0.770931 0.940846 0.0281356 0.337664 0.98977 -0.102954 0.098776 0.952008 0.0877663 -0.293221 0.756566 0.0214021 -0.653568 0.500239 0 -0.865888 0.511714 -0.0054639 -0.859139 0.0949607 0.0118934 -0.99541 0.107302 0 -0.994226 -0.684662 0.0888327 0.723427 -0.0499643 0.0937632 0.99434 -0.149729 -0.0748315 -0.985891 -0.0607929 0 -0.99815 -0.635114 0.048931 -0.770867 -0.812736 -0.0910595 -0.575473 -0.993973 0.0474143 -0.0988366 -0.991314 -0.0617513 0.116121 -0.906978 0.0147144 0.420922 -0.742638 0.373273 0.556019 -0.708553 -0.024496 0.705232 -0.993649 -0.110391 -0.0218092 -0.428945 -0.88128 0.198373 0.264348 -0.0316882 0.963907 0.192377 0.173258 0.965905 0.00737398 0.291244 0.95662 -0.752249 -0.0553984 0.656546 -0.179302 -0.970266 0.162587 -0.478229 -0.856754 0.193054 0.749788 0.661556 -0.0126919 -0.939247 -0.343056 -0.0113123 -0.999907 -0.0122764 0.00588835 0.112335 -0.330526 0.937088 0.413503 0.313578 0.854801 -0.626256 0.750693 0.210389 -0.654717 0.726981 0.20699 -0.395079 0.901257 0.177901 -0.756386 -0.041049 0.652836 0.133659 0.990993 -0.00819878 -0.423899 0.905693 0.00554134 -0.0204511 -0.270982 0.962367 0.168459 -0.155613 0.973348 0.465578 0.872821 0.146355 0.858724 0.468414 0.207802 0.949509 0.25288 0.1857 0.370711 0.630466 0.681972 -0.25313 0.0926671 0.962984 -0.247166 -0.150049 0.957285 0.99583 0.0884938 0.0221857 0.875291 -0.483515 -0.00884762 0.249366 -0.947344 0.200887 -0.248179 -0.95717 0.149109 0.452629 -0.649602 0.610856 0.213761 0.151959 0.964995 0.0686587 0.25547 0.964376 -0.115305 0.236206 0.964838 -0.230846 0.0472712 0.971841 -0.205603 -0.114569 0.971906 0.726561 -0.673989 0.133597 0.987374 0.158012 0.0111369 0.579184 -0.814778 0.0261354 -0.127355 -0.99181 -0.00969681 -0.98881 0.135556 0.0622801 -0.76355 0.645643 -0.0117053 0.959776 -0.162601 0.228889 0.721951 -0.656213 0.219479 -0.385458 0.899263 0.206757 0.746553 0.658077 0.0979436 -0.883528 -0.426788 0.192949 -0.806292 -0.561681 0.185491 -0.892382 -0.418019 0.170043 0.283185 0.958983 0.0125333 0.975353 0.220547 0.0067634 0.877987 -0.478672 -0.00330839 0.81975 -0.572344 -0.0207769 -0.902734 -0.429355 0.0269334 -0.306531 0.951821 -0.00868328 0.814897 0.0350254 0.578547 0.619221 -0.337595 0.708939 0.443661 0.873077 0.202243 0.928043 0.310487 0.205752 -0.988326 0.0716389 0.134457 -0.887565 0.426629 0.173829 -0.92859 0.322785 0.183116 -0.529123 -0.309969 0.789904 0.970129 0.241688 -0.0208935 0.957824 0.287222 -0.00874046 0.927144 -0.374602 0.00881428 0.775611 -0.630417 -0.0316445 0.535312 -0.844606 0.00898702 0.0987471 -0.994967 -0.0170471 -0.0279553 -0.999587 0.00672189 -0.585136 -0.810896 -0.00800968 -0.999166 -0.0404949 -0.00520079 -0.888275 0.459221 0.00910797 -0.871784 0.489872 0.00422852 -0.606961 0.794731 0.000684897 -0.654978 -0.361447 0.663597 0.770247 0.0810095 0.63258 0.765685 0.229605 0.600839 0.727859 0.305651 0.613839 -0.78583 0.0218505 0.618057 -0.795908 -0.0118265 0.605302 -0.293011 -0.939894 0.17534 -0.946858 0.272815 0.170387 0.311365 0.950128 -0.0175681 0.609956 0.792005 0.026113 0.820758 0.571275 -0.000997482 0.906746 0.420654 -0.0293473 0.994412 0.105555 0.00149949 0.87652 -0.480289 -0.0321934 0.797337 -0.603489 0.00738398 -0.8895 -0.456792 -0.0114224 -0.793437 -0.608397 0.0176572 -0.989939 0.141092 0.0106398 0.697828 -0.110716 0.707657 0.650494 -0.316275 0.690527 -0.0326029 0.830537 0.556009 -0.883757 0.449555 0.129902 -0.506395 0.838665 0.200511 -0.480618 0.854233 0.198223 -0.683949 -0.259173 0.681941 -0.158503 -0.670485 0.724795 0.00713551 0.00455462 0.999964 0.623447 -0.0067758 0.781836 0.522607 -0.0269372 0.852148 0.883903 0.00294739 0.467661 0.215954 0.00272589 -0.9764 0.0265973 -0.00677621 -0.999623 -0.111905 -0.00084825 -0.993719 -0.428971 0.00105374 0.903318 -0.385684 -0.0026427 0.922627 0.0413578 0.000230675 0.999144 0.633728 -0.673608 -0.380316 0.105143 -0.677559 -0.727914 0.948486 -0.106627 -0.298337 0.958868 -0.103862 -0.264168 0.885616 -0.0929936 -0.455013 0.720832 -0.401878 0.564709 0.00523066 -0.680186 0.733021 -0.0986383 -0.711923 0.695296 -0.283853 -0.677013 0.67903 0.173319 -0.634592 0.753162 -0.404421 -0.912901 -0.0552713 0.131064 -0.815634 -0.563527 -0.987674 0.0154961 -0.155758 -0.786401 -0.000193022 0.617716 -0.408437 -0.00750025 0.912756 -0.321038 0.00193905 0.947065 0.259156 -0.952468 -0.160136 0.242827 -0.962359 0.122067 -0.527587 -0.635407 0.563834 -0.0305387 -0.69329 0.720011 -0.509837 -0.765903 0.391739 -0.53161 -0.833854 0.148591 0.00348826 -0.960784 -0.277276 -0.344788 -0.851578 -0.394888 0.38365 -0.919615 -0.0843877 0.338403 -0.918229 -0.205765 0.183683 -0.969948 0.159566 -0.014142 -0.962775 0.269935 -0.201982 -0.967057 0.15493 -0.2476 -0.968088 -0.0387359 0.0393285 -0.82339 -0.566111 1 0 0 -0.315577 0.826984 -0.465304 1 0 0 1 0 0 1 0 0 1 0 0 1 0 0 1 0 0 0 0.0015733 0.999999 0.000702201 1 -4.16772e-05 0.000230493 1 4.96829e-05 0.00501445 0.00348167 -0.999981 0 0 -1 -0.251623 0.117389 0.96068 1 0 0 -0.3264 0.455092 -0.828465 0.00642104 -0.999966 -0.0051548 -0.995264 -0.026993 -0.0933878 -0.786069 0.0123341 0.618016 -0.636287 -0.0249616 0.771048 0.61258 -0.205898 -0.76312 0.9423 -0.193483 0.273194 0.924854 -0.196388 0.325696 -0.684301 -0.611807 0.396766 -0.510315 -0.209716 -0.834025 -0.519049 -0.210335 -0.828461 0.477307 -0.00188567 0.878735 0.690273 -0.0340733 0.722747 0.971873 0.0188404 -0.23475 0.66842 -0.0138296 -0.743656 0.131152 -0.00391314 -0.991355 -0.382025 0.00183774 -0.92415 -0.990898 -0.00726773 0.134422 -0.774337 0.00830822 0.632719 -0.742849 0.000677818 0.669459 -0.410929 0.000731814 0.911667 -0.368761 0.00596783 0.929505 0.0487466 -0.00715986 0.998785 -0.544146 -0.618493 -0.566897 0.740946 -0.58252 0.334169 0.534495 -0.208232 0.819118 0.962565 -0.204847 -0.177499 -0.468418 -0.68219 0.561427 -0.772471 -0.562089 0.295543 -0.701443 -0.139066 -0.699026 -0.891981 -0.168727 -0.419406 -0.98443 -0.139293 -0.107213 -0.987554 0.13179 -0.085842 0 1 0 0 1 0 0 -1 0 0 -1 0 0 1 0 0 1 0 0 1 0 0 1 0 0 1 0 0 1 0 0 1 0 0 1 0 0 1 0 0.0016751 0.999999 0.000107462 -9.85654e-06 1 0.000148266 -0.00133786 0.999999 6.34322e-05 0 1 0 0 1 0 0 1 0 0 1 0 0.00485784 0.999988 -7.42648e-05 0.000109757 1 -5.20393e-06 -2.03905e-05 1 0.000144247 0.000100614 1 -4.11965e-05 0.000117656 1 8.10162e-06 -0.00476622 0.999988 0.00148311 5.73607e-05 1 1.5927e-05 -7.58375e-05 1 -0.000834087 0 1 0 0 1 0 0.00742022 0.99997 -0.00230896 -0.000472282 1 0.000593079 -0.000805321 1 3.64914e-05 0.00340132 0.999991 -0.00248371 0 1 0 0 1 0 4.09139e-05 1 -4.92336e-05 0 1 0 0.00100384 1 -7.00778e-05 0.000977565 1 -7.21226e-05 0.00117497 0.999998 0.00148896 -0.00194399 0.999998 -2.13976e-06 -0.000118325 1 8.64028e-05 0.00316206 0.999981 0.00537385 0.0057462 0.999975 0.00401764 -0.000916012 0.999999 -0.000640459 -9.7255e-05 0.999995 -0.00313706 -0.000758252 1 -1.03377e-05 -0.00401533 0.99999 0.0021713 -0.000550816 1 -0.000484182 -0.755343 -0.0102491 0.65525 -0.998285 0.0256929 0.0525999 -0.138124 0.12443 0.982567 0.717949 0.14112 0.681641 0.971775 0.122574 -0.201564 0.255724 0.131649 -0.957744 -0.736274 0.126448 -0.664765 -0.738777 0.126646 -0.661943 0.461644 0.0797763 0.883471 0.66589 0.128351 0.734927 0.991128 0.11405 0.0682479 0.753347 0.119278 -0.646716 0.212389 0.122296 -0.969502 -0.59912 0.144429 -0.787525 -0.97997 0.155658 -0.124212 -0.748092 0.158114 0.644483 -0.0944379 0.146911 0.984631 -0.925404 0.00758456 0.378906 0.532228 0.124329 0.837422 0.993633 0.11003 0.0242239 0.444043 0.117652 -0.888248 -0.278344 0.138825 -0.950396 -0.39063 0.150254 -0.908203 0.253115 0.14263 0.956864 0.741236 -0.00529055 -0.671223 0.446863 0.0332796 0.893983 -0.162534 -0.00633059 0.986683 0 1 0 0.885519 0.13167 0.445555 0.955445 0.121893 0.268826 0.798123 0.0907544 0.59562 -0.634384 0.146351 -0.759038 -0.732843 0.139496 -0.665945 -0.921498 0.144228 0.360609 -0.993574 0.106551 -0.0381884 -0.546312 -0.0206276 0.837328 -0.733822 0.0453147 0.677829 -0.991878 0.0158081 0.126205 -0.900024 0 -0.435841 -0.948406 -0.0483349 -0.313354 0.907008 0.0196173 0.420656 0.601343 -0.0136787 0.798874 0.21862 0.0221789 0.975558 -0.408905 0.00684424 0.912551 -0.862901 0.0132166 0.505201 0.00679106 0.0124802 -0.999899 -0.651179 0.144378 0.745064 0.919969 0.18349 -0.346393 0.828178 0.167874 -0.534732 0.851044 0.16394 -0.498847 -0.942362 0.18345 0.279821 -0.854349 0.146423 -0.498646 0.664143 0.131732 0.735909 -0.000291193 0.0158736 -0.999874 0.638661 -0.00741654 -0.769453 0.997529 0.00815908 -0.0697812 0.822358 -0.0013409 0.568969 0.789358 0.00462238 0.613916 0.335051 -0.00593287 0.942181 -0.847101 0.000317134 0.531433 -0.531507 0.0242113 0.846708 -0.99923 0.0283033 0.0271605 -0.659004 0.149373 0.737158 0.821408 0.562355 0.0951091 0.580108 0.181006 -0.794173 0.899485 0.102614 0.424733 -0.75828 0.158285 -0.632422 -0.617175 0.174567 -0.767216 -0.683964 0.180068 -0.706943 0.354908 0.159996 0.921109 0.999804 -0.0096631 -0.0172994 0.98139 0.00447286 -0.191972 0.954544 0.000270546 -0.298071 0.958757 -0.000229689 -0.284227 0.932976 -0.000751821 -0.359938 0.92202 -0.00218965 -0.387135 0.894657 0.000344388 -0.446754 0.841996 0.0022182 -0.539479 0.866566 -0.00157771 -0.49906 0.78779 -0.000835895 -0.615944 0.756828 0.000832509 -0.653614 0.665626 0.00136658 -0.746285 0.700515 -0.00185884 -0.713635 0.535024 0.00325493 -0.844831 0.583062 -0.00209616 -0.812425 0.458885 -0.000369913 -0.888496 0.390162 0.00219741 -0.920743 0.37421 0.00104984 -0.927344 0.256096 0.00120802 -0.966651 0.298304 -0.000273529 -0.954471 0.234764 0.000293903 -0.972052 0.160445 0.00126684 -0.987044 0.170004 0.00086041 -0.985443 0.0570707 0.00112178 -0.99837 0.103679 -0.000642577 -0.994611 0.998656 0.0500151 0.0136153 0.72145 0.278088 0.634175 0.0309865 0.00596132 0.999502 0.0798157 -0.193852 0.977778 -0.999972 -0.000192469 0.00747979 -0.999956 -0.00374996 0.00860187 -0.949886 0.0144183 0.312265 -0.89265 0 0.45075 -0.951788 0.0127861 0.306491 -0.998848 -0.000842117 -0.0479769 -0.462089 -0.127644 -0.877599 -0.263283 0.0935278 -0.960174 0.595131 0.112995 -0.795645 0.620065 0.0959534 -0.778661 0.985942 -0.161004 -0.0446759 0.985645 -0.162963 -0.0441328 -0.0399123 0 -0.999203 -0.0399123 0 -0.999203 -0.140868 0 -0.990028 -0.150236 -0.000355998 -0.98865 -0.385103 0.000615653 -0.922873 -0.441507 -0.0061289 -0.897237 -0.665293 0.00114682 -0.746581 -0.778865 -0.0155399 -0.626999 -0.89338 0.00179877 -0.449298 -0.966848 -0.0027102 -0.255338 -0.994769 0.00622216 -0.101956 -0.997393 -0.00242568 0.072117 -0.978621 0.00511674 0.20561 -0.931011 -0.00641266 0.364934 -0.859796 0.000943079 0.510638 -0.754879 -0.00401873 0.655852 -0.752738 -0.00146413 0.658319 0.968823 0.247551 -0.0100165 0.922327 0.364704 -0.127685 0.691713 0.716352 0.0915052 0.511856 0.858235 -0.0378852 0.31289 0.948666 0.0461826 -0.00512999 0.994775 -0.101967 -0.291155 0.954112 0.0699918 -0.493659 0.865636 -0.0835241 -0.733373 0.672271 0.101071 -0.915607 0.396583 -0.0662289 -0.98655 0.152404 0.0590897 -0.982574 -0.160009 -0.0945841 -0.89248 -0.432853 0.126951 -0.800805 -0.598623 0.0190228 -0.362198 -0.922166 0.135727 -0.369593 -0.920538 0.126534 0.040124 -0.998793 -0.0283226 0.511935 -0.854661 0.0864709 0.431379 -0.885064 0.174853 0.786252 -0.617497 -0.0224858 0.990764 -0.129155 -0.0413063 0.919106 -0.364524 0.149557 0.00653039 -0.000161517 0.999979 0.00310748 0.00150713 0.999994 0.00290185 0.00722756 0.99997 0.00246013 -0.00571668 0.999981 0 0 1 -0.00293188 0.00601537 0.999978 -0.00140998 0.00545428 0.999984 0 0 1 0.0101572 0.00291392 0.999944 -0.0056118 0.00222568 0.999982 -0.00650918 0.00420605 0.99997 0.00113235 -0.0037107 0.999992 -0.00469493 -0.000796275 0.999989 0 0 1 -0.00654739 -0.00167297 0.999977 0.00103644 -0.00825 0.999965 0 0 1 0.0318369 -0.0116583 0.999425 0.0446548 -0.998983 0.00627528 -0.847365 -0.530769 -0.01606 0.973195 0.223565 0.0539496 0.921213 -0.35207 0.165569 0.74557 0.64024 0.184981 -0.19698 0.963673 0.180371 -0.897438 0.390787 0.20467 -0.770191 0.613653 0.173888 -0.196603 -0.737023 0.646641 0.586489 -0.00179197 0.809955 0 -1 0 0 -1 0 0 -1 0 0 -1 0 0 -1 0 0.977153 -0.00207471 0.212529 0 -1 0 0 -1 0 0.988346 -0.00420686 -0.152167 0.838129 -0.00220299 -0.545468 0 -1 0 0 -1 0 0 -1 0 0 -1 0 0 -1 0 0 -1 0 0.733096 -0.00116636 -0.680124 0 -1 0 0 -1 0 0 -1 0 -0.762345 -0.00243739 0.647166 -0.86969 -0.00148171 0.493596 0 -1 0 0 -1 0 0 -1 0 0 -1 0 0 -1 0 0 -1 0 0 -1 0 0 -1 0 0 -1 0 0 -1 0 -0.149029 -0.00208284 -0.988831 0 -1 0 0 -1 0 0 -1 0 -0.365209 -0.00261695 -0.930922 0 -1 0 0 -1 0 0 -1 0 0 -1 0 0 -1 0 0.440857 0.0612558 0.895485 1 0 0 1 0 0 1 0 0 1 0 0 1 0 0 1 0 0 1 0 0 1 0 0 1 0 0 1 0 0 0 0 -1 0 0 -1 2.04059e-06 0.000144983 1 0 0 1 -1 0 0 -1 0 0 -0.718182 0 0.695856 -0.715654 0.0242624 0.698034 -0.667399 -0.238093 -0.705613 -0.72652 0 -0.687145 -0.7064 0.163401 -0.688694 0.695764 0 -0.718271 0.698098 0.0192579 -0.715743 0.715968 -0.0138353 0.697996 0.71875 0 0.695269 -0.000360478 0.0385364 0.999257 -0.000354241 0.0385344 0.999257 -0.000365654 0.038541 0.999257 -0.000364012 0.0385335 0.999257 -0.00036782 0.0385389 0.999257 -0.000366949 0.0385386 0.999257 0.971135 0.0217404 -0.237538 0.971135 0.0217458 -0.237535 0.971135 0.0217477 -0.237537 -0.999999 0.00138362 -8.72578e-05 -0.999998 -0.000772587 0.00182142 1 0 0 1 0 0 1 0 0 -1 -0.00041406 -0.000452703 -0.999999 0.00114197 -9.62962e-06 1 0 0 -1 -6.67255e-07 -7.87365e-05 -1 -8.1849e-05 3.50916e-05 -1 0 0 -1 0.000183446 -7.83311e-05 -1 1.23678e-06 0.000146435 -1 -0.000245854 -7.80214e-05 -1 4.00744e-05 -3.93533e-05 -1 0 0 -1 -7.24285e-06 -1.63674e-05 -1 -1.28034e-05 1.14262e-05 -0.999979 0.00109771 0.00637086 -0.999996 0.00119651 0.00270386 -1 0 0 -1 0 0 -1 0 0 -1 0 0 -1 0 0 -0.000797774 -0.999963 0.00853117 0 -0.999964 0.00844058 -1.69879e-06 -0.999964 0.00850902 4.38424e-05 -0.999964 0.00843216 0 -0.999965 0.00842681 0.0120393 -0.999892 0.00847342 0.0120301 -0.999892 0.0084986 0.0120994 -0.999892 0.00840613 0.0120494 -0.999892 0.00844873 0.0121253 -0.999891 0.00840322 0.012011 -0.999892 0.00845353 0.0120599 -0.999892 0.00836463 0.0120365 -0.999892 0.00848226 0.0120353 -0.999892 0.00848651 0.012073 -0.999892 0.00838091 0.0120262 -0.999892 0.00848574 0.0120834 -0.999892 0.00838084 0.0120191 -0.999892 0.00847887 0.0120999 -0.999892 0.00837571 0.0120517 -0.999892 0.00842856 0.0120506 -0.999892 0.00842267 0.0120159 -0.999892 0.00850542 0.0120805 -0.999892 0.0083856 0.012083 -0.999892 0.00838178 0.0120109 -0.999892 0.00847042 0.0120444 -0.999892 0.00844261 0.0119579 -0.999892 0.00852828 0.012134 -0.999891 0.00836908 0.0119953 -0.999892 0.00847408 0.0120337 -0.999892 0.00844998 0.0120818 -0.999892 0.00842532 0.0120485 -0.999892 0.00843891 0.0120197 -0.999892 0.00844783 0.0120187 -0.999892 0.00844806 0.0121327 -0.999891 0.00843265 0.0120451 -0.999892 0.00843738 0.0119788 -0.999893 0.00843577 0.0120421 -0.999892 0.00844213 0.0121307 -0.999891 0.00845763 0.0120177 -0.999892 0.00842948 0.0120924 -0.999891 0.00845362 0.0120206 -0.999892 0.00842611 0.012042 -0.999892 0.00843626 0.0120776 -0.999892 0.00843595 0.0120374 -0.999892 0.0084326 0.0120434 -0.999892 0.00844736 0.0120791 -0.99989 0.00857368 0.0120491 -0.999892 0.0084356 0.0120443 -0.999892 0.00844808 0.0120278 -0.999892 0.00839562 0.012044 -0.999892 0.00843567 0.0120475 -0.999892 0.00843807 0.0120551 -0.999892 0.00843138 0.012047 -0.999892 0.00844156 0.0120501 -0.999892 0.00842829 0.0120381 -0.999892 0.00843096 0.0120549 -0.999892 0.00844407 0.0120579 -0.999892 0.00844848 0.0120334 -0.999892 0.00842523 0.0120022 -0.999893 0.00840748 0.0120842 -0.999891 0.00843499 0.0120779 -0.999892 0.00843377 0.0120467 -0.999892 0.0084351 0.0120455 -0.999892 0.00843483 0.0120476 -0.999892 0.00843654 0.0120511 -0.999892 0.00843429 0.012047 -0.999892 0.00843762 0.0120502 -0.999892 0.00843529 0.0120291 -0.999892 0.0084326 -0.000363871 0.0216671 -0.999765 -0.000366685 0.0216704 -0.999765 -0.000365881 0.0216711 -0.999765 -0.0164636 0.999664 -0.0200344 -0.0105659 0.999934 -0.00448249 -0.0127808 0.999865 -0.0103178 -0.0106198 0.999933 -0.00461577 -0.0113469 0.999915 -0.00648991 -0.0130437 0.999855 -0.0109665 -0.01238 0.999881 -0.00916258 -0.0116582 0.999906 -0.00725853 -0.0128421 0.999861 -0.0106226 -0.010972 0.999924 -0.00568799 -0.0118447 0.999897 -0.00811266 -0.0121296 0.999887 -0.00886407 -0.0113215 0.999914 -0.00654972 -0.0129153 0.999859 -0.0107547 -0.0118255 0.999899 -0.00790121 -0.0122497 0.999885 -0.008948 -0.012671 0.99987 -0.00992365 -0.0119825 0.999893 -0.00842353 -0.0113409 0.99991 -0.00710505 -0.0118207 0.999898 -0.00803671 -0.0122568 0.999886 -0.00883848 -0.0116009 0.999903 -0.00769514 -0.0120746 0.999891 -0.00847921 -0.0124932 0.99988 -0.00913776 -0.0118223 0.999897 -0.00813312 -0.0123054 0.999885 -0.00882229 -0.0116618 0.9999 -0.00794715 -0.0121574 0.999889 -0.00859002 -0.0126213 0.999878 -0.00916432 -0.0120144 0.999892 -0.00844676 -0.0114355 0.999904 -0.00779295 -0.0121256 0.99989 -0.00853764 -0.0111919 0.999918 -0.00623003 -0.0116761 0.999899 -0.00807088 -0.0127607 0.999915 -0.00265424 -0.0129071 0.999915 -0.00186353 -0.0125578 0.999908 -0.0052101 -0.01123 0.99986 -0.0123757 -0.0120748 0.999892 -0.00834576 -0.0122829 0.999899 -0.00718641 -0.011387 0.999869 -0.0115508 -0.0126713 0.999902 -0.00599913 -0.011639 0.999882 -0.0100043 -0.012763 0.9999 -0.00605323 -0.0116941 0.999887 -0.00948353 -0.0117137 0.999887 -0.00942568 -0.0120172 0.999892 -0.00844029 -0.0120504 0.999892 -0.00843353 -0.0120393 0.999892 -0.0084339 -0.0127123 0.999897 -0.0067067 -0.0115408 0.999887 -0.00966658 -0.0124656 0.999894 -0.00749048 -0.0112743 0.999885 -0.0101102 -0.0121454 0.999892 -0.00831484 -0.0129192 0.999893 -0.00681597 -0.0115675 0.99989 -0.00928088 -0.0123141 0.999892 -0.00799661 -0.0119684 0.999892 -0.00855866 -0.0115961 0.999891 -0.00913122 -0.0122449 0.999892 -0.00818578 -0.0118006 0.999892 -0.00879983 -0.0123512 0.999891 -0.00807745 -0.0120595 0.999892 -0.00844106 -0.0120889 0.999892 -0.00833985 -0.0120474 0.999892 -0.0084265 -0.0121713 0.999891 -0.00840493 -0.0125973 0.999882 -0.0088313 -0.01161 0.999903 -0.00773847 -0.0123432 0.999886 -0.00866277 -0.0113855 0.999909 -0.00719175 -0.0126089 0.999877 -0.00938019 0.516258 0.0497574 0.854987 -0.0114772 0.999904 -0.00772573 -0.0118334 0.999895 -0.00833092 -0.0149823 0.999806 -0.0127867 -0.573538 -1.72071e-06 0.819179 -0.573534 0 0.819182 -0.707107 0.707081 -0.0059635 -0.707114 0.707074 -0.00595357 -0.707068 0.70712 -0.00601149 -0.707102 0.707087 -0.00597181 -0.707104 0.707084 -0.00596855 -0.70712 0.707069 -0.00595433 -0.98686 0.0152707 0.160857 -0.707101 0.707088 -0.00596897 -0.707089 0.707099 -0.00598249 -0.707045 0.707144 -0.00599639 -0.707106 0.707083 -0.0059663 -0.707127 0.707061 -0.00595028 -0.995612 0.0031305 0.0935221 -0.96813 0.00546277 0.250389 -0.925217 0.0217402 0.378815 -0.90073 0.0157324 0.434095 -0.805541 0.0172854 0.592288 -0.835204 0.0227361 0.549469 -0.729444 0.0287795 0.683435 -0.674746 0.0233858 0.737679 -0.601468 0.0324686 0.798237 -0.529752 0.030989 0.847586 -0.482696 0.0355467 0.875067 -0.409434 0.033654 0.911719 -0.358351 0.0374448 0.932836 -0.301675 0.035882 0.952736 -0.218582 0.0371765 0.97511 -0.255216 0.0376614 0.966151 -0.135042 0.0377414 0.990121 -0.187807 0.0380292 0.981469 -0.118939 0.0388048 0.992143 -0.01786 0.0216669 -0.999606 -0.0561921 0.0216265 -0.998186 -0.0234316 0.0216893 -0.99949 -0.0962977 0.0215386 -0.99512 -0.0676254 0.0216503 -0.997476 -0.140567 0.0214285 -0.989839 -0.113976 0.0215588 -0.99325 -0.185506 0.0212644 -0.982413 -0.157166 0.0214317 -0.98734 -0.229773 0.0210662 -0.973016 -0.203387 0.0212499 -0.978868 -0.274207 0.0208138 -0.961446 -0.246476 0.0210362 -0.96892 -0.29051 0.0207679 -0.956647 -0.316863 0.0205278 -0.948249 -0.333769 0.0204629 -0.942433 -0.360288 0.0201908 -0.932623 -0.375648 0.0201156 -0.926544 -0.400954 0.0198269 -0.915884 -0.416555 0.0197339 -0.908896 -0.442831 0.0194019 -0.896395 -0.482913 0.0189496 -0.875464 -0.458381 0.0192914 -0.888546 -0.521999 0.0184528 -0.852746 -0.497172 0.0188318 -0.867448 -0.536648 0.0183138 -0.843607 -0.560077 0.0179223 -0.828247 -0.596312 0.0173691 -0.802565 -0.574464 0.0177674 -0.818337 -0.632807 0.0167544 -0.774128 -0.610556 0.0171967 -0.791786 -0.667062 0.0161201 -0.744828 -0.646063 0.0165745 -0.763104 -0.699893 0.0154513 -0.714081 -0.679358 0.0159344 -0.733634 -0.731982 0.014739 -0.681165 -0.712383 0.0152418 -0.701625 -0.761822 0.0140096 -0.647635 -0.743125 0.0145318 -0.668994 -0.790269 0.0132473 -0.612617 -0.772381 0.0137924 -0.63501 -0.817192 0.0124598 -0.57623 -0.800748 0.0130085 -0.59886 -0.842438 0.0116455 -0.538668 -0.826908 0.0122144 -0.562204 -0.865949 0.0108082 -0.500015 -0.851558 0.0113895 -0.524137 -0.887696 0.00994865 -0.460323 -0.874431 0.0105427 -0.485036 -0.907653 0.0090672 -0.419624 -0.8955 0.00967483 -0.444957 -0.925787 0.00816282 -0.377957 -0.914622 0.00879132 -0.404214 -0.94191 0.00725042 -0.335786 -0.932195 0.00787376 -0.361871 -0.956133 0.00631999 -0.292866 -0.947495 0.00696021 -0.319695 -0.968389 0.00537708 -0.249388 -0.960956 0.00602644 -0.276637 -0.978738 0.00441697 -0.205065 -0.972554 0.00507313 -0.232624 -0.986989 0.00345469 -0.160748 -0.982018 0.00412047 -0.188742 -0.989587 0.00314824 -0.143898 -0.993275 0.00247928 -0.115751 -0.997478 0.00150901 -0.0709618 -0.995099 0.00217186 -0.0988635 -0.999675 0.000531112 -0.0254849 -0.998352 0.0012615 -0.0573818 -0.999818 0.000419883 -0.0190815 -1 3.84015e-06 -0.000201064 0.999927 0.012047 -0.000101581 0.999928 0.0120335 -0.000106819 0.999927 0.0120461 -0.000101618 0.999927 0.0120501 -0.000105817 0.999927 0.0120467 -0.000101044 0.999927 0.0120437 -9.38434e-05 0.999927 0.0120471 -9.9426e-05 0.0115264 -0.961215 -0.27556 0.0120486 -0.958087 -0.286223 0.0112539 -0.960922 -0.276589 0.0119461 -0.959173 -0.282569 0.0111973 -0.960594 -0.27773 0.0112737 -0.96047 -0.278157 0.0119205 -0.959538 -0.281327 0.0114959 -0.960085 -0.279472 0.0119889 -0.95954 -0.281316 0.0106513 -0.96083 -0.276933 0.0120768 -0.959563 -0.281236 0.0109243 -0.960515 -0.278015 0.011979 -0.959704 -0.280758 0.0110565 -0.960367 -0.278518 0.0121031 -0.959661 -0.280899 0.0117731 -0.959871 -0.280194 0.0111733 -0.96023 -0.278986 0.0119232 -0.959818 -0.280371 0.0110204 -0.960276 -0.278833 0.0118775 -0.959863 -0.280219 0.0117006 -0.959944 -0.279947 0.011393 -0.960079 -0.279497 0.0118264 -0.959898 -0.280101 0.0113672 -0.960081 -0.279491 0.0117435 -0.959937 -0.279969 0.0115413 -0.960024 -0.279679 0.0115183 -0.96002 -0.279696 0.011516 -0.960023 -0.279685 0.011525 -0.960021 -0.27969 0.0115582 -0.960016 -0.279708 0.0115148 -0.960019 -0.279698 0.0115375 -0.96002 -0.279694 0.000101482 -0.00842846 -0.999964 0.000199669 -0.00844247 -0.999964 -0.000101919 0.00843678 0.999964 0.000286925 0.00849233 0.999964 9.855e-05 -0.00818613 -0.999967 0 -0.00844166 -0.999964 2.68533e-05 -0.00844565 -0.999964 0 0.00843952 0.999964 -0.000111046 0.00919338 0.999958 -0.000236909 0.00847423 0.999964 -0.870917 -0.365219 -0.328814 0.135607 0.939915 0.313323 -0.296047 0.682273 0.668476 -0.149407 0.292868 0.944408 -0.0677277 -0.945683 -0.317956 0.152047 -0.111875 -0.982021 0.326429 -0.181335 -0.927665 -0.0727101 0.875144 -0.478368 0.14637 0.140374 0.97922 -0.150565 -0.377243 0.913793 -0.0912818 -0.447971 0.889376 0.0168324 -0.792275 0.609932 -0.145984 -0.905728 0.397927 0.155635 -0.987355 0.0301489 -0.260942 -0.804095 -0.534173 0.273207 -0.546989 -0.791303 0.0112876 -0.999195 0.0385071 0.0122347 -0.999184 0.0385056 0.0118223 -0.999186 0.0385775 0.0121463 -0.999183 0.0385351 0.0121337 -0.999184 0.038536 0.012162 -0.999183 0.0385352 0.0119312 -0.999186 0.0385323 0.00986701 -0.999216 0.0383529 0.0153141 -0.999115 0.0391704 0.0120305 -0.999185 0.0385367 0.0120514 -0.999184 0.0385421 0.0120402 -0.999185 0.0385381 0.0120425 -0.999185 0.03853 -0.00036139 0.038541 0.999257 -0.000362348 0.0385434 0.999257 0.965922 0.0220981 -0.257887 0.953983 0.0227589 -0.298996 0.964914 0.0221966 -0.261626 0.940149 0.0233919 -0.339961 0.950577 0.0230137 -0.309634 0.924102 0.0240108 -0.38139 0.933998 0.0237553 -0.356487 0.906022 0.0245927 -0.422516 0.915026 0.0244351 -0.402655 0.886563 0.0251192 -0.461925 0.893861 0.0250407 -0.447645 0.864937 0.0256166 -0.501227 0.870185 0.0255899 -0.492061 0.833773 0.026058 -0.551491 0.844757 0.0260591 -0.534515 0.799633 0.0265235 -0.599903 0.816941 0.0264623 -0.576114 0.762748 0.0270107 -0.646131 0.787093 0.0268478 -0.616249 0.755037 0.0271662 -0.65512 0.732675 0.0272255 -0.680034 0.721783 0.0273951 -0.691578 0.702338 0.0273764 -0.711317 0.686695 0.0275561 -0.726423 0.669487 0.0274822 -0.742316 0.635785 0.0275436 -0.771375 0.64891 0.0276404 -0.760363 0.601254 0.0275566 -0.798583 0.610487 0.0276509 -0.791544 0.565039 0.0275194 -0.824605 0.570449 0.0275892 -0.820869 0.514828 0.0272338 -0.856861 0.528599 0.0274488 -0.848428 0.463633 0.0269762 -0.885616 0.485443 0.0272525 -0.873843 0.408991 0.0267237 -0.912147 0.441455 0.0270453 -0.896876 0.369399 0.0263971 -0.928896 0.395983 0.0267252 -0.917869 0.327376 0.0260239 -0.944536 0.349379 0.0263476 -0.936611 0.276194 0.0254526 -0.960765 0.302282 0.0258989 -0.952867 0.254864 0.0254147 -0.966643 0.20392 0.0246776 -0.978676 0.206037 0.0247322 -0.978232 0.140077 0.0237114 -0.989857 0.157067 0.0241161 -0.987294 0.0811351 0.022837 -0.996441 0.107877 0.0234047 -0.993889 0.0150662 0.0217895 -0.999649 0.0552197 0.022654 -0.998217 0.182442 0.0437468 0.982243 0.204509 0.0440845 0.977871 0.341197 0.0471594 0.938808 0.346139 0.0472125 0.936994 0.463033 0.0489269 0.88499 0.576349 0.0497216 0.81569 0.662736 0.0499773 0.747184 0.697712 0.0495643 0.714661 0.764431 0.0492356 0.642822 0.793425 0.0486154 0.606724 0.861002 0.0468885 0.506436 0.844503 0.0475592 0.533435 0.926844 0.0438645 0.372875 0.921359 0.0443161 0.386177 0.967913 0.0404263 0.248014 0.972991 0.0396724 0.227408 0.996326 0.0346187 0.0783337 0.993237 0.0359322 0.110407 0.99871 0.0302943 -0.0407431 0.996962 0.0287597 -0.0723827 0.972185 0.0217638 -0.2332 0.0143977 -0.999851 0.00948272 0.560841 -0.827456 0.0278343 0.000181407 -1 -1.91974e-08 0 0 -1 0.719355 -0.692713 -0.0517419 0 0 -1 -0.558712 0.519838 0.646228 -0.617856 0.75835 0.207751 -0.535341 0.36825 -0.760133 -0.555162 0.580557 -0.595608 -0.561061 -0.494401 -0.663911 -0.547451 -0.749711 -0.371794 -0.563974 -0.806276 0.178473 -0.572829 -0.549421 0.60828 -0.540317 0.0134811 0.841354 0.00908041 0.393347 -0.919345 0.000697892 0.350597 -0.936526 -0.00130195 0.841772 -0.539832 0.008419 0.894513 -0.446962 -0.00956686 0.999832 0.0156479 0.0220267 0.951188 0.307824 -0.0153162 0.74848 0.662981 0.0252874 0.414958 0.909489 -0.0241383 0.0160164 0.99958 0.0204563 -0.422082 0.906327 -0.00566926 -0.67028 0.742087 0.0153254 -0.917957 0.396383 -0.0092495 -0.976324 0.216114 0.0094602 -0.894583 -0.446802 0.00997239 -0.895841 -0.444263 0.000234737 -0.291986 -0.956423 -0.0117987 -0.360408 -0.93272 -0.490882 0.61254 -0.619539 -0.70576 0.278679 -0.651338 -0.620861 0.701252 -0.350395 -0.706359 0.308371 -0.637154 -0.47113 0.867991 0.156933 -0.60228 0.759504 0.245791 -1 0 0 -0.671334 0.529577 0.518516 -1 0 0 -1 0 0 -1 0 0 -1 0 0 -1 0 0 -1 0 0 -1 0 0 -0.575297 0.382195 0.72316 -0.584874 0.496262 0.641597 -0.573732 0.683781 -0.45086 -0.532641 0.441978 -0.721768 -0.546514 0.122176 -0.82849 -0.546133 -0.820788 -0.167465 -0.543088 -0.837455 -0.0610382 -0.617341 -0.215278 0.756667 0.0169292 0.0275915 -0.999476 -0.0163994 0.522152 -0.852695 0.0268528 0.800036 -0.599351 -0.0195988 0.977842 -0.208426 0.00866729 0.982607 0.185493 -0.0446415 0.873034 0.485612 -0.0328206 0.0872413 0.995646 -0.00462682 0.2962 0.955115 0.0238273 -0.301323 0.953224 -0.00559518 -0.457316 0.889287 0.00311616 -0.96933 0.245742 -0.00031482 -0.973697 0.227847 0.00480342 -0.835829 -0.548968 0.0174196 -0.790276 -0.612503 -0.0139295 -0.175225 -0.98443 -1 0 0 -1 0 0 -1 0 0 -1 0 0 -1 0 0 -1 0 0 -0.64519 -0.757403 0.100353 -0.502321 0.0754766 0.861381 -0.668226 -0.721145 0.182823 -0.693221 -0.217233 0.687208 -0.479915 -0.702775 0.525156 0 0.0249425 0.999689 0.00500599 0.0416664 0.999119 -0.00244743 0.0913863 0.995813 0.00244952 0.107679 0.994183 -0.00502849 0.157233 0.987549 0.00491836 0.189975 0.981777 -0.00253917 0.238677 0.971096 0.00243578 0.254797 0.966991 -0.00501477 0.302635 0.953093 0 0.318572 0.947899 0 0.365364 0.930865 0 0.365364 0.930865 0 0.411163 0.911562 0.0050248 0.426411 0.904516 -0.00243707 0.470984 0.882139 0.0024842 0.485436 0.874269 0 0.542537 0.840032 -0.00498311 0.528463 0.848942 0 0.583837 0.811871 0 0.583837 0.811871 0.00496928 0.636492 0.771267 0 0.623599 0.781744 -0.00243153 0.673865 0.73885 0.00253953 0.686053 0.727547 0.00492446 0.744299 0.667829 -0.00498654 0.721772 0.692113 -0.00251531 0.776599 0.62999 0.00248297 0.787019 0.616924 0 0.826189 0.563394 -0.00495928 0.816725 0.577006 0 0.853313 0.521399 0 0.853313 0.521399 0.00495317 0.886035 0.463591 0 0.87825 0.478202 -0.00249145 0.908012 0.418938 0.00251226 0.914895 0.403685 0 0.939718 0.34195 -0.00496097 0.933907 0.357481 0.00499086 0.960293 0.278949 0 0.955517 0.294935 -0.00248835 0.973042 0.230615 0.00250019 0.976754 0.214351 0.00501223 0.991166 0.132535 -0.00494853 0.986205 0.165455 -0.00244267 0.996548 0.0829869 0.00249304 0.997781 0.0665295 0.0049765 0.999849 -0.016631 -0.0049765 0.999849 0.016631 -0.00249304 0.997781 -0.0665295 0.00244267 0.996548 -0.0829869 0.00494853 0.986205 -0.165455 -0.00501223 0.991166 -0.132535 -0.0025002 0.976754 -0.214351 0.00248835 0.973042 -0.230615 -0.00499086 0.960293 -0.278949 0 0.955517 -0.294935 0 0.939718 -0.34195 0 0.939718 -0.34195 0 0.914898 -0.403686 0 0.914898 -0.403686 0 0.886046 -0.463597 0 0.886046 -0.463597 0 0.844522 -0.535521 0 0.844522 -0.535521 0.00747749 0.797066 -0.603845 0 0.807043 -0.590493 -0.00245587 0.755233 -0.655452 0.00245039 0.744382 -0.66775 0 0.69805 -0.716049 -0.00504106 0.710007 -0.704177 0 0.64918 -0.760635 0 0.64918 -0.760635 0 0.597198 -0.802094 0 0.597198 -0.802094 0 0.528473 -0.84895 0 0.528473 -0.84895 0 0.470981 -0.882143 0 0.470981 -0.882143 0.00493289 0.396074 -0.918205 0 0.411166 -0.91156 -0.00251859 0.349863 -0.936797 0.00248859 0.334183 -0.942505 0.00499862 0.254635 -0.967024 -0.00494489 0.286632 -0.958028 -0.0024359 0.206267 -0.978493 0.00248433 0.190143 -0.981753 0.00492235 0.107848 -0.994155 -0.00500385 0.140771 -0.99003 -3.79919e-05 0.0748239 -0.997197 0.00495502 0.0414942 -0.999126 0 0.0249405 -0.999689 0.00495501 -0.0414942 -0.999126 0 -0.0249406 -0.999689 0.00741207 -0.124392 -0.992206 -3.8002e-05 -0.0748238 -0.997197 0 -0.140772 -0.990042 0 -0.206268 -0.978495 0 -0.206268 -0.978495 0.00496448 -0.286695 -0.958009 0 -0.27076 -0.962647 -0.00250732 -0.334183 -0.942505 0.0025068 -0.349937 -0.93677 0 -0.411166 -0.91156 0 -0.470989 -0.882139 -0.00493292 -0.396074 -0.918205 0.00741088 -0.45634 -0.889775 0.00498203 -0.528466 -0.84894 -1.89796e-06 -0.49989 -0.866089 -0.00500598 -0.556511 -0.830825 -2.62537e-05 -0.583861 -0.811854 0 -0.623509 -0.781816 -0.00497742 -0.610408 -0.792072 0 -0.673939 -0.738787 0 -0.673939 -0.738787 0 -0.721748 -0.692156 0 -0.721748 -0.692156 0 -0.766011 -0.642828 0 -0.797115 -0.603828 0 -0.766011 -0.642828 -0.00498473 -0.807056 -0.590454 -2.21775e-05 -0.826208 -0.563365 0.00497292 -0.861854 -0.507132 -0.00499631 -0.84448 -0.535564 -0.00248357 -0.886062 -0.46356 0.00248166 -0.893636 -0.448787 0 -0.921444 -0.388511 -0.00496538 -0.914856 -0.403749 0 -0.93971 -0.341972 0.00496266 -0.945242 -0.326334 -0.00249304 -0.960339 -0.278825 0.00247411 -0.964836 -0.262839 -0.00746569 -0.980143 -0.198151 0 -0.983332 -0.181818 0 -0.993239 -0.116092 0 -0.993239 -0.116092 0 -0.999448 -0.0332292 0 -0.999448 -0.0332292 0 -0.999448 0.0332291 0 -0.999448 0.0332291 0.00497634 -0.993226 0.116091 0 -0.995032 0.0995548 -0.00248215 -0.986214 0.165455 0.00248718 -0.983329 0.181818 0.00497582 -0.964828 0.262837 -0.0049722 -0.973033 0.230613 0.0074472 -0.939671 0.341999 -1.6641e-07 -0.955561 0.294794 0 -0.93389 0.35756 0 -0.908029 0.418907 0 -0.908029 0.418907 0 -0.870197 0.492703 0 -0.870197 0.492703 0 -0.835451 0.549564 0 -0.835451 0.549564 0.00495835 -0.786988 0.616949 0 -0.797115 0.603828 -0.00250042 -0.755266 0.655414 0.0024641 -0.744282 0.667861 0 -0.698163 0.715938 0 -0.661615 0.749844 -0.00500209 -0.710029 0.704155 -0.00497796 -0.649037 0.76074 0.00246068 -0.610414 0.792079 -0.00246333 -0.597291 0.802021 0.00500662 -0.556513 0.830824 0 -0.542538 0.840032 0 -0.485444 0.874268 0 -0.485444 0.874268 0 -0.426417 0.904527 0 -0.426417 0.904527 0 -0.365364 0.930865 0.00494126 -0.349935 0.936761 -3.69392e-05 -0.318572 0.947899 0.00496448 -0.286695 0.958009 0 -0.27076 0.962647 0 -0.222411 0.974953 0.00494413 -0.206266 0.978484 -0.00251484 -0.157235 0.987558 0.0024642 -0.140772 0.990039 -0.00497317 -0.0913854 0.995803 0 -0.07482 0.997197 0 -0.0249425 0.999689 0 -0.0249425 0.999689 0.714116 0.00544793 0.700006 0.710447 0.0632 0.700907 0.699145 0.029791 0.714359 0.714218 0.108406 0.691478 0.702672 0.076615 0.707377 0.710897 0.165364 0.683579 0.699177 0.135824 0.701928 0.714386 0.208524 0.66796 0.702547 0.181324 0.688149 0.708104 0.2548 0.658533 0.705899 0.225649 0.671409 0.708048 0.297606 0.640389 0.706095 0.25872 0.659161 0.704691 0.302549 0.641775 0.70948 0.347369 0.613167 0.716294 0.338737 0.610066 0.707278 0.383539 0.593848 0.714399 0.393512 0.578604 0.705196 0.413948 0.575626 0.710107 0.442188 0.547922 0.703826 0.452152 0.547894 0.710845 0.485006 0.50938 0.714529 0.479968 0.508998 0.705746 0.527316 0.473139 0.716565 0.52819 0.455577 0.717229 0.56674 0.40545 0.701851 0.560614 0.439451 0.706049 0.585077 0.398975 0.712094 0.607645 0.351697 0.702959 0.606902 0.370835 0.711603 0.632651 0.305571 0.699392 0.633291 0.33135 0.719907 0.647567 0.249782 0.7018 0.65175 0.287576 0.710839 0.660955 0.240512 0.711694 0.675852 0.191617 0.707706 0.678463 0.197082 0.717393 0.687102 0.115058 0.696437 0.700938 0.153822 0.702176 0.705722 0.0943665 0.714238 0.698009 0.0514614 0.709602 0.703041 0.046877 0.709316 0.704793 -0.0117232 0.71484 0.699068 -0.01754 0.713306 0.696811 -0.0751561 0.702266 0.709459 -0.0590797 0.711358 0.690142 -0.132947 0.700387 0.703925 -0.118097 0.702273 0.692718 -0.164177 0.713108 0.678165 -0.177677 0.704207 0.678412 -0.209402 0.713496 0.660773 -0.23303 0.709295 0.662418 -0.241045 0.710255 0.644037 -0.284173 0.714333 0.638529 -0.286373 0.702345 0.63072 -0.330005 0.720278 0.601689 -0.345209 0.701989 0.601458 -0.381392 0.715561 0.568516 -0.405909 0.697348 0.571299 -0.432808 0.715573 0.525511 -0.46021 0.708153 0.525579 -0.471472 0.71073 0.491053 -0.503715 0.720152 0.474145 -0.506526 0.701814 0.46245 -0.541846 0.715812 0.424217 -0.554665 0.707905 0.421806 -0.566525 0.711627 0.371283 -0.596436 0.713982 0.368016 -0.595647 0.702842 0.335031 -0.627509 0.72012 0.304681 -0.623375 0.701845 0.282139 -0.654073 0.716077 0.242959 -0.654374 0.70723 0.236263 -0.666337 0.712921 0.177779 -0.678335 0.712095 0.178777 -0.67894 0.71194 0.121231 -0.691697 0.702764 0.135273 -0.698444 0.71064 0.0638185 -0.700655 0.701707 0.0768389 -0.70831 0.703106 0.0295063 -0.710472 0.720024 0.00578695 -0.693925 0.701836 -0.0295583 -0.711725 0.722567 -0.0782808 -0.686855 0.71264 -0.087267 -0.696081 0.710566 -0.145137 -0.6885 0.736915 -0.168673 -0.654603 0.712297 -0.201227 -0.672414 0.710888 -0.246114 -0.658838 0.723345 -0.254523 -0.641865 0.707885 -0.290418 -0.643861 0.713851 -0.329832 -0.61776 0.709067 -0.328157 -0.624129 0.709977 -0.386122 -0.588934 0.697664 -0.378612 -0.608209 0.714392 -0.425229 -0.55572 0.704824 -0.414181 -0.575915 0.707673 -0.440534 -0.552385 0.711499 -0.471608 -0.520917 0.714361 -0.471607 -0.516987 0.710645 -0.513677 -0.480749 0.703791 -0.512735 -0.491712 0.714442 -0.548557 -0.434348 0.704933 -0.543311 -0.455941 0.70752 -0.563316 -0.426721 0.719546 -0.57824 -0.384568 0.713279 -0.579073 -0.394851 0.702004 -0.613797 -0.36117 0.717089 -0.615696 -0.326653 0.705166 -0.633627 -0.318209 0.713669 -0.645456 -0.272146 0.710199 -0.647006 -0.277491 0.70348 -0.671806 -0.231933 0.709458 -0.668492 -0.223131 0.704309 -0.684933 -0.186588 0.719273 -0.674867 -0.164926 0.702075 -0.700234 -0.129473 0.717235 -0.689961 -0.0976087 0.704733 -0.704675 -0.082364 0.716406 -0.697298 -0.0231835 0.70996 -0.703641 -0.029106 0.709494 -0.70411 0.029122 0.704623 -0.70919 0.0235788 0.708789 -0.700002 0.0872603 0.704165 -0.705235 0.0824295 0.709262 -0.692241 0.133229 0.70482 -0.697562 0.128979 0.708596 -0.679517 0.190127 0.704411 -0.684835 0.186562 0.709189 -0.660931 0.2454 0.703755 -0.667601 0.242978 0.708799 -0.638786 0.299261 0.705153 -0.643843 0.297028 0.708326 -0.612265 0.351293 0.704775 -0.617345 0.349539 0.718607 -0.572574 0.394669 0.705371 -0.5922 0.389552 0.702465 -0.56012 0.439099 0.717511 -0.531533 0.450167 0.703826 -0.528719 0.474431 0.718447 -0.483609 0.499956 0.716003 -0.487386 0.499795 0.707066 -0.467859 0.53025 0.718951 -0.424276 0.550545 0.68957 -0.461098 0.558463 0.71105 -0.40044 0.577975 0.703577 -0.395474 0.590407 0.707592 -0.351629 0.61292 0.719402 -0.337187 0.607261 0.707534 -0.299855 0.639908 0.706016 -0.301987 0.640582 0.721227 -0.226695 0.654554 0.706004 -0.24783 0.66343 0.706838 -0.202803 0.67768 0.688465 -0.180751 0.702386 0.731749 -0.140587 0.666917 0.710558 -0.110354 0.694931 0.703156 -0.100094 0.703955 0.71767 -0.0517919 0.694455 0.717385 -0.0521254 0.694724 0.70695 -0.0176409 0.707043 1 0.000266032 0.000248978 1 0.000531703 0.000587295 1 0 0 1 0.00010333 5.6353e-05 0.999997 0.00160247 0.00209423 1 0 0 1 0 0 1 0 0 0.999999 0.000455375 0.00114838 1 8.96952e-05 0.000348098 1 0 0 1 1.76028e-05 0.000154451 1 0 0 1 -1.25658e-05 5.33905e-05 1 0 0 1 0 0 1 0 0 1 0 0 1 0 0 1 0 0 1 0 0 1 0 0 1 0 0 1 0 0 1 0 0 1 0 0 1 0 0 1 0 0 1 0 0 1 0 0 1 0 0 1 0 0 1 0 0 1 0 0 1 0 0 1 0 0 1 0 0 1 0 0 1 0 0 1 0 0 1 0 0 1 0 0 1 -0.000256577 2.76737e-05 1 0 0 1 -0.000476662 1.19597e-05 1 0 0 0.999999 -0.00148731 -0.000109654 1 0 0 1 0 0 1 -0.000765149 -0.000360554 1 0 0 1 0 0 1 0 0 1 0 0 1 0 0 1 0 0 1 0 0 1 0 0 1 0 0 1 0 0 1 0 0 1 0 0 1 0 0 1 0 0 1 0 0 1 0 0 1 0 0 1 0 0 1 0 0 1 0 0 1 0 0 1 0 0 1 0 0 1 0 0 1 0 0 1 0 0 1 0 0 1 0 0 1 0 0 1 0 0 1 0 0 1 0 0 1 0 0 1 0 0 1 0 0 1 0 0 1 0 0 1 0 0 1 0 0 1 0 0 1 0 0 1 0 0 1 0 0 1 0 0 1 0 0 1 0 0 1 0 0 1 0 0 1 0 0 1 0 0 1 0 0 1 0 0 1 0 0 1 0 0 1 0 0 1 0 0 1 0 0 1 0 0 1 0 0 1 0 0 1 0 0 1 0 0 1 0 0 1 0 0 1 0 0 1 0 0 1 0 0 1 0 0 1 0 0 1 0 0 1 0 0 1 0 0 1 0 0 1 0 0 1 0 0 1 0 0 1 0 0 1 0 0 1 0 0 1 0 0 1 0 0 1 0 0 1 0 0 1 0 0 1 0 0 1 0 0 1 0 0 1 0 0 1 0 0 1 0 0 1 0 0 1 0 0 1 0 0 1 0 0 1 0 0 1 0 0 1 0 0 1 0 0 1 0 0 1 0 0 1 0 0 1 0 0 1 0 0 1 0 0 1 0 0 1 0 0 1 0 0 1 0 0 1 0 0 1 0 0 1 0 0 1 0 0 1 0 0 1 0 0 1 0 0 1 0 0 1 0 0 1 0 0 1 0 0 1 0 0 1 0 0 1 0 0 1 0 0 1 0 0 1 0 0 1 0 0 1 0 0 1 0 0 1 0 0 1 0 0 1 0 0 1 0 0 1 0 0 1 0 0 1 0 0 1 0 0 1 0 0 1 0 0 1 0 0 1 0 0 1 0 0 1 0 0 1 0 0 1 0 0 1 0 0 1 0 0 1 0 0 1 0 0 1 0 0 1 0 0 1 0 0 1 0 0 1 0 0 1 0 0 1 0 0 1 0 0 1 0.00016392 -0.000656345 1 -0.000578606 0.000462282 1 -0.000261613 -0.000227856 1 0 0 1 0 0 1 0 0 1 0 0 1 0 0 1 0 0 1 0 0 1 0 0 1 0 0 1 0 0 1 0 0 1 0 0 1 0 0 1 0 0 1 0 0 1 0 0 1 0 0 1 0 0 1 0 0 1 0 0 1 0 0 1 0 0 1 0 0 1 0 0 1 0 0 1 0 0 1 0 0 1 0 0 1 0 0 1 0 0 1 0 0 1 0 0 1 0 0 1 0 0 1 0 0 1 0 0 1 0 0 0 0.0212203 0.999775 0 0.0212203 0.999775 0.0363755 0.185845 0.981906 0 0.162819 0.986656 -0.0343103 0.31827 0.947379 -0.0116544 0.330328 0.943794 -0.0501141 0.466645 0.883024 -0.00942731 0.4516 0.892171 0.0190932 0.592671 0.805219 0.0634483 0.61218 0.788169 -0.0463318 0.700125 0.712516 0.0252585 0.736863 0.67557 -0.0395056 0.832556 0.552531 -0.0812021 0.820348 0.566071 -0.00106419 0.906313 0.422606 -0.0738302 0.920141 0.384566 0.0384359 0.958441 0.28269 -0.00163345 0.992008 0.126165 -0.0836382 0.982438 0.166795 -0.0410421 0.998797 -0.0268358 -0.0343448 0.999118 -0.0241486 0.0215894 0.982349 -0.185808 -0.10452 0.960931 -0.256297 0.0429196 0.935353 -0.351102 -0.0482443 0.901927 -0.429186 0.0905675 0.843836 -0.528903 -0.0406972 0.805677 -0.590956 0.0265008 0.744435 -0.667169 -0.037634 0.710058 -0.703137 0.0428045 0.622971 -0.781073 -0.0039281 0.602049 -0.79845 0.0215706 0.488947 -0.872047 0.019035 0.490259 -0.871369 -0.0343081 0.365216 -0.93029 -0.0268152 0.361763 -0.931884 0.000998965 0.234691 -0.97207 -0.0492578 0.20725 -0.977047 0.0344324 0.0870679 -0.995607 -0.043046 0.0308435 -0.998597 0.0386021 -0.0746388 -0.996463 -0.0484675 -0.127614 -0.990639 0.0342618 -0.222376 -0.974359 -0.0281514 -0.292507 -0.955849 0.055099 -0.368243 -0.928096 -0.0485514 -0.441859 -0.89577 0.0365946 -0.504409 -0.862689 -0.0163456 -0.545003 -0.838274 0.0321792 -0.657171 -0.753054 -0.00242944 -0.670602 -0.741813 0.018084 -0.753959 -0.656673 0 -0.747463 -0.664303 0.0271182 -0.851169 -0.524192 0 -0.844513 -0.535535 0.0236328 -0.923539 -0.382777 -0.0287535 -0.911914 -0.409372 -0.0291455 -0.97107 -0.23701 -0.0235154 -0.971809 -0.234593 -0.00189256 -0.993865 -0.110586 -0.0540174 -0.99589 -0.072701 0.0280745 -0.999349 0.022662 -0.0385572 -0.995454 0.0870927 0.0385883 -0.986159 0.16125 -0.0385412 -0.971356 0.234484 0.0385676 -0.951124 0.306391 -0.0452533 -0.92285 0.382491 0.0311027 -0.895037 0.444905 0.0214395 -0.81896 0.57345 -0.0634466 -0.844793 0.531318 0.0214209 -0.724337 0.689113 -0.0214513 -0.741294 0.670837 -0.02914 -0.615443 0.787643 0.0313083 -0.593858 0.803961 0 -0.462516 0.886611 -0.0286323 -0.476334 0.878798 0 -0.355106 0.934826 -0.040777 -0.330076 0.943073 -1.77196e-06 -0.254745 0.967008 0 -0.129867 0.991531 -0.0536442 -0.15257 0.986836 -0.0040288 -0.411234 -0.911521 0.00352735 -0.341405 -0.93991 0.00569449 -0.437347 -0.899275 -0.00227009 -0.499979 -0.866035 0.0101672 -0.532729 -0.846225 -0.00609941 -0.592768 -0.80535 0.00597635 -0.628445 -0.777831 -0.00797542 -0.67949 -0.733642 0.00778473 -0.854066 -0.520107 0.00210747 -0.805398 -0.59273 -0.00352196 -0.911459 -0.411375 0.00422431 -0.918513 -0.395368 -0.002109 -0.952258 -0.305288 -0.00411749 -0.953526 -0.301282 0.0010185 -0.999924 0.0123053 -0.00497786 -0.9871 0.160025 0.00287055 -0.996812 0.0797298 -0.000540366 -0.985251 0.171112 0.00123834 -0.963392 0.268095 -0.00160728 -0.962004 0.273029 -0.00187384 -0.893566 0.448928 -0.00172288 -0.853302 0.521415 -0.00224223 -0.755239 0.655446 0.00213486 -0.730233 0.683195 -0.00479574 -0.698217 0.71587 0.00836776 -0.664466 0.747272 -0.00474815 -0.618947 0.785419 -0.00675597 -0.531128 0.847265 -0.00255884 -0.443683 0.89618 0.00316902 -0.399543 0.916709 -0.0125234 -0.344191 0.938816 -0.00626623 -0.233256 0.972395 -0.00308234 -0.140642 0.990056 0.00522491 -0.184573 0.982805 0.00392082 -0.0913704 0.995809 -0.00214491 -0.0582758 0.998298 0.00206726 -0.0293101 0.999568 -0.00243305 0.00832851 0.999962 0.00398356 0.446832 0.894609 -0.00298846 0.51728 0.855811 -0.00839975 0.617733 0.786343 -0.00442387 0.69021 0.723595 5.53669e-06 0.682863 0.730546 -0.00610499 0.765966 0.642852 -0.000199327 0.745335 0.66669 -0.00220046 0.816878 0.576807 0.00227819 0.787077 0.616851 0.00231063 0.827644 0.561249 -0.00153381 0.861829 0.507196 0.0119138 0.88614 0.463264 -0.00181182 0.923651 0.38323 -0.000925512 0.950563 0.31053 0.00175384 0.952985 0.303013 0.00161315 0.971414 0.237385 -0.00709451 0.991054 0.133273 -0.0116195 0.999924 0.00403904 0.00298711 0.992813 -0.119636 0.00307709 0.979905 -0.199443 -0.00347843 0.919292 -0.39356 0.000268039 0.886019 -0.463648 -0.00447819 0.832504 -0.554 0.00318297 0.843944 -0.536421 -0.00440899 0.706091 -0.708108 -0.00442838 0.706126 -0.708073 -0.00387834 0.645208 -0.763997 -0.00840131 0.63218 -0.774776 0.00285457 0.592607 -0.805487 -0.00622538 0.542664 -0.839927 0.00191621 0.518699 -0.854955 -0.00239367 0.455948 -0.890003 0.00135541 0.173632 -0.98481 0.00111571 0.222915 -0.974837 0.0743507 0.993672 -0.0841941 -0.00297421 0.999907 -0.0133437 -0.0787675 0.98585 -0.147973 0.0703091 0.960979 -0.267537 -0.0223728 0.919035 -0.393542 -0.055145 0.857953 -0.51076 0.0693813 0.793899 -0.604078 -0.00277027 0.783664 -0.621179 0.0434895 0.697745 -0.715025 -0.0558248 0.680619 -0.730508 0.0335143 0.606287 -0.79454 0.021918 0.52085 -0.853367 -0.0642002 0.574001 -0.816334 0.0794777 0.428298 -0.900135 -0.0407793 0.470484 -0.881466 0.0493692 0.323589 -0.944909 -0.0452672 0.357354 -0.932871 0.0425586 0.218811 -0.974839 -0.0306254 0.24307 -0.969525 0.0496037 0.122456 -0.991234 0.0860532 0.105786 -0.990659 0.106456 0.00167817 -0.994316 -0.00623104 0.0633703 -0.997971 -0.0578881 -0.0720414 -0.99572 0.119987 -0.145314 -0.982083 -0.0680438 -0.223487 -0.972329 0.119212 -0.292952 -0.948666 -0.142694 -0.384546 -0.91201 0.185888 -0.49027 -0.851517 -0.0105041 -0.598255 -0.801237 0.0403393 -0.611519 -0.790201 -0.0357783 -0.695084 -0.718038 -0.0373664 -0.694742 -0.718287 0.0446506 -0.786906 -0.615455 0.143949 -0.801796 -0.580002 0.0715346 -0.771213 -0.632546 0.00188251 -0.848869 -0.5286 0.118605 -0.87716 -0.46532 -0.0100888 -0.904424 -0.426516 0.105273 -0.93227 -0.346107 -0.055111 -0.971322 -0.231294 0.150396 -0.951423 -0.268657 0.0992037 -0.990574 -0.0944557 -0.0551525 -0.996924 -0.0556921 0.0406016 -0.998716 0.0302982 0.0206669 -0.999069 0.0378803 0.122224 -0.981128 0.149833 -0.0352916 -0.973615 0.225453 0.0540788 -0.963206 0.263266 -0.148278 -0.926457 0.345964 0.0447545 -0.915746 0.399258 0.00657009 -0.862285 0.50638 0.0784153 -0.850007 0.520902 -0.00686623 -0.792346 0.610033 0.0482833 -0.779709 0.624278 0.00704006 -0.707063 0.707116 0.039961 -0.698721 0.714278 -0.157865 -0.617191 0.770814 -0.00766291 -0.600661 0.799467 0.00963032 -0.521264 0.853341 -0.142708 -0.457474 0.877697 0.0882194 -0.406994 0.909161 -0.0238729 -0.302692 0.952789 0.0775406 -0.279217 0.957092 -0.0316373 -0.136791 0.990095 0.0831445 -0.106957 0.990781 0.00802876 -0.00657654 0.999946 0.139185 0.0346551 0.98966 -0.043063 0.109725 0.993029 0.0661376 0.166942 0.983746 0.103327 0.310842 0.944829 -0.078598 0.256902 0.963236 -0.0278478 0.380498 0.924362 0.0145845 0.444488 0.895666 0.350275 0.473116 0.808374 0.0973307 0.578853 0.809603 -0.0103431 0.557682 0.82999 0.0494877 0.663828 0.746247 0.143862 0.680234 0.718739 -0.0176219 0.74773 0.663769 0.0821852 0.788083 0.610058 -0.0451965 0.827421 0.55976 0.0990844 0.856966 0.505758 0.00422638 0.879702 0.475507 -0.0643251 0.921252 0.383612 0.122597 0.929456 0.347969 0.0563412 0.967301 0.247296 -0.0747821 0.974718 0.210553 0.0504813 0.989627 0.1345 -0.055748 0.994938 0.0836073 0.0510674 0.998383 0.0249636 0.123296 0.992254 -0.0151408 0.490288 0.868661 0.0710384 0.324566 0.923895 0.20267 0.227828 0.948835 0.218647 0.996657 0.0753764 0.0315039 0.996732 0.0746076 0.0309644 0.645622 0.711487 0.277414 0.54159 0.748737 0.382196 -0.621092 0.686208 0.378634 0.99898 0.0381823 0.0241139 0.54746 0.744452 0.382202 0.997518 0.0453145 0.0538873 0.413418 0.751176 0.514607 0.673 0.631162 0.385623 0.463327 0.658199 0.593382 0.570581 0.622272 0.535925 0.673608 0.489014 0.554182 -0.999833 -0.00898707 -0.0159447 0.379444 0.521179 0.764457 0.960346 0.179384 0.213441 0.314922 0.540623 0.780097 0.995266 0.0236886 0.0942625 0.994744 0.0225448 0.0998852 0.445798 0.37867 0.811094 0.588523 0.202494 0.782711 0.205152 0.16459 0.964792 0.996199 0.0166143 0.0855053 0.468512 0.111421 0.876403 0.535922 -0.0222836 0.843973 0.995661 -0.00698433 0.0927977 0.0642914 -0.137239 0.988449 0.243819 -0.119972 0.962372 0.997514 -0.0105333 0.0696758 0.641836 -0.216698 0.735588 0.191792 -0.410546 0.891441 0.995536 -0.0313741 0.0890124 0.515822 -0.401698 0.756681 0.987177 -0.0657578 0.145456 0.318384 -0.572867 0.755285 0.995317 -0.0595416 0.0761564 0.0933102 -0.6182 0.780463 0.546549 -0.595333 0.588951 0.369381 -0.732633 0.571671 0.393715 -0.722745 0.568004 0.957275 -0.235218 0.168217 0.657294 -0.656011 0.370965 0.417357 -0.834565 0.359602 -0.999914 -0.0129721 -0.00197828 0.591993 -0.749016 0.297521 0.45152 -0.874418 0.177546 -0.999202 -0.0379739 0.0123908 -0.99258 -0.119868 0.020391 0.014799 -0.987143 0.159156 0.548679 -0.833258 0.0680654 0.582004 -0.809147 -0.0809507 0.9212 -0.38909 0.00055991 0.967236 -0.249016 -0.049447 0.922612 -0.32045 -0.214705 0.476273 -0.800452 -0.363924 0.686535 -0.617046 -0.384609 0.0685275 -0.771331 -0.632734 0.433805 -0.673735 -0.598243 0.939232 -0.262405 -0.221332 -0.995237 -0.0771113 -0.0596445 0.478761 -0.611353 -0.630107 0.220307 -0.571603 -0.790402 -0.503779 -0.473936 -0.722213 0.998794 -0.0233454 -0.0431969 -0.129758 -0.384094 -0.91413 0.719963 -0.300243 -0.625706 0.259618 -0.210836 -0.942415 0.530827 -0.210235 -0.82099 0.986798 -0.0387592 -0.157252 -0.999474 -0.000579092 -0.0324148 0.619782 -0.0579164 -0.782634 -0.144349 0.0693458 -0.987094 -0.196053 0.0669042 -0.978308 0.789519 -0.00743837 -0.61368 -0.999724 -0.00649897 0.0225761 0.6905 0.179793 -0.700631 0.936594 0.0693806 -0.34348 0.504953 0.182377 -0.84366 0.435372 0.32645 -0.838977 0.997138 0.032815 -0.0681172 0.290898 0.368268 -0.883038 0.99633 0.0552915 -0.065341 0.572238 0.378752 -0.727386 0.999733 0.0203976 -0.0109005 0.484554 0.50974 -0.710896 0.244392 0.598058 -0.763282 0.583652 0.551453 -0.596029 0.392642 0.743648 -0.541128 -0.0517834 0.782752 -0.620176 0.999774 0.0194932 -0.00847086 -0.973612 0.193725 -0.120623 0.357849 0.777677 -0.516877 0.170724 0.916053 -0.362905 -0.06714 0.935853 -0.345934 0.99935 0.0360307 -0.00126818 0.308298 0.906979 -0.286951 0.99936 0.0357424 0.00129702 0.48343 0.872471 -0.0713504 0.204342 0.978882 -0.00588044 0.973743 0.226845 -0.0191509 0.784723 -0.0429006 -0.61836 0.637455 -0.112778 -0.762189 0.791261 -0.140175 -0.595196 0.632773 -0.228473 -0.739864 0.826382 -0.247996 -0.505561 0.509153 -0.430646 -0.74519 0.639277 -0.335419 -0.691967 0.808536 -0.36014 -0.46537 0.813355 -0.357126 -0.459255 0.707273 -0.491485 -0.508142 0.66688 -0.500146 -0.552381 0.704321 -0.612004 -0.359699 0.717712 -0.61699 -0.322822 0.697756 -0.632808 -0.335695 0.776979 -0.59839 -0.195534 0.699447 -0.670002 -0.248739 0.673809 -0.718807 -0.171165 0.780961 -0.615299 -0.107275 0.628654 -0.774174 -0.073821 0.765637 -0.643223 -0.00802235 0.686527 -0.72677 0.0220482 0.721847 -0.685556 0.0946029 0.763741 -0.638125 0.0974515 0.692314 -0.696065 0.190251 0.819557 -0.54385 0.180425 0.683286 -0.669303 0.291811 0.805452 -0.51509 0.293138 0.721168 -0.59067 0.361974 0.74101 -0.524181 0.419688 0.726981 -0.538344 0.426244 0.689712 -0.506337 0.517611 0.720438 -0.478723 0.501789 0.693261 -0.450449 0.56257 0.776351 -0.374296 0.507131 0.678584 -0.382898 0.626827 0.787725 -0.275578 0.55095 0.670425 -0.303163 0.677217 0.722004 -0.20261 0.661559 0.672604 -0.207245 0.71039 0.63594 -0.10553 0.764489 0.761392 -0.0695802 0.644547 0.732019 0.0237699 0.680869 0.731633 0.0238565 0.681281 0.718109 0.116435 0.686121 0.822786 0.12644 0.554109 0.646446 0.238436 0.724745 0.793648 0.250237 0.55453 0.690907 0.321374 0.647585 0.794634 0.359986 0.488842 0.755512 0.381035 0.532929 0.633453 0.531885 0.561993 0.789365 0.44852 0.419205 0.672955 0.584911 0.452782 0.804925 0.510126 0.303097 0.797428 0.519663 0.306691 0.742347 0.618534 0.257559 0.875461 0.460985 0.145124 0.775786 0.611334 0.156291 0.736843 0.669905 0.0910469 0.79708 0.600874 0.0601234 0.683278 0.72993 0.0182512 0.750664 0.657755 -0.0621487 0.77658 0.62777 -0.0531911 0.546293 0.792392 -0.271437 0.507339 0.83097 -0.228245 0.776303 0.623668 -0.0916011 0.679519 0.632997 -0.370902 0.537061 0.76135 -0.363196 0.54817 0.757917 -0.353655 0.763423 0.525139 -0.376051 0.684108 0.580454 -0.441667 0.757756 0.466272 -0.456504 0.68716 0.507396 -0.519962 0.71846 0.427586 -0.548622 0.69297 0.437358 -0.573158 0.715388 0.36932 -0.593146 0.701123 0.371476 -0.608631 0.724978 0.279234 -0.629631 0.812684 0.250364 -0.526178 0.70793 0.228824 -0.668188 0.808816 0.140071 -0.571137 0.766728 0.140598 -0.626386 0.6927 0.0884273 -0.715784 0.747082 0.0569924 -0.662284 0.642653 0.00129309 -0.766156 0.685844 0.015443 0.727585 0.734056 0.0611925 0.676326 0.686846 0.135162 0.714124 0.724358 0.178369 0.66595 0.686678 0.240152 0.686148 0.727186 0.278617 0.627354 0.690587 0.337925 0.639449 0.74062 0.380141 0.554053 0.685842 0.446413 0.574749 0.725754 0.483061 0.489831 0.68596 0.536341 0.491728 0.713368 0.563241 0.416971 0.686716 0.605679 0.401963 0.731474 0.600057 0.323848 0.695994 0.650776 0.303452 0.729876 0.64363 0.230265 0.687906 0.69615 0.205328 0.713448 0.688318 0.131186 0.68087 0.726552 0.0924042 0.713676 0.698629 0.0508412 0.678953 0.733917 -0.019719 0.731188 0.679014 -0.0656087 0.720809 0.672887 -0.166303 0.69055 0.710683 -0.134424 0.680269 0.686211 -0.257582 0.706858 0.655184 -0.266621 0.693704 0.619252 -0.367832 0.664635 0.633089 -0.39681 0.720018 0.531585 -0.446086 0.694429 0.535855 -0.480237 0.719866 0.43834 -0.538193 0.709545 0.439385 -0.550896 0.728619 0.334967 -0.59742 0.766033 0.291325 -0.572996 0.708109 0.258032 -0.657268 0.724395 0.157453 -0.671164 0.731726 0.159965 -0.662562 0.696466 0.0625161 -0.714862 0.725483 0.032906 -0.687453 0.684276 -0.054469 -0.727186 0.726062 -0.0854593 -0.682298 0.693657 -0.160273 -0.702248 0.724398 -0.194949 -0.661243 0.677553 -0.271245 -0.683628 0.715757 -0.295142 -0.632917 0.664494 -0.398475 -0.632191 0.705473 -0.357733 -0.611829 0.692577 -0.46823 -0.548724 0.705468 -0.466006 -0.533998 0.708278 -0.517494 -0.480147 0.692766 -0.539042 -0.47907 0.711434 -0.572052 -0.408188 0.681135 -0.623419 -0.383932 0.724054 -0.605755 -0.329858 0.684233 -0.673691 -0.279223 0.707308 -0.661555 -0.249118 0.696495 -0.697525 -0.168382 0.715569 -0.682291 -0.149798 0.707237 -0.70264 -0.0781819 0.738665 -0.672867 -0.040298 0.692769 -0.720974 0.0163493 0.722372 -0.687156 0.0774282 0.688952 -0.715307 0.116962 0.722361 -0.667951 0.178988 0.688976 -0.689874 0.222233 0.722406 -0.633771 0.276522 0.688981 -0.649018 0.322614 0.725442 -0.578905 0.372293 0.696445 -0.587829 0.411609 0.7245 -0.515924 0.457081 0.695374 -0.520662 0.495343 0.720693 -0.420671 0.551033 0.701924 -0.423183 0.572903 0.718441 -0.319624 0.617805 0.715328 -0.323201 0.619554 0.716612 -0.22944 0.658653 0.700403 -0.253456 0.66723 0.718428 -0.147196 0.679849 0.7041 -0.180894 0.686673 0.682247 -0.0949483 0.72493 0.724504 -0.0489812 0.687528 -0.385295 0.634074 -0.670446 -0.480414 0.680567 0.553201 -0.137183 0.32871 -0.934415 0.0861334 0.0634803 -0.994259 -0.537116 0.717033 -0.444264 -0.124414 -0.00498197 0.992218 0.396421 -0.347563 -0.849735 -0.369244 0.543608 -0.753757 -0.26238 0.455551 -0.850664 -0.527159 0.576746 0.624073 0.526936 -0.521807 -0.670862 0.0693949 -0.278347 0.95797 0.497284 -0.4662 -0.731687 -0.170358 0.0089549 0.985342 -0.488866 0.69377 -0.52886 -0.536218 0.502011 0.678569 0.143251 -0.014432 -0.989581 0.616163 -0.65397 -0.438939 -0.498707 0.473604 0.725941 -0.332316 0.253842 0.908367 0.465777 -0.707655 0.531297 0.498267 -0.419586 -0.758734 -0.334033 0.249828 0.90885 -0.598936 0.635452 0.487316 0.411092 -0.598472 0.68763 -0.390492 0.348503 0.852093 0.516435 -0.424645 -0.743621 -0.279564 0.507182 -0.815236 -0.181815 0.092465 0.978976 0.531494 -0.703791 0.471374 -0.207407 0.490598 -0.846343 -0.64439 0.738232 0.199436 -0.179557 0.528114 -0.829973 0.534907 -0.274654 -0.799024 0.461286 -0.0699549 -0.884489 0.537534 -0.251608 -0.80483 0.405403 -0.586581 0.701121 0.0526187 0.426987 -0.902726 -0.459777 0.762768 -0.454741 -0.658205 0.738717 0.145133 0.110087 -0.270069 0.956527 -0.400683 0.765173 -0.503948 0.0714413 0.466939 -0.881399 0.689412 -0.42635 -0.585608 0.720531 -0.636089 -0.27609 -0.368453 0.762275 -0.532146 0.588237 -0.176052 -0.789293 0.00769015 -0.361284 0.932424 0.328178 0.199321 -0.923347 0.127467 0.439295 -0.889253 -0.675469 0.379206 0.632411 0.328484 0.189599 -0.925284 -0.169974 0.653599 -0.737507 0.130595 0.404306 -0.905252 -0.397364 -0.133114 0.907955 0.455561 0.0627979 -0.887987 -0.373445 0.772372 -0.51379 0.0667659 -0.508455 0.858497 -0.129631 0.574241 -0.808358 0.144147 0.39545 -0.907106 0.599386 -0.166574 -0.782936 -0.0762682 -0.495921 0.865012 0.424758 0.0813835 -0.901641 -0.696379 0.670551 0.255768 -0.518519 0.750408 -0.40991 -0.327018 0.710488 -0.62311 0.416657 0.108192 -0.902602 -0.687757 0.391663 0.61122 -0.45525 -0.0391004 0.889505 -0.593609 0.169115 0.786784 0.100166 -0.601375 0.792663 -0.422676 -0.0742956 0.90323 -0.296114 -0.230107 0.927021 0.373091 0.272035 -0.887018 -0.661307 0.728987 -0.176782 -0.655834 0.0482252 0.753363 -0.440646 -0.102186 0.891846 -0.322779 0.763721 -0.559057 0.423087 -0.734042 0.531206 -0.779212 0.609864 0.144553 0.0192813 -0.560226 0.828115 -0.545778 0.777659 -0.312048 -0.360237 0.782569 -0.507754 -0.362245 -0.426674 0.828691 -0.843419 0.297691 0.447241 0.0655849 -0.641559 0.764265 -0.783343 0.0228566 0.62117 -0.536014 -0.321467 0.780607 0.0262534 -0.712554 0.701126 -0.635188 -0.176169 0.751998 -0.0586192 0.993423 -0.098355 0.0373524 0.725241 -0.687481 -0.0812256 0.920825 -0.381422 0.296158 -0.560939 -0.77307 -0.12972 0.784435 0.606493 0.0825461 0.328491 -0.940893 -0.0814746 0.896043 -0.436427 -0.192148 -0.0342904 0.980767 -0.339039 0.811254 0.476361 -0.170174 0.892255 -0.418237 -0.315355 0.760719 0.567325 -0.114997 -0.270898 0.955714 -0.122178 -0.330821 0.935751 -0.294186 0.923067 0.247792 -0.178241 0.873596 -0.452836 -0.272302 0.498582 0.822963 -0.199842 0.130896 0.971045 -0.258851 0.909137 0.32629 -0.285605 0.828768 0.481221 0.0379886 0.149351 -0.988054 -0.229999 0.569615 0.789075 0.326005 -0.647518 -0.688797 -0.101682 0.520271 -0.847926 0.210335 -0.311085 -0.926815 -0.189452 0.386996 0.902409 -0.106433 0.546814 -0.830461 0.0146406 -0.338106 0.940994 -0.189399 0.398916 0.897215 -0.0888952 0.0246978 0.995735 -0.356805 0.909968 0.211301 -0.359392 0.882336 -0.303844 -0.253908 0.42257 0.870037 -0.423437 0.63891 0.642258 0.398334 -0.331085 -0.855402 -0.452472 0.83449 -0.314478 -0.528493 0.814195 -0.240378 -0.336004 0.606783 -0.720358 -0.594481 0.804073 -0.00765526 -0.517133 0.570343 0.638187 -0.617492 0.761129 -0.198456 -0.354275 0.27384 0.894148 0.238152 -0.144179 -0.960467 -0.619588 0.760215 -0.195407 0.286642 -0.88772 -0.360264 -0.595708 0.643251 0.480999 -0.622141 0.713311 0.32269 -0.654929 0.731634 0.189154 -0.479447 0.661586 -0.576571 0.209934 -0.418401 0.883668 0.043812 -0.264767 0.963317 -0.472332 0.662284 -0.581621 0.302914 -0.129316 -0.944204 0.325406 -0.643105 -0.6932 -0.616419 0.767053 -0.177925 -0.645086 0.735318 0.207777 0.0024539 -0.979778 0.200072 0.43236 -0.150745 -0.889011 0.27612 -0.170139 -0.945944 0.179849 0.124117 -0.975833 0.414523 -0.606203 0.67874 -0.533088 0.57246 0.622983 -0.13315 0.512214 -0.848474 -0.422842 0.699657 -0.575921 0.354543 0.00518494 -0.935025 0.155312 0.269355 -0.950435 -0.584077 0.777954 -0.231608 -0.203437 0.103102 0.973644 0.157201 0.270852 -0.949698 0.180887 0.25252 -0.950533 -0.149354 0.565712 -0.810964 0.463088 -0.0480033 -0.885012 0.0995438 -0.993222 0.0600115 0.120195 -0.97852 0.167485 0.270151 0.222312 -0.936801 0.488083 -0.0556946 -0.871018 -0.331261 0.0487478 0.942279 -0.425932 0.770604 -0.474079 0.114164 -0.97926 0.167381 0.26628 0.263927 -0.927059 -0.564715 0.345813 0.74934 0.715652 -0.55615 -0.422539 0.0684375 0.4719 -0.878992 0.379391 -0.587696 0.714616 0.272569 -0.772851 -0.573068 -0.156726 0.66383 -0.731277 -0.476657 0.10597 0.872679 -0.154436 0.650599 -0.743552 -0.311879 -0.0664919 0.947792 -0.667426 0.453063 0.590995 -0.5426 0.810925 -0.219058 0.38245 -0.897565 -0.219337 0.441528 -0.87417 -0.202189 -0.424895 -0.00627498 0.905221 0.391442 -0.897162 -0.204629 -0.387399 0.774033 -0.500795 -0.625178 0.768196 -0.137941 0.553363 -0.830815 0.0594638 -0.160767 -0.39042 0.906491 0.0568789 -0.524444 0.849543 -0.652758 0.756536 -0.0394938 -0.738675 0.604041 0.299156 -0.690133 0.358248 0.628789 -0.591179 0.161904 0.790123 0.582383 -0.802832 0.127632 -0.681199 0.31806 0.659398 0.196451 -0.654285 0.730287 -0.00576508 -0.469022 0.883168 -0.645909 0.747648 -0.154348 -0.733667 0.678107 0.0436232 0.254363 -0.96079 0.110373 -0.612791 0.126644 0.780031 -0.675127 0.312785 0.668109 -0.769038 0.474762 0.427997 0.178306 -0.836585 0.518008 -0.42873 -0.121407 0.895238 0.203531 -0.87508 0.439102 0.175261 -0.627731 0.758444 -0.298413 -0.248519 0.921514 -0.0745902 0.986612 -0.145031 -0.191634 0.981254 -0.0204159 0.322332 -0.874557 0.362288 -0.268015 0.960819 -0.0706749 -0.217931 0.0571081 0.974292 -0.220876 0.140507 0.965128 -0.296364 0.766101 0.570314 -0.249358 0.965345 0.0770103 -0.221031 0.725463 0.651805 -0.109135 0.885367 -0.451901 -0.130806 0.713693 -0.688136 0.464135 -0.870861 0.1618 0.629577 -0.772834 0.0797533 -0.236462 0.921329 -0.308607 0.000778358 0.284878 -0.958563 -0.259727 0.909537 0.324477 -0.255774 0.915968 0.309165 -0.276742 0.722664 0.633381 0.259082 -0.491365 0.831527 -0.367535 0.89966 0.235649 0.644154 -0.758978 -0.0949629 -0.344622 0.745664 0.570281 -0.254735 0.423853 0.869171 0.644843 -0.761636 -0.0639437 -0.54807 0.813868 0.192971 -0.622046 0.780313 0.0645797 -0.0858534 0.233138 -0.968646 0.159986 0.0100598 -0.987068 -0.0807427 0.259633 -0.962326 0.341671 -0.208255 -0.916456 -0.0206431 0.240285 -0.970483 0.0430362 0.191375 -0.980573 0.323767 -0.0712214 -0.943453 -0.595505 0.769932 -0.229299 0.063044 0.203936 -0.976952 -0.616827 0.61169 0.495338 -0.454281 0.414098 0.788766 -0.564311 0.435394 0.701416 -0.678612 0.669375 0.302362 -0.573286 0.171225 0.801265 -0.374434 -0.185649 0.908479 -0.776797 0.48836 0.397607 -0.793402 0.336931 0.506943 -0.231097 0.962647 -0.141083 0.115849 -0.124802 -0.985395 0.593981 -0.796765 0.111144 0.52715 -0.78911 0.315306 0.303693 -0.697887 0.648632 -0.265157 0.447735 -0.853947 0.745159 -0.567744 -0.349864 -0.37455 0.158782 0.91351 -0.148204 -0.118672 0.981811 -0.192906 -0.31279 0.930027 0.751839 -0.502247 -0.427184 0.717246 -0.383361 -0.581887 -0.737166 0.595487 0.319347 -0.115007 0.854844 -0.505979 -0.45045 0.889189 0.0802308 -0.178412 0.862211 -0.474091 -0.588067 0.760097 0.276459 0.508774 -0.804112 0.307494 0.795708 -0.550538 -0.2525 0.432244 0.321846 -0.842366 0.588322 -0.759595 0.277295 0.311659 -0.772301 0.553552 0.546947 -0.766862 0.335814 0.500935 -0.794929 0.342276 0.111323 -0.908693 -0.402348 0.0999542 -0.993646 0.0517374 0.200557 -0.921003 -0.333962 0.198531 -0.922796 -0.330201 0.223549 -0.930746 -0.289375 0.273976 -0.819566 -0.503239 -0.00777176 -0.935148 0.354173 0.245057 -0.856399 -0.454454 0.199539 -0.46979 -0.859931 0.264506 -0.964226 -0.0174616 0.233002 -0.966267 0.109716 0.205243 -0.911551 0.3563 0.357385 -0.805876 -0.47206 0.522243 -0.774305 -0.357371 0.172875 -0.833209 0.525239 0.0741522 0.0825815 -0.993822 0.343749 -0.851333 0.396318 0.113091 -0.422738 0.899168 0.420414 -0.872727 0.248192 0.392833 -0.869118 0.300525 0.494702 -0.845191 0.202292 0.628237 -0.606733 -0.487025 0.685295 -0.691623 -0.228098 0.584432 -0.746107 0.319003 0.742698 -0.608199 -0.280167 0.53304 -0.793975 0.292356 0.689611 -0.352968 -0.632336 0.600841 -0.168278 -0.781455 0.525951 -0.814772 0.243973 0.635666 -0.746443 0.196854 0.797373 -0.316329 -0.513938 0.351724 0.3378 -0.87303 -0.0557 0.675926 -0.734862 -0.351376 0.783932 -0.511845 0.595881 -0.754344 0.275483 0.640297 0.257073 -0.723832 0.109646 -0.716 0.689436 -0.333044 -0.485752 0.808163 0.126687 -0.879559 -0.458614 0.101411 -0.686297 -0.720217 0.11523 -0.949712 -0.291151 0.0742534 -0.995988 -0.0499365 0.170356 -0.832326 -0.527459 0.226579 -0.716458 -0.659811 0.257789 -0.948639 -0.183382 0.305637 -0.798315 -0.518922 0.283084 -0.936426 -0.207293 0.0360142 0.673923 -0.737923 0.270297 -0.962517 0.0223634 0.250867 -0.963319 -0.0953009 0.241477 -0.666134 -0.705659 -0.0853949 -0.745224 0.661323 0.276811 -0.291139 -0.915759 0.00352755 -0.912599 0.40884 0.2215 -0.427592 -0.876415 0.263185 -0.920999 -0.287219 0.0282709 -0.837514 0.545684 0.0981887 -0.889865 0.445532 0.219774 -0.971231 0.0917095 0.137879 -0.968216 0.208679 0.190324 -0.380017 -0.905187 0.0476787 -0.723122 0.689073 0.130233 -0.858028 0.496818 -0.209444 0.273905 0.938674 -0.0183941 -0.413676 0.910238 0.502051 -0.831132 -0.239089 0.119523 0.0173898 -0.992679 -0.16444 0.564591 -0.808824 0.567617 -0.761521 -0.312885 0.498965 -0.645242 -0.57853 0.131885 -0.78074 0.61078 0.0694091 0.135324 -0.988367 -0.155478 0.433363 -0.887707 0.0712051 0.0844773 -0.993878 0.598934 -0.791459 0.121947 0.613381 -0.737849 -0.281678 -0.128515 0.423245 -0.896854 -0.113771 0.317551 -0.941391 -0.323203 0.33571 0.884782 0.270328 -0.760874 0.58991 0.143261 -0.51423 0.845603 0.283405 -0.687169 0.66894 0.630872 -0.763326 0.139045 0.31669 -0.702366 0.637487 -0.0316607 -0.102328 0.994247 0.251653 -0.529908 0.809857 0.338671 -0.695496 0.633709 0.61077 -0.651907 -0.449418 0.438017 -0.758837 0.481983 0.265211 -0.529864 0.805548 0.656638 -0.742648 -0.131533 0.466117 -0.752399 0.465436 -0.0632666 0.219131 -0.973642 0.461048 -0.710184 0.532047 0.586977 -0.76464 0.266052 0.580349 -0.745438 0.327898 0.625152 -0.779893 0.0308381 -0.409793 0.327373 0.851409 -0.201614 0.0988958 0.974459 0.0496072 -0.219898 0.974261 0.666198 -0.492212 -0.560274 0.692275 -0.625281 -0.360249 -0.170215 0.669048 -0.723465 -0.644242 0.764657 -0.015892 0.676606 -0.734719 0.048907 0.592842 -0.757069 0.274563 0.677735 -0.362073 -0.639983 0.388566 -0.719526 0.575585 0.733449 -0.630979 -0.252819 0.728548 -0.517294 -0.449025 0.303688 -0.745995 0.592676 0.734408 -0.666574 -0.127767 0.660705 -0.730946 0.170842 0.787176 -0.513406 -0.341715 0.269172 -0.737366 0.619546 0.739541 -0.673057 -0.00861236 0.785986 -0.498243 -0.366032 0.780053 -0.395473 -0.484891 0.726485 -0.685864 0.0425471 0.286164 0.304925 -0.908367 0.682623 -0.148938 -0.715432 0.491385 0.135086 -0.860402 0.121311 0.46413 -0.877421 0.537692 -0.780709 0.318405 0.804403 -0.565556 -0.181884 0.830195 -0.46517 -0.307236 0.167143 0.493619 -0.853466 0.550151 -0.766501 0.331377 0.20936 -0.64004 0.739268 -0.0402244 0.660008 -0.750181 0.4226 -0.73363 0.532161 -0.662793 0.728027 -0.175161 -0.0160874 0.68615 -0.727282 0.570833 0.308693 -0.760827 0.853328 -0.330283 -0.403416 -0.083434 0.739002 -0.668517 0.269987 0.552846 -0.788333 -0.733385 0.113212 0.67032 0.426449 -0.763373 0.485184 -0.191404 -0.525783 0.828804 -0.570315 0.787907 -0.232257 -0.571692 0.787742 -0.229415 -0.820898 0.257855 0.509547 0.162526 -0.636292 -0.754134 0.195713 -0.742274 -0.640879 0.209388 -0.469661 -0.857657 0.182704 -0.0953721 -0.978531 0.256844 -0.536645 -0.803768 -0.02084 0.987668 -0.155167 0.25852 -0.257507 -0.931052 0.266871 -0.519949 -0.811439 0.286007 -0.56673 -0.772669 0.291837 -0.796053 -0.530218 0.251638 -0.326229 -0.911182 -0.0961428 0.953984 0.284025 0.19511 0.0454709 -0.979727 -0.321937 0.135488 0.937016 -0.207814 0.938595 0.275412 0.314147 -0.833647 -0.454252 0.264046 -0.345271 -0.900593 0.0144571 0.59467 -0.80384 0.120438 0.252151 -0.960164 0.270829 -0.886022 -0.37632 0.244699 -0.67477 -0.696281 -0.0898813 -0.589536 0.802725 -0.221219 0.470286 0.854338 0.155194 -0.250792 -0.95552 -0.00763283 -0.875338 0.48345 0.249528 -0.964088 -0.0909356 -0.302146 0.497681 0.813032 0.158901 -0.208449 -0.965039 0.0537442 0.174173 -0.983247 0.306866 -0.93322 -0.186906 0.250877 -0.663493 -0.704867 0.259167 -0.678761 -0.687107 0.308576 -0.854577 -0.417706 0.302063 -0.919792 -0.25048 0.357131 -0.932403 -0.0555125 0.355675 -0.932962 -0.0554775 -0.126115 -0.0668104 0.989763 -0.113829 -0.0818648 0.990122 0.214036 -0.372642 -0.902954 0.288267 -0.6172 -0.732097 0.120922 -0.0620117 -0.990723 -0.0499677 -0.254214 0.965856 -0.177096 0.381521 0.907237 -0.110529 0.0495123 0.992639 0.0321392 -0.529624 0.847624 0.0841389 -0.724499 0.684121 0.370339 -0.5922 -0.715645 0.259805 -0.341139 -0.903397 0.189106 -0.917503 0.349895 -0.231559 0.949059 -0.213698 0.126153 -0.783152 0.608899 -0.238402 0.74594 -0.621883 0.347293 -0.549311 -0.76003 0.206948 -0.929868 0.304168 0.168657 -0.949859 0.263292 0.240348 -0.184201 -0.953049 -0.0202396 0.258258 -0.965864 0.498704 -0.600513 -0.625043 0.542109 -0.748831 -0.381275 0.0889317 -0.594954 0.798825 -0.249032 0.819593 -0.515995 0.337358 -0.320179 -0.885254 0.424028 -0.431862 -0.79605 -0.129388 0.0491624 0.990375 -0.300735 0.712085 -0.634424 0.0183133 -0.337944 0.940988 0.286759 -0.22926 -0.930166 0.186485 -0.64255 0.743205 0.142146 -0.695651 0.704176 0.619577 -0.721219 -0.309787 0.608777 -0.668888 -0.426591 0.281107 -0.191858 -0.940303 0.272526 -0.902877 0.33248 0.641806 -0.760089 -0.101738 0.659189 -0.748004 -0.0772082 -0.000752568 -0.244617 0.969619 0.142118 -0.625305 0.76733 0.121327 -0.545084 0.829556 0.283596 -0.932112 0.225258 0.286987 -0.87032 0.400227 0.254723 -0.146491 -0.955854 0.0105946 -0.257092 0.966329 0.646829 -0.74962 -0.140291 -0.340155 0.353202 0.871518 0.613096 -0.665283 -0.426043 0.155021 -0.432519 0.888198 -0.154441 -0.0374646 0.987291 0.318848 -0.234202 -0.918415 0.0449608 0.0855056 -0.995323 0.647891 -0.756008 -0.0932134 -0.26593 0.448051 -0.853541 0.602846 -0.522949 -0.602579 0.461249 -0.662244 0.590493 0.00622473 -0.158945 0.987268 -0.108677 -0.0306453 0.993605 0.0597659 -0.199588 0.978056 0.229767 -0.409938 0.882699 -0.470455 0.67195 -0.571976 0.660964 -0.655035 -0.366136 0.589104 -0.757476 0.281402 -0.476219 0.673512 -0.565329 0.278802 -0.446165 0.850415 0.613133 -0.478466 -0.628601 0.636568 -0.7687 -0.0623039 -0.228603 0.47364 -0.850533 -0.18338 0.57086 -0.800307 0.258427 -0.469587 0.844217 0.685342 -0.604092 -0.406668 0.659877 -0.415866 -0.625793 0.619633 -0.310172 -0.721005 0.521141 -0.683738 0.510799 0.4239 -0.608652 0.670709 0.582941 -0.186818 -0.790746 -0.612776 0.586748 0.52937 0.663422 -0.747764 -0.0268507 0.691235 -0.705816 -0.154976 0.604297 -0.782546 0.149824 0.65643 -0.75407 0.0218526 -0.610322 0.791723 -0.0260996 0.302023 0.246019 -0.921009 0.447888 0.0492719 -0.892731 0.714476 -0.525195 -0.462271 0.425287 -0.654631 0.624971 0.0373083 -0.385895 0.921788 0.676886 -0.73607 0.00510305 0.472555 0.0202574 -0.881068 0.591427 -0.184593 -0.784945 -0.685484 0.651971 0.324107 0.689559 -0.365001 -0.625525 0.703753 -0.710394 0.00848133 0.746752 -0.6506 -0.138136 -0.415667 -0.131498 0.899961 0.0583958 -0.581025 0.811788 0.638371 -0.14758 -0.755449 0.72183 -0.315552 -0.615945 -0.0351866 0.538296 -0.842021 0.153307 0.361916 -0.919518 0.293696 0.264709 -0.918516 -0.573121 0.148825 0.805843 0.450259 -0.796779 0.403002 -0.165329 -0.393592 0.904296 0.640049 -0.152807 -0.752986 -0.281104 -0.251882 0.926033 -0.19729 -0.345493 0.917448 0.057713 -0.584345 0.809451 0.523368 0.0251859 -0.851734 0.784334 -0.350226 -0.512018 0.708369 -0.703143 0.0616735 -0.335916 0.696217 -0.634383 0.823675 -0.51674 -0.233537 0.467304 -0.785225 0.406261 -0.0361023 0.540369 -0.840654 0.264969 -0.701606 0.661469 0.34782 -0.732473 0.585239 -0.0857152 0.580751 -0.809556 -0.515581 0.746232 -0.421087 -0.407496 0.738971 -0.536534 -0.749647 0.642795 0.157619 -0.388202 0.752651 -0.531804 -0.126212 0.662242 -0.738584 0.116912 0.555747 -0.82309 -0.381577 0.743287 -0.549476 -0.0345397 -0.465609 0.884316 0.281946 0.493971 -0.822496 -0.601576 0.755675 -0.258961 -0.33577 -0.217962 0.916379 0.694468 -0.707079 0.133241 0.247871 0.551606 -0.796424 -0.780487 0.607503 0.147583 -0.331041 -0.13837 0.933416 -0.810546 0.567942 0.14303 0.445369 -0.73482 0.511553 -0.840477 0.339811 0.42205 0.17397 -0.626497 0.75976 -0.435101 -0.324537 0.839859 -0.696758 0.710746 -0.0967914 -0.828373 0.499965 0.252653 -0.116836 0.740397 -0.661938 -0.710564 0.0107157 0.703551 0.312299 -0.772566 0.552821 0.0266029 -0.712773 0.70089 0.239784 -0.781909 0.575432 -0.216335 -0.59186 0.776467 0.286081 -0.819414 0.496708 0.211009 -0.258112 -0.94279 0.115772 0.706212 -0.698471 0.141766 0.427751 -0.89271 0.0449053 0.916965 -0.396432 0.198034 0.039555 -0.979397 0.141037 0.359537 -0.922411 0.026421 0.881628 -0.471204 -0.194503 0.674172 0.712503 0.188792 -0.100214 -0.97689 -0.221914 0.468101 0.855357 -0.220158 0.151742 0.96359 -0.0684977 0.713443 -0.697357 -0.249802 0.764047 0.594837 -0.189832 0.880759 0.433851 -0.194486 0.0459854 0.979827 -0.14136 -0.328153 0.933988 -0.1391 -0.386117 0.911902 -0.286469 0.923983 0.253361 -0.0457624 0.545947 -0.836569 -0.300122 0.508021 0.807367 -0.0428673 -0.618727 0.784436 -0.0421596 -0.616464 0.786254 -0.0861973 0.715653 -0.693117 -0.0212915 0.496789 -0.86761 0.0764632 0.121838 -0.9896 -0.143355 -0.244876 0.958898 -0.222821 0.974757 -0.0140988 -0.255799 0.966418 0.0245716 0.0585652 -0.651226 0.75662 -0.0491166 -0.420126 0.906136 -0.201361 0.939971 -0.275516 -0.27317 0.83584 0.476183 -0.260339 0.581742 0.770584 -0.021999 0.413957 -0.91003 -0.172759 0.282824 0.943486 -0.129847 0.70722 -0.694968 0.100217 -0.0293784 -0.994532 -0.282257 0.956528 0.0733884 0.430399 -0.723024 -0.540363 -0.252402 0.694068 0.674212 0.367132 -0.534802 -0.761052 -0.0280255 -0.24231 0.969794 -0.0915802 0.0310096 0.995315 -0.281544 0.713488 0.641614 0.215513 -0.946083 0.241827 -0.44736 0.79524 -0.409221 0.561008 -0.597652 -0.572785 0.525856 -0.52336 -0.6705 0.452007 -0.426487 -0.783453 -0.113254 0.0207547 0.993349 -0.141113 -0.796402 0.588075 -0.00620299 -0.990363 0.138354 -0.98484 -0.000285831 -0.173464 -0.984803 0.000211713 -0.173675 -0.273886 0.197072 0.941355 -0.204005 0.429914 0.87952 -0.965047 -0.092419 -0.24524 -0.984802 -8.86601e-06 -0.173683 -0.100668 0.958754 0.265812 -0.984808 2.41121e-06 -0.173649 -0.0870306 0.952784 -0.290911 -0.984808 6.01892e-06 -0.173647 -0.984808 5.41299e-06 -0.173647 -0.984806 -5.97103e-07 -0.173658 -0.984806 8.47901e-07 -0.173656 0.0724219 0.550186 -0.831896 0.81032 -0.568117 -0.143615 0.885938 -0.37132 -0.277912 0.641217 -0.748653 0.168403 0.579252 0.573562 0.579218 0.0872576 -0.721483 0.686913 0.579196 0.573696 0.579142 0.243315 0.585562 -0.77325 0.579249 0.573565 0.579219 0.579269 0.573056 0.579702 0.579347 0.573716 0.57897 0.578111 0.572848 0.581062 -0.829292 0.220727 0.513376 0.57964 0.573326 0.579064 0.579222 0.573567 0.579243 0.579124 0.573571 0.579337 0.57922 0.573566 0.579246 -0.841478 0.517896 0.153943 1 0 0 -1 0 0 -1 0 0 -1 0 0 -1 0 0 -1 0 0 -1 0 0 -1 0 0 -1 0 0 -1 0 0 -1 0 0 -1 0 0 -1 0 0 -1 0 0 -1 0 0 -1 0 0 -1 0 0 -1 0 0 -1 0 0 -1 0 0 -1 0 0 -1 0 0 -1 0 0 -1 0 0 -1 0 0 -1 0 0 -1 0 0 -1 0 0 -1 0 0 -1 0 0 -1 0 0 -1 0 0 -1 0 0 -1 0 0 -1 0 0 -1 0 0 -1 0 0 -1 0 0 -1 0 0 -1 0 0 -1 0 0 -1 0 0 -1 0 0 -1 0 0 -1 0 0 -1 0 0 -1 0 0 -1 0 0 -1 0 0 -1 0 0 -1 0 0 -1 0 0 -1 0 0 -1 0 0 -1 0 0 -1 0 0 -1 0 0 -1 0 0 -1 0 0 -1 0 0 -1 0 0 -1 0 0 -1 0 0 -1 0 0 -1 0 0 -1 0 0 -1 0 0 -1 0 0 -1 0 0 -1 0 0 -1 0 0 -1 0 0 -1 0 0 -1 0 0 -1 0 0 -1 0 0 -1 0 0 -1 0 0 -1 0 0 -1 0 0 -1 0 0 -1 0 0 -1 0 0 -1 0 0 -1 0 0 -1 0 0 -1 0 0 -1 0 0 -1 0 0 -1 0 0 -1 0 0 -1 0 0 -1 0 0 -1 0 0 -1 0 0 0 0.877334 -0.479881 0 0.877334 -0.479881 0 0.906729 -0.421713 0 0.906729 -0.421713 0 0.937963 -0.346735 0 0.937963 -0.346735 0 0.958531 -0.284989 0 0.958531 -0.284989 -0.0160007 0.978383 -0.20618 0 0.975048 -0.221994 9.85665e-05 0.984696 -0.174281 -0.0240623 0.991741 -0.125976 0 0.993941 -0.109914 0 0.998982 -0.0451216 0 0.998982 -0.0451216 0 0.9998 0.0199967 -0.0160789 0.999214 0.0362263 0.00804334 0.99636 0.0848604 -0.00801857 0.994852 0.101019 0.0161685 0.988635 0.149467 0 0.986191 0.165613 0 0.973371 0.229234 0 0.973371 0.229234 -0.0242609 0.951225 0.307544 0 0.956406 0.292041 -0.0241897 0.916805 0.398603 -0.000127304 0.935371 0.353669 0 0.910454 0.41361 -0.024155 0.873554 0.486128 0 0.881606 0.471986 0.00798539 0.840381 0.541937 -0.00817474 0.831421 0.555583 -0.0160185 0.783481 0.621209 0.0160381 0.80318 0.59552 -0.0161907 0.741419 0.670847 1.9288e-06 0.763066 0.646321 0 0.730444 0.682972 -0.0161752 0.684514 0.72882 0 0.696421 0.717634 0.0080077 0.648172 0.761452 -0.0239951 0.623048 0.781816 0.00732508 0.600101 0.79989 1.61671e-05 0.857173 -0.515028 0 0.857172 -0.51503 0 0 -1 0 0 -1 -0.0170278 -0.597603 0.801612 -0.0111095 -0.593154 0.805012 0.00842154 -0.637241 0.770619 -0.0083302 -0.649917 0.759959 0.0169204 -0.686968 0.726491 -0.0167591 -0.710771 0.703224 7.29948e-06 -0.733794 0.679372 -0.0251804 -0.766478 0.641777 0 -0.777274 0.629162 0 -0.817339 0.576158 -0.025246 -0.826553 0.562293 0.00837044 -0.862326 0.506284 -0.025175 -0.878398 0.477266 0.0252437 -0.901098 0.432881 -0.00834148 -0.915236 0.402833 0.0168389 -0.934054 0.356735 -0.016827 -0.945408 0.325456 -1.97239e-05 -0.955834 0.293907 -0.0251941 -0.968975 0.24587 -0.0252201 -0.968979 0.245854 0.00837772 -0.983442 0.181027 -0.00842301 -0.986314 0.164663 0.0168041 -0.993191 0.11528 -0.0168061 -0.996472 0.0822221 -0.0252013 -0.999682 -0.000731857 -9.67375e-06 -0.998794 0.0490892 0 -0.99985 -0.0173474 0 -0.99649 -0.0837107 0 -0.99649 -0.0837107 0 -0.986107 -0.166109 0 -0.986107 -0.166109 0 -0.972907 -0.231199 -0.0252301 -0.968618 -0.247271 0.0083947 -0.950308 -0.311197 -0.00834987 -0.945025 -0.32689 0.0168531 -0.927474 -0.373507 0 -0.921253 -0.388963 0 -0.900763 -0.43431 0 -0.900763 -0.43431 0 -0.869916 -0.493199 0 -0.869916 -0.493199 0 -0.835191 -0.54996 0 -0.835191 -0.54996 0 -0.796944 -0.604053 -0.0168281 -0.786675 -0.617137 7.85064e-05 -0.765716 -0.643179 -0.0250985 -0.732506 -0.680298 0 -0.721374 -0.692545 0 -0.673851 -0.738867 0 -0.673851 -0.738867 0 -0.623154 -0.782099 -0.0167486 -0.610033 -0.792199 0.00839374 -0.569973 -0.821621 -0.00839533 -0.556256 -0.830969 -0.0167215 -0.485303 -0.874186 0.0168519 -0.514045 -0.857598 0.00848578 -0.441197 -0.89737 -0.00849128 -0.426071 -0.90465 0 -0.365302 -0.930889 0.0166595 -0.38053 -0.924619 0 -0.30248 -0.953156 0 -0.30248 -0.953156 0 -0.173583 -0.984819 0 -0.238532 -0.971135 0 -0.238532 -0.971135 0 -0.173583 -0.984819 -0.016854 -0.107819 -0.994028 0 -0.124383 -0.992234 0 -0.0746455 -0.99721 -0.0251554 -0.0249394 -0.999372 0 -0.0415247 -0.999138 0 -0.766045 0.642787 0 -0.766045 0.642787 0 0 1 0 0 1 0.0512399 0.0473479 0.997563 0.0133332 0.168426 -0.985624 -0.0486786 0.469905 -0.881374 0.000150448 0.51849 -0.855084 0.270805 -0.922495 0.275078 -0.0304783 0.747141 -0.663966 0 0.746445 0.665447 0.132724 0.754377 0.642884 7.14394e-05 -0.650356 0.75963 -0.0151262 -0.722354 0.691358 0 -0.691531 0.722347 -0.106183 0.601279 -0.791953 -0.113507 0.394183 0.911995 -1 0 0 -0.169479 -0.973116 -0.155956 -1 0 0 -1 0 0 -0.819646 0.0083268 -0.57281 -0.415597 0.0379185 -0.908758 -0.989598 0.0359317 0.139299 0 1 0 0 1 0 0 1 0 0 1 0 0 1 0 0 1 0 0 1 0 0 1 0 0.994887 0.00837628 0.100648 0 1 0 0 1 0 0.812294 0.0356567 0.582158 0.767027 0.00355965 0.641605 0.0985463 -0.975622 -0.196086 0.248402 -0.963178 -0.102882 0.274297 -0.322426 0.905982 0.853228 -0.473869 0.217831 0.697438 -0.537224 0.474311 -0.894171 -0.342412 -0.288464 -0.428881 -0.212952 0.877903 0.0537654 -0.223705 -0.973173 -0.859348 -0.198943 0.471108 -0.0309343 -0.978546 -0.203695 0.0174751 -0.0106289 0.999791 0.222078 -0.0248925 0.974711 0.937263 -0.00215344 0.348617 0.975979 -0.00869792 0.217691 0.947914 -0.0129484 0.318263 0.999326 -0.00486402 0.0363904 0.945823 -0.0106464 -0.324507 0.923781 -0.0155061 -0.382608 0.750458 0.00193138 -0.660916 0.44904 -0.00526254 -0.893496 0.397504 -0.00130598 -0.917599 0.0471638 -0.00246219 -0.998884 -0.258685 -0.00662795 -0.965939 -0.150131 -0.0132975 -0.988577 -0.51082 0.000342798 -0.859688 -0.713455 -0.00734249 -0.700663 -0.704823 -0.0319118 0.708665 -0.533843 -0.00968054 0.845528 0.454447 -0.0032026 0.890768 0.76009 0.002548 0.649813 -0.945986 -0.00136113 -0.324204 -0.999008 0.0173534 0.0410156</float_array>
                    <technique_common>
                        <accessor count="8000" source="#shape0-lib-normals-array" stride="3">
                            <param name="X" type="float"/>
                            <param name="Y" type="float"/>
                            <param name="Z" type="float"/>
                        </accessor>
                    </technique_common>
                </source>
                <vertices id="shape0-lib-vertices">
                    <input semantic="POSITION" source="#shape0-lib-positions"/>
                </vertices>
                <triangles count="8000">
                    <input offset="0" semantic="VERTEX" source="#shape0-lib-vertices"/>
                    <input offset="1" semantic="NORMAL" source="#shape0-lib-normals"/>
                    <p>2639 0 7 0 0 0 0 1 7 1 2637 1 2637 2 2 2 1 2 2 3 2641 3 1 3 2641 4 2 4 3 4 3 5 4 5 2642 5 4 6 5 6 2642 6 5 7 7 7 6 7 6 8 7 8 2639 8 8 9 9 9 10 9 11 10 15 10 8 10 8 11 15 11 9 11 10 12 12 12 13 12 9 13 12 13 10 13 14 14 15 14 11 14 12 15 19 15 13 15 19 16 16 16 13 16 17 17 18 17 14 17 14 18 18 18 15 18 19 19 20 19 16 19 21 20 25 20 17 20 17 21 25 21 18 21 22 22 23 22 21 22 24 23 23 23 22 23 23 24 25 24 21 24 19 25 26 25 20 25 26 26 27 26 20 26 26 27 28 27 27 27 28 28 29 28 27 28 28 29 30 29 29 29 28 30 32 30 30 30 32 31 31 31 30 31 32 32 33 32 31 32 32 33 34 33 33 33 34 34 35 34 33 34 34 35 36 35 35 35 36 36 37 36 35 36 36 37 38 37 37 37 38 38 39 38 37 38 38 39 41 39 39 39 41 40 40 40 39 40 41 41 42 41 40 41 41 42 43 42 42 42 43 43 44 43 42 43 43 44 45 44 44 44 45 45 46 45 44 45 45 46 48 46 46 46 48 47 47 47 46 47 48 48 49 48 47 48 48 49 50 49 49 49 50 50 51 50 49 50 50 51 52 51 51 51 52 52 53 52 51 52 52 53 54 53 53 53 52 54 55 54 54 54 55 55 56 55 54 55 57 56 67 56 22 56 22 57 67 57 24 57 55 58 59 58 56 58 59 59 58 59 56 59 59 60 60 60 58 60 59 61 61 61 60 61 61 62 62 62 60 62 61 63 63 63 62 63 63 64 64 64 62 64 63 65 65 65 64 65 65 66 66 66 64 66 67 67 68 67 70 67 57 68 68 68 67 68 65 69 69 69 66 69 65 70 71 70 69 70 68 71 72 71 70 71 71 72 73 72 69 72 72 73 77 73 70 73 71 74 74 74 73 74 72 75 75 75 77 75 74 76 76 76 73 76 74 77 78 77 76 77 78 78 79 78 76 78 75 79 80 79 77 79 78 80 84 80 79 80 75 81 81 81 80 81 84 82 82 82 79 82 81 83 83 83 80 83 81 84 85 84 83 84 84 85 86 85 82 85 85 86 87 86 83 86 84 87 88 87 86 87 85 88 89 88 87 88 89 89 90 89 87 89 89 90 91 90 90 90 91 91 92 91 90 91 91 92 93 92 92 92 93 93 94 93 92 93 93 94 99 94 94 94 99 95 100 95 94 95 88 96 95 96 86 96 101 97 95 97 96 97 96 98 95 98 97 98 97 99 95 99 98 99 98 100 95 100 88 100 99 101 102 101 100 101 102 102 103 102 100 102 95 103 104 103 86 103 101 104 105 104 95 104 102 105 106 105 103 105 106 106 107 106 103 106 95 107 108 107 104 107 106 108 109 108 107 108 109 109 110 109 107 109 109 110 111 110 110 110 111 111 112 111 110 111 111 112 113 112 112 112 112 113 113 113 114 113 113 114 115 114 114 114 114 115 115 115 116 115 115 116 117 116 116 116 116 117 117 117 118 117 118 118 119 118 120 118 117 119 119 119 118 119 120 120 121 120 122 120 119 121 121 121 120 121 122 122 123 122 124 122 121 123 123 123 122 123 124 124 125 124 126 124 123 125 125 125 124 125 126 126 127 126 128 126 125 127 127 127 126 127 128 128 129 128 130 128 127 129 129 129 128 129 130 130 131 130 132 130 129 131 131 131 130 131 132 132 133 132 134 132 131 133 133 133 132 133 1759 134 1758 134 135 134 135 135 148 135 1759 135 138 136 136 136 137 136 133 137 139 137 134 137 138 138 140 138 136 138 142 139 140 139 138 139 142 140 141 140 140 140 139 141 141 141 142 141 133 142 141 142 139 142 1758 143 95 143 135 143 135 144 95 144 143 144 143 145 95 145 144 145 144 146 95 146 145 146 145 147 95 147 146 147 146 148 95 148 147 148 147 149 95 149 105 149 135 150 137 150 136 150 135 151 136 151 148 151 150 152 165 152 164 152 150 153 164 153 149 153 150 154 149 154 151 154 152 155 150 155 151 155 153 156 152 156 151 156 156 157 153 157 154 157 156 158 154 158 155 158 158 159 156 159 155 159 158 160 155 160 157 160 159 161 158 161 157 161 161 162 159 162 160 162 161 163 160 163 163 163 162 164 161 164 163 164 162 165 163 165 164 165 165 166 162 166 164 166 151 167 154 167 153 167 149 168 154 168 151 168 149 169 155 169 154 169 149 170 157 170 155 170 164 171 157 171 149 171 164 172 160 172 157 172 157 173 160 173 159 173 163 174 160 174 164 174 167 175 166 175 169 175 168 176 167 176 169 176 168 177 169 177 170 177 171 178 168 178 170 178 171 179 170 179 173 179 172 180 171 180 173 180 172 181 173 181 175 181 174 182 172 182 175 182 174 183 175 183 176 183 177 184 174 184 176 184 179 185 177 185 178 185 180 186 179 186 181 186 180 187 181 187 182 187 183 188 182 188 184 188 183 189 184 189 186 189 185 190 183 190 186 190 185 191 186 191 187 191 188 192 185 192 187 192 188 193 187 193 189 193 191 194 188 194 189 194 191 195 189 195 190 195 191 196 190 196 192 196 194 197 191 197 192 197 194 198 192 198 193 198 195 199 194 199 193 199 195 200 193 200 166 200 167 201 195 201 166 201 170 202 169 202 173 202 169 203 175 203 173 203 176 204 178 204 177 204 192 205 190 205 193 205 175 206 190 206 176 206 193 207 190 207 166 207 169 208 190 208 175 208 166 209 190 209 169 209 178 210 181 210 179 210 189 211 187 211 190 211 176 212 187 212 178 212 190 213 187 213 176 213 181 214 184 214 182 214 178 215 186 215 181 215 187 216 186 216 178 216 181 217 186 217 184 217 197 218 1239 218 1237 218 197 219 196 219 1239 219 199 220 1236 220 198 220 204 221 203 221 3255 221 206 222 204 222 205 222 213 223 212 223 3279 223 222 224 221 224 3309 224 228 225 227 225 1265 225 231 226 1263 226 3320 226 231 227 3320 227 232 227 234 228 233 228 1259 228 234 229 1259 229 235 229 236 230 234 230 235 230 247 231 246 231 3276 231 247 232 3276 232 1246 232 249 233 248 233 3266 233 250 234 229 234 1266 234 251 235 229 235 250 235 252 236 250 236 1266 236 253 237 229 237 251 237 254 238 1266 238 230 238 254 239 252 239 1266 239 255 240 228 240 229 240 255 241 229 241 253 241 256 242 254 242 230 242 257 243 228 243 255 243 258 244 256 244 230 244 258 245 230 245 1264 245 259 246 228 246 257 246 260 247 258 247 1264 247 261 248 228 248 259 248 261 249 227 249 228 249 262 250 260 250 1264 250 263 251 227 251 261 251 264 252 262 252 1264 252 265 253 226 253 227 253 265 254 227 254 263 254 266 255 264 255 1264 255 266 256 1264 256 1263 256 267 257 226 257 265 257 268 258 266 258 1263 258 268 259 1263 259 231 259 268 260 231 260 232 260 269 261 226 261 267 261 270 262 268 262 232 262 271 263 226 263 269 263 271 264 225 264 226 264 272 265 270 265 232 265 273 266 225 266 271 266 273 267 224 267 225 267 274 268 272 268 232 268 274 269 232 269 233 269 275 270 224 270 273 270 275 271 223 271 224 271 276 272 274 272 233 272 276 273 233 273 234 273 277 274 223 274 275 274 278 275 276 275 234 275 279 276 222 276 223 276 279 277 223 277 277 277 280 278 278 278 234 278 280 279 234 279 236 279 281 280 222 280 279 280 282 281 280 281 236 281 283 282 221 282 222 282 283 283 222 283 281 283 284 284 282 284 236 284 284 285 236 285 237 285 285 286 221 286 283 286 286 287 284 287 237 287 287 288 221 288 285 288 287 289 1256 289 221 289 288 290 286 290 237 290 289 291 1256 291 287 291 290 292 288 292 237 292 290 293 237 293 1258 293 291 294 1256 294 289 294 292 295 290 295 1258 295 292 296 1258 296 238 296 293 297 1256 297 291 297 293 298 220 298 1256 298 294 299 238 299 239 299 294 300 292 300 238 300 295 301 220 301 293 301 296 302 239 302 240 302 296 303 294 303 239 303 297 304 220 304 295 304 297 305 219 305 220 305 298 306 240 306 241 306 298 307 296 307 240 307 299 308 219 308 297 308 300 309 298 309 241 309 218 310 219 310 299 310 301 311 218 311 299 311 302 312 241 312 1252 312 302 313 300 313 241 313 303 314 217 314 218 314 303 315 218 315 301 315 304 316 1252 316 1250 316 304 317 302 317 1252 317 305 318 217 318 303 318 306 319 304 319 1250 319 307 320 217 320 305 320 307 321 216 321 217 321 308 322 1250 322 242 322 308 323 306 323 1250 323 215 324 216 324 307 324 309 325 215 325 307 325 310 326 308 326 242 326 311 327 215 327 309 327 243 328 310 328 242 328 312 329 310 329 243 329 313 330 215 330 311 330 214 331 215 331 313 331 244 332 314 332 312 332 244 333 312 333 243 333 315 334 214 334 313 334 1248 335 214 335 315 335 244 336 316 336 314 336 317 337 1248 337 315 337 1247 338 316 338 244 338 1247 339 318 339 316 339 319 340 1248 340 317 340 1247 341 320 341 318 341 213 342 1248 342 319 342 213 343 319 343 321 343 322 344 320 344 1247 344 213 345 321 345 323 345 245 346 324 346 322 346 245 347 322 347 1247 347 212 348 213 348 323 348 212 349 323 349 325 349 246 350 326 350 324 350 246 351 324 351 245 351 327 352 212 352 325 352 328 353 326 353 246 353 329 354 328 354 246 354 211 355 327 355 330 355 211 356 212 356 327 356 247 357 329 357 246 357 211 358 330 358 331 358 247 359 332 359 329 359 210 360 331 360 333 360 210 361 211 361 331 361 247 362 334 362 332 362 210 363 333 363 335 363 248 364 336 364 334 364 248 365 334 365 247 365 337 366 336 366 248 366 210 367 335 367 338 367 209 368 210 368 338 368 209 369 338 369 339 369 248 370 340 370 337 370 1245 371 209 371 339 371 1245 372 339 372 341 372 249 373 340 373 248 373 249 374 342 374 340 374 1243 375 1245 375 341 375 1243 376 341 376 343 376 1244 377 344 377 345 377 1244 378 342 378 249 378 1244 379 345 379 342 379 1243 380 343 380 346 380 208 381 1243 381 346 381 208 382 346 382 347 382 196 383 348 383 344 383 196 384 349 384 348 384 196 385 344 385 1244 385 208 386 347 386 350 386 196 387 351 387 349 387 207 388 350 388 352 388 207 389 208 389 350 389 197 390 351 390 196 390 206 391 352 391 353 391 206 392 207 392 352 392 1237 393 354 393 351 393 1237 394 351 394 197 394 206 395 355 395 356 395 206 396 353 396 355 396 1237 397 357 397 354 397 1237 398 358 398 357 398 1236 399 359 399 358 399 1236 400 358 400 1237 400 204 401 360 401 361 401 204 402 356 402 360 402 204 403 206 403 356 403 199 404 359 404 1236 404 199 405 362 405 359 405 203 406 204 406 361 406 203 407 363 407 364 407 203 408 361 408 363 408 199 409 365 409 362 409 199 410 366 410 365 410 203 411 364 411 367 411 1235 412 366 412 199 412 202 413 203 413 367 413 1235 414 368 414 366 414 1233 415 202 415 367 415 1233 416 367 416 369 416 1234 417 368 417 1235 417 1234 418 370 418 368 418 1233 419 369 419 371 419 200 420 372 420 370 420 200 421 370 421 1234 421 1233 422 371 422 373 422 200 423 374 423 372 423 200 424 375 424 374 424 201 425 373 425 375 425 201 426 1233 426 373 426 201 427 375 427 200 427 378 428 377 428 379 428 378 429 376 429 377 429 380 430 379 430 381 430 380 431 378 431 379 431 382 432 381 432 383 432 382 433 380 433 381 433 384 434 382 434 383 434 384 435 383 435 385 435 387 436 384 436 385 436 387 437 385 437 386 437 387 438 386 438 388 438 389 439 388 439 391 439 389 440 387 440 388 440 390 441 389 441 391 441 390 442 391 442 392 442 393 443 392 443 394 443 393 444 390 444 392 444 395 445 393 445 394 445 395 446 394 446 396 446 397 447 396 447 398 447 397 448 395 448 396 448 399 449 398 449 400 449 399 450 397 450 398 450 399 451 400 451 401 451 402 452 399 452 401 452 402 453 401 453 403 453 404 454 402 454 403 454 404 455 403 455 405 455 406 456 404 456 405 456 406 457 405 457 407 457 406 458 407 458 409 458 408 459 406 459 409 459 408 460 409 460 410 460 411 461 408 461 410 461 411 462 410 462 412 462 413 463 411 463 412 463 413 464 412 464 414 464 415 465 413 465 414 465 415 466 414 466 416 466 417 467 415 467 416 467 417 468 416 468 418 468 419 469 417 469 418 469 419 470 418 470 421 470 420 471 419 471 421 471 420 472 421 472 423 472 422 473 420 473 423 473 422 474 423 474 424 474 425 475 422 475 424 475 425 476 424 476 426 476 427 477 425 477 426 477 428 478 427 478 426 478 428 479 426 479 429 479 430 480 428 480 429 480 430 481 429 481 432 481 431 482 430 482 432 482 431 483 432 483 434 483 433 484 431 484 434 484 433 485 434 485 437 485 435 486 433 486 437 486 436 487 435 487 437 487 436 488 437 488 438 488 440 489 436 489 438 489 440 490 438 490 439 490 440 491 439 491 442 491 441 492 440 492 442 492 441 493 442 493 443 493 444 494 441 494 443 494 444 495 443 495 445 495 446 496 444 496 445 496 446 497 445 497 447 497 376 498 447 498 377 498 376 499 446 499 447 499 449 500 439 500 448 500 450 501 439 501 438 501 450 502 448 502 439 502 451 503 439 503 449 503 452 504 450 504 438 504 453 505 442 505 439 505 453 506 439 506 451 506 454 507 438 507 437 507 454 508 452 508 438 508 455 509 442 509 453 509 456 510 454 510 437 510 457 511 443 511 442 511 457 512 442 512 455 512 458 513 456 513 437 513 459 514 443 514 457 514 460 515 458 515 437 515 461 516 443 516 459 516 462 517 460 517 437 517 463 518 443 518 461 518 464 519 437 519 434 519 464 520 462 520 437 520 465 521 443 521 463 521 466 522 464 522 434 522 467 523 445 523 443 523 467 524 443 524 465 524 468 525 466 525 434 525 469 526 445 526 467 526 470 527 468 527 434 527 470 528 434 528 432 528 471 529 445 529 469 529 472 530 470 530 432 530 473 531 447 531 445 531 473 532 445 532 471 532 474 533 472 533 432 533 475 534 447 534 473 534 476 535 474 535 432 535 477 536 447 536 475 536 478 537 476 537 432 537 479 538 377 538 447 538 479 539 447 539 477 539 480 540 478 540 432 540 480 541 432 541 429 541 481 542 377 542 479 542 482 543 480 543 429 543 483 544 377 544 481 544 484 545 482 545 429 545 485 546 379 546 377 546 485 547 377 547 483 547 486 548 484 548 429 548 486 549 429 549 426 549 487 550 379 550 485 550 488 551 486 551 426 551 489 552 379 552 487 552 490 553 488 553 426 553 491 554 381 554 379 554 491 555 379 555 489 555 492 556 490 556 426 556 493 557 381 557 491 557 494 558 492 558 426 558 495 559 381 559 493 559 496 560 426 560 424 560 496 561 494 561 426 561 497 562 383 562 381 562 497 563 381 563 495 563 498 564 496 564 424 564 499 565 383 565 497 565 500 566 498 566 424 566 501 567 385 567 383 567 501 568 383 568 499 568 502 569 500 569 424 569 503 570 386 570 385 570 503 571 385 571 501 571 504 572 502 572 424 572 505 573 386 573 503 573 506 574 504 574 424 574 506 575 424 575 423 575 507 576 386 576 505 576 508 577 506 577 423 577 509 578 386 578 507 578 510 579 508 579 423 579 386 580 509 580 511 580 512 581 510 581 423 581 388 582 511 582 513 582 388 583 386 583 511 583 423 584 514 584 512 584 388 585 513 585 515 585 388 586 515 586 516 586 421 587 514 587 423 587 421 588 517 588 514 588 391 589 388 589 516 589 421 590 518 590 517 590 391 591 516 591 519 591 421 592 520 592 521 592 421 593 521 593 518 593 391 594 519 594 522 594 391 595 522 595 523 595 421 596 524 596 520 596 391 597 523 597 525 597 418 598 526 598 524 598 418 599 524 599 421 599 392 600 525 600 527 600 392 601 391 601 525 601 418 602 528 602 526 602 394 603 527 603 529 603 394 604 392 604 527 604 418 605 530 605 528 605 394 606 529 606 531 606 418 607 532 607 533 607 418 608 533 608 530 608 394 609 531 609 534 609 416 610 532 610 418 610 394 611 534 611 535 611 394 612 535 612 536 612 416 613 537 613 532 613 396 614 394 614 536 614 416 615 538 615 537 615 396 616 536 616 539 616 416 617 540 617 538 617 396 618 539 618 541 618 416 619 542 619 540 619 416 620 543 620 542 620 398 621 541 621 544 621 398 622 396 622 541 622 414 623 545 623 543 623 414 624 543 624 416 624 398 625 544 625 546 625 398 626 546 626 547 626 412 627 548 627 549 627 412 628 549 628 545 628 412 629 545 629 414 629 400 630 547 630 550 630 400 631 398 631 547 631 412 632 551 632 548 632 400 633 550 633 552 633 400 634 552 634 553 634 412 635 554 635 555 635 412 636 555 636 551 636 401 637 553 637 556 637 401 638 556 638 557 638 401 639 400 639 553 639 410 640 554 640 412 640 410 641 558 641 554 641 410 642 559 642 558 642 401 643 557 643 560 643 401 644 560 644 561 644 401 645 561 645 562 645 410 646 563 646 564 646 410 647 564 647 559 647 403 648 401 648 562 648 409 649 563 649 410 649 409 650 565 650 563 650 403 651 562 651 566 651 409 652 567 652 565 652 405 653 566 653 568 653 405 654 403 654 566 654 407 655 569 655 567 655 407 656 567 656 409 656 405 657 568 657 570 657 405 658 570 658 571 658 407 659 572 659 569 659 407 660 571 660 573 660 407 661 573 661 572 661 407 662 405 662 571 662 345 663 344 663 479 663 479 664 344 664 481 664 481 665 348 665 483 665 344 666 348 666 481 666 483 667 349 667 485 667 348 668 349 668 483 668 485 669 351 669 487 669 349 670 351 670 485 670 487 671 354 671 489 671 351 672 354 672 487 672 489 673 357 673 491 673 354 674 357 674 489 674 491 675 358 675 493 675 357 676 358 676 491 676 493 677 359 677 495 677 358 678 359 678 493 678 495 679 362 679 497 679 359 680 362 680 495 680 497 681 365 681 499 681 362 682 365 682 497 682 365 683 366 683 499 683 499 684 366 684 501 684 366 685 368 685 501 685 501 686 368 686 503 686 368 687 370 687 503 687 503 688 370 688 505 688 370 689 372 689 505 689 505 690 372 690 507 690 372 691 374 691 507 691 507 692 374 692 509 692 374 693 375 693 509 693 509 694 375 694 511 694 375 695 373 695 511 695 511 696 373 696 513 696 373 697 371 697 513 697 513 698 371 698 515 698 371 699 369 699 515 699 515 700 369 700 516 700 369 701 367 701 516 701 516 702 367 702 519 702 367 703 364 703 519 703 519 704 364 704 522 704 364 705 363 705 522 705 522 706 363 706 523 706 523 707 361 707 525 707 363 708 361 708 523 708 525 709 360 709 527 709 361 710 360 710 525 710 527 711 356 711 529 711 360 712 356 712 527 712 529 713 355 713 531 713 356 714 355 714 529 714 531 715 353 715 534 715 355 716 353 716 531 716 534 717 352 717 535 717 353 718 352 718 534 718 535 719 350 719 536 719 352 720 350 720 535 720 536 721 347 721 539 721 350 722 347 722 536 722 539 723 346 723 541 723 347 724 346 724 539 724 541 725 343 725 544 725 346 726 343 726 541 726 544 727 341 727 546 727 343 728 341 728 544 728 546 729 339 729 547 729 341 730 339 730 546 730 547 731 338 731 550 731 339 732 338 732 547 732 550 733 335 733 552 733 338 734 335 734 550 734 335 735 333 735 552 735 552 736 333 736 553 736 333 737 331 737 553 737 553 738 331 738 556 738 331 739 330 739 556 739 556 740 330 740 557 740 330 741 327 741 557 741 557 742 327 742 560 742 327 743 325 743 560 743 560 744 325 744 561 744 325 745 323 745 561 745 561 746 323 746 562 746 323 747 321 747 562 747 562 748 321 748 566 748 321 749 319 749 566 749 566 750 319 750 568 750 319 751 317 751 568 751 568 752 317 752 570 752 317 753 315 753 570 753 570 754 315 754 571 754 315 755 313 755 571 755 571 756 313 756 573 756 313 757 311 757 573 757 573 758 311 758 572 758 311 759 309 759 572 759 572 760 309 760 569 760 309 761 307 761 569 761 569 762 307 762 567 762 307 763 305 763 567 763 567 764 305 764 565 764 305 765 303 765 565 765 565 766 303 766 563 766 303 767 301 767 563 767 563 768 301 768 564 768 301 769 299 769 564 769 564 770 299 770 559 770 299 771 297 771 559 771 559 772 297 772 558 772 297 773 295 773 558 773 558 774 295 774 554 774 295 775 293 775 554 775 554 776 293 776 555 776 555 777 291 777 551 777 293 778 291 778 555 778 551 779 289 779 548 779 291 780 289 780 551 780 548 781 287 781 549 781 289 782 287 782 548 782 549 783 285 783 545 783 287 784 285 784 549 784 285 785 283 785 545 785 545 786 283 786 543 786 283 787 281 787 543 787 543 788 281 788 542 788 542 789 281 789 540 789 281 790 279 790 540 790 540 791 279 791 538 791 279 792 277 792 538 792 538 793 277 793 537 793 277 794 275 794 537 794 275 795 273 795 537 795 537 796 273 796 532 796 532 797 273 797 533 797 273 798 271 798 533 798 271 799 269 799 533 799 533 800 269 800 530 800 269 801 267 801 530 801 530 802 267 802 528 802 267 803 265 803 528 803 528 804 265 804 526 804 526 805 265 805 524 805 265 806 263 806 524 806 524 807 263 807 520 807 263 808 261 808 520 808 261 809 259 809 520 809 520 810 259 810 521 810 521 811 257 811 518 811 259 812 257 812 521 812 518 813 255 813 517 813 257 814 255 814 518 814 517 815 253 815 514 815 514 816 253 816 512 816 255 817 253 817 517 817 253 818 251 818 512 818 512 819 250 819 510 819 510 820 250 820 508 820 251 821 250 821 512 821 250 822 252 822 508 822 508 823 254 823 506 823 252 824 254 824 508 824 506 825 256 825 504 825 254 826 256 826 506 826 504 827 258 827 502 827 502 828 258 828 500 828 256 829 258 829 504 829 258 830 260 830 500 830 500 831 262 831 498 831 260 832 262 832 500 832 498 833 264 833 496 833 262 834 264 834 498 834 496 835 266 835 494 835 264 836 266 836 496 836 266 837 268 837 494 837 494 838 268 838 492 838 268 839 270 839 492 839 492 840 270 840 490 840 490 841 270 841 488 841 488 842 272 842 486 842 270 843 272 843 488 843 272 844 274 844 486 844 486 845 274 845 484 845 484 846 276 846 482 846 274 847 276 847 484 847 276 848 278 848 482 848 482 849 280 849 480 849 278 850 280 850 482 850 480 851 282 851 478 851 478 852 282 852 476 852 280 853 282 853 480 853 282 854 284 854 476 854 476 855 286 855 474 855 474 856 286 856 472 856 284 857 286 857 476 857 286 858 288 858 472 858 472 859 288 859 470 859 288 860 290 860 470 860 470 861 292 861 468 861 290 862 292 862 470 862 468 863 294 863 466 863 466 864 294 864 464 864 292 865 294 865 468 865 294 866 296 866 464 866 464 867 298 867 462 867 296 868 298 868 464 868 462 869 300 869 460 869 298 870 300 870 462 870 460 871 302 871 458 871 300 872 302 872 460 872 458 873 304 873 456 873 456 874 304 874 454 874 302 875 304 875 458 875 454 876 306 876 452 876 304 877 306 877 454 877 306 878 308 878 452 878 452 879 310 879 450 879 308 880 310 880 452 880 450 881 312 881 448 881 310 882 312 882 450 882 448 883 314 883 449 883 312 884 314 884 448 884 449 885 316 885 451 885 314 886 316 886 449 886 316 887 318 887 451 887 451 888 318 888 453 888 453 889 318 889 455 889 318 890 320 890 455 890 320 891 322 891 455 891 455 892 322 892 457 892 322 893 324 893 457 893 457 894 324 894 459 894 459 895 324 895 461 895 324 896 326 896 461 896 326 897 328 897 461 897 461 898 328 898 463 898 463 899 328 899 465 899 328 900 329 900 465 900 329 901 332 901 465 901 465 902 332 902 467 902 467 903 332 903 469 903 332 904 334 904 469 904 334 905 336 905 469 905 469 906 336 906 471 906 336 907 337 907 471 907 471 908 337 908 473 908 337 909 340 909 473 909 473 910 340 910 475 910 475 911 340 911 477 911 340 912 342 912 477 912 477 913 342 913 479 913 342 914 345 914 479 914 575 915 576 915 577 915 578 916 576 916 574 916 574 917 576 917 575 917 578 918 631 918 576 918 579 919 580 919 581 919 582 920 581 920 614 920 582 921 579 921 581 921 603 922 582 922 614 922 633 923 579 923 582 923 634 924 633 924 582 924 3763 925 584 925 583 925 583 926 584 926 615 926 584 927 585 927 615 927 586 928 587 928 583 928 583 929 587 929 3763 929 3763 930 587 930 589 930 589 931 588 931 3787 931 587 932 588 932 589 932 3787 933 588 933 624 933 587 934 590 934 588 934 579 935 590 935 587 935 633 936 590 936 579 936 588 937 634 937 582 937 587 938 580 938 579 938 587 939 586 939 580 939 580 940 591 940 593 940 586 941 591 941 580 941 591 942 592 942 593 942 593 943 594 943 595 943 592 944 594 944 593 944 594 945 596 945 595 945 596 946 597 946 595 946 595 947 598 947 599 947 597 948 598 948 595 948 600 949 602 949 601 949 602 950 603 950 601 950 602 951 588 951 603 951 603 952 588 952 582 952 604 953 605 953 606 953 604 954 607 954 605 954 607 955 608 955 605 955 605 956 609 956 581 956 608 957 609 957 605 957 609 958 610 958 581 958 610 959 583 959 581 959 611 960 614 960 612 960 583 961 614 961 581 961 614 962 613 962 612 962 614 963 615 963 613 963 583 964 615 964 614 964 616 965 598 965 597 965 607 966 616 966 597 966 617 967 616 967 607 967 604 968 617 968 607 968 599 969 618 969 595 969 618 970 605 970 595 970 618 971 619 971 605 971 619 972 606 972 605 972 619 973 616 973 617 973 618 974 616 974 619 974 607 975 597 975 596 975 608 976 607 976 596 976 608 977 596 977 594 977 609 978 594 978 592 978 609 979 608 979 594 979 609 980 592 980 591 980 610 981 609 981 591 981 610 982 591 982 586 982 583 983 610 983 586 983 595 984 605 984 593 984 605 985 581 985 593 985 593 986 581 986 580 986 602 987 600 987 620 987 621 988 602 988 620 988 613 989 621 989 612 989 613 990 602 990 621 990 601 991 603 991 622 991 603 992 623 992 622 992 623 993 614 993 611 993 603 994 614 994 623 994 620 995 622 995 621 995 621 996 622 996 623 996 602 997 613 997 615 997 585 998 602 998 615 998 602 999 3641 999 624 999 602 1000 585 1000 3641 1000 588 1001 602 1001 624 1001 623 1002 611 1002 621 1002 611 1003 612 1003 621 1003 601 1004 620 1004 600 1004 601 1005 622 1005 620 1005 598 1006 616 1006 599 1006 616 1007 618 1007 599 1007 617 1008 604 1008 619 1008 619 1009 604 1009 606 1009 625 1010 578 1010 574 1010 625 1011 626 1011 578 1011 578 1012 626 1012 634 1012 631 1013 628 1013 576 1013 627 1014 628 1014 631 1014 625 1015 629 1015 630 1015 628 1016 626 1016 625 1016 628 1017 625 1017 630 1017 627 1018 626 1018 628 1018 626 1019 627 1019 631 1019 634 1020 626 1020 631 1020 634 1021 631 1021 633 1021 632 1022 634 1022 633 1022 634 1023 632 1023 633 1023 578 1024 634 1024 631 1024 631 1025 588 1025 590 1025 634 1026 588 1026 631 1026 631 1027 590 1027 633 1027 635 1028 577 1028 630 1028 576 1029 628 1029 577 1029 628 1030 630 1030 577 1030 635 1031 630 1031 636 1031 636 1032 630 1032 629 1032 629 1033 575 1033 636 1033 629 1034 625 1034 575 1034 625 1035 574 1035 575 1035 638 1036 637 1036 639 1036 640 1037 638 1037 639 1037 640 1038 639 1038 641 1038 642 1039 640 1039 641 1039 643 1040 642 1040 641 1040 643 1041 641 1041 2705 1041 644 1042 643 1042 2705 1042 644 1043 2705 1043 2704 1043 644 1044 2704 1044 645 1044 644 1045 645 1045 646 1045 644 1046 646 1046 647 1046 644 1047 647 1047 648 1047 644 1048 648 1048 649 1048 650 1049 644 1049 649 1049 1662 1050 650 1050 649 1050 651 1051 1662 1051 649 1051 651 1052 1705 1052 1662 1052 653 1053 1705 1053 651 1053 653 1054 652 1054 1705 1054 654 1055 651 1055 649 1055 655 1056 652 1056 653 1056 656 1057 651 1057 654 1057 657 1058 668 1058 655 1058 657 1059 655 1059 653 1059 657 1060 653 1060 658 1060 636 1061 659 1061 660 1061 636 1062 660 1062 661 1062 636 1063 661 1063 662 1063 636 1064 662 1064 663 1064 636 1065 663 1065 664 1065 636 1066 664 1066 665 1066 636 1067 665 1067 666 1067 636 1068 666 1068 667 1068 636 1069 667 1069 668 1069 636 1070 668 1070 657 1070 669 1071 659 1071 636 1071 670 1072 669 1072 636 1072 671 1073 670 1073 636 1073 672 1074 671 1074 636 1074 635 1075 636 1075 657 1075 635 1076 657 1076 673 1076 575 1077 672 1077 636 1077 674 1078 577 1078 635 1078 675 1079 674 1079 635 1079 676 1080 675 1080 635 1080 677 1081 676 1081 635 1081 678 1082 677 1082 635 1082 679 1083 678 1083 635 1083 679 1084 635 1084 673 1084 680 1085 679 1085 673 1085 681 1086 680 1086 673 1086 682 1087 681 1087 673 1087 683 1088 682 1088 673 1088 673 1089 684 1089 685 1089 673 1090 685 1090 683 1090 686 1091 687 1091 701 1091 687 1092 688 1092 701 1092 689 1093 690 1093 691 1093 690 1094 1021 1094 691 1094 693 1095 743 1095 692 1095 693 1096 694 1096 889 1096 888 1097 889 1097 694 1097 687 1098 690 1098 689 1098 687 1099 689 1099 688 1099 695 1100 696 1100 697 1100 698 1101 697 1101 699 1101 698 1102 699 1102 700 1102 698 1103 695 1103 697 1103 689 1104 701 1104 688 1104 691 1105 701 1105 689 1105 702 1106 753 1106 703 1106 754 1107 753 1107 702 1107 704 1108 705 1108 758 1108 706 1109 704 1109 758 1109 726 1110 707 1110 708 1110 726 1111 709 1111 707 1111 710 1112 711 1112 712 1112 713 1113 710 1113 712 1113 714 1114 744 1114 889 1114 890 1115 744 1115 714 1115 891 1116 744 1116 890 1116 715 1117 744 1117 891 1117 716 1118 717 1118 718 1118 716 1119 744 1119 715 1119 716 1120 715 1120 719 1120 716 1121 719 1121 717 1121 709 1122 720 1122 721 1122 709 1123 721 1123 722 1123 709 1124 722 1124 723 1124 709 1125 723 1125 724 1125 709 1126 724 1126 794 1126 709 1127 794 1127 725 1127 728 1128 726 1128 727 1128 728 1129 709 1129 726 1129 729 1130 709 1130 728 1130 729 1131 720 1131 709 1131 731 1132 730 1132 713 1132 732 1133 731 1133 713 1133 733 1134 732 1134 713 1134 734 1135 733 1135 713 1135 735 1136 734 1136 713 1136 736 1137 735 1137 713 1137 737 1138 736 1138 713 1138 738 1139 737 1139 713 1139 739 1140 738 1140 713 1140 740 1141 739 1141 713 1141 741 1142 740 1142 713 1142 742 1143 741 1143 713 1143 742 1144 713 1144 712 1144 698 1145 712 1145 720 1145 698 1146 720 1146 729 1146 698 1147 729 1147 695 1147 698 1148 742 1148 712 1148 749 1149 743 1149 744 1149 700 1150 749 1150 744 1150 698 1151 744 1151 716 1151 698 1152 700 1152 744 1152 742 1153 698 1153 716 1153 701 1154 745 1154 686 1154 1008 1155 745 1155 701 1155 746 1156 1008 1156 701 1156 747 1157 746 1157 701 1157 747 1158 748 1158 746 1158 699 1159 747 1159 701 1159 691 1160 699 1160 701 1160 749 1161 699 1161 691 1161 700 1162 699 1162 749 1162 753 1163 761 1163 750 1163 753 1164 750 1164 751 1164 753 1165 751 1165 752 1165 755 1166 753 1166 754 1166 756 1167 753 1167 755 1167 697 1168 696 1168 761 1168 747 1169 761 1169 753 1169 747 1170 756 1170 757 1170 747 1171 757 1171 748 1171 747 1172 753 1172 756 1172 747 1173 697 1173 761 1173 758 1174 759 1174 760 1174 758 1175 760 1175 761 1175 729 1176 761 1176 696 1176 729 1177 696 1177 695 1177 729 1178 758 1178 761 1178 728 1179 706 1179 758 1179 728 1180 758 1180 729 1180 699 1181 697 1181 747 1181 754 1182 764 1182 763 1182 764 1183 765 1183 763 1183 754 1184 768 1184 764 1184 763 1185 765 1185 766 1185 765 1186 1014 1186 766 1186 766 1187 1014 1187 767 1187 1014 1188 769 1188 767 1188 768 1189 702 1189 770 1189 1014 1190 2289 1190 769 1190 702 1191 771 1191 770 1191 2289 1192 1013 1192 769 1192 771 1193 703 1193 772 1193 703 1194 773 1194 772 1194 703 1195 774 1195 773 1195 774 1196 775 1196 773 1196 776 1197 775 1197 774 1197 777 1198 778 1198 776 1198 776 1199 778 1199 775 1199 777 1200 779 1200 778 1200 780 1201 779 1201 777 1201 780 1202 782 1202 779 1202 781 1203 782 1203 780 1203 781 1204 783 1204 782 1204 783 1205 784 1205 782 1205 783 1206 785 1206 784 1206 785 1207 786 1207 784 1207 785 1208 787 1208 786 1208 705 1209 788 1209 787 1209 705 1210 704 1210 788 1210 704 1211 789 1211 788 1211 704 1212 762 1212 789 1212 706 1213 790 1213 762 1213 993 1214 708 1214 994 1214 994 1215 708 1215 792 1215 708 1216 707 1216 792 1216 792 1217 707 1217 793 1217 707 1218 725 1218 793 1218 793 1219 725 1219 795 1219 725 1220 794 1220 795 1220 795 1221 794 1221 796 1221 794 1222 724 1222 796 1222 724 1223 797 1223 796 1223 800 1224 711 1224 801 1224 711 1225 802 1225 801 1225 711 1226 710 1226 802 1226 803 1227 718 1227 893 1227 893 1228 718 1228 717 1228 802 1229 804 1229 805 1229 710 1230 804 1230 802 1230 803 1231 806 1231 718 1231 806 1232 835 1232 718 1232 805 1233 804 1233 807 1233 806 1234 808 1234 835 1234 804 1235 843 1235 807 1235 808 1236 809 1236 835 1236 809 1237 811 1237 835 1237 807 1238 843 1238 812 1238 809 1239 810 1239 811 1239 843 1240 813 1240 812 1240 810 1241 814 1241 811 1241 814 1242 837 1242 811 1242 814 1243 818 1243 837 1243 813 1244 815 1244 816 1244 814 1245 817 1245 818 1245 817 1246 820 1246 818 1246 816 1247 815 1247 819 1247 820 1248 838 1248 818 1248 815 1249 822 1249 819 1249 819 1250 822 1250 821 1250 820 1251 823 1251 838 1251 823 1252 825 1252 838 1252 821 1253 822 1253 824 1253 824 1254 826 1254 827 1254 822 1255 826 1255 824 1255 827 1256 832 1256 828 1256 826 1257 832 1257 827 1257 831 1258 830 1258 829 1258 828 1259 832 1259 833 1259 831 1260 834 1260 830 1260 832 1261 834 1261 833 1261 833 1262 834 1262 831 1262 702 1263 703 1263 771 1263 725 1264 707 1264 709 1264 797 1265 724 1265 723 1265 798 1266 723 1266 722 1266 798 1267 797 1267 723 1267 799 1268 722 1268 721 1268 799 1269 798 1269 722 1269 800 1270 721 1270 720 1270 800 1271 799 1271 721 1271 711 1272 720 1272 712 1272 711 1273 800 1273 720 1273 704 1274 706 1274 762 1274 790 1275 706 1275 728 1275 791 1276 728 1276 727 1276 992 1277 791 1277 727 1277 992 1278 727 1278 726 1278 993 1279 992 1279 726 1279 708 1280 993 1280 726 1280 774 1281 753 1281 752 1281 774 1282 703 1282 753 1282 776 1283 752 1283 751 1283 776 1284 774 1284 752 1284 777 1285 776 1285 751 1285 777 1286 751 1286 750 1286 780 1287 777 1287 750 1287 780 1288 750 1288 761 1288 781 1289 780 1289 761 1289 781 1290 761 1290 760 1290 783 1291 760 1291 759 1291 783 1292 781 1292 760 1292 785 1293 783 1293 759 1293 785 1294 759 1294 758 1294 787 1295 785 1295 758 1295 705 1296 787 1296 758 1296 1007 1297 686 1297 745 1297 1008 1298 1007 1298 745 1298 769 1299 1008 1299 746 1299 769 1300 1013 1300 1008 1300 769 1301 746 1301 748 1301 767 1302 757 1302 756 1302 767 1303 748 1303 757 1303 767 1304 769 1304 748 1304 766 1305 767 1305 756 1305 766 1306 756 1306 755 1306 763 1307 766 1307 755 1307 754 1308 763 1308 755 1308 702 1309 768 1309 754 1309 693 1310 889 1310 744 1310 693 1311 744 1311 743 1311 692 1312 743 1312 749 1312 1021 1313 692 1313 749 1313 1021 1314 749 1314 691 1314 742 1315 716 1315 835 1315 741 1316 742 1316 835 1316 740 1317 835 1317 836 1317 740 1318 741 1318 835 1318 739 1319 836 1319 837 1319 739 1320 740 1320 836 1320 738 1321 739 1321 837 1321 738 1322 837 1322 818 1322 737 1323 738 1323 818 1323 737 1324 818 1324 838 1324 736 1325 737 1325 838 1325 736 1326 838 1326 839 1326 735 1327 736 1327 839 1327 735 1328 839 1328 840 1328 734 1329 735 1329 840 1329 734 1330 840 1330 841 1330 733 1331 734 1331 841 1331 733 1332 841 1332 842 1332 732 1333 733 1333 842 1333 731 1334 732 1334 842 1334 731 1335 842 1335 815 1335 730 1336 731 1336 815 1336 713 1337 730 1337 843 1337 804 1338 710 1338 713 1338 804 1339 713 1339 843 1339 813 1340 843 1340 730 1340 813 1341 730 1341 815 1341 822 1342 815 1342 842 1342 826 1343 842 1343 841 1343 826 1344 822 1344 842 1344 832 1345 826 1345 841 1345 834 1346 832 1346 841 1346 834 1347 841 1347 840 1347 830 1348 840 1348 839 1348 830 1349 834 1349 840 1349 829 1350 830 1350 839 1350 825 1351 829 1351 839 1351 825 1352 839 1352 838 1352 811 1353 837 1353 836 1353 835 1354 811 1354 836 1354 718 1355 835 1355 716 1355 851 1356 850 1356 852 1356 853 1357 852 1357 855 1357 853 1358 851 1358 852 1358 854 1359 853 1359 855 1359 856 1360 854 1360 855 1360 857 1361 855 1361 858 1361 857 1362 856 1362 855 1362 859 1363 857 1363 858 1363 860 1364 859 1364 858 1364 861 1365 858 1365 862 1365 861 1366 860 1366 858 1366 863 1367 862 1367 864 1367 863 1368 861 1368 862 1368 869 1369 867 1369 868 1369 870 1370 869 1370 868 1370 870 1371 868 1371 871 1371 715 1372 891 1372 892 1372 719 1373 715 1373 892 1373 719 1374 892 1374 893 1374 717 1375 719 1375 893 1375 895 1376 893 1376 894 1376 896 1377 895 1377 894 1377 896 1378 894 1378 897 1378 845 1379 844 1379 958 1379 915 1380 956 1380 914 1380 915 1381 958 1381 956 1381 916 1382 958 1382 915 1382 919 1383 915 1383 914 1383 924 1384 914 1384 949 1384 917 1385 916 1385 915 1385 916 1386 846 1386 845 1386 916 1387 847 1387 846 1387 916 1388 845 1388 958 1388 919 1389 914 1389 924 1389 916 1390 848 1390 847 1390 917 1391 849 1391 848 1391 917 1392 848 1392 916 1392 917 1393 850 1393 849 1393 918 1394 917 1394 915 1394 920 1395 918 1395 915 1395 920 1396 915 1396 919 1396 918 1397 850 1397 917 1397 918 1398 852 1398 850 1398 921 1399 920 1399 919 1399 924 1400 921 1400 919 1400 918 1401 855 1401 852 1401 920 1402 855 1402 918 1402 920 1403 858 1403 855 1403 921 1404 922 1404 920 1404 922 1405 858 1405 920 1405 922 1406 862 1406 858 1406 922 1407 864 1407 862 1407 922 1408 865 1408 864 1408 926 1409 922 1409 921 1409 925 1410 924 1410 927 1410 927 1411 924 1411 949 1411 926 1412 865 1412 922 1412 926 1413 866 1413 865 1413 925 1414 923 1414 924 1414 923 1415 921 1415 924 1415 926 1416 921 1416 923 1416 929 1417 925 1417 927 1417 926 1418 867 1418 866 1418 928 1419 926 1419 923 1419 926 1420 868 1420 867 1420 928 1421 868 1421 926 1421 928 1422 871 1422 868 1422 925 1423 928 1423 923 1423 928 1424 872 1424 871 1424 930 1425 928 1425 925 1425 928 1426 873 1426 872 1426 931 1427 925 1427 929 1427 930 1428 874 1428 873 1428 930 1429 873 1429 928 1429 931 1430 930 1430 925 1430 933 1431 930 1431 931 1431 930 1432 875 1432 874 1432 930 1433 876 1433 875 1433 932 1434 931 1434 929 1434 935 1435 929 1435 927 1435 946 1436 927 1436 949 1436 933 1437 877 1437 876 1437 933 1438 878 1438 877 1438 933 1439 876 1439 930 1439 935 1440 932 1440 929 1440 934 1441 935 1441 927 1441 931 1442 936 1442 933 1442 934 1443 927 1443 946 1443 933 1444 879 1444 878 1444 933 1445 880 1445 879 1445 936 1446 880 1446 933 1446 936 1447 881 1447 880 1447 936 1448 931 1448 932 1448 936 1449 882 1449 881 1449 937 1450 932 1450 935 1450 936 1451 883 1451 882 1451 937 1452 936 1452 932 1452 934 1453 946 1453 945 1453 939 1454 935 1454 934 1454 937 1455 883 1455 936 1455 935 1456 938 1456 937 1456 940 1457 934 1457 945 1457 937 1458 884 1458 883 1458 937 1459 885 1459 884 1459 940 1460 939 1460 934 1460 938 1461 885 1461 937 1461 938 1462 886 1462 885 1462 938 1463 935 1463 939 1463 938 1464 887 1464 886 1464 941 1465 938 1465 939 1465 948 1466 940 1466 945 1466 938 1467 888 1467 887 1467 942 1468 939 1468 940 1468 942 1469 941 1469 939 1469 943 1470 942 1470 940 1470 941 1471 888 1471 938 1471 949 1472 945 1472 946 1472 941 1473 889 1473 888 1473 941 1474 714 1474 889 1474 944 1475 942 1475 943 1475 948 1476 943 1476 940 1476 944 1477 941 1477 942 1477 944 1478 714 1478 941 1478 944 1479 890 1479 714 1479 947 1480 944 1480 943 1480 944 1481 891 1481 890 1481 944 1482 892 1482 891 1482 947 1483 892 1483 944 1483 951 1484 948 1484 945 1484 949 1485 951 1485 945 1485 947 1486 893 1486 892 1486 950 1487 943 1487 948 1487 947 1488 943 1488 950 1488 947 1489 894 1489 893 1489 952 1490 950 1490 948 1490 950 1491 897 1491 894 1491 950 1492 894 1492 947 1492 951 1493 952 1493 948 1493 950 1494 898 1494 897 1494 952 1495 898 1495 950 1495 952 1496 899 1496 898 1496 953 1497 952 1497 951 1497 952 1498 900 1498 899 1498 952 1499 901 1499 900 1499 954 1500 951 1500 949 1500 953 1501 901 1501 952 1501 953 1502 902 1502 901 1502 953 1503 903 1503 902 1503 953 1504 904 1504 903 1504 953 1505 905 1505 904 1505 955 1506 951 1506 954 1506 953 1507 951 1507 955 1507 953 1508 906 1508 905 1508 956 1509 954 1509 949 1509 955 1510 907 1510 906 1510 955 1511 906 1511 953 1511 955 1512 908 1512 907 1512 949 1513 914 1513 956 1513 955 1514 909 1514 908 1514 957 1515 955 1515 954 1515 956 1516 957 1516 954 1516 957 1517 909 1517 955 1517 957 1518 910 1518 909 1518 957 1519 956 1519 958 1519 957 1520 911 1520 910 1520 957 1521 912 1521 911 1521 957 1522 913 1522 912 1522 958 1523 913 1523 957 1523 958 1524 844 1524 913 1524 959 1525 802 1525 805 1525 960 1526 805 1526 807 1526 960 1527 959 1527 805 1527 961 1528 807 1528 812 1528 961 1529 960 1529 807 1529 962 1530 812 1530 813 1530 962 1531 961 1531 812 1531 963 1532 813 1532 816 1532 963 1533 962 1533 813 1533 964 1534 963 1534 816 1534 964 1535 816 1535 819 1535 964 1536 819 1536 821 1536 965 1537 964 1537 821 1537 965 1538 821 1538 824 1538 966 1539 965 1539 824 1539 966 1540 824 1540 827 1540 967 1541 966 1541 827 1541 967 1542 827 1542 828 1542 967 1543 828 1543 833 1543 968 1544 967 1544 833 1544 968 1545 833 1545 831 1545 969 1546 968 1546 831 1546 969 1547 831 1547 829 1547 970 1548 969 1548 829 1548 970 1549 829 1549 825 1549 971 1550 970 1550 825 1550 971 1551 825 1551 823 1551 972 1552 971 1552 823 1552 972 1553 823 1553 820 1553 973 1554 972 1554 820 1554 973 1555 820 1555 817 1555 974 1556 817 1556 814 1556 974 1557 973 1557 817 1557 974 1558 814 1558 810 1558 975 1559 810 1559 809 1559 975 1560 974 1560 810 1560 976 1561 809 1561 808 1561 976 1562 975 1562 809 1562 977 1563 808 1563 806 1563 977 1564 976 1564 808 1564 978 1565 977 1565 806 1565 978 1566 806 1566 803 1566 801 1567 802 1567 959 1567 979 1568 801 1568 959 1568 980 1569 793 1569 795 1569 981 1570 980 1570 795 1570 982 1571 795 1571 796 1571 982 1572 981 1572 795 1572 983 1573 982 1573 796 1573 984 1574 796 1574 797 1574 984 1575 983 1575 796 1575 985 1576 797 1576 798 1576 985 1577 984 1577 797 1577 986 1578 798 1578 799 1578 986 1579 985 1579 798 1579 987 1580 986 1580 799 1580 988 1581 799 1581 800 1581 988 1582 987 1582 799 1582 979 1583 800 1583 801 1583 979 1584 988 1584 800 1584 792 1585 793 1585 980 1585 989 1586 792 1586 980 1586 990 1587 789 1587 762 1587 991 1588 990 1588 762 1588 991 1589 762 1589 790 1589 989 1590 994 1590 792 1590 788 1591 990 1591 995 1591 788 1592 789 1592 990 1592 996 1593 772 1593 773 1593 997 1594 773 1594 775 1594 997 1595 996 1595 773 1595 998 1596 997 1596 775 1596 999 1597 775 1597 778 1597 999 1598 998 1598 775 1598 1000 1599 778 1599 779 1599 1000 1600 999 1600 778 1600 1001 1601 779 1601 782 1601 1001 1602 1000 1602 779 1602 1002 1603 782 1603 784 1603 1002 1604 1001 1604 782 1604 1003 1605 784 1605 786 1605 1003 1606 1002 1606 784 1606 1004 1607 1003 1607 786 1607 1005 1608 786 1608 787 1608 1005 1609 1004 1609 786 1609 995 1610 787 1610 788 1610 995 1611 1005 1611 787 1611 1006 1612 772 1612 996 1612 771 1613 772 1613 1006 1613 1009 1614 687 1614 686 1614 1010 1615 1009 1615 686 1615 1011 1616 686 1616 1007 1616 1011 1617 1010 1617 686 1617 1012 1618 1011 1618 1007 1618 1012 1619 1007 1619 1008 1619 1013 1620 1012 1620 1008 1620 1015 1621 1014 1621 765 1621 1015 1622 765 1622 764 1622 2292 1623 1015 1623 764 1623 2292 1624 764 1624 768 1624 1016 1625 2292 1625 768 1625 1016 1626 768 1626 770 1626 1006 1627 770 1627 771 1627 687 1628 1009 1628 1017 1628 687 1629 1017 1629 690 1629 1022 1630 690 1630 1017 1630 1018 1631 1019 1631 694 1631 1021 1632 690 1632 1022 1632 693 1633 1018 1633 694 1633 693 1634 1020 1634 1018 1634 1024 1635 1020 1635 1023 1635 1021 1636 1022 1636 1023 1636 692 1637 1020 1637 693 1637 1023 1638 1020 1638 692 1638 1024 1639 1018 1639 1020 1639 1021 1640 1023 1640 692 1640 876 1641 1019 1641 875 1641 874 1642 875 1642 1019 1642 877 1643 1019 1643 876 1643 878 1644 1019 1644 877 1644 873 1645 874 1645 1019 1645 872 1646 873 1646 1019 1646 871 1647 872 1647 1019 1647 870 1648 871 1648 1019 1648 869 1649 870 1649 1019 1649 694 1650 1019 1650 878 1650 694 1651 878 1651 879 1651 694 1652 879 1652 880 1652 694 1653 880 1653 881 1653 694 1654 881 1654 882 1654 867 1655 869 1655 1019 1655 866 1656 867 1656 1019 1656 883 1657 694 1657 882 1657 865 1658 866 1658 1019 1658 884 1659 694 1659 883 1659 864 1660 865 1660 1019 1660 885 1661 694 1661 884 1661 886 1662 694 1662 885 1662 863 1663 864 1663 1019 1663 861 1664 863 1664 1019 1664 887 1665 694 1665 886 1665 860 1666 861 1666 1019 1666 888 1667 694 1667 887 1667 978 1668 910 1668 911 1668 978 1669 911 1669 912 1669 978 1670 912 1670 913 1670 978 1671 913 1671 844 1671 978 1672 844 1672 845 1672 978 1673 845 1673 846 1673 978 1674 846 1674 847 1674 978 1675 847 1675 848 1675 978 1676 848 1676 849 1676 978 1677 849 1677 850 1677 978 1678 850 1678 851 1678 978 1679 851 1679 853 1679 803 1680 898 1680 899 1680 803 1681 899 1681 900 1681 803 1682 900 1682 901 1682 803 1683 901 1683 902 1683 803 1684 902 1684 903 1684 803 1685 903 1685 904 1685 803 1686 904 1686 905 1686 803 1687 905 1687 906 1687 803 1688 906 1688 907 1688 803 1689 907 1689 908 1689 803 1690 908 1690 909 1690 803 1691 909 1691 910 1691 803 1692 910 1692 978 1692 1019 1693 978 1693 860 1693 860 1694 978 1694 859 1694 859 1695 978 1695 857 1695 857 1696 978 1696 856 1696 856 1697 978 1697 854 1697 854 1698 978 1698 853 1698 803 1699 893 1699 895 1699 803 1700 895 1700 896 1700 803 1701 896 1701 897 1701 803 1702 897 1702 898 1702 1026 1703 1027 1703 1025 1703 1027 1704 1028 1704 1856 1704 1856 1705 1028 1705 2631 1705 1029 1706 1030 1706 1031 1706 1029 1707 1032 1707 1030 1707 1035 1708 1033 1708 1034 1708 1032 1709 1036 1709 1030 1709 1032 1710 1038 1710 1036 1710 1037 1711 1038 1711 1039 1711 1036 1712 1038 1712 1037 1712 1035 1713 1041 1713 1033 1713 1039 1714 1038 1714 1040 1714 1038 1715 1042 1715 1040 1715 1043 1716 1044 1716 1041 1716 1041 1717 1044 1717 1033 1717 1043 1718 1045 1718 1044 1718 1048 1719 1049 1719 1051 1719 1046 1720 1050 1720 1047 1720 1049 1721 1052 1721 1051 1721 1049 1722 1053 1722 1052 1722 1047 1723 1053 1723 1049 1723 1050 1724 1053 1724 1047 1724 1025 1725 1034 1725 1026 1725 1856 1726 1025 1726 1027 1726 1048 1727 1040 1727 1042 1727 1027 1728 1032 1728 1029 1728 1027 1729 1029 1729 1028 1729 1033 1730 1026 1730 1034 1730 1047 1731 1044 1731 1045 1731 1047 1732 1045 1732 1046 1732 1042 1733 1049 1733 1048 1733 1054 1734 1056 1734 1057 1734 1055 1735 1056 1735 1054 1735 1062 1736 1058 1736 1054 1736 1054 1737 1058 1737 1055 1737 1057 1738 1059 1738 1060 1738 1056 1739 1059 1739 1057 1739 1062 1740 1061 1740 1058 1740 1059 1741 1063 1741 1060 1741 1068 1742 1064 1742 1062 1742 1062 1743 1064 1743 1061 1743 1063 1744 1065 1744 1060 1744 1060 1745 1065 1745 1066 1745 1068 1746 1067 1746 1064 1746 1065 1747 1069 1747 1066 1747 1068 1748 1070 1748 1067 1748 1071 1749 1070 1749 1068 1749 1066 1750 1069 1750 1073 1750 1071 1751 1074 1751 1070 1751 1069 1752 1072 1752 1073 1752 1077 1753 1074 1753 1071 1753 1073 1754 1075 1754 2165 1754 1072 1755 1075 1755 1073 1755 1077 1756 1076 1756 1074 1756 2165 1757 1079 1757 2168 1757 1075 1758 1079 1758 2165 1758 1077 1759 1078 1759 1076 1759 1077 1760 1081 1760 1078 1760 2168 1761 1079 1761 1083 1761 1081 1762 1080 1762 1078 1762 1079 1763 1082 1763 1083 1763 1083 1764 1082 1764 1084 1764 1081 1765 1085 1765 1080 1765 1081 1766 1089 1766 1085 1766 1084 1767 1086 1767 1087 1767 1082 1768 1086 1768 1084 1768 1089 1769 1088 1769 1085 1769 1087 1770 1092 1770 1093 1770 1086 1771 1092 1771 1087 1771 1089 1772 1090 1772 1088 1772 1089 1773 1091 1773 1090 1773 1091 1774 1094 1774 1090 1774 1091 1775 1095 1775 1094 1775 1092 1776 1096 1776 1093 1776 1096 1777 1097 1777 1093 1777 1095 1778 1098 1778 1094 1778 1095 1779 1103 1779 1098 1779 1096 1780 1099 1780 1097 1780 1099 1781 1100 1781 1097 1781 1103 1782 1101 1782 1098 1782 1099 1783 1102 1783 1100 1783 1102 1784 1104 1784 1100 1784 1103 1785 1105 1785 1101 1785 1103 1786 1106 1786 1105 1786 1102 1787 1107 1787 1104 1787 1107 1788 1108 1788 1104 1788 1106 1789 1111 1789 1105 1789 1107 1790 1109 1790 1108 1790 1109 1791 1110 1791 1108 1791 1109 1792 1114 1792 1110 1792 1114 1793 1115 1793 1110 1793 1111 1794 1113 1794 1112 1794 1113 1795 1116 1795 1112 1795 1113 1796 1121 1796 1116 1796 1114 1797 1117 1797 1115 1797 1117 1798 1118 1798 1115 1798 1121 1799 1119 1799 1116 1799 1117 1800 1122 1800 1118 1800 1122 1801 1120 1801 1118 1801 1122 1802 1125 1802 1120 1802 1121 1803 1123 1803 1119 1803 1121 1804 1127 1804 1123 1804 1122 1805 1124 1805 1125 1805 1127 1806 1126 1806 1123 1806 1124 1807 1128 1807 1125 1807 1128 1808 1129 1808 1125 1808 1127 1809 1130 1809 1126 1809 1128 1810 1132 1810 1129 1810 1132 1811 2187 1811 1129 1811 1130 1812 1131 1812 1126 1812 1130 1813 1134 1813 1131 1813 1132 1814 1133 1814 2187 1814 1134 1815 1137 1815 1131 1815 1132 1816 1135 1816 1133 1816 1135 1817 1136 1817 1133 1817 1134 1818 1138 1818 1137 1818 1135 1819 1141 1819 1136 1819 1141 1820 1142 1820 1136 1820 1138 1821 1139 1821 1137 1821 1138 1822 1140 1822 1139 1822 1140 1823 1146 1823 1139 1823 1140 1824 1143 1824 1146 1824 1141 1825 1144 1825 1142 1825 1144 1826 1145 1826 1142 1826 1143 1827 1147 1827 1146 1827 1144 1828 1148 1828 1145 1828 1148 1829 1149 1829 1145 1829 1147 1830 1150 1830 1146 1830 1147 1831 1151 1831 1150 1831 1148 1832 1153 1832 1149 1832 1153 1833 1154 1833 1149 1833 1151 1834 1155 1834 1150 1834 1151 1835 1152 1835 1155 1835 1152 1836 1156 1836 1155 1836 1153 1837 1157 1837 1154 1837 1157 1838 1158 1838 1154 1838 1156 1839 1159 1839 1155 1839 1156 1840 1160 1840 1159 1840 1157 1841 1161 1841 1158 1841 1161 1842 1162 1842 1158 1842 1160 1843 1163 1843 1159 1843 1160 1844 1164 1844 1163 1844 1161 1845 1165 1845 1162 1845 1165 1846 1168 1846 1162 1846 1164 1847 1169 1847 1163 1847 1164 1848 1166 1848 1169 1848 1165 1849 1167 1849 1168 1849 1166 1850 1170 1850 1169 1850 1167 1851 1171 1851 1168 1851 1172 1852 1171 1852 1167 1852 1170 1853 1173 1853 1169 1853 1170 1854 1174 1854 1173 1854 1172 1855 1175 1855 1171 1855 1176 1856 1175 1856 1172 1856 1174 1857 1179 1857 1173 1857 1174 1858 1177 1858 1179 1858 1176 1859 1178 1859 1175 1859 1177 1860 1180 1860 1179 1860 1181 1861 1178 1861 1176 1861 1180 1862 1182 1862 1179 1862 1180 1863 1183 1863 1182 1863 1184 1864 1185 1864 1181 1864 1181 1865 1185 1865 1178 1865 1183 1866 1189 1866 1182 1866 1183 1867 1186 1867 1189 1867 1187 1868 1188 1868 1184 1868 1184 1869 1188 1869 1185 1869 1186 1870 1190 1870 1189 1870 1191 1871 1194 1871 1187 1871 1187 1872 1194 1872 1188 1872 1190 1873 1192 1873 1189 1873 1190 1874 1193 1874 1192 1874 1193 1875 1198 1875 1192 1875 1195 1876 1196 1876 1191 1876 1191 1877 1196 1877 1194 1877 1193 1878 1197 1878 1198 1878 1199 1879 1200 1879 1195 1879 1195 1880 1200 1880 1196 1880 1197 1881 1201 1881 1198 1881 1201 1882 1202 1882 1198 1882 1199 1883 1205 1883 1200 1883 1201 1884 1203 1884 1202 1884 1202 1885 1203 1885 1204 1885 1206 1886 1205 1886 1199 1886 1203 1887 1207 1887 1204 1887 1204 1888 1207 1888 1211 1888 1206 1889 1208 1889 1205 1889 1209 1890 1208 1890 1206 1890 1207 1891 1210 1891 1211 1891 1209 1892 1215 1892 1208 1892 1212 1893 1215 1893 1209 1893 1210 1894 1213 1894 1211 1894 1211 1895 1213 1895 1214 1895 1216 1896 1215 1896 1212 1896 1213 1897 1217 1897 1214 1897 1214 1898 1217 1898 1218 1898 1216 1899 1219 1899 1215 1899 1220 1900 1219 1900 1216 1900 1217 1901 1221 1901 1218 1901 1218 1902 1221 1902 1222 1902 1222 1903 1223 1903 1224 1903 1221 1904 1223 1904 1222 1904 1223 1905 1225 1905 1224 1905 1226 1906 1231 1906 1220 1906 1227 1907 1231 1907 1226 1907 1230 1908 1231 1908 1227 1908 1220 1909 1231 1909 1219 1909 1224 1910 1228 1910 1229 1910 1225 1911 1228 1911 1224 1911 1229 1912 1232 1912 1230 1912 1228 1913 1232 1913 1229 1913 1230 1914 1232 1914 1231 1914 3251 1915 202 1915 1233 1915 3251 1916 203 1916 202 1916 199 1917 198 1917 1235 1917 3255 1918 205 1918 204 1918 1238 1919 206 1919 205 1919 1238 1920 207 1920 206 1920 1238 1921 1240 1921 207 1921 1240 1922 1241 1922 207 1922 1241 1923 208 1923 207 1923 1241 1924 1242 1924 208 1924 196 1925 1244 1925 3264 1925 1242 1926 1243 1926 208 1926 249 1927 3266 1927 1244 1927 248 1928 247 1928 1246 1928 3273 1929 211 1929 210 1929 246 1930 245 1930 3277 1930 3284 1931 1248 1931 213 1931 1247 1932 3286 1932 3282 1932 1247 1933 244 1933 3286 1933 1249 1934 216 1934 215 1934 1249 1935 1251 1935 216 1935 1251 1936 217 1936 216 1936 1251 1937 218 1937 217 1937 1252 1938 241 1938 1253 1938 3298 1939 219 1939 218 1939 3298 1940 3299 1940 219 1940 3299 1941 220 1941 219 1941 241 1942 1254 1942 1253 1942 241 1943 240 1943 1254 1943 240 1944 1255 1944 1254 1944 240 1945 239 1945 1255 1945 239 1946 1257 1946 1255 1946 239 1947 238 1947 1257 1947 238 1948 1258 1948 1257 1948 1258 1949 237 1949 3306 1949 237 1950 3310 1950 3306 1950 236 1951 235 1951 237 1951 237 1952 235 1952 3310 1952 3311 1953 3313 1953 222 1953 3313 1954 223 1954 222 1954 3313 1955 1260 1955 223 1955 1260 1956 224 1956 223 1956 1259 1957 233 1957 1261 1957 1260 1958 3317 1958 224 1958 3317 1959 225 1959 224 1959 233 1960 1262 1960 1261 1960 233 1961 232 1961 1262 1961 232 1962 3320 1962 1262 1962 228 1963 3333 1963 229 1963 3332 1964 3333 1964 228 1964 3333 1965 1266 1965 229 1965 1267 1966 1269 1966 1270 1966 1270 1967 1269 1967 1271 1967 1271 1968 1272 1968 1273 1968 1272 1969 1274 1969 1273 1969 1273 1970 1274 1970 1275 1970 1274 1971 1276 1971 1275 1971 1275 1972 1276 1972 1277 1972 1276 1973 1278 1973 1277 1973 1277 1974 1278 1974 1279 1974 1278 1975 1280 1975 1279 1975 1279 1976 1280 1976 1281 1976 1281 1977 1282 1977 1283 1977 1280 1978 1282 1978 1281 1978 1282 1979 1285 1979 1283 1979 1283 1980 1285 1980 1284 1980 1284 1981 1285 1981 1286 1981 1285 1982 1287 1982 1286 1982 1286 1983 1287 1983 1288 1983 1287 1984 1289 1984 1288 1984 1288 1985 1289 1985 1290 1985 1289 1986 1291 1986 1290 1986 1290 1987 1292 1987 1293 1987 1293 1988 1292 1988 1294 1988 1294 1989 1295 1989 1296 1989 1295 1990 1297 1990 1296 1990 1297 1991 1299 1991 1296 1991 1296 1992 1299 1992 1298 1992 1298 1993 1299 1993 1300 1993 1299 1994 1302 1994 1300 1994 1300 1995 1302 1995 1301 1995 1302 1996 1303 1996 1301 1996 1301 1997 1303 1997 1304 1997 1303 1998 1305 1998 1304 1998 1304 1999 1305 1999 1306 1999 1305 2000 1307 2000 1306 2000 1306 2001 1307 2001 1309 2001 1307 2002 1308 2002 1309 2002 1309 2003 1308 2003 1310 2003 1310 2004 1311 2004 1312 2004 1312 2005 1313 2005 1314 2005 1311 2006 1313 2006 1312 2006 1313 2007 1316 2007 1314 2007 1314 2008 1316 2008 1315 2008 1315 2009 1318 2009 1317 2009 1316 2010 1318 2010 1315 2010 1318 2011 1319 2011 1317 2011 1317 2012 1319 2012 1320 2012 1320 2013 1321 2013 1322 2013 1321 2014 1323 2014 1322 2014 1322 2015 1323 2015 1324 2015 1324 2016 1326 2016 1325 2016 1325 2017 1326 2017 1327 2017 1326 2018 1328 2018 1327 2018 1327 2019 1328 2019 1329 2019 1329 2020 1331 2020 1330 2020 1331 2021 1332 2021 1330 2021 1332 2022 1333 2022 1334 2022 1333 2023 1335 2023 1334 2023 1334 2024 1335 2024 1336 2024 1335 2025 1337 2025 1336 2025 1336 2026 1337 2026 1338 2026 1337 2027 1339 2027 1338 2027 1338 2028 1339 2028 1340 2028 1339 2029 1341 2029 1340 2029 1340 2030 1268 2030 1267 2030 1341 2031 1268 2031 1340 2031 1343 2032 1345 2032 1344 2032 1346 2033 1348 2033 1347 2033 1346 2034 1349 2034 1348 2034 1346 2035 1350 2035 1349 2035 1346 2036 1351 2036 1350 2036 1346 2037 1352 2037 1351 2037 1353 2038 1352 2038 1346 2038 1354 2039 1352 2039 1353 2039 1355 2040 1352 2040 1354 2040 1351 2041 1352 2041 1037 2041 1356 2042 1357 2042 1358 2042 1358 2043 1357 2043 2632 2043 1356 2044 1312 2044 1314 2044 1356 2045 1310 2045 1312 2045 1352 2046 1310 2046 1356 2046 1355 2047 1310 2047 1352 2047 1359 2048 1310 2048 1355 2048 1314 2049 1315 2049 1356 2049 1360 2050 1309 2050 1359 2050 1359 2051 1309 2051 1310 2051 1361 2052 1309 2052 1360 2052 1315 2053 1317 2053 1356 2053 1362 2054 1306 2054 1361 2054 1361 2055 1306 2055 1309 2055 1363 2056 1306 2056 1362 2056 1317 2057 1320 2057 1356 2057 1364 2058 1306 2058 1363 2058 1365 2059 1306 2059 1364 2059 1365 2060 1304 2060 1306 2060 1320 2061 1322 2061 1356 2061 1356 2062 1322 2062 1357 2062 1322 2063 1324 2063 1357 2063 1365 2064 1301 2064 1304 2064 1324 2065 1325 2065 1357 2065 1366 2066 1300 2066 1365 2066 1365 2067 1300 2067 1301 2067 1325 2068 1327 2068 1357 2068 1366 2069 1298 2069 1300 2069 1366 2070 1296 2070 1298 2070 1327 2071 1329 2071 1357 2071 1329 2072 1330 2072 1357 2072 1330 2073 1332 2073 1357 2073 1332 2074 1334 2074 1357 2074 1357 2075 1334 2075 1367 2075 1334 2076 1336 2076 1367 2076 1296 2077 1368 2077 1294 2077 1294 2078 1368 2078 1293 2078 1293 2079 1368 2079 1290 2079 1290 2080 1368 2080 1288 2080 1366 2081 1368 2081 1296 2081 1368 2082 1369 2082 1288 2082 1369 2083 1370 2083 1288 2083 1288 2084 1370 2084 1286 2084 1370 2085 1371 2085 1286 2085 1371 2086 1372 2086 1286 2086 1286 2087 1372 2087 1284 2087 1372 2088 1373 2088 1284 2088 1336 2089 1374 2089 1367 2089 1267 2090 1374 2090 1340 2090 1340 2091 1374 2091 1338 2091 1338 2092 1374 2092 1336 2092 1271 2093 1374 2093 1270 2093 1270 2094 1374 2094 1267 2094 1271 2095 1375 2095 1374 2095 1273 2096 1375 2096 1271 2096 1273 2097 1377 2097 1375 2097 1373 2098 1376 2098 1284 2098 1284 2099 1376 2099 1283 2099 1376 2100 1379 2100 1283 2100 1273 2101 1378 2101 1377 2101 1275 2102 1378 2102 1273 2102 1379 2103 1380 2103 1283 2103 1283 2104 1380 2104 1281 2104 1275 2105 1382 2105 1378 2105 1380 2106 1381 2106 1281 2106 1281 2107 1381 2107 1279 2107 1381 2108 1383 2108 1279 2108 1275 2109 1384 2109 1382 2109 1277 2110 1385 2110 1275 2110 1275 2111 1385 2111 1384 2111 1279 2112 1386 2112 1277 2112 1383 2113 1386 2113 1279 2113 1386 2114 1388 2114 1277 2114 1277 2115 1387 2115 1385 2115 1388 2116 1387 2116 1277 2116 1401 2117 1402 2117 2028 2117 2028 2118 1402 2118 2029 2118 1409 2119 1404 2119 1403 2119 1413 2120 1414 2120 2789 2120 2790 2121 1414 2121 1415 2121 1431 2122 1432 2122 1437 2122 1436 2123 1430 2123 1429 2123 1436 2124 1437 2124 1430 2124 1433 2125 1434 2125 1435 2125 1438 2126 1437 2126 1436 2126 1440 2127 1441 2127 1434 2127 1440 2128 1434 2128 1433 2128 1443 2129 1440 2129 1433 2129 1442 2130 1439 2130 1441 2130 1445 2131 1443 2131 1433 2131 1444 2132 1439 2132 1442 2132 1446 2133 1455 2133 1447 2133 1446 2134 1447 2134 1448 2134 1446 2135 1439 2135 1444 2135 1446 2136 1448 2136 1439 2136 1449 2137 1445 2137 1433 2137 1450 2138 1431 2138 1437 2138 1450 2139 1437 2139 1438 2139 1450 2140 1438 2140 1451 2140 1758 2141 1433 2141 1452 2141 1758 2142 1449 2142 1433 2142 1760 2143 1449 2143 1758 2143 1453 2144 1454 2144 1450 2144 1453 2145 1457 2145 1455 2145 1453 2146 1455 2146 1446 2146 1453 2147 1450 2147 1451 2147 1453 2148 1451 2148 1456 2148 1453 2149 1456 2149 1457 2149 1458 2150 1454 2150 1453 2150 1458 2151 1459 2151 1454 2151 1460 2152 1461 2152 1459 2152 1460 2153 1459 2153 1458 2153 1460 2154 1462 2154 1461 2154 1464 2155 1463 2155 1462 2155 1464 2156 1462 2156 1460 2156 1464 2157 1465 2157 1463 2157 1464 2158 1466 2158 1465 2158 1467 2159 1468 2159 1620 2159 1467 2160 1620 2160 1466 2160 1467 2161 1466 2161 1464 2161 2288 2162 1468 2162 1467 2162 1469 2163 1468 2163 2288 2163 1470 2164 2288 2164 1471 2164 1470 2165 1469 2165 2288 2165 1472 2166 1470 2166 1471 2166 1472 2167 1471 2167 1474 2167 1624 2168 1472 2168 1474 2168 1473 2169 1624 2169 1474 2169 1473 2170 1474 2170 1475 2170 1476 2171 1473 2171 1475 2171 1476 2172 1475 2172 1477 2172 1476 2173 1477 2173 1478 2173 1476 2174 1478 2174 1479 2174 1480 2175 1476 2175 1479 2175 1481 2176 1429 2176 1482 2176 1482 2177 1429 2177 1430 2177 1439 2178 1434 2178 1441 2178 1485 2179 1487 2179 1486 2179 1487 2180 1488 2180 1486 2180 1492 2181 1483 2181 1493 2181 1493 2182 1483 2182 2752 2182 2759 2183 1498 2183 2761 2183 1498 2184 1494 2184 2761 2184 1514 2185 1499 2185 2628 2185 1499 2186 1500 2186 2628 2186 2628 2187 1500 2187 1501 2187 1500 2188 1502 2188 1501 2188 1501 2189 1502 2189 2627 2189 2627 2190 1502 2190 2626 2190 1502 2191 1503 2191 2626 2191 2626 2192 1503 2192 1504 2192 1503 2193 1505 2193 1504 2193 1504 2194 1505 2194 1506 2194 1506 2195 1505 2195 2624 2195 2624 2196 1508 2196 2625 2196 1505 2197 1508 2197 2624 2197 2625 2198 1508 2198 1507 2198 1508 2199 1509 2199 1507 2199 1507 2200 1509 2200 1510 2200 1510 2201 1509 2201 2629 2201 1509 2202 1511 2202 2629 2202 2629 2203 1511 2203 1512 2203 1512 2204 1511 2204 2630 2204 1511 2205 1499 2205 2630 2205 2630 2206 1499 2206 1513 2206 1513 2207 1499 2207 1514 2207 2254 2208 1525 2208 1515 2208 1525 2209 1517 2209 1515 2209 1515 2210 1517 2210 1516 2210 1516 2211 1517 2211 2251 2211 1517 2212 1518 2212 2251 2212 2251 2213 1518 2213 2250 2213 2250 2214 1518 2214 2248 2214 2248 2215 1518 2215 2246 2215 1518 2216 1520 2216 2246 2216 2246 2217 1520 2217 2245 2217 2245 2218 1520 2218 1519 2218 1519 2219 1520 2219 1521 2219 1520 2220 1522 2220 1521 2220 1521 2221 1522 2221 2257 2221 2257 2222 1522 2222 2258 2222 1522 2223 1523 2223 2258 2223 2252 2224 1523 2224 1524 2224 1528 2225 1530 2225 1529 2225 1532 2226 1531 2226 2243 2226 1531 2227 1533 2227 2243 2227 2243 2228 1533 2228 2244 2228 2244 2229 1533 2229 2247 2229 1533 2230 1534 2230 2247 2230 2247 2231 1534 2231 2249 2231 2249 2232 1534 2232 1535 2232 1535 2233 1534 2233 2241 2233 1534 2234 1536 2234 2241 2234 1540 2235 1539 2235 1541 2235 1542 2236 1543 2236 2452 2236 2452 2237 1543 2237 2447 2237 2451 2238 1546 2238 2454 2238 1546 2239 1547 2239 2454 2239 1548 2240 1550 2240 1549 2240 1549 2241 1550 2241 1551 2241 1550 2242 1552 2242 1551 2242 1555 2243 1546 2243 1556 2243 1556 2244 1546 2244 2451 2244 1560 2245 1561 2245 2472 2245 2472 2246 1561 2246 1563 2246 1561 2247 1562 2247 1563 2247 1565 2248 1566 2248 2475 2248 2551 2249 1571 2249 1570 2249 1571 2250 1572 2250 1570 2250 1570 2251 1572 2251 1573 2251 1573 2252 1572 2252 2558 2252 1572 2253 1574 2253 2558 2253 2558 2254 1574 2254 2564 2254 1574 2255 1575 2255 2564 2255 2562 2256 1577 2256 2563 2256 2563 2257 1577 2257 1576 2257 1577 2258 1578 2258 1576 2258 1576 2259 1578 2259 2555 2259 2555 2260 1578 2260 1579 2260 1578 2261 1580 2261 1579 2261 1579 2262 1580 2262 2550 2262 2550 2263 1580 2263 2551 2263 1580 2264 1571 2264 2551 2264 2545 2265 1582 2265 1583 2265 1583 2266 1582 2266 2559 2266 2559 2267 1582 2267 2557 2267 1582 2268 1584 2268 2557 2268 2557 2269 1584 2269 2554 2269 2554 2270 1585 2270 2552 2270 1584 2271 1585 2271 2554 2271 2552 2272 1585 2272 1586 2272 1585 2273 1588 2273 1586 2273 1586 2274 1588 2274 1587 2274 1587 2275 1588 2275 2541 2275 1588 2276 1589 2276 2541 2276 2541 2277 1589 2277 1590 2277 1589 2278 1591 2278 1590 2278 1600 2279 1592 2279 2540 2279 2542 2280 1592 2280 2544 2280 1592 2281 1593 2281 2544 2281 2544 2282 1593 2282 1594 2282 1593 2283 1596 2283 1594 2283 1594 2284 1596 2284 1595 2284 1595 2285 1596 2285 1597 2285 1596 2286 1598 2286 1597 2286 1611 2287 1601 2287 2546 2287 2546 2288 1601 2288 2547 2288 1601 2289 1603 2289 2547 2289 2547 2290 1603 2290 1602 2290 1602 2291 1603 2291 2553 2291 1603 2292 1605 2292 2553 2292 2553 2293 1605 2293 2556 2293 2556 2294 1605 2294 1604 2294 1604 2295 1605 2295 1606 2295 1608 2296 1611 2296 1609 2296 1609 2297 1611 2297 1610 2297 1610 2298 1611 2298 2546 2298 672 2299 575 2299 1612 2299 1612 2300 575 2300 1613 2300 1616 2301 1617 2301 1461 2301 1614 2302 1618 2302 1615 2302 1615 2303 1618 2303 1619 2303 1620 2304 1618 2304 1614 2304 1621 2305 1622 2305 1618 2305 1622 2306 1623 2306 1618 2306 1624 2307 1625 2307 1623 2307 1623 2308 1625 2308 1618 2308 1618 2309 1626 2309 1619 2309 1625 2310 1626 2310 1618 2310 1619 2311 1626 2311 1616 2311 1473 2312 1626 2312 1625 2312 1616 2313 1627 2313 1617 2313 1626 2314 1627 2314 1616 2314 1617 2315 1627 2315 1628 2315 1629 2316 1627 2316 1626 2316 1634 2317 1632 2317 1633 2317 1632 2318 1634 2318 2737 2318 1658 2319 2218 2319 1635 2319 1635 2320 2218 2320 1634 2320 1630 2321 1636 2321 1658 2321 1658 2322 1636 2322 2218 2322 2733 2323 1636 2323 1630 2323 2733 2324 1637 2324 1636 2324 2733 2325 1638 2325 1637 2325 1631 2326 1638 2326 2733 2326 1631 2327 1639 2327 1638 2327 1640 2328 1641 2328 1631 2328 1631 2329 1641 2329 1639 2329 1640 2330 1642 2330 1641 2330 1643 2331 1644 2331 1640 2331 1640 2332 1644 2332 1642 2332 1643 2333 1645 2333 1644 2333 1643 2334 1646 2334 1645 2334 1643 2335 1647 2335 1646 2335 1628 2336 1647 2336 1643 2336 1628 2337 1648 2337 1647 2337 1627 2338 1648 2338 1628 2338 1627 2339 1650 2339 1648 2339 1649 2340 1650 2340 1627 2340 1649 2341 1655 2341 1650 2341 1651 2342 1652 2342 1653 2342 1654 2343 1652 2343 1651 2343 1649 2344 1652 2344 1655 2344 1655 2345 1652 2345 1654 2345 1653 2346 1652 2346 1656 2346 1658 2347 1657 2347 1630 2347 1635 2348 1659 2348 1658 2348 1634 2349 1659 2349 1635 2349 1660 2350 1659 2350 1634 2350 650 2351 1662 2351 1663 2351 650 2352 1663 2352 1664 2352 650 2353 1664 2353 1660 2353 644 2354 650 2354 1660 2354 644 2355 1660 2355 1634 2355 1662 2356 1705 2356 1661 2356 1665 2357 1666 2357 654 2357 1665 2358 1667 2358 1666 2358 654 2359 1668 2359 656 2359 1666 2360 1668 2360 654 2360 1668 2361 1669 2361 1670 2361 1666 2362 1669 2362 1668 2362 1434 2363 1656 2363 1669 2363 1670 2364 1656 2364 658 2364 658 2365 1656 2365 657 2365 1669 2366 1656 2366 1670 2366 1656 2367 1439 2367 1653 2367 1434 2368 1439 2368 1656 2368 1671 2369 1674 2369 1672 2369 1672 2370 1673 2370 1671 2370 1673 2371 1675 2371 1671 2371 1671 2372 1676 2372 1674 2372 1671 2373 1677 2373 1676 2373 1671 2374 1678 2374 1677 2374 1671 2375 1679 2375 1678 2375 1671 2376 1680 2376 1679 2376 1476 2377 1649 2377 1627 2377 1649 2378 1681 2378 1680 2378 1649 2379 1682 2379 1681 2379 1649 2380 1683 2380 1682 2380 1649 2381 1684 2381 1683 2381 1649 2382 2279 2382 1684 2382 1649 2383 1480 2383 2279 2383 1476 2384 1480 2384 1649 2384 1671 2385 1649 2385 1680 2385 1628 2386 1450 2386 1454 2386 1628 2387 1643 2387 1450 2387 1643 2388 1431 2388 1450 2388 1643 2389 1640 2389 1431 2389 1685 2390 1631 2390 1688 2390 1432 2391 1631 2391 1685 2391 1640 2392 1631 2392 1432 2392 1686 2393 1687 2393 668 2393 1631 2394 1751 2394 1688 2394 1687 2395 655 2395 668 2395 1751 2396 2733 2396 1690 2396 1631 2397 2733 2397 1751 2397 2733 2398 1689 2398 1690 2398 1689 2399 1692 2399 1690 2399 1687 2400 1691 2400 655 2400 1690 2401 1692 2401 1693 2401 1692 2402 1694 2402 1693 2402 1694 2403 1695 2403 1693 2403 1691 2404 652 2404 655 2404 1695 2405 1696 2405 1693 2405 1696 2406 1697 2406 1693 2406 1691 2407 1698 2407 652 2407 1698 2408 1705 2408 652 2408 1699 2409 1700 2409 1697 2409 1701 2410 1700 2410 1699 2410 1702 2411 1700 2411 1701 2411 1703 2412 1700 2412 1702 2412 1704 2413 1700 2413 1703 2413 1705 2414 1700 2414 1704 2414 1698 2415 1700 2415 1705 2415 1700 2416 1693 2416 1697 2416 1432 2417 1431 2417 1640 2417 1709 2418 1708 2418 1710 2418 1709 2419 1710 2419 2722 2419 1711 2420 2722 2420 1713 2420 1711 2421 1709 2421 2722 2421 1712 2422 1711 2422 1713 2422 1714 2423 1712 2423 1713 2423 2345 2424 1714 2424 1715 2424 1353 2425 1346 2425 1716 2425 1353 2426 1716 2426 1717 2426 1354 2427 1717 2427 1718 2427 1354 2428 1353 2428 1717 2428 1355 2429 1718 2429 1719 2429 1355 2430 1354 2430 1718 2430 1359 2431 1719 2431 1720 2431 1359 2432 1355 2432 1719 2432 1360 2433 1720 2433 1721 2433 1360 2434 1721 2434 1722 2434 1360 2435 1359 2435 1720 2435 1361 2436 1360 2436 1722 2436 1724 2437 1723 2437 1725 2437 1726 2438 1724 2438 1725 2438 1362 2439 1722 2439 1723 2439 1362 2440 1361 2440 1722 2440 1362 2441 1723 2441 1724 2441 1362 2442 1724 2442 1727 2442 1730 2443 1726 2443 1725 2443 1728 2444 1362 2444 1727 2444 1729 2445 1362 2445 1728 2445 1730 2446 1725 2446 1731 2446 1363 2447 1362 2447 1729 2447 2039 2448 1730 2448 1731 2448 2039 2449 1731 2449 1732 2449 1733 2450 1734 2450 1735 2450 1733 2451 1735 2451 1736 2451 1733 2452 1736 2452 1737 2452 1733 2453 1737 2453 1738 2453 1733 2454 1738 2454 1739 2454 1733 2455 1739 2455 1740 2455 1741 2456 1734 2456 1733 2456 1742 2457 1741 2457 1733 2457 1743 2458 1742 2458 1733 2458 1743 2459 1744 2459 1742 2459 1743 2460 1733 2460 1745 2460 1746 2461 1744 2461 1743 2461 1746 2462 1693 2462 1747 2462 1746 2463 1747 2463 1748 2463 1746 2464 1748 2464 1749 2464 1746 2465 1749 2465 1750 2465 1746 2466 1750 2466 1744 2466 1690 2467 1693 2467 1746 2467 1751 2468 1690 2468 2783 2468 2783 2469 1690 2469 1746 2469 1754 2470 1746 2470 1752 2470 1754 2471 2783 2471 1746 2471 1753 2472 1754 2472 1752 2472 1755 2473 1754 2473 1753 2473 1757 2474 1755 2474 1753 2474 1753 2475 1756 2475 1757 2475 1759 2476 1760 2476 1758 2476 1761 2477 1762 2477 1449 2477 1761 2478 1449 2478 1760 2478 1763 2479 1762 2479 1761 2479 1764 2480 1762 2480 1763 2480 2477 2481 1766 2481 1765 2481 2477 2482 1767 2482 1766 2482 2477 2483 1768 2483 1767 2483 2477 2484 1769 2484 1768 2484 2477 2485 1770 2485 1769 2485 1771 2486 1772 2486 1770 2486 1771 2487 1773 2487 1772 2487 1771 2488 1774 2488 1773 2488 1771 2489 1775 2489 1774 2489 1771 2490 1776 2490 1775 2490 1771 2491 1777 2491 1776 2491 1771 2492 1770 2492 2477 2492 1771 2493 1762 2493 1764 2493 1771 2494 1764 2494 1777 2494 1779 2495 1778 2495 1780 2495 1780 2496 1778 2496 1781 2496 1782 2497 1780 2497 1781 2497 1785 2498 1782 2498 1781 2498 1783 2499 1779 2499 1784 2499 1783 2500 1778 2500 1779 2500 1793 2501 1785 2501 1781 2501 1786 2502 1783 2502 1784 2502 1787 2503 1783 2503 1786 2503 1788 2504 1787 2504 1786 2504 1789 2505 1787 2505 1788 2505 1790 2506 1789 2506 1788 2506 1790 2507 1788 2507 1791 2507 1792 2508 1790 2508 1791 2508 1799 2509 1793 2509 1795 2509 1799 2510 1794 2510 1793 2510 1795 2511 1793 2511 1781 2511 1797 2512 1795 2512 1781 2512 1797 2513 1781 2513 1796 2513 1799 2514 1798 2514 1794 2514 1800 2515 1792 2515 1791 2515 1800 2516 1791 2516 1801 2516 1802 2517 1798 2517 1799 2517 1802 2518 1801 2518 1798 2518 1803 2519 1797 2519 1796 2519 1804 2520 1803 2520 1796 2520 1805 2521 1800 2521 1801 2521 1805 2522 1801 2522 1802 2522 1809 2523 1807 2523 1806 2523 1809 2524 1808 2524 1807 2524 1810 2525 1806 2525 1807 2525 1810 2526 1807 2526 1804 2526 1810 2527 1804 2527 1796 2527 1811 2528 1810 2528 1796 2528 1802 2529 1812 2529 1816 2529 1802 2530 1813 2530 1812 2530 1802 2531 1814 2531 1813 2531 1802 2532 1815 2532 1814 2532 1802 2533 1816 2533 1805 2533 1817 2534 1808 2534 1809 2534 1817 2535 1818 2535 1808 2535 1802 2536 1819 2536 1815 2536 1802 2537 1820 2537 1819 2537 1821 2538 1820 2538 1802 2538 1822 2539 1828 2539 1823 2539 1822 2540 1823 2540 1811 2540 1822 2541 1811 2541 1796 2541 1824 2542 1825 2542 1826 2542 1824 2543 1828 2543 1822 2543 1824 2544 1826 2544 1827 2544 1824 2545 1827 2545 1828 2545 1829 2546 1832 2546 1830 2546 1831 2547 1820 2547 1821 2547 1831 2548 1832 2548 1829 2548 1831 2549 1821 2549 1832 2549 1833 2550 1825 2550 1824 2550 1834 2551 1830 2551 1818 2551 1834 2552 1829 2552 1830 2552 1817 2553 1834 2553 1818 2553 1836 2554 1834 2554 1817 2554 1835 2555 1834 2555 1836 2555 1835 2556 1836 2556 1837 2556 1838 2557 1835 2557 1837 2557 1841 2558 1840 2558 1839 2558 1841 2559 1842 2559 1840 2559 1841 2560 1835 2560 1838 2560 1841 2561 1838 2561 1842 2561 1843 2562 1825 2562 1833 2562 1843 2563 1840 2563 1825 2563 1843 2564 1839 2564 1840 2564 1433 2565 1435 2565 1843 2565 1433 2566 1843 2566 1833 2566 72 2567 1706 2567 1844 2567 72 2568 68 2568 1706 2568 75 2569 1844 2569 1845 2569 75 2570 72 2570 1844 2570 81 2571 1845 2571 1846 2571 81 2572 75 2572 1845 2572 85 2573 81 2573 1846 2573 89 2574 85 2574 1846 2574 89 2575 1846 2575 1847 2575 91 2576 89 2576 1847 2576 91 2577 1847 2577 2513 2577 93 2578 91 2578 2513 2578 93 2579 2513 2579 1848 2579 99 2580 93 2580 1848 2580 99 2581 1848 2581 1849 2581 102 2582 99 2582 1849 2582 102 2583 1849 2583 2504 2583 106 2584 102 2584 2504 2584 109 2585 106 2585 2504 2585 109 2586 2504 2586 2526 2586 111 2587 109 2587 2526 2587 111 2588 2526 2588 2477 2588 113 2589 2477 2589 1765 2589 113 2590 111 2590 2477 2590 113 2591 1765 2591 1766 2591 115 2592 1766 2592 1767 2592 115 2593 113 2593 1766 2593 117 2594 1767 2594 1768 2594 117 2595 115 2595 1767 2595 119 2596 1768 2596 1769 2596 119 2597 117 2597 1768 2597 119 2598 1769 2598 1770 2598 121 2599 1770 2599 1772 2599 121 2600 119 2600 1770 2600 123 2601 121 2601 1772 2601 125 2602 1772 2602 1773 2602 125 2603 123 2603 1772 2603 127 2604 1773 2604 1774 2604 127 2605 125 2605 1773 2605 129 2606 1774 2606 1775 2606 129 2607 127 2607 1774 2607 131 2608 1775 2608 1776 2608 131 2609 129 2609 1775 2609 131 2610 1776 2610 1777 2610 133 2611 1777 2611 1764 2611 133 2612 131 2612 1777 2612 1850 2613 1851 2613 1852 2613 1850 2614 2212 2614 1851 2614 2212 2615 1853 2615 1851 2615 1852 2616 1854 2616 1367 2616 1852 2617 1856 2617 1854 2617 1854 2618 1855 2618 1367 2618 1367 2619 1855 2619 1357 2619 1852 2620 1857 2620 1856 2620 1851 2621 1857 2621 1852 2621 1025 2622 1856 2622 1857 2622 1713 2623 2722 2623 1860 2623 1858 2624 1714 2624 1713 2624 1858 2625 1713 2625 1860 2625 1858 2626 1715 2626 1714 2626 1858 2627 1859 2627 1715 2627 1863 2628 1860 2628 1862 2628 1858 2629 1860 2629 1863 2629 1863 2630 1861 2630 1859 2630 1863 2631 1859 2631 1858 2631 1864 2632 1863 2632 1862 2632 1864 2633 1862 2633 1866 2633 1865 2634 1861 2634 1863 2634 1865 2635 1863 2635 1864 2635 1867 2636 1865 2636 1864 2636 1866 2637 1867 2637 1864 2637 1870 2638 1866 2638 1869 2638 1870 2639 1867 2639 1866 2639 1870 2640 1871 2640 1868 2640 1870 2641 1868 2641 1867 2641 1873 2642 1870 2642 1869 2642 1873 2643 1871 2643 1870 2643 1874 2644 1873 2644 1869 2644 1874 2645 1869 2645 1872 2645 1873 2646 2205 2646 1871 2646 1875 2647 1873 2647 1874 2647 1875 2648 2204 2648 2205 2648 1875 2649 2205 2649 1873 2649 1878 2650 1874 2650 1872 2650 1878 2651 1872 2651 1876 2651 1877 2652 1875 2652 1874 2652 1877 2653 2204 2653 1875 2653 1877 2654 1874 2654 1878 2654 1879 2655 1878 2655 1876 2655 1880 2656 1878 2656 1879 2656 1880 2657 1883 2657 1878 2657 1882 2658 1879 2658 1881 2658 1880 2659 1879 2659 1882 2659 1885 2660 1882 2660 1881 2660 1885 2661 1881 2661 1884 2661 1880 2662 1882 2662 1885 2662 1885 2663 1883 2663 1880 2663 1885 2664 2199 2664 1883 2664 1886 2665 1885 2665 1884 2665 1886 2666 2199 2666 1885 2666 1894 2667 1889 2667 2211 2667 1894 2668 2211 2668 1888 2668 1890 2669 1887 2669 1889 2669 1891 2670 1886 2670 1884 2670 1890 2671 1889 2671 1894 2671 1891 2672 1884 2672 1887 2672 1891 2673 2198 2673 1886 2673 1895 2674 1891 2674 1887 2674 1891 2675 1892 2675 2198 2675 1900 2676 1894 2676 1888 2676 1900 2677 1888 2677 1893 2677 1895 2678 1892 2678 1891 2678 1895 2679 1896 2679 1892 2679 1897 2680 1895 2680 1887 2680 1897 2681 1887 2681 1890 2681 1898 2682 1894 2682 1900 2682 1901 2683 1893 2683 1899 2683 1901 2684 1900 2684 1893 2684 1898 2685 1890 2685 1894 2685 1901 2686 1902 2686 1906 2686 1901 2687 1899 2687 1902 2687 1905 2688 1897 2688 1890 2688 1905 2689 1890 2689 1898 2689 1903 2690 1898 2690 1900 2690 1903 2691 1905 2691 1898 2691 1904 2692 1895 2692 1897 2692 1904 2693 1896 2693 1895 2693 1907 2694 1900 2694 1901 2694 1907 2695 1903 2695 1900 2695 1904 2696 1897 2696 1905 2696 1910 2697 1903 2697 1907 2697 1907 2698 1901 2698 1906 2698 1911 2699 1904 2699 1905 2699 1910 2700 1905 2700 1903 2700 1911 2701 1908 2701 1904 2701 1911 2702 1912 2702 1908 2702 1909 2703 1907 2703 1906 2703 1916 2704 1911 2704 1905 2704 1916 2705 1905 2705 1910 2705 1918 2706 1913 2706 1914 2706 1918 2707 1909 2707 1913 2707 1915 2708 1907 2708 1909 2708 1915 2709 1910 2709 1907 2709 1916 2710 1912 2710 1911 2710 1916 2711 1917 2711 1912 2711 1922 2712 1916 2712 1910 2712 1918 2713 1914 2713 1921 2713 1919 2714 1910 2714 1915 2714 1915 2715 1909 2715 1918 2715 1922 2716 1917 2716 1916 2716 1919 2717 1922 2717 1910 2717 1920 2718 1919 2718 1915 2718 1927 2719 1915 2719 1918 2719 1927 2720 1920 2720 1915 2720 1922 2721 1923 2721 1917 2721 1921 2722 1927 2722 1918 2722 1924 2723 1919 2723 1920 2723 1924 2724 1922 2724 1919 2724 1925 2725 1923 2725 1922 2725 1925 2726 1922 2726 1924 2726 1930 2727 1926 2727 1929 2727 1930 2728 1928 2728 1926 2728 1928 2729 1927 2729 1921 2729 1931 2730 1920 2730 1927 2730 1932 2731 1927 2731 1928 2731 1931 2732 1924 2732 1920 2732 1930 2733 1932 2733 1928 2733 1932 2734 1931 2734 1927 2734 1933 2735 1925 2735 1924 2735 1933 2736 1924 2736 1931 2736 1934 2737 1929 2737 1935 2737 1940 2738 1930 2738 1929 2738 1940 2739 1932 2739 1930 2739 1931 2740 1936 2740 1933 2740 1934 2741 1940 2741 1929 2741 1937 2742 1934 2742 1935 2742 1939 2743 1931 2743 1932 2743 1940 2744 1939 2744 1932 2744 1941 2745 1936 2745 1931 2745 1941 2746 1931 2746 1939 2746 1944 2747 1934 2747 1937 2747 1944 2748 1940 2748 1934 2748 1942 2749 1939 2749 1940 2749 1945 2750 1937 2750 1938 2750 1945 2751 1944 2751 1937 2751 1944 2752 1942 2752 1940 2752 1942 2753 1941 2753 1939 2753 1942 2754 2183 2754 1941 2754 1947 2755 1942 2755 1944 2755 1943 2756 1945 2756 1938 2756 1947 2757 1944 2757 1945 2757 1946 2758 2183 2758 1942 2758 1946 2759 1942 2759 1947 2759 1950 2760 1943 2760 1948 2760 1950 2761 1945 2761 1943 2761 1954 2762 1946 2762 1947 2762 1954 2763 1947 2763 1945 2763 1952 2764 1949 2764 1953 2764 1952 2765 1948 2765 1949 2765 1951 2766 1950 2766 1948 2766 1954 2767 1945 2767 1950 2767 1952 2768 1951 2768 1948 2768 1955 2769 1952 2769 1953 2769 1958 2770 1954 2770 1950 2770 1958 2771 1950 2771 1951 2771 1961 2772 1955 2772 1957 2772 1963 2773 1952 2773 1955 2773 1958 2774 1956 2774 1954 2774 1960 2775 1958 2775 1951 2775 1963 2776 1951 2776 1952 2776 1958 2777 1959 2777 1956 2777 1961 2778 1957 2778 1962 2778 1963 2779 1960 2779 1951 2779 1967 2780 1955 2780 1961 2780 1967 2781 1963 2781 1955 2781 1964 2782 1958 2782 1960 2782 1964 2783 1959 2783 1958 2783 1964 2784 1965 2784 1959 2784 1968 2785 1962 2785 1966 2785 1968 2786 1961 2786 1962 2786 1969 2787 1967 2787 1961 2787 1967 2788 1960 2788 1963 2788 1972 2789 1968 2789 1966 2789 1969 2790 1961 2790 1968 2790 1970 2791 1964 2791 1960 2791 1970 2792 1960 2792 1967 2792 1970 2793 1965 2793 1964 2793 1978 2794 1968 2794 1972 2794 1973 2795 1967 2795 1969 2795 1973 2796 1970 2796 1967 2796 1978 2797 1969 2797 1968 2797 1973 2798 1974 2798 1970 2798 1975 2799 1972 2799 1971 2799 1975 2800 1976 2800 1977 2800 1975 2801 1971 2801 1976 2801 1979 2802 1969 2802 1978 2802 1973 2803 1979 2803 1974 2803 1975 2804 1978 2804 1972 2804 1979 2805 1973 2805 1969 2805 1980 2806 1975 2806 1977 2806 1980 2807 1977 2807 1981 2807 1982 2808 1978 2808 1975 2808 1983 2809 1979 2809 1978 2809 1983 2810 1978 2810 1982 2810 1982 2811 1975 2811 1980 2811 1984 2812 1979 2812 1983 2812 1985 2813 1986 2813 1987 2813 1985 2814 1981 2814 1986 2814 1988 2815 1983 2815 1982 2815 1990 2816 1982 2816 1980 2816 1989 2817 1985 2817 1987 2817 1990 2818 1988 2818 1982 2818 1985 2819 1980 2819 1981 2819 1991 2820 1983 2820 1988 2820 1991 2821 1984 2821 1983 2821 1990 2822 1980 2822 1985 2822 1992 2823 1988 2823 1990 2823 1992 2824 1991 2824 1988 2824 1993 2825 1989 2825 1987 2825 1996 2826 1990 2826 1985 2826 1996 2827 1985 2827 1989 2827 1992 2828 1994 2828 1991 2828 1995 2829 1989 2829 1993 2829 1999 2830 1989 2830 1995 2830 1999 2831 1996 2831 1989 2831 1997 2832 1990 2832 1996 2832 1997 2833 1992 2833 1990 2833 2002 2834 1996 2834 1999 2834 2002 2835 1997 2835 1996 2835 1997 2836 2000 2836 1994 2836 1997 2837 1994 2837 1992 2837 2003 2838 1999 2838 1995 2838 2003 2839 1995 2839 1998 2839 2001 2840 1997 2840 2002 2840 2001 2841 2004 2841 2000 2841 2001 2842 2000 2842 1997 2842 2007 2843 2003 2843 1998 2843 2008 2844 2001 2844 2002 2844 2009 2845 1999 2845 2003 2845 2009 2846 2002 2846 1999 2846 2014 2847 2003 2847 2007 2847 2007 2848 1998 2848 2005 2848 2008 2849 2004 2849 2001 2849 2009 2850 2008 2850 2002 2850 2011 2851 2005 2851 2006 2851 2014 2852 2009 2852 2003 2852 2011 2853 2010 2853 2013 2853 2011 2854 2007 2854 2005 2854 2008 2855 2012 2855 2004 2855 2011 2856 2014 2856 2007 2856 2015 2857 2014 2857 2011 2857 2011 2858 2013 2858 2015 2858 2009 2859 2012 2859 2008 2859 2016 2860 2009 2860 2014 2860 2015 2861 2016 2861 2014 2861 2016 2862 2017 2862 2012 2862 2016 2863 2012 2863 2009 2863 2015 2864 2019 2864 2016 2864 2019 2865 2018 2865 2017 2865 2019 2866 2017 2866 2016 2866 2020 2867 2219 2867 649 2867 649 2868 2021 2868 654 2868 1743 2869 2021 2869 2219 2869 2219 2870 2021 2870 649 2870 2021 2871 2022 2871 654 2871 2022 2872 1665 2872 654 2872 2024 2873 2023 2873 2025 2873 2026 2874 2025 2874 2023 2874 1835 2875 2026 2875 2023 2875 1835 2876 1396 2876 2026 2876 2029 2877 1396 2877 1835 2877 2027 2878 1401 2878 2028 2878 2027 2879 1398 2879 1399 2879 2027 2880 1399 2880 1401 2880 1841 2881 2028 2881 2029 2881 1841 2882 2029 2882 1835 2882 1841 2883 2027 2883 2028 2883 2027 2884 2023 2884 1398 2884 1398 2885 2023 2885 2024 2885 1453 2886 1446 2886 2030 2886 2031 2887 1453 2887 2030 2887 2032 2888 2033 2888 2034 2888 2053 2889 2716 2889 1366 2889 2714 2890 1366 2890 2716 2890 2714 2891 2035 2891 1366 2891 2720 2892 2035 2892 2714 2892 2721 2893 2035 2893 2720 2893 1365 2894 1364 2894 2717 2894 1365 2895 2717 2895 2036 2895 1365 2896 2036 2896 2037 2896 2038 2897 2033 2897 2032 2897 1732 2898 2044 2898 2039 2898 2040 2899 2038 2899 2032 2899 2041 2900 2044 2900 1732 2900 2042 2901 2040 2901 2032 2901 2043 2902 2044 2902 2041 2902 2045 2903 2042 2903 2032 2903 2046 2904 2721 2904 2044 2904 2046 2905 2044 2905 2043 2905 2047 2906 2045 2906 2032 2906 2049 2907 2721 2907 2046 2907 2048 2908 2032 2908 2035 2908 2048 2909 2047 2909 2032 2909 2050 2910 2048 2910 2035 2910 2051 2911 2035 2911 2721 2911 2051 2912 2721 2912 2049 2912 2052 2913 2050 2913 2035 2913 2052 2914 2035 2914 2051 2914 1366 2915 1365 2915 2037 2915 1366 2916 2037 2916 2053 2916 2054 2917 2055 2917 2056 2917 2056 2918 2057 2918 2058 2918 2055 2919 2059 2919 2056 2919 2056 2920 2060 2920 2057 2920 2059 2921 2061 2921 2056 2921 2056 2922 2062 2922 2060 2922 2061 2923 2063 2923 2056 2923 2056 2924 2064 2924 2062 2924 2063 2925 2065 2925 2056 2925 2056 2926 2066 2926 2064 2926 2065 2927 2067 2927 2056 2927 2056 2928 2068 2928 2066 2928 2067 2929 2069 2929 2056 2929 2056 2930 2069 2930 2068 2930 1852 2931 2070 2931 1850 2931 2071 2932 1781 2932 1778 2932 2070 2933 2072 2933 2073 2933 2073 2934 2072 2934 2071 2934 1852 2935 2072 2935 2070 2935 2071 2936 2072 2936 1781 2936 1852 2937 2074 2937 2072 2937 1852 2938 2075 2938 2074 2938 1852 2939 2076 2939 2075 2939 1852 2940 2077 2940 2076 2940 2032 2941 2078 2941 2035 2941 2032 2942 2079 2942 2078 2942 1852 2943 2080 2943 2077 2943 2079 2944 2081 2944 2078 2944 2078 2945 2081 2945 2082 2945 2081 2946 2083 2946 2082 2946 2082 2947 2083 2947 2084 2947 2083 2948 2085 2948 2084 2948 2084 2949 2085 2949 2086 2949 2086 2950 2087 2950 2089 2950 2085 2951 2087 2951 2086 2951 2087 2952 2088 2952 2089 2952 2088 2953 2090 2953 2089 2953 2089 2954 2090 2954 2091 2954 2090 2955 2092 2955 2091 2955 2091 2956 2092 2956 2094 2956 2092 2957 2093 2957 2094 2957 2093 2958 2095 2958 2094 2958 2094 2959 2095 2959 2096 2959 2095 2960 2097 2960 2096 2960 2096 2961 2097 2961 2099 2961 2097 2962 2098 2962 2099 2962 2099 2963 2098 2963 2100 2963 2100 2964 2098 2964 2101 2964 2098 2965 2104 2965 2101 2965 2101 2966 2104 2966 2102 2966 2102 2967 2104 2967 2103 2967 2105 2968 2106 2968 2104 2968 2105 2969 2107 2969 2106 2969 2105 2970 2108 2970 2107 2970 2105 2971 1824 2971 2108 2971 2105 2972 1833 2972 1824 2972 2105 2973 108 2973 1833 2973 1833 2974 95 2974 2109 2974 108 2975 95 2975 1833 2975 2106 2976 2077 2976 2080 2976 2106 2977 2080 2977 2110 2977 2106 2978 2110 2978 2111 2978 2106 2979 2111 2979 2112 2979 2106 2980 2112 2980 2103 2980 2106 2981 2103 2981 2104 2981 1356 2982 2645 2982 1352 2982 2114 2983 2645 2983 1356 2983 2645 2984 2115 2984 1352 2984 2115 2985 2116 2985 1352 2985 2116 2986 1036 2986 1352 2986 1030 2987 1036 2987 2117 2987 2117 2988 1036 2988 2116 2988 2021 2989 1743 2989 1745 2989 2021 2990 1745 2990 2118 2990 2119 2991 2120 2991 2023 2991 2119 2992 2022 2992 2121 2992 1665 2993 2022 2993 2119 2993 2027 2994 1667 2994 1665 2994 2027 2995 2119 2995 2023 2995 2027 2996 1665 2996 2119 2996 2122 2997 1717 2997 1716 2997 2122 2998 1718 2998 1717 2998 2122 2999 1716 2999 2123 2999 2122 3000 2123 3000 2124 3000 2058 3001 1719 3001 1718 3001 2058 3002 1720 3002 1719 3002 2058 3003 1721 3003 1720 3003 2058 3004 1722 3004 1721 3004 2058 3005 1723 3005 1722 3005 2058 3006 1725 3006 1723 3006 2058 3007 1731 3007 1725 3007 2058 3008 1732 3008 1731 3008 2058 3009 1718 3009 2122 3009 2056 3010 2125 3010 1052 3010 2126 3011 1052 3011 2127 3011 2126 3012 2127 3012 2128 3012 2126 3013 2056 3013 1052 3013 2129 3014 2126 3014 2128 3014 2134 3015 1857 3015 1851 3015 2130 3016 2134 3016 1851 3016 2130 3017 2129 3017 2131 3017 2130 3018 2131 3018 2132 3018 2130 3019 2132 3019 2133 3019 2130 3020 2133 3020 2134 3020 2122 3021 2125 3021 2058 3021 2130 3022 2126 3022 2129 3022 2056 3023 2058 3023 2125 3023 2022 3024 2021 3024 2118 3024 2022 3025 2118 3025 2121 3025 2126 3026 1745 3026 1733 3026 2118 3027 1745 3027 2126 3027 2130 3028 2119 3028 2121 3028 2130 3029 2121 3029 2118 3029 2130 3030 2118 3030 2126 3030 1853 3031 2135 3031 1851 3031 2135 3032 2136 3032 1851 3032 2136 3033 2137 3033 1851 3033 2138 3034 2130 3034 2139 3034 2139 3035 2130 3035 2140 3035 2140 3036 2130 3036 2141 3036 2141 3037 2130 3037 2142 3037 2142 3038 2130 3038 2143 3038 2143 3039 2130 3039 2137 3039 2137 3040 2130 3040 1851 3040 2144 3041 2145 3041 2146 3041 2146 3042 2145 3042 2148 3042 2148 3043 2147 3043 2149 3043 2149 3044 2147 3044 2150 3044 2150 3045 2147 3045 2151 3045 2151 3046 2147 3046 2152 3046 2152 3047 2147 3047 2153 3047 2153 3048 2147 3048 2154 3048 2154 3049 2147 3049 2155 3049 2155 3050 2147 3050 2156 3050 2156 3051 2147 3051 2138 3051 2138 3052 2147 3052 2130 3052 2145 3053 2147 3053 2148 3053 2147 3054 2157 3054 2130 3054 2120 3055 2119 3055 2157 3055 2157 3056 2119 3056 2130 3056 1103 3057 1684 3057 1106 3057 1683 3058 1684 3058 1103 3058 1683 3059 1103 3059 1095 3059 1682 3060 1095 3060 1091 3060 1682 3061 1683 3061 1095 3061 1681 3062 1682 3062 1091 3062 1681 3063 1091 3063 1089 3063 1680 3064 1681 3064 1089 3064 1680 3065 1089 3065 1081 3065 1679 3066 1081 3066 1077 3066 1679 3067 1680 3067 1081 3067 1678 3068 1679 3068 1077 3068 1678 3069 1077 3069 1071 3069 1677 3070 1678 3070 1071 3070 1677 3071 1071 3071 1068 3071 1676 3072 1677 3072 1068 3072 1676 3073 1068 3073 1062 3073 1674 3074 1676 3074 1062 3074 1674 3075 1062 3075 1054 3075 1672 3076 1674 3076 1054 3076 1672 3077 1054 3077 1057 3077 1673 3078 1057 3078 1060 3078 1673 3079 1672 3079 1057 3079 1675 3080 1673 3080 1060 3080 1066 3081 1675 3081 1060 3081 2163 3082 2158 3082 1675 3082 2163 3083 1675 3083 1066 3083 2159 3084 2158 3084 2163 3084 2159 3085 2160 3085 2161 3085 2159 3086 2161 3086 2158 3086 2162 3087 2012 3087 2017 3087 2162 3088 2017 3088 2018 3088 2162 3089 2018 3089 2160 3089 2166 3090 1066 3090 1073 3090 2166 3091 2163 3091 1066 3091 2164 3092 2160 3092 2159 3092 2164 3093 2004 3093 2012 3093 2164 3094 2162 3094 2160 3094 2164 3095 2012 3095 2162 3095 2165 3096 2166 3096 1073 3096 2167 3097 2000 3097 2004 3097 2167 3098 2159 3098 2163 3098 2167 3099 2164 3099 2159 3099 2167 3100 2004 3100 2164 3100 2169 3101 2000 3101 2167 3101 2169 3102 2166 3102 2165 3102 2169 3103 1994 3103 2000 3103 2169 3104 2167 3104 2163 3104 2169 3105 2163 3105 2166 3105 2170 3106 1083 3106 1084 3106 2170 3107 1084 3107 1087 3107 2170 3108 2168 3108 1083 3108 2171 3109 2169 3109 2165 3109 2171 3110 2165 3110 2168 3110 2171 3111 1984 3111 1991 3111 2171 3112 1991 3112 1994 3112 2171 3113 1994 3113 2169 3113 2172 3114 2170 3114 1087 3114 2172 3115 1087 3115 1093 3115 2173 3116 1979 3116 1984 3116 2173 3117 1984 3117 2171 3117 2173 3118 2171 3118 2168 3118 2175 3119 1093 3119 1097 3119 2175 3120 2172 3120 1093 3120 2174 3121 2173 3121 2168 3121 2174 3122 1974 3122 1979 3122 2174 3123 1979 3123 2173 3123 2174 3124 2168 3124 2170 3124 2174 3125 2170 3125 2172 3125 1100 3126 2175 3126 1097 3126 2176 3127 1965 3127 1970 3127 2176 3128 1970 3128 1974 3128 2176 3129 1974 3129 2174 3129 2176 3130 2174 3130 2172 3130 2176 3131 2172 3131 2175 3131 2178 3132 1104 3132 1108 3132 2178 3133 1100 3133 1104 3133 2177 3134 2176 3134 2175 3134 2177 3135 1959 3135 1965 3135 2177 3136 1965 3136 2176 3136 2180 3137 1108 3137 1110 3137 2180 3138 1110 3138 1115 3138 2180 3139 2178 3139 1108 3139 2179 3140 1954 3140 1956 3140 2179 3141 1956 3141 1959 3141 2179 3142 1959 3142 2177 3142 2179 3143 1100 3143 2178 3143 2179 3144 2177 3144 2175 3144 2179 3145 2175 3145 1100 3145 2182 3146 1115 3146 1118 3146 2182 3147 2180 3147 1115 3147 2181 3148 1954 3148 2179 3148 2181 3149 1946 3149 1954 3149 2181 3150 2179 3150 2178 3150 2181 3151 2178 3151 2180 3151 1120 3152 2182 3152 1118 3152 2183 3153 1946 3153 2181 3153 2183 3154 2181 3154 2180 3154 2183 3155 2180 3155 2182 3155 2185 3156 1120 3156 1125 3156 2185 3157 1125 3157 1129 3157 2184 3158 1936 3158 1941 3158 2184 3159 1941 3159 2183 3159 2184 3160 2183 3160 2182 3160 2184 3161 2182 3161 1120 3161 2187 3162 2185 3162 1129 3162 2186 3163 1120 3163 2185 3163 2186 3164 1925 3164 1933 3164 2186 3165 1933 3165 1936 3165 2186 3166 1936 3166 2184 3166 2186 3167 2184 3167 1120 3167 2189 3168 1133 3168 1136 3168 2189 3169 1136 3169 1142 3169 2189 3170 2187 3170 1133 3170 2188 3171 1925 3171 2186 3171 2188 3172 2186 3172 2185 3172 2188 3173 1923 3173 1925 3173 2192 3174 1142 3174 1145 3174 2192 3175 2189 3175 1142 3175 2190 3176 1917 3176 1923 3176 2190 3177 2185 3177 2187 3177 2190 3178 2188 3178 2185 3178 2190 3179 1923 3179 2188 3179 2190 3180 2187 3180 2189 3180 2191 3181 2192 3181 1145 3181 2191 3182 1145 3182 1149 3182 2191 3183 1149 3183 1154 3183 1912 3184 1917 3184 2190 3184 1912 3185 2189 3185 2192 3185 1912 3186 2190 3186 2189 3186 2195 3187 2191 3187 1154 3187 2195 3188 1154 3188 1158 3188 2196 3189 2191 3189 2195 3189 2196 3190 2192 3190 2191 3190 2193 3191 1896 3191 1904 3191 2193 3192 1904 3192 1908 3192 2193 3193 1908 3193 1912 3193 2193 3194 1912 3194 2192 3194 2194 3195 2195 3195 1158 3195 2194 3196 1158 3196 1162 3196 2194 3197 1162 3197 1168 3197 2196 3198 1892 3198 1896 3198 2196 3199 2193 3199 2192 3199 2196 3200 1896 3200 2193 3200 2197 3201 2194 3201 1168 3201 2197 3202 1168 3202 1171 3202 2199 3203 2195 3203 2194 3203 2198 3204 1892 3204 2196 3204 2198 3205 2196 3205 2195 3205 1175 3206 2197 3206 1171 3206 2197 3207 2199 3207 2194 3207 2199 3208 1886 3208 2198 3208 2199 3209 2198 3209 2195 3209 2200 3210 1175 3210 1178 3210 2200 3211 1178 3211 1185 3211 1883 3212 2199 3212 2197 3212 2203 3213 1185 3213 1188 3213 2203 3214 1188 3214 1194 3214 2203 3215 2200 3215 1185 3215 2204 3216 1175 3216 2200 3216 2204 3217 2200 3217 2203 3217 2201 3218 2197 3218 1175 3218 2201 3219 1883 3219 2197 3219 2201 3220 1878 3220 1883 3220 2202 3221 2203 3221 1194 3221 2202 3222 1194 3222 1196 3222 2204 3223 1878 3223 2201 3223 2204 3224 2201 3224 1175 3224 2204 3225 1877 3225 1878 3225 2206 3226 2202 3226 1196 3226 2206 3227 1196 3227 1200 3227 2206 3228 1200 3228 1205 3228 2205 3229 2203 3229 2202 3229 2205 3230 2204 3230 2203 3230 2207 3231 2206 3231 1205 3231 2207 3232 1205 3232 1208 3232 1871 3233 2205 3233 2202 3233 2209 3234 2207 3234 1208 3234 2209 3235 1208 3235 1215 3235 2209 3236 1215 3236 1219 3236 2208 3237 2202 3237 2206 3237 2208 3238 1871 3238 2202 3238 2208 3239 2206 3239 2207 3239 2208 3240 1868 3240 1871 3240 2208 3241 1865 3241 1867 3241 2208 3242 1867 3242 1868 3242 2209 3243 1219 3243 1715 3243 1861 3244 2208 3244 2207 3244 1861 3245 1865 3245 2208 3245 2210 3246 1861 3246 2207 3246 2210 3247 2207 3247 2209 3247 2210 3248 2209 3248 1715 3248 2210 3249 1715 3249 1859 3249 2210 3250 1859 3250 1861 3250 82 3251 86 3251 2010 3251 82 3252 2010 3252 2011 3252 79 3253 82 3253 2011 3253 79 3254 2011 3254 2006 3254 76 3255 79 3255 2006 3255 76 3256 2006 3256 2005 3256 73 3257 76 3257 2005 3257 73 3258 2005 3258 1998 3258 69 3259 73 3259 1998 3259 69 3260 1998 3260 1995 3260 66 3261 69 3261 1995 3261 66 3262 1995 3262 1993 3262 64 3263 66 3263 1993 3263 64 3264 1993 3264 1987 3264 62 3265 64 3265 1987 3265 62 3266 1987 3266 1986 3266 60 3267 62 3267 1986 3267 60 3268 1986 3268 1981 3268 58 3269 60 3269 1981 3269 58 3270 1981 3270 1977 3270 56 3271 58 3271 1977 3271 56 3272 1977 3272 1976 3272 54 3273 56 3273 1976 3273 54 3274 1976 3274 1971 3274 53 3275 54 3275 1971 3275 53 3276 1971 3276 1972 3276 51 3277 53 3277 1972 3277 51 3278 1972 3278 1966 3278 49 3279 1966 3279 1962 3279 49 3280 51 3280 1966 3280 47 3281 1962 3281 1957 3281 47 3282 49 3282 1962 3282 46 3283 47 3283 1957 3283 46 3284 1957 3284 1955 3284 44 3285 1955 3285 1953 3285 44 3286 46 3286 1955 3286 42 3287 1953 3287 1949 3287 42 3288 44 3288 1953 3288 40 3289 1949 3289 1948 3289 40 3290 42 3290 1949 3290 39 3291 1948 3291 1943 3291 39 3292 40 3292 1948 3292 37 3293 1943 3293 1938 3293 37 3294 39 3294 1943 3294 35 3295 1938 3295 1937 3295 35 3296 37 3296 1938 3296 33 3297 1937 3297 1935 3297 33 3298 35 3298 1937 3298 31 3299 1935 3299 1929 3299 31 3300 33 3300 1935 3300 30 3301 1929 3301 1926 3301 30 3302 31 3302 1929 3302 29 3303 1926 3303 1928 3303 29 3304 30 3304 1926 3304 27 3305 29 3305 1928 3305 27 3306 1928 3306 1921 3306 20 3307 27 3307 1921 3307 20 3308 1921 3308 1914 3308 16 3309 20 3309 1914 3309 16 3310 1914 3310 1913 3310 13 3311 16 3311 1913 3311 13 3312 1913 3312 1909 3312 10 3313 13 3313 1909 3313 10 3314 1909 3314 1906 3314 8 3315 10 3315 1906 3315 8 3316 1906 3316 1902 3316 11 3317 8 3317 1902 3317 11 3318 1902 3318 1899 3318 14 3319 11 3319 1899 3319 14 3320 1899 3320 1893 3320 17 3321 14 3321 1893 3321 17 3322 1888 3322 2211 3322 17 3323 1893 3323 1888 3323 21 3324 17 3324 2211 3324 2212 3325 1850 3325 2070 3325 2213 3326 2212 3326 2070 3326 2213 3327 2070 3327 2073 3327 2214 3328 2073 3328 2071 3328 2214 3329 2213 3329 2073 3329 2215 3330 2214 3330 2071 3330 2215 3331 2071 3331 1778 3331 1783 3332 2215 3332 1778 3332 1816 3333 2155 3333 1805 3333 2154 3334 2155 3334 1816 3334 1805 3335 2156 3335 1800 3335 2155 3336 2156 3336 1805 3336 1800 3337 2138 3337 1792 3337 2156 3338 2138 3338 1800 3338 2138 3339 2139 3339 1792 3339 1792 3340 2139 3340 1790 3340 1790 3341 2140 3341 1789 3341 2139 3342 2140 3342 1790 3342 2140 3343 2141 3343 1789 3343 1789 3344 2142 3344 1787 3344 2141 3345 2142 3345 1789 3345 2142 3346 2143 3346 1787 3346 1787 3347 2143 3347 1783 3347 1783 3348 2137 3348 2215 3348 2143 3349 2137 3349 1783 3349 2137 3350 2136 3350 2215 3350 2215 3351 2136 3351 2214 3351 2214 3352 2135 3352 2213 3352 2136 3353 2135 3353 2214 3353 2213 3354 1853 3354 2212 3354 2135 3355 1853 3355 2213 3355 2153 3356 1816 3356 1812 3356 2153 3357 2154 3357 1816 3357 2152 3358 1812 3358 1813 3358 2152 3359 2153 3359 1812 3359 2151 3360 2152 3360 1813 3360 2151 3361 1813 3361 1814 3361 2150 3362 2151 3362 1814 3362 2150 3363 1814 3363 1815 3363 2149 3364 2150 3364 1815 3364 2149 3365 1815 3365 1819 3365 2148 3366 2149 3366 1819 3366 2146 3367 1819 3367 1820 3367 2146 3368 2148 3368 1819 3368 2144 3369 2146 3369 1820 3369 1743 3370 2216 3370 2217 3370 1743 3371 2217 3371 2218 3371 1746 3372 1743 3372 2218 3372 1743 3373 2219 3373 2216 3373 2220 3374 2221 3374 2079 3374 2221 3375 2222 3375 2079 3375 2079 3376 2222 3376 2081 3376 2081 3377 2223 3377 2083 3377 2222 3378 2223 3378 2081 3378 2223 3379 2224 3379 2083 3379 2083 3380 2224 3380 2085 3380 2224 3381 2225 3381 2085 3381 2085 3382 2225 3382 2087 3382 2225 3383 2226 3383 2087 3383 2087 3384 2226 3384 2088 3384 2226 3385 2227 3385 2088 3385 2088 3386 2227 3386 2090 3386 2227 3387 2228 3387 2090 3387 2090 3388 2228 3388 2092 3388 2228 3389 2229 3389 2092 3389 2092 3390 2229 3390 2093 3390 2093 3391 2230 3391 2095 3391 2229 3392 2230 3392 2093 3392 2230 3393 2231 3393 2095 3393 2079 3394 2034 3394 2220 3394 2079 3395 2032 3395 2034 3395 1366 3396 2078 3396 1368 3396 2035 3397 2078 3397 1366 3397 1369 3398 1368 3398 2078 3398 1370 3399 2078 3399 2082 3399 1370 3400 1369 3400 2078 3400 1371 3401 1370 3401 2082 3401 1372 3402 2082 3402 2084 3402 1372 3403 1371 3403 2082 3403 1373 3404 1372 3404 2084 3404 2080 3405 1367 3405 1374 3405 2080 3406 1852 3406 1367 3406 2232 3407 2104 3407 2663 3407 2105 3408 2104 3408 2232 3408 1781 3409 2072 3409 1796 3409 1796 3410 2072 3410 2237 3410 2234 3411 1824 3411 1822 3411 2077 3412 2106 3412 2233 3412 2233 3413 2106 3413 2234 3413 1529 3414 1796 3414 1528 3414 1528 3415 1796 3415 2237 3415 2236 3416 1528 3416 2237 3416 2235 3417 1796 3417 1529 3417 1532 3418 1796 3418 2235 3418 2238 3419 2236 3419 2237 3419 2239 3420 2238 3420 2237 3420 2239 3421 2240 3421 2238 3421 2233 3422 2240 3422 2239 3422 2233 3423 2241 3423 2242 3423 2233 3424 2242 3424 2240 3424 2245 3425 2243 3425 2244 3425 2245 3426 2244 3426 2246 3426 2246 3427 2244 3427 2247 3427 2248 3428 2246 3428 2247 3428 2248 3429 2247 3429 2249 3429 2250 3430 2248 3430 2249 3430 2250 3431 2249 3431 1535 3431 2251 3432 2250 3432 1535 3432 2251 3433 2241 3433 2233 3433 2251 3434 1535 3434 2241 3434 1516 3435 2251 3435 2233 3435 2234 3436 2258 3436 2252 3436 2234 3437 2252 3437 2253 3437 2234 3438 2253 3438 2254 3438 2234 3439 2255 3439 2256 3439 1822 3440 1519 3440 1521 3440 1822 3441 1521 3441 2257 3441 1822 3442 2257 3442 2258 3442 1822 3443 2258 3443 2234 3443 2233 3444 2234 3444 2254 3444 2233 3445 2254 3445 1515 3445 2233 3446 1515 3446 1516 3446 1822 3447 1796 3447 1519 3447 1519 3448 1796 3448 2245 3448 2245 3449 1796 3449 1532 3449 2245 3450 1532 3450 2243 3450 1373 3451 2084 3451 2086 3451 1376 3452 2086 3452 2089 3452 1376 3453 1373 3453 2086 3453 1379 3454 1376 3454 2089 3454 1380 3455 2089 3455 2091 3455 1380 3456 1379 3456 2089 3456 1381 3457 1380 3457 2091 3457 1383 3458 1381 3458 2091 3458 1383 3459 2091 3459 2094 3459 1386 3460 1383 3460 2094 3460 1386 3461 2094 3461 2096 3461 1388 3462 1386 3462 2096 3462 1387 3463 2096 3463 2099 3463 1387 3464 1388 3464 2096 3464 1385 3465 1387 3465 2099 3465 1385 3466 2099 3466 2100 3466 1384 3467 1385 3467 2100 3467 1384 3468 2100 3468 2101 3468 1382 3469 1384 3469 2101 3469 1378 3470 2101 3470 2102 3470 1378 3471 1382 3471 2101 3471 1378 3472 2102 3472 2103 3472 1377 3473 2103 3473 2112 3473 1377 3474 1378 3474 2103 3474 1377 3475 2112 3475 2111 3475 1375 3476 2111 3476 2110 3476 1375 3477 1377 3477 2111 3477 1374 3478 2110 3478 2080 3478 1374 3479 1375 3479 2110 3479 2237 3480 2072 3480 2074 3480 2239 3481 2237 3481 2074 3481 2239 3482 2074 3482 2075 3482 2239 3483 2075 3483 2076 3483 2233 3484 2239 3484 2076 3484 2233 3485 2076 3485 2077 3485 2255 3486 2234 3486 2106 3486 2255 3487 2106 3487 2107 3487 2256 3488 2255 3488 2107 3488 2256 3489 2107 3489 2108 3489 2234 3490 2256 3490 2108 3490 2234 3491 2108 3491 1824 3491 1708 3492 2259 3492 1710 3492 1708 3493 1707 3493 2259 3493 2261 3494 2262 3494 2260 3494 2777 3495 2262 3495 2261 3495 2777 3496 2263 3496 2262 3496 2264 3497 2265 3497 2266 3497 2264 3498 2267 3498 2265 3498 2273 3499 2264 3499 2266 3499 2268 3500 2273 3500 2266 3500 2269 3501 2273 3501 2268 3501 2270 3502 2263 3502 2777 3502 2270 3503 2777 3503 2775 3503 2270 3504 2775 3504 2271 3504 2270 3505 2271 3505 2273 3505 2272 3506 2270 3506 2273 3506 2272 3507 2273 3507 2269 3507 2272 3508 2275 3508 2274 3508 2272 3509 2269 3509 2275 3509 1480 3510 2276 3510 1113 3510 1480 3511 2277 3511 2276 3511 1480 3512 2278 3512 2277 3512 1480 3513 1113 3513 2279 3513 2280 3514 2281 3514 2278 3514 2280 3515 2278 3515 1480 3515 2294 3516 1480 3516 1479 3516 2294 3517 2280 3517 1480 3517 1023 3518 1441 3518 1440 3518 1024 3519 1023 3519 1440 3519 1024 3520 1440 3520 1443 3520 1023 3521 2282 3521 1441 3521 1022 3522 2282 3522 1023 3522 1022 3523 2283 3523 2282 3523 1024 3524 1443 3524 2284 3524 1022 3525 2030 3525 2283 3525 1017 3526 2030 3526 1022 3526 1018 3527 1024 3527 2284 3527 1019 3528 1018 3528 2284 3528 1019 3529 2284 3529 1762 3529 2031 3530 2030 3530 1017 3530 1009 3531 2031 3531 1017 3531 1010 3532 2031 3532 1009 3532 2285 3533 2031 3533 1010 3533 1011 3534 2285 3534 1010 3534 2286 3535 2285 3535 1011 3535 1012 3536 2286 3536 1011 3536 2287 3537 2286 3537 1012 3537 1013 3538 2287 3538 1012 3538 2288 3539 2287 3539 1013 3539 2289 3540 2288 3540 1013 3540 2290 3541 2289 3541 1014 3541 1015 3542 2290 3542 1014 3542 2291 3543 2290 3543 1015 3543 2292 3544 2291 3544 1015 3544 770 3545 2293 3545 1016 3545 1006 3546 2293 3546 770 3546 2294 3547 2293 3547 1006 3547 978 3548 1019 3548 1762 3548 978 3549 1762 3549 1771 3549 2295 3550 978 3550 1771 3550 977 3551 978 3551 2295 3551 976 3552 2295 3552 2296 3552 976 3553 977 3553 2295 3553 2297 3554 976 3554 2296 3554 975 3555 976 3555 2297 3555 2298 3556 975 3556 2297 3556 974 3557 975 3557 2298 3557 974 3558 2298 3558 2299 3558 973 3559 974 3559 2299 3559 2480 3560 973 3560 2299 3560 972 3561 973 3561 2480 3561 972 3562 2480 3562 2481 3562 971 3563 2481 3563 2482 3563 971 3564 972 3564 2481 3564 970 3565 971 3565 2482 3565 970 3566 2482 3566 2300 3566 996 3567 2294 3567 1006 3567 2280 3568 2294 3568 996 3568 969 3569 2300 3569 2483 3569 969 3570 970 3570 2300 3570 997 3571 2280 3571 996 3571 2301 3572 2280 3572 997 3572 968 3573 969 3573 2483 3573 2484 3574 968 3574 2483 3574 2484 3575 967 3575 968 3575 998 3576 2301 3576 997 3576 2302 3577 2301 3577 998 3577 966 3578 967 3578 2484 3578 2303 3579 966 3579 2484 3579 965 3580 966 3580 2303 3580 999 3581 2302 3581 998 3581 2304 3582 2302 3582 999 3582 2305 3583 965 3583 2303 3583 964 3584 965 3584 2305 3584 2306 3585 964 3585 2305 3585 1000 3586 2304 3586 999 3586 2307 3587 2304 3587 1000 3587 2309 3588 963 3588 964 3588 2309 3589 964 3589 2306 3589 1001 3590 2307 3590 1000 3590 2308 3591 2307 3591 1001 3591 962 3592 963 3592 2309 3592 2310 3593 962 3593 2309 3593 1002 3594 2308 3594 1001 3594 2311 3595 2308 3595 1002 3595 2312 3596 961 3596 962 3596 2312 3597 962 3597 2310 3597 1003 3598 2311 3598 1002 3598 2313 3599 2311 3599 1003 3599 2314 3600 960 3600 961 3600 2314 3601 961 3601 2312 3601 959 3602 960 3602 2314 3602 2315 3603 959 3603 2314 3603 1004 3604 2313 3604 1003 3604 2316 3605 2313 3605 1004 3605 1005 3606 2316 3606 1004 3606 2317 3607 2316 3607 1005 3607 995 3608 2317 3608 1005 3608 2272 3609 2317 3609 995 3609 2318 3610 959 3610 2315 3610 2318 3611 979 3611 959 3611 2319 3612 979 3612 2318 3612 2319 3613 988 3613 979 3613 2320 3614 988 3614 2319 3614 2320 3615 987 3615 988 3615 2321 3616 987 3616 2320 3616 2321 3617 986 3617 987 3617 2322 3618 986 3618 2321 3618 2322 3619 985 3619 986 3619 2323 3620 985 3620 2322 3620 2323 3621 984 3621 985 3621 2324 3622 984 3622 2323 3622 2324 3623 983 3623 984 3623 2325 3624 983 3624 2324 3624 2325 3625 982 3625 983 3625 2326 3626 982 3626 2325 3626 2326 3627 981 3627 982 3627 2327 3628 981 3628 2326 3628 2328 3629 981 3629 2327 3629 2328 3630 980 3630 981 3630 990 3631 2272 3631 995 3631 2270 3632 2272 3632 990 3632 991 3633 2270 3633 990 3633 2329 3634 2270 3634 991 3634 2330 3635 2329 3635 991 3635 2330 3636 991 3636 790 3636 2331 3637 2330 3637 790 3637 2332 3638 2331 3638 790 3638 2333 3639 790 3639 728 3639 2333 3640 2332 3640 790 3640 2334 3641 2333 3641 728 3641 2335 3642 980 3642 2328 3642 2335 3643 989 3643 980 3643 994 3644 989 3644 2335 3644 2336 3645 2334 3645 728 3645 2336 3646 728 3646 791 3646 2337 3647 994 3647 2335 3647 993 3648 994 3648 2337 3648 2338 3649 2336 3649 791 3649 2339 3650 993 3650 2337 3650 2340 3651 2338 3651 791 3651 2340 3652 791 3652 992 3652 2341 3653 993 3653 2339 3653 2342 3654 993 3654 2341 3654 2342 3655 992 3655 993 3655 2343 3656 2340 3656 992 3656 2343 3657 992 3657 2342 3657 1715 3658 1219 3658 2345 3658 2345 3659 1231 3659 2344 3659 1219 3660 1231 3660 2345 3660 1231 3661 2346 3661 2344 3661 2346 3662 2347 3662 2344 3662 2347 3663 2348 3663 2344 3663 2348 3664 2349 3664 2344 3664 2350 3665 2351 3665 2349 3665 2349 3666 2351 3666 2344 3666 2353 3667 2335 3667 2352 3667 2351 3668 2335 3668 2353 3668 2352 3669 2335 3669 2328 3669 2350 3670 2335 3670 2351 3670 1231 3671 1232 3671 2346 3671 2346 3672 1232 3672 2347 3672 1232 3673 1228 3673 2347 3673 2347 3674 1228 3674 2348 3674 2348 3675 1228 3675 2349 3675 1228 3676 1225 3676 2349 3676 2349 3677 1225 3677 2350 3677 1225 3678 1223 3678 2350 3678 2354 3679 1223 3679 2355 3679 2356 3680 1223 3680 2354 3680 2357 3681 1223 3681 2356 3681 2350 3682 1223 3682 2357 3682 1223 3683 1221 3683 2355 3683 2358 3684 1221 3684 2359 3684 2360 3685 1221 3685 2358 3685 2355 3686 1221 3686 2360 3686 1221 3687 1217 3687 2359 3687 2361 3688 1217 3688 2362 3688 2359 3689 1217 3689 2361 3689 1217 3690 1213 3690 2362 3690 2363 3691 1213 3691 2364 3691 2365 3692 1213 3692 2363 3692 2362 3693 1213 3693 2365 3693 1213 3694 1210 3694 2364 3694 2366 3695 1210 3695 2369 3695 2367 3696 1210 3696 2366 3696 2364 3697 1210 3697 2367 3697 2368 3698 1207 3698 2263 3698 2369 3699 1207 3699 2368 3699 1210 3700 1207 3700 2369 3700 1207 3701 1203 3701 2263 3701 2263 3702 1203 3702 2262 3702 1203 3703 1201 3703 2262 3703 2262 3704 1201 3704 2260 3704 2261 3705 2370 3705 2371 3705 1201 3706 1197 3706 2260 3706 2260 3707 1197 3707 2261 3707 1197 3708 1193 3708 2261 3708 2261 3709 1193 3709 2370 3709 2370 3710 1190 3710 2372 3710 1193 3711 1190 3711 2370 3711 2372 3712 1186 3712 2373 3712 1190 3713 1186 3713 2372 3713 2373 3714 1183 3714 2374 3714 1186 3715 1183 3715 2373 3715 2375 3716 2267 3716 2376 3716 2374 3717 1180 3717 2375 3717 1183 3718 1180 3718 2374 3718 1180 3719 1177 3719 2375 3719 2375 3720 1177 3720 2267 3720 2267 3721 1174 3721 2265 3721 1177 3722 1174 3722 2267 3722 2265 3723 1170 3723 2266 3723 1174 3724 1170 3724 2265 3724 2266 3725 1166 3725 2268 3725 1170 3726 1166 3726 2266 3726 2268 3727 1164 3727 2269 3727 1166 3728 1164 3728 2268 3728 2269 3729 1160 3729 2275 3729 1164 3730 1160 3730 2269 3730 2275 3731 1156 3731 2274 3731 1160 3732 1156 3732 2275 3732 2274 3733 1152 3733 2377 3733 1156 3734 1152 3734 2274 3734 2377 3735 1151 3735 2378 3735 1152 3736 1151 3736 2377 3736 2379 3737 1147 3737 2380 3737 2378 3738 1147 3738 2379 3738 1151 3739 1147 3739 2378 3739 2381 3740 1143 3740 2382 3740 2380 3741 1143 3741 2381 3741 1147 3742 1143 3742 2380 3742 2382 3743 1140 3743 2383 3743 1143 3744 1140 3744 2382 3744 2384 3745 1138 3745 2385 3745 2383 3746 1138 3746 2384 3746 1140 3747 1138 3747 2383 3747 1138 3748 1134 3748 2385 3748 2385 3749 1134 3749 2386 3749 2387 3750 1134 3750 2388 3750 2386 3751 1134 3751 2387 3751 2388 3752 1130 3752 2281 3752 1134 3753 1130 3753 2388 3753 1130 3754 1127 3754 2281 3754 2281 3755 1127 3755 2278 3755 1127 3756 1121 3756 2278 3756 1121 3757 2277 3757 2278 3757 1121 3758 2276 3758 2277 3758 1121 3759 1113 3759 2276 3759 2389 3760 2318 3760 2487 3760 2487 3761 2318 3761 2315 3761 2392 3762 2390 3762 2391 3762 2390 3763 2394 3763 2391 3763 2394 3764 2393 3764 2395 3764 2390 3765 2393 3765 2394 3765 2397 3766 2396 3766 2144 3766 1393 3767 2144 3767 2396 3767 1390 3768 2397 3768 2144 3768 1820 3769 1390 3769 2144 3769 2398 3770 1390 3770 1820 3770 2401 3771 2398 3771 1820 3771 2145 3772 2144 3772 1393 3772 2145 3773 1393 3773 2399 3773 2145 3774 2399 3774 2400 3774 2145 3775 2400 3775 1395 3775 1831 3776 1395 3776 2401 3776 1831 3777 2145 3777 1395 3777 1831 3778 2401 3778 1820 3778 2402 3779 2390 3779 2392 3779 2402 3780 2392 3780 2403 3780 2404 3781 2403 3781 2405 3781 2404 3782 2402 3782 2403 3782 1708 3783 2405 3783 2406 3783 1708 3784 2406 3784 1707 3784 1708 3785 2404 3785 2405 3785 2395 3786 2393 3786 2407 3786 2393 3787 2408 3787 2407 3787 2407 3788 2409 3788 2496 3788 2408 3789 2409 3789 2407 3789 2409 3790 2389 3790 2496 3790 2496 3791 2389 3791 2487 3791 2410 3792 2345 3792 2344 3792 2411 3793 2345 3793 2410 3793 2412 3794 1712 3794 1714 3794 2412 3795 1714 3795 2345 3795 2412 3796 2345 3796 2411 3796 2413 3797 1712 3797 2412 3797 2414 3798 1711 3798 1712 3798 2414 3799 1712 3799 2413 3799 2415 3800 1709 3800 1711 3800 2415 3801 1711 3801 2414 3801 2404 3802 1708 3802 1709 3802 2416 3803 1709 3803 2415 3803 2416 3804 2404 3804 1709 3804 2402 3805 2416 3805 2417 3805 2402 3806 2404 3806 2416 3806 2418 3807 2402 3807 2417 3807 2390 3808 2402 3808 2418 3808 2344 3809 2351 3809 2419 3809 2410 3810 2419 3810 2420 3810 2410 3811 2344 3811 2419 3811 2411 3812 2420 3812 2421 3812 2411 3813 2410 3813 2420 3813 2412 3814 2421 3814 2422 3814 2412 3815 2411 3815 2421 3815 2413 3816 2422 3816 2423 3816 2413 3817 2412 3817 2422 3817 2414 3818 2423 3818 2424 3818 2414 3819 2413 3819 2423 3819 2415 3820 2424 3820 2425 3820 2415 3821 2414 3821 2424 3821 2416 3822 2425 3822 2426 3822 2416 3823 2415 3823 2425 3823 2417 3824 2426 3824 2427 3824 2417 3825 2416 3825 2426 3825 2418 3826 2417 3826 2427 3826 2390 3827 2427 3827 2393 3827 2390 3828 2418 3828 2427 3828 2429 3829 2428 3829 2389 3829 2409 3830 2430 3830 2429 3830 2409 3831 2429 3831 2389 3831 2427 3832 2408 3832 2393 3832 2426 3833 2408 3833 2427 3833 2425 3834 2409 3834 2408 3834 2425 3835 2408 3835 2426 3835 2424 3836 2431 3836 2430 3836 2424 3837 2430 3837 2409 3837 2424 3838 2409 3838 2425 3838 2352 3839 2432 3839 2433 3839 2423 3840 2434 3840 2431 3840 2423 3841 2431 3841 2424 3841 2422 3842 2434 3842 2423 3842 2353 3843 2433 3843 2434 3843 2353 3844 2352 3844 2433 3844 2353 3845 2434 3845 2422 3845 2421 3846 2353 3846 2422 3846 2351 3847 2421 3847 2420 3847 2351 3848 2353 3848 2421 3848 2419 3849 2351 3849 2420 3849 2352 3850 2328 3850 2327 3850 2432 3851 2352 3851 2327 3851 2432 3852 2327 3852 2326 3852 2433 3853 2326 3853 2325 3853 2433 3854 2432 3854 2326 3854 2434 3855 2325 3855 2324 3855 2434 3856 2433 3856 2325 3856 2431 3857 2324 3857 2323 3857 2431 3858 2434 3858 2324 3858 2430 3859 2323 3859 2322 3859 2430 3860 2431 3860 2323 3860 2429 3861 2322 3861 2321 3861 2429 3862 2430 3862 2322 3862 2428 3863 2321 3863 2320 3863 2428 3864 2429 3864 2321 3864 2428 3865 2320 3865 2319 3865 2389 3866 2319 3866 2318 3866 2389 3867 2428 3867 2319 3867 1670 3868 651 3868 1668 3868 1670 3869 653 3869 651 3869 1670 3870 658 3870 653 3870 656 3871 1668 3871 651 3871 1802 3872 2435 3872 2436 3872 1821 3873 1802 3873 2436 3873 1821 3874 2436 3874 2437 3874 1832 3875 1821 3875 2437 3875 1832 3876 2437 3876 2438 3876 1830 3877 1832 3877 2438 3877 1830 3878 2438 3878 2439 3878 1818 3879 1830 3879 2439 3879 2439 3880 2440 3880 1818 3880 1808 3881 1818 3881 2440 3881 1807 3882 1808 3882 2440 3882 1807 3883 2440 3883 2441 3883 1804 3884 1807 3884 2441 3884 1803 3885 1804 3885 2441 3885 1803 3886 2441 3886 2442 3886 1797 3887 1803 3887 2442 3887 1795 3888 1797 3888 2442 3888 1795 3889 2442 3889 2443 3889 1799 3890 1795 3890 2443 3890 1802 3891 1799 3891 2443 3891 2443 3892 2435 3892 1802 3892 2440 3893 1545 3893 2441 3893 2440 3894 2445 3894 1545 3894 1545 3895 2444 3895 2441 3895 2441 3896 2444 3896 2442 3896 2444 3897 2446 3897 2442 3897 2440 3898 2447 3898 2445 3898 2442 3899 2446 3899 2443 3899 2448 3900 2443 3900 2446 3900 2452 3901 2443 3901 2448 3901 2449 3902 1556 3902 2439 3902 2439 3903 2450 3903 2449 3903 2440 3904 1556 3904 2447 3904 2439 3905 1556 3905 2440 3905 1556 3906 2451 3906 2447 3906 2447 3907 2451 3907 2452 3907 2439 3908 1553 3908 2450 3908 2451 3909 2454 3909 2452 3909 2438 3910 1553 3910 2439 3910 2438 3911 2437 3911 1553 3911 1553 3912 2437 3912 2453 3912 2452 3913 2435 3913 2443 3913 2455 3914 2435 3914 2454 3914 2454 3915 2435 3915 2452 3915 2453 3916 2437 3916 2456 3916 2437 3917 2436 3917 2456 3917 2456 3918 2435 3918 2455 3918 2456 3919 2436 3919 2435 3919 1836 3920 1817 3920 2457 3920 1837 3921 1836 3921 2457 3921 1837 3922 2457 3922 2458 3922 1838 3923 1837 3923 2458 3923 1838 3924 2458 3924 2459 3924 1842 3925 1838 3925 2459 3925 1840 3926 1842 3926 2459 3926 1840 3927 2459 3927 2460 3927 1840 3928 2460 3928 2461 3928 1840 3929 2461 3929 2462 3929 1840 3930 2462 3930 1825 3930 1826 3931 1825 3931 2462 3931 1826 3932 2462 3932 2463 3932 1827 3933 1826 3933 2463 3933 1828 3934 1827 3934 2463 3934 1828 3935 2463 3935 2464 3935 1828 3936 2464 3936 2465 3936 1823 3937 1828 3937 2465 3937 1811 3938 1823 3938 2465 3938 1810 3939 1811 3939 2465 3939 1810 3940 2465 3940 2466 3940 1806 3941 1810 3941 2466 3941 1809 3942 1806 3942 2466 3942 1809 3943 2466 3943 2467 3943 1817 3944 1809 3944 2467 3944 2457 3945 1817 3945 2467 3945 2463 3946 1564 3946 2468 3946 2463 3947 2468 3947 2464 3947 2462 3948 1564 3948 2463 3948 2468 3949 2469 3949 2464 3949 2464 3950 2469 3950 2465 3950 2469 3951 1558 3951 2465 3951 2465 3952 1558 3952 2466 3952 2462 3953 1563 3953 1564 3953 1558 3954 2467 3954 2466 3954 2470 3955 2467 3955 1558 3955 2472 3956 2467 3956 2470 3956 2461 3957 2471 3957 1565 3957 2462 3958 1565 3958 1563 3958 2461 3959 1565 3959 2462 3959 1563 3960 1565 3960 2472 3960 2461 3961 2473 3961 2471 3961 1565 3962 2475 3962 2472 3962 2460 3963 2473 3963 2461 3963 2473 3964 2460 3964 2474 3964 2460 3965 2459 3965 2474 3965 2472 3966 2457 3966 2467 3966 1567 3967 2457 3967 2475 3967 2475 3968 2457 3968 2472 3968 2474 3969 2459 3969 2476 3969 2459 3970 2458 3970 2476 3970 2476 3971 2458 3971 1567 3971 1567 3972 2458 3972 2457 3972 2294 3973 1479 3973 1478 3973 2293 3974 1478 3974 1477 3974 2293 3975 2294 3975 1478 3975 1016 3976 1477 3976 1475 3976 1016 3977 2293 3977 1477 3977 2292 3978 1016 3978 1475 3978 2291 3979 1475 3979 1474 3979 2291 3980 2292 3980 1475 3980 2290 3981 1474 3981 1471 3981 2290 3982 2291 3982 1474 3982 2289 3983 2290 3983 1471 3983 2289 3984 1471 3984 2288 3984 2287 3985 1467 3985 1464 3985 2287 3986 2288 3986 1467 3986 2286 3987 2287 3987 1464 3987 2285 3988 1464 3988 1460 3988 2285 3989 2286 3989 1464 3989 2285 3990 1460 3990 1458 3990 2031 3991 2285 3991 1458 3991 2031 3992 1458 3992 1453 3992 2335 3993 2350 3993 2357 3993 2337 3994 2357 3994 2356 3994 2337 3995 2335 3995 2357 3995 2339 3996 2337 3996 2356 3996 2339 3997 2356 3997 2354 3997 2341 3998 2354 3998 2355 3998 2341 3999 2339 3999 2354 3999 2342 4000 2355 4000 2360 4000 2342 4001 2341 4001 2355 4001 2343 4002 2342 4002 2360 4002 2343 4003 2360 4003 2358 4003 2340 4004 2358 4004 2359 4004 2340 4005 2343 4005 2358 4005 2340 4006 2359 4006 2361 4006 2338 4007 2340 4007 2361 4007 2338 4008 2361 4008 2362 4008 2336 4009 2362 4009 2365 4009 2336 4010 2338 4010 2362 4010 2334 4011 2365 4011 2363 4011 2334 4012 2336 4012 2365 4012 2333 4013 2334 4013 2363 4013 2333 4014 2363 4014 2364 4014 2332 4015 2333 4015 2364 4015 2332 4016 2364 4016 2367 4016 2332 4017 2367 4017 2366 4017 2331 4018 2366 4018 2369 4018 2331 4019 2332 4019 2366 4019 2330 4020 2331 4020 2369 4020 2330 4021 2369 4021 2368 4021 2329 4022 2368 4022 2263 4022 2329 4023 2330 4023 2368 4023 2270 4024 2329 4024 2263 4024 2295 4025 1771 4025 2477 4025 2295 4026 2477 4026 2296 4026 2297 4027 2478 4027 2479 4027 2297 4028 2296 4028 2478 4028 2298 4029 2297 4029 2479 4029 2299 4030 2479 4030 2488 4030 2299 4031 2298 4031 2479 4031 2480 4032 2299 4032 2488 4032 2484 4033 2483 4033 2491 4033 2309 4034 2306 4034 2485 4034 2310 4035 2309 4035 2485 4035 2312 4036 2310 4036 2486 4036 2314 4037 2312 4037 2486 4037 2314 4038 2486 4038 2487 4038 2315 4039 2314 4039 2487 4039 2499 4040 2488 4040 2479 4040 2479 4041 2503 4041 2499 4041 2479 4042 2478 4042 2503 4042 2500 4043 2480 4043 2488 4043 2500 4044 2481 4044 2480 4044 2489 4045 2482 4045 2481 4045 2489 4046 2481 4046 2500 4046 2500 4047 2488 4047 2499 4047 2489 4048 2300 4048 2482 4048 2490 4049 2483 4049 2300 4049 2490 4050 2300 4050 2489 4050 2490 4051 2491 4051 2483 4051 2490 4052 2489 4052 2501 4052 2490 4053 2501 4053 2502 4053 2492 4054 2303 4054 2484 4054 2492 4055 2484 4055 2491 4055 2491 4056 2490 4056 2502 4056 2492 4057 2305 4057 2303 4057 2493 4058 2306 4058 2305 4058 2493 4059 2305 4059 2492 4059 2492 4060 2491 4060 2502 4060 2493 4061 2485 4061 2306 4061 2493 4062 2494 4062 2505 4062 2493 4063 2492 4063 2494 4063 2495 4064 2310 4064 2485 4064 2495 4065 2485 4065 2493 4065 2495 4066 2486 4066 2310 4066 2495 4067 2493 4067 2505 4067 2496 4068 2487 4068 2486 4068 2496 4069 2486 4069 2495 4069 2495 4070 2505 4070 2508 4070 2497 4071 2496 4071 2495 4071 2497 4072 2495 4072 2508 4072 2497 4073 2407 4073 2496 4073 2497 4074 2395 4074 2407 4074 2296 4075 2477 4075 2498 4075 2478 4076 2498 4076 2503 4076 2478 4077 2296 4077 2498 4077 2526 4078 2498 4078 2477 4078 2503 4079 2498 4079 2526 4079 2527 4080 2503 4080 2526 4080 2527 4081 2500 4081 2499 4081 2527 4082 2499 4082 2503 4082 2527 4083 2501 4083 2489 4083 2527 4084 2489 4084 2500 4084 2502 4085 2501 4085 2506 4085 2501 4086 2527 4086 2530 4086 2494 4087 2492 4087 2502 4087 2507 4088 2502 4088 2506 4088 2507 4089 2494 4089 2502 4089 2530 4090 2504 4090 1849 4090 2508 4091 2395 4091 2497 4091 2508 4092 2394 4092 2395 4092 2514 4093 2394 4093 2508 4093 2514 4094 2508 4094 2505 4094 2509 4095 2494 4095 2507 4095 2509 4096 2507 4096 2510 4096 2513 4097 2512 4097 1848 4097 2511 4098 2505 4098 2494 4098 2511 4099 2494 4099 2509 4099 2516 4100 2512 4100 2513 4100 2514 4101 2505 4101 2511 4101 2516 4102 2515 4102 2512 4102 2520 4103 2509 4103 2510 4103 2517 4104 2515 4104 2516 4104 2518 4105 2391 4105 2394 4105 2518 4106 2514 4106 2511 4106 2518 4107 2394 4107 2514 4107 2519 4108 2509 4108 2520 4108 2519 4109 2511 4109 2509 4109 2517 4110 2516 4110 2513 4110 2517 4111 2513 4111 1847 4111 2520 4112 2515 4112 2517 4112 2518 4113 2511 4113 2519 4113 2524 4114 2520 4114 2517 4114 2522 4115 1847 4115 1846 4115 2522 4116 2517 4116 1847 4116 2519 4117 2520 4117 2524 4117 2532 4118 2522 4118 1846 4118 2523 4119 2519 4119 2521 4119 2523 4120 2391 4120 2518 4120 2523 4121 2518 4121 2519 4121 2524 4122 2517 4122 2522 4122 2521 4123 2519 4123 2524 4123 2523 4124 2392 4124 2391 4124 2525 4125 2524 4125 2522 4125 2525 4126 2522 4126 2532 4126 2521 4127 2524 4127 2525 4127 2525 4128 2523 4128 2521 4128 2525 4129 2392 4129 2523 4129 2504 4130 2527 4130 2526 4130 2530 4131 2527 4131 2504 4131 2507 4132 2528 4132 2510 4132 2507 4133 2529 4133 2528 4133 2529 4134 2530 4134 1849 4134 2529 4135 1849 4135 1848 4135 2529 4136 1848 4136 2512 4136 2528 4137 2515 4137 2510 4137 2528 4138 2529 4138 2512 4138 2528 4139 2512 4139 2515 4139 2515 4140 2520 4140 2510 4140 2530 4141 2529 4141 2501 4141 2506 4142 2501 4142 2529 4142 2506 4143 2529 4143 2507 4143 2406 4144 1706 4144 1707 4144 1846 4145 1845 4145 2532 4145 2531 4146 2406 4146 2405 4146 2531 4147 1706 4147 2406 4147 2531 4148 1844 4148 1706 4148 2531 4149 2405 4149 2403 4149 2531 4150 1845 4150 1844 4150 2525 4151 2403 4151 2392 4151 2525 4152 2531 4152 2403 4152 2532 4153 1845 4153 2531 4153 2532 4154 2531 4154 2525 4154 2272 4155 2274 4155 2377 4155 2317 4156 2377 4156 2378 4156 2317 4157 2272 4157 2377 4157 2316 4158 2378 4158 2379 4158 2316 4159 2317 4159 2378 4159 2313 4160 2380 4160 2381 4160 2313 4161 2379 4161 2380 4161 2313 4162 2316 4162 2379 4162 2311 4163 2381 4163 2382 4163 2311 4164 2313 4164 2381 4164 2308 4165 2382 4165 2383 4165 2308 4166 2311 4166 2382 4166 2307 4167 2384 4167 2385 4167 2307 4168 2383 4168 2384 4168 2307 4169 2308 4169 2383 4169 2304 4170 2385 4170 2386 4170 2304 4171 2307 4171 2385 4171 2302 4172 2386 4172 2387 4172 2302 4173 2304 4173 2386 4173 2301 4174 2387 4174 2388 4174 2301 4175 2302 4175 2387 4175 2280 4176 2388 4176 2281 4176 2280 4177 2301 4177 2388 4177 1435 4178 1434 4178 1843 4178 1843 4179 1434 4179 1669 4179 1839 4180 1669 4180 1666 4180 1839 4181 1843 4181 1669 4181 1839 4182 1666 4182 1667 4182 1839 4183 1667 4183 2027 4183 1841 4184 1839 4184 2027 4184 1834 4185 1835 4185 2023 4185 1834 4186 2023 4186 2120 4186 1834 4187 2120 4187 2157 4187 1829 4188 1834 4188 2147 4188 2147 4189 1834 4189 2157 4189 1829 4190 2147 4190 2145 4190 1831 4191 1829 4191 2145 4191 1046 4192 1045 4192 2129 4192 2134 4193 1025 4193 1857 4193 1034 4194 1025 4194 2134 4194 2122 4195 1048 4195 2125 4195 1040 4196 1048 4196 2122 4196 2131 4197 1045 4197 1043 4197 2131 4198 2129 4198 1045 4198 2132 4199 2131 4199 1043 4199 2132 4200 1043 4200 1041 4200 2133 4201 2132 4201 1041 4201 2133 4202 1041 4202 1035 4202 2134 4203 2133 4203 1035 4203 2134 4204 1035 4204 1034 4204 2125 4205 1048 4205 1051 4205 2125 4206 1051 4206 1052 4206 2127 4207 1053 4207 1050 4207 2127 4208 1052 4208 1053 4208 2128 4209 2127 4209 1050 4209 2128 4210 1050 4210 1046 4210 2129 4211 2128 4211 1046 4211 2041 4212 1732 4212 2058 4212 2041 4213 2058 4213 2057 4213 2043 4214 2057 4214 2060 4214 2043 4215 2041 4215 2057 4215 2046 4216 2060 4216 2062 4216 2046 4217 2043 4217 2060 4217 2049 4218 2062 4218 2064 4218 2049 4219 2046 4219 2062 4219 2049 4220 2064 4220 2066 4220 2051 4221 2066 4221 2068 4221 2051 4222 2049 4222 2066 4222 2052 4223 2068 4223 2069 4223 2052 4224 2051 4224 2068 4224 2050 4225 2069 4225 2067 4225 2050 4226 2052 4226 2069 4226 2048 4227 2067 4227 2065 4227 2048 4228 2050 4228 2067 4228 2047 4229 2065 4229 2063 4229 2047 4230 2048 4230 2065 4230 2045 4231 2063 4231 2061 4231 2045 4232 2047 4232 2063 4232 2042 4233 2061 4233 2059 4233 2042 4234 2045 4234 2061 4234 2040 4235 2059 4235 2055 4235 2040 4236 2042 4236 2059 4236 2038 4237 2055 4237 2054 4237 2038 4238 2040 4238 2055 4238 1740 4239 2054 4239 1733 4239 1740 4240 2038 4240 2054 4240 1733 4241 2054 4241 2126 4241 2126 4242 2054 4242 2056 4242 57 4243 1707 4243 1706 4243 57 4244 1706 4244 68 4244 2533 4245 2259 4245 1707 4245 2533 4246 1707 4246 57 4246 2534 4247 22 4247 21 4247 2211 4248 2534 4248 21 4248 1879 4249 2535 4249 1881 4249 1876 4250 2535 4250 1879 4250 1872 4251 2535 4251 1876 4251 2725 4252 1869 4252 1866 4252 2725 4253 1872 4253 1869 4253 2725 4254 2535 4254 1872 4254 2535 4255 1599 4255 2536 4255 2536 4256 1600 4256 2726 4256 1599 4257 1600 4257 2536 4257 2726 4258 1600 4258 2537 4258 2535 4259 2539 4259 1599 4259 2537 4260 1600 4260 2538 4260 1600 4261 2540 4261 2538 4261 2538 4262 2540 4262 2534 4262 2535 4263 1597 4263 2539 4263 2540 4264 2542 4264 2534 4264 2534 4265 2541 4265 1590 4265 2534 4266 1590 4266 22 4266 1590 4267 2543 4267 22 4267 2542 4268 2541 4268 2534 4268 2542 4269 1587 4269 2541 4269 2543 4270 1581 4270 22 4270 2544 4271 1587 4271 2542 4271 2544 4272 1586 4272 1587 4272 1594 4273 1586 4273 2544 4273 2535 4274 2725 4274 1597 4274 1581 4275 2545 4275 22 4275 1597 4276 1609 4276 1610 4276 2725 4277 1609 4277 1597 4277 1597 4278 1610 4278 1595 4278 1610 4279 2546 4279 1595 4279 2725 4280 1607 4280 1609 4280 1595 4281 2546 4281 1594 4281 2545 4282 1583 4282 22 4282 2546 4283 2547 4283 1594 4283 2725 4284 1606 4284 1607 4284 2725 4285 2723 4285 1606 4285 2723 4286 2548 4286 1606 4286 2548 4287 2549 4287 1606 4287 1606 4288 2549 4288 1604 4288 1604 4289 2533 4289 2556 4289 2549 4290 2533 4290 1604 4290 2547 4291 2551 4291 1594 4291 1594 4292 2551 4292 1586 4292 1602 4293 2550 4293 2547 4293 2547 4294 2550 4294 2551 4294 2553 4295 2550 4295 1602 4295 2553 4296 1579 4296 2550 4296 1586 4297 2551 4297 2552 4297 2551 4298 1570 4298 2552 4298 2552 4299 1570 4299 2554 4299 2553 4300 2555 4300 1579 4300 2556 4301 2555 4301 2553 4301 2533 4302 2555 4302 2556 4302 2533 4303 1576 4303 2555 4303 1570 4304 1573 4304 2554 4304 2554 4305 1573 4305 2557 4305 1573 4306 2558 4306 2557 4306 2533 4307 2563 4307 1576 4307 2557 4308 2558 4308 2559 4308 2558 4309 2564 4309 2559 4309 2559 4310 2564 4310 1583 4310 2561 4311 57 4311 2560 4311 2562 4312 57 4312 2561 4312 2563 4313 57 4313 2562 4313 2533 4314 57 4314 2563 4314 2560 4315 57 4315 2564 4315 57 4316 22 4316 2564 4316 2564 4317 22 4317 1583 4317 2566 4318 2565 4318 2567 4318 2566 4319 2587 4319 2565 4319 2568 4320 2567 4320 2570 4320 2568 4321 2566 4321 2567 4321 2569 4322 2568 4322 2570 4322 2569 4323 2570 4323 2572 4323 2571 4324 2569 4324 2572 4324 2571 4325 2572 4325 2573 4325 2574 4326 2571 4326 2573 4326 2575 4327 2574 4327 2573 4327 2575 4328 2573 4328 2576 4328 2575 4329 2576 4329 2578 4329 2577 4330 2575 4330 2578 4330 2579 4331 2578 4331 2580 4331 2579 4332 2577 4332 2578 4332 2581 4333 2579 4333 2580 4333 2581 4334 2580 4334 2582 4334 2583 4335 2581 4335 2582 4335 2583 4336 2582 4336 2585 4336 2584 4337 2583 4337 2585 4337 2565 4338 2587 4338 2586 4338 2586 4339 2588 4339 2589 4339 2587 4340 2588 4340 2586 4340 2589 4341 2590 4341 2591 4341 2588 4342 2590 4342 2589 4342 2591 4343 2592 4343 2593 4343 2590 4344 2592 4344 2591 4344 2593 4345 2592 4345 2613 4345 2592 4346 2612 4346 2613 4346 2596 4347 2594 4347 2597 4347 2596 4348 2595 4348 2594 4348 2598 4349 2597 4349 2599 4349 2598 4350 2596 4350 2597 4350 2600 4351 2598 4351 2599 4351 2600 4352 2599 4352 2601 4352 2602 4353 2600 4353 2601 4353 2602 4354 2601 4354 2603 4354 2604 4355 2602 4355 2603 4355 2604 4356 2603 4356 2606 4356 2605 4357 2604 4357 2606 4357 2607 4358 2606 4358 2609 4358 2607 4359 2605 4359 2606 4359 2608 4360 2607 4360 2609 4360 2608 4361 2609 4361 2610 4361 2611 4362 2608 4362 2610 4362 2612 4363 2610 4363 2613 4363 2612 4364 2611 4364 2610 4364 2614 4365 2584 4365 2585 4365 2614 4366 2585 4366 2615 4366 2616 4367 2615 4367 2617 4367 2616 4368 2614 4368 2615 4368 2618 4369 2616 4369 2617 4369 2619 4370 2617 4370 2620 4370 2619 4371 2618 4371 2617 4371 2621 4372 2620 4372 2622 4372 2621 4373 2619 4373 2620 4373 2623 4374 2622 4374 2594 4374 2623 4375 2621 4375 2622 4375 2595 4376 2623 4376 2594 4376 194 4377 2572 4377 2570 4377 191 4378 194 4378 2570 4378 195 4379 2572 4379 194 4379 195 4380 2573 4380 2572 4380 188 4381 191 4381 2570 4381 188 4382 2570 4382 2567 4382 167 4383 2576 4383 2573 4383 167 4384 2573 4384 195 4384 167 4385 2578 4385 2576 4385 185 4386 188 4386 2567 4386 168 4387 2578 4387 167 4387 168 4388 2580 4388 2578 4388 185 4389 2567 4389 2565 4389 171 4390 2580 4390 168 4390 171 4391 2582 4391 2580 4391 2586 4392 185 4392 2565 4392 183 4393 185 4393 2586 4393 2582 4394 171 4394 172 4394 2586 4395 182 4395 183 4395 2585 4396 2582 4396 172 4396 2585 4397 172 4397 174 4397 2589 4398 180 4398 182 4398 2589 4399 182 4399 2586 4399 2591 4400 180 4400 2589 4400 2615 4401 2585 4401 174 4401 2615 4402 174 4402 177 4402 2617 4403 2615 4403 177 4403 2617 4404 177 4404 179 4404 1504 4405 2593 4405 2613 4405 1506 4406 2593 4406 1504 4406 2624 4407 2593 4407 1506 4407 2626 4408 1504 4408 2613 4408 2624 4409 2591 4409 2593 4409 2620 4410 2617 4410 179 4410 2620 4411 179 4411 180 4411 2625 4412 2591 4412 2624 4412 2625 4413 180 4413 2591 4413 2625 4414 2620 4414 180 4414 2626 4415 2613 4415 2610 4415 2627 4416 2626 4416 2610 4416 2627 4417 2610 4417 2609 4417 1501 4418 2627 4418 2609 4418 2622 4419 2625 4419 1507 4419 2622 4420 2620 4420 2625 4420 2606 4421 1501 4421 2609 4421 2606 4422 2628 4422 1501 4422 2622 4423 1507 4423 1510 4423 2606 4424 1514 4424 2628 4424 2603 4425 1514 4425 2606 4425 2594 4426 1510 4426 2629 4426 2594 4427 2622 4427 1510 4427 2597 4428 2594 4428 2629 4428 2597 4429 2629 4429 1512 4429 2599 4430 2597 4430 1512 4430 2599 4431 1512 4431 2630 4431 2603 4432 1513 4432 1514 4432 2601 4433 1513 4433 2603 4433 2599 4434 2630 4434 1513 4434 2601 4435 2599 4435 1513 4435 1855 4436 2632 4436 1357 4436 1358 4437 2114 4437 1356 4437 1031 4438 1030 4438 2117 4438 1031 4439 2117 4439 2633 4439 2634 4440 2636 4440 1855 4440 2819 4441 2636 4441 2634 4441 2636 4442 2635 4442 2632 4442 0 4443 2637 4443 2632 4443 2637 4444 2638 4444 2632 4444 2638 4445 1 4445 2632 4445 2632 4446 2639 4446 0 4446 2635 4447 2639 4447 2632 4447 2635 4448 2640 4448 2639 4448 2635 4449 6 4449 2640 4449 1 4450 1358 4450 2632 4450 2641 4451 1358 4451 1 4451 3 4452 1358 4452 2641 4452 2642 4453 1358 4453 3 4453 156 4454 158 4454 2635 4454 2635 4455 158 4455 6 4455 2635 4456 153 4456 156 4456 1028 4457 153 4457 2635 4457 6 4458 158 4458 5 4458 1028 4459 152 4459 153 4459 158 4460 159 4460 5 4460 5 4461 159 4461 2642 4461 1028 4462 150 4462 152 4462 1028 4463 165 4463 150 4463 2642 4464 2643 4464 1358 4464 161 4465 2643 4465 159 4465 159 4466 2643 4466 2642 4466 1358 4467 2643 4467 2644 4467 161 4468 1029 4468 2643 4468 162 4469 1029 4469 161 4469 165 4470 1029 4470 162 4470 2646 4471 2734 4471 2645 4471 2643 4472 2734 4472 2646 4472 2643 4473 2646 4473 2644 4473 1028 4474 1029 4474 165 4474 2819 4475 2635 4475 2636 4475 2279 4476 1113 4476 1111 4476 1106 4477 2279 4477 1111 4477 1106 4478 1684 4478 2279 4478 2647 4479 2220 4479 2033 4479 2648 4480 2220 4480 2647 4480 2649 4481 2220 4481 2648 4481 2650 4482 2220 4482 2649 4482 2651 4483 2220 4483 2650 4483 2652 4484 2220 4484 2651 4484 2653 4485 2220 4485 2652 4485 2654 4486 2220 4486 2653 4486 2655 4487 2220 4487 2654 4487 2656 4488 2220 4488 2655 4488 2657 4489 2220 4489 2656 4489 2658 4490 2220 4490 2657 4490 2659 4491 2220 4491 2658 4491 2660 4492 2220 4492 2659 4492 1700 4493 2220 4493 2660 4493 2033 4494 2220 4494 2034 4494 2220 4495 2608 4495 2221 4495 2221 4496 2608 4496 2222 4496 2220 4497 2607 4497 2608 4497 2608 4498 2611 4498 2222 4498 2220 4499 2605 4499 2607 4499 1700 4500 2605 4500 2220 4500 2222 4501 2611 4501 2223 4501 2611 4502 2612 4502 2223 4502 1700 4503 2604 4503 2605 4503 2223 4504 2612 4504 2224 4504 1700 4505 1698 4505 2604 4505 1698 4506 2602 4506 2604 4506 2612 4507 2592 4507 2224 4507 1698 4508 2600 4508 2602 4508 2224 4509 2592 4509 2225 4509 2592 4510 2590 4510 2225 4510 1698 4511 2598 4511 2600 4511 2590 4512 2588 4512 2225 4512 2225 4513 2588 4513 2226 4513 2226 4514 2587 4514 2227 4514 2588 4515 2587 4515 2226 4515 2587 4516 2566 4516 2227 4516 2227 4517 2566 4517 2228 4517 2661 4518 2662 4518 2098 4518 2566 4519 2568 4519 2228 4519 2661 4520 2663 4520 2662 4520 2228 4521 2568 4521 2229 4521 2229 4522 2568 4522 2230 4522 2231 4523 2663 4523 2661 4523 2230 4524 2663 4524 2231 4524 2568 4525 2569 4525 2230 4525 2230 4526 2569 4526 2663 4526 2569 4527 2571 4527 2663 4527 2571 4528 2574 4528 2663 4528 1698 4529 1691 4529 2598 4529 2598 4530 1691 4530 2596 4530 2596 4531 1691 4531 2595 4531 2595 4532 1691 4532 2623 4532 2623 4533 1691 4533 2621 4533 2621 4534 1691 4534 2619 4534 2574 4535 2232 4535 2663 4535 2583 4536 2232 4536 2581 4536 2581 4537 2232 4537 2579 4537 2579 4538 2232 4538 2577 4538 2577 4539 2232 4539 2575 4539 2575 4540 2232 4540 2574 4540 2584 4541 2664 4541 2583 4541 2583 4542 2664 4542 2232 4542 2584 4543 2665 4543 2664 4543 2614 4544 2665 4544 2584 4544 2616 4545 2665 4545 2614 4545 2664 4546 2666 4546 2232 4546 2618 4547 2668 4547 2616 4547 2616 4548 2668 4548 2665 4548 2666 4549 2667 4549 2232 4549 2618 4550 2669 4550 2668 4550 2619 4551 2669 4551 2618 4551 1691 4552 2669 4552 2619 4552 1687 4553 2669 4553 1691 4553 1687 4554 2670 4554 2669 4554 2671 4555 104 4555 2667 4555 2667 4556 104 4556 2232 4556 2671 4557 2682 4557 104 4557 667 4558 2672 4558 2673 4558 1687 4559 2674 4559 2670 4559 1686 4560 2674 4560 1687 4560 1686 4561 2688 4561 2674 4561 2672 4562 2675 4562 2673 4562 665 4563 2675 4563 2672 4563 2675 4564 2676 4564 2673 4564 2676 4565 2677 4565 2673 4565 2677 4566 2678 4566 2673 4566 2679 4567 2678 4567 2677 4567 661 4568 2678 4568 2679 4568 2678 4569 2681 4569 2673 4569 2680 4570 2681 4570 2678 4570 2683 4571 86 4571 2682 4571 2682 4572 86 4572 104 4572 2684 4573 2685 4573 2681 4573 2685 4574 2686 4574 2681 4574 2681 4575 2686 4575 2673 4575 2686 4576 2687 4576 2673 4576 2688 4577 1612 4577 2689 4577 2673 4578 1612 4578 1686 4578 1686 4579 1612 4579 2688 4579 2687 4580 1612 4580 2673 4580 1612 4581 1613 4581 2689 4581 1613 4582 2690 4582 2689 4582 2689 4583 2690 4583 2692 4583 2690 4584 2691 4584 2692 4584 2683 4585 2010 4585 86 4585 2692 4586 2010 4586 2683 4586 2691 4587 2013 4587 2692 4587 2692 4588 2013 4588 2010 4588 2693 4589 2013 4589 2691 4589 2694 4590 2013 4590 2693 4590 2694 4591 2015 4591 2013 4591 2695 4592 2015 4592 2694 4592 2696 4593 2015 4593 2695 4593 2697 4594 2015 4594 2696 4594 2698 4595 2019 4595 2697 4595 2697 4596 2019 4596 2015 4596 2699 4597 2019 4597 2698 4597 2700 4598 2019 4598 2699 4598 2700 4599 2018 4599 2019 4599 2701 4600 2018 4600 2700 4600 2702 4601 2018 4601 2701 4601 1671 4602 2160 4602 2702 4602 2702 4603 2160 4603 2018 4603 1671 4604 2161 4604 2160 4604 1671 4605 2158 4605 2161 4605 1671 4606 1675 4606 2158 4606 104 4607 2105 4607 2232 4607 108 4608 2105 4608 104 4608 1758 4609 1452 4609 2109 4609 1758 4610 2109 4610 95 4610 2109 4611 1452 4611 1833 4611 1833 4612 1452 4612 1433 4612 1764 4613 141 4613 133 4613 1764 4614 1763 4614 141 4614 1761 4615 136 4615 140 4615 1763 4616 1761 4616 140 4616 1763 4617 140 4617 141 4617 136 4618 1761 4618 148 4618 1761 4619 1760 4619 148 4619 148 4620 1760 4620 1759 4620 2033 4621 2038 4621 1740 4621 2647 4622 1740 4622 1739 4622 2647 4623 2033 4623 1740 4623 2648 4624 1739 4624 1738 4624 2648 4625 2647 4625 1739 4625 2649 4626 1738 4626 1737 4626 2649 4627 2648 4627 1738 4627 2650 4628 1737 4628 1736 4628 2650 4629 2649 4629 1737 4629 2651 4630 1736 4630 1735 4630 2651 4631 2650 4631 1736 4631 2652 4632 1735 4632 1734 4632 2652 4633 2651 4633 1735 4633 2653 4634 1734 4634 1741 4634 2653 4635 2652 4635 1734 4635 2654 4636 1741 4636 1742 4636 2654 4637 2653 4637 1741 4637 2655 4638 1742 4638 1744 4638 2655 4639 2654 4639 1742 4639 2656 4640 1744 4640 1750 4640 2656 4641 2655 4641 1744 4641 2657 4642 1750 4642 1749 4642 2657 4643 2656 4643 1750 4643 2658 4644 1749 4644 1748 4644 2658 4645 2657 4645 1749 4645 2659 4646 1748 4646 1747 4646 2659 4647 2658 4647 1748 4647 2660 4648 1747 4648 1693 4648 2660 4649 2659 4649 1747 4649 1700 4650 2660 4650 1693 4650 2283 4651 1446 4651 1444 4651 2283 4652 2030 4652 1446 4652 2282 4653 1444 4653 1442 4653 2282 4654 2283 4654 1444 4654 1441 4655 2282 4655 1442 4655 2284 4656 1443 4656 1445 4656 2284 4657 1445 4657 1449 4657 1762 4658 2284 4658 1449 4658 2020 4659 649 4659 2703 4659 649 4660 648 4660 2703 4660 2706 4661 638 4661 2707 4661 637 4662 638 4662 2706 4662 638 4663 640 4663 2707 4663 2707 4664 642 4664 2708 4664 640 4665 642 4665 2707 4665 2708 4666 643 4666 1632 4666 642 4667 643 4667 2708 4667 1632 4668 643 4668 1633 4668 643 4669 644 4669 1633 4669 1633 4670 644 4670 1634 4670 637 4671 2709 4671 639 4671 2706 4672 2709 4672 637 4672 639 4673 2710 4673 641 4673 2709 4674 2710 4674 639 4674 2710 4675 2711 4675 641 4675 641 4676 2711 4676 2705 4676 2712 4677 2720 4677 2715 4677 2044 4678 2712 4678 2718 4678 2044 4679 2718 4679 2039 4679 1727 4680 2719 4680 2713 4680 1727 4681 2713 4681 1728 4681 2715 4682 2037 4682 2036 4682 2715 4683 2036 4683 2717 4683 2719 4684 2718 4684 2713 4684 2713 4685 2718 4685 2717 4685 2717 4686 2712 4686 2715 4686 2718 4687 2712 4687 2717 4687 2714 4688 2716 4688 2715 4688 2715 4689 2053 4689 2037 4689 2715 4690 2716 4690 2053 4690 2714 4691 2715 4691 2720 4691 2717 4692 1364 4692 1729 4692 1729 4693 1364 4693 1363 4693 1729 4694 2713 4694 2717 4694 1729 4695 1728 4695 2713 4695 2718 4696 1730 4696 2039 4696 2719 4697 1726 4697 1730 4697 2719 4698 1724 4698 1726 4698 2719 4699 1727 4699 1724 4699 2719 4700 1730 4700 2718 4700 2721 4701 2720 4701 2712 4701 2044 4702 2721 4702 2712 4702 1710 4703 2549 4703 2548 4703 2724 4704 2548 4704 2722 4704 2549 4705 2259 4705 2533 4705 2723 4706 2722 4706 2548 4706 2549 4707 1710 4707 2259 4707 2548 4708 2722 4708 1710 4708 2724 4709 2722 4709 2548 4709 1860 4710 2722 4710 2723 4710 2725 4711 1862 4711 2723 4711 2723 4712 1862 4712 1860 4712 2725 4713 1866 4713 1862 4713 2535 4714 1884 4714 1881 4714 1884 4715 2535 4715 2536 4715 2726 4716 1884 4716 2536 4716 2726 4717 1887 4717 1884 4717 2729 4718 2728 4718 2538 4718 2729 4719 2538 4719 2534 4719 2537 4720 1887 4720 2726 4720 2729 4721 2727 4721 2728 4721 2537 4722 1889 4722 1887 4722 2729 4723 2534 4723 2211 4723 2538 4724 1889 4724 2537 4724 2728 4725 1889 4725 2538 4725 2727 4726 2211 4726 1889 4726 2727 4727 1889 4727 2728 4727 2729 4728 2211 4728 2727 4728 1697 4729 1659 4729 1660 4729 1652 4730 684 4730 673 4730 2702 4731 684 4731 1671 4731 684 4732 1649 4732 1671 4732 1652 4733 1649 4733 684 4733 1652 4734 673 4734 657 4734 1656 4735 1652 4735 657 4735 1746 4736 2218 4736 1636 4736 1752 4737 1636 4737 1637 4737 1752 4738 1746 4738 1636 4738 1753 4739 1637 4739 1638 4739 1753 4740 1752 4740 1637 4740 1756 4741 1638 4741 1639 4741 1756 4742 1753 4742 1638 4742 2730 4743 2731 4743 1756 4743 2730 4744 1756 4744 1639 4744 2732 4745 2730 4745 1639 4745 1481 4746 1639 4746 1641 4746 1481 4747 1641 4747 1642 4747 1481 4748 2732 4748 1639 4748 1482 4749 2732 4749 1481 4749 1429 4750 1642 4750 1644 4750 1429 4751 1481 4751 1642 4751 1436 4752 1429 4752 1644 4752 1352 4753 1036 4753 1037 4753 1351 4754 1037 4754 1039 4754 1350 4755 1351 4755 1039 4755 2122 4756 1039 4756 1040 4756 1350 4757 1039 4757 2122 4757 1349 4758 1350 4758 2122 4758 1349 4759 2122 4759 2124 4759 1348 4760 1349 4760 2124 4760 1347 4761 1348 4761 2124 4761 1347 4762 2124 4762 2123 4762 1346 4763 1347 4763 2123 4763 1346 4764 2123 4764 1716 4764 1856 4765 2631 4765 1854 4765 1854 4766 2819 4766 2634 4766 1854 4767 2634 4767 1855 4767 2115 4768 2645 4768 2734 4768 2116 4769 2115 4769 2734 4769 2116 4770 2734 4770 2633 4770 2117 4771 2116 4771 2633 4771 2114 4772 1358 4772 2113 4772 1358 4773 2644 4773 2113 4773 2113 4774 2644 4774 2114 4774 2114 4775 2646 4775 2645 4775 2644 4776 2646 4776 2114 4776 2636 4777 2632 4777 1855 4777 2020 4778 2735 4778 2219 4778 2219 4779 2735 4779 2216 4779 2735 4780 2736 4780 2216 4780 2216 4781 2736 4781 2217 4781 2217 4782 2737 4782 2218 4782 2737 4783 1634 4783 2218 4783 2703 4784 2735 4784 2020 4784 2705 4785 2738 4785 2704 4785 2704 4786 2738 4786 645 4786 645 4787 2738 4787 646 4787 2738 4788 2736 4788 646 4788 646 4789 2736 4789 647 4789 647 4790 2736 4790 648 4790 2703 4791 2736 4791 2735 4791 648 4792 2736 4792 2703 4792 2707 4793 2737 4793 2738 4793 2738 4794 2737 4794 2736 4794 2736 4795 2737 4795 2217 4795 2705 4796 2711 4796 2738 4796 2711 4797 2710 4797 2738 4797 2710 4798 2709 4798 2738 4798 2738 4799 2709 4799 2707 4799 2709 4800 2706 4800 2707 4800 2707 4801 2708 4801 2737 4801 2737 4802 2708 4802 1632 4802 1686 4803 668 4803 667 4803 2673 4804 1686 4804 667 4804 2672 4805 666 4805 665 4805 2672 4806 667 4806 666 4806 2675 4807 665 4807 664 4807 2676 4808 664 4808 663 4808 2676 4809 2675 4809 664 4809 2677 4810 663 4810 662 4810 2677 4811 2676 4811 663 4811 2679 4812 662 4812 661 4812 2679 4813 2677 4813 662 4813 2678 4814 661 4814 660 4814 2680 4815 2678 4815 660 4815 2681 4816 2680 4816 660 4816 2681 4817 660 4817 659 4817 2684 4818 2681 4818 659 4818 2684 4819 659 4819 669 4819 2685 4820 2684 4820 669 4820 2685 4821 669 4821 670 4821 2686 4822 2685 4822 670 4822 2686 4823 670 4823 671 4823 2687 4824 2686 4824 671 4824 2687 4825 671 4825 672 4825 1612 4826 2687 4826 672 4826 1660 4827 1664 4827 1697 4827 1697 4828 1664 4828 1699 4828 1699 4829 1664 4829 1701 4829 1701 4830 1663 4830 1702 4830 1664 4831 1663 4831 1701 4831 1702 4832 1663 4832 1703 4832 1663 4833 1662 4833 1703 4833 1703 4834 1662 4834 1704 4834 1662 4835 1661 4835 1704 4835 1704 4836 1661 4836 1705 4836 2733 4837 1630 4837 1689 4837 1689 4838 1657 4838 1692 4838 1630 4839 1657 4839 1689 4839 1692 4840 1657 4840 1694 4840 1657 4841 1658 4841 1694 4841 1658 4842 1659 4842 1694 4842 1694 4843 1659 4843 1695 4843 1695 4844 1659 4844 1696 4844 1696 4845 1659 4845 1697 4845 1628 4846 1454 4846 1459 4846 1617 4847 1459 4847 1461 4847 1617 4848 1628 4848 1459 4848 1616 4849 1462 4849 1463 4849 1616 4850 1461 4850 1462 4850 1619 4851 1463 4851 1465 4851 1619 4852 1616 4852 1463 4852 1615 4853 1619 4853 1465 4853 1615 4854 1465 4854 1466 4854 1614 4855 1466 4855 1620 4855 1614 4856 1615 4856 1466 4856 1618 4857 1468 4857 1469 4857 1618 4858 1620 4858 1468 4858 1621 4859 1618 4859 1469 4859 1621 4860 1469 4860 1470 4860 1622 4861 1621 4861 1470 4861 1622 4862 1470 4862 1472 4862 1623 4863 1622 4863 1472 4863 1624 4864 1623 4864 1472 4864 1625 4865 1624 4865 1473 4865 1626 4866 1473 4866 1476 4866 1629 4867 1626 4867 1476 4867 1627 4868 1629 4868 1476 4868 2739 4869 2671 4869 2740 4869 2670 4870 2674 4870 2742 4870 2742 4871 2674 4871 2743 4871 1486 4872 2740 4872 2745 4872 1496 4873 2739 4873 2744 4873 1486 4874 2739 4874 2740 4874 1484 4875 2745 4875 2740 4875 2748 4876 2739 4876 1486 4876 1495 4877 2744 4877 2739 4877 1484 4878 2740 4878 2746 4878 1484 4879 2746 4879 2747 4879 1495 4880 2739 4880 2748 4880 1494 4881 1495 4881 2748 4881 1489 4882 1494 4882 2748 4882 1484 4883 2747 4883 2749 4883 2751 4884 1484 4884 2749 4884 1496 4885 2750 4885 2739 4885 2753 4886 2750 4886 1496 4886 2754 4887 2750 4887 2753 4887 2761 4888 1494 4888 1489 4888 1490 4889 2761 4889 1489 4889 2741 4890 2751 4890 2749 4890 2741 4891 2752 4891 2751 4891 2741 4892 2755 4892 2752 4892 2741 4893 2756 4893 2755 4893 2743 4894 2753 4894 2758 4894 2743 4895 2754 4895 2753 4895 2757 4896 2756 4896 2741 4896 2743 4897 2758 4897 2759 4897 2742 4898 2756 4898 2757 4898 2742 4899 1490 4899 2760 4899 2742 4900 2743 4900 2759 4900 2742 4901 2760 4901 2756 4901 2742 4902 2759 4902 2761 4902 2742 4903 2761 4903 1490 4903 2683 4904 2739 4904 2750 4904 2692 4905 2683 4905 2750 4905 2692 4906 2750 4906 2754 4906 2689 4907 2692 4907 2754 4907 2689 4908 2754 4908 2743 4908 2688 4909 2689 4909 2743 4909 2674 4910 2688 4910 2743 4910 2670 4911 2742 4911 2757 4911 2669 4912 2670 4912 2757 4912 2669 4913 2757 4913 2741 4913 2668 4914 2669 4914 2741 4914 2682 4915 2671 4915 2739 4915 2683 4916 2682 4916 2739 4916 2665 4917 2741 4917 2749 4917 2665 4918 2668 4918 2741 4918 2664 4919 2665 4919 2749 4919 2664 4920 2749 4920 2747 4920 2666 4921 2664 4921 2747 4921 2666 4922 2747 4922 2746 4922 2667 4923 2666 4923 2746 4923 2671 4924 2746 4924 2740 4924 2671 4925 2667 4925 2746 4925 1607 4926 1608 4926 1609 4926 1605 4927 2762 4927 1606 4927 1603 4928 2762 4928 1605 4928 1601 4929 2762 4929 1603 4929 1611 4930 2762 4930 1601 4930 1608 4931 2762 4931 1611 4931 1607 4932 2762 4932 1608 4932 1606 4933 2762 4933 1607 4933 1592 4934 2542 4934 2540 4934 1597 4935 1598 4935 2539 4935 1598 4936 1599 4936 2539 4936 1593 4937 2763 4937 1596 4937 1592 4938 2763 4938 1593 4938 1600 4939 2763 4939 1592 4939 1599 4940 2763 4940 1600 4940 1598 4941 2763 4941 1599 4941 1596 4942 2763 4942 1598 4942 1591 4943 1581 4943 2543 4943 1590 4944 1591 4944 2543 4944 1584 4945 2764 4945 1585 4945 1582 4946 2764 4946 1584 4946 2545 4947 2764 4947 1582 4947 1581 4948 2764 4948 2545 4948 1591 4949 2764 4949 1581 4949 1589 4950 2764 4950 1591 4950 1588 4951 2764 4951 1589 4951 1585 4952 2764 4952 1588 4952 2564 4953 1575 4953 2560 4953 2560 4954 1575 4954 2561 4954 2561 4955 2765 4955 2562 4955 1575 4956 2765 4956 2561 4956 1574 4957 2765 4957 1575 4957 1572 4958 2765 4958 1574 4958 1571 4959 2765 4959 1572 4959 1580 4960 2765 4960 1571 4960 1578 4961 2765 4961 1580 4961 1577 4962 2765 4962 1578 4962 2562 4963 2765 4963 1577 4963 1566 4964 1567 4964 2475 4964 1567 4965 1568 4965 2476 4965 2476 4966 1568 4966 2474 4966 2473 4967 1569 4967 2471 4967 2471 4968 1569 4968 1565 4968 1567 4969 2766 4969 1568 4969 1566 4970 2766 4970 1567 4970 1565 4971 2766 4971 1566 4971 1569 4972 2766 4972 1565 4972 2473 4973 2766 4973 1569 4973 2474 4974 2766 4974 2473 4974 1568 4975 2766 4975 2474 4975 1557 4976 1558 4976 2469 4976 1558 4977 1559 4977 2470 4977 1559 4978 1560 4978 2470 4978 2470 4979 1560 4979 2472 4979 1562 4980 1564 4980 1563 4980 2468 4981 1557 4981 2469 4981 1560 4982 2767 4982 1561 4982 1559 4983 2767 4983 1560 4983 1558 4984 2767 4984 1559 4984 1557 4985 2767 4985 1558 4985 2468 4986 2767 4986 1557 4986 1564 4987 2767 4987 2468 4987 1562 4988 2767 4988 1564 4988 1561 4989 2767 4989 1562 4989 2454 4990 1548 4990 2455 4990 1547 4991 1548 4991 2454 4991 1548 4992 1549 4992 2455 4992 2455 4993 1549 4993 2456 4993 1549 4994 1551 4994 2456 4994 2456 4995 1551 4995 2453 4995 1551 4996 1552 4996 2453 4996 2453 4997 1552 4997 1553 4997 1553 4998 1554 4998 2450 4998 1554 4999 1555 4999 2450 4999 2450 5000 1555 5000 2449 5000 2449 5001 1555 5001 1556 5001 1550 5002 2768 5002 1552 5002 1548 5003 2768 5003 1550 5003 1547 5004 2768 5004 1548 5004 1546 5005 2768 5005 1547 5005 1555 5006 2768 5006 1546 5006 1554 5007 2768 5007 1555 5007 1553 5008 2768 5008 1554 5008 1552 5009 2768 5009 1553 5009 2444 5010 1538 5010 2446 5010 1538 5011 1539 5011 2446 5011 1539 5012 1540 5012 2446 5012 2446 5013 1540 5013 2448 5013 1540 5014 1541 5014 2448 5014 2448 5015 1541 5015 2452 5015 1541 5016 1542 5016 2452 5016 2447 5017 1544 5017 2445 5017 1543 5018 1544 5018 2447 5018 1544 5019 1545 5019 2445 5019 1541 5020 2769 5020 1542 5020 1539 5021 2769 5021 1541 5021 1538 5022 2769 5022 1539 5022 2444 5023 2769 5023 1538 5023 1545 5024 2769 5024 2444 5024 1544 5025 2769 5025 1545 5025 1543 5026 2769 5026 1544 5026 1542 5027 2769 5027 1543 5027 1537 5028 1526 5028 2240 5028 1526 5029 1527 5029 2240 5029 2240 5030 1527 5030 2238 5030 2238 5031 1527 5031 2236 5031 1529 5032 1530 5032 2235 5032 1530 5033 1531 5033 2235 5033 1531 5034 1532 5034 2235 5034 2241 5035 1536 5035 2242 5035 1536 5036 1537 5036 2242 5036 2242 5037 1537 5037 2240 5037 1531 5038 1530 5038 2771 5038 1530 5039 2770 5039 2771 5039 1528 5040 2770 5040 1530 5040 2236 5041 2770 5041 1528 5041 1527 5042 2770 5042 2236 5042 1526 5043 2770 5043 1527 5043 1537 5044 2770 5044 1526 5044 1537 5045 2771 5045 2770 5045 1536 5046 2771 5046 1537 5046 1534 5047 2771 5047 1536 5047 1533 5048 2771 5048 1534 5048 1531 5049 2771 5049 1533 5049 1523 5050 2252 5050 2258 5050 2252 5051 1524 5051 2253 5051 1524 5052 1525 5052 2253 5052 2253 5053 1525 5053 2254 5053 1518 5054 2772 5054 1520 5054 1517 5055 2772 5055 1518 5055 1525 5056 2772 5056 1517 5056 1524 5057 2772 5057 1525 5057 1523 5058 2772 5058 1524 5058 1522 5059 2772 5059 1523 5059 1520 5060 2772 5060 1522 5060 1505 5061 2773 5061 1508 5061 1503 5062 2773 5062 1505 5062 1502 5063 2773 5063 1503 5063 1500 5064 2773 5064 1502 5064 1499 5065 2773 5065 1500 5065 1511 5066 2773 5066 1499 5066 1509 5067 2773 5067 1511 5067 1508 5068 2773 5068 1509 5068 2774 5069 2375 5069 2376 5069 2774 5070 2273 5070 2775 5070 2774 5071 2374 5071 2375 5071 2776 5072 2371 5072 2370 5072 2776 5073 2374 5073 2774 5073 2776 5074 2373 5074 2374 5074 2776 5075 2372 5075 2373 5075 2776 5076 2370 5076 2372 5076 2776 5077 2261 5077 2371 5077 2776 5078 2774 5078 2775 5078 2776 5079 2775 5079 2777 5079 2264 5080 2774 5080 2376 5080 2264 5081 2376 5081 2267 5081 2777 5082 2261 5082 2776 5082 2271 5083 2775 5083 2273 5083 2264 5084 2273 5084 2774 5084 1495 5085 1496 5085 2744 5085 2753 5086 1497 5086 2758 5086 2758 5087 1497 5087 2759 5087 1497 5088 1498 5088 2759 5088 1495 5089 2778 5089 1496 5089 1494 5090 2778 5090 1495 5090 1498 5091 2778 5091 1494 5091 1497 5092 2778 5092 1498 5092 2753 5093 2778 5093 1497 5093 1496 5094 2778 5094 2753 5094 2752 5095 1483 5095 2751 5095 1483 5096 1484 5096 2751 5096 1484 5097 1485 5097 2745 5097 1485 5098 1486 5098 2745 5098 1486 5099 1488 5099 2748 5099 1488 5100 1489 5100 2748 5100 1490 5101 1491 5101 2760 5101 2760 5102 1491 5102 2756 5102 1491 5103 1492 5103 2756 5103 1492 5104 1493 5104 2756 5104 2756 5105 1493 5105 2755 5105 1493 5106 2752 5106 2755 5106 1487 5107 2779 5107 1488 5107 1485 5108 2779 5108 1487 5108 1484 5109 2779 5109 1485 5109 1483 5110 2779 5110 1484 5110 1492 5111 2779 5111 1483 5111 1491 5112 2779 5112 1492 5112 1490 5113 2779 5113 1491 5113 1489 5114 2779 5114 1490 5114 1488 5115 2779 5115 1489 5115 2781 5116 2782 5116 2783 5116 2784 5117 2782 5117 2781 5117 1688 5118 2784 5118 2781 5118 1406 5119 1688 5119 2781 5119 2785 5120 1688 5120 1406 5120 1405 5121 1406 5121 2781 5121 1408 5122 1688 5122 2785 5122 1688 5123 1408 5123 2786 5123 1688 5124 2786 5124 1410 5124 2781 5125 1403 5125 1405 5125 1412 5126 2781 5126 2787 5126 1412 5127 2787 5127 2731 5127 1411 5128 1412 5128 2731 5128 1412 5129 1403 5129 2781 5129 1413 5130 1403 5130 1412 5130 1413 5131 1409 5131 1403 5131 2789 5132 1409 5132 1413 5132 1685 5133 1688 5133 1410 5133 1685 5134 1410 5134 1409 5134 2730 5135 1411 5135 2731 5135 2730 5136 1416 5136 1411 5136 1419 5137 2788 5137 1685 5137 1419 5138 1409 5138 2789 5138 1419 5139 1685 5139 1409 5139 1419 5140 2789 5140 2790 5140 1418 5141 1419 5141 2790 5141 1420 5142 1685 5142 2788 5142 1417 5143 2790 5143 1415 5143 1417 5144 1418 5144 2790 5144 2732 5145 1416 5145 2730 5145 2732 5146 1415 5146 1416 5146 1685 5147 1420 5147 1421 5147 2791 5148 1685 5148 1421 5148 2780 5149 2791 5149 1421 5149 2780 5150 1421 5150 1422 5150 1424 5151 1415 5151 2732 5151 1425 5152 1415 5152 1424 5152 1425 5153 1417 5153 1415 5153 1424 5154 2732 5154 1482 5154 1425 5155 1423 5155 1417 5155 1426 5156 1423 5156 1425 5156 2792 5157 1424 5157 1482 5157 1426 5158 1422 5158 1423 5158 1426 5159 2780 5159 1422 5159 1482 5160 2794 5160 2792 5160 2780 5161 2793 5161 1428 5161 2780 5162 1426 5162 2793 5162 2796 5163 2794 5163 1482 5163 2795 5164 2780 5164 1428 5164 2796 5165 1428 5165 2794 5165 2796 5166 2795 5166 1428 5166 1426 5167 1427 5167 2793 5167 1427 5168 1428 5168 2793 5168 1426 5169 1425 5169 2797 5169 1424 5170 2797 5170 1425 5170 2792 5171 2797 5171 1424 5171 2794 5172 2797 5172 2792 5172 1428 5173 2797 5173 2794 5173 1427 5174 2797 5174 1428 5174 1426 5175 2797 5175 1427 5175 1419 5176 2798 5176 2788 5176 1418 5177 2798 5177 1419 5177 1417 5178 2798 5178 1418 5178 1423 5179 2798 5179 1417 5179 1422 5180 2798 5180 1423 5180 1421 5181 2798 5181 1422 5181 1420 5182 2798 5182 1421 5182 2788 5183 2798 5183 1420 5183 2789 5184 1414 5184 2790 5184 1412 5185 2799 5185 1413 5185 1411 5186 2799 5186 1412 5186 1416 5187 2799 5187 1411 5187 1415 5188 2799 5188 1416 5188 1414 5189 2799 5189 1415 5189 1413 5190 2799 5190 1414 5190 1403 5191 1404 5191 1405 5191 1406 5192 1407 5192 2785 5192 1407 5193 1408 5193 2785 5193 1408 5194 1410 5194 2786 5194 1406 5195 2800 5195 1407 5195 1405 5196 2800 5196 1406 5196 1404 5197 2800 5197 1405 5197 1409 5198 2800 5198 1404 5198 1410 5199 2800 5199 1409 5199 1408 5200 2800 5200 1410 5200 1407 5201 2800 5201 1408 5201 2662 5202 2663 5202 2104 5202 2662 5203 2104 5203 2098 5203 2661 5204 2098 5204 2097 5204 2231 5205 2097 5205 2095 5205 2231 5206 2661 5206 2097 5206 2026 5207 1397 5207 2025 5207 2025 5208 1397 5208 2024 5208 1397 5209 1398 5209 2024 5209 1398 5210 1400 5210 1399 5210 1400 5211 1401 5211 1399 5211 2029 5212 1402 5212 1396 5212 1397 5213 2801 5213 1398 5213 2026 5214 2801 5214 1397 5214 1396 5215 2801 5215 2026 5215 1402 5216 2801 5216 1396 5216 1401 5217 2801 5217 1402 5217 1400 5218 2801 5218 1401 5218 1398 5219 2801 5219 1400 5219 2401 5220 1389 5220 2398 5220 2398 5221 1389 5221 1390 5221 1390 5222 1391 5222 2397 5222 2397 5223 1391 5223 2396 5223 1391 5224 1392 5224 2396 5224 1392 5225 1393 5225 2396 5225 2399 5226 1394 5226 2400 5226 1393 5227 1394 5227 2399 5227 1394 5228 1395 5228 2400 5228 1392 5229 2802 5229 1393 5229 1391 5230 2802 5230 1392 5230 1390 5231 2802 5231 1391 5231 1389 5232 2802 5232 1390 5232 2401 5233 2802 5233 1389 5233 1395 5234 2802 5234 2401 5234 1394 5235 2802 5235 1395 5235 1393 5236 2802 5236 1394 5236 575 5237 577 5237 1613 5237 1613 5238 577 5238 2690 5238 2690 5239 674 5239 2691 5239 577 5240 674 5240 2690 5240 2691 5241 674 5241 2693 5241 674 5242 675 5242 2693 5242 2693 5243 675 5243 2694 5243 2694 5244 676 5244 2695 5244 675 5245 676 5245 2694 5245 676 5246 677 5246 2695 5246 2695 5247 677 5247 2696 5247 2696 5248 678 5248 2697 5248 677 5249 678 5249 2696 5249 2697 5250 679 5250 2698 5250 678 5251 679 5251 2697 5251 679 5252 680 5252 2698 5252 2698 5253 680 5253 2699 5253 680 5254 681 5254 2699 5254 2699 5255 682 5255 2700 5255 681 5256 682 5256 2699 5256 682 5257 683 5257 2700 5257 2700 5258 685 5258 2701 5258 683 5259 685 5259 2700 5259 2701 5260 684 5260 2702 5260 685 5261 684 5261 2701 5261 1437 5262 2780 5262 2795 5262 1437 5263 2795 5263 2796 5263 1430 5264 2796 5264 1482 5264 1430 5265 1437 5265 2796 5265 2787 5266 2781 5266 1754 5266 2787 5267 1754 5267 1755 5267 2787 5268 1755 5268 1757 5268 2731 5269 1757 5269 1756 5269 2731 5270 2787 5270 1757 5270 2783 5271 1754 5271 2781 5271 1751 5272 2783 5272 2782 5272 1751 5273 2782 5273 2784 5273 1751 5274 2784 5274 1688 5274 1432 5275 1685 5275 2791 5275 1432 5276 2791 5276 2780 5276 1437 5277 1432 5277 2780 5277 1653 5278 1439 5278 1651 5278 1439 5279 1448 5279 1651 5279 1651 5280 1448 5280 1654 5280 1448 5281 1447 5281 1654 5281 1654 5282 1447 5282 1655 5282 1447 5283 1455 5283 1655 5283 1655 5284 1455 5284 1650 5284 1455 5285 1457 5285 1650 5285 1650 5286 1457 5286 1648 5286 1457 5287 1456 5287 1648 5287 1648 5288 1456 5288 1647 5288 1456 5289 1451 5289 1647 5289 1647 5290 1451 5290 1646 5290 1451 5291 1438 5291 1646 5291 1646 5292 1438 5292 1645 5292 1438 5293 1436 5293 1645 5293 1645 5294 1436 5294 1644 5294 2804 5295 2803 5295 1798 5295 2804 5296 1798 5296 1801 5296 2805 5297 2804 5297 1801 5297 2805 5298 1801 5298 1791 5298 2806 5299 2805 5299 1791 5299 2806 5300 1791 5300 1788 5300 2807 5301 2806 5301 1788 5301 2807 5302 1788 5302 1786 5302 2808 5303 2807 5303 1786 5303 2808 5304 1786 5304 1784 5304 2809 5305 2808 5305 1784 5305 2809 5306 1784 5306 1779 5306 2810 5307 2809 5307 1779 5307 2810 5308 1779 5308 1780 5308 2810 5309 1780 5309 1782 5309 2811 5310 2810 5310 1782 5310 2811 5311 1782 5311 1785 5311 2812 5312 1785 5312 1793 5312 2812 5313 2811 5313 1785 5313 2812 5314 1793 5314 1794 5314 2803 5315 1794 5315 1798 5315 2803 5316 2812 5316 1794 5316 2814 5317 2813 5317 2810 5317 2813 5318 2809 5318 2810 5318 2814 5319 2810 5319 2811 5319 2816 5320 2809 5320 2813 5320 2816 5321 2808 5321 2809 5321 2815 5322 2811 5322 2812 5322 2815 5323 2814 5323 2811 5323 2816 5324 2807 5324 2808 5324 1342 5325 2807 5325 2816 5325 2803 5326 2815 5326 2812 5326 2803 5327 2817 5327 2815 5327 2806 5328 2807 5328 1342 5328 2806 5329 1342 5329 1344 5329 2805 5330 2806 5330 1344 5330 2804 5331 2817 5331 2803 5331 2804 5332 1344 5332 2817 5332 2805 5333 1344 5333 2804 5333 2813 5334 1342 5334 2816 5334 1343 5335 1344 5335 1342 5335 1344 5336 1345 5336 2817 5336 1342 5337 2818 5337 1343 5337 2813 5338 2818 5338 1342 5338 2814 5339 2818 5339 2813 5339 2815 5340 2818 5340 2814 5340 2817 5341 2818 5341 2815 5341 1345 5342 2818 5342 2817 5342 1343 5343 2818 5343 1345 5343 1310 5344 1308 5344 1311 5344 1313 5345 1319 5345 1316 5345 1311 5346 1319 5346 1313 5346 1316 5347 1319 5347 1318 5347 1308 5348 1307 5348 1311 5348 1307 5349 1305 5349 1311 5349 1319 5350 1321 5350 1320 5350 1319 5351 1323 5351 1321 5351 1305 5352 1303 5352 1311 5352 1323 5353 1326 5353 1324 5353 1328 5354 1331 5354 1329 5354 1326 5355 1331 5355 1328 5355 1323 5356 1331 5356 1326 5356 1311 5357 1331 5357 1319 5357 1319 5358 1331 5358 1323 5358 1299 5359 1295 5359 1302 5359 1297 5360 1295 5360 1299 5360 1331 5361 1333 5361 1332 5361 1302 5362 1333 5362 1303 5362 1311 5363 1333 5363 1331 5363 1303 5364 1333 5364 1311 5364 1294 5365 1292 5365 1295 5365 1290 5366 1291 5366 1292 5366 1291 5367 1289 5367 1292 5367 1295 5368 1339 5368 1302 5368 1302 5369 1339 5369 1333 5369 1292 5370 1339 5370 1295 5370 1333 5371 1339 5371 1335 5371 1335 5372 1339 5372 1337 5372 1289 5373 1287 5373 1292 5373 1292 5374 1341 5374 1339 5374 1285 5375 1282 5375 1287 5375 1292 5376 1269 5376 1341 5376 1268 5377 1269 5377 1267 5377 1287 5378 1269 5378 1292 5378 1341 5379 1269 5379 1268 5379 1282 5380 1280 5380 1287 5380 1269 5381 1272 5381 1271 5381 1287 5382 1272 5382 1269 5382 1278 5383 1276 5383 1280 5383 1280 5384 1276 5384 1287 5384 1287 5385 1276 5385 1272 5385 1272 5386 1276 5386 1274 5386 2631 5387 2819 5387 1854 5387 2820 5388 2819 5388 2631 5388 2821 5389 2631 5389 1028 5389 2821 5390 2820 5390 2631 5390 2633 5391 2734 5391 2822 5391 1031 5392 2823 5392 1029 5392 2824 5393 1031 5393 2633 5393 2824 5394 2633 5394 2822 5394 2824 5395 2823 5395 1031 5395 2825 5396 2826 5396 1044 5396 1047 5397 2825 5397 1044 5397 1049 5398 2832 5398 2827 5398 1049 5399 1042 5399 2832 5399 2831 5400 1033 5400 2828 5400 1026 5401 1033 5401 2831 5401 2829 5402 1032 5402 1027 5402 2829 5403 1027 5403 2830 5403 2830 5404 1027 5404 1026 5404 2831 5405 2830 5405 1026 5405 2832 5406 1042 5406 1038 5406 2829 5407 1038 5407 1032 5407 2829 5408 2832 5408 1038 5408 2827 5409 1047 5409 1049 5409 2827 5410 2825 5410 1047 5410 2828 5411 1033 5411 1044 5411 2826 5412 2828 5412 1044 5412 2833 5413 2834 5413 2976 5413 2976 5414 2834 5414 3044 5414 2834 5415 2835 5415 2836 5415 2833 5416 2835 5416 2834 5416 2983 5417 2837 5417 2835 5417 2835 5418 2837 5418 2836 5418 2838 5419 2839 5419 2840 5419 2841 5420 2972 5420 2838 5420 2838 5421 2972 5421 2839 5421 2842 5422 2849 5422 2843 5422 2844 5423 2842 5423 2843 5423 2844 5424 2845 5424 2842 5424 2845 5425 2846 5425 2842 5425 2846 5426 2851 5426 2842 5426 2849 5427 2847 5427 2848 5427 2842 5428 2847 5428 2849 5428 2851 5429 2850 5429 2842 5429 2847 5430 2850 5430 2848 5430 2848 5431 2850 5431 2851 5431 2852 5432 2856 5432 2853 5432 2853 5433 2854 5433 2852 5433 2854 5434 2855 5434 2852 5434 2854 5435 3026 5435 2855 5435 2859 5436 2858 5436 3026 5436 2855 5437 2860 5437 2850 5437 2858 5438 2860 5438 3026 5438 3026 5439 2860 5439 2855 5439 2899 5440 2987 5440 2858 5440 2858 5441 2987 5441 2860 5441 2850 5442 2861 5442 2842 5442 2860 5443 2861 5443 2850 5443 2860 5444 2862 5444 2861 5444 2856 5445 2858 5445 2857 5445 2857 5446 2858 5446 2859 5446 2819 5447 2856 5447 2852 5447 2819 5448 2852 5448 2635 5448 2734 5449 2842 5449 2822 5449 2847 5450 2842 5450 2734 5450 2643 5451 2847 5451 2734 5451 2824 5452 2863 5452 2864 5452 2824 5453 2864 5453 2865 5453 2824 5454 2865 5454 2866 5454 2824 5455 2866 5455 2867 5455 2824 5456 2867 5456 2868 5456 2824 5457 2868 5457 2869 5457 2832 5458 2870 5458 2871 5458 2832 5459 2871 5459 2872 5459 2832 5460 2872 5460 2873 5460 2832 5461 2873 5461 2874 5461 2832 5462 2874 5462 2875 5462 2832 5463 2875 5463 2876 5463 2832 5464 2876 5464 2877 5464 2832 5465 2877 5465 2878 5465 2829 5466 2870 5466 2832 5466 2829 5467 2869 5467 2879 5467 2829 5468 2879 5468 2880 5468 2829 5469 2880 5469 2881 5469 2829 5470 2881 5470 2882 5470 2829 5471 2882 5471 2870 5471 2829 5472 2824 5472 2869 5472 2832 5473 2878 5473 2883 5473 2832 5474 2883 5474 2884 5474 2832 5475 2884 5475 2885 5475 2832 5476 2885 5476 2886 5476 2832 5477 2886 5477 2887 5477 2832 5478 2887 5478 2888 5478 2832 5479 2888 5479 2889 5479 2832 5480 2889 5480 2890 5480 2832 5481 2890 5481 2891 5481 2832 5482 2891 5482 2892 5482 2832 5483 2892 5483 2893 5483 2832 5484 2893 5484 2894 5484 2832 5485 2894 5485 2895 5485 2832 5486 2895 5486 2896 5486 2832 5487 2896 5487 2897 5487 2832 5488 2897 5488 2898 5488 2823 5489 2824 5489 2829 5489 2855 5490 2850 5490 2823 5490 2821 5491 2855 5491 2823 5491 2820 5492 2900 5492 2899 5492 2820 5493 2899 5493 2858 5493 2830 5494 2820 5494 2821 5494 2830 5495 2900 5495 2820 5495 2830 5496 2901 5496 2902 5496 2830 5497 2902 5497 2900 5497 2827 5498 2832 5498 2898 5498 2904 5499 2901 5499 2830 5499 2903 5500 2827 5500 2898 5500 2831 5501 2904 5501 2830 5501 2825 5502 2827 5502 2903 5502 2831 5503 2905 5503 2904 5503 2906 5504 2905 5504 2831 5504 2907 5505 2906 5505 2831 5505 2908 5506 2907 5506 2831 5506 2909 5507 2908 5507 2831 5507 2837 5508 2909 5508 2831 5508 2828 5509 2837 5509 2831 5509 2836 5510 2825 5510 2903 5510 2836 5511 2828 5511 2826 5511 2836 5512 2826 5512 2825 5512 2836 5513 2837 5513 2828 5513 2829 5514 2830 5514 2821 5514 2829 5515 2821 5515 2823 5515 2903 5516 2898 5516 2910 5516 2898 5517 2911 5517 2910 5517 2910 5518 2911 5518 2950 5518 2912 5519 2913 5519 2914 5519 2915 5520 2913 5520 2912 5520 2916 5521 2917 5521 2915 5521 2915 5522 2917 5522 2913 5522 2918 5523 2919 5523 2916 5523 2916 5524 2919 5524 2917 5524 2920 5525 2921 5525 2918 5525 2918 5526 2921 5526 2919 5526 2922 5527 2923 5527 2920 5527 2920 5528 2923 5528 2921 5528 2924 5529 2925 5529 2922 5529 2922 5530 2925 5530 2923 5530 2926 5531 2927 5531 2924 5531 2924 5532 2927 5532 2925 5532 2928 5533 2911 5533 2926 5533 2929 5534 2911 5534 2928 5534 2930 5535 2911 5535 2929 5535 2931 5536 2911 5536 2930 5536 2932 5537 2911 5537 2931 5537 2933 5538 2911 5538 2932 5538 2934 5539 2911 5539 2933 5539 2935 5540 2911 5540 2934 5540 2936 5541 2911 5541 2935 5541 2937 5542 2911 5542 2936 5542 2938 5543 2911 5543 2937 5543 2939 5544 2911 5544 2938 5544 2940 5545 2911 5545 2939 5545 2941 5546 2911 5546 2940 5546 2942 5547 2911 5547 2941 5547 2943 5548 2911 5548 2942 5548 2944 5549 2911 5549 2943 5549 2945 5550 2911 5550 2944 5550 2926 5551 2911 5551 2927 5551 2945 5552 2861 5552 2911 5552 2946 5553 2947 5553 2948 5553 2949 5554 2947 5554 2946 5554 2950 5555 2951 5555 2949 5555 2949 5556 2951 5556 2947 5556 2950 5557 2952 5557 2951 5557 2950 5558 2953 5558 2952 5558 2950 5559 2954 5559 2953 5559 2950 5560 2955 5560 2954 5560 2950 5561 2956 5561 2955 5561 2950 5562 2957 5562 2956 5562 2950 5563 2958 5563 2957 5563 2950 5564 2959 5564 2958 5564 2862 5565 2833 5565 2861 5565 2911 5566 2833 5566 2950 5566 2861 5567 2833 5567 2911 5567 2950 5568 2960 5568 2959 5568 2950 5569 2961 5569 2960 5569 2950 5570 2962 5570 2961 5570 2950 5571 2963 5571 2962 5571 2950 5572 2964 5572 2963 5572 2950 5573 2965 5573 2964 5573 2950 5574 2966 5574 2965 5574 2950 5575 2967 5575 2966 5575 2950 5576 2968 5576 2967 5576 2950 5577 2969 5577 2968 5577 2950 5578 2970 5578 2969 5578 2950 5579 2971 5579 2970 5579 2950 5580 2841 5580 2971 5580 2833 5581 2841 5581 2950 5581 2972 5582 2976 5582 2973 5582 2833 5583 2976 5583 2841 5583 2841 5584 2976 5584 2972 5584 2976 5585 2974 5585 2973 5585 2976 5586 2975 5586 2974 5586 2976 5587 2977 5587 2975 5587 2976 5588 2978 5588 2977 5588 2979 5589 2978 5589 2976 5589 3041 5590 2980 5590 2981 5590 2979 5591 2982 5591 2978 5591 2981 5592 2982 5592 2979 5592 2980 5593 2982 5593 2981 5593 2833 5594 2862 5594 2835 5594 2835 5595 2862 5595 2860 5595 2860 5596 2983 5596 2835 5596 2984 5597 2983 5597 2860 5597 2985 5598 2984 5598 2860 5598 2986 5599 2985 5599 2860 5599 2988 5600 2986 5600 2860 5600 2989 5601 2988 5601 2860 5601 2990 5602 2987 5602 2900 5602 2989 5603 2860 5603 2987 5603 2991 5604 2989 5604 2987 5604 2992 5605 2987 5605 2990 5605 2993 5606 2991 5606 2987 5606 2993 5607 2987 5607 2992 5607 2987 5608 2899 5608 2900 5608 2990 5609 2900 5609 2902 5609 2992 5610 2990 5610 2902 5610 2992 5611 2902 5611 2901 5611 2993 5612 2901 5612 2904 5612 2993 5613 2992 5613 2901 5613 2991 5614 2993 5614 2904 5614 2991 5615 2904 5615 2905 5615 2989 5616 2991 5616 2905 5616 2989 5617 2905 5617 2906 5617 2988 5618 2989 5618 2906 5618 2988 5619 2906 5619 2907 5619 2986 5620 2988 5620 2907 5620 2986 5621 2907 5621 2908 5621 2985 5622 2908 5622 2909 5622 2985 5623 2986 5623 2908 5623 2984 5624 2909 5624 2837 5624 2984 5625 2985 5625 2909 5625 2983 5626 2984 5626 2837 5626 2911 5627 2898 5627 2897 5627 2927 5628 2897 5628 2896 5628 2927 5629 2911 5629 2897 5629 2925 5630 2896 5630 2895 5630 2925 5631 2927 5631 2896 5631 2923 5632 2895 5632 2894 5632 2923 5633 2925 5633 2895 5633 2921 5634 2894 5634 2893 5634 2921 5635 2923 5635 2894 5635 2919 5636 2893 5636 2892 5636 2919 5637 2921 5637 2893 5637 2917 5638 2892 5638 2891 5638 2917 5639 2919 5639 2892 5639 2913 5640 2917 5640 2891 5640 2913 5641 2891 5641 2890 5641 2914 5642 2913 5642 2890 5642 2914 5643 2890 5643 2889 5643 2912 5644 2914 5644 2889 5644 2912 5645 2889 5645 2888 5645 2915 5646 2912 5646 2888 5646 2915 5647 2888 5647 2887 5647 2916 5648 2887 5648 2886 5648 2916 5649 2915 5649 2887 5649 2918 5650 2886 5650 2885 5650 2918 5651 2916 5651 2886 5651 2920 5652 2918 5652 2885 5652 2920 5653 2885 5653 2884 5653 2922 5654 2884 5654 2883 5654 2922 5655 2920 5655 2884 5655 2924 5656 2883 5656 2878 5656 2924 5657 2922 5657 2883 5657 2926 5658 2878 5658 2877 5658 2926 5659 2924 5659 2878 5659 2928 5660 2877 5660 2876 5660 2928 5661 2926 5661 2877 5661 2929 5662 2876 5662 2875 5662 2929 5663 2928 5663 2876 5663 2930 5664 2875 5664 2874 5664 2930 5665 2929 5665 2875 5665 2931 5666 2874 5666 2873 5666 2931 5667 2930 5667 2874 5667 2932 5668 2873 5668 2872 5668 2932 5669 2931 5669 2873 5669 2933 5670 2872 5670 2871 5670 2933 5671 2932 5671 2872 5671 2934 5672 2871 5672 2870 5672 2934 5673 2933 5673 2871 5673 2935 5674 2870 5674 2882 5674 2935 5675 2934 5675 2870 5675 2936 5676 2882 5676 2881 5676 2936 5677 2935 5677 2882 5677 2937 5678 2881 5678 2880 5678 2937 5679 2936 5679 2881 5679 2938 5680 2880 5680 2879 5680 2938 5681 2937 5681 2880 5681 2939 5682 2879 5682 2869 5682 2939 5683 2938 5683 2879 5683 2940 5684 2869 5684 2868 5684 2940 5685 2939 5685 2869 5685 2941 5686 2868 5686 2867 5686 2941 5687 2940 5687 2868 5687 2942 5688 2867 5688 2866 5688 2942 5689 2941 5689 2867 5689 2943 5690 2942 5690 2866 5690 2943 5691 2866 5691 2865 5691 2944 5692 2865 5692 2864 5692 2944 5693 2943 5693 2865 5693 2945 5694 2864 5694 2863 5694 2945 5695 2944 5695 2864 5695 2861 5696 2945 5696 2863 5696 2861 5697 2863 5697 2842 5697 2994 5698 2903 5698 2910 5698 2995 5699 2994 5699 2910 5699 3024 5700 2836 5700 2903 5700 3024 5701 2903 5701 2994 5701 2996 5702 2836 5702 3024 5702 2834 5703 2996 5703 2997 5703 2834 5704 2836 5704 2996 5704 2910 5705 2998 5705 2999 5705 2910 5706 2999 5706 3000 5706 2910 5707 3000 5707 3001 5707 2910 5708 3001 5708 3002 5708 2910 5709 3002 5709 3003 5709 2910 5710 3003 5710 3004 5710 2910 5711 3004 5711 3005 5711 2910 5712 3005 5712 3006 5712 2910 5713 3006 5713 3007 5713 2910 5714 3007 5714 3008 5714 2910 5715 3008 5715 3009 5715 2910 5716 3009 5716 3010 5716 2910 5717 3010 5717 3011 5717 2910 5718 3011 5718 3012 5718 2910 5719 3012 5719 3013 5719 2910 5720 3013 5720 3014 5720 2910 5721 3014 5721 3015 5721 2910 5722 3015 5722 3016 5722 2910 5723 3016 5723 3017 5723 2910 5724 3017 5724 3018 5724 2910 5725 3018 5725 3019 5725 2910 5726 3019 5726 3020 5726 2910 5727 3020 5727 3021 5727 2910 5728 3021 5728 3022 5728 2910 5729 3022 5729 2838 5729 2995 5730 2838 5730 3047 5730 2995 5731 2910 5731 2838 5731 2840 5732 3047 5732 2838 5732 2840 5733 3023 5733 3047 5733 2840 5734 3045 5734 3023 5734 2996 5735 3024 5735 3045 5735 2996 5736 3045 5736 2840 5736 2842 5737 2863 5737 2824 5737 2822 5738 2842 5738 2824 5738 2858 5739 2819 5739 2820 5739 2858 5740 2856 5740 2819 5740 2855 5741 2821 5741 1028 5741 2852 5742 1028 5742 2635 5742 2852 5743 2855 5743 1028 5743 1029 5744 2847 5744 2643 5744 2850 5745 1029 5745 2823 5745 2850 5746 2847 5746 1029 5746 2857 5747 3025 5747 2856 5747 2856 5748 3025 5748 2853 5748 3025 5749 3077 5749 2853 5749 3077 5750 2854 5750 2853 5750 3026 5751 3027 5751 2859 5751 2859 5752 3027 5752 2857 5752 3027 5753 3028 5753 2857 5753 3028 5754 3025 5754 2857 5754 2843 5755 3029 5755 2844 5755 3029 5756 3030 5756 2844 5756 2844 5757 3030 5757 2845 5757 2845 5758 3030 5758 2846 5758 3030 5759 3031 5759 2846 5759 2846 5760 3031 5760 2851 5760 3031 5761 3032 5761 2851 5761 2851 5762 3032 5762 2848 5762 3034 5763 3035 5763 3033 5763 3034 5764 2839 5764 3035 5764 3036 5765 2839 5765 3034 5765 3037 5766 2839 5766 3036 5766 3038 5767 2839 5767 3037 5767 3039 5768 2839 5768 3038 5768 3040 5769 2839 5769 3039 5769 3041 5770 2839 5770 3040 5770 3042 5771 2839 5771 3041 5771 3043 5772 2839 5772 3042 5772 3044 5773 2839 5773 3043 5773 2997 5774 2839 5774 3044 5774 2834 5775 2997 5775 3044 5775 2997 5776 2996 5776 2839 5776 2839 5777 2996 5777 2840 5777 2841 5778 2838 5778 3022 5778 2971 5779 3022 5779 3021 5779 2971 5780 2841 5780 3022 5780 2970 5781 3021 5781 3020 5781 2970 5782 2971 5782 3021 5782 2969 5783 3020 5783 3019 5783 2969 5784 2970 5784 3020 5784 2968 5785 3019 5785 3018 5785 2968 5786 2969 5786 3019 5786 2967 5787 3018 5787 3017 5787 2967 5788 2968 5788 3018 5788 2966 5789 3017 5789 3016 5789 2966 5790 2967 5790 3017 5790 2965 5791 3016 5791 3015 5791 2965 5792 2966 5792 3016 5792 2964 5793 3015 5793 3014 5793 2964 5794 2965 5794 3015 5794 2963 5795 3014 5795 3013 5795 2963 5796 2964 5796 3014 5796 2962 5797 2963 5797 3013 5797 2962 5798 3013 5798 3012 5798 2961 5799 2962 5799 3012 5799 2961 5800 3012 5800 3011 5800 2960 5801 2961 5801 3011 5801 2960 5802 3011 5802 3010 5802 2959 5803 3010 5803 3009 5803 2959 5804 2960 5804 3010 5804 2958 5805 3009 5805 3008 5805 2958 5806 2959 5806 3009 5806 2957 5807 3008 5807 3007 5807 2957 5808 2958 5808 3008 5808 2956 5809 3007 5809 3006 5809 2956 5810 2957 5810 3007 5810 2955 5811 3006 5811 3005 5811 2955 5812 2956 5812 3006 5812 2954 5813 3005 5813 3004 5813 2954 5814 2955 5814 3005 5814 2953 5815 3004 5815 3003 5815 2953 5816 2954 5816 3004 5816 2952 5817 3003 5817 3002 5817 2952 5818 2953 5818 3003 5818 2951 5819 3002 5819 3001 5819 2951 5820 2952 5820 3002 5820 2947 5821 2951 5821 3001 5821 2948 5822 3001 5822 3000 5822 2948 5823 2947 5823 3001 5823 2946 5824 3000 5824 2999 5824 2946 5825 2948 5825 3000 5825 2949 5826 2999 5826 2998 5826 2949 5827 2946 5827 2999 5827 2950 5828 2998 5828 2910 5828 2950 5829 2949 5829 2998 5829 2979 5830 2976 5830 3044 5830 2979 5831 3044 5831 3043 5831 2981 5832 2979 5832 3043 5832 2981 5833 3043 5833 3042 5833 2981 5834 3042 5834 3041 5834 2980 5835 3041 5835 3040 5835 2982 5836 2980 5836 3040 5836 2982 5837 3040 5837 3039 5837 2978 5838 2982 5838 3039 5838 2978 5839 3039 5839 3038 5839 2977 5840 3038 5840 3037 5840 2977 5841 2978 5841 3038 5841 2975 5842 3037 5842 3036 5842 2975 5843 2977 5843 3037 5843 2974 5844 2975 5844 3036 5844 2974 5845 3036 5845 3034 5845 2973 5846 3034 5846 3033 5846 2973 5847 2974 5847 3034 5847 2972 5848 2973 5848 3033 5848 2972 5849 3033 5849 3035 5849 2972 5850 3035 5850 2839 5850 3045 5851 3024 5851 3046 5851 3023 5852 3045 5852 3046 5852 2994 5853 3046 5853 3024 5853 3046 5854 2994 5854 2995 5854 3047 5855 3023 5855 3046 5855 3047 5856 3046 5856 2995 5856 3049 5857 3050 5857 3048 5857 3055 5858 3050 5858 3049 5858 3054 5859 3050 5859 3055 5859 3053 5860 3050 5860 3054 5860 3057 5861 3050 5861 3053 5861 3051 5862 3050 5862 3057 5862 3052 5863 3050 5863 3051 5863 3056 5864 3050 5864 3052 5864 3048 5865 3050 5865 3056 5865 3058 5866 3054 5866 3059 5866 3053 5867 3054 5867 3058 5867 3054 5868 3055 5868 3059 5868 3059 5869 3055 5869 3060 5869 3055 5870 3049 5870 3060 5870 3060 5871 3049 5871 3061 5871 3049 5872 3048 5872 3061 5872 3061 5873 3048 5873 3062 5873 3048 5874 3056 5874 3062 5874 3062 5875 3056 5875 3063 5875 3056 5876 3052 5876 3063 5876 3063 5877 3052 5877 3064 5877 3052 5878 3051 5878 3064 5878 3064 5879 3051 5879 3065 5879 3051 5880 3057 5880 3065 5880 3057 5881 3053 5881 3065 5881 3065 5882 3053 5882 3058 5882 2848 5883 3059 5883 2849 5883 2848 5884 3058 5884 3059 5884 3059 5885 3060 5885 2849 5885 3032 5886 3058 5886 2848 5886 2849 5887 3060 5887 2843 5887 3060 5888 3061 5888 2843 5888 3032 5889 3065 5889 3058 5889 3061 5890 3029 5890 2843 5890 3062 5891 3029 5891 3061 5891 3032 5892 3031 5892 3065 5892 3065 5893 3031 5893 3064 5893 3064 5894 3031 5894 3063 5894 3031 5895 3030 5895 3063 5895 3063 5896 3029 5896 3062 5896 3063 5897 3030 5897 3029 5897 3070 5898 3066 5898 3071 5898 3069 5899 3066 5899 3070 5899 3068 5900 3066 5900 3069 5900 3067 5901 3066 5901 3068 5901 3074 5902 3066 5902 3067 5902 3073 5903 3066 5903 3074 5903 3072 5904 3066 5904 3073 5904 3071 5905 3066 5905 3072 5905 3081 5906 3067 5906 3075 5906 3067 5907 3068 5907 3075 5907 3075 5908 3068 5908 3076 5908 3068 5909 3069 5909 3076 5909 3076 5910 3069 5910 3077 5910 3069 5911 3070 5911 3077 5911 3077 5912 3070 5912 3078 5912 3070 5913 3071 5913 3078 5913 3078 5914 3071 5914 3079 5914 3071 5915 3072 5915 3079 5915 3079 5916 3072 5916 3080 5916 3072 5917 3073 5917 3080 5917 3073 5918 3074 5918 3080 5918 3080 5919 3074 5919 3081 5919 3074 5920 3067 5920 3081 5920 3075 5921 3076 5921 3028 5921 3028 5922 3076 5922 3025 5922 3028 5923 3081 5923 3075 5923 3027 5924 3081 5924 3028 5924 3076 5925 3077 5925 3025 5925 3027 5926 3080 5926 3081 5926 3027 5927 3026 5927 3080 5927 3078 5928 2854 5928 3077 5928 3080 5929 3026 5929 3079 5929 3079 5930 2854 5930 3078 5930 3026 5931 2854 5931 3079 5931 1187 5932 1184 5932 3082 5932 1187 5933 3082 5933 3083 5933 1191 5934 1187 5934 3083 5934 1191 5935 3083 5935 3084 5935 1195 5936 1191 5936 3084 5936 1195 5937 3084 5937 3085 5937 1199 5938 1195 5938 3085 5938 1199 5939 3085 5939 3086 5939 1206 5940 1199 5940 3086 5940 1206 5941 3086 5941 3087 5941 1209 5942 1206 5942 3087 5942 1209 5943 3087 5943 3088 5943 1212 5944 1209 5944 3088 5944 1212 5945 3088 5945 3089 5945 1216 5946 1212 5946 3089 5946 1216 5947 3089 5947 3090 5947 1220 5948 3090 5948 3091 5948 1220 5949 1216 5949 3090 5949 1226 5950 3091 5950 3092 5950 1226 5951 1220 5951 3091 5951 1227 5952 3092 5952 3093 5952 1227 5953 1226 5953 3092 5953 1230 5954 1227 5954 3093 5954 1230 5955 3093 5955 3094 5955 1229 5956 3094 5956 3095 5956 1229 5957 1230 5957 3094 5957 1224 5958 1229 5958 3095 5958 1224 5959 3095 5959 3096 5959 1222 5960 3096 5960 3097 5960 1222 5961 1224 5961 3096 5961 1218 5962 3097 5962 3098 5962 1218 5963 1222 5963 3097 5963 1214 5964 3098 5964 3099 5964 1214 5965 1218 5965 3098 5965 1211 5966 1214 5966 3099 5966 1211 5967 3099 5967 3100 5967 1204 5968 3100 5968 3101 5968 1204 5969 1211 5969 3100 5969 1202 5970 3101 5970 3102 5970 1202 5971 1204 5971 3101 5971 1198 5972 1202 5972 3102 5972 1198 5973 3102 5973 3103 5973 1192 5974 3103 5974 3104 5974 1192 5975 1198 5975 3103 5975 1189 5976 1192 5976 3104 5976 1189 5977 3104 5977 3105 5977 1182 5978 3105 5978 3106 5978 1182 5979 1189 5979 3105 5979 1179 5980 1182 5980 3106 5980 1179 5981 3106 5981 3107 5981 1173 5982 3107 5982 3108 5982 1173 5983 1179 5983 3107 5983 1169 5984 1173 5984 3108 5984 1169 5985 3108 5985 3109 5985 1163 5986 1169 5986 3109 5986 1163 5987 3109 5987 3110 5987 1159 5988 1163 5988 3110 5988 1159 5989 3110 5989 3111 5989 1155 5990 1159 5990 3111 5990 1155 5991 3111 5991 3112 5991 1150 5992 1155 5992 3112 5992 1150 5993 3112 5993 3113 5993 1146 5994 1150 5994 3113 5994 1146 5995 3113 5995 3114 5995 1139 5996 3114 5996 3115 5996 1139 5997 1146 5997 3114 5997 1137 5998 1139 5998 3115 5998 1137 5999 3115 5999 3116 5999 1131 6000 3116 6000 3117 6000 1131 6001 1137 6001 3116 6001 1126 6002 3117 6002 3118 6002 1126 6003 1131 6003 3117 6003 1123 6004 3118 6004 3119 6004 1123 6005 1126 6005 3118 6005 1119 6006 3119 6006 3120 6006 1119 6007 1123 6007 3119 6007 1116 6008 3120 6008 3121 6008 1116 6009 1119 6009 3120 6009 1112 6010 3121 6010 3122 6010 1112 6011 1116 6011 3121 6011 1111 6012 1112 6012 3122 6012 1111 6013 3122 6013 3123 6013 1105 6014 3123 6014 3124 6014 1105 6015 1111 6015 3123 6015 1101 6016 1105 6016 3124 6016 1101 6017 3124 6017 3125 6017 1098 6018 3125 6018 3126 6018 1098 6019 1101 6019 3125 6019 1094 6020 1098 6020 3126 6020 1094 6021 3126 6021 3127 6021 1090 6022 1094 6022 3127 6022 1088 6023 3127 6023 3128 6023 1088 6024 1090 6024 3127 6024 1085 6025 3128 6025 3129 6025 1085 6026 1088 6026 3128 6026 1080 6027 1085 6027 3129 6027 1080 6028 3129 6028 3130 6028 1078 6029 1080 6029 3130 6029 1076 6030 3130 6030 3131 6030 1076 6031 1078 6031 3130 6031 1074 6032 1076 6032 3131 6032 1074 6033 3131 6033 3132 6033 1070 6034 3132 6034 3133 6034 1070 6035 3133 6035 3134 6035 1070 6036 1074 6036 3132 6036 1067 6037 1070 6037 3134 6037 1064 6038 3134 6038 3135 6038 1064 6039 1067 6039 3134 6039 1061 6040 1064 6040 3135 6040 1061 6041 3135 6041 3136 6041 1058 6042 3136 6042 3137 6042 1058 6043 1061 6043 3136 6043 1055 6044 3137 6044 3138 6044 1055 6045 1058 6045 3137 6045 1055 6046 3138 6046 3139 6046 1056 6047 1055 6047 3139 6047 1059 6048 3139 6048 3140 6048 1059 6049 3140 6049 3141 6049 1059 6050 1056 6050 3139 6050 1063 6051 1059 6051 3141 6051 1063 6052 3141 6052 3142 6052 1065 6053 3142 6053 3143 6053 1065 6054 1063 6054 3142 6054 1069 6055 1065 6055 3143 6055 1069 6056 3143 6056 3144 6056 1072 6057 3144 6057 3145 6057 1072 6058 1069 6058 3144 6058 1075 6059 1072 6059 3145 6059 1075 6060 3145 6060 3146 6060 1079 6061 1075 6061 3146 6061 1079 6062 3146 6062 3147 6062 1082 6063 1079 6063 3147 6063 1082 6064 3147 6064 3148 6064 1082 6065 3148 6065 3149 6065 1086 6066 1082 6066 3149 6066 1086 6067 3149 6067 3150 6067 1092 6068 1086 6068 3150 6068 1096 6069 3150 6069 3151 6069 1096 6070 1092 6070 3150 6070 1099 6071 3151 6071 3152 6071 1099 6072 1096 6072 3151 6072 1102 6073 1099 6073 3152 6073 1102 6074 3152 6074 3153 6074 1107 6075 3153 6075 3154 6075 1107 6076 1102 6076 3153 6076 1109 6077 3154 6077 3155 6077 1109 6078 1107 6078 3154 6078 1114 6079 1109 6079 3155 6079 1117 6080 3155 6080 3156 6080 1117 6081 1114 6081 3155 6081 1122 6082 3156 6082 3157 6082 1122 6083 1117 6083 3156 6083 1122 6084 3157 6084 3158 6084 1124 6085 1122 6085 3158 6085 1128 6086 3158 6086 3159 6086 1128 6087 1124 6087 3158 6087 1132 6088 1128 6088 3159 6088 1132 6089 3159 6089 3160 6089 1135 6090 3160 6090 3161 6090 1135 6091 3161 6091 3162 6091 1135 6092 1132 6092 3160 6092 1141 6093 1135 6093 3162 6093 1141 6094 3162 6094 3163 6094 1144 6095 1141 6095 3163 6095 1144 6096 3163 6096 3164 6096 1148 6097 1144 6097 3164 6097 1148 6098 3164 6098 3165 6098 1153 6099 1148 6099 3165 6099 1153 6100 3165 6100 3166 6100 1157 6101 1153 6101 3166 6101 1161 6102 1157 6102 3166 6102 1161 6103 3166 6103 3167 6103 1165 6104 1161 6104 3167 6104 1165 6105 3167 6105 3168 6105 1167 6106 1165 6106 3168 6106 1172 6107 1167 6107 3168 6107 1172 6108 3168 6108 3169 6108 1176 6109 1172 6109 3169 6109 1176 6110 3169 6110 3170 6110 1181 6111 1176 6111 3170 6111 1181 6112 3170 6112 3171 6112 1184 6113 1181 6113 3171 6113 1184 6114 3171 6114 3082 6114 3082 6115 3240 6115 3172 6115 3083 6116 3172 6116 3173 6116 3083 6117 3082 6117 3172 6117 3084 6118 3173 6118 3174 6118 3084 6119 3083 6119 3173 6119 3085 6120 3174 6120 3175 6120 3085 6121 3084 6121 3174 6121 3086 6122 3175 6122 3176 6122 3086 6123 3085 6123 3175 6123 3087 6124 3176 6124 3242 6124 3087 6125 3086 6125 3176 6125 3088 6126 3242 6126 3177 6126 3088 6127 3087 6127 3242 6127 3089 6128 3088 6128 3177 6128 3089 6129 3177 6129 3178 6129 3090 6130 3089 6130 3178 6130 3091 6131 3090 6131 3178 6131 3091 6132 3178 6132 3179 6132 3092 6133 3091 6133 3179 6133 3092 6134 3179 6134 3180 6134 3093 6135 3092 6135 3180 6135 3093 6136 3180 6136 3181 6136 3094 6137 3093 6137 3181 6137 3095 6138 3094 6138 3181 6138 3095 6139 3181 6139 3182 6139 3096 6140 3182 6140 3183 6140 3096 6141 3095 6141 3182 6141 3097 6142 3096 6142 3183 6142 3098 6143 3183 6143 3184 6143 3098 6144 3097 6144 3183 6144 3099 6145 3184 6145 3185 6145 3099 6146 3098 6146 3184 6146 3100 6147 3185 6147 3186 6147 3100 6148 3099 6148 3185 6148 3101 6149 3100 6149 3186 6149 3102 6150 3186 6150 3187 6150 3102 6151 3101 6151 3186 6151 3103 6152 3187 6152 3188 6152 3103 6153 3102 6153 3187 6153 3104 6154 3103 6154 3188 6154 3104 6155 3188 6155 3189 6155 3105 6156 3104 6156 3189 6156 3106 6157 3105 6157 3189 6157 3106 6158 3189 6158 3190 6158 3107 6159 3190 6159 3191 6159 3107 6160 3106 6160 3190 6160 3108 6161 3191 6161 3192 6161 3108 6162 3107 6162 3191 6162 3109 6163 3108 6163 3192 6163 3109 6164 3192 6164 3193 6164 3110 6165 3109 6165 3193 6165 3110 6166 3193 6166 3194 6166 3111 6167 3110 6167 3194 6167 3112 6168 3111 6168 3194 6168 3112 6169 3194 6169 3195 6169 3113 6170 3112 6170 3195 6170 3113 6171 3195 6171 3196 6171 3114 6172 3113 6172 3196 6172 3114 6173 3196 6173 3197 6173 3115 6174 3114 6174 3197 6174 3115 6175 3197 6175 3198 6175 3116 6176 3115 6176 3198 6176 3117 6177 3116 6177 3198 6177 3117 6178 3198 6178 3199 6178 3118 6179 3117 6179 3199 6179 3118 6180 3199 6180 3200 6180 3119 6181 3118 6181 3200 6181 3120 6182 3119 6182 3200 6182 3120 6183 3200 6183 3201 6183 3121 6184 3120 6184 3201 6184 3121 6185 3201 6185 3202 6185 3122 6186 3121 6186 3202 6186 3122 6187 3202 6187 3203 6187 3123 6188 3122 6188 3203 6188 3124 6189 3203 6189 3204 6189 3124 6190 3123 6190 3203 6190 3125 6191 3204 6191 3205 6191 3125 6192 3124 6192 3204 6192 3126 6193 3205 6193 3206 6193 3126 6194 3125 6194 3205 6194 3127 6195 3126 6195 3206 6195 3127 6196 3206 6196 3207 6196 3128 6197 3127 6197 3207 6197 3128 6198 3207 6198 3208 6198 3129 6199 3128 6199 3208 6199 3130 6200 3129 6200 3208 6200 3130 6201 3208 6201 3209 6201 3131 6202 3130 6202 3209 6202 3132 6203 3131 6203 3209 6203 3132 6204 3209 6204 3210 6204 3133 6205 3132 6205 3210 6205 3134 6206 3133 6206 3210 6206 3134 6207 3210 6207 3211 6207 3135 6208 3211 6208 3212 6208 3135 6209 3134 6209 3211 6209 3136 6210 3212 6210 3213 6210 3136 6211 3135 6211 3212 6211 3137 6212 3136 6212 3213 6212 3138 6213 3213 6213 3214 6213 3138 6214 3137 6214 3213 6214 3139 6215 3214 6215 3215 6215 3139 6216 3138 6216 3214 6216 3140 6217 3215 6217 3216 6217 3140 6218 3139 6218 3215 6218 3141 6219 3140 6219 3216 6219 3142 6220 3216 6220 3217 6220 3142 6221 3141 6221 3216 6221 3143 6222 3142 6222 3217 6222 3143 6223 3217 6223 3218 6223 3144 6224 3143 6224 3218 6224 3145 6225 3144 6225 3218 6225 3145 6226 3218 6226 3219 6226 3146 6227 3145 6227 3219 6227 3146 6228 3219 6228 3220 6228 3147 6229 3146 6229 3220 6229 3147 6230 3220 6230 3221 6230 3148 6231 3147 6231 3221 6231 3148 6232 3221 6232 3222 6232 3149 6233 3148 6233 3222 6233 3150 6234 3149 6234 3222 6234 3150 6235 3222 6235 3223 6235 3151 6236 3223 6236 3224 6236 3151 6237 3150 6237 3223 6237 3152 6238 3224 6238 3225 6238 3152 6239 3151 6239 3224 6239 3153 6240 3225 6240 3226 6240 3153 6241 3152 6241 3225 6241 3154 6242 3226 6242 3227 6242 3154 6243 3153 6243 3226 6243 3155 6244 3227 6244 3228 6244 3155 6245 3154 6245 3227 6245 3156 6246 3228 6246 3229 6246 3156 6247 3155 6247 3228 6247 3157 6248 3229 6248 3230 6248 3157 6249 3156 6249 3229 6249 3158 6250 3230 6250 3231 6250 3158 6251 3157 6251 3230 6251 3159 6252 3158 6252 3231 6252 3159 6253 3231 6253 3232 6253 3160 6254 3159 6254 3232 6254 3161 6255 3232 6255 3233 6255 3161 6256 3160 6256 3232 6256 3162 6257 3161 6257 3233 6257 3163 6258 3162 6258 3233 6258 3163 6259 3233 6259 3241 6259 3163 6260 3241 6260 3234 6260 3164 6261 3163 6261 3234 6261 3165 6262 3234 6262 3235 6262 3165 6263 3164 6263 3234 6263 3166 6264 3235 6264 3236 6264 3166 6265 3165 6265 3235 6265 3167 6266 3236 6266 3237 6266 3167 6267 3166 6267 3236 6267 3168 6268 3167 6268 3237 6268 3169 6269 3237 6269 3238 6269 3169 6270 3168 6270 3237 6270 3169 6271 3238 6271 3239 6271 3170 6272 3169 6272 3239 6272 3171 6273 3239 6273 3240 6273 3171 6274 3170 6274 3239 6274 3082 6275 3171 6275 3240 6275 3211 6276 3215 6276 3214 6276 3211 6277 3214 6277 3213 6277 3220 6278 3216 6278 3215 6278 3220 6279 3215 6279 3211 6279 3211 6280 3213 6280 3212 6280 3220 6281 3217 6281 3216 6281 3220 6282 3218 6282 3217 6282 3220 6283 3219 6283 3218 6283 3211 6284 3210 6284 3209 6284 3211 6285 3209 6285 3208 6285 3220 6286 3222 6286 3221 6286 3211 6287 3208 6287 3207 6287 3220 6288 3223 6288 3222 6288 3201 6289 3211 6289 3207 6289 3201 6290 3207 6290 3206 6290 3220 6291 3224 6291 3223 6291 3225 6292 3224 6292 3220 6292 3201 6293 3206 6293 3205 6293 3201 6294 3205 6294 3204 6294 3226 6295 3225 6295 3220 6295 3241 6296 3226 6296 3220 6296 3227 6297 3226 6297 3241 6297 3201 6298 3204 6298 3203 6298 3228 6299 3227 6299 3241 6299 3201 6300 3203 6300 3202 6300 3229 6301 3228 6301 3241 6301 3230 6302 3229 6302 3241 6302 3197 6303 3201 6303 3200 6303 3231 6304 3230 6304 3241 6304 3199 6305 3197 6305 3200 6305 3232 6306 3231 6306 3241 6306 3198 6307 3197 6307 3199 6307 3233 6308 3232 6308 3241 6308 3238 6309 3234 6309 3241 6309 3191 6310 3197 6310 3196 6310 3235 6311 3234 6311 3238 6311 3195 6312 3191 6312 3196 6312 3236 6313 3235 6313 3238 6313 3194 6314 3191 6314 3195 6314 3237 6315 3236 6315 3238 6315 3193 6316 3191 6316 3194 6316 3192 6317 3191 6317 3193 6317 3190 6318 3187 6318 3191 6318 3240 6319 3239 6319 3238 6319 3189 6320 3187 6320 3190 6320 3172 6321 3240 6321 3238 6321 3188 6322 3187 6322 3189 6322 3174 6323 3173 6323 3172 6323 3175 6324 3174 6324 3172 6324 3186 6325 3183 6325 3187 6325 3176 6326 3175 6326 3172 6326 3242 6327 3176 6327 3172 6327 3185 6328 3183 6328 3186 6328 3184 6329 3183 6329 3185 6329 3178 6330 3177 6330 3242 6330 3179 6331 3178 6331 3242 6331 3182 6332 3242 6332 3183 6332 3180 6333 3179 6333 3242 6333 3181 6334 3242 6334 3182 6334 3181 6335 3180 6335 3242 6335 3243 6336 3245 6336 3244 6336 3244 6337 3246 6337 3243 6337 3243 6338 3246 6338 3247 6338 3248 6339 3245 6339 3243 6339 3247 6340 3246 6340 3252 6340 3248 6341 3251 6341 3245 6341 3246 6342 3249 6342 3252 6342 3250 6343 3251 6343 3248 6343 3249 6344 3254 6344 3252 6344 3250 6345 3253 6345 3251 6345 3252 6346 3254 6346 3257 6346 3250 6347 3255 6347 3253 6347 3254 6348 198 6348 3257 6348 3256 6349 3255 6349 3250 6349 198 6350 3258 6350 3257 6350 3256 6351 205 6351 3255 6351 3257 6352 3258 6352 3259 6352 3256 6353 1238 6353 205 6353 3259 6354 3260 6354 3262 6354 3258 6355 3260 6355 3259 6355 3261 6356 1238 6356 3256 6356 3260 6357 1239 6357 3262 6357 3261 6358 1240 6358 1238 6358 3261 6359 1241 6359 1240 6359 1239 6360 3264 6360 3262 6360 3263 6361 1241 6361 3261 6361 3263 6362 1242 6362 1241 6362 3262 6363 3264 6363 3267 6363 3263 6364 3265 6364 1242 6364 3264 6365 3266 6365 3267 6365 3270 6366 3265 6366 3263 6366 3270 6367 3268 6367 3265 6367 3266 6368 3269 6368 3267 6368 3267 6369 3269 6369 3272 6369 3270 6370 3271 6370 3268 6370 3269 6371 1246 6371 3272 6371 3270 6372 3273 6372 3271 6372 3274 6373 3273 6373 3270 6373 3272 6374 1246 6374 3275 6374 1246 6375 3276 6375 3275 6375 3274 6376 3278 6376 3273 6376 3276 6377 3277 6377 3275 6377 3275 6378 3277 6378 3280 6378 3274 6379 3279 6379 3278 6379 3285 6380 3279 6380 3274 6380 3280 6381 3281 6381 3283 6381 3277 6382 3281 6382 3280 6382 3285 6383 3284 6383 3279 6383 3281 6384 3282 6384 3283 6384 3285 6385 3288 6385 3284 6385 3282 6386 3286 6386 3283 6386 3287 6387 3288 6387 3285 6387 3286 6388 3291 6388 3283 6388 3286 6389 3290 6389 3291 6389 3287 6390 3289 6390 3288 6390 3289 6391 3292 6391 1249 6391 3287 6392 3292 6392 3289 6392 3290 6393 3293 6393 3291 6393 3294 6394 3293 6394 3290 6394 1249 6395 3292 6395 1251 6395 1251 6396 3292 6396 3295 6396 3296 6397 3293 6397 3294 6397 3292 6398 3297 6398 3295 6398 1253 6399 3293 6399 3296 6399 1253 6400 3300 6400 3293 6400 3295 6401 3297 6401 3298 6401 3298 6402 3301 6402 3299 6402 3297 6403 3301 6403 3298 6403 1254 6404 3300 6404 1253 6404 1255 6405 3303 6405 1254 6405 1254 6406 3303 6406 3300 6406 3299 6407 3301 6407 3304 6407 3302 6408 3303 6408 1257 6408 1257 6409 3303 6409 1255 6409 3301 6410 3308 6410 3304 6410 3302 6411 3307 6411 3303 6411 3304 6412 3308 6412 3305 6412 3306 6413 3307 6413 3302 6413 3310 6414 3307 6414 3306 6414 3305 6415 3308 6415 3309 6415 235 6416 3314 6416 3310 6416 3310 6417 3314 6417 3307 6417 3309 6418 3312 6418 3311 6418 3308 6419 3312 6419 3309 6419 1259 6420 3314 6420 235 6420 3311 6421 3312 6421 3313 6421 3312 6422 3315 6422 3313 6422 1261 6423 3314 6423 1259 6423 1261 6424 3318 6424 3314 6424 1262 6425 3318 6425 1261 6425 3313 6426 3315 6426 1260 6426 3320 6427 3318 6427 1262 6427 1260 6428 3316 6428 3317 6428 3315 6429 3316 6429 1260 6429 3320 6430 3322 6430 3318 6430 3319 6431 3322 6431 3320 6431 3316 6432 3325 6432 3317 6432 3317 6433 3325 6433 3321 6433 3324 6434 3323 6434 3319 6434 3319 6435 3323 6435 3322 6435 3321 6436 3325 6436 1265 6436 3327 6437 3323 6437 3324 6437 3325 6438 3326 6438 1265 6438 1265 6439 3326 6439 3328 6439 3328 6440 3326 6440 3332 6440 3329 6441 3330 6441 3327 6441 3327 6442 3330 6442 3323 6442 3326 6443 3331 6443 3332 6443 3332 6444 3330 6444 3333 6444 3333 6445 3330 6445 3329 6445 3331 6446 3330 6446 3332 6446 3337 6447 3334 6447 3336 6447 3335 6448 3337 6448 3336 6448 3335 6449 3336 6449 3338 6449 3339 6450 3334 6450 3337 6450 3339 6451 3340 6451 3334 6451 3341 6452 3335 6452 3338 6452 3339 6453 3342 6453 3340 6453 3341 6454 3338 6454 3343 6454 3344 6455 3342 6455 3339 6455 3345 6456 3341 6456 3343 6456 3347 6457 3342 6457 3344 6457 3347 6458 3346 6458 3342 6458 3345 6459 3343 6459 3348 6459 3350 6460 3345 6460 3348 6460 3353 6461 3349 6461 3346 6461 3353 6462 3346 6462 3347 6462 3350 6463 3348 6463 3352 6463 3351 6464 3350 6464 3352 6464 3351 6465 3352 6465 3354 6465 3355 6466 3349 6466 3353 6466 3355 6467 3357 6467 3349 6467 3356 6468 3351 6468 3354 6468 3356 6469 3354 6469 3360 6469 3358 6470 3357 6470 3355 6470 3358 6471 3362 6471 3357 6471 3359 6472 3356 6472 3360 6472 3361 6473 3362 6473 3358 6473 3359 6474 3360 6474 3364 6474 3361 6475 3366 6475 3362 6475 3363 6476 3359 6476 3364 6476 3363 6477 3364 6477 3368 6477 3365 6478 3366 6478 3361 6478 3372 6479 3366 6479 3365 6479 3367 6480 3363 6480 3368 6480 3369 6481 3372 6481 3365 6481 3367 6482 3368 6482 3370 6482 3371 6483 3370 6483 3373 6483 3371 6484 3367 6484 3370 6484 3372 6485 3369 6485 3377 6485 3375 6486 3372 6486 3377 6486 3374 6487 3371 6487 3373 6487 3379 6488 3374 6488 3373 6488 3376 6489 3374 6489 3379 6489 3375 6490 3377 6490 3378 6490 3381 6491 3375 6491 3378 6491 3379 6492 3380 6492 3376 6492 3382 6493 3380 6493 3379 6493 3381 6494 3378 6494 3383 6494 3382 6495 3384 6495 3380 6495 3385 6496 3381 6496 3383 6496 3387 6497 3388 6497 3384 6497 3387 6498 3384 6498 3382 6498 3385 6499 3383 6499 3386 6499 3389 6500 3385 6500 3386 6500 3390 6501 3388 6501 3387 6501 3390 6502 3391 6502 3388 6502 3394 6503 3386 6503 3392 6503 3394 6504 3389 6504 3386 6504 3393 6505 3391 6505 3390 6505 3393 6506 3396 6506 3391 6506 3394 6507 3392 6507 3398 6507 3399 6508 3396 6508 3393 6508 3395 6509 3394 6509 3398 6509 3399 6510 3397 6510 3396 6510 3401 6511 3395 6511 3398 6511 3401 6512 3398 6512 3400 6512 3402 6513 3397 6513 3399 6513 3402 6514 3404 6514 3397 6514 3401 6515 3400 6515 3406 6515 3403 6516 3404 6516 3402 6516 3403 6517 3405 6517 3404 6517 3408 6518 3401 6518 3406 6518 3407 6519 3405 6519 3403 6519 3408 6520 3406 6520 3405 6520 3408 6521 3405 6521 3407 6521 3355 6522 3409 6522 3410 6522 3355 6523 3353 6523 3409 6523 3358 6524 3410 6524 3411 6524 3358 6525 3355 6525 3410 6525 3361 6526 3358 6526 3411 6526 3361 6527 3411 6527 3412 6527 3361 6528 3412 6528 3413 6528 3365 6529 3361 6529 3413 6529 3369 6530 3365 6530 3413 6530 3369 6531 3413 6531 3414 6531 3377 6532 3369 6532 3414 6532 3377 6533 3414 6533 3415 6533 3378 6534 3415 6534 3416 6534 3378 6535 3377 6535 3415 6535 3378 6536 3416 6536 3417 6536 3383 6537 3378 6537 3417 6537 3383 6538 3417 6538 3418 6538 3386 6539 3418 6539 3419 6539 3386 6540 3383 6540 3418 6540 3386 6541 3419 6541 3420 6541 3392 6542 3386 6542 3420 6542 3392 6543 3420 6543 3421 6543 3398 6544 3392 6544 3421 6544 3398 6545 3421 6545 3422 6545 3400 6546 3398 6546 3422 6546 3400 6547 3422 6547 3423 6547 3406 6548 3400 6548 3423 6548 3406 6549 3423 6549 3424 6549 3405 6550 3406 6550 3424 6550 3405 6551 3424 6551 3425 6551 3404 6552 3405 6552 3425 6552 3397 6553 3425 6553 3426 6553 3397 6554 3404 6554 3425 6554 3396 6555 3426 6555 3427 6555 3396 6556 3397 6556 3426 6556 3396 6557 3427 6557 3428 6557 3391 6558 3396 6558 3428 6558 3391 6559 3428 6559 3429 6559 3388 6560 3391 6560 3429 6560 3388 6561 3429 6561 3430 6561 3384 6562 3388 6562 3430 6562 3384 6563 3430 6563 3431 6563 3380 6564 3384 6564 3431 6564 3380 6565 3431 6565 3432 6565 3376 6566 3380 6566 3432 6566 3376 6567 3432 6567 3433 6567 3374 6568 3376 6568 3433 6568 3374 6569 3433 6569 3434 6569 3371 6570 3374 6570 3434 6570 3367 6571 3371 6571 3434 6571 3367 6572 3434 6572 3435 6572 3363 6573 3435 6573 3436 6573 3363 6574 3367 6574 3435 6574 3359 6575 3436 6575 3437 6575 3359 6576 3363 6576 3436 6576 3356 6577 3359 6577 3437 6577 3356 6578 3437 6578 3438 6578 3356 6579 3438 6579 3439 6579 3351 6580 3356 6580 3439 6580 3351 6581 3439 6581 3440 6581 3350 6582 3351 6582 3440 6582 3350 6583 3440 6583 3441 6583 3345 6584 3350 6584 3441 6584 3345 6585 3441 6585 3442 6585 3341 6586 3345 6586 3442 6586 3341 6587 3442 6587 3443 6587 3335 6588 3443 6588 3444 6588 3335 6589 3341 6589 3443 6589 3337 6590 3444 6590 3445 6590 3337 6591 3335 6591 3444 6591 3339 6592 3337 6592 3445 6592 3339 6593 3445 6593 3446 6593 3344 6594 3446 6594 3447 6594 3344 6595 3339 6595 3446 6595 3344 6596 3447 6596 3448 6596 3347 6597 3344 6597 3448 6597 3347 6598 3448 6598 3449 6598 3353 6599 3449 6599 3409 6599 3353 6600 3347 6600 3449 6600 3319 6601 1263 6601 3324 6601 3320 6602 1263 6602 3319 6602 1263 6603 1264 6603 3324 6603 3324 6604 1264 6604 3327 6604 1264 6605 230 6605 3327 6605 3327 6606 230 6606 3329 6606 230 6607 1266 6607 3329 6607 3329 6608 1266 6608 3333 6608 3328 6609 228 6609 1265 6609 3332 6610 228 6610 3328 6610 1265 6611 227 6611 3321 6611 227 6612 226 6612 3321 6612 3321 6613 225 6613 3317 6613 226 6614 225 6614 3321 6614 3311 6615 222 6615 3309 6615 3305 6616 221 6616 3304 6616 3309 6617 221 6617 3305 6617 221 6618 1256 6618 3304 6618 1256 6619 220 6619 3304 6619 3304 6620 220 6620 3299 6620 3298 6621 218 6621 3295 6621 3295 6622 218 6622 1251 6622 1249 6623 215 6623 3289 6623 215 6624 214 6624 3289 6624 3289 6625 214 6625 3288 6625 214 6626 1248 6626 3288 6626 3288 6627 1248 6627 3284 6627 3284 6628 213 6628 3279 6628 3279 6629 212 6629 3278 6629 212 6630 211 6630 3278 6630 3278 6631 211 6631 3273 6631 3273 6632 210 6632 3271 6632 3271 6633 209 6633 3268 6633 210 6634 209 6634 3271 6634 209 6635 1245 6635 3268 6635 3268 6636 1245 6636 3265 6636 1245 6637 1243 6637 3265 6637 3265 6638 1243 6638 1242 6638 3255 6639 203 6639 3253 6639 3253 6640 203 6640 3251 6640 3251 6641 1233 6641 3245 6641 3245 6642 201 6642 3244 6642 1233 6643 201 6643 3245 6643 3244 6644 200 6644 3246 6644 201 6645 200 6645 3244 6645 3246 6646 1234 6646 3249 6646 200 6647 1234 6647 3246 6647 1234 6648 1235 6648 3249 6648 3249 6649 1235 6649 3254 6649 1235 6650 198 6650 3254 6650 198 6651 1236 6651 3258 6651 3258 6652 1236 6652 3260 6652 1236 6653 1237 6653 3260 6653 1237 6654 1239 6654 3260 6654 1239 6655 196 6655 3264 6655 3264 6656 1244 6656 3266 6656 3266 6657 248 6657 3269 6657 248 6658 1246 6658 3269 6658 3276 6659 246 6659 3277 6659 3277 6660 245 6660 3281 6660 3281 6661 1247 6661 3282 6661 245 6662 1247 6662 3281 6662 3286 6663 244 6663 3290 6663 244 6664 243 6664 3290 6664 243 6665 242 6665 3290 6665 3290 6666 242 6666 3294 6666 242 6667 1250 6667 3294 6667 3294 6668 1250 6668 3296 6668 1250 6669 1252 6669 3296 6669 1252 6670 1253 6670 3296 6670 3302 6671 1258 6671 3306 6671 1257 6672 1258 6672 3302 6672 3452 6673 3450 6673 3451 6673 3452 6674 3515 6674 3450 6674 3453 6675 3452 6675 3451 6675 3455 6676 3453 6676 3454 6676 3455 6677 3454 6677 3456 6677 3562 6678 3456 6678 3457 6678 3562 6679 3457 6679 3458 6679 3561 6680 3562 6680 3458 6680 3561 6681 3458 6681 3459 6681 3560 6682 3561 6682 3459 6682 3560 6683 3459 6683 3460 6683 3559 6684 3460 6684 3461 6684 3559 6685 3560 6685 3460 6685 3557 6686 3461 6686 3462 6686 3557 6687 3559 6687 3461 6687 3555 6688 3462 6688 3463 6688 3555 6689 3557 6689 3462 6689 3554 6690 3463 6690 3464 6690 3554 6691 3555 6691 3463 6691 3465 6692 3464 6692 3466 6692 3465 6693 3554 6693 3464 6693 3467 6694 3466 6694 3468 6694 3467 6695 3465 6695 3466 6695 3551 6696 3467 6696 3468 6696 3551 6697 3468 6697 3469 6697 3549 6698 3551 6698 3469 6698 3549 6699 3469 6699 3470 6699 3471 6700 3549 6700 3470 6700 3547 6701 3471 6701 3472 6701 3546 6702 3547 6702 3472 6702 3546 6703 3472 6703 3473 6703 3545 6704 3546 6704 3473 6704 3545 6705 3473 6705 3474 6705 3545 6706 3474 6706 3370 6706 3543 6707 3370 6707 3475 6707 3543 6708 3545 6708 3370 6708 3542 6709 3543 6709 3475 6709 3542 6710 3475 6710 3476 6710 3541 6711 3542 6711 3476 6711 3541 6712 3476 6712 3477 6712 3541 6713 3477 6713 3478 6713 3540 6714 3541 6714 3478 6714 3540 6715 3478 6715 3479 6715 3538 6716 3540 6716 3479 6716 3538 6717 3479 6717 3480 6717 3481 6718 3538 6718 3480 6718 3481 6719 3480 6719 3482 6719 3536 6720 3481 6720 3482 6720 3536 6721 3482 6721 3483 6721 3535 6722 3536 6722 3483 6722 3535 6723 3483 6723 3484 6723 3485 6724 3535 6724 3484 6724 3485 6725 3484 6725 3486 6725 3487 6726 3485 6726 3486 6726 3487 6727 3486 6727 3488 6727 3532 6728 3487 6728 3488 6728 3532 6729 3488 6729 3489 6729 3530 6730 3489 6730 3490 6730 3530 6731 3532 6731 3489 6731 3530 6732 3490 6732 3491 6732 3528 6733 3530 6733 3491 6733 3528 6734 3491 6734 3492 6734 3527 6735 3528 6735 3492 6735 3527 6736 3492 6736 3493 6736 3494 6737 3527 6737 3493 6737 3494 6738 3493 6738 3495 6738 3496 6739 3494 6739 3495 6739 3496 6740 3495 6740 3497 6740 3498 6741 3496 6741 3497 6741 3498 6742 3497 6742 3499 6742 3500 6743 3499 6743 3501 6743 3500 6744 3498 6744 3499 6744 3524 6745 3500 6745 3501 6745 3502 6746 3501 6746 3503 6746 3502 6747 3524 6747 3501 6747 3523 6748 3503 6748 3504 6748 3523 6749 3502 6749 3503 6749 3505 6750 3523 6750 3504 6750 3505 6751 3504 6751 3506 6751 3507 6752 3505 6752 3506 6752 3507 6753 3506 6753 3508 6753 3509 6754 3507 6754 3508 6754 3509 6755 3508 6755 3510 6755 3519 6756 3509 6756 3510 6756 3517 6757 3510 6757 3511 6757 3517 6758 3519 6758 3510 6758 3517 6759 3511 6759 3512 6759 3513 6760 3517 6760 3512 6760 3513 6761 3512 6761 3514 6761 3515 6762 3513 6762 3514 6762 3515 6763 3514 6763 3450 6763 3452 6764 3516 6764 3515 6764 3515 6765 3516 6765 3513 6765 3516 6766 3517 6766 3513 6766 3516 6767 3518 6767 3517 6767 3187 6768 3518 6768 3516 6768 3183 6769 3518 6769 3187 6769 3517 6770 3518 6770 3519 6770 3518 6771 3520 6771 3519 6771 3518 6772 3521 6772 3520 6772 3183 6773 3521 6773 3518 6773 3519 6774 3520 6774 3509 6774 3242 6775 3521 6775 3183 6775 3520 6776 3507 6776 3509 6776 3520 6777 3521 6777 3507 6777 3521 6778 3505 6778 3507 6778 3521 6779 3522 6779 3505 6779 3522 6780 3523 6780 3505 6780 3242 6781 3522 6781 3521 6781 3523 6782 3522 6782 3524 6782 3242 6783 3524 6783 3522 6783 3523 6784 3524 6784 3502 6784 3242 6785 3525 6785 3524 6785 3172 6786 3525 6786 3242 6786 3524 6787 3525 6787 3500 6787 3525 6788 3498 6788 3500 6788 3525 6789 3526 6789 3498 6789 3172 6790 3526 6790 3525 6790 3498 6791 3526 6791 3496 6791 3526 6792 3494 6792 3496 6792 3238 6793 3526 6793 3172 6793 3526 6794 3527 6794 3494 6794 3526 6795 3529 6795 3527 6795 3526 6796 3238 6796 3529 6796 3527 6797 3529 6797 3528 6797 3529 6798 3531 6798 3528 6798 3238 6799 3531 6799 3529 6799 3531 6800 3530 6800 3528 6800 3241 6801 3531 6801 3238 6801 3531 6802 3532 6802 3530 6802 3241 6803 3533 6803 3531 6803 3531 6804 3533 6804 3532 6804 3532 6805 3533 6805 3487 6805 3487 6806 3533 6806 3485 6806 3533 6807 3534 6807 3485 6807 3241 6808 3534 6808 3533 6808 3485 6809 3534 6809 3535 6809 3534 6810 3537 6810 3535 6810 3241 6811 3537 6811 3534 6811 3535 6812 3537 6812 3536 6812 3537 6813 3481 6813 3536 6813 3220 6814 3537 6814 3241 6814 3220 6815 3539 6815 3537 6815 3537 6816 3539 6816 3481 6816 3481 6817 3539 6817 3538 6817 3539 6818 3540 6818 3538 6818 3220 6819 3540 6819 3539 6819 3220 6820 3541 6820 3540 6820 3220 6821 3544 6821 3541 6821 3541 6822 3544 6822 3542 6822 3544 6823 3543 6823 3542 6823 3543 6824 3548 6824 3545 6824 3544 6825 3548 6825 3543 6825 3544 6826 3211 6826 3548 6826 3220 6827 3211 6827 3544 6827 3545 6828 3548 6828 3546 6828 3548 6829 3547 6829 3546 6829 3548 6830 3550 6830 3547 6830 3211 6831 3550 6831 3548 6831 3547 6832 3549 6832 3471 6832 3547 6833 3550 6833 3549 6833 3550 6834 3551 6834 3549 6834 3550 6835 3552 6835 3551 6835 3211 6836 3552 6836 3550 6836 3201 6837 3552 6837 3211 6837 3552 6838 3467 6838 3551 6838 3552 6839 3554 6839 3467 6839 3467 6840 3554 6840 3465 6840 3552 6841 3553 6841 3554 6841 3201 6842 3553 6842 3552 6842 3553 6843 3556 6843 3554 6843 3201 6844 3556 6844 3553 6844 3554 6845 3556 6845 3555 6845 3555 6846 3556 6846 3557 6846 3201 6847 3558 6847 3556 6847 3556 6848 3558 6848 3557 6848 3197 6849 3558 6849 3201 6849 3557 6850 3558 6850 3559 6850 3197 6851 3564 6851 3558 6851 3559 6852 3558 6852 3560 6852 3558 6853 3564 6853 3560 6853 3560 6854 3564 6854 3561 6854 3564 6855 3563 6855 3561 6855 3561 6856 3563 6856 3562 6856 3191 6857 3564 6857 3197 6857 3191 6858 3563 6858 3564 6858 3562 6859 3563 6859 3456 6859 3563 6860 3455 6860 3456 6860 3563 6861 3565 6861 3455 6861 3191 6862 3565 6862 3563 6862 3455 6863 3565 6863 3453 6863 3187 6864 3565 6864 3191 6864 3565 6865 3452 6865 3453 6865 3565 6866 3516 6866 3452 6866 3516 6867 3565 6867 3187 6867 3468 6868 3390 6868 3387 6868 3469 6869 3468 6869 3387 6869 3469 6870 3387 6870 3382 6870 3470 6871 3469 6871 3382 6871 3470 6872 3382 6872 3379 6872 3471 6873 3470 6873 3379 6873 3472 6874 3471 6874 3379 6874 3473 6875 3472 6875 3379 6875 3473 6876 3379 6876 3373 6876 3474 6877 3473 6877 3373 6877 3370 6878 3474 6878 3373 6878 3475 6879 3370 6879 3368 6879 3476 6880 3368 6880 3364 6880 3476 6881 3475 6881 3368 6881 3477 6882 3364 6882 3360 6882 3477 6883 3476 6883 3364 6883 3478 6884 3477 6884 3360 6884 3478 6885 3360 6885 3354 6885 3479 6886 3478 6886 3354 6886 3479 6887 3354 6887 3352 6887 3480 6888 3479 6888 3352 6888 3482 6889 3352 6889 3348 6889 3482 6890 3480 6890 3352 6890 3483 6891 3482 6891 3348 6891 3483 6892 3348 6892 3343 6892 3484 6893 3483 6893 3343 6893 3484 6894 3343 6894 3338 6894 3486 6895 3484 6895 3338 6895 3488 6896 3486 6896 3338 6896 3488 6897 3338 6897 3336 6897 3489 6898 3488 6898 3336 6898 3489 6899 3336 6899 3334 6899 3490 6900 3489 6900 3334 6900 3490 6901 3334 6901 3340 6901 3491 6902 3490 6902 3340 6902 3491 6903 3340 6903 3342 6903 3492 6904 3491 6904 3342 6904 3492 6905 3342 6905 3346 6905 3493 6906 3492 6906 3346 6906 3495 6907 3346 6907 3349 6907 3495 6908 3493 6908 3346 6908 3495 6909 3349 6909 3357 6909 3497 6910 3495 6910 3357 6910 3499 6911 3497 6911 3357 6911 3499 6912 3357 6912 3362 6912 3501 6913 3499 6913 3362 6913 3501 6914 3362 6914 3366 6914 3503 6915 3501 6915 3366 6915 3504 6916 3366 6916 3372 6916 3504 6917 3503 6917 3366 6917 3506 6918 3504 6918 3372 6918 3375 6919 3506 6919 3372 6919 3508 6920 3506 6920 3375 6920 3381 6921 3508 6921 3375 6921 3510 6922 3508 6922 3381 6922 3511 6923 3510 6923 3381 6923 3385 6924 3511 6924 3381 6924 3512 6925 3511 6925 3385 6925 3514 6926 3512 6926 3385 6926 3389 6927 3514 6927 3385 6927 3450 6928 3514 6928 3389 6928 3394 6929 3450 6929 3389 6929 3451 6930 3450 6930 3394 6930 3453 6931 3451 6931 3394 6931 3395 6932 3453 6932 3394 6932 3454 6933 3453 6933 3395 6933 3456 6934 3454 6934 3395 6934 3401 6935 3456 6935 3395 6935 3457 6936 3456 6936 3401 6936 3408 6937 3457 6937 3401 6937 3458 6938 3457 6938 3408 6938 3407 6939 3458 6939 3408 6939 3459 6940 3458 6940 3407 6940 3403 6941 3459 6941 3407 6941 3460 6942 3459 6942 3403 6942 3402 6943 3460 6943 3403 6943 3461 6944 3460 6944 3402 6944 3399 6945 3461 6945 3402 6945 3462 6946 3461 6946 3399 6946 3463 6947 3462 6947 3399 6947 3393 6948 3463 6948 3399 6948 3464 6949 3463 6949 3393 6949 3466 6950 3464 6950 3393 6950 3390 6951 3466 6951 3393 6951 3468 6952 3466 6952 3390 6952 3410 6953 3409 6953 3314 6953 3410 6954 3314 6954 3318 6954 3411 6955 3410 6955 3318 6955 3411 6956 3318 6956 3322 6956 3412 6957 3411 6957 3322 6957 3412 6958 3322 6958 3323 6958 3413 6959 3412 6959 3323 6959 3413 6960 3323 6960 3330 6960 3414 6961 3413 6961 3330 6961 3414 6962 3330 6962 3331 6962 3415 6963 3414 6963 3331 6963 3415 6964 3331 6964 3326 6964 3416 6965 3415 6965 3326 6965 3416 6966 3326 6966 3325 6966 3417 6967 3416 6967 3325 6967 3417 6968 3325 6968 3316 6968 3418 6969 3417 6969 3316 6969 3418 6970 3316 6970 3315 6970 3419 6971 3418 6971 3315 6971 3419 6972 3315 6972 3312 6972 3420 6973 3419 6973 3312 6973 3420 6974 3312 6974 3308 6974 3421 6975 3308 6975 3301 6975 3421 6976 3420 6976 3308 6976 3422 6977 3421 6977 3301 6977 3422 6978 3301 6978 3297 6978 3422 6979 3297 6979 3292 6979 3423 6980 3422 6980 3292 6980 3423 6981 3292 6981 3287 6981 3424 6982 3423 6982 3287 6982 3424 6983 3287 6983 3285 6983 3425 6984 3424 6984 3285 6984 3426 6985 3425 6985 3285 6985 3426 6986 3285 6986 3274 6986 3427 6987 3426 6987 3274 6987 3427 6988 3274 6988 3270 6988 3428 6989 3427 6989 3270 6989 3429 6990 3428 6990 3270 6990 3429 6991 3270 6991 3263 6991 3430 6992 3429 6992 3263 6992 3430 6993 3263 6993 3261 6993 3431 6994 3430 6994 3261 6994 3431 6995 3261 6995 3256 6995 3432 6996 3431 6996 3256 6996 3432 6997 3256 6997 3250 6997 3432 6998 3250 6998 3248 6998 3433 6999 3432 6999 3248 6999 3434 7000 3248 7000 3243 7000 3434 7001 3433 7001 3248 7001 3434 7002 3243 7002 3247 7002 3435 7003 3434 7003 3247 7003 3435 7004 3247 7004 3252 7004 3436 7005 3435 7005 3252 7005 3436 7006 3252 7006 3257 7006 3437 7007 3436 7007 3257 7007 3437 7008 3257 7008 3259 7008 3438 7009 3437 7009 3259 7009 3438 7010 3259 7010 3262 7010 3439 7011 3438 7011 3262 7011 3439 7012 3262 7012 3267 7012 3440 7013 3439 7013 3267 7013 3440 7014 3267 7014 3272 7014 3441 7015 3440 7015 3272 7015 3441 7016 3272 7016 3275 7016 3442 7017 3441 7017 3275 7017 3442 7018 3275 7018 3280 7018 3443 7019 3442 7019 3280 7019 3443 7020 3280 7020 3283 7020 3444 7021 3443 7021 3283 7021 3444 7022 3283 7022 3291 7022 3445 7023 3444 7023 3291 7023 3445 7024 3291 7024 3293 7024 3446 7025 3445 7025 3293 7025 3447 7026 3293 7026 3300 7026 3447 7027 3446 7027 3293 7027 3448 7028 3300 7028 3303 7028 3448 7029 3447 7029 3300 7029 3449 7030 3303 7030 3307 7030 3449 7031 3448 7031 3303 7031 3409 7032 3449 7032 3307 7032 3409 7033 3307 7033 3314 7033 3697 7034 3779 7034 3569 7034 3757 7035 3692 7035 3570 7035 3571 7036 3698 7036 3575 7036 3571 7037 3575 7037 3572 7037 3582 7038 3697 7038 3694 7038 3828 7039 3883 7039 3824 7039 3567 7040 3585 7040 3693 7040 3698 7041 3697 7041 3577 7041 3580 7042 3698 7042 3577 7042 3576 7043 3750 7043 3570 7043 3568 7044 3693 7044 3578 7044 3587 7045 3573 7045 3751 7045 3693 7046 3585 7046 3578 7046 3589 7047 3828 7047 3587 7047 3582 7048 3577 7048 3697 7048 3708 7049 3750 7049 3576 7049 3705 7050 3572 7050 3703 7050 3578 7051 3704 7051 3574 7051 3576 7052 3597 7052 3708 7052 3589 7053 3576 7053 3828 7053 3583 7054 3831 7054 3584 7054 3585 7055 3590 7055 3578 7055 3576 7056 3589 7056 3884 7056 3708 7057 3836 7057 3579 7057 3596 7058 3831 7058 3885 7058 3597 7059 3576 7059 3884 7059 3590 7060 3709 7060 3578 7060 3598 7061 3707 7061 3706 7061 3591 7062 3884 7062 3589 7062 3885 7063 3586 7063 3841 7063 3710 7064 3707 7064 3598 7064 3602 7065 3592 7065 3836 7065 3605 7066 3710 7066 3598 7066 3601 7067 3599 7067 3709 7067 3601 7068 3714 7068 3604 7068 3601 7069 3604 7069 3599 7069 3615 7070 3595 7070 3837 7070 3720 7071 3718 7071 3713 7071 3716 7072 3605 7072 3593 7072 3886 7073 3602 7073 3836 7073 3717 7074 3594 7074 3615 7074 3613 7075 3839 7075 3605 7075 3720 7076 3610 7076 3718 7076 3842 7077 3781 7077 3606 7077 3887 7078 3611 7078 3609 7078 3613 7079 3622 7079 3839 7079 3612 7080 3726 7080 3606 7080 3620 7081 3717 7081 3615 7081 3614 7082 3616 7082 3610 7082 3721 7083 3614 7083 3610 7083 3621 7084 3722 7084 3630 7084 3616 7085 3614 7085 3623 7085 3631 7086 3628 7086 3721 7086 3628 7087 3614 7087 3721 7087 3727 7088 3629 7088 3637 7088 3619 7089 3616 7089 3623 7089 3642 7090 3622 7090 3613 7090 3783 7091 3625 7091 3620 7091 3890 7092 3628 7092 3631 7092 3628 7093 3623 7093 3614 7093 3626 7094 3726 7094 3619 7094 3783 7095 3634 7095 3625 7095 3623 7096 3626 7096 3619 7096 3722 7097 3621 7097 3731 7097 3642 7098 3633 7098 3631 7098 3890 7099 3631 7099 3633 7099 3623 7100 3784 7100 3626 7100 3630 7101 3638 7101 3621 7101 3644 7102 3637 7102 3754 7102 3644 7103 3638 7103 3637 7103 3636 7104 3647 7104 3889 7104 3644 7105 3754 7105 3643 7105 3643 7106 3754 7106 3732 7106 3784 7107 3847 7107 624 7107 3892 7108 3733 7108 3653 7108 3755 7109 3648 7109 3650 7109 3644 7110 3643 7110 3852 7110 3895 7111 3894 7111 3850 7111 3848 7112 3853 7112 3897 7112 3649 7113 3733 7113 3645 7113 3854 7114 3732 7114 3735 7114 3656 7115 3652 7115 3850 7115 3895 7116 3652 7116 3651 7116 3854 7117 3660 7117 3648 7117 3654 7118 3657 7118 3649 7118 3854 7119 3897 7119 3765 7119 3654 7120 3658 7120 3659 7120 3789 7121 3658 7121 3660 7121 3900 7122 3765 7122 3661 7122 3659 7123 3658 7123 3789 7123 3668 7124 3858 7124 3669 7124 3666 7125 3662 7125 3663 7125 3663 7126 3668 7126 3667 7126 3795 7127 3862 7127 3756 7127 3665 7128 3860 7128 3866 7128 3673 7129 3664 7129 3666 7129 3738 7130 3667 7130 3668 7130 3740 7131 3798 7131 3864 7131 3671 7132 3801 7132 3677 7132 3675 7133 3667 7133 3738 7133 3677 7134 3801 7134 3905 7134 3740 7135 3904 7135 3741 7135 3740 7136 3903 7136 3904 7136 3679 7137 3677 7137 3682 7137 3742 7138 3675 7138 3678 7138 3905 7139 3676 7139 3680 7139 3741 7140 3871 7140 3676 7140 3746 7141 3682 7141 3685 7141 3743 7142 3685 7142 3682 7142 3684 7143 3686 7143 3875 7143 3743 7144 3680 7144 3688 7144 3872 7145 3724 7145 3907 7145 3809 7146 3687 7146 3686 7146 3906 7147 3811 7147 3907 7147 3688 7148 3874 7148 3816 7148 3880 7149 3687 7149 3809 7149 3808 7150 3881 7150 3908 7150 3748 7151 3688 7151 3816 7151 3874 7152 3813 7152 3816 7152 3691 7153 3749 7153 3747 7153 3689 7154 3749 7154 3690 7154 3692 7155 3748 7155 3816 7155 3757 7156 3691 7156 3692 7156 3879 7157 3567 7157 3693 7157 3694 7158 3569 7158 3690 7158 3697 7159 3569 7159 3694 7159 3697 7160 3698 7160 3779 7160 3699 7161 3582 7161 3694 7161 3750 7162 3757 7162 3570 7162 3699 7163 3592 7163 3582 7163 3570 7164 3828 7164 3576 7164 3705 7165 3567 7165 3572 7165 3592 7166 3581 7166 3582 7166 3700 7167 3768 7167 3769 7167 3708 7168 3579 7168 3750 7168 3750 7169 3592 7169 3699 7169 3750 7170 3579 7170 3592 7170 3577 7171 3582 7171 3581 7171 3751 7172 3596 7172 3588 7172 3751 7173 3588 7173 3587 7173 3706 7174 3577 7174 3581 7174 3590 7175 3705 7175 3752 7175 3863 7176 3795 7176 3756 7176 3602 7177 3581 7177 3592 7177 3592 7178 3579 7178 3836 7178 3772 7179 3771 7179 3696 7179 3709 7180 3590 7180 3712 7180 3709 7181 3712 7181 3601 7181 3752 7182 3600 7182 3712 7182 3595 7183 3596 7183 3885 7183 3597 7184 3836 7184 3708 7184 3600 7185 3710 7185 3605 7185 3598 7186 3593 7186 3605 7186 3712 7187 3714 7187 3601 7187 3713 7188 3712 7188 3600 7188 3593 7189 3602 7189 3716 7189 3884 7190 3717 7190 3608 7190 3718 7191 3712 7191 3713 7191 3718 7192 3714 7192 3712 7192 3720 7193 3713 7193 3839 7193 3715 7194 3604 7194 3714 7194 3772 7195 3696 7195 3700 7195 3772 7196 3700 7196 3803 7196 3715 7197 3714 7197 3718 7197 3612 7198 3604 7198 3715 7198 3717 7199 3723 7199 3608 7199 3716 7200 3613 7200 3605 7200 3769 7201 3803 7201 3700 7201 3718 7202 3610 7202 3715 7202 3753 7203 3618 7203 3722 7203 3609 7204 3781 7204 3887 7204 3721 7205 3610 7205 3720 7205 3837 7206 3617 7206 3615 7206 3724 7207 3869 7207 3806 7207 3622 7208 3721 7208 3720 7208 3618 7209 3723 7209 3727 7209 3721 7210 3622 7210 3631 7210 3727 7211 3723 7211 3625 7211 3630 7212 3722 7212 3618 7212 3731 7213 3613 7213 3716 7213 3872 7214 3776 7214 3739 7214 3872 7215 3739 7215 3725 7215 3727 7216 3630 7216 3618 7216 3810 7217 3739 7217 3776 7217 3631 7218 3622 7218 3642 7218 3613 7219 3731 7219 3642 7219 3777 7220 3729 7220 3728 7220 3629 7221 3625 7221 3634 7221 3881 7222 3808 7222 3814 7222 3731 7223 3640 7223 3642 7223 3640 7224 3731 7224 3621 7224 3621 7225 3638 7225 3893 7225 3893 7226 3638 7226 3644 7226 3777 7227 3583 7227 3729 7227 3893 7228 3755 7228 3621 7228 3636 7229 3848 7229 3647 7229 3889 7230 3647 7230 3732 7230 3733 7231 3892 7231 3642 7231 3640 7232 3733 7232 3642 7232 3821 7233 3800 7233 3774 7233 3644 7234 3648 7234 3893 7234 3648 7235 3755 7235 3893 7235 3650 7236 3645 7236 3755 7236 3734 7237 3815 7237 3778 7237 3852 7238 3648 7238 3644 7238 3734 7239 3778 7239 3821 7239 3897 7240 3735 7240 3848 7240 3854 7241 3852 7241 3732 7241 3671 7242 3668 7242 3669 7242 3671 7243 3738 7243 3668 7243 3739 7244 3830 7244 3882 7244 3675 7245 3738 7245 3679 7245 3741 7246 3868 7246 3740 7246 3741 7247 3676 7247 3868 7247 3743 7248 3677 7248 3905 7248 3744 7249 3682 7249 3746 7249 3688 7250 3685 7250 3743 7250 3744 7251 3742 7251 3678 7251 3689 7252 3809 7252 3742 7252 3729 7253 3829 7253 3728 7253 3825 7254 3745 7254 3833 7254 3744 7255 3689 7255 3742 7255 3687 7256 3875 7256 3686 7256 3685 7257 3747 7257 3746 7257 3747 7258 3749 7258 3746 7258 3748 7259 3747 7259 3688 7259 3596 7260 3751 7260 3831 7260 3691 7261 3690 7261 3749 7261 3704 7262 3834 7262 3745 7262 3692 7263 3691 7263 3748 7263 3816 7264 3883 7264 3692 7264 3832 7265 3745 7265 3834 7265 3757 7266 3694 7266 3690 7266 3694 7267 3757 7267 3699 7267 3575 7268 3698 7268 3580 7268 3703 7269 3752 7269 3705 7269 3703 7270 3580 7270 3707 7270 3590 7271 3585 7271 3705 7271 3703 7272 3707 7272 3710 7272 3752 7273 3703 7273 3710 7273 3752 7274 3712 7274 3590 7274 3593 7275 3581 7275 3602 7275 3600 7276 3752 7276 3710 7276 3597 7277 3753 7277 3836 7277 3597 7278 3608 7278 3753 7278 3608 7279 3618 7279 3753 7279 3722 7280 3886 7280 3753 7280 3727 7281 3637 7281 3630 7281 3629 7282 3727 7282 3625 7282 3645 7283 3640 7283 3755 7283 3645 7284 3650 7284 3649 7284 3679 7285 3738 7285 3671 7285 3867 7286 3684 7286 3906 7286 3777 7287 3780 7287 3583 7287 3617 7288 3745 7288 3832 7288 3759 7289 3783 7289 3617 7289 3706 7290 3580 7290 3577 7290 3624 7291 3887 7291 3758 7291 3723 7292 3618 7292 3608 7292 3717 7293 3620 7293 3723 7293 3620 7294 3625 7294 3723 7294 3632 7295 3624 7295 3758 7295 3627 7296 3632 7296 3758 7296 3640 7297 3621 7297 3755 7297 3672 7298 3667 7298 3675 7298 3757 7299 3690 7299 3691 7299 3742 7300 3672 7300 3675 7300 3757 7301 3750 7301 3699 7301 3759 7302 3832 7302 3603 7302 3760 7303 3843 7303 3785 7303 3761 7304 3787 7304 624 7304 3853 7305 3840 7305 3730 7305 3788 7306 3766 7306 3765 7306 3762 7307 3766 7307 3788 7307 3766 7308 3762 7308 3737 7308 3701 7309 3695 7309 3767 7309 3790 7310 3700 7310 3696 7310 3790 7311 3701 7311 3700 7311 3768 7312 3700 7312 3701 7312 3768 7313 3702 7313 3769 7313 3770 7314 3702 7314 3768 7314 3711 7315 3771 7315 3772 7315 3869 7316 3802 7316 3806 7316 3719 7317 3867 7317 3807 7317 3774 7318 3800 7318 3804 7318 3775 7319 3796 7319 3797 7319 3775 7320 3797 7320 3873 7320 3872 7321 3725 7321 3724 7321 3776 7322 3812 7322 3728 7322 3877 7323 3778 7323 3815 7323 3572 7324 3820 7324 3571 7324 3822 7325 3739 7325 3882 7325 3827 7326 3573 7326 3823 7326 3829 7327 3739 7327 3810 7327 3829 7328 3830 7328 3739 7328 3829 7329 3810 7329 3728 7329 3835 7330 3704 7330 3578 7330 3834 7331 3609 7331 3607 7331 3841 7332 3833 7332 3745 7332 3624 7333 3782 7333 3887 7333 3759 7334 3617 7334 3832 7334 3726 7335 3627 7335 3758 7335 3726 7336 3626 7336 3627 7336 3838 7337 3759 7337 3603 7337 3762 7338 3788 7338 3844 7338 3785 7339 585 7339 584 7339 3761 7340 624 7340 3847 7340 3894 7341 3895 7341 3786 7341 3652 7342 3895 7342 3850 7342 3853 7343 3730 7343 3788 7343 3763 7344 589 7344 3764 7344 3900 7345 3854 7345 3765 7345 3660 7346 3855 7346 3789 7346 3701 7347 3767 7347 3791 7347 3792 7348 3791 7348 3767 7348 3701 7349 3790 7349 3695 7349 3790 7350 3696 7350 3695 7350 3701 7351 3791 7351 3768 7351 3768 7352 3857 7352 3770 7352 3796 7353 3769 7353 3702 7353 3702 7354 3795 7354 3863 7354 3702 7355 3802 7355 3796 7355 3667 7356 3666 7356 3663 7356 3802 7357 3797 7357 3796 7357 3802 7358 3800 7358 3797 7358 3756 7359 3719 7359 3863 7359 3773 7360 3799 7360 3711 7360 3674 7361 3756 7361 3865 7361 3711 7362 3772 7362 3803 7362 3867 7363 3719 7363 3756 7363 3804 7364 3802 7364 3869 7364 3805 7365 3773 7365 3803 7365 3805 7366 3803 7366 3775 7366 3775 7367 3769 7367 3796 7367 3775 7368 3803 7368 3769 7368 3867 7369 3906 7369 3807 7369 3681 7370 3904 7370 3873 7370 3873 7371 3805 7371 3775 7371 3871 7372 3680 7372 3676 7372 3808 7373 3870 7373 3681 7373 3728 7374 3810 7374 3776 7374 3811 7375 3875 7375 3820 7375 3687 7376 3880 7376 3818 7376 3817 7377 3777 7377 3728 7377 3878 7378 3736 7378 3817 7378 3815 7379 3814 7379 3877 7379 3875 7380 3818 7380 3820 7380 3818 7381 3880 7381 3779 7381 3571 7382 3820 7382 3818 7382 3780 7383 3819 7383 3583 7383 3817 7384 3780 7384 3777 7384 3571 7385 3818 7385 3779 7385 3779 7386 3698 7386 3571 7386 3570 7387 3692 7387 3883 7387 3882 7388 3830 7388 3826 7388 3827 7389 3823 7389 3826 7389 3827 7390 3826 7390 3830 7390 3825 7391 3833 7391 3819 7391 3829 7392 3827 7392 3830 7392 3828 7393 3824 7393 3573 7393 3751 7394 3827 7394 3584 7394 3829 7395 3584 7395 3827 7395 3568 7396 3578 7396 3574 7396 3584 7397 3829 7397 3729 7397 3584 7398 3831 7398 3751 7398 3745 7399 3825 7399 3574 7399 3729 7400 3583 7400 3584 7400 3703 7401 3575 7401 3580 7401 3831 7402 3583 7402 3586 7402 3586 7403 3583 7403 3819 7403 3833 7404 3841 7404 3586 7404 3832 7405 3607 7405 3603 7405 3884 7406 3608 7406 3597 7406 3591 7407 3717 7407 3884 7407 3594 7408 3717 7408 3591 7408 3781 7409 3835 7409 3599 7409 3781 7410 3609 7410 3834 7410 3839 7411 3622 7411 3720 7411 3731 7412 3716 7412 3886 7412 3840 7413 3782 7413 3730 7413 3617 7414 3841 7414 3745 7414 3842 7415 3606 7415 3726 7415 3783 7416 3615 7416 3617 7416 3887 7417 3782 7417 3611 7417 3758 7418 3887 7418 3842 7418 3636 7419 3783 7419 3759 7419 3843 7420 3844 7420 3624 7420 3844 7421 3788 7421 3730 7421 3624 7422 3785 7422 3843 7422 3636 7423 3759 7423 3639 7423 3760 7424 3844 7424 3843 7424 3785 7425 3624 7425 3632 7425 3635 7426 3785 7426 3632 7426 3760 7427 3762 7427 3844 7427 3847 7428 3784 7428 3888 7428 3641 7429 585 7429 3635 7429 3784 7430 624 7430 3641 7430 3845 7431 3847 7431 3888 7431 3849 7432 3838 7432 3840 7432 3646 7433 3785 7433 3846 7433 584 7434 3846 7434 3785 7434 3845 7435 3761 7435 3847 7435 3849 7436 3840 7436 3853 7436 3647 7437 3848 7437 3735 7437 3845 7438 3894 7438 3786 7438 3849 7439 3853 7439 3848 7439 3653 7440 3656 7440 3892 7440 3895 7441 3896 7441 3786 7441 3764 7442 589 7442 3787 7442 584 7443 3763 7443 3846 7443 3895 7444 3651 7444 3896 7444 3896 7445 3764 7445 3787 7445 3658 7446 3650 7446 3648 7446 3897 7447 3788 7447 3765 7447 3900 7448 3660 7448 3854 7448 3656 7449 3651 7449 3652 7449 3656 7450 3655 7450 3651 7450 3659 7451 3657 7451 3654 7451 3857 7452 3791 7452 3792 7452 3857 7453 3768 7453 3791 7453 3857 7454 3792 7454 3902 7454 3859 7455 3792 7455 3901 7455 3902 7456 3770 7456 3857 7456 3669 7457 3858 7457 3794 7457 3862 7458 3902 7458 3859 7458 3862 7459 3770 7459 3902 7459 3795 7460 3770 7460 3862 7460 3795 7461 3702 7461 3770 7461 3865 7462 3862 7462 3859 7462 3665 7463 3669 7463 3860 7463 3664 7464 3865 7464 3859 7464 3670 7465 3861 7465 3798 7465 3669 7466 3665 7466 3671 7466 3863 7467 3802 7467 3702 7467 3756 7468 3862 7468 3865 7468 3672 7469 3673 7469 3666 7469 3673 7470 3674 7470 3664 7470 3802 7471 3863 7471 3806 7471 3719 7472 3806 7472 3863 7472 3799 7473 3773 7473 3903 7473 3868 7474 3801 7474 3866 7474 3867 7475 3756 7475 3674 7475 3773 7476 3711 7476 3803 7476 3804 7477 3800 7477 3802 7477 3676 7478 3905 7478 3801 7478 3684 7479 3867 7479 3674 7479 3686 7480 3684 7480 3674 7480 3774 7481 3804 7481 3725 7481 3806 7482 3719 7482 3807 7482 3724 7483 3806 7483 3807 7483 3725 7484 3869 7484 3724 7484 3725 7485 3804 7485 3869 7485 3774 7486 3725 7486 3822 7486 3822 7487 3725 7487 3739 7487 3871 7488 3741 7488 3870 7488 3871 7489 3870 7489 3813 7489 3807 7490 3906 7490 3907 7490 3907 7491 3724 7491 3807 7491 3906 7492 3684 7492 3875 7492 3813 7493 3870 7493 3808 7493 3688 7494 3680 7494 3874 7494 3813 7495 3874 7495 3871 7495 3814 7496 3808 7496 3681 7496 3814 7497 3681 7497 3873 7497 3812 7498 3872 7498 3907 7498 3876 7499 3907 7499 3811 7499 3873 7500 3797 7500 3877 7500 3744 7501 3749 7501 3689 7501 3877 7502 3814 7502 3873 7502 3880 7503 3809 7503 3689 7503 3878 7504 3812 7504 3876 7504 3877 7505 3797 7505 3800 7505 3877 7506 3800 7506 3778 7506 3876 7507 3811 7507 3820 7507 3875 7508 3687 7508 3818 7508 3817 7509 3812 7509 3878 7509 3812 7510 3817 7510 3728 7510 3881 7511 3814 7511 3815 7511 3690 7512 3880 7512 3689 7512 3879 7513 3878 7513 3876 7513 3878 7514 3879 7514 3736 7514 3908 7515 3883 7515 3816 7515 3569 7516 3779 7516 3880 7516 3823 7517 3908 7517 3881 7517 3820 7518 3879 7518 3876 7518 3734 7519 3881 7519 3815 7519 3881 7520 3734 7520 3882 7520 3566 7521 3780 7521 3817 7521 3568 7522 3566 7522 3817 7522 3820 7523 3567 7523 3879 7523 3822 7524 3734 7524 3821 7524 3566 7525 3825 7525 3819 7525 3566 7526 3819 7526 3780 7526 3823 7527 3824 7527 3908 7527 3826 7528 3881 7528 3882 7528 3826 7529 3823 7529 3881 7529 3822 7530 3821 7530 3774 7530 3734 7531 3822 7531 3882 7531 3572 7532 3567 7532 3820 7532 3824 7533 3823 7533 3573 7533 3825 7534 3566 7534 3574 7534 3828 7535 3570 7535 3883 7535 3566 7536 3568 7536 3574 7536 3751 7537 3573 7537 3827 7537 3587 7538 3828 7538 3573 7538 3585 7539 3567 7539 3705 7539 3703 7540 3572 7540 3575 7540 3574 7541 3704 7541 3745 7541 3707 7542 3580 7542 3706 7542 3578 7543 3709 7543 3835 7543 3885 7544 3831 7544 3586 7544 3591 7545 3587 7545 3588 7545 3591 7546 3589 7546 3587 7546 3591 7547 3588 7547 3594 7547 3596 7548 3594 7548 3588 7548 3593 7549 3706 7549 3581 7549 3835 7550 3834 7550 3704 7550 3586 7551 3819 7551 3833 7551 3598 7552 3706 7552 3593 7552 3595 7553 3594 7553 3596 7553 3709 7554 3599 7554 3835 7554 3607 7555 3832 7555 3834 7555 3605 7556 3713 7556 3600 7556 3605 7557 3839 7557 3713 7557 3594 7558 3595 7558 3615 7558 3781 7559 3834 7559 3835 7559 3606 7560 3781 7560 3599 7560 3604 7561 3606 7561 3599 7561 3885 7562 3841 7562 3837 7562 3885 7563 3837 7563 3595 7563 3604 7564 3612 7564 3606 7564 3753 7565 3886 7565 3836 7565 3611 7566 3603 7566 3607 7566 3611 7567 3607 7567 3609 7567 3603 7568 3840 7568 3838 7568 3603 7569 3611 7569 3840 7569 3602 7570 3886 7570 3716 7570 3616 7571 3715 7571 3610 7571 3616 7572 3612 7572 3715 7572 3887 7573 3781 7573 3842 7573 3837 7574 3841 7574 3617 7574 3615 7575 3783 7575 3620 7575 3782 7576 3840 7576 3611 7576 3619 7577 3612 7577 3616 7577 3726 7578 3612 7578 3619 7578 3722 7579 3731 7579 3886 7579 3758 7580 3842 7580 3726 7580 3782 7581 3844 7581 3730 7581 3782 7582 3624 7582 3844 7582 3754 7583 3637 7583 3629 7583 3634 7584 3783 7584 3636 7584 3635 7585 3627 7585 3626 7585 3635 7586 3632 7586 3627 7586 3890 7587 3888 7587 3628 7587 3888 7588 3623 7588 3628 7588 3888 7589 3784 7589 3623 7589 3638 7590 3630 7590 3637 7590 3759 7591 3838 7591 3639 7591 3889 7592 3629 7592 3634 7592 3635 7593 3626 7593 3641 7593 3629 7594 3732 7594 3754 7594 3629 7595 3889 7595 3732 7595 3889 7596 3634 7596 3636 7596 3784 7597 3641 7597 3626 7597 3635 7598 585 7598 3785 7598 3762 7599 3760 7599 3646 7599 3891 7600 3890 7600 3633 7600 3646 7601 3760 7601 3785 7601 3838 7602 3849 7602 3639 7602 3890 7603 3845 7603 3888 7603 3639 7604 3848 7604 3636 7604 3639 7605 3849 7605 3848 7605 3891 7606 3845 7606 3890 7606 3892 7607 3633 7607 3642 7607 3892 7608 3891 7608 3633 7608 3640 7609 3645 7609 3733 7609 3892 7610 3894 7610 3891 7610 3894 7611 3845 7611 3891 7611 3761 7612 3845 7612 3786 7612 3892 7613 3850 7613 3894 7613 3647 7614 3735 7614 3732 7614 3761 7615 3786 7615 3787 7615 3850 7616 3892 7616 3656 7616 3852 7617 3643 7617 3732 7617 3762 7618 3646 7618 3737 7618 3787 7619 3786 7619 3896 7619 3733 7620 3649 7620 3653 7620 3648 7621 3852 7621 3854 7621 3655 7622 3653 7622 3649 7622 3897 7623 3853 7623 3788 7623 3654 7624 3649 7624 3650 7624 3735 7625 3897 7625 3854 7625 3660 7626 3658 7626 3648 7626 3655 7627 3656 7627 3653 7627 3657 7628 3655 7628 3649 7628 3896 7629 3651 7629 3898 7629 3658 7630 3654 7630 3650 7630 3765 7631 3766 7631 3661 7631 3855 7632 3900 7632 3661 7632 3737 7633 3661 7633 3766 7633 3855 7634 3660 7634 3900 7634 3737 7635 3856 7635 3661 7635 3859 7636 3902 7636 3792 7636 3663 7637 3662 7637 3793 7637 3901 7638 3662 7638 3664 7638 3858 7639 3663 7639 3793 7639 3664 7640 3859 7640 3901 7640 3662 7641 3666 7641 3664 7641 3668 7642 3663 7642 3858 7642 3860 7643 3861 7643 3866 7643 3664 7644 3674 7644 3865 7644 3670 7645 3868 7645 3866 7645 3670 7646 3798 7646 3868 7646 3667 7647 3672 7647 3666 7647 3665 7648 3866 7648 3801 7648 3801 7649 3671 7649 3665 7649 3868 7650 3798 7650 3740 7650 3903 7651 3740 7651 3864 7651 3799 7652 3903 7652 3864 7652 3679 7653 3671 7653 3677 7653 3672 7654 3683 7654 3673 7654 3801 7655 3868 7655 3676 7655 3805 7656 3903 7656 3773 7656 3805 7657 3904 7657 3903 7657 3683 7658 3672 7658 3742 7658 3686 7659 3673 7659 3683 7659 3686 7660 3674 7660 3673 7660 3870 7661 3741 7661 3904 7661 3675 7662 3679 7662 3682 7662 3675 7663 3682 7663 3744 7663 3904 7664 3805 7664 3873 7664 3870 7665 3904 7665 3681 7665 3678 7666 3675 7666 3744 7666 3677 7667 3743 7667 3682 7667 3743 7668 3905 7668 3680 7668 3683 7669 3809 7669 3686 7669 3680 7670 3871 7670 3874 7670 3809 7671 3683 7671 3742 7671 3875 7672 3811 7672 3906 7672 3749 7673 3744 7673 3746 7673 3872 7674 3812 7674 3776 7674 3747 7675 3685 7675 3688 7675 3876 7676 3812 7676 3907 7676 3813 7677 3808 7677 3908 7677 3813 7678 3908 7678 3816 7678 3691 7679 3747 7679 3748 7679 3821 7680 3778 7680 3800 7680 3690 7681 3569 7681 3880 7681 3568 7682 3817 7682 3736 7682 3693 7683 3568 7683 3736 7683 3879 7684 3693 7684 3736 7684 3883 7685 3908 7685 3824 7685 3799 7686 3771 7686 3711 7686 3771 7687 3695 7687 3696 7687 3864 7688 3695 7688 3799 7688 3799 7689 3695 7689 3771 7689 3798 7690 3861 7690 3864 7690 3670 7691 3866 7691 3861 7691 3695 7692 3792 7692 3767 7692 3861 7693 3860 7693 3864 7693 3669 7694 3794 7694 3860 7694 3864 7695 3793 7695 3695 7695 3858 7696 3793 7696 3794 7696 3860 7697 3793 7697 3864 7697 3794 7698 3793 7698 3860 7698 3695 7699 3901 7699 3792 7699 3793 7700 3901 7700 3695 7700 3901 7701 3793 7701 3662 7701 3846 7702 3851 7702 3646 7702 3846 7703 3763 7703 3851 7703 3851 7704 3737 7704 3646 7704 3763 7705 3737 7705 3851 7705 3856 7706 3855 7706 3661 7706 3737 7707 3855 7707 3856 7707 3896 7708 3898 7708 3764 7708 3763 7709 3651 7709 3737 7709 3898 7710 3651 7710 3764 7710 3764 7711 3651 7711 3763 7711 3855 7712 3659 7712 3789 7712 3659 7713 3899 7713 3657 7713 3659 7714 3655 7714 3899 7714 3651 7715 3655 7715 3737 7715 3855 7716 3655 7716 3659 7716 3737 7717 3655 7717 3855 7717 3655 7718 3657 7718 3899 7718 3911 7719 3910 7719 3909 7719 404 7720 3912 7720 3910 7720 404 7721 406 7721 3912 7721 402 7722 404 7722 3910 7722 408 7723 3912 7723 406 7723 408 7724 3913 7724 3912 7724 411 7725 3913 7725 408 7725 399 7726 402 7726 3910 7726 411 7727 3914 7727 3913 7727 411 7728 3915 7728 3914 7728 399 7729 3910 7729 3916 7729 413 7730 3917 7730 3915 7730 413 7731 3915 7731 411 7731 413 7732 3918 7732 3917 7732 413 7733 3919 7733 3918 7733 397 7734 399 7734 3916 7734 413 7735 3920 7735 3919 7735 415 7736 3921 7736 3920 7736 415 7737 3920 7737 413 7737 395 7738 397 7738 3916 7738 395 7739 3916 7739 3922 7739 415 7740 3923 7740 3921 7740 395 7741 3922 7741 3924 7741 415 7742 3925 7742 3923 7742 395 7743 3924 7743 3926 7743 417 7744 3927 7744 3925 7744 417 7745 3925 7745 415 7745 393 7746 3926 7746 3928 7746 393 7747 395 7747 3926 7747 417 7748 3929 7748 3927 7748 393 7749 3928 7749 3930 7749 390 7750 3930 7750 3931 7750 390 7751 393 7751 3930 7751 419 7752 3933 7752 3929 7752 419 7753 3929 7753 417 7753 390 7754 3931 7754 3932 7754 389 7755 390 7755 3932 7755 419 7756 3934 7756 3933 7756 389 7757 3932 7757 3935 7757 389 7758 3935 7758 3937 7758 419 7759 3936 7759 3934 7759 420 7760 3936 7760 419 7760 420 7761 3938 7761 3936 7761 387 7762 3937 7762 3939 7762 387 7763 389 7763 3937 7763 422 7764 3938 7764 420 7764 387 7765 3939 7765 3940 7765 3941 7766 3938 7766 422 7766 3942 7767 3941 7767 422 7767 3943 7768 387 7768 3940 7768 3944 7769 3942 7769 422 7769 3945 7770 384 7770 387 7770 3945 7771 387 7771 3943 7771 3944 7772 422 7772 425 7772 3947 7773 384 7773 3945 7773 3946 7774 425 7774 427 7774 3946 7775 3944 7775 425 7775 3948 7776 382 7776 384 7776 3948 7777 384 7777 3947 7777 3949 7778 380 7778 382 7778 3949 7779 382 7779 3948 7779 3950 7780 380 7780 3949 7780 3951 7781 378 7781 380 7781 3951 7782 380 7782 3950 7782 3946 7783 428 7783 430 7783 3946 7784 427 7784 428 7784 3952 7785 378 7785 3951 7785 3953 7786 376 7786 378 7786 3953 7787 378 7787 3952 7787 3954 7788 376 7788 3953 7788 3955 7789 446 7789 376 7789 3955 7790 376 7790 3954 7790 3956 7791 446 7791 3955 7791 3957 7792 446 7792 3956 7792 3957 7793 444 7793 446 7793 3958 7794 444 7794 3957 7794 3959 7795 444 7795 3958 7795 3960 7796 444 7796 3959 7796 3960 7797 441 7797 444 7797 3961 7798 441 7798 3960 7798 3963 7799 435 7799 436 7799 3962 7800 435 7800 3963 7800 3962 7801 433 7801 435 7801 3964 7802 3963 7802 436 7802 3964 7803 436 7803 440 7803 3965 7804 441 7804 3961 7804 3966 7805 3964 7805 440 7805 3965 7806 440 7806 441 7806 3968 7807 440 7807 3965 7807 3967 7808 3966 7808 440 7808 3968 7809 3967 7809 440 7809 3969 7810 433 7810 3962 7810 3969 7811 431 7811 433 7811 3969 7812 430 7812 431 7812 3969 7813 3946 7813 430 7813 134 7814 3912 7814 3913 7814 132 7815 134 7815 3913 7815 132 7816 3913 7816 3914 7816 130 7817 132 7817 3914 7817 128 7818 3914 7818 3915 7818 128 7819 130 7819 3914 7819 128 7820 3915 7820 3917 7820 126 7821 128 7821 3917 7821 124 7822 3917 7822 3918 7822 124 7823 126 7823 3917 7823 122 7824 124 7824 3918 7824 122 7825 3918 7825 3919 7825 120 7826 122 7826 3919 7826 118 7827 120 7827 3919 7827 118 7828 3919 7828 3920 7828 116 7829 118 7829 3920 7829 116 7830 3920 7830 3921 7830 114 7831 116 7831 3921 7831 114 7832 3921 7832 3923 7832 112 7833 114 7833 3923 7833 112 7834 3923 7834 3925 7834 110 7835 3925 7835 3927 7835 110 7836 112 7836 3925 7836 107 7837 3927 7837 3929 7837 107 7838 110 7838 3927 7838 103 7839 3929 7839 3933 7839 103 7840 107 7840 3929 7840 100 7841 103 7841 3933 7841 94 7842 3933 7842 3934 7842 94 7843 100 7843 3933 7843 92 7844 94 7844 3934 7844 92 7845 3934 7845 3936 7845 90 7846 3936 7846 3938 7846 90 7847 92 7847 3936 7847 87 7848 3938 7848 3941 7848 87 7849 90 7849 3938 7849 83 7850 87 7850 3941 7850 80 7851 3941 7851 3942 7851 80 7852 83 7852 3941 7852 77 7853 80 7853 3942 7853 77 7854 3942 7854 3944 7854 70 7855 77 7855 3944 7855 3910 7856 3912 7856 139 7856 139 7857 3912 7857 134 7857 135 7858 3916 7858 137 7858 137 7859 3916 7859 3910 7859 18 7860 3964 7860 3966 7860 18 7861 25 7861 3964 7861 15 7862 18 7862 3966 7862 15 7863 3966 7863 3967 7863 9 7864 15 7864 3967 7864 9 7865 3967 7865 3968 7865 12 7866 9 7866 3968 7866 12 7867 3968 7867 3965 7867 19 7868 12 7868 3965 7868 26 7869 19 7869 3965 7869 26 7870 3965 7870 3961 7870 28 7871 26 7871 3961 7871 28 7872 3961 7872 3960 7872 32 7873 28 7873 3960 7873 32 7874 3960 7874 3959 7874 34 7875 32 7875 3959 7875 34 7876 3959 7876 3958 7876 36 7877 34 7877 3958 7877 38 7878 36 7878 3958 7878 38 7879 3958 7879 3957 7879 41 7880 38 7880 3957 7880 41 7881 3957 7881 3956 7881 43 7882 41 7882 3956 7882 43 7883 3956 7883 3955 7883 45 7884 3955 7884 3954 7884 45 7885 43 7885 3955 7885 48 7886 45 7886 3954 7886 50 7887 3954 7887 3953 7887 50 7888 48 7888 3954 7888 52 7889 3953 7889 3952 7889 52 7890 50 7890 3953 7890 55 7891 52 7891 3952 7891 55 7892 3952 7892 3951 7892 59 7893 55 7893 3951 7893 59 7894 3951 7894 3950 7894 61 7895 59 7895 3950 7895 61 7896 3950 7896 3949 7896 63 7897 61 7897 3949 7897 63 7898 3949 7898 3948 7898 65 7899 63 7899 3948 7899 65 7900 3948 7900 3947 7900 71 7901 65 7901 3947 7901 71 7902 3947 7902 3945 7902 74 7903 71 7903 3945 7903 74 7904 3945 7904 3943 7904 78 7905 74 7905 3943 7905 78 7906 3943 7906 3940 7906 84 7907 78 7907 3940 7907 88 7908 84 7908 3940 7908 88 7909 3940 7909 3939 7909 98 7910 88 7910 3939 7910 98 7911 3939 7911 3937 7911 97 7912 98 7912 3937 7912 97 7913 3937 7913 3935 7913 96 7914 3935 7914 3932 7914 96 7915 97 7915 3935 7915 101 7916 96 7916 3932 7916 101 7917 3932 7917 3931 7917 105 7918 3931 7918 3930 7918 105 7919 101 7919 3931 7919 147 7920 3930 7920 3928 7920 147 7921 105 7921 3930 7921 146 7922 3926 7922 3924 7922 146 7923 3928 7923 3926 7923 146 7924 147 7924 3928 7924 145 7925 146 7925 3924 7925 144 7926 3924 7926 3922 7926 144 7927 145 7927 3924 7927 143 7928 144 7928 3922 7928 135 7929 143 7929 3922 7929 135 7930 3922 7930 3916 7930 3969 7931 3962 7931 24 7931 24 7932 3962 7932 23 7932 3969 7933 24 7933 3946 7933 3946 7934 24 7934 67 7934 137 7935 3910 7935 3911 7935 138 7936 137 7936 3911 7936 138 7937 3911 7937 3909 7937 142 7938 138 7938 3909 7938 139 7939 3909 7939 3910 7939 139 7940 142 7940 3909 7940 3946 7941 67 7941 3944 7941 67 7942 70 7942 3944 7942 3964 7943 25 7943 3963 7943 3963 7944 25 7944 3962 7944 25 7945 23 7945 3962 7945 7 7946 2 7946 2637 7946 2 7947 4 7947 3 7947 7 7948 4 7948 2 7948 5 7949 4 7949 7 7949 2637 7950 1 7950 2638 7950 6 7951 2639 7951 2640 7951 3971 7952 3972 7952 3970 7952 3995 7953 3973 7953 3972 7953 3975 7954 3971 7954 3985 7954 3975 7955 3972 7955 3971 7955 3976 7956 3994 7956 3995 7956 3976 7957 3974 7957 3994 7957 3976 7958 3972 7958 3975 7958 3976 7959 3993 7959 3974 7959 3976 7960 3995 7960 3972 7960 3989 7961 3992 7961 3993 7961 3989 7962 3993 7962 3976 7962 3991 7963 3977 7963 3992 7963 3991 7964 3992 7964 3989 7964 3978 7965 3991 7965 3989 7965 3978 7966 3979 7966 3991 7966 3978 7967 3990 7967 3979 7967 3981 7968 3982 7968 3988 7968 3983 7969 3982 7969 3981 7969 3990 7970 3982 7970 3983 7970 3980 7971 3982 7971 3990 7971 3984 7972 3982 7972 3980 7972 3985 7973 3982 7973 3984 7973 3986 7974 3982 7974 3985 7974 3970 7975 3982 7975 3986 7975 3987 7976 3982 7976 3970 7976 3988 7977 3982 7977 3987 7977 3976 7978 3984 7978 3989 7978 3984 7979 3980 7979 3989 7979 3979 7980 3990 7980 3991 7980 3990 7981 3983 7981 3991 7981 3991 7982 3983 7982 3977 7982 3977 7983 3983 7983 3992 7983 3992 7984 3983 7984 3993 7984 3983 7985 3981 7985 3993 7985 3993 7986 3981 7986 3974 7986 3981 7987 3988 7987 3974 7987 3974 7988 3988 7988 3994 7988 3994 7989 3988 7989 3995 7989 3995 7990 3987 7990 3973 7990 3988 7991 3987 7991 3995 7991 3973 7992 3987 7992 3972 7992 3987 7993 3970 7993 3972 7993 3985 7994 3984 7994 3975 7994 3975 7995 3984 7995 3976 7995 3989 7996 3980 7996 3978 7996 3980 7997 3990 7997 3978 7997 3970 7998 3986 7998 3971 7998 3986 7999 3985 7999 3971 7999</p>
                </triangles>
            </mesh>
        </geometry>
    </library_geometries>
    <library_visual_scenes>
        <visual_scene id="VisualSceneNode" name="VisualScene">
            <node id="node" name="node">
                <instance_geometry url="#shape0-lib"/>
            </node>
        </visual_scene>
    </library_visual_scenes>
    <scene>
        <instance_visual_scene url="#VisualSceneNode"/>
    </scene>
</COLLADA>
