<?xml version="1.0" encoding="UTF-8"?>
<COLLADA xmlns="http://www.collada.org/2005/11/COLLADASchema" version="1.4.1">
    <asset>
        <contributor>
            <author>VCGLab</author>
            <authoring_tool>VCGLib | MeshLab</authoring_tool>
        </contributor>
        <created>Mi. Jan. 4 12:01:09 2023 GMT</created>
        <modified>Mi. Jan. 4 12:01:09 2023 GMT</modified>
        <up_axis>Y_UP</up_axis>
    </asset>
    <library_geometries>
        <geometry id="shape0-lib" name="shape0">
            <mesh>
                <source id="shape0-lib-positions" name="position">
                    <float_array id="shape0-lib-positions-array" count="3000">-0.0203 -0.00176953 -0.035456 -0.0203 1.34e-16 -0.0355 -0.000300035 1.38e-16 -0.0355 -0.000300035 -0.00176953 -0.035456 -0.0203 -0.00353466 -0.035324 -0.000300035 -0.00353466 -0.035324 -0.0203 -0.005291 -0.0351039 -0.000300035 -0.005291 -0.0351039 -0.0203 -0.00703419 -0.034796 -0.000300035 -0.00703419 -0.034796 -0.0203 -0.00875989 -0.034402 -0.000300035 -0.00875989 -0.034402 -0.0203 -0.0104638 -0.0339229 -0.000300035 -0.0104638 -0.0339229 -0.0203 -0.0121417 -0.033359 -0.000300035 -0.0121417 -0.033359 -0.0203 -0.0137894 -0.032712 -0.000300035 -0.0137894 -0.032712 -0.0203 -0.0154029 -0.031984 -0.000300035 -0.0154029 -0.031984 -0.0203 -0.016978 -0.031177 -0.000300035 -0.016978 -0.031177 -0.0203 -0.018511 -0.0302919 -0.000300035 -0.018511 -0.0302919 -0.0203 -0.0199979 -0.029331 -0.000300035 -0.0199979 -0.029331 -0.0203 -0.0214351 -0.0282981 -0.000300035 -0.0214351 -0.0282981 -0.0203 -0.022819 -0.027195 -0.000300035 -0.022819 -0.027195 -0.0203 -0.0241461 -0.0260229 -0.000300035 -0.0241461 -0.0260229 -0.000300035 -0.0254133 -0.024787 -0.0203 -0.0254133 -0.024787 -0.0203 -0.0266172 -0.02349 -0.000300035 -0.0266172 -0.02349 -0.0203 -0.027755 -0.022134 -0.000300035 -0.027755 -0.022134 -0.0203 -0.0288238 -0.020723 -0.000300035 -0.0288238 -0.020723 -0.0203 -0.0298209 -0.01926 -0.000300035 -0.0298209 -0.01926 -0.000300035 -0.0307439 -0.0177501 -0.0203 -0.0307439 -0.0177501 -0.0203 -0.0315905 -0.016195 -0.000300035 -0.0315905 -0.016195 -0.0203 -0.0323585 -0.014601 -0.000300035 -0.0323585 -0.014601 -0.000300035 -0.033046 -0.01297 -0.0203 -0.033046 -0.01297 -0.000300035 -0.0336514 -0.011306 -0.0203 -0.0336514 -0.011306 -0.0203 -0.0341732 -0.00961497 -0.000300035 -0.0341732 -0.00961497 -0.000300035 -0.0346099 -0.00790003 -0.0203 -0.0346099 -0.00790003 -0.0203 -0.0349607 -0.00616494 -0.000300035 -0.0349607 -0.00616494 -0.000300035 -0.0352245 -0.00441399 -0.0203 -0.0352245 -0.00441399 -0.0203 -0.0354007 -0.00265303 -0.000300035 -0.0354007 -0.00265303 -0.0203 -0.035489 -0.00088504 -0.000300035 -0.035489 -0.00088504 -0.0203 -0.035489 0.00088498 -0.000300035 -0.035489 0.00088498 -0.000300035 -0.0354007 0.00265297 -0.0203 -0.0354007 0.00265297 -0.0203 -0.0352245 0.00441405 -0.000300035 -0.0352245 0.00441405 -0.0203 -0.0349607 0.006165 -0.000300035 -0.0349607 0.006165 -0.0203 -0.0346099 0.00789997 -0.000300035 -0.0346099 0.00789997 -0.0203 -0.0341732 0.00961503 -0.000300035 -0.0341732 0.00961503 -0.000300035 -0.0336514 0.011306 -0.0203 -0.0336514 0.011306 -0.000300035 -0.033046 0.0129701 -0.0203 -0.033046 0.0129701 -0.0203 -0.0323585 0.014601 -0.000300035 -0.0323585 0.014601 -0.0203 -0.0315905 0.016195 -0.000300035 -0.0315905 0.016195 -0.000300035 -0.0307439 0.01775 -0.0203 -0.0307439 0.01775 -0.0203 -0.0298209 0.01926 -0.000300035 -0.0298209 0.01926 -0.0203 -0.0288238 0.020723 -0.000300035 -0.0288238 0.020723 -0.000300035 -0.027755 0.022134 -0.0203 -0.027755 0.022134 -0.0203 -0.0266172 0.02349 -0.000300035 -0.0266172 0.02349 -0.000300035 -0.0254133 0.024787 -0.0203 -0.0254133 0.024787 -0.0203 -0.0241461 0.026023 -0.000300035 -0.0241461 0.026023 -0.0203 -0.022819 0.0271949 -0.000300035 -0.022819 0.0271949 -0.0203 -0.0214351 0.028298 -0.000300035 -0.0214351 0.028298 -0.000300035 -0.0199979 0.0293311 -0.0203 -0.0199979 0.0293311 -0.0203 -0.018511 0.030292 -0.000300035 -0.018511 0.030292 -0.0203 -0.016978 0.031177 -0.000300035 -0.016978 0.031177 -0.0203 -0.0154029 0.0319841 -0.000300035 -0.0154029 0.0319841 -0.000300035 -0.0137894 0.032712 -0.0203 -0.0137894 0.032712 -0.0203 -0.0121417 0.033359 -0.000300035 -0.0121417 0.033359 -0.0203 -0.0104638 0.033923 -0.000300035 -0.0104638 0.033923 -0.000300035 -0.00875989 0.034402 -0.0203 -0.00875989 0.034402 -0.0203 -0.00703419 0.034796 -0.000300035 -0.00703419 0.034796 -0.0203 -0.005291 0.035104 -0.000300035 -0.005291 0.035104 -0.0203 -0.00353466 0.0353239 -0.000300035 -0.00353466 0.0353239 -0.0203 -0.00176953 0.035456 -0.000300035 -0.00176953 0.035456 -0.000300035 2.55774e-16 0.0355 -0.0203 1.38e-16 0.0355 -0.0203 0.00176953 0.035456 -0.000300035 0.00176953 0.035456 -0.0203 0.00353466 0.0353239 -0.000300035 0.00353466 0.0353239 -0.0203 0.005291 0.035104 -0.000300035 0.005291 0.035104 -0.0203 0.00703419 0.034796 -0.000300035 0.00703419 0.034796 -0.0203 0.00875989 0.034402 -0.000300035 0.00875989 0.034402 -0.0203 0.0104638 0.033923 -0.000300035 0.0104638 0.033923 -0.0203 0.0121417 0.033359 -0.000300035 0.0121417 0.033359 -0.0203 0.0137894 0.032712 -0.000300035 0.0137894 0.032712 -0.0203 0.0154029 0.0319841 -0.000300035 0.0154029 0.0319841 -0.0203 0.016978 0.031177 -0.000300035 0.016978 0.031177 -0.0203 0.018511 0.030292 -0.000300035 0.018511 0.030292 -0.0203 0.0199979 0.0293311 -0.000300035 0.0199979 0.0293311 -0.0203 0.0214351 0.028298 -0.000300035 0.0214351 0.028298 -0.0203 0.022819 0.0271949 -0.000300035 0.022819 0.0271949 -0.0203 0.0241461 0.026023 -0.000300035 0.0241461 0.026023 -0.0203 0.0254133 0.024787 -0.000300035 0.0254133 0.024787 -0.0203 0.0266172 0.02349 -0.000300035 0.0266172 0.02349 -0.0203 0.027755 0.022134 -0.000300035 0.027755 0.022134 -0.0203 0.0288238 0.020723 -0.000300035 0.0288238 0.020723 -0.0203 0.0298209 0.01926 -0.000300035 0.0298209 0.01926 -0.0203 0.0307439 0.01775 -0.000300035 0.0307439 0.01775 -0.0203 0.0315905 0.016195 -0.000300035 0.0315905 0.016195 -0.0203 0.0323585 0.014601 -0.000300035 0.0323585 0.014601 -0.0203 0.033046 0.0129701 -0.000300035 0.033046 0.0129701 -0.0203 0.0336514 0.011306 -0.000300035 0.0336514 0.011306 -0.0203 0.0341732 0.00961503 -0.000300035 0.0341732 0.00961503 -0.0203 0.0346099 0.00789997 -0.000300035 0.0346099 0.00789997 -0.0203 0.0349607 0.006165 -0.000300035 0.0349607 0.006165 -0.0203 0.0352245 0.00441405 -0.000300035 0.0352245 0.00441405 -0.0203 0.0354007 0.00265297 -0.000300035 0.0354007 0.00265297 -0.0203 0.035489 0.00088498 -0.000300035 0.035489 0.00088498 -0.0203 0.035489 -0.00088504 -0.000300035 0.035489 -0.00088504 -0.0203 0.0354007 -0.00265303 -0.000300035 0.0354007 -0.00265303 -0.0203 0.0352245 -0.00441399 -0.000300035 0.0352245 -0.00441399 -0.0203 0.0349607 -0.00616494 -0.000300035 0.0349607 -0.00616494 -0.0203 0.0346099 -0.00790003 -0.000300035 0.0346099 -0.00790003 -0.0203 0.0341732 -0.00961497 -0.000300035 0.0341732 -0.00961497 -0.0203 0.0336514 -0.011306 -0.000300035 0.0336514 -0.011306 -0.0203 0.033046 -0.01297 -0.000300035 0.033046 -0.01297 -0.0203 0.0323585 -0.014601 -0.000300035 0.0323585 -0.014601 -0.0203 0.0315905 -0.016195 -0.000300035 0.0315905 -0.016195 -0.000300035 0.0307439 -0.0177501 -0.0203 0.0307439 -0.0177501 -0.0203 0.0298209 -0.01926 -0.000300035 0.0298209 -0.01926 -0.0203 0.0288238 -0.020723 -0.000300035 0.0288238 -0.020723 -0.0203 0.027755 -0.022134 -0.000300035 0.027755 -0.022134 -0.0203 0.0266172 -0.02349 -0.000300035 0.0266172 -0.02349 -0.0203 0.0254133 -0.024787 -0.000300035 0.0254133 -0.024787 -0.0203 0.0241461 -0.0260229 -0.000300035 0.0241461 -0.0260229 -0.0203 0.022819 -0.027195 -0.000300035 0.022819 -0.027195 -0.0203 0.0214351 -0.0282981 -0.000300035 0.0214351 -0.0282981 -0.0203 0.0199979 -0.029331 -0.000300035 0.0199979 -0.029331 -0.0203 0.018511 -0.0302919 -0.000300035 0.018511 -0.0302919 -0.0203 0.016978 -0.031177 -0.000300035 0.016978 -0.031177 -0.000300035 0.0154029 -0.031984 -0.0203 0.0154029 -0.031984 -0.0203 0.0137894 -0.032712 -0.000300035 0.0137894 -0.032712 -0.0203 0.0121417 -0.033359 -0.000300035 0.0121417 -0.033359 -0.000300035 0.0104638 -0.0339229 -0.0203 0.0104638 -0.0339229 -0.0203 0.00875989 -0.034402 -0.000300035 0.00875989 -0.034402 -0.0203 0.00703419 -0.034796 -0.000300035 0.00703419 -0.034796 -0.0203 0.005291 -0.0351039 -0.000300035 0.005291 -0.0351039 -0.0203 0.00353466 -0.035324 -0.000300035 0.00353466 -0.035324 -0.0203 0.00176953 -0.035456 -0.000300035 0.00176953 -0.035456 -0.011726 -0.0137338 0.0290166 -0.0120673 -0.012128 0.0297308 -0.0105445 -0.0109376 0.0304979 -0.00936304 -0.0106473 0.0297681 -0.00936304 -0.0107814 0.0289638 -0.00818156 -0.0112648 0.0283347 -0.00818156 -0.0124137 0.0279952 -0.00936304 -0.0131369 0.0282519 1.49012e-08 -0.0138229 0.0292191 -0.00936304 -0.0137789 0.030029 -0.00906764 -0.0131555 0.0308479 -0.00936304 -0.0117878 0.0310733 1.49012e-08 -0.0108101 0.0302311 1.49012e-08 -0.0107301 0.029105 1.49012e-08 -0.0115782 0.0281561 1.49012e-08 -0.012796 0.0280829 1.49012e-08 -0.0134967 0.0285417 1.49012e-08 -0.013448 0.0305533 1.49012e-08 -0.012406 0.0311542 1.49012e-08 -0.0115514 0.0310143 -0.011726 -0.0284721 0.0111996 -3.42727e-07 -0.0284579 0.0134891 -0.011726 -0.030221 0.0137015 -0.0120588 -0.0294628 0.0126685 -0.011726 -0.030935 0.0130509 -0.0105445 -0.0301765 0.0107748 -0.00936304 -0.0293662 0.0138448 -0.00877224 -0.0280031 0.0123299 -0.00700007 -0.0282956 0.0112691 -0.00818156 -0.0290546 0.0107376 -0.00936304 -0.0308393 0.0112928 -0.00818156 -0.0311442 0.0122235 -0.00700007 -0.0308744 0.0131691 -0.00700007 -0.0301048 0.0137429 1.49012e-08 -0.0292392 0.0138172 1.49012e-08 -0.0280196 0.012339 1.49012e-08 -0.0285617 0.0110093 1.49012e-08 -0.0295491 0.0106352 1.49012e-08 -0.0304079 0.0108829 1.49012e-08 -0.0310384 0.011942 1.49012e-08 -0.0308692 0.0131803 1.49012e-08 -0.0301048 0.0137429 -0.00936304 -0.0310216 -0.0116562 -0.00936304 -0.0304276 -0.013567 -0.0120635 -0.02971 -0.0124189 -0.00995384 -0.0290812 -0.0136751 -0.00877224 -0.0284475 -0.0111183 -0.00936304 -0.0279817 -0.0120856 -1.04308e-07 -0.0283451 -0.0133628 -0.00818156 -0.0310896 -0.0127069 -2.23517e-07 -0.0298331 -0.0105796 1.49012e-08 -0.0285631 -0.011025 1.49012e-08 -0.0279901 -0.012375 1.49012e-08 -0.0298606 -0.0137521 1.49012e-08 -0.0309835 -0.0129489 1.49012e-08 -0.0309042 -0.0115069 -0.00936304 -0.0106993 -0.0291535 -0.00818156 -0.0111332 -0.0284382 -0.00995384 -0.0123312 -0.0279819 -0.0120894 -0.0122458 -0.0295868 -0.00759076 -0.0133793 -0.0306567 -0.011726 -0.0127736 -0.0309949 -0.00936304 -0.0113849 -0.0309049 -1.04308e-07 -0.0138817 -0.0290408 -0.00877224 -0.0130487 -0.0282322 -0.00700007 -0.0120701 -0.0311251 1.49012e-08 -0.0123945 -0.0280099 1.49012e-08 -0.0112145 -0.0283419 1.49012e-08 -0.0107533 -0.0289928 -2.23517e-07 -0.0106949 -0.0301969 1.49012e-08 -0.0115395 -0.0310108 1.49012e-08 -0.0127441 -0.0310248 1.49012e-08 -0.0137493 -0.029972 -0.00936304 0.0133831 -0.0284576 -0.011726 0.0129537 -0.0281283 -0.0120652 0.0119889 -0.0287549 -0.0120908 0.0124345 -0.0299243 -0.011726 0.0107711 -0.0301687 -0.00936304 0.0121969 -0.0311579 -0.00936304 0.0138122 -0.0296196 -0.00877224 0.0107093 -0.0291578 -0.00936304 0.0112356 -0.0283227 -0.00936304 0.011834 -0.0280031 -0.00818156 0.0124742 -0.0279717 1.49012e-08 0.0137777 -0.0292973 -0.00759076 0.0133559 -0.0306473 -0.00818156 0.0113246 -0.0308703 1.49012e-08 0.0108029 -0.0302931 1.49012e-08 0.0106955 -0.0293621 1.49012e-08 0.0112242 -0.0283248 1.49012e-08 0.0120621 -0.0279767 1.49012e-08 0.0131162 -0.0282439 1.49012e-08 0.0136419 -0.0303701 1.49012e-08 0.013031 -0.0309205 1.49012e-08 0.0117919 -0.0310742 -0.00936304 0.0279924 -0.0119484 -0.00818156 0.0280659 -0.0127565 -0.00936304 0.0300512 -0.0137389 -0.0120643 0.0294028 -0.0125064 -0.00936304 0.0308595 -0.0131935 -1.04308e-07 0.0286974 -0.0136228 -0.00818156 0.0285274 -0.0110522 -0.0105445 0.0293452 -0.0106534 1.49012e-08 0.0299446 -0.0106972 -0.00936304 0.0304885 -0.0109831 -0.00847684 0.0311254 -0.0120343 1.49012e-08 0.0280552 -0.0126852 1.49012e-08 0.0282524 -0.0113694 1.49012e-08 0.0289 -0.0107726 1.49012e-08 0.0307055 -0.0111381 1.49012e-08 0.0311437 -0.0122303 1.49012e-08 0.0309029 -0.0131332 1.49012e-08 0.0300796 -0.013735 -0.00936304 0.028075 0.0128261 -0.00818156 0.0280301 0.0118149 -0.00936304 0.0284902 0.0110783 -0.00818156 0.0293522 0.0106576 -0.0120493 0.0302937 0.0118416 -0.0120991 0.0290768 0.0125165 -0.00936304 0.0308756 0.0131856 -0.00936304 0.030221 0.0137042 -0.0105445 0.0292046 0.0137863 -0.00936304 0.0311318 0.0125798 -0.00877224 0.0309889 0.0115566 -1.04308e-07 0.0302799 0.0107565 1.49012e-08 0.0291814 0.0107096 1.49012e-08 0.0282571 0.0113173 1.49012e-08 0.0279847 0.012181 1.49012e-08 0.0283362 0.013261 -1.04308e-07 0.0288436 0.0137639 1.49012e-08 0.0301523 0.013731 1.49012e-08 0.03082 0.0132565 1.49012e-08 0.0311263 0.0126072 1.49012e-08 0.0310036 0.0115528 -0.00936304 0.0138329 0.0296495 -1.04308e-07 0.0137934 0.0289714 -0.00936304 0.0131555 0.0282529 -0.00818156 0.0122617 0.0279654 -0.00936304 0.0114575 0.0281722 -0.00936304 0.010793 0.0289547 -0.0102491 0.0108296 0.0302055 -0.00818156 0.011426 0.0309405 -0.00936304 0.0120129 0.0311482 -0.0105445 0.0127345 0.0310896 -0.00818156 0.0134209 0.03064 -0.000300035 1.31e-16 -0.0285 -0.0449999 1.37e-16 -0.0285 -0.000300035 -0.00142061 -0.0284649 -0.0449999 -0.00142061 -0.0284649 -0.000300035 -0.00283768 -0.028358 -0.0449999 -0.00283768 -0.028358 -0.000300035 -0.0042477 -0.0281819 -0.0449999 -0.0042477 -0.0281819 -0.000300035 -0.00564716 -0.0279349 -0.0449999 -0.00564716 -0.0279349 -0.000300035 -0.00703259 -0.027619 -0.0449999 -0.00703259 -0.027619 -0.000300035 -0.00840052 -0.027234 -0.0449999 -0.00840052 -0.027234 -0.000300035 -0.00974757 -0.026781 -0.0449999 -0.00974757 -0.026781 -0.000300035 -0.0110704 -0.026262 -0.0449999 -0.0110704 -0.026262 -0.000300035 -0.0123657 -0.0256779 -0.0449999 -0.0123657 -0.0256779 -0.000300035 -0.0136302 -0.025029 -0.0449999 -0.0136302 -0.025029 -0.000300035 -0.0148609 -0.024319 -0.0449999 -0.0148609 -0.024319 -0.000300035 -0.0160546 -0.023548 -0.0449999 -0.0160546 -0.023548 -0.000300035 -0.0172084 -0.022718 -0.0449999 -0.0172084 -0.022718 -0.000300035 -0.0183195 -0.021832 -0.0449999 -0.0183195 -0.021832 -0.000300035 -0.0193849 -0.0208921 -0.0449999 -0.0193849 -0.0208921 -0.000300035 -0.0204022 -0.0199 -0.0449999 -0.0204022 -0.0199 -0.000300035 -0.0213688 -0.018858 -0.0449999 -0.0213688 -0.018858 -0.000300035 -0.0222822 -0.017769 -0.0449999 -0.0222822 -0.017769 -0.000300035 -0.0231402 -0.016637 -0.0449999 -0.0231402 -0.016637 -0.000300035 -0.0239407 -0.015463 -0.0449999 -0.0239407 -0.015463 -0.000300035 -0.0246817 -0.01425 -0.0449999 -0.0246817 -0.01425 -0.000300035 -0.0253613 -0.0130019 -0.0449999 -0.0253613 -0.0130019 -0.000300035 -0.0259779 -0.011722 -0.0449999 -0.0259779 -0.011722 -0.000300035 -0.0265299 -0.010412 -0.0449999 -0.0265299 -0.010412 -0.000300035 -0.0270159 -0.00907698 -0.0449999 -0.0270159 -0.00907698 -0.000300035 -0.0274348 -0.00771895 -0.0449999 -0.0274348 -0.00771895 -0.000300035 -0.0277855 -0.00634196 -0.0449999 -0.0277855 -0.00634196 -0.000300035 -0.028067 -0.004949 -0.0449999 -0.028067 -0.004949 -0.000300035 -0.0282788 -0.003544 -0.0449999 -0.0282788 -0.003544 -0.000300035 -0.0284203 -0.00212994 -0.0449999 -0.0284203 -0.00212994 -0.000300035 -0.0284911 -0.000710994 -0.0449999 -0.0284911 -0.000710994 -0.000300035 -0.0284911 0.000711054 -0.0449999 -0.0284911 0.000711054 -0.000300035 -0.0284203 0.00213 -0.0449999 -0.0284203 0.00213 -0.000300035 -0.0282788 0.00354406 -0.0449999 -0.0282788 0.00354406 -0.000300035 -0.028067 0.00494906 -0.0449999 -0.028067 0.00494906 -0.000300035 -0.0277855 0.00634202 -0.0449999 -0.0277855 0.00634202 -0.000300035 -0.0274348 0.00771901 -0.0449999 -0.0274348 0.00771901 -0.000300035 -0.0270159 0.00907704 -0.0449999 -0.0270159 0.00907704 -0.000300035 -0.0265299 0.0104119 -0.0449999 -0.0265299 0.0104119 -0.000300035 -0.0259779 0.0117221 -0.0449999 -0.0259779 0.0117221 -0.000300035 -0.0253613 0.013002 -0.0449999 -0.0253613 0.013002 -0.000300035 -0.0246817 0.01425 -0.0449999 -0.0246817 0.01425 -0.000300035 -0.0239407 0.015463 -0.0449999 -0.0239407 0.015463 -0.000300035 -0.0231402 0.0166371 -0.0449999 -0.0231402 0.0166371 -0.000300035 -0.0222822 0.0177689 -0.0449999 -0.0222822 0.0177689 -0.000300035 -0.0213688 0.018858 -0.0449999 -0.0213688 0.018858 -0.000300035 -0.0204022 0.0199001 -0.0449999 -0.0204022 0.0199001 -0.0449999 -0.0193849 0.020892 -0.000300035 -0.0193849 0.020892 -0.0449999 -0.0183195 0.021832 -0.000300035 -0.0183195 0.021832 -0.000300035 -0.0172084 0.022718 -0.0449999 -0.0172084 0.022718 -0.000300035 -0.0160546 0.023548 -0.0449999 -0.0160546 0.023548 -0.000300035 -0.0148609 0.024319 -0.0449999 -0.0148609 0.024319 -0.0449999 -0.0136302 0.025029 -0.000300035 -0.0136302 0.025029 -0.000300035 -0.0123657 0.025678 -0.0449999 -0.0123657 0.025678 -0.0449999 -0.0110704 0.026262 -0.000300035 -0.0110704 0.026262 -0.000300035 -0.00974757 0.0267811 -0.0449999 -0.00974757 0.0267811 -0.000300035 -0.00840052 0.027234 -0.0449999 -0.00840052 0.027234 -0.0449999 -0.00703259 0.027619 -0.000300035 -0.00703259 0.027619 -0.0449999 -0.00564716 0.027935 -0.000300035 -0.00564716 0.027935 -0.000300035 -0.0042477 0.028182 -0.0449999 -0.0042477 0.028182 -0.000300035 -0.00283768 0.028358 -0.0449999 -0.00283768 0.028358 -0.000300035 -0.00142061 0.028465 -0.0449999 -0.00142061 0.028465 -0.000300035 3.62379e-17 0.0285001 -0.0449999 2.31762e-16 0.0285001 -0.0449999 0.00142061 0.028465 -0.000300035 0.00142061 0.028465 -0.0449999 0.00283768 0.028358 -0.000300035 0.00283768 0.028358 -0.0449999 0.0042477 0.028182 -0.000300035 0.0042477 0.028182 -0.000300035 0.00564716 0.027935 -0.0449999 0.00564716 0.027935 -0.0449999 0.00703259 0.027619 -0.000300035 0.00703259 0.027619 -0.0449999 0.00840052 0.027234 -0.000300035 0.00840052 0.027234 -0.000300035 0.00974757 0.0267811 -0.0449999 0.00974757 0.0267811 -0.000300035 0.0110704 0.026262 -0.0449999 0.0110704 0.026262 -0.000300035 0.0123657 0.025678 -0.0449999 0.0123657 0.025678 -0.0449999 0.0136302 0.025029 -0.000300035 0.0136302 0.025029 -0.0449999 0.0148609 0.024319 -0.000300035 0.0148609 0.024319 -0.0449999 0.0160546 0.023548 -0.000300035 0.0160546 0.023548 -0.000300035 0.0172084 0.022718 -0.0449999 0.0172084 0.022718 -0.0449999 0.0183195 0.021832 -0.000300035 0.0183195 0.021832 -0.000300035 0.0193849 0.020892 -0.0449999 0.0193849 0.020892 -0.0449999 0.0204022 0.0199001 -0.000300035 0.0204022 0.0199001 -0.0449999 0.0213688 0.018858 -0.000300035 0.0213688 0.018858 -0.000300035 0.0222822 0.0177689 -0.0449999 0.0222822 0.0177689 -0.000300035 0.0231402 0.0166371 -0.0449999 0.0231402 0.0166371 -0.000300035 0.0239407 0.015463 -0.0449999 0.0239407 0.015463 -0.000300035 0.0246817 0.01425 -0.0449999 0.0246817 0.01425 -0.000300035 0.0253613 0.013002 -0.0449999 0.0253613 0.013002 -0.000300035 0.0259779 0.0117221 -0.0449999 0.0259779 0.0117221 -0.0449999 0.0265299 0.0104119 -0.000300035 0.0265299 0.0104119 -0.000300035 0.0270159 0.00907704 -0.0449999 0.0270159 0.00907704 -0.0449999 0.0274348 0.00771901 -0.000300035 0.0274348 0.00771901 -0.0449999 0.0277855 0.00634202 -0.000300035 0.0277855 0.00634202 -0.0449999 0.028067 0.00494906 -0.000300035 0.028067 0.00494906 -0.0449999 0.0282788 0.00354406 -0.000300035 0.0282788 0.00354406 -0.000300035 0.0284203 0.00213 -0.0449999 0.0284203 0.00213 -0.000300035 0.0284911 0.000711054 -0.0449999 0.0284911 0.000711054 -0.0449999 0.0284911 -0.000710994 -0.000300035 0.0284911 -0.000710994 -0.000300035 0.0284203 -0.00212994 -0.0449999 0.0284203 -0.00212994 -0.000300035 0.0282788 -0.003544 -0.0449999 0.0282788 -0.003544 -0.0449999 0.028067 -0.004949 -0.000300035 0.028067 -0.004949 -0.0449999 0.0277855 -0.00634196 -0.000300035 0.0277855 -0.00634196 -0.000300035 0.0274348 -0.00771895 -0.0449999 0.0274348 -0.00771895 -0.000300035 0.0270159 -0.00907698 -0.0449999 0.0270159 -0.00907698 -0.0449999 0.0265299 -0.010412 -0.000300035 0.0265299 -0.010412 -0.000300035 0.0259779 -0.011722 -0.0449999 0.0259779 -0.011722 -0.000300035 0.0253613 -0.0130019 -0.0449999 0.0253613 -0.0130019 -0.000300035 0.0246817 -0.01425 -0.0449999 0.0246817 -0.01425 -0.000300035 0.0239407 -0.015463 -0.0449999 0.0239407 -0.015463 -0.000300035 0.0231402 -0.016637 -0.0449999 0.0231402 -0.016637 -0.000300035 0.0222822 -0.017769 -0.0449999 0.0222822 -0.017769 -0.0449999 0.0213688 -0.018858 -0.000300035 0.0213688 -0.018858 -0.000300035 0.0204022 -0.0199 -0.0449999 0.0204022 -0.0199 -0.000300035 0.0193849 -0.0208921 -0.0449999 0.0193849 -0.0208921 -0.000300035 0.0183195 -0.021832 -0.0449999 0.0183195 -0.021832 -0.0449999 0.0172084 -0.022718 -0.000300035 0.0172084 -0.022718 -0.000300035 0.0160546 -0.023548 -0.0449999 0.0160546 -0.023548 -0.000300035 0.0148609 -0.024319 -0.0449999 0.0148609 -0.024319 -0.0449999 0.0136302 -0.025029 -0.000300035 0.0136302 -0.025029 -0.000300035 0.0123657 -0.0256779 -0.0449999 0.0123657 -0.0256779 -0.0449999 0.0110704 -0.026262 -0.000300035 0.0110704 -0.026262 -0.000300035 0.00974757 -0.026781 -0.0449999 0.00974757 -0.026781 -0.000300035 0.00840052 -0.027234 -0.0449999 0.00840052 -0.027234 -0.0449999 0.00703259 -0.027619 -0.000300035 0.00703259 -0.027619 -0.000300035 0.00564716 -0.0279349 -0.0449999 0.00564716 -0.0279349 -0.000300035 0.0042477 -0.0281819 -0.0449999 0.0042477 -0.0281819 -0.000300035 0.00283768 -0.028358 -0.0449999 0.00283768 -0.028358 -0.000300035 0.00142061 -0.0284649 -0.0449999 0.00142061 -0.0284649 1.49012e-08 0.0135783 0.03039 1.49012e-08 0.0129321 0.0310117 1.49012e-08 0.0158294 0.0313549 1.49012e-08 0.0316648 0.0152491 1.49012e-08 0.0343958 0.00661775 1.49012e-08 0.0120627 0.0311473 1.49012e-08 0.0110115 0.0305527 1.49012e-08 0.0269336 0.0224594 1.49012e-08 0.0219127 0.0274777 1.49012e-08 0.0201934 0.0204476 1.49012e-08 0.0151261 0.0244088 1.49012e-08 0.0131314 0.0282278 1.49012e-08 0.0245366 0.014994 1.49012e-08 0.0100054 0.026964 1.49012e-08 0.0121876 0.0279699 1.49012e-08 0.0111397 0.0284526 1.49012e-08 0.0269153 0.0101777 1.49012e-08 0.0106516 0.0296713 1.49012e-08 0.00695036 0.0343731 1.49012e-08 0.00155929 0.0332437 1.49012e-08 0.000492609 0.0338822 1.49012e-08 0.00250109 0.0285855 1.49012e-08 0.0281316 0.00605282 1.49012e-08 -0.00130983 0.0333453 1.49012e-08 0.0348561 -0.00425974 1.49012e-08 0.00111645 0.0305224 1.49012e-08 0.0287016 0.000895351 1.49012e-08 -0.000965675 0.0303095 1.49012e-08 -0.00690073 0.0278281 -2.23517e-07 -0.00193117 0.0313123 1.49012e-08 0.0335839 -0.0103596 1.49012e-08 -0.00555543 0.0346416 1.49012e-08 0.0281851 -0.00569776 1.49012e-08 -0.0116157 0.0331962 1.49012e-08 0.0310942 -0.016434 1.49012e-08 0.0262477 -0.0116465 1.49012e-08 -0.0131348 0.0256205 1.49012e-08 0.0273449 -0.022088 1.49012e-08 -0.0161196 0.0238045 1.49012e-08 -0.0175727 0.0304368 1.49012e-08 0.0217498 -0.0187177 1.49012e-08 -0.022269 0.0272215 1.49012e-08 0.0235982 -0.0260778 1.49012e-08 -0.020617 0.020109 1.49012e-08 -0.0251985 0.0245779 1.49012e-08 -0.0234561 0.0166422 1.49012e-08 0.0205414 -0.0285715 1.49012e-08 0.0179509 -0.0225095 1.49012e-08 -0.0277683 0.0215834 1.49012e-08 -0.0254407 0.0134459 1.49012e-08 0.0172041 -0.0306748 1.49012e-08 -0.0302364 0.0179637 1.49012e-08 0.0135755 -0.0253042 1.49012e-08 -0.0274777 0.00847575 1.49012e-08 0.0101352 -0.0336017 1.49012e-08 -0.0328965 0.0124398 1.49012e-08 0.00692235 -0.0279147 1.49012e-08 -0.0346986 0.00545058 1.49012e-08 -0.0287017 0.0010725 1.49012e-08 0.00157106 -0.0308146 1.49012e-08 0.00214888 -0.0286748 1.49012e-08 0.00240709 -0.0350416 1.49012e-08 0.00192925 -0.0320272 1.49012e-08 0.000441477 -0.0301054 1.49012e-08 -0.000964222 -0.0302691 1.49012e-08 -0.00250777 -0.0286657 1.49012e-08 0.000805764 -0.0336687 1.49012e-08 -0.00113331 -0.0335857 1.49012e-08 -0.0351126 -0.00109378 1.49012e-08 -0.0281501 -0.00569049 1.49012e-08 -0.00631411 -0.034552 1.49012e-08 -0.00184912 -0.0326926 1.49012e-08 -0.0259076 -0.0124766 -3.42727e-07 -0.00167306 -0.0306626 1.49012e-08 -0.0137212 -0.0251993 1.49012e-08 -0.00726529 -0.0278091 1.49012e-08 -0.012856 -0.0327565 1.49012e-08 -0.0339835 -0.00887862 1.49012e-08 -0.0177508 -0.0303086 1.49012e-08 -0.0314944 -0.0156533 1.49012e-08 -0.0232324 -0.0169229 1.49012e-08 -0.0283951 -0.0206837 1.49012e-08 -0.0226261 -0.0269651 1.49012e-08 -0.0245703 -0.0251905 1.49012e-08 -0.0193076 -0.0213362 -0.0449999 1.38e-16 -0.03 -0.0203 1.41e-16 -0.03 -0.0203 -0.00149538 -0.029963 -0.0449999 -0.00149538 -0.029963 -0.0203 -0.00298704 -0.029851 -0.0449999 -0.00298704 -0.029851 -0.0203 -0.00447127 -0.029665 -0.0449999 -0.00447127 -0.029665 -0.0203 -0.00594438 -0.029405 -0.0449999 -0.00594438 -0.029405 -0.0203 -0.00740272 -0.029072 -0.0449999 -0.00740272 -0.029072 -0.0203 -0.00884266 -0.028667 -0.0449999 -0.00884266 -0.028667 -0.0203 -0.0102606 -0.028191 -0.0449999 -0.0102606 -0.028191 -0.0203 -0.011653 -0.0276439 -0.0449999 -0.011653 -0.0276439 -0.0203 -0.0130165 -0.0270289 -0.0449999 -0.0130165 -0.0270289 -0.0203 -0.0143476 -0.026347 -0.0449999 -0.0143476 -0.026347 -0.0203 -0.0156431 -0.025599 -0.0449999 -0.0156431 -0.025599 -0.0203 -0.0168996 -0.024787 -0.0449999 -0.0168996 -0.024787 -0.0203 -0.0181141 -0.023914 -0.0449999 -0.0181141 -0.023914 -0.0449999 -0.0192836 -0.022981 -0.0203 -0.0192836 -0.022981 -0.0203 -0.0204052 -0.021992 -0.0449999 -0.0204052 -0.021992 -0.0203 -0.021476 -0.020947 -0.0449999 -0.021476 -0.020947 -0.0203 -0.0224934 -0.019851 -0.0449999 -0.0224934 -0.019851 -0.0449999 -0.0234549 -0.018705 -0.0203 -0.0234549 -0.018705 -0.0449999 -0.0243581 -0.017512 -0.0203 -0.0243581 -0.017512 -0.0449999 -0.0252008 -0.016276 -0.0203 -0.0252008 -0.016276 -0.0449999 -0.0259808 -0.015 -0.0203 -0.0259808 -0.015 -0.0449999 -0.0266961 -0.013686 -0.0203 -0.0266961 -0.013686 -0.0449999 -0.0273452 -0.012339 -0.0203 -0.0273452 -0.012339 -0.0449999 -0.0279262 -0.01096 -0.0203 -0.0279262 -0.01096 -0.0449999 -0.0284378 -0.00955501 -0.0203 -0.0284378 -0.00955501 -0.0203 -0.0288787 -0.00812498 -0.0449999 -0.0288787 -0.00812498 -0.0449999 -0.0292478 -0.00667599 -0.0203 -0.0292478 -0.00667599 -0.0449999 -0.0295442 -0.005209 -0.0203 -0.0295442 -0.005209 -0.0449999 -0.0297672 -0.00372997 -0.0203 -0.0297672 -0.00372997 -0.0449999 -0.0299161 -0.002242 -0.0203 -0.0299161 -0.002242 -0.0449999 -0.0299907 -0.000747949 -0.0203 -0.0299907 -0.000747949 -0.0449999 -0.0299907 0.000748008 -0.0203 -0.0299907 0.000748008 -0.0449999 -0.0299161 0.00224206 -0.0203 -0.0299161 0.00224206 -0.0203 -0.0297672 0.00373003 -0.0449999 -0.0297672 0.00373003 -0.0449999 -0.0295442 0.00520906 -0.0203 -0.0295442 0.00520906 -0.0449999 -0.0292478 0.00667605 -0.0203 -0.0292478 0.00667605 -0.0449999 -0.0288787 0.00812504 -0.0203 -0.0288787 0.00812504 -0.0203 -0.0284378 0.00955495 -0.0449999 -0.0284378 0.00955495 -0.0449999 -0.0279262 0.01096 -0.0203 -0.0279262 0.01096 -0.0449999 -0.0273452 0.012339 -0.0203 -0.0273452 0.012339 -0.0449999 -0.0266961 0.013686 -0.0203 -0.0266961 0.013686 -0.0449999 -0.0259808 0.015 -0.0203 -0.0259808 0.015 -0.0449999 -0.0252008 0.016276 -0.0203 -0.0252008 0.016276 -0.0449999 -0.0243581 0.0175121 -0.0203 -0.0243581 0.0175121 -0.0449999 -0.0234549 0.018705 -0.0203 -0.0234549 0.018705 -0.0449999 -0.0224934 0.0198511 -0.0203 -0.0224934 0.0198511 -0.0449999 -0.021476 0.0209469 -0.0203 -0.021476 0.0209469 -0.0449999 -0.0204052 0.0219921 -0.0203 -0.0204052 0.0219921 -0.0203 -0.0192836 0.022981 -0.0449999 -0.0192836 0.022981 -0.0203 -0.0181141 0.0239139 -0.0449999 -0.0181141 0.0239139 -0.0449999 -0.0168996 0.024787 -0.0203 -0.0168996 0.024787 -0.0449999 -0.0156431 0.025599 -0.0203 -0.0156431 0.025599 -0.0203 -0.0143476 0.026347 -0.0449999 -0.0143476 0.026347 -0.0449999 -0.0130165 0.027029 -0.0203 -0.0130165 0.027029 -0.0449999 -0.011653 0.027644 -0.0203 -0.011653 0.027644 -0.0449999 -0.0102606 0.0281911 -0.0203 -0.0102606 0.0281911 -0.0449999 -0.00884266 0.0286671 -0.0203 -0.00884266 0.0286671 -0.0449999 -0.00740272 0.029072 -0.0203 -0.00740272 0.029072 -0.0203 -0.00594438 0.029405 -0.0449999 -0.00594438 0.029405 -0.0449999 -0.00447127 0.029665 -0.0203 -0.00447127 0.029665 -0.0203 -0.00298704 0.029851 -0.0449999 -0.00298704 0.029851 -0.0449999 -0.00149538 0.029963 -0.0203 -0.00149538 0.029963 -0.0449999 2.36907e-16 0.0300001 -0.0203 1.38e-16 0.0300001 -0.0203 0.00149538 0.029963 -0.0449999 0.00149538 0.029963 -0.0203 0.00298704 0.029851 -0.0449999 0.00298704 0.029851 -0.0203 0.00447127 0.029665 -0.0449999 0.00447127 0.029665 -0.0203 0.00594438 0.029405 -0.0449999 0.00594438 0.029405 -0.0449999 0.00740272 0.029072 -0.0203 0.00740272 0.029072 -0.0203 0.00884266 0.0286671 -0.0449999 0.00884266 0.0286671 -0.0203 0.0102606 0.0281911 -0.0449999 0.0102606 0.0281911 -0.0449999 0.011653 0.027644 -0.0203 0.011653 0.027644 -0.0203 0.0130165 0.027029 -0.0449999 0.0130165 0.027029 -0.0203 0.0143476 0.026347 -0.0449999 0.0143476 0.026347 -0.0203 0.0156431 0.025599 -0.0449999 0.0156431 0.025599 -0.0449999 0.0168996 0.024787 -0.0203 0.0168996 0.024787 -0.0203 0.0181141 0.0239139 -0.0449999 0.0181141 0.0239139 -0.0203 0.0192836 0.022981 -0.0449999 0.0192836 0.022981 -0.0449999 0.0204052 0.0219921 -0.0203 0.0204052 0.0219921 -0.0203 0.021476 0.0209469 -0.0449999 0.021476 0.0209469 -0.0203 0.0224934 0.0198511 -0.0449999 0.0224934 0.0198511 -0.0203 0.0234549 0.018705 -0.0449999 0.0234549 0.018705 -0.0449999 0.0243581 0.0175121 -0.0203 0.0243581 0.0175121 -0.0203 0.0252008 0.016276 -0.0449999 0.0252008 0.016276 -0.0203 0.0259808 0.015 -0.0449999 0.0259808 0.015 -0.0449999 0.0266961 0.013686 -0.0203 0.0266961 0.013686 -0.0203 0.0273452 0.012339 -0.0449999 0.0273452 0.012339 -0.0203 0.0279262 0.01096 -0.0449999 0.0279262 0.01096 -0.0449999 0.0284378 0.00955495 -0.0203 0.0284378 0.00955495 -0.0449999 0.0288787 0.00812504 -0.0203 0.0288787 0.00812504 -0.0203 0.0292478 0.00667605 -0.0449999 0.0292478 0.00667605 -0.0449999 0.0295442 0.00520906 -0.0203 0.0295442 0.00520906 -0.0449999 0.0297672 0.00373003 -0.0203 0.0297672 0.00373003 -0.0203 0.0299161 0.00224206 -0.0449999 0.0299161 0.00224206 -0.0449999 0.0299907 0.000748008 -0.0203 0.0299907 0.000748008 -0.0203 0.0299907 -0.000747949 -0.0449999 0.0299907 -0.000747949 -0.0449999 0.0299161 -0.002242 -0.0203 0.0299161 -0.002242 -0.0449999 0.0297672 -0.00372997 -0.0203 0.0297672 -0.00372997 -0.0449999 0.0295442 -0.005209 -0.0203 0.0295442 -0.005209 -0.0449999 0.0292478 -0.00667599 -0.0203 0.0292478 -0.00667599 -0.0203 0.0288787 -0.00812498 -0.0449999 0.0288787 -0.00812498 -0.0203 0.0284378 -0.00955501 -0.0449999 0.0284378 -0.00955501 -0.0203 0.0279262 -0.01096 -0.0449999 0.0279262 -0.01096 -0.0449999 0.0273452 -0.012339 -0.0203 0.0273452 -0.012339 -0.0449999 0.0266961 -0.013686 -0.0203 0.0266961 -0.013686 -0.0203 0.0259808 -0.015 -0.0449999 0.0259808 -0.015 -0.0449999 0.0252008 -0.016276 -0.0203 0.0252008 -0.016276 -0.0203 0.0243581 -0.017512 -0.0449999 0.0243581 -0.017512 -0.0203 0.0234549 -0.018705 -0.0449999 0.0234549 -0.018705 -0.0449999 0.0224934 -0.019851 -0.0203 0.0224934 -0.019851 -0.0203 0.021476 -0.020947 -0.0449999 0.021476 -0.020947 -0.0449999 0.0204052 -0.021992 -0.0203 0.0204052 -0.021992 -0.0449999 0.0192836 -0.022981 -0.0203 0.0192836 -0.022981 -0.0203 0.0181141 -0.023914 -0.0449999 0.0181141 -0.023914 -0.0203 0.0168996 -0.024787 -0.0449999 0.0168996 -0.024787 -0.0449999 0.0156431 -0.025599 -0.0203 0.0156431 -0.025599 -0.0203 0.0143476 -0.026347 -0.0449999 0.0143476 -0.026347 -0.0449999 0.0130165 -0.0270289 -0.0203 0.0130165 -0.0270289 -0.0203 0.011653 -0.0276439 -0.0449999 0.011653 -0.0276439 -0.0449999 0.0102606 -0.028191 -0.0203 0.0102606 -0.028191 -0.0449999 0.00884266 -0.028667 -0.0203 0.00884266 -0.028667 -0.0203 0.00740272 -0.029072 -0.0449999 0.00740272 -0.029072 -0.0449999 0.00594438 -0.029405 -0.0203 0.00594438 -0.029405 -0.0449999 0.00447127 -0.029665 -0.0203 0.00447127 -0.029665 -0.0203 0.00298704 -0.029851 -0.0449999 0.00298704 -0.029851 -0.0449999 0.00149538 -0.029963 -0.0203 0.00149538 -0.029963 -3.42727e-07 0.00203937 0.032457 -0.00600003 0.00101197 0.030486 -0.00600003 -0.00121618 0.0304826 -0.00600003 -0.00124721 0.0333527 -0.00600003 0.000453759 0.0338915 -0.00640379 0.000144061 0.0320784 -0.00600003 0.00193538 -0.032218 -0.00600003 0.000755053 -0.033729 -0.00600003 -0.000733182 -0.0338124 -0.00600003 -0.00178784 -0.0326782 -0.00600003 0.000362853 -0.030066 -0.00600003 0.00163522 -0.030928 -0.00641118 -0.000148215 -0.0321355 -0.0120813 0.0122311 0.0293711</float_array>
                    <technique_common>
                        <accessor count="1000" source="#shape0-lib-positions-array" stride="3">
                            <param name="X" type="float"/>
                            <param name="Y" type="float"/>
                            <param name="Z" type="float"/>
                        </accessor>
                    </technique_common>
                </source>
                <source id="shape0-lib-normals" name="normal">
                    <float_array id="shape0-lib-normals-array" count="6000">0 -0.024851 -0.999691 0 -0.024851 -0.999691 0 -0.074554 -0.997217 0 -0.074554 -0.997217 0 -0.124323 -0.992242 0 -0.124323 -0.992242 0 -0.173948 -0.984755 0 -0.173948 -0.984755 0 -0.222578 -0.974915 0 -0.222578 -0.974915 0 -0.27068 -0.962669 0 -0.27068 -0.962669 0 -0.318604 -0.947888 0 -0.318604 -0.947888 0 -0.365472 -0.930822 0 -0.365472 -0.930822 0 -0.411289 -0.911505 0 -0.411289 -0.911505 0 -0.455994 -0.889983 0 -0.455994 -0.889983 0 -0.499988 -0.866032 0 -0.499988 -0.866032 0 -0.542785 -0.839872 0 -0.542785 -0.839872 0 -0.583621 -0.812026 0 -0.583621 -0.812026 0 -0.623289 -0.781991 0 -0.623289 -0.781991 0 -0.66195 -0.749548 0 -0.66195 -0.749548 0 -0.698245 -0.715859 0 -0.698245 -0.715859 0 -0.732904 -0.680332 0 -0.732904 -0.680332 0 -0.766054 -0.642776 0 -0.766054 -0.642776 0 -0.797127 -0.603811 0 -0.797127 -0.603811 0 -0.826337 -0.563176 0 -0.826337 -0.563176 0 -0.853216 -0.521557 0 -0.853216 -0.521557 0 -0.878294 -0.478121 0 -0.878294 -0.478121 0 -0.900879 -0.43407 0 -0.900879 -0.43407 0 -0.921471 -0.388447 0 -0.921471 -0.388447 0 -0.93974 -0.34189 0 -0.93974 -0.34189 0 -0.95555 -0.294829 0 -0.95555 -0.294829 0 -0.969064 -0.246811 0 -0.969064 -0.246811 0 -0.980176 -0.198131 0 -0.980176 -0.198131 0 -0.988838 -0.148992 0 -0.988838 -0.148992 0 -0.995029 -0.0995842 0 -0.995029 -0.0995842 0 -0.998757 -0.0498419 0 -0.998757 -0.0498419 0 -1 0 0 -1 0 0 -0.998757 0.0498419 0 -0.998757 0.0498419 0 -0.99503 0.0995775 0 -0.99503 0.0995775 0 -0.988838 0.148992 0 -0.988838 0.148992 0 -0.980173 0.198144 0 -0.980173 0.198144 0 -0.969068 0.246795 0 -0.95555 0.294829 0 -0.969068 0.246795 0 -0.93974 0.34189 0 -0.95555 0.294829 0 -0.93974 0.34189 0 -0.921461 0.388471 0 -0.921461 0.388471 0 -0.900892 0.434043 0 -0.878278 0.47815 0 -0.900892 0.434043 0 -0.878278 0.47815 0 -0.853235 0.521527 0 -0.853235 0.521527 0 -0.826316 0.563207 0 -0.797152 0.603779 0 -0.826316 0.563207 0 -0.797152 0.603779 0 -0.766054 0.642776 0 -0.732904 0.680332 0 -0.766054 0.642776 0 -0.732904 0.680332 0 -0.698245 0.715859 0 -0.698245 0.715859 0 -0.661912 0.749582 0 -0.661912 0.749582 0 -0.623289 0.781991 0 -0.583666 0.811994 0 -0.623289 0.781991 0 -0.583666 0.811994 0 -0.542785 0.839872 0 -0.542785 0.839872 0 -0.499988 0.866032 0 -0.499988 0.866032 0 -0.455994 0.889983 0 -0.411233 0.91153 0 -0.455994 0.889983 0 -0.411233 0.91153 0 -0.36553 0.9308 0 -0.36553 0.9308 0 -0.318604 0.947888 0 -0.270617 0.962687 0 -0.318604 0.947888 0 -0.270617 0.962687 0 -0.222578 0.974915 0 -0.222578 0.974915 0 -0.174013 0.984743 0 -0.174013 0.984743 0 -0.124256 0.99225 0 -0.124256 0.99225 0 -0.0746209 0.997212 0 -0.024851 0.999691 0 -0.0746209 0.997212 1.4634e-16 -0.024851 0.999691 0 0.024851 0.999691 0 0.024851 0.999691 0 0.0746209 0.997212 0 0.0746209 0.997212 0 0.124256 0.99225 0 0.124256 0.99225 0 0.174013 0.984743 0 0.174013 0.984743 0 0.222578 0.974915 0 0.222578 0.974915 0 0.270617 0.962687 0 0.270617 0.962687 0 0.318604 0.947888 0 0.318604 0.947888 0 0.36553 0.9308 0 0.36553 0.9308 0 0.411233 0.91153 0 0.411233 0.91153 0 0.455994 0.889983 0 0.455994 0.889983 0 0.499988 0.866032 0 0.499988 0.866032 0 0.542785 0.839872 0 0.542785 0.839872 0 0.583666 0.811994 0 0.583666 0.811994 0 0.623289 0.781991 0 0.623289 0.781991 0 0.661912 0.749582 0 0.661912 0.749582 0 0.698245 0.715859 0 0.698245 0.715859 0 0.732904 0.680332 0 0.732904 0.680332 0 0.766054 0.642776 0 0.766054 0.642776 0 0.797152 0.603779 0 0.797152 0.603779 0 0.826316 0.563207 0 0.826316 0.563207 0 0.853235 0.521527 0 0.853235 0.521527 0 0.878278 0.47815 0 0.878278 0.47815 0 0.900892 0.434043 0 0.900892 0.434043 0 0.921461 0.388471 0 0.921461 0.388471 0 0.93974 0.34189 0 0.93974 0.34189 0 0.95555 0.294829 0 0.95555 0.294829 0 0.969068 0.246795 0 0.969068 0.246795 0 0.980173 0.198144 0 0.980173 0.198144 0 0.988838 0.148992 0 0.988838 0.148992 0 0.99503 0.0995775 0 0.99503 0.0995775 0 0.998757 0.0498419 0 0.998757 0.0498419 0 1 0 0 1 0 0 0.998757 -0.0498419 0 0.998757 -0.0498419 0 0.995029 -0.0995842 0 0.995029 -0.0995842 0 0.988838 -0.148992 0 0.988838 -0.148992 0 0.980176 -0.198131 0 0.980176 -0.198131 0 0.969064 -0.246811 0 0.969064 -0.246811 0 0.95555 -0.294829 0 0.95555 -0.294829 0 0.93974 -0.34189 0 0.93974 -0.34189 0 0.921471 -0.388447 0 0.921471 -0.388447 0 0.900879 -0.43407 0 0.900879 -0.43407 0 0.878294 -0.478121 0 0.878294 -0.478121 0 0.853216 -0.521557 0 0.853216 -0.521557 0 0.826337 -0.563176 0 0.826337 -0.563176 0 0.797127 -0.603811 0 0.797127 -0.603811 0 0.766054 -0.642776 0 0.766054 -0.642776 0 0.732904 -0.680332 0 0.732904 -0.680332 0 0.698245 -0.715859 0 0.698245 -0.715859 0 0.66195 -0.749548 0 0.66195 -0.749548 0 0.623289 -0.781991 0 0.623289 -0.781991 0 0.583621 -0.812026 0 0.583621 -0.812026 0 0.542785 -0.839872 0 0.542785 -0.839872 0 0.499988 -0.866032 0 0.499988 -0.866032 0 0.455994 -0.889983 0 0.455994 -0.889983 0 0.411289 -0.911505 0 0.411289 -0.911505 0 0.365472 -0.930822 0 0.365472 -0.930822 0 0.318604 -0.947888 0 0.318604 -0.947888 0 0.27068 -0.962669 0 0.27068 -0.962669 0 0.222578 -0.974915 0 0.222578 -0.974915 0 0.173948 -0.984755 0 0.173948 -0.984755 0 0.124323 -0.992242 0 0.124323 -0.992242 0 0.074554 -0.997217 0 0.074554 -0.997217 0 0.024851 -0.999691 -4.97021e-18 0.024851 -0.999691 0.371576 -0.294599 0.880422 0.37737 -0.262432 0.8881 0.375575 -0.245169 0.893776 0.473652 -0.868718 0.144857 0.438599 -0.810814 0.387571 0.443639 0.00998184 -0.89615 0.408618 0.23367 -0.882287 0.451318 0.624017 -0.637899 0.360413 0.441955 -0.821449 0.363096 -0.313132 0.877559 0.00196978 -0.930292 -0.366814 -0.00443873 0.794926 0.60669 0.00711135 0.999582 0.0280219 -0.0138312 -0.99739 -0.0708673 0.00293187 -0.986377 0.164476 -0.00473284 -0.797206 0.603689 -0.0140121 -0.745506 0.666352 0.0100763 -0.28337 0.958958 -0.0135065 -0.0599897 0.998108 0.00514376 0.326991 0.945014 -0.00484706 0.547706 0.836657 0.0211979 0.900838 0.433638 -0.0188812 0.962546 -0.270461 0.00590496 0.794609 -0.607093 -0.0120274 0.499564 -0.866194 0.0195286 0.166698 -0.985815 -0.0021388 -0.161606 -0.986853 -0.00860924 -0.726231 -0.687397 0.00868814 -0.552161 -0.833692 0.20514 0.789245 0.5788 0.314037 -0.818579 -0.480946 0.0967406 -0.426386 -0.899353 0.0909836 -0.987671 -0.127389 0.298713 -0.720916 -0.625341 0.96754 0.170228 -0.186785 0.233717 0.293629 0.926908 0.374394 0.910212 -0.17704 0.473056 0.879792 0.0467369 0.360461 -0.740434 0.567296 0.0308475 -0.949165 0.313263 0.00986692 -0.583776 0.811855 0.0128788 0.00602334 0.999899 -0.00565265 0.96344 -0.267865 -0.00768303 0.597706 -0.801679 0.00985552 0.673556 -0.73907 0.00491005 0.152102 -0.988353 0.00252776 -0.387122 -0.922025 -0.00138857 -0.934444 -0.356108 -0.00208481 -0.964906 0.262587 -0.0211829 -0.925789 0.377448 0.00805824 -0.581911 0.813213 -0.00970727 -0.354238 0.935105 -0.00377005 0.277168 0.960814 0.00561869 0.621952 0.783035 -0.0171965 0.859131 0.511467 -0.00151772 0.949711 0.313123 -0.021122 0.968053 -0.249854 -0.000521477 0.990793 -0.135381 0.000838031 0.597723 -0.801702 0 0.592756 -0.805382 -0.00410255 0.0854853 -0.996331 0 0.136705 -0.990612 0.0799438 -0.93861 -0.33559 0.112798 -0.355191 0.927963 0.482057 -0.637214 -0.601314 0.133932 0.519936 -0.84364 0.142904 -0.260947 -0.954717 0.338098 0.88394 0.323016 0.340951 0.910829 0.232687 0.435528 0.260292 0.861721 0.00384098 0.654529 -0.756027 0.00568168 -0.330925 -0.94364 -0.00796816 -0.920497 -0.390668 -0.0140135 -0.904178 -0.426927 0.00960497 -0.941033 0.338179 -0.0119888 -0.248809 0.968478 0.0144677 0.0863447 0.99616 -0.0191484 0.581692 0.813184 0.00750457 0.797389 0.603419 -0.014574 0.998386 -0.054883 -0.0112759 0.996956 -0.0771488 0.100279 -0.428395 0.89801 0.361676 -0.401877 -0.84124 0.373213 -0.756641 -0.536848 0.383927 0.795643 -0.468565 0.116296 0.952918 0.280039 0.140895 0.915321 -0.377276 0.162538 0.936993 -0.309233 0.44971 -0.792015 0.412883 0.097212 -0.913329 -0.395448 0.049201 -0.147747 0.987801 -0.0258361 0.347054 0.937489 -0.0216564 0.569572 -0.821656 -0.000568614 0.328567 -0.94448 -0.00443165 -0.270844 -0.962613 0.00732876 -0.365423 -0.930813 -0.00129839 -0.815948 -0.578123 0.00407001 -0.85196 -0.523592 -0.00493219 -0.998814 -0.0484423 -0.00331029 -0.693901 0.720063 0.0060974 -0.286818 0.957966 -0.0154435 -0.0116753 0.999813 0.0182046 0.329504 0.943979 -0.0270256 0.722996 0.690323 0.0355496 0.989425 0.140621 0.205239 -0.950549 0.233097 0.958387 -0.259145 -0.119741 0.10722 0.514742 -0.850614 0.228141 -0.376904 -0.897717 0.262823 0.454556 -0.85106 0.302864 0.888172 -0.345576 0.320711 0.206152 -0.924471 0.37689 0.868278 0.322563 0.207886 -0.0974033 0.973291 0.34919 0.68409 0.64038 0.250169 -0.684261 0.684983 0.248524 -0.650716 0.717499 0.4561 -0.834827 -0.308281 0.00462824 0.773594 0.633665 -0.00199548 0.997762 0.0668412 -0.0295149 -0.500815 -0.865051 0.00846288 -0.938049 -0.346398 0.00423459 0.993401 0.114618 0.000985066 0.890928 -0.454144 -0.0112244 0.842317 -0.538866 0.000266634 0.383648 -0.923479 -0.00898474 0.471099 -0.882034 0.00170366 0.0459626 -0.998942 -0.0129716 -0.245767 -0.969242 0.00696518 -0.464384 -0.885607 -0.0120101 -0.846786 -0.531798 0.0327703 -0.991553 0.125493 -0.0165539 -0.924114 0.381757 -0.00191234 -0.669349 0.742946 0.0145824 -0.421672 0.906631 -0.0141916 -0.123054 0.992299 0.00535577 0.319608 0.947535 -0.0158399 0.6197 0.784679 0.288477 0.934719 -0.207558 0.40044 0.451461 -0.79739 0.307566 0.795591 0.521955 0.097354 0.0974473 0.990468 0.10335 0.768854 0.631017 0.45609 -0.497765 0.737707 0.443315 -0.886039 -0.135672 0.444303 -0.881556 -0.159543 0.543803 -0.696837 -0.467651 0.0124536 -0.288948 -0.957264 -0.00384761 0.825022 0.565087 0.000504034 0.995831 0.09122 -0.018289 0.98879 -0.148186 0.00850352 0.853651 -0.520776 -0.00573226 0.677655 -0.735358 0.00938796 0.46003 -0.887854 -0.00823343 0.0720431 -0.997368 -0.00270216 -0.501439 -0.865189 0.0114547 -0.859474 -0.511052 -0.0066 -0.928045 -0.372409 0.00716128 -0.975846 0.218342 0.0028214 -0.966224 0.25769 -0.00274607 -0.559326 0.828943 0.00145042 -0.590092 0.807335 -0.000664091 0.0808883 0.996723 0.101965 -0.0288111 -0.994371 0.296552 0.904547 0.306352 0.279515 0.949189 0.144609 0.303212 0.0488614 0.95167 0.491848 0.406832 0.769788 0.0663053 -0.664131 0.74467 0.0896718 -0.0143961 0.995867 0.221969 -0.939912 0.259413 0.366882 -0.856805 -0.362329 0.476138 -0.441295 -0.760626 0.514456 -0.532491 -0.672152 0.514905 -0.644251 -0.56552 0.0335785 0.989483 -0.140697 -0.00723643 -0.0426116 0.999066 0.00335867 0.434872 0.900486 -0.00764934 0.549354 0.835555 0.00797274 0.853787 0.520561 -0.00816321 0.953653 0.300797 0.00716082 0.999326 -0.036002 -0.0121468 0.950832 -0.30947 0.0133647 0.703806 -0.710267 -0.00298527 -0.0251337 -0.99968 0.00224417 -0.0831407 -0.996535 -0.00191846 -0.579211 -0.815175 0.0022512 -0.620967 -0.783833 -0.0021374 -0.904411 -0.426656 0.0006037 -0.921031 -0.389489 -0.000980702 -0.990467 0.13775 0.00171897 -0.993297 0.115578 0.00153568 -0.740011 0.672593 0.0164476 0.99971 -0.0175878 3.31051e-18 0.0246633 0.999696 0 0.0752448 0.997165 0 0.0246633 0.999696 0 0.12391 0.992294 0 0.0752448 0.997165 0 0.173811 0.984779 0 0.12391 0.992294 0 0.222314 0.974975 0 0.173811 0.984779 0 0.27095 0.962593 0 0.222314 0.974975 0 0.318746 0.94784 0 0.27095 0.962593 0 0.365262 0.930905 0 0.318746 0.94784 0 0.411021 0.911626 0 0.365262 0.930905 0 0.456589 0.889678 0 0.411021 0.911626 0 0.49973 0.866181 0 0.456589 0.889678 0 0.49973 0.866181 0 0.542517 0.840045 0 0.542517 0.840045 0 0.583985 0.811765 0 0.583985 0.811765 0 0.62347 0.781847 0 0.62347 0.781847 0 0.66156 0.749892 0 0.66156 0.749892 0 0.698177 0.715926 0 0.698177 0.715926 0 0.733151 0.680066 0 0.733151 0.680066 0 0.766156 0.642655 0 0.766156 0.642655 0 0.796941 0.604057 0 0.826203 0.563373 0 0.796941 0.604057 0 0.826203 0.563373 0 0.853389 0.521275 0 0.878221 0.478256 0 0.853389 0.521275 0 0.900919 0.433986 0 0.878221 0.478256 0 0.921534 0.388299 0 0.900919 0.433986 0 0.939666 0.342095 0 0.921534 0.388299 0 0.95558 0.294731 0 0.939666 0.342095 0 0.969071 0.246781 0 0.95558 0.294731 0 0.980176 0.198131 0 0.969071 0.246781 0 0.988828 0.149063 0 0.980176 0.198131 0 0.995031 0.0995624 0 0.988828 0.149063 0 0.998757 0.0498544 0 0.995031 0.0995624 0 1 0 0 0.998757 0.0498544 0 0.998757 -0.0498544 0 1 0 0 0.995031 -0.0995624 0 0.998757 -0.0498544 0 0.988828 -0.149063 0 0.995031 -0.0995624 0 0.980176 -0.198131 0 0.988828 -0.149063 0 0.980176 -0.198131 0 0.969071 -0.246781 0 0.969071 -0.246781 0 0.95558 -0.294731 0 0.95558 -0.294731 0 0.939656 -0.342122 0 0.921546 -0.388269 0 0.939656 -0.342122 0 0.900919 -0.433986 0 0.921546 -0.388269 0 0.878221 -0.478256 0 0.900919 -0.433986 0 0.853366 -0.521312 0 0.878221 -0.478256 0 0.82623 -0.563334 0 0.853366 -0.521312 0 0.796911 -0.604097 0 0.82623 -0.563334 0 0.76619 -0.642614 0 0.796911 -0.604097 0 0.733151 -0.680066 0 0.76619 -0.642614 0 0.733151 -0.680066 0 0.698134 -0.715968 0 0.698134 -0.715968 0 0.66156 -0.749892 0 0.66156 -0.749892 0 0.58393 -0.811804 0 0.623522 -0.781806 0 0.623522 -0.781806 0 0.542576 -0.840007 0 0.58393 -0.811804 0 0.542576 -0.840007 0 0.49973 -0.866181 0 0.456589 -0.889678 0 0.49973 -0.866181 0 0.456589 -0.889678 0 0.411021 -0.911626 0 0.365262 -0.930905 0 0.411021 -0.911626 0 0.365262 -0.930905 0 0.318746 -0.94784 0 0.318746 -0.94784 0 0.270873 -0.962615 0 0.270873 -0.962615 0 0.222394 -0.974957 0 0.222394 -0.974957 0 0.123827 -0.992304 0 0.173811 -0.984779 0 0.173811 -0.984779 0 0.0753282 -0.997159 0 0.123827 -0.992304 0 0.0246633 -0.999696 0 0.0753282 -0.997159 0 0.0246633 -0.999696 -1.07881e-16 -0.0246633 -0.999696 0 -0.0246633 -0.999696 0 -0.0753282 -0.997159 0 -0.0753282 -0.997159 0 -0.123827 -0.992304 0 -0.173811 -0.984779 0 -0.123827 -0.992304 0 -0.173811 -0.984779 0 -0.222394 -0.974957 0 -0.222394 -0.974957 0 -0.270873 -0.962615 0 -0.318746 -0.94784 0 -0.270873 -0.962615 0 -0.318746 -0.94784 0 -0.365262 -0.930905 0 -0.365262 -0.930905 0 -0.411021 -0.911626 0 -0.411021 -0.911626 0 -0.456589 -0.889678 0 -0.456589 -0.889678 0 -0.49973 -0.866181 0 -0.49973 -0.866181 0 -0.542576 -0.840007 0 -0.58393 -0.811804 0 -0.542576 -0.840007 0 -0.58393 -0.811804 0 -0.623522 -0.781806 0 -0.66156 -0.749892 0 -0.623522 -0.781806 0 -0.66156 -0.749892 0 -0.698134 -0.715968 0 -0.698134 -0.715968 0 -0.733151 -0.680066 0 -0.733151 -0.680066 0 -0.796911 -0.604097 0 -0.76619 -0.642614 0 -0.76619 -0.642614 0 -0.796911 -0.604097 0 -0.853366 -0.521312 0 -0.82623 -0.563334 0 -0.82623 -0.563334 0 -0.878221 -0.478256 0 -0.853366 -0.521312 0 -0.900919 -0.433986 0 -0.878221 -0.478256 0 -0.900919 -0.433986 0 -0.921546 -0.388269 0 -0.939656 -0.342122 0 -0.921546 -0.388269 0 -0.939656 -0.342122 0 -0.95558 -0.294731 0 -0.95558 -0.294731 0 -0.969071 -0.246781 0 -0.969071 -0.246781 0 -0.980176 -0.198131 0 -0.980176 -0.198131 0 -0.988828 -0.149063 0 -0.995031 -0.0995624 0 -0.988828 -0.149063 0 -0.995031 -0.0995624 0 -0.998757 -0.0498544 0 -0.998757 -0.0498544 0 -1 0 0 -0.998757 0.0498544 0 -1 0 0 -0.998757 0.0498544 0 -0.995031 0.0995624 0 -0.995031 0.0995624 0 -0.988828 0.149063 0 -0.988828 0.149063 0 -0.980176 0.198131 0 -0.980176 0.198131 0 -0.95558 0.294731 0 -0.969071 0.246781 0 -0.969071 0.246781 0 -0.95558 0.294731 0 -0.939666 0.342095 0 -0.939666 0.342095 0 -0.900919 0.433986 0 -0.921534 0.388299 0 -0.921534 0.388299 0 -0.900919 0.433986 0 -0.853389 0.521275 0 -0.878221 0.478256 0 -0.878221 0.478256 0 -0.853389 0.521275 0 -0.796941 0.604057 0 -0.826203 0.563373 0 -0.826203 0.563373 0 -0.796941 0.604057 0 -0.766156 0.642655 0 -0.766156 0.642655 0 -0.698177 0.715926 0 -0.733151 0.680066 0 -0.733151 0.680066 0 -0.66156 0.749892 0 -0.698177 0.715926 0 -0.66156 0.749892 0 -0.62347 0.781847 0 -0.583985 0.811765 0 -0.62347 0.781847 0 -0.583985 0.811765 0 -0.542517 0.840045 0 -0.542517 0.840045 0 -0.49973 0.866181 0 -0.456589 0.889678 0 -0.49973 0.866181 0 -0.456589 0.889678 0 -0.411021 0.911626 0 -0.365262 0.930905 0 -0.411021 0.911626 0 -0.365262 0.930905 0 -0.318746 0.94784 0 -0.318746 0.94784 0 -0.27095 0.962593 0 -0.27095 0.962593 0 -0.173811 0.984779 0 -0.222314 0.974975 0 -0.222314 0.974975 0 -0.12391 0.992294 0 -0.173811 0.984779 0 -0.0752448 0.997165 0 -0.12391 0.992294 0 -0.0246633 0.999696 0 -0.0752448 0.997165 0 -0.0246633 0.999696 1 0 0 1 0 0 1 0 0 1 0 0 1 -0.000133303 0.000132815 1 3.38199e-05 -7.89057e-05 1 0 0 1 0 0 1 0 0 1 0 0 1 -9.37818e-05 -6.44628e-05 1 0 0 1 0 0 1 0 0 1 0 0 1 0 0 1 0 0 1 -6.64211e-05 6.72525e-06 1 0.00011107 0.000243528 1 4.62301e-06 -0.000129176 1 0.000113497 5.92809e-05 1 0 0 1 0 0 1 0 0 1 0 0 1 0 0 1 0 0 1 0 0 1 0 0 1 0 0 1 0.00010958 -2.47033e-05 1 0 0 1 0 0 1 9.85032e-05 -0.000470199 1 -2.38382e-06 2.64328e-05 1 0 0 1 0 0 1 0 0 1 0.000180944 0.000129352 1 -0.000121362 9.32977e-05 1 0 0 1 0 0 1 -3.27506e-05 -0.000107265 1 0 0 1 0 0 1 -7.08752e-05 0.000169516 1 0 0 1 5.56843e-05 -1.09946e-05 1 0 0 1 0 0 1 0 0 1 0 0 1 0 0 1 0 0 1 0 0 1 0 0 1 0 0 1 0 0 1 0 0 -1 0 0 1 0 0 1 0 0 1 0 0 1 0 0 1 0 0 1 0 0 1 0 0 1 0 0 1 0 0 1 0 0 1 -8.89561e-05 -3.34379e-05 1 -0.000120489 -0.000209673 1 0 0 1 0.000265471 0.000268744 1 0 0 1 0 0 1 0 0 1 0 0 1 0 0 1 0 0 1 0 0 1 0 0 1 0 0 1 0 0 1 0 0 1 0 0 1 0 0 1 0 0 1 0 0 1 0 0 1 0 0 1 -0.000100298 -0.000106467 1 0 0 1 0 0 1 0.000424248 0.000102018 1 -9.55903e-05 0.000222692 1 0 0 1 0 0 1 0 0 1 0 0 1 0 0 1 0 0 1 0 0 1 0 0 1 0 0 1 0 0 1 0 0 1 0 0 1 0 0 1 0 0 1 0 0 1 0 0 1 0 0 1 0 0 1 0 0 1 0 0 1 0 0 1 0 0 1 0 0 1 0 0 1 0 0 1 0 0 1 0 0 1 0 0 1 0 0 1 0 0 1 0 0 1 -0.000383601 -0.000369291 1 0 0 1 0 0 1 0 0 1 0 0 1 0 0 1 0 0 1 0 0 1 0 0 1 0 0 1 0 0 1 -0.000182772 1.41504e-05 1 -8.87998e-05 0.000213233 1 0.000196255 -0.000126907 1 6.6108e-05 -0.000194794 1 0 0 1 -5.78457e-06 -0.000118607 1 -9.05913e-05 -4.27642e-05 1 0 0 1 3.28274e-05 -6.00651e-05 1 -6.33002e-05 -8.92935e-06 1 0.000110503 0.000129463 1 0.000116563 0.000171997 1 0 0 1 0 0 1 0 0 1 0 0 1 0 0 1 0 0 1 0 0 1 -1.59654e-05 0.000189768 1 0.000100949 -8.67547e-05 1 -0.000135629 0.00023853 1 6.23206e-05 -4.91505e-05 1 0 0 1 0 0 1 0 0 1 0 0 1 0 0 1 0 0 1 0 0 3.00064e-18 -0.0247052 -0.999695 0 -0.0247052 -0.999695 0 -0.0749111 -0.99719 0 -0.0749111 -0.99719 0 -0.124323 -0.992242 0 -0.124323 -0.992242 0 -0.173807 -0.98478 0 -0.173807 -0.98478 0 -0.222657 -0.974897 0 -0.222657 -0.974897 0 -0.270729 -0.962656 0 -0.318246 -0.948008 0 -0.270729 -0.962656 0 -0.365665 -0.930747 0 -0.318246 -0.948008 0 -0.411165 -0.911561 0 -0.365665 -0.930747 0 -0.455986 -0.889987 0 -0.411165 -0.911561 0 -0.499998 -0.866026 0 -0.455986 -0.889987 0 -0.499998 -0.866026 0 -0.542779 -0.839876 0 -0.542779 -0.839876 0 -0.583648 -0.812007 0 -0.583648 -0.812007 0 -0.623655 -0.781699 0 -0.66138 -0.750051 0 -0.623655 -0.781699 0 -0.66138 -0.750051 0 -0.698419 -0.715689 0 -0.698419 -0.715689 0 -0.732891 -0.680346 0 -0.732891 -0.680346 0 -0.766069 -0.642758 0 -0.766069 -0.642758 0 -0.797292 -0.603593 0 -0.797292 -0.603593 0 -0.826246 -0.563309 0 -0.826246 -0.563309 0 -0.853225 -0.521543 0 -0.853225 -0.521543 0 -0.878278 -0.478151 0 -0.878278 -0.478151 0 -0.900873 -0.434082 0 -0.900873 -0.434082 0 -0.921539 -0.388286 0 -0.921539 -0.388286 0 -0.939643 -0.342156 0 -0.95561 -0.294635 0 -0.939643 -0.342156 0 -0.95561 -0.294635 0 -0.969053 -0.246854 0 -0.969053 -0.246854 0 -0.980194 -0.198038 0 -0.980194 -0.198038 0 -0.988829 -0.149056 0 -0.988829 -0.149056 0 -0.995028 -0.0995915 0 -0.995028 -0.0995915 0 -0.998757 -0.0498425 0 -0.998757 -0.0498425 0 -1 0 0 -1 0 0 -0.995028 0.0995915 0 -0.998757 0.0498425 0 -0.998757 0.0498425 0 -0.995028 0.0995915 0 -0.988829 0.149056 0 -0.988829 0.149056 0 -0.980194 0.198038 0 -0.980194 0.198038 0 -0.969053 0.246854 0 -0.955603 0.294658 0 -0.969053 0.246854 0 -0.955603 0.294658 0 -0.939643 0.342156 0 -0.939643 0.342156 0 -0.921539 0.388286 0 -0.921539 0.388286 0 -0.900888 0.434051 0 -0.900888 0.434051 0 -0.87826 0.478184 0 -0.87826 0.478184 0 -0.853225 0.521543 0 -0.853225 0.521543 0 -0.826272 0.563272 0 -0.826272 0.563272 0 -0.797263 0.603632 0 -0.797263 0.603632 0 -0.766102 0.642719 0 -0.766102 0.642719 0 -0.732854 0.680386 0 -0.732854 0.680386 0 -0.66138 0.750051 0 -0.69846 0.715649 0 -0.69846 0.715649 0 -0.623607 0.781738 0 -0.66138 0.750051 0 -0.623607 0.781738 0 -0.583701 0.811969 0 -0.583701 0.811969 0 -0.500058 0.865992 0 -0.542723 0.839912 0 -0.542723 0.839912 0 -0.500058 0.865992 0 -0.455986 0.889987 0 -0.455986 0.889987 0 -0.411165 0.911561 0 -0.411165 0.911561 0 -0.365665 0.930747 0 -0.365665 0.930747 0 -0.318246 0.948008 0 -0.318246 0.948008 0 -0.222582 0.974914 0 -0.270729 0.962656 0 -0.270729 0.962656 0 -0.222582 0.974914 0 -0.124401 0.992232 0 -0.173807 0.98478 0 -0.173807 0.98478 0 -0.124401 0.992232 0 -0.0748319 0.997196 0 -0.0748319 0.997196 0 -0.0247849 0.999693 -9.92473e-17 -0.0247849 0.999693 9.92473e-17 0.0247849 0.999693 0 0.0247849 0.999693 0 0.0748319 0.997196 0 0.0748319 0.997196 0 0.124401 0.992232 0 0.124401 0.992232 0 0.173807 0.98478 0 0.173807 0.98478 0 0.222582 0.974914 0 0.270729 0.962656 0 0.222582 0.974914 0 0.270729 0.962656 0 0.318246 0.948008 0 0.318246 0.948008 0 0.365665 0.930747 0 0.411165 0.911561 0 0.365665 0.930747 0 0.455986 0.889987 0 0.411165 0.911561 0 0.500058 0.865992 0 0.455986 0.889987 0 0.500058 0.865992 0 0.583701 0.811969 0 0.542723 0.839912 0 0.542723 0.839912 0 0.623607 0.781738 0 0.583701 0.811969 0 0.623607 0.781738 0 0.69846 0.715649 0 0.66138 0.750051 0 0.66138 0.750051 0 0.732854 0.680386 0 0.69846 0.715649 0 0.766102 0.642719 0 0.732854 0.680386 0 0.766102 0.642719 0 0.826272 0.563272 0 0.797263 0.603632 0 0.797263 0.603632 0 0.853225 0.521543 0 0.826272 0.563272 0 0.853225 0.521543 0 0.900888 0.434051 0 0.87826 0.478184 0 0.87826 0.478184 0 0.921539 0.388286 0 0.900888 0.434051 0 0.921539 0.388286 0 0.939643 0.342156 0 0.939643 0.342156 0 0.955603 0.294658 0 0.969053 0.246854 0 0.955603 0.294658 0 0.969053 0.246854 0 0.980194 0.198038 0 0.980194 0.198038 0 0.995028 0.0995915 0 0.988829 0.149056 0 0.988829 0.149056 0 0.995028 0.0995915 0 1 0 0 0.998757 0.0498425 0 0.998757 0.0498425 0 1 0 0 0.998757 -0.0498425 0 0.998757 -0.0498425 0 0.995028 -0.0995915 0 0.995028 -0.0995915 0 0.988829 -0.149056 0 0.988829 -0.149056 0 0.969053 -0.246854 0 0.980194 -0.198038 0 0.980194 -0.198038 0 0.95561 -0.294635 0 0.969053 -0.246854 0 0.939643 -0.342156 0 0.95561 -0.294635 0 0.939643 -0.342156 0 0.921539 -0.388286 0 0.921539 -0.388286 0 0.878278 -0.478151 0 0.900873 -0.434082 0 0.900873 -0.434082 0 0.878278 -0.478151 0 0.826246 -0.563309 0 0.853225 -0.521543 0 0.853225 -0.521543 0 0.797292 -0.603593 0 0.826246 -0.563309 0 0.797292 -0.603593 0 0.732891 -0.680346 0 0.766069 -0.642758 0 0.766069 -0.642758 0 0.732891 -0.680346 0 0.698419 -0.715689 0 0.698419 -0.715689 0 0.623655 -0.781699 0 0.66138 -0.750051 0 0.66138 -0.750051 0 0.583648 -0.812007 0 0.623655 -0.781699 0 0.583648 -0.812007 0 0.542779 -0.839876 0 0.542779 -0.839876 0 0.499998 -0.866026 0 0.499998 -0.866026 0 0.455986 -0.889987 0 0.411165 -0.911561 0 0.455986 -0.889987 0 0.411165 -0.911561 0 0.365665 -0.930747 0 0.365665 -0.930747 0 0.318246 -0.948008 0 0.270729 -0.962656 0 0.318246 -0.948008 0 0.270729 -0.962656 0 0.222657 -0.974897 0 0.222657 -0.974897 0 0.173807 -0.98478 0 0.124323 -0.992242 0 0.173807 -0.98478 0 0.124323 -0.992242 0 0.0749111 -0.99719 0 0.0749111 -0.99719 0 0.0247052 -0.999695 -3.00064e-18 0.0247052 -0.999695 -1 0 0 -1 0 0 -1 0 0 -1 0 0 -1 0 0 -1 0 0 -1 0 0 -1 0 0 -1 0 0 -1 0 0 -1 0 0 -1 0 0 -1 0 0 -1 0 0 -1 0 0 -1 0 0 -1 0 0 -1 0 0 -1 0 0 -1 0 0 -1 0 0 -1 0 0 -1 0 0 -1 0 0 -1 0 0 -1 0 0 -1 0 0 -1 0 0 -1 0 0 -1 0 0 -1 0 0 -1 0 0 -1 0 0 -1 0 0 -1 0 0 -1 0 0 -1 0 0 -1 0 0 -1 0 0 -1 0 0 -1 0 0 -1 0 0 -1 0 0 -1 0 0 -1 0 0 -1 0 0 -1 0 0 -1 0 0 -1 0 0 -1 0 0 -1 0 0 -1 0 0 -1 0 0 -1 0 0 -1 0 0 -1 0 0 -1 0 0 -1 0 0 -1 0 0 -1 0 0 -1 0 0 -1 0 0 -1 0 0 -1 0 0 -1 0 0 -1 0 0 -1 0 0 -1 0 0 -1 0 0 -1 0 0 -1 0 0 -1 0 0 -1 0 0 -1 0 0 -1 0 0 -1 0 0 -1 0 0 -1 0 0 -1 0 0 -1 0 0 -1 0 0 -1 0 0 -1 0 0 -1 0 0 -1 0 0 -1 0 0 -1 0 0 -1 0 0 -1 0 0 -1 0 0 -1 0 0 -1 0 0 -1 0 0 -1 0 0 -1 0 0 -1 0 0 -1 0 0 -1 0 0 -1 0 0 -1 0 0 -1 0 0 -1 0 0 -1 0 0 -1 0 0 -1 0 0 -1 0 0 -1 0 0 -1 0 0 -1 0 0 -1 0 0 -1 0 0 -1 0 0 -1 0 0 -1 0 0 -1 0 0 -1 0 0 -1 0 0 -1 0 0 -1 0 0 -1 0 0 -1 0 0 -1 0 0 -1 0 0 -1 0 0 -1 0 0 -1 0 0 -1 0 0 -1 0 0 -1 0 0 -1 0 0 -1 0 0 -1 0 0 -1 0 0 -1 0 0 -1 0 0 -1 0 0 -1 0 0 -1 0 0 -1 0 0 -1 0 0 -1 0 0 -1 0 0 -1 0 0 -1 0 0 -1 0 0 -1 0 0 -1 0 0 -1 0 0 -1 0 0 -1 0 0 -1 0 0 -1 0 0 -1 0 0 -1 0 0 -1 0 0 -1 0 0 -1 0 0 -1 0 0 -1 0 0 -1 0 0 -1 0 0 -1 0 0 -1 0 0 -1 0 0 -1 0 0 -1 0 0 -1 0 0 -1 0 0 -1 0 0 -1 0 0 -1 0 0 -1 0 0 -1 0 0 -1 0 0 -1 0 0 -1 0 0 -1 0 0 -1 0 0 -1 0 0 -1 0 0 -1 0 0 -1 0 0 -1 0 0 -1 0 0 -1 0 0 -1 0 0 -1 0 0 -1 0 0 -1 0 0 -1 0 0 -1 0 0 -1 0 0 -1 0 0 -1 0 0 -1 0 0 -1 0 0 -1 0 0 -1 0 0 -1 0 0 -1 0 0 -1 0 0 -1 0 0 -1 0 0 -1 0 0 -1 0 0 -1 0 0 -1 0 0 -1 0 0 -1 0 0 -1 0 0 -1 0 0 -1 0 0 -1 0 0 -1 0 0 -1 0 0 -1 0 0 -1 0 0 -1 0 0 -1 0 0 -1 0 0 -1 0 0 -1 0 0 -1 0 0 -1 0 0 -1 0 0 -1 0 0 -1 0 0 -1 0 0 -1 0 0 -1 0 0 -1 0 0 -1 0 0 -1 0 0 -1 0 0 -1 0 0 -1 0 0 -1 0 0 -1 0 0 -1 0 0 -1 0 0 -1 0 0 -1 0 0 -1 0 0 -1 0 0 -1 0 0 -1 0 0 -1 0 0 -1 0 0 -1 0 0 -1 0 0 -1 0 0 -1 0 0 0.0130972 -0.902471 0.430552 -0.00427672 -0.101724 0.994803 0.0288989 -0.00149742 0.999581 -0.0100664 0.720341 0.693547 0.0096213 0.956289 -0.292267 0.00179923 0.285486 -0.958381 -0.00343266 0.301985 -0.953307 0.00199574 -0.513592 -0.858032 0.100531 -0.849289 -0.518268 0.302298 0.690055 0.657602 0.176513 0.77068 -0.612287 0.969382 -0.000367854 0.245556 0.281563 -0.870724 -0.40319 0.276822 -0.955538 0.101576 0.970844 0.0723905 -0.228523 -0.0188058 -0.82508 0.564702 0.000471609 -0.788055 0.615604 -0.00956389 -0.0559803 0.998386 -0.0348825 0.0427232 0.998478 0.0231 0.732148 0.680753 0.00947263 0.780274 0.625367 0.00996699 0.996211 -0.0863934 0.0775275 0.483872 -0.871698 -0.00802775 0.115651 -0.993257 0.00192169 -0.56088 -0.827895 0.0103322 -0.531688 -0.846877 -0.0048977 -0.959023 -0.283287 0.00621334 -0.973962 -0.226628 0.967389 0.185501 0.172479 0.970036 -0.0136017 0.242582 0.971747 -0.186001 0.145298 0.979727 -0.195126 -0.0454032 0.979515 -0.112944 -0.166713 0.282936 0.916572 -0.282565 0.290142 0.365469 -0.884449 -0.000133849 -0.746951 0.66488 0.00191405 -0.263534 0.964648 -0.0033357 -0.310227 0.950657 0.00328582 0.418375 0.908268 -0.0194232 0.275696 0.961049 0.00648412 0.76224 0.647262 -0.0144334 0.928199 0.371805 -0.00362164 0.925791 -0.378018 0.00823954 0.765059 -0.643908 -0.016309 0.492289 -0.870279 -0.00183995 0.330268 -0.943885 0.000338075 -0.0803014 -0.996771 -0.00441502 -0.154156 -0.988037 0.0043343 -0.558342 -0.8296 -0.00868167 -0.693316 -0.720582 0.00579693 -0.920825 -0.389934 -0.015031 -0.988588 -0.149892 0.481008 0.817455 0.316858 0.448944 0.681121 0.57838 0.330015 -0.25078 0.910055 0.334647 0.142702 0.931476 0.0964099 -0.86948 -0.484468 0.0681169 -0.281892 0.957025 0.406048 -0.564096 -0.718972 0.283631 -0.958549 0.0271497 0.441202 0.674385 -0.592069 0.342936 0.83949 -0.421487 0.356159 -0.0882094 -0.930252 0.604525 -0.0196464 0.796344 0.660584 -0.0564902 0.748624 0.606613 -0.0985079 0.788871 0.557858 -0.144252 0.817304 0.462787 -0.139396 0.875441 0.66019 -0.16698 0.732303 0.64716 -0.20656 0.733837 0.501697 -0.275729 0.819923 0.077949 -0.364151 0.928072 0.0778383 -0.364146 0.928083 0.462581 -0.364402 0.808227 0.591097 -0.368285 0.717615 0.575325 -0.408742 0.708471 0.398333 -0.497619 0.770524 0.436396 -0.484334 0.758274 0.661067 -0.43818 0.609089 0.706943 -0.440962 0.552977 0.589805 -0.570487 0.571555 -0.214883 -0.646106 0.732374 0.300207 -0.665972 0.682903 0.522689 -0.625028 0.579772 0.558058 -0.635758 0.533277 0.444244 -0.713984 0.541178 0.0779071 -0.823692 0.56166 -0.0688087 -0.851366 0.520039 -0.321308 -0.799025 0.508252 0.398034 -0.805654 0.438738 0.573966 -0.737744 0.355382 0.590108 -0.743977 0.313483 0.46399 -0.832394 0.303041 0.374759 -0.88594 0.273252 0.212533 -0.929121 0.302597 0.605566 -0.771182 0.196387 0.660712 -0.735758 0.148725 0.605667 -0.786828 0.118612 -0.0707943 -0.992535 0.0993126 0.241859 -0.967348 0.075782 0.397896 -0.91629 0.045738 0.574275 -0.818662 0 0.590259 -0.80621 -0.0402432 0.463582 -0.881652 -0.0882177 0.60568 -0.786818 -0.11861 0.395672 -0.912834 -0.100888 0.684842 -0.714246 -0.144376 0.660679 -0.727451 -0.185251 0.54905 -0.801664 -0.236389 0.605401 -0.760566 -0.234583 0.684837 -0.684724 -0.249303 0.66085 -0.691637 -0.291403 0.46264 -0.794886 -0.392581 0.375229 -0.835091 -0.402276 0.605637 -0.698836 -0.380568 0.660577 -0.640672 -0.39138 0.60524 -0.657714 -0.448438 0.223211 -0.762504 -0.60726 -0.15304 -0.787523 -0.596981 0.37367 -0.710689 -0.596064 0.589972 -0.591964 -0.549102 0.634343 -0.539693 -0.55348 0.557636 -0.549151 -0.622475 0.0780206 -0.621621 -0.779423 0.206838 -0.602562 -0.770803 0.462789 -0.517635 -0.719639 0.590102 -0.438037 -0.678161 0.57395 -0.409224 -0.709307 0.400615 -0.418348 -0.815164 0.558973 -0.340813 -0.755908 0.307223 -0.424907 -0.851509 0.66132 -0.273984 -0.698276 0.648526 -0.242627 -0.721489 0.503413 -0.234046 -0.831744 -0.213069 -0.217287 -0.952569 -0.0409519 -0.211021 -0.976623 0.298376 -0.165894 -0.939921 0.523055 -0.105538 -0.84574 0.557639 -0.0625287 -0.827725 0.440276 -0.0221443 -0.89759 0.0789459 0.0245863 -0.996576 -0.504317 0.0650473 -0.861066 -0.558255 0.0666263 -0.82699 -0.0754121 0.123474 -0.989478 0.351294 0.162734 -0.922014 0.502805 0.192238 -0.842753 0.483113 0.237165 -0.842826 0.272513 0.306682 -0.911966 -0.212254 0.356939 -0.909694 0.27082 0.321323 -0.907419 0.660189 0.308717 -0.684722 0.707095 0.322862 -0.629108 0.636788 0.40077 -0.658699 0.521423 0.426419 -0.739111 0.64125 0.416336 -0.644564 0.634324 0.451417 -0.627579 0.494042 0.542113 -0.679732 0.079294 0.659477 -0.747531 0.508597 0.546622 -0.665232 0.706516 0.494067 -0.506688 0.706537 0.518833 -0.481266 0.575176 0.632881 -0.518299 0.504627 0.661481 -0.554793 0.647357 0.607395 -0.460435 0.660421 0.620412 -0.423005 0.605868 0.678908 -0.414738 0.573999 0.695667 -0.431941 0.684835 0.639957 -0.348504 0.660759 0.676228 -0.325749 0.462827 0.82023 -0.336175 0.3759 0.85396 -0.359793 0.605407 0.747887 -0.2723 0.660679 0.717324 -0.221246 0.605647 0.771122 -0.196372 0.146556 0.975954 -0.161353 -0.437448 0.881417 -0.178168 0.163555 0.975512 -0.147055 0.503188 0.859883 -0.0860395 0.605568 0.794804 -0.0396739 0.574439 0.818548 0 0.375041 0.925856 0.0462155 0.0669057 0.994457 0.0811139 0.274359 0.956849 0.0957419 0.540296 0.832074 0.125433 0.605559 0.780024 0.157673 0.540139 0.815547 0.207685 0.274524 0.918867 0.283408 0.375389 0.870945 0.317076 0.0476405 0.948423 0.313408 0.605354 0.7335 0.309069 0.660741 0.676243 0.325756 0.605806 0.698723 0.380506 0.462366 0.756691 0.462209 0.413181 0.780297 0.469487 0.620118 0.648164 0.441971 0.634185 0.61618 0.467045 0.523173 0.652938 0.547688 0.165317 0.723063 0.670709 0.414049 0.680198 0.604891 0.660605 0.524144 0.537469 0.684779 0.482112 0.546484 0.457221 0.505838 0.73149 -0.615202 0.491525 0.616385 -0.0738267 0.582391 0.809549 0.374659 0.503002 0.778858 0.541018 0.420278 0.728468 0.541172 0.383951 0.748141 0.373534 0.38127 0.845639 -0.0696884 0.364374 0.928642 0.0758838 0.373695 0.924443 0.521155 0.272037 0.808946 0.633961 0.209543 0.744436 0.619834 0.174458 0.765095 0.501587 0.150365 0.851939 0.477028 0.155748 0.864978 0.66117 0.0929615 0.744454 0.684828 0.0548313 0.726639 0.375884 0.0228547 0.926385 0.560098 0.00161177 0.828425 0.865329 -0.0124554 -0.501049 0.907396 -0.0235565 -0.419617 0.882366 -0.0350823 -0.469254 0.813989 -0.0722165 -0.576373 0.772964 -0.110361 -0.624778 0.798631 -0.133952 -0.586724 0.865169 -0.13574 -0.48276 0.853617 -0.137871 -0.502324 0.753146 -0.209595 -0.623571 0.706759 -0.258555 -0.658515 0.783028 -0.278202 -0.556301 0.881949 -0.193859 -0.429634 0.813957 -0.264898 -0.517014 0.773015 -0.317186 -0.549401 0.79893 -0.326444 -0.505119 0.865134 -0.29271 -0.407264 0.817346 -0.325861 -0.475143 0.707069 -0.440756 -0.552981 0.706867 -0.476859 -0.522441 0.752828 -0.435707 -0.493366 0.706739 -0.493991 -0.506451 0.786107 -0.471256 -0.399942 0.896224 -0.325118 -0.301797 0.827294 -0.430346 -0.361092 0.772889 -0.50581 -0.383143 0.781946 -0.515094 -0.351054 0.841365 -0.460144 -0.2835 0.833842 -0.470979 -0.287902 0.752993 -0.577943 -0.314618 0.731242 -0.614506 -0.296087 0.830954 -0.52221 -0.191866 0.924075 -0.352196 -0.148469 0.86524 -0.471146 -0.171409 0.798753 -0.574916 -0.177386 0.772954 -0.614834 -0.156592 0.813782 -0.569649 -0.115148 0.887394 -0.456239 -0.0661704 0.895981 -0.439136 -0.0661662 0.827379 -0.558852 -0.0559308 0.772939 -0.633692 -0.0316237 0.781952 -0.623339 0 0.857706 -0.513114 0.032454 0.882071 -0.47053 0.0234813 0.813705 -0.578389 0.0578822 0.772959 -0.627374 0.0945287 0.798793 -0.589678 0.119205 0.865543 -0.485344 0.123604 0.924122 -0.365114 0.112653 0.83084 -0.538885 0.138952 0.731425 -0.640829 0.233142 0.753415 -0.605902 0.255437 0.833671 -0.497573 0.239612 0.833255 -0.498094 0.239978 0.7532 -0.577725 0.314523 0.731167 -0.582076 0.355785 0.790312 -0.506228 0.345168 0.790721 -0.505851 0.344782 0.731465 -0.543561 0.411704 0.753376 -0.50375 0.422683 0.775156 -0.479434 0.411431 0.706636 -0.518586 0.481387 0.706618 -0.494075 0.506538 0.774844 -0.42351 0.469314 0.753694 -0.435025 0.492644 0.731592 -0.424923 0.533117 0.811784 -0.329893 0.481848 0.865152 -0.292714 0.407223 0.790784 -0.332236 0.514081 0.753322 -0.328818 0.569548 0.790741 -0.279137 0.544804 0.853726 -0.218865 0.472494 0.833438 -0.227253 0.503724 0.753466 -0.240331 0.611989 0.731549 -0.217221 0.646259 0.826036 -0.130759 0.548239 0.904536 -0.11539 0.410486 0.847781 -0.118044 0.517042 0.806532 -0.102875 0.582171 0.817543 -0.0715553 0.571405 0.870086 -0.0367806 0.491526 0.923074 -0.00955828 0.384504 0.957512 0.00716684 0.288303 0.955463 0.0063336 0.295042 0.917735 0.0296389 0.396086 0.865742 0.0621892 0.496612 0.820688 0.0994269 0.56266 0.820635 0.127193 0.557118 0.865088 0.135747 0.482904 0.92005 0.126098 0.370955 0.923954 0.121867 0.362571 0.865098 0.183351 0.466892 0.798579 0.247517 0.548641 0.772873 0.289355 0.564748 0.813846 0.290533 0.503235 0.871692 0.263387 0.413256 0.882427 0.255353 0.395117 0.790484 0.357485 0.497332 0.753336 0.409898 0.514266 0.790963 0.405 0.458642 0.87785 0.338576 0.338742 0.895802 0.310337 0.318166 0.842554 0.394751 0.366435 0.813802 0.445186 0.373544 0.8367 0.436569 0.330666 0.889464 0.377631 0.257389 0.910062 0.346529 0.227388 0.865528 0.427351 0.261212 0.790265 0.538179 0.292994 0.753192 0.592607 0.285514 0.790572 0.564274 0.237888 0.902657 0.410312 0.129824 0.949016 0.296231 0.107773 0.912868 0.390107 0.120365 0.867775 0.481586 0.122646 0.839689 0.532299 0.107606 0.853327 0.515557 0.0776809 0.895906 0.442035 0.0442366 0.937174 0.348428 0.0173879 0.942947 0.332646 0.0140764 0.903582 0.428416 0 0.839645 0.542461 -0.0270709 0.786334 0.61473 -0.0615232 0.790478 0.605654 -0.0912561 0.858475 0.502053 -0.104711 0.847938 0.519587 -0.105028 0.79049 0.593527 -0.151165 0.753174 0.628581 -0.193945 0.790302 0.575795 -0.209482 0.845291 0.494391 -0.202637 0.865471 0.461619 -0.194596 0.752984 0.592814 -0.285635 0.731185 0.599154 -0.326164 0.857746 0.428436 -0.284104 0.790715 0.522326 -0.319289 0.833904 0.456063 -0.310822 0.763468 0.514821 -0.389969 0.753366 0.503759 -0.422691 0.825889 0.411015 -0.38597 0.814029 0.425689 -0.395154 0.752972 0.459482 -0.471073 0.731175 0.451575 -0.511334 0.791032 0.381313 -0.478403 0.761952 0.409389 -0.501827 0.706458 0.413061 -0.574716 0.761681 0.345479 -0.548166 0.790878 0.33217 -0.513979 0.731412 0.34096 -0.590578 0.753409 0.29984 -0.58521 0.886865 0.176749 -0.426885 0.833416 0.227297 -0.50374 0.860766 0.186025 -0.47379 0.806452 0.18839 -0.560485 0.79867 0.162887 -0.579305 0.845033 0.119016 -0.521301 0.891212 0.0830841 -0.445912 0.904595 0.0741489 -0.419773 0.813948 0.0722237 -0.57643 0.773073 0.0472908 -0.632551 0.798795 0.0149505 -0.601417 -1 0 0 -1 0 0 -1 0 0 -1 0 0 -1 0 0 -1 0 0 -1 0 0 -1 0 0 -1 0 0 -1 0 0 -1 0 0 -1 0 0 -1 0 0 -1 0 0 -1 0 0 -1 0 0 -1 0 0 -1 0 0 -1 0 0 -1 0 0 -1 0 0 -1 0 0 -1 0 0 -1 0 0 -1 0 0 -1 0 0 -1 0 0 -1 0 0 -1 0 0 -1 0 0 -1 0 0 -1 0 0 -1 0 0 -1 0 0 -1 0 0 -1 0 0 -1 0 0 -1 0 0 -1 0 0 -1 0 0 -1 0 0 -1 0 0 -1 0 0 -1 0 0 -1 0 0 -1 0 0 -1 0 0 -1 0 0 -1 0 0 -1 0 0 -1 0 0 -1 0 0 -1 0 0 -1 0 0 -1 0 0 -1 0 0 -1 0 0 -1 0 0 -1 0 0 -1 0 0 -1 0 0 -1 0 0 -1 0 0 -1 0 0 -1 0 0 -1 0 0 -1 0 0 -1 0 0 -1 0 0 -1 0 0 -1 0 0 -1 0 0 -1 0 0 -1 0 0 -1 0 0 -1 0 0 -1 0 0 -1 0 0 -1 0 0 -1 0 0 -1 0 0 -1 0 0 -1 0 0 -1 0 0 -1 0 0 -1 0 0 -1 0 0 -1 0 0 -1 0 0 -1 0 0 -1 0 0 -1 0 0 -1 0 0 -1 0 0 -1 0 0 -1 0 0 -1 0 0 -1 0 0 -1 0 0 -1 0 0 -1 0 0 -1 0 0 -1 0 0 -1 0 0 -1 0 0 -1 0 0 -1 0 0 -1 0 0 -1 0 0 -1 0 0 -1 0 0 -1 0 0 -1 0 0 -1 0 0 -1 0 0 -1 0 0 -1 0 0 -1 0 0 -1 0 0 -1 0 0 -1 0 0 -1 0 0 -1 0 0 -1 0 0 -1 0 0 -1 0 0 -1 0 0 -1 0 0 -1 0 0 -1 0 0 -1 0 0 -1 0 0 -1 0 0 -1 0 0 -1 0 0 -1 0 0 -1 0 0 -1 0 0 -1 0 0 -1 0 0 -1 0 0 -1 0 0 -1 0 0 -1 0 0 -1 0 0 -1 0 0 -1 0 0 -1 0 0 -1 0 0 -1 0 0 -1 0 0 -1 0 0 -1 0 0 -1 0 0 -1 0 0 -1 0 0 -1 0 0 -1 0 0 -1 0 0 -1 0 0 -1 0 0 -1 0 0 -1 0 0 -1 0 0 -1 0 0 -1 0 0 -1 0 0 -1 0 0 -1 0 0 -1 0 0 -1 0 0 -1 0 0 -1 0 0 -1 0 0 -1 0 0 -1 0 0 -1 0 0 -1 0 0 -1 0 0 -1 0 0 -1 0 0 -1 0 0 -1 0 0 -1 0 0 -1 0 0 -1 0 0 -1 0 0 -1 0 0 -1 0 0 -1 0 0 -1 0 0 -1 0 0 -1 0 0 -1 0 0 -1 0 0 -1 0 0 -1 0 0 -1 0 0 -1 0 0 -1 0 0 -1 0 0 -1 0 0 -1 0 0 -1 0 0 -1 0 0 -1 0 0 -1 0 0 -1 0 0 -1 0 0 -1 0 0 -1 0 0 -1 0 0 -1 0 0 -1 0 0 -1 0 0 -1 0 0 -1 0 0 -1 0 0 -1 0 0 -1 0 0 -1 0 0 -1 0 0 -1 0 0 -1 0 0 -1 0 0 -1 0 0 -1 0 0 -1 0 0 -1 0 0 -1 0 0 -1 0 0 -1 0 0 -1 0 0 -1 0 0 -1 0 0 -1 0 0 -1 0 0 -1 0 0 -1 0 0 -1 0 0 -1 0 0 -1 0 0 -1 0 0 -1 0 0 -1 0 0 -1 0 0 -1 0 0 -1 0 0 -1 0 0 -1 0 0 -1 0 0 -1 0 0</float_array>
                    <technique_common>
                        <accessor count="2000" source="#shape0-lib-normals-array" stride="3">
                            <param name="X" type="float"/>
                            <param name="Y" type="float"/>
                            <param name="Z" type="float"/>
                        </accessor>
                    </technique_common>
                </source>
                <vertices id="shape0-lib-vertices">
                    <input semantic="POSITION" source="#shape0-lib-positions"/>
                </vertices>
                <triangles count="2000">
                    <input offset="0" semantic="VERTEX" source="#shape0-lib-vertices"/>
                    <input offset="1" semantic="NORMAL" source="#shape0-lib-normals"/>
                    <p>0 0 1 0 2 0 0 1 2 1 3 1 4 2 0 2 3 2 4 3 3 3 5 3 6 4 5 4 7 4 6 5 4 5 5 5 8 6 7 6 9 6 8 7 6 7 7 7 10 8 9 8 11 8 10 9 8 9 9 9 12 10 11 10 13 10 12 11 10 11 11 11 14 12 13 12 15 12 14 13 12 13 13 13 16 14 15 14 17 14 16 15 14 15 15 15 18 16 17 16 19 16 18 17 16 17 17 17 20 18 19 18 21 18 20 19 18 19 19 19 22 20 20 20 21 20 22 21 21 21 23 21 24 22 22 22 23 22 24 23 23 23 25 23 26 24 24 24 25 24 26 25 25 25 27 25 28 26 26 26 27 26 28 27 27 27 29 27 30 28 28 28 29 28 30 29 29 29 31 29 30 30 31 30 32 30 33 31 30 31 32 31 34 32 33 32 32 32 34 33 32 33 35 33 36 34 34 34 35 34 36 35 35 35 37 35 38 36 36 36 37 36 38 37 37 37 39 37 40 38 38 38 39 38 40 39 39 39 41 39 40 40 41 40 42 40 43 41 40 41 42 41 44 42 43 42 42 42 44 43 42 43 45 43 46 44 44 44 45 44 46 45 45 45 47 45 46 46 47 46 48 46 49 47 46 47 48 47 49 48 48 48 50 48 51 49 49 49 50 49 52 50 51 50 50 50 52 51 50 51 53 51 52 52 53 52 54 52 55 53 52 53 54 53 56 54 55 54 54 54 56 55 54 55 57 55 56 56 57 56 58 56 59 57 56 57 58 57 60 58 59 58 58 58 60 59 58 59 61 59 62 60 60 60 61 60 62 61 61 61 63 61 64 62 62 62 63 62 64 63 63 63 65 63 64 64 65 64 66 64 67 65 64 65 66 65 68 66 67 66 66 66 68 67 66 67 69 67 70 68 68 68 69 68 70 69 69 69 71 69 72 70 70 70 71 70 72 71 71 71 73 71 74 72 73 72 75 72 74 73 75 73 76 73 74 74 72 74 73 74 77 75 76 75 78 75 77 76 74 76 76 76 79 77 77 77 78 77 80 78 78 78 81 78 80 79 79 79 78 79 82 80 81 80 83 80 82 81 83 81 84 81 82 82 80 82 81 82 85 83 82 83 84 83 86 84 84 84 87 84 86 85 85 85 84 85 88 86 87 86 89 86 88 87 89 87 90 87 88 88 86 88 87 88 91 89 88 89 90 89 92 90 90 90 93 90 92 91 93 91 94 91 92 92 91 92 90 92 95 93 92 93 94 93 96 94 94 94 97 94 96 95 95 95 94 95 98 96 97 96 99 96 98 97 96 97 97 97 100 98 99 98 101 98 100 99 101 99 102 99 100 100 98 100 99 100 103 101 100 101 102 101 104 102 102 102 105 102 104 103 103 103 102 103 106 104 105 104 107 104 106 105 104 105 105 105 108 106 107 106 109 106 108 107 109 107 110 107 108 108 106 108 107 108 111 109 108 109 110 109 112 110 110 110 113 110 112 111 111 111 110 111 114 112 113 112 115 112 114 113 115 113 116 113 114 114 112 114 113 114 117 115 114 115 116 115 118 116 116 116 119 116 118 117 117 117 116 117 120 118 119 118 121 118 120 119 118 119 119 119 122 120 121 120 123 120 122 121 120 121 121 121 124 122 123 122 125 122 124 123 125 123 126 123 124 124 122 124 123 124 127 125 124 125 126 125 128 126 127 126 126 126 128 127 126 127 129 127 130 128 128 128 129 128 130 129 129 129 131 129 132 130 130 130 131 130 132 131 131 131 133 131 134 132 132 132 133 132 134 133 133 133 135 133 136 134 134 134 135 134 136 135 135 135 137 135 138 136 137 136 139 136 138 137 136 137 137 137 140 138 139 138 141 138 140 139 138 139 139 139 142 140 140 140 141 140 142 141 141 141 143 141 144 142 143 142 145 142 144 143 142 143 143 143 146 144 145 144 147 144 146 145 144 145 145 145 148 146 147 146 149 146 148 147 146 147 147 147 150 148 149 148 151 148 150 149 148 149 149 149 152 150 151 150 153 150 152 151 150 151 151 151 154 152 153 152 155 152 154 153 152 153 153 153 156 154 155 154 157 154 156 155 154 155 155 155 158 156 157 156 159 156 158 157 156 157 157 157 160 158 159 158 161 158 160 159 158 159 159 159 162 160 161 160 163 160 162 161 160 161 161 161 164 162 163 162 165 162 164 163 162 163 163 163 166 164 165 164 167 164 166 165 164 165 165 165 168 166 167 166 169 166 168 167 166 167 167 167 170 168 169 168 171 168 170 169 168 169 169 169 172 170 171 170 173 170 172 171 170 171 171 171 174 172 172 172 173 172 174 173 173 173 175 173 176 174 174 174 175 174 176 175 175 175 177 175 178 176 176 176 177 176 178 177 177 177 179 177 180 178 178 178 179 178 180 179 179 179 181 179 182 180 180 180 181 180 182 181 181 181 183 181 184 182 182 182 183 182 184 183 183 183 185 183 186 184 184 184 185 184 186 185 185 185 187 185 188 186 186 186 187 186 188 187 187 187 189 187 190 188 188 188 189 188 190 189 189 189 191 189 192 190 190 190 191 190 192 191 191 191 193 191 194 192 192 192 193 192 194 193 193 193 195 193 196 194 194 194 195 194 196 195 195 195 197 195 198 196 196 196 197 196 198 197 197 197 199 197 200 198 198 198 199 198 200 199 199 199 201 199 202 200 200 200 201 200 202 201 201 201 203 201 204 202 202 202 203 202 204 203 203 203 205 203 206 204 205 204 207 204 206 205 204 205 205 205 208 206 207 206 209 206 208 207 206 207 207 207 208 208 209 208 210 208 211 209 208 209 210 209 212 210 210 210 213 210 212 211 211 211 210 211 214 212 213 212 215 212 214 213 212 213 213 213 216 214 215 214 217 214 216 215 214 215 215 215 218 216 217 216 219 216 218 217 216 217 217 217 220 218 219 218 221 218 220 219 218 219 219 219 222 220 221 220 223 220 222 221 220 221 221 221 224 222 223 222 225 222 224 223 222 223 223 223 226 224 224 224 225 224 226 225 225 225 227 225 228 226 226 226 227 226 228 227 227 227 229 227 230 228 228 228 229 228 230 229 229 229 231 229 232 230 230 230 231 230 232 231 231 231 233 231 232 232 233 232 234 232 235 233 232 233 234 233 236 234 235 234 234 234 236 235 234 235 237 235 238 236 236 236 237 236 238 237 237 237 239 237 238 238 239 238 240 238 241 239 238 239 240 239 242 240 241 240 240 240 242 241 240 241 243 241 244 242 242 242 243 242 244 243 243 243 245 243 246 244 244 244 245 244 246 245 245 245 247 245 248 246 246 246 247 246 248 247 247 247 249 247 250 248 248 248 249 248 250 249 249 249 251 249 1 250 250 250 251 250 1 251 251 251 2 251 258 252 253 252 259 252 257 253 253 253 258 253 256 254 253 254 257 254 255 255 253 255 256 255 254 256 253 256 255 256 263 257 253 257 254 257 262 258 253 258 263 258 261 259 253 259 262 259 252 260 253 260 261 260 259 261 253 261 252 261 254 262 255 262 264 262 259 263 252 263 260 263 260 264 252 264 261 264 264 265 255 265 265 265 255 266 256 266 265 266 256 267 257 267 265 267 265 268 257 268 266 268 257 269 258 269 266 269 266 270 258 270 267 270 258 271 259 271 267 271 267 272 259 272 268 272 259 273 260 273 268 273 260 274 261 274 269 274 261 275 262 275 269 275 269 276 262 276 270 276 262 277 263 277 270 277 270 278 263 278 271 278 271 279 254 279 264 279 263 280 254 280 271 280 272 281 275 281 281 281 279 282 275 282 272 282 273 283 275 283 279 283 278 284 275 284 273 284 274 285 275 285 278 285 276 286 275 286 274 286 283 287 275 287 276 287 282 288 275 288 283 288 277 289 275 289 282 289 281 290 275 290 277 290 279 291 272 291 280 291 280 292 272 292 281 292 281 293 277 293 289 293 283 294 276 294 284 294 284 295 274 295 285 295 276 296 274 296 284 296 274 297 278 297 285 297 278 298 273 298 286 298 273 299 279 299 287 299 279 300 280 300 287 300 287 301 280 301 288 301 280 302 281 302 288 302 288 303 281 303 289 303 289 304 277 304 290 304 277 305 282 305 290 305 290 306 282 306 291 306 282 307 283 307 291 307 283 308 284 308 291 308 291 309 284 309 292 309 284 310 285 310 292 310 292 311 285 311 293 311 293 312 278 312 286 312 285 313 278 313 293 313 300 314 296 314 297 314 299 315 296 315 300 315 298 316 296 316 299 316 302 317 296 317 298 317 294 318 296 318 302 318 301 319 296 319 294 319 295 320 296 320 301 320 297 321 296 321 295 321 294 322 302 322 307 322 302 323 298 323 303 323 303 324 298 324 304 324 298 325 299 325 304 325 299 326 300 326 304 326 300 327 297 327 305 327 297 328 295 328 305 328 305 329 295 329 306 329 295 330 301 330 306 330 306 331 301 331 307 331 301 332 294 332 307 332 321 333 308 333 311 333 309 334 311 334 308 334 310 335 311 335 309 335 316 336 311 336 310 336 315 337 311 337 316 337 312 338 311 338 315 338 313 339 311 339 312 339 314 340 311 340 313 340 321 341 311 341 314 341 314 342 313 342 317 342 317 343 313 343 312 343 315 344 316 344 318 344 316 345 310 345 318 345 318 346 310 346 319 346 310 347 309 347 319 347 319 348 309 348 320 348 309 349 308 349 320 349 320 350 308 350 321 350 321 351 314 351 322 351 314 352 317 352 322 352 322 353 317 353 323 353 317 354 312 354 323 354 323 355 312 355 324 355 312 356 315 356 324 356 325 357 326 357 328 357 326 358 327 358 328 358 335 359 327 359 326 359 334 360 327 360 335 360 333 361 327 361 334 361 332 362 327 362 333 362 329 363 328 363 332 363 332 364 328 364 327 364 338 365 328 365 329 365 330 366 328 366 338 366 337 367 328 367 330 367 331 368 328 368 337 368 325 369 328 369 331 369 338 370 329 370 339 370 329 371 332 371 339 371 335 372 326 372 325 372 325 373 331 373 336 373 339 374 332 374 340 374 340 375 333 375 341 375 332 376 333 376 340 376 341 377 333 377 342 377 333 378 334 378 342 378 334 379 335 379 342 379 342 380 335 380 343 380 335 381 325 381 343 381 325 382 336 382 343 382 336 383 337 383 344 383 331 384 337 384 336 384 344 385 337 385 345 385 337 386 330 386 345 386 345 387 330 387 346 387 330 388 338 388 346 388 346 389 338 389 339 389 353 390 350 390 354 390 347 391 350 391 353 391 348 392 350 392 347 392 352 393 350 393 348 393 349 394 350 394 352 394 351 395 350 395 349 395 357 396 350 396 351 396 356 397 350 397 357 397 354 398 350 398 356 398 354 399 356 399 355 399 352 400 348 400 358 400 348 401 347 401 358 401 358 402 347 402 359 402 347 403 353 403 359 403 359 404 353 404 360 404 353 405 354 405 360 405 360 406 354 406 355 406 355 407 356 407 361 407 356 408 357 408 361 408 361 409 357 409 362 409 357 410 351 410 362 410 362 411 351 411 363 411 351 412 349 412 363 412 363 413 349 413 364 413 349 414 352 414 364 414 365 415 370 415 381 415 366 416 370 416 365 416 367 417 370 417 366 417 368 418 369 418 367 418 367 419 369 419 370 419 376 420 369 420 368 420 375 421 369 421 376 421 374 422 369 422 375 422 371 423 369 423 374 423 371 424 370 424 369 424 372 425 370 425 371 425 373 426 370 426 372 426 381 427 370 427 373 427 376 428 368 428 377 428 368 429 367 429 377 429 377 430 367 430 378 430 367 431 366 431 378 431 378 432 366 432 379 432 366 433 365 433 379 433 379 434 365 434 380 434 365 435 381 435 380 435 381 436 373 436 382 436 373 437 372 437 382 437 382 438 372 438 383 438 372 439 371 439 383 439 383 440 371 440 384 440 371 441 374 441 384 441 374 442 375 442 384 442 384 443 375 443 385 443 385 444 375 444 376 444 391 445 392 445 666 445 397 446 398 446 399 446 399 447 400 447 401 447 398 448 400 448 399 448 401 449 402 449 403 449 400 450 402 450 401 450 403 451 404 451 405 451 402 452 404 452 403 452 405 453 406 453 407 453 404 454 406 454 405 454 407 455 408 455 409 455 406 456 408 456 407 456 409 457 410 457 411 457 408 458 410 458 409 458 411 459 412 459 413 459 410 460 412 460 411 460 413 461 414 461 415 461 412 462 414 462 413 462 415 463 416 463 417 463 414 464 416 464 415 464 417 465 418 465 419 465 416 466 418 466 417 466 418 467 420 467 419 467 419 468 420 468 421 468 420 469 422 469 421 469 421 470 422 470 423 470 422 471 424 471 423 471 423 472 424 472 425 472 424 473 426 473 425 473 425 474 426 474 427 474 426 475 428 475 427 475 427 476 428 476 429 476 428 477 430 477 429 477 429 478 430 478 431 478 430 479 432 479 431 479 431 480 432 480 433 480 432 481 434 481 433 481 433 482 434 482 435 482 435 483 436 483 437 483 434 484 436 484 435 484 436 485 438 485 437 485 437 486 438 486 439 486 439 487 440 487 441 487 438 488 440 488 439 488 441 489 442 489 443 489 440 490 442 490 441 490 443 491 444 491 445 491 442 492 444 492 443 492 445 493 446 493 447 493 444 494 446 494 445 494 447 495 448 495 449 495 446 496 448 496 447 496 449 497 450 497 451 497 448 498 450 498 449 498 451 499 452 499 453 499 450 500 452 500 451 500 453 501 454 501 455 501 452 502 454 502 453 502 455 503 456 503 457 503 454 504 456 504 455 504 457 505 458 505 459 505 456 506 458 506 457 506 459 507 460 507 461 507 458 508 460 508 459 508 461 509 462 509 463 509 460 510 462 510 461 510 463 511 464 511 465 511 462 512 464 512 463 512 465 513 466 513 467 513 464 514 466 514 465 514 467 515 468 515 469 515 466 516 468 516 467 516 468 517 470 517 469 517 469 518 470 518 471 518 470 519 472 519 471 519 471 520 472 520 473 520 472 521 474 521 473 521 473 522 474 522 475 522 475 523 476 523 477 523 474 524 476 524 475 524 477 525 478 525 479 525 476 526 478 526 477 526 479 527 480 527 481 527 478 528 480 528 479 528 481 529 482 529 483 529 480 530 482 530 481 530 483 531 484 531 485 531 482 532 484 532 483 532 485 533 486 533 487 533 484 534 486 534 485 534 487 535 488 535 489 535 486 536 488 536 487 536 489 537 490 537 491 537 488 538 490 538 489 538 490 539 492 539 491 539 491 540 493 540 494 540 492 541 493 541 491 541 494 542 495 542 496 542 493 543 495 543 494 543 497 544 498 544 499 544 496 545 498 545 497 545 495 546 498 546 496 546 499 547 500 547 501 547 498 548 500 548 499 548 500 549 502 549 501 549 502 550 503 550 501 550 504 551 503 551 505 551 501 552 503 552 504 552 503 553 506 553 505 553 506 554 507 554 505 554 508 555 507 555 509 555 505 556 507 556 508 556 507 557 510 557 509 557 509 558 510 558 511 558 510 559 512 559 511 559 512 560 513 560 511 560 511 561 513 561 514 561 514 562 515 562 516 562 513 563 515 563 514 563 517 564 518 564 519 564 516 565 518 565 517 565 515 566 518 566 516 566 519 567 520 567 521 567 518 568 520 568 519 568 521 569 522 569 523 569 520 570 522 570 521 570 522 571 524 571 523 571 524 572 525 572 523 572 523 573 525 573 526 573 525 574 527 574 526 574 526 575 527 575 528 575 527 576 529 576 528 576 530 577 529 577 531 577 528 578 529 578 530 578 529 579 532 579 531 579 532 580 533 580 531 580 531 581 533 581 534 581 533 582 535 582 534 582 536 583 535 583 537 583 534 584 535 584 536 584 535 585 538 585 537 585 537 586 538 586 539 586 538 587 540 587 539 587 539 588 540 588 541 588 540 589 542 589 541 589 542 590 543 590 541 590 541 591 543 591 544 591 543 592 545 592 544 592 544 593 545 593 546 593 545 594 547 594 546 594 548 595 547 595 549 595 546 596 547 596 548 596 547 597 550 597 549 597 550 598 551 598 549 598 552 599 551 599 553 599 549 600 551 600 552 600 551 601 554 601 553 601 554 602 555 602 553 602 553 603 555 603 556 603 556 604 557 604 558 604 555 605 557 605 556 605 559 606 560 606 561 606 558 607 560 607 559 607 557 608 560 608 558 608 560 609 562 609 561 609 563 610 564 610 565 610 561 611 564 611 563 611 562 612 564 612 561 612 565 613 566 613 567 613 564 614 566 614 565 614 567 615 568 615 569 615 566 616 568 616 567 616 568 617 570 617 569 617 570 618 571 618 569 618 572 619 571 619 573 619 569 620 571 620 572 620 571 621 574 621 573 621 574 622 575 622 573 622 573 623 575 623 576 623 575 624 577 624 576 624 576 625 577 625 578 625 577 626 579 626 578 626 578 627 579 627 580 627 579 628 581 628 580 628 582 629 581 629 583 629 580 630 581 630 582 630 581 631 584 631 583 631 583 632 584 632 585 632 584 633 586 633 585 633 586 634 587 634 585 634 588 635 587 635 589 635 585 636 587 636 588 636 587 637 590 637 589 637 589 638 590 638 591 638 590 639 592 639 591 639 592 640 593 640 591 640 591 641 593 641 594 641 593 642 595 642 594 642 594 643 595 643 596 643 597 644 598 644 599 644 596 645 598 645 597 645 595 646 598 646 596 646 598 647 600 647 599 647 599 648 601 648 602 648 600 649 601 649 599 649 603 650 604 650 605 650 602 651 604 651 603 651 601 652 604 652 602 652 604 653 606 653 605 653 607 654 608 654 609 654 605 655 608 655 607 655 606 656 608 656 605 656 608 657 610 657 609 657 611 658 612 658 613 658 609 659 612 659 611 659 610 660 612 660 609 660 612 661 614 661 613 661 613 662 615 662 616 662 614 663 615 663 613 663 617 664 618 664 619 664 616 665 618 665 617 665 615 666 618 666 616 666 619 667 620 667 621 667 618 668 620 668 619 668 620 669 622 669 621 669 622 670 623 670 621 670 624 671 623 671 625 671 621 672 623 672 624 672 623 673 626 673 625 673 625 674 626 674 627 674 626 675 628 675 627 675 628 676 629 676 627 676 630 677 629 677 631 677 627 678 629 678 630 678 629 679 632 679 631 679 632 680 633 680 631 680 634 681 633 681 635 681 631 682 633 682 634 682 633 683 636 683 635 683 635 684 636 684 637 684 636 685 638 685 637 685 637 686 639 686 640 686 638 687 639 687 637 687 641 688 642 688 643 688 640 689 642 689 641 689 639 690 642 690 640 690 643 691 644 691 645 691 642 692 644 692 643 692 645 693 646 693 647 693 644 694 646 694 645 694 647 695 648 695 397 695 646 696 648 696 647 696 648 697 398 697 397 697 652 698 382 698 383 698 651 699 650 699 649 699 383 700 384 700 652 700 651 701 654 701 650 701 652 702 381 702 382 702 649 703 387 703 651 703 384 704 385 704 652 704 652 705 385 705 653 705 667 706 654 706 651 706 667 707 655 707 654 707 385 708 376 708 653 708 667 709 666 709 655 709 657 710 658 710 656 710 657 711 659 711 658 711 658 712 661 712 656 712 656 713 661 713 652 713 651 714 659 714 657 714 387 715 659 715 651 715 381 716 661 716 380 716 652 717 661 717 381 717 660 718 659 718 387 718 380 719 661 719 379 719 663 720 659 720 660 720 661 721 665 721 379 721 663 722 662 722 659 722 664 723 662 723 663 723 379 724 665 724 378 724 378 725 665 725 377 725 666 726 662 726 664 726 665 727 671 727 377 727 377 728 671 728 376 728 667 729 662 729 666 729 667 730 669 730 668 730 668 731 986 731 667 731 376 732 671 732 653 732 680 733 669 733 667 733 667 734 670 734 662 734 680 735 672 735 669 735 674 736 670 736 986 736 986 737 670 737 667 737 671 738 675 738 653 738 653 739 675 739 673 739 672 740 680 740 678 740 676 741 670 741 674 741 676 742 677 742 670 742 678 743 677 743 676 743 675 744 681 744 673 744 680 745 677 745 678 745 673 746 681 746 679 746 682 747 271 747 264 747 682 748 264 748 680 748 679 749 355 749 361 749 361 750 362 750 679 750 681 751 355 751 679 751 680 752 264 752 677 752 682 753 270 753 271 753 264 754 265 754 677 754 682 755 269 755 270 755 362 756 363 756 679 756 355 757 684 757 360 757 681 758 684 758 355 758 684 759 359 759 360 759 363 760 683 760 679 760 266 761 677 761 265 761 363 762 364 762 683 762 682 763 688 763 269 763 688 764 260 764 269 764 359 765 684 765 358 765 266 766 685 766 677 766 267 767 685 767 266 767 352 768 683 768 364 768 358 769 684 769 352 769 268 770 685 770 267 770 352 771 684 771 683 771 684 772 686 772 683 772 260 773 687 773 268 773 268 774 687 774 685 774 688 775 687 775 260 775 684 776 689 776 686 776 690 777 687 777 688 777 689 778 691 778 686 778 690 779 692 779 687 779 690 780 693 780 692 780 693 781 694 781 692 781 693 782 697 782 694 782 696 783 691 783 689 783 696 784 695 784 691 784 701 785 695 785 696 785 697 786 700 786 694 786 700 787 698 787 694 787 701 788 699 788 695 788 700 789 273 789 698 789 343 790 336 790 701 790 701 791 336 791 699 791 700 792 286 792 273 792 273 793 287 793 698 793 701 794 342 794 343 794 700 795 293 795 286 795 698 796 287 796 702 796 344 797 699 797 336 797 701 798 341 798 342 798 287 799 288 799 702 799 701 800 705 800 341 800 344 801 345 801 699 801 700 802 704 802 293 802 293 803 704 803 292 803 705 804 340 804 341 804 288 805 289 805 702 805 345 806 703 806 699 806 292 807 704 807 291 807 340 808 705 808 339 808 346 809 703 809 345 809 291 810 704 810 290 810 339 811 703 811 346 811 704 812 706 812 290 812 705 813 703 813 339 813 290 814 706 814 289 814 289 815 706 815 702 815 702 816 706 816 707 816 709 817 712 817 708 817 708 818 711 818 709 818 705 819 710 819 703 819 709 820 710 820 705 820 709 821 711 821 710 821 709 822 713 822 712 822 714 823 713 823 709 823 715 824 710 824 711 824 714 825 722 825 713 825 706 826 717 826 707 826 716 827 710 827 715 827 707 828 717 828 718 828 720 829 719 829 716 829 716 830 719 830 710 830 718 831 303 831 721 831 319 832 320 832 724 832 723 833 319 833 724 833 303 834 304 834 721 834 723 835 318 835 319 835 718 836 302 836 303 836 722 837 719 837 720 837 714 838 719 838 722 838 320 839 321 839 724 839 717 840 726 840 718 840 304 841 300 841 721 841 723 842 315 842 318 842 724 843 719 843 714 843 718 844 726 844 302 844 321 845 719 845 724 845 302 846 726 846 307 846 322 847 719 847 321 847 323 848 725 848 322 848 322 849 725 849 719 849 307 850 726 850 306 850 306 851 728 851 305 851 726 852 728 852 306 852 324 853 727 853 323 853 323 854 727 854 725 854 315 855 727 855 324 855 305 856 728 856 300 856 300 857 728 857 721 857 723 858 727 858 315 858 728 859 730 859 721 859 721 860 730 860 729 860 723 861 731 861 727 861 733 862 731 862 723 862 733 863 732 863 731 863 730 864 732 864 729 864 729 865 732 865 733 865 734 866 735 866 736 866 737 867 734 867 736 867 737 868 736 868 738 868 739 869 737 869 738 869 739 870 738 870 740 870 741 871 739 871 740 871 741 872 740 872 742 872 743 873 741 873 742 873 743 874 742 874 744 874 745 875 743 875 744 875 745 876 744 876 746 876 747 877 746 877 748 877 747 878 745 878 746 878 749 879 748 879 750 879 749 880 747 880 748 880 751 881 750 881 752 881 751 882 749 882 750 882 753 883 752 883 754 883 753 884 751 884 752 884 755 885 754 885 756 885 755 886 753 886 754 886 757 887 755 887 756 887 757 888 756 888 758 888 759 889 757 889 758 889 759 890 758 890 760 890 761 891 759 891 760 891 762 892 761 892 760 892 762 893 763 893 764 893 762 894 760 894 763 894 765 895 762 895 764 895 765 896 764 896 766 896 767 897 765 897 766 897 767 898 766 898 768 898 769 899 767 899 768 899 770 900 769 900 768 900 770 901 768 901 771 901 772 902 770 902 771 902 772 903 771 903 773 903 774 904 772 904 773 904 774 905 773 905 775 905 776 906 774 906 775 906 776 907 775 907 777 907 778 908 776 908 777 908 778 909 777 909 779 909 780 910 778 910 779 910 780 911 779 911 781 911 782 912 780 912 781 912 782 913 781 913 783 913 784 914 782 914 783 914 784 915 785 915 786 915 784 916 783 916 785 916 787 917 784 917 786 917 788 918 786 918 789 918 788 919 787 919 786 919 790 920 789 920 791 920 790 921 788 921 789 921 792 922 790 922 791 922 792 923 791 923 793 923 794 924 793 924 795 924 794 925 792 925 793 925 796 926 795 926 797 926 796 927 794 927 795 927 798 928 797 928 799 928 798 929 796 929 797 929 800 930 801 930 802 930 800 931 799 931 801 931 800 932 798 932 799 932 803 933 800 933 802 933 804 934 802 934 805 934 804 935 803 935 802 935 806 936 805 936 807 936 806 937 804 937 805 937 808 938 806 938 807 938 808 939 809 939 810 939 808 940 807 940 809 940 811 941 808 941 810 941 812 942 811 942 810 942 812 943 810 943 813 943 814 944 812 944 813 944 814 945 813 945 815 945 816 946 814 946 815 946 816 947 815 947 817 947 818 948 816 948 817 948 818 949 817 949 819 949 820 950 818 950 819 950 820 951 819 951 821 951 822 952 820 952 821 952 822 953 821 953 823 953 824 954 822 954 823 954 824 955 823 955 825 955 826 956 824 956 825 956 826 957 825 957 827 957 828 958 827 958 829 958 828 959 826 959 827 959 830 960 831 960 832 960 830 961 829 961 831 961 830 962 828 962 829 962 833 963 832 963 834 963 833 964 830 964 832 964 835 965 833 965 834 965 836 966 834 966 837 966 836 967 835 967 834 967 838 968 839 968 840 968 838 969 837 969 839 969 838 970 836 970 837 970 841 971 838 971 840 971 842 972 840 972 843 972 842 973 841 973 840 973 844 974 843 974 845 974 844 975 842 975 843 975 846 976 845 976 847 976 846 977 844 977 845 977 848 978 847 978 849 978 848 979 846 979 847 979 850 980 851 980 852 980 850 981 849 981 851 981 850 982 848 982 849 982 853 983 850 983 852 983 854 984 855 984 856 984 854 985 852 985 855 985 854 986 853 986 852 986 857 987 854 987 856 987 858 988 857 988 856 988 858 989 856 989 859 989 860 990 858 990 859 990 860 991 859 991 861 991 860 992 861 992 862 992 863 993 860 993 862 993 863 994 862 994 864 994 865 995 863 995 864 995 865 996 864 996 866 996 867 997 865 997 866 997 867 998 866 998 868 998 869 999 867 999 868 999 870 1000 869 1000 868 1000 870 1001 871 1001 872 1001 870 1002 868 1002 871 1002 873 1003 870 1003 872 1003 873 1004 872 1004 874 1004 875 1005 873 1005 874 1005 876 1006 875 1006 874 1006 876 1007 877 1007 878 1007 876 1008 874 1008 877 1008 879 1009 878 1009 880 1009 879 1010 876 1010 878 1010 881 1011 880 1011 882 1011 881 1012 879 1012 880 1012 883 1013 881 1013 882 1013 884 1014 885 1014 886 1014 884 1015 882 1015 885 1015 884 1016 883 1016 882 1016 887 1017 886 1017 888 1017 887 1018 884 1018 886 1018 889 1019 887 1019 888 1019 890 1020 891 1020 892 1020 890 1021 888 1021 891 1021 890 1022 889 1022 888 1022 893 1023 892 1023 894 1023 893 1024 890 1024 892 1024 895 1025 894 1025 896 1025 895 1026 893 1026 894 1026 897 1027 895 1027 896 1027 898 1028 899 1028 900 1028 898 1029 896 1029 899 1029 898 1030 897 1030 896 1030 901 1031 900 1031 902 1031 901 1032 898 1032 900 1032 903 1033 901 1033 902 1033 904 1034 905 1034 906 1034 904 1035 902 1035 905 1035 904 1036 903 1036 902 1036 907 1037 906 1037 908 1037 907 1038 904 1038 906 1038 909 1039 907 1039 908 1039 910 1040 909 1040 908 1040 910 1041 908 1041 911 1041 912 1042 910 1042 911 1042 912 1043 913 1043 914 1043 912 1044 911 1044 913 1044 915 1045 912 1045 914 1045 916 1046 915 1046 914 1046 916 1047 914 1047 917 1047 918 1048 919 1048 920 1048 918 1049 917 1049 919 1049 918 1050 916 1050 917 1050 921 1051 918 1051 920 1051 922 1052 923 1052 924 1052 922 1053 920 1053 923 1053 922 1054 921 1054 920 1054 925 1055 922 1055 924 1055 926 1056 924 1056 927 1056 926 1057 925 1057 924 1057 928 1058 927 1058 929 1058 928 1059 926 1059 927 1059 930 1060 929 1060 931 1060 930 1061 928 1061 929 1061 932 1062 933 1062 934 1062 932 1063 931 1063 933 1063 932 1064 930 1064 931 1064 935 1065 934 1065 936 1065 935 1066 932 1066 934 1066 937 1067 936 1067 938 1067 937 1068 935 1068 936 1068 939 1069 937 1069 938 1069 940 1070 938 1070 941 1070 940 1071 939 1071 938 1071 942 1072 943 1072 944 1072 942 1073 941 1073 943 1073 942 1074 940 1074 941 1074 945 1075 942 1075 944 1075 946 1076 947 1076 948 1076 946 1077 944 1077 947 1077 946 1078 945 1078 944 1078 949 1079 948 1079 950 1079 949 1080 946 1080 948 1080 951 1081 949 1081 950 1081 952 1082 953 1082 954 1082 952 1083 950 1083 953 1083 952 1084 951 1084 950 1084 955 1085 952 1085 954 1085 956 1086 954 1086 957 1086 956 1087 955 1087 954 1087 958 1088 959 1088 960 1088 958 1089 957 1089 959 1089 958 1090 956 1090 957 1090 961 1091 960 1091 962 1091 961 1092 958 1092 960 1092 963 1093 961 1093 962 1093 964 1094 962 1094 965 1094 964 1095 963 1095 962 1095 964 1096 965 1096 966 1096 967 1097 964 1097 966 1097 968 1098 967 1098 966 1098 968 1099 969 1099 970 1099 968 1100 966 1100 969 1100 971 1101 968 1101 970 1101 972 1102 971 1102 970 1102 972 1103 970 1103 973 1103 974 1104 972 1104 973 1104 974 1105 975 1105 976 1105 974 1106 973 1106 975 1106 977 1107 974 1107 976 1107 978 1108 977 1108 976 1108 978 1109 976 1109 979 1109 980 1110 978 1110 979 1110 980 1111 981 1111 982 1111 980 1112 979 1112 981 1112 983 1113 980 1113 982 1113 984 1114 983 1114 982 1114 984 1115 982 1115 985 1115 734 1116 984 1116 985 1116 734 1117 985 1117 735 1117 955 1118 618 1118 952 1118 956 1119 618 1119 955 1119 956 1120 620 1120 618 1120 952 1121 615 1121 951 1121 618 1122 615 1122 952 1122 958 1123 622 1123 956 1123 956 1124 622 1124 620 1124 615 1125 614 1125 951 1125 961 1126 623 1126 958 1126 958 1127 623 1127 622 1127 951 1128 612 1128 949 1128 614 1129 612 1129 951 1129 963 1130 626 1130 961 1130 964 1131 626 1131 963 1131 961 1132 626 1132 623 1132 949 1133 610 1133 946 1133 612 1134 610 1134 949 1134 967 1135 628 1135 964 1135 964 1136 628 1136 626 1136 946 1137 608 1137 945 1137 610 1138 608 1138 946 1138 967 1139 629 1139 628 1139 968 1140 629 1140 967 1140 942 1141 606 1141 940 1141 945 1142 606 1142 942 1142 608 1143 606 1143 945 1143 968 1144 632 1144 629 1144 606 1145 604 1145 940 1145 968 1146 633 1146 632 1146 971 1147 633 1147 968 1147 972 1148 633 1148 971 1148 940 1149 601 1149 939 1149 604 1150 601 1150 940 1150 974 1151 636 1151 972 1151 972 1152 636 1152 633 1152 937 1153 600 1153 935 1153 939 1154 600 1154 937 1154 601 1155 600 1155 939 1155 974 1156 638 1156 636 1156 600 1157 598 1157 935 1157 974 1158 639 1158 638 1158 977 1159 639 1159 974 1159 978 1160 639 1160 977 1160 598 1161 595 1161 935 1161 935 1162 595 1162 932 1162 978 1163 642 1163 639 1163 595 1164 593 1164 932 1164 930 1165 593 1165 928 1165 932 1166 593 1166 930 1166 980 1167 644 1167 978 1167 983 1168 644 1168 980 1168 978 1169 644 1169 642 1169 593 1170 592 1170 928 1170 928 1171 592 1171 926 1171 984 1172 646 1172 983 1172 983 1173 646 1173 644 1173 592 1174 590 1174 926 1174 926 1175 590 1175 925 1175 984 1176 648 1176 646 1176 590 1177 587 1177 925 1177 734 1178 398 1178 984 1178 984 1179 398 1179 648 1179 734 1180 737 1180 398 1180 587 1181 586 1181 925 1181 925 1182 586 1182 922 1182 586 1183 921 1183 922 1183 737 1184 400 1184 398 1184 737 1185 739 1185 400 1185 586 1186 584 1186 921 1186 584 1187 918 1187 921 1187 739 1188 402 1188 400 1188 584 1189 581 1189 918 1189 581 1190 916 1190 918 1190 741 1191 404 1191 739 1191 739 1192 404 1192 402 1192 581 1193 579 1193 916 1193 579 1194 915 1194 916 1194 743 1195 406 1195 741 1195 741 1196 406 1196 404 1196 579 1197 577 1197 915 1197 577 1198 912 1198 915 1198 745 1199 408 1199 743 1199 743 1200 408 1200 406 1200 577 1201 575 1201 912 1201 747 1202 410 1202 745 1202 745 1203 410 1203 408 1203 575 1204 574 1204 912 1204 912 1205 574 1205 910 1205 749 1206 412 1206 747 1206 747 1207 412 1207 410 1207 574 1208 571 1208 910 1208 910 1209 571 1209 909 1209 749 1210 414 1210 412 1210 751 1211 414 1211 749 1211 571 1212 570 1212 909 1212 909 1213 570 1213 907 1213 753 1214 416 1214 751 1214 751 1215 416 1215 414 1215 570 1216 568 1216 907 1216 907 1217 568 1217 904 1217 755 1218 418 1218 753 1218 753 1219 418 1219 416 1219 568 1220 566 1220 904 1220 904 1221 566 1221 903 1221 755 1222 757 1222 418 1222 757 1223 420 1223 418 1223 566 1224 564 1224 903 1224 903 1225 564 1225 901 1225 759 1226 422 1226 757 1226 757 1227 422 1227 420 1227 564 1228 562 1228 901 1228 901 1229 562 1229 898 1229 761 1230 424 1230 759 1230 759 1231 424 1231 422 1231 562 1232 560 1232 898 1232 898 1233 560 1233 897 1233 761 1234 762 1234 424 1234 762 1235 426 1235 424 1235 560 1236 895 1236 897 1236 560 1237 557 1237 895 1237 765 1238 428 1238 762 1238 762 1239 428 1239 426 1239 895 1240 555 1240 893 1240 557 1241 555 1241 895 1241 428 1242 767 1242 430 1242 765 1243 767 1243 428 1243 554 1244 890 1244 555 1244 555 1245 890 1245 893 1245 767 1246 769 1246 430 1246 430 1247 769 1247 432 1247 554 1248 551 1248 890 1248 551 1249 889 1249 890 1249 769 1250 434 1250 432 1250 769 1251 770 1251 434 1251 550 1252 887 1252 551 1252 551 1253 887 1253 889 1253 770 1254 436 1254 434 1254 770 1255 772 1255 436 1255 550 1256 547 1256 887 1256 547 1257 884 1257 887 1257 772 1258 774 1258 436 1258 436 1259 774 1259 438 1259 547 1260 883 1260 884 1260 545 1261 883 1261 547 1261 774 1262 440 1262 438 1262 774 1263 776 1263 440 1263 545 1264 543 1264 883 1264 543 1265 881 1265 883 1265 440 1266 778 1266 442 1266 776 1267 778 1267 440 1267 543 1268 879 1268 881 1268 542 1269 879 1269 543 1269 442 1270 780 1270 444 1270 778 1271 780 1271 442 1271 542 1272 876 1272 879 1272 540 1273 876 1273 542 1273 444 1274 782 1274 446 1274 780 1275 782 1275 444 1275 540 1276 875 1276 876 1276 538 1277 875 1277 540 1277 782 1278 448 1278 446 1278 782 1279 784 1279 448 1279 538 1280 873 1280 875 1280 535 1281 873 1281 538 1281 448 1282 787 1282 450 1282 784 1283 787 1283 448 1283 787 1284 452 1284 450 1284 535 1285 870 1285 873 1285 533 1286 870 1286 535 1286 533 1287 532 1287 870 1287 787 1288 788 1288 452 1288 532 1289 869 1289 870 1289 452 1290 790 1290 454 1290 788 1291 790 1291 452 1291 790 1292 456 1292 454 1292 532 1293 867 1293 869 1293 529 1294 867 1294 532 1294 790 1295 792 1295 456 1295 529 1296 865 1296 867 1296 527 1297 865 1297 529 1297 792 1298 794 1298 456 1298 456 1299 794 1299 458 1299 527 1300 863 1300 865 1300 525 1301 863 1301 527 1301 525 1302 524 1302 863 1302 794 1303 796 1303 458 1303 458 1304 796 1304 460 1304 524 1305 860 1305 863 1305 796 1306 798 1306 460 1306 460 1307 798 1307 462 1307 524 1308 858 1308 860 1308 522 1309 858 1309 524 1309 798 1310 800 1310 462 1310 462 1311 800 1311 464 1311 522 1312 857 1312 858 1312 520 1313 857 1313 522 1313 800 1314 803 1314 464 1314 464 1315 803 1315 466 1315 520 1316 854 1316 857 1316 515 1317 854 1317 518 1317 518 1318 854 1318 520 1318 803 1319 804 1319 466 1319 466 1320 804 1320 468 1320 515 1321 853 1321 854 1321 468 1322 806 1322 470 1322 804 1323 806 1323 468 1323 515 1324 850 1324 853 1324 513 1325 850 1325 515 1325 470 1326 808 1326 472 1326 472 1327 808 1327 474 1327 806 1328 808 1328 470 1328 513 1329 848 1329 850 1329 510 1330 848 1330 512 1330 512 1331 848 1331 513 1331 474 1332 811 1332 476 1332 808 1333 811 1333 474 1333 510 1334 846 1334 848 1334 476 1335 812 1335 478 1335 811 1336 812 1336 476 1336 507 1337 844 1337 510 1337 510 1338 844 1338 846 1338 478 1339 814 1339 480 1339 812 1340 814 1340 478 1340 507 1341 842 1341 844 1341 503 1342 842 1342 506 1342 506 1343 842 1343 507 1343 814 1344 816 1344 480 1344 503 1345 841 1345 842 1345 502 1346 841 1346 503 1346 816 1347 818 1347 480 1347 480 1348 818 1348 482 1348 502 1349 838 1349 841 1349 818 1350 820 1350 482 1350 482 1351 820 1351 484 1351 502 1352 836 1352 838 1352 500 1353 836 1353 502 1353 820 1354 822 1354 484 1354 484 1355 822 1355 486 1355 500 1356 835 1356 836 1356 498 1357 835 1357 500 1357 822 1358 824 1358 486 1358 486 1359 824 1359 488 1359 488 1360 824 1360 490 1360 498 1361 833 1361 835 1361 493 1362 833 1362 495 1362 495 1363 833 1363 498 1363 824 1364 826 1364 490 1364 490 1365 826 1365 492 1365 493 1366 830 1366 833 1366 826 1367 828 1367 492 1367 493 1368 828 1368 830 1368 492 1369 828 1369 493 1369 986 1370 987 1370 674 1370 674 1371 987 1371 676 1371 987 1372 988 1372 676 1372 676 1373 988 1373 678 1373 678 1374 989 1374 672 1374 672 1375 989 1375 669 1375 989 1376 990 1376 669 1376 669 1377 990 1377 668 1377 990 1378 986 1378 668 1378 989 1379 678 1379 991 1379 988 1380 991 1380 678 1380 987 1381 991 1381 988 1381 986 1382 991 1382 987 1382 990 1383 991 1383 986 1383 989 1384 991 1384 990 1384 711 1385 992 1385 715 1385 992 1386 993 1386 715 1386 993 1387 994 1387 715 1387 715 1388 994 1388 716 1388 994 1389 995 1389 716 1389 716 1390 995 1390 720 1390 720 1391 995 1391 722 1391 722 1392 996 1392 713 1392 713 1393 996 1393 712 1393 996 1394 997 1394 712 1394 712 1395 997 1395 708 1395 708 1396 997 1396 711 1396 997 1397 992 1397 711 1397 994 1398 998 1398 995 1398 993 1399 998 1399 994 1399 992 1400 998 1400 993 1400 997 1401 998 1401 992 1401 996 1402 998 1402 997 1402 722 1403 998 1403 996 1403 995 1404 998 1404 722 1404 387 1405 388 1405 660 1405 660 1406 388 1406 663 1406 388 1407 389 1407 663 1407 663 1408 389 1408 664 1408 389 1409 390 1409 664 1409 390 1410 391 1410 664 1410 664 1411 391 1411 666 1411 666 1412 392 1412 655 1412 392 1413 393 1413 655 1413 655 1414 393 1414 654 1414 393 1415 394 1415 654 1415 394 1416 395 1416 654 1416 654 1417 395 1417 650 1417 395 1418 396 1418 650 1418 650 1419 396 1419 649 1419 396 1420 386 1420 649 1420 649 1421 386 1421 387 1421 392 1422 391 1422 999 1422 390 1423 999 1423 391 1423 389 1424 999 1424 390 1424 388 1425 999 1425 389 1425 387 1426 999 1426 388 1426 386 1427 999 1427 387 1427 396 1428 999 1428 386 1428 395 1429 999 1429 396 1429 394 1430 999 1430 395 1430 393 1431 999 1431 394 1431 392 1432 999 1432 393 1432 397 1433 709 1433 647 1433 647 1434 709 1434 645 1434 645 1435 709 1435 643 1435 643 1436 705 1436 641 1436 709 1437 705 1437 643 1437 641 1438 705 1438 640 1438 640 1439 705 1439 637 1439 637 1440 705 1440 635 1440 635 1441 701 1441 634 1441 705 1442 701 1442 635 1442 634 1443 701 1443 631 1443 631 1444 701 1444 630 1444 630 1445 701 1445 627 1445 627 1446 701 1446 625 1446 701 1447 696 1447 625 1447 625 1448 696 1448 624 1448 624 1449 696 1449 621 1449 696 1450 689 1450 621 1450 621 1451 689 1451 619 1451 619 1452 689 1452 617 1452 617 1453 689 1453 616 1453 616 1454 689 1454 613 1454 613 1455 689 1455 611 1455 611 1456 689 1456 609 1456 609 1457 684 1457 607 1457 689 1458 684 1458 609 1458 607 1459 684 1459 605 1459 605 1460 684 1460 603 1460 603 1461 684 1461 602 1461 602 1462 684 1462 599 1462 599 1463 681 1463 597 1463 684 1464 681 1464 599 1464 597 1465 681 1465 596 1465 596 1466 681 1466 594 1466 594 1467 681 1467 591 1467 591 1468 675 1468 589 1468 681 1469 675 1469 591 1469 589 1470 675 1470 588 1470 588 1471 675 1471 585 1471 585 1472 675 1472 583 1472 583 1473 675 1473 582 1473 582 1474 671 1474 580 1474 675 1475 671 1475 582 1475 580 1476 671 1476 578 1476 578 1477 671 1477 576 1477 671 1478 665 1478 576 1478 576 1479 665 1479 573 1479 573 1480 665 1480 572 1480 572 1481 665 1481 569 1481 665 1482 661 1482 569 1482 569 1483 661 1483 567 1483 567 1484 661 1484 565 1484 565 1485 661 1485 563 1485 563 1486 661 1486 561 1486 661 1487 658 1487 561 1487 561 1488 658 1488 559 1488 559 1489 658 1489 558 1489 558 1490 658 1490 556 1490 658 1491 553 1491 556 1491 553 1492 658 1492 552 1492 552 1493 659 1493 549 1493 658 1494 659 1494 552 1494 549 1495 659 1495 548 1495 548 1496 659 1496 546 1496 546 1497 659 1497 544 1497 544 1498 659 1498 541 1498 541 1499 662 1499 539 1499 659 1500 662 1500 541 1500 539 1501 662 1501 537 1501 537 1502 662 1502 536 1502 536 1503 662 1503 534 1503 534 1504 670 1504 531 1504 662 1505 670 1505 534 1505 531 1506 670 1506 530 1506 530 1507 670 1507 528 1507 528 1508 670 1508 526 1508 526 1509 670 1509 523 1509 523 1510 670 1510 521 1510 670 1511 519 1511 521 1511 670 1512 677 1512 519 1512 519 1513 677 1513 517 1513 517 1514 677 1514 516 1514 516 1515 677 1515 514 1515 514 1516 677 1516 511 1516 511 1517 677 1517 509 1517 509 1518 677 1518 508 1518 677 1519 685 1519 508 1519 508 1520 685 1520 505 1520 685 1521 504 1521 505 1521 685 1522 687 1522 504 1522 504 1523 687 1523 501 1523 501 1524 687 1524 499 1524 499 1525 687 1525 497 1525 497 1526 687 1526 496 1526 687 1527 494 1527 496 1527 687 1528 692 1528 494 1528 494 1529 692 1529 491 1529 692 1530 489 1530 491 1530 692 1531 694 1531 489 1531 489 1532 694 1532 487 1532 487 1533 694 1533 485 1533 694 1534 483 1534 485 1534 483 1535 698 1535 481 1535 694 1536 698 1536 483 1536 698 1537 479 1537 481 1537 479 1538 698 1538 477 1538 698 1539 702 1539 477 1539 477 1540 702 1540 475 1540 702 1541 473 1541 475 1541 473 1542 702 1542 471 1542 471 1543 702 1543 469 1543 702 1544 707 1544 469 1544 469 1545 707 1545 467 1545 467 1546 707 1546 465 1546 465 1547 707 1547 463 1547 463 1548 707 1548 461 1548 461 1549 707 1549 459 1549 707 1550 457 1550 459 1550 707 1551 718 1551 457 1551 457 1552 718 1552 455 1552 718 1553 453 1553 455 1553 453 1554 718 1554 451 1554 451 1555 718 1555 449 1555 449 1556 718 1556 447 1556 447 1557 721 1557 445 1557 718 1558 721 1558 447 1558 721 1559 443 1559 445 1559 443 1560 721 1560 441 1560 721 1561 439 1561 441 1561 439 1562 729 1562 437 1562 721 1563 729 1563 439 1563 437 1564 729 1564 435 1564 729 1565 433 1565 435 1565 433 1566 729 1566 431 1566 729 1567 429 1567 431 1567 729 1568 733 1568 429 1568 429 1569 733 1569 427 1569 427 1570 733 1570 425 1570 733 1571 723 1571 425 1571 425 1572 723 1572 423 1572 723 1573 421 1573 423 1573 421 1574 723 1574 419 1574 419 1575 723 1575 417 1575 723 1576 415 1576 417 1576 415 1577 723 1577 413 1577 723 1578 411 1578 413 1578 723 1579 724 1579 411 1579 411 1580 724 1580 409 1580 409 1581 724 1581 407 1581 724 1582 405 1582 407 1582 405 1583 714 1583 403 1583 724 1584 714 1584 405 1584 714 1585 401 1585 403 1585 401 1586 714 1586 399 1586 399 1587 709 1587 397 1587 714 1588 709 1588 399 1588 3 1589 2 1589 710 1589 719 1590 3 1590 710 1590 5 1591 3 1591 719 1591 7 1592 5 1592 719 1592 9 1593 7 1593 719 1593 11 1594 9 1594 719 1594 13 1595 11 1595 719 1595 725 1596 13 1596 719 1596 15 1597 13 1597 725 1597 17 1598 15 1598 725 1598 727 1599 17 1599 725 1599 19 1600 17 1600 727 1600 21 1601 19 1601 727 1601 23 1602 21 1602 727 1602 25 1603 23 1603 727 1603 27 1604 25 1604 727 1604 731 1605 27 1605 727 1605 29 1606 27 1606 731 1606 732 1607 29 1607 731 1607 31 1608 29 1608 732 1608 32 1609 31 1609 732 1609 730 1610 32 1610 732 1610 35 1611 32 1611 730 1611 37 1612 35 1612 730 1612 39 1613 37 1613 730 1613 41 1614 39 1614 730 1614 728 1615 41 1615 730 1615 42 1616 41 1616 728 1616 45 1617 42 1617 728 1617 47 1618 45 1618 728 1618 726 1619 47 1619 728 1619 48 1620 47 1620 726 1620 50 1621 48 1621 726 1621 53 1622 50 1622 726 1622 54 1623 53 1623 726 1623 57 1624 54 1624 726 1624 717 1625 57 1625 726 1625 58 1626 57 1626 717 1626 61 1627 58 1627 717 1627 63 1628 61 1628 717 1628 65 1629 63 1629 717 1629 706 1630 65 1630 717 1630 66 1631 65 1631 706 1631 69 1632 66 1632 706 1632 71 1633 69 1633 706 1633 73 1634 71 1634 706 1634 75 1635 73 1635 706 1635 76 1636 75 1636 706 1636 76 1637 706 1637 704 1637 78 1638 76 1638 704 1638 81 1639 78 1639 704 1639 700 1640 81 1640 704 1640 83 1641 81 1641 700 1641 84 1642 83 1642 700 1642 87 1643 84 1643 700 1643 697 1644 87 1644 700 1644 89 1645 87 1645 697 1645 90 1646 89 1646 697 1646 93 1647 90 1647 697 1647 693 1648 93 1648 697 1648 94 1649 93 1649 693 1649 97 1650 94 1650 693 1650 97 1651 693 1651 690 1651 99 1652 97 1652 690 1652 101 1653 99 1653 690 1653 688 1654 101 1654 690 1654 102 1655 101 1655 688 1655 105 1656 102 1656 688 1656 107 1657 105 1657 688 1657 109 1658 107 1658 688 1658 682 1659 109 1659 688 1659 110 1660 109 1660 682 1660 113 1661 110 1661 682 1661 115 1662 113 1662 682 1662 680 1663 115 1663 682 1663 116 1664 115 1664 680 1664 119 1665 116 1665 680 1665 121 1666 119 1666 680 1666 123 1667 121 1667 680 1667 125 1668 123 1668 680 1668 126 1669 125 1669 680 1669 129 1670 126 1670 680 1670 129 1671 680 1671 667 1671 131 1672 129 1672 667 1672 133 1673 131 1673 667 1673 135 1674 133 1674 667 1674 137 1675 135 1675 667 1675 139 1676 137 1676 667 1676 651 1677 139 1677 667 1677 141 1678 139 1678 651 1678 143 1679 141 1679 651 1679 145 1680 143 1680 651 1680 147 1681 145 1681 651 1681 149 1682 147 1682 651 1682 151 1683 651 1683 657 1683 151 1684 149 1684 651 1684 153 1685 151 1685 657 1685 155 1686 153 1686 657 1686 157 1687 155 1687 657 1687 656 1688 157 1688 657 1688 159 1689 157 1689 656 1689 161 1690 159 1690 656 1690 163 1691 161 1691 656 1691 165 1692 163 1692 656 1692 167 1693 165 1693 656 1693 652 1694 167 1694 656 1694 169 1695 167 1695 652 1695 171 1696 169 1696 652 1696 173 1697 171 1697 652 1697 175 1698 173 1698 652 1698 653 1699 175 1699 652 1699 177 1700 175 1700 653 1700 179 1701 177 1701 653 1701 181 1702 179 1702 653 1702 183 1703 181 1703 653 1703 185 1704 183 1704 653 1704 187 1705 185 1705 653 1705 189 1706 187 1706 653 1706 189 1707 653 1707 673 1707 191 1708 189 1708 673 1708 193 1709 191 1709 673 1709 195 1710 193 1710 673 1710 197 1711 195 1711 673 1711 199 1712 673 1712 679 1712 199 1713 197 1713 673 1713 201 1714 199 1714 679 1714 203 1715 201 1715 679 1715 205 1716 203 1716 679 1716 207 1717 679 1717 683 1717 207 1718 205 1718 679 1718 209 1719 207 1719 683 1719 210 1720 209 1720 683 1720 213 1721 683 1721 686 1721 213 1722 210 1722 683 1722 215 1723 213 1723 686 1723 217 1724 215 1724 686 1724 219 1725 217 1725 686 1725 221 1726 686 1726 691 1726 221 1727 219 1727 686 1727 223 1728 221 1728 691 1728 225 1729 223 1729 691 1729 227 1730 225 1730 691 1730 227 1731 691 1731 695 1731 229 1732 227 1732 695 1732 699 1733 229 1733 695 1733 231 1734 229 1734 699 1734 233 1735 231 1735 699 1735 234 1736 233 1736 699 1736 237 1737 699 1737 703 1737 237 1738 234 1738 699 1738 239 1739 237 1739 703 1739 240 1740 239 1740 703 1740 243 1741 240 1741 703 1741 245 1742 243 1742 703 1742 247 1743 703 1743 710 1743 247 1744 245 1744 703 1744 249 1745 247 1745 710 1745 251 1746 249 1746 710 1746 2 1747 251 1747 710 1747 891 1748 156 1748 158 1748 891 1749 158 1749 892 1749 894 1750 160 1750 162 1750 894 1751 158 1751 160 1751 894 1752 892 1752 158 1752 888 1753 154 1753 156 1753 888 1754 152 1754 154 1754 888 1755 156 1755 891 1755 896 1756 894 1756 162 1756 886 1757 152 1757 888 1757 899 1758 162 1758 164 1758 899 1759 896 1759 162 1759 885 1760 152 1760 886 1760 885 1761 150 1761 152 1761 900 1762 899 1762 164 1762 900 1763 164 1763 166 1763 882 1764 150 1764 885 1764 882 1765 148 1765 150 1765 902 1766 168 1766 170 1766 902 1767 166 1767 168 1767 902 1768 900 1768 166 1768 880 1769 146 1769 148 1769 880 1770 144 1770 146 1770 880 1771 148 1771 882 1771 905 1772 902 1772 170 1772 878 1773 144 1773 880 1773 906 1774 170 1774 172 1774 906 1775 905 1775 170 1775 877 1776 142 1776 144 1776 877 1777 144 1777 878 1777 908 1778 172 1778 174 1778 908 1779 906 1779 172 1779 874 1780 142 1780 877 1780 874 1781 140 1781 142 1781 911 1782 174 1782 176 1782 911 1783 908 1783 174 1783 872 1784 138 1784 140 1784 872 1785 140 1785 874 1785 913 1786 176 1786 178 1786 913 1787 911 1787 176 1787 913 1788 178 1788 180 1788 871 1789 138 1789 872 1789 871 1790 136 1790 138 1790 914 1791 913 1791 180 1791 868 1792 134 1792 136 1792 868 1793 136 1793 871 1793 917 1794 914 1794 180 1794 917 1795 180 1795 182 1795 866 1796 132 1796 134 1796 866 1797 130 1797 132 1797 866 1798 134 1798 868 1798 919 1799 917 1799 182 1799 919 1800 182 1800 184 1800 864 1801 130 1801 866 1801 920 1802 919 1802 184 1802 920 1803 184 1803 186 1803 862 1804 130 1804 864 1804 862 1805 128 1805 130 1805 923 1806 920 1806 186 1806 923 1807 188 1807 190 1807 923 1808 186 1808 188 1808 861 1809 127 1809 128 1809 861 1810 128 1810 862 1810 924 1811 923 1811 190 1811 859 1812 124 1812 127 1812 859 1813 127 1813 861 1813 927 1814 190 1814 192 1814 927 1815 924 1815 190 1815 856 1816 122 1816 124 1816 856 1817 124 1817 859 1817 929 1818 927 1818 192 1818 929 1819 192 1819 194 1819 855 1820 120 1820 122 1820 855 1821 122 1821 856 1821 931 1822 929 1822 194 1822 931 1823 194 1823 196 1823 852 1824 118 1824 120 1824 852 1825 120 1825 855 1825 933 1826 931 1826 196 1826 933 1827 196 1827 198 1827 851 1828 117 1828 118 1828 851 1829 118 1829 852 1829 934 1830 933 1830 198 1830 934 1831 198 1831 200 1831 849 1832 114 1832 117 1832 849 1833 112 1833 114 1833 849 1834 117 1834 851 1834 936 1835 934 1835 200 1835 936 1836 200 1836 202 1836 847 1837 112 1837 849 1837 938 1838 936 1838 202 1838 938 1839 202 1839 204 1839 845 1840 111 1840 112 1840 845 1841 112 1841 847 1841 941 1842 938 1842 204 1842 941 1843 204 1843 206 1843 843 1844 108 1844 111 1844 843 1845 106 1845 108 1845 843 1846 111 1846 845 1846 943 1847 941 1847 206 1847 943 1848 206 1848 208 1848 840 1849 106 1849 843 1849 944 1850 943 1850 208 1850 944 1851 208 1851 211 1851 839 1852 104 1852 106 1852 839 1853 106 1853 840 1853 103 1854 104 1854 839 1854 947 1855 944 1855 211 1855 947 1856 211 1856 212 1856 837 1857 103 1857 839 1857 948 1858 947 1858 212 1858 948 1859 212 1859 214 1859 834 1860 100 1860 103 1860 834 1861 103 1861 837 1861 950 1862 214 1862 216 1862 950 1863 948 1863 214 1863 98 1864 100 1864 834 1864 832 1865 98 1865 834 1865 218 1866 950 1866 216 1866 953 1867 950 1867 218 1867 96 1868 98 1868 832 1868 831 1869 96 1869 832 1869 220 1870 953 1870 218 1870 954 1871 953 1871 220 1871 829 1872 96 1872 831 1872 95 1873 96 1873 829 1873 222 1874 957 1874 954 1874 222 1875 954 1875 220 1875 92 1876 95 1876 829 1876 92 1877 829 1877 827 1877 224 1878 959 1878 957 1878 224 1879 957 1879 222 1879 825 1880 92 1880 827 1880 91 1881 92 1881 825 1881 226 1882 960 1882 959 1882 226 1883 959 1883 224 1883 962 1884 960 1884 226 1884 88 1885 91 1885 825 1885 88 1886 825 1886 823 1886 821 1887 88 1887 823 1887 228 1888 962 1888 226 1888 86 1889 88 1889 821 1889 819 1890 86 1890 821 1890 230 1891 962 1891 228 1891 230 1892 965 1892 962 1892 85 1893 86 1893 819 1893 232 1894 965 1894 230 1894 232 1895 966 1895 965 1895 82 1896 819 1896 817 1896 82 1897 85 1897 819 1897 235 1898 966 1898 232 1898 235 1899 969 1899 966 1899 80 1900 817 1900 815 1900 80 1901 815 1901 813 1901 80 1902 82 1902 817 1902 236 1903 969 1903 235 1903 236 1904 973 1904 970 1904 236 1905 970 1905 969 1905 79 1906 80 1906 813 1906 238 1907 973 1907 236 1907 77 1908 813 1908 810 1908 77 1909 810 1909 809 1909 77 1910 79 1910 813 1910 241 1911 973 1911 238 1911 241 1912 975 1912 973 1912 74 1913 77 1913 809 1913 242 1914 975 1914 241 1914 242 1915 976 1915 975 1915 72 1916 809 1916 807 1916 72 1917 74 1917 809 1917 244 1918 981 1918 979 1918 244 1919 979 1919 976 1919 244 1920 976 1920 242 1920 70 1921 72 1921 807 1921 70 1922 807 1922 805 1922 70 1923 805 1923 802 1923 246 1924 981 1924 244 1924 68 1925 70 1925 802 1925 68 1926 802 1926 801 1926 248 1927 981 1927 246 1927 248 1928 982 1928 981 1928 67 1929 68 1929 801 1929 67 1930 801 1930 799 1930 250 1931 982 1931 248 1931 250 1932 735 1932 985 1932 250 1933 985 1933 982 1933 64 1934 67 1934 799 1934 1 1935 735 1935 250 1935 62 1936 64 1936 799 1936 62 1937 799 1937 797 1937 0 1938 735 1938 1 1938 0 1939 738 1939 736 1939 0 1940 736 1940 735 1940 60 1941 62 1941 797 1941 60 1942 797 1942 795 1942 60 1943 795 1943 793 1943 4 1944 738 1944 0 1944 59 1945 60 1945 793 1945 6 1946 738 1946 4 1946 6 1947 742 1947 740 1947 6 1948 740 1948 738 1948 56 1949 59 1949 793 1949 56 1950 793 1950 791 1950 8 1951 742 1951 6 1951 55 1952 791 1952 789 1952 55 1953 789 1953 786 1953 55 1954 56 1954 791 1954 10 1955 742 1955 8 1955 10 1956 744 1956 742 1956 52 1957 786 1957 785 1957 52 1958 55 1958 786 1958 12 1959 744 1959 10 1959 12 1960 746 1960 744 1960 51 1961 52 1961 785 1961 14 1962 746 1962 12 1962 14 1963 748 1963 746 1963 49 1964 51 1964 785 1964 49 1965 785 1965 783 1965 16 1966 748 1966 14 1966 16 1967 750 1967 748 1967 46 1968 49 1968 783 1968 46 1969 783 1969 781 1969 18 1970 750 1970 16 1970 18 1971 754 1971 752 1971 18 1972 752 1972 750 1972 44 1973 46 1973 781 1973 44 1974 781 1974 779 1974 20 1975 754 1975 18 1975 43 1976 44 1976 779 1976 43 1977 779 1977 777 1977 43 1978 777 1978 775 1978 22 1979 754 1979 20 1979 22 1980 756 1980 754 1980 40 1981 43 1981 775 1981 24 1982 756 1982 22 1982 24 1983 758 1983 756 1983 38 1984 40 1984 775 1984 38 1985 775 1985 773 1985 26 1986 758 1986 24 1986 26 1987 763 1987 760 1987 26 1988 760 1988 758 1988 36 1989 38 1989 773 1989 36 1990 773 1990 771 1990 28 1991 763 1991 26 1991 34 1992 36 1992 771 1992 34 1993 771 1993 768 1993 34 1994 768 1994 766 1994 30 1995 763 1995 28 1995 30 1996 764 1996 763 1996 33 1997 34 1997 766 1997 33 1998 764 1998 30 1998 33 1999 766 1999 764 1999</p>
                </triangles>
            </mesh>
        </geometry>
    </library_geometries>
    <library_visual_scenes>
        <visual_scene id="VisualSceneNode" name="VisualScene">
            <node id="node" name="node">
                <instance_geometry url="#shape0-lib"/>
            </node>
        </visual_scene>
    </library_visual_scenes>
    <scene>
        <instance_visual_scene url="#VisualSceneNode"/>
    </scene>
</COLLADA>
