<?xml version="1.0" encoding="UTF-8"?>
<COLLADA xmlns="http://www.collada.org/2005/11/COLLADASchema" version="1.4.1">
    <asset>
        <contributor>
            <author>VCGLab</author>
            <authoring_tool>VCGLib | MeshLab</authoring_tool>
        </contributor>
        <created>Mi. Jan. 4 15:20:39 2023 GMT</created>
        <modified>Mi. Jan. 4 15:20:39 2023 GMT</modified>
        <up_axis>Y_UP</up_axis>
    </asset>
    <library_geometries>
        <geometry id="shape0-lib" name="shape0">
            <mesh>
                <source id="shape0-lib-positions" name="position">
                    <float_array id="shape0-lib-positions-array" count="12204">-0.00123119 -0.225938 -0.000799403 0.0031111 -0.226351 0.00202319 0.00503278 -0.228595 0.00427843 0.0079217 -0.23846 0.00514447 -0.00112559 -0.245427 -0.000730796 -0.0175786 -0.233281 0.0356153 -0.0161688 -0.241409 0.0307599 -0.00953201 -0.243759 0.0202278 -0.00773443 -0.238291 -0.00502278 -0.0124685 -0.230646 0.0289501 0.00295163 -0.245087 0.00193845 -0.00104586 -0.237406 0.0175901 -0.0033598 -0.234202 0.0203288 0.00743881 -0.240329 0.00483117 0.0083667 -0.234617 0.00543367 -0.131175 -0.220135 0.171786 -0.130497 -0.229581 0.177542 -0.131392 -0.226954 0.169332 -0.129856 -0.230721 0.187183 -0.12534 -0.233128 0.164439 -0.128083 -0.231819 0.172786 -0.124537 -0.233473 0.205469 -0.117753 -0.23207 0.205553 -0.11607 -0.230724 0.190516 -0.128531 -0.224353 0.141073 -0.12162 -0.233634 0.181554 -0.118695 -0.232858 0.176011 -0.12983 -0.226844 0.151446 -0.124649 -0.225045 0.12426 -0.125313 -0.221317 0.129473 -0.111566 -0.22479 0.158372 -0.110114 -0.228147 0.143206 -0.115698 -0.219699 0.106897 -0.108658 -0.231128 0.130629 -0.119614 -0.230012 0.112113 -0.119884 -0.22364 0.110854 -0.106359 -0.227851 0.128964 -0.110444 -0.230309 0.0933404 -0.10485 -0.225571 0.125346 -0.100402 -0.223439 0.113116 -0.103352 -0.232847 0.113621 -0.0858587 -0.232769 0.090681 -0.0825805 -0.227022 0.088725 -0.0762517 -0.233586 0.0587541 -0.0842758 -0.236096 0.0671888 -0.0703293 -0.231418 0.0781755 -0.070025 -0.239036 0.0579978 -0.0505213 -0.227202 0.041673 -0.0585755 -0.240679 0.0626955 -0.0692245 -0.238115 0.0733703 -0.0496096 -0.242607 0.0520472 -0.061016 -0.24182 0.0580076 -0.0346294 -0.243712 0.040302 -0.0246113 -0.232635 0.0160929 -0.0185635 -0.242577 0.0133961 -0.0124935 -0.237762 0.030103 -0.00538108 -0.240846 0.0203271 -0.0124241 -0.244611 0.0114276 -0.128558 -0.219932 0.148467 -0.125779 -0.228829 0.132041 -0.118124 -0.227134 0.106337 -0.113061 -0.224425 0.0970876 -0.101862 -0.22857 0.116241 -0.00858434 -0.242011 -8.41048e-05 -0.114251 -0.228162 0.193381 -0.0940706 -0.227101 0.102364 -0.0341397 -0.243881 0.0354976 -0.120904 -0.214698 0.148864 -0.112295 -0.216081 0.115382 -0.110627 -0.217251 0.105473 -0.104163 -0.217176 0.101642 -0.118441 -0.214848 0.156123 -0.0584094 -0.222458 0.0568427 -0.083338 -0.220812 0.0832598 -0.0681243 -0.221967 0.0615597 -0.0643558 -0.222171 0.0645046 -0.0237803 -0.225224 0.0269535 -0.127918 -0.215488 0.203 -0.122506 -0.214309 0.170442 -0.118407 -0.214863 0.142586 -0.0981772 -0.218647 0.0875964 -0.0861524 -0.21955 0.0788657 -0.0339632 -0.225858 0.0314752 -0.0153949 -0.225528 0.0207218 -0.126933 -0.215338 0.176295 -0.130513 -0.217756 0.20475 -0.129305 -0.216644 0.185694 -0.128062 -0.230093 0.1502 -0.119172 -0.214902 0.194491 -0.117676 -0.215756 0.204945 -0.118499 -0.23407 0.148069 -0.115694 -0.217422 0.194537 -0.12476 -0.232146 0.140475 -0.116355 -0.233256 0.151145 -0.115312 -0.23122 0.165728 -0.117006 -0.215869 0.171201 -0.112557 -0.234086 0.130609 -0.116433 -0.233024 0.109727 -0.115814 -0.215944 0.155255 -0.120335 -0.234061 0.134329 -0.113608 -0.234756 0.109371 -0.105926 -0.219169 0.0932884 -0.112884 -0.235332 0.117573 -0.105305 -0.235735 0.0932886 -0.110357 -0.217635 0.13254 -0.0898172 -0.219726 0.0786436 -0.0993136 -0.23411 0.104287 -0.0955744 -0.220678 0.100236 -0.0802762 -0.239457 0.0766072 -0.0785859 -0.239024 0.077239 -0.0847723 -0.238513 0.0720913 -0.0684995 -0.225906 0.0752347 -0.0659907 -0.223693 0.0704517 -0.0520573 -0.224771 0.045952 -0.0415085 -0.22464 0.0489661 -0.0390607 -0.240203 0.0319513 -0.0132605 -0.228355 0.00725326 -0.0228196 -0.237767 0.0399581 -0.0202085 -0.226323 0.0310509 0.000876279 -0.229843 0.0121902 -0.124137 -0.21425 0.194475 -0.132465 -0.22176 0.199486 -0.124805 -0.214712 0.169045 -0.131984 -0.223006 0.171887 -0.127214 -0.216525 0.158324 -0.123927 -0.215308 0.151096 -0.125117 -0.21785 0.138245 -0.11301 -0.227557 0.168631 -0.123066 -0.233738 0.165585 -0.114839 -0.217519 0.168908 -0.112781 -0.232453 0.141164 -0.12053 -0.232926 0.12334 -0.108894 -0.223462 0.140956 -0.107952 -0.221142 0.133544 -0.112186 -0.216019 0.127555 -0.105654 -0.236378 0.0992524 -0.0887477 -0.22465 0.0700856 -0.0968813 -0.235638 0.0802397 -0.0866516 -0.239013 0.0787141 -0.100208 -0.218084 0.101902 -0.0737002 -0.227224 0.0575999 -0.0794021 -0.222088 0.0667886 -0.0858103 -0.219626 0.0816838 -0.0659584 -0.241069 0.0591566 -0.0150356 -0.225928 0.0154999 -0.0266658 -0.227042 0.0230771 -0.039213 -0.240107 0.0513061 -0.0380905 -0.242168 0.03376 -0.0390961 -0.23256 0.0544336 -0.0331596 -0.230813 0.0490499 -0.029327 -0.224889 0.0358597 -0.0144229 -0.244917 0.0195026 -0.021008 -0.239438 0.0129766 -0.0258725 -0.241891 0.0386685 -0.0208201 -0.244303 0.0288867 -0.0140402 -0.227793 0.0273845 -0.131177 -0.218673 0.189821 -0.132692 -0.22459 0.208839 -0.130187 -0.230462 0.2065 -0.129565 -0.217609 0.171047 -0.113537 -0.221595 0.19082 -0.122224 -0.216227 0.135212 -0.11806 -0.215452 0.130039 -0.121487 -0.219764 0.119583 -0.11922 -0.217655 0.119967 -0.112958 -0.221014 0.169417 -0.111956 -0.219274 0.150162 -0.113047 -0.232324 0.10015 -0.110165 -0.221426 0.0950757 -0.106652 -0.224301 0.0865835 -0.0950628 -0.221464 0.078668 -0.106764 -0.233949 0.0914007 -0.103029 -0.236216 0.102912 -0.0994675 -0.232246 0.0796476 -0.105354 -0.219623 0.120617 -0.0986774 -0.237202 0.0872036 -0.0874801 -0.236411 0.0882558 -0.0830499 -0.222765 0.0861523 -0.0648241 -0.237661 0.0518878 -0.0727896 -0.234889 0.0786817 -0.0523182 -0.231204 0.0404889 -0.0601656 -0.229429 0.0702296 -0.0533531 -0.237449 0.0634956 -0.0532767 -0.241726 0.047966 -0.0472419 -0.240795 0.0559344 -0.039161 -0.229461 0.0310644 -0.0490528 -0.227947 0.0606137 -0.0373102 -0.224742 0.0370984 -0.0461578 -0.235576 0.0594284 -0.0453909 -0.225742 0.0550471 -0.031004 -0.242957 0.0407039 -0.0357434 -0.235898 0.0264878 -0.032972 -0.237228 0.0487073 -0.00764081 -0.231662 -0.00490705 -0.0301675 -0.228083 0.0441637 -0.132557 -0.223942 0.183942 -0.127218 -0.232622 0.197995 -0.130798 -0.223989 0.156888 -0.0966061 -0.228678 0.0755333 -0.0832155 -0.229279 0.0638906 -0.0883321 -0.231654 0.0680979 -0.0732322 -0.22455 0.0593805 -0.0534816 -0.234871 0.0414091 -0.041211 -0.224006 0.0439494 -0.0268844 -0.23423 0.0443336 -0.115022 -0.218294 0.224 -0.116039 -0.21695 0.231986 -0.121424 -0.214299 0.193105 -0.126545 -0.214814 0.209684 -0.132109 -0.227244 0.20001 -0.131261 -0.229033 0.203981 -0.128597 -0.231857 0.2065 -0.120224 -0.233188 0.214669 -0.114395 -0.228402 0.219251 -0.113852 -0.227119 0.2267 -0.114019 -0.220008 0.22799 -0.114418 -0.219275 0.204284 -0.124855 -0.229898 0.295593 -0.122732 -0.229467 0.307036 -0.131914 -0.221915 0.277739 -0.114687 -0.217379 0.256486 -0.1125 -0.215097 0.314348 -0.111615 -0.219876 0.314852 -0.122803 -0.213415 0.252932 -0.111701 -0.216746 0.319149 -0.131086 -0.222909 0.299737 -0.11899 -0.213146 0.270561 -0.126318 -0.213044 0.27614 -0.131129 -0.217803 0.28771 -0.113269 -0.223347 0.346232 -0.120358 -0.227752 0.330724 -0.131339 -0.219757 0.302458 -0.115897 -0.226342 0.331229 -0.119027 -0.21033 0.307927 -0.130602 -0.216473 0.318258 -0.124991 -0.21012 0.317528 -0.125449 -0.227276 0.323549 -0.12426 -0.223074 0.373822 -0.126771 -0.224839 0.340006 -0.123054 -0.226337 0.344046 -0.128344 -0.212937 0.307419 -0.110795 -0.215153 0.346536 -0.130509 -0.218884 0.330815 -0.110939 -0.212864 0.354574 -0.109471 -0.21413 0.387084 -0.114893 -0.222336 0.383948 -0.109832 -0.212099 0.380246 -0.116954 -0.222521 0.392431 -0.120288 -0.224956 0.365056 -0.1215 -0.222746 0.388744 -0.129554 -0.216526 0.363318 -0.111896 -0.21981 0.38783 -0.109012 -0.209282 0.409941 -0.129656 -0.214589 0.359111 -0.12496 -0.219835 0.400987 -0.118557 -0.221508 0.407233 -0.113176 -0.219241 0.416477 -0.129616 -0.220103 0.345484 -0.116038 -0.206812 0.359502 -0.108944 -0.212241 0.406696 -0.125415 -0.205545 0.395356 -0.113429 -0.21395 0.310582 -0.109794 -0.215425 0.42158 -0.128357 -0.213233 0.402686 -0.122767 -0.203954 0.39384 -0.114182 -0.218591 0.434795 -0.113374 -0.216741 0.286109 -0.11672 -0.203379 0.393508 -0.127201 -0.207311 0.407002 -0.108895 -0.21335 0.439786 -0.114918 -0.205654 0.376693 -0.127661 -0.214717 0.410793 -0.108448 -0.206527 0.435661 -0.128508 -0.219759 0.364745 -0.116121 -0.215896 0.254359 -0.128369 -0.210696 0.399726 -0.108959 -0.204709 0.43955 -0.115189 -0.215521 0.272291 -0.10805 -0.209616 0.435201 -0.110784 -0.206742 0.399834 -0.111917 -0.212769 0.340174 -0.116138 -0.217932 0.45195 -0.122295 -0.219382 0.422034 -0.119785 -0.219027 0.435935 -0.124494 -0.203353 0.421629 -0.110809 -0.215728 0.448141 -0.110324 -0.208576 0.392013 -0.126953 -0.21159 0.44181 -0.113403 -0.210654 0.340048 -0.117543 -0.216498 0.474614 -0.126522 -0.209306 0.463658 -0.109065 -0.202057 0.460397 -0.123281 -0.214057 0.473383 -0.126796 -0.206129 0.445426 -0.111794 -0.206347 0.392692 -0.120832 -0.216739 0.459116 -0.124555 -0.201348 0.466262 -0.120233 -0.215223 0.485535 -0.107049 -0.203194 0.495348 -0.108514 -0.200555 0.486218 -0.107396 -0.20947 0.496435 -0.122267 -0.199929 0.452596 -0.114656 -0.198785 0.454119 -0.110857 -0.203714 0.424634 -0.106833 -0.206673 0.487373 -0.107723 -0.204062 0.466849 -0.109835 -0.201124 0.460277 -0.125533 -0.202655 0.481218 -0.107619 -0.201419 0.499753 -0.110912 -0.198124 0.489476 -0.120356 -0.197874 0.473738 -0.123371 -0.199228 0.491276 -0.124928 -0.210412 0.497701 -0.115187 -0.196424 0.492033 -0.109244 -0.199381 0.49162 -0.120313 -0.197045 0.492433 -0.12533 -0.201957 0.513695 -0.112762 -0.196633 0.506062 -0.11346 -0.225809 0.200441 -0.122267 -0.233317 0.238824 -0.131066 -0.229192 0.230958 -0.128791 -0.231595 0.226579 -0.125801 -0.233016 0.236084 -0.117495 -0.231593 0.239547 -0.114501 -0.22816 0.251284 -0.131354 -0.218743 0.244537 -0.129547 -0.216734 0.227532 -0.132002 -0.227043 0.236967 -0.127537 -0.23162 0.252077 -0.12486 -0.232576 0.253455 -0.129349 -0.230039 0.256584 -0.121848 -0.232387 0.260231 -0.120681 -0.214524 0.226909 -0.113842 -0.219404 0.249681 -0.116088 -0.229445 0.274649 -0.114005 -0.226911 0.276266 -0.118629 -0.231647 0.258981 -0.131815 -0.225909 0.26038 -0.121115 -0.231207 0.281758 -0.129211 -0.216038 0.250134 -0.112711 -0.223962 0.29825 -0.125192 -0.231043 0.278202 -0.132297 -0.221413 0.2506 -0.119164 -0.229674 0.300414 -0.129837 -0.215858 0.27697 -0.115265 -0.226768 0.314655 -0.116676 -0.21302 0.28743 -0.117978 -0.227636 0.326369 -0.112501 -0.222947 0.327826 -0.117461 -0.225441 0.354828 -0.11042 -0.217536 0.362891 -0.126854 -0.209798 0.342176 -0.121298 -0.207455 0.34307 -0.128087 -0.21006 0.370836 -0.124627 -0.206871 0.365319 -0.124648 -0.202445 0.440835 -0.12087 -0.201352 0.420875 -0.112684 -0.215636 0.473452 -0.114544 -0.202068 0.415908 -0.117389 -0.200475 0.426751 -0.109678 -0.213739 0.465582 -0.108114 -0.202111 0.476299 -0.109062 -0.212183 0.497424 -0.119059 -0.198808 0.450246 -0.126393 -0.206595 0.475831 -0.112792 -0.214717 0.504 -0.126024 -0.204886 0.507389 -0.132088 -0.220472 0.216906 -0.124868 -0.214321 0.223943 -0.126754 -0.214667 0.241061 -0.127632 -0.209719 0.429039 -0.112235 -0.201254 0.437565 -0.129594 -0.213939 0.324117 -0.119544 -0.203889 0.384773 -0.115618 -0.230189 0.2229 -0.123505 -0.233551 0.222591 -0.112459 -0.21845 0.292589 -0.129675 -0.225879 0.300757 -0.128948 -0.228869 0.277863 -0.128732 -0.226535 0.305735 -0.114478 -0.226751 0.300649 -0.12274 -0.211034 0.294475 -0.110459 -0.216163 0.35359 -0.111264 -0.219806 0.365543 -0.116717 -0.208807 0.335462 -0.110143 -0.216929 0.393862 -0.112813 -0.204977 0.396622 -0.107752 -0.210253 0.471074 -0.125784 -0.213804 0.445488 -0.111697 -0.199295 0.464084 -0.115617 -0.197187 0.474814 -0.125942 -0.207243 0.507576 -0.113257 -0.222984 0.230146 -0.11326 -0.22013 0.259726 -0.132428 -0.224012 0.252109 -0.119549 -0.214289 0.246529 -0.130593 -0.227646 0.268726 -0.111341 -0.220091 0.336334 -0.130307 -0.224661 0.30202 -0.114215 -0.223492 0.359263 -0.114598 -0.212859 0.307944 -0.11445 -0.209365 0.342928 -0.128469 -0.222591 0.343773 -0.127381 -0.222854 0.353006 -0.12595 -0.217338 0.414088 -0.124215 -0.216023 0.442961 -0.10721 -0.206256 0.468392 -0.124472 -0.211927 0.484376 -0.108752 -0.199593 0.504148 -0.10663 -0.206487 0.515717 -0.108966 -0.212073 0.525688 -0.111533 -0.214139 0.51817 -0.117576 -0.21526 0.507975 -0.122879 -0.212858 0.507204 -0.124104 -0.199832 0.515715 -0.119566 -0.19652 0.519642 -0.117642 -0.196065 0.531458 -0.116557 -0.195968 0.509539 -0.114737 -0.196054 0.526412 -0.113051 -0.224396 0.257011 -0.128683 -0.231542 0.234865 -0.112465 -0.221093 0.280501 -0.127486 -0.228712 0.293672 -0.109047 -0.199217 0.531501 -0.110764 -0.197672 0.519071 -0.125852 -0.20406 0.525836 -0.125471 -0.208951 0.531654 -0.125252 -0.209449 0.514137 -0.12348 -0.212198 0.531628 -0.120432 -0.214483 0.507834 -0.110346 -0.213343 0.524092 -0.107055 -0.208642 0.517592 -0.106675 -0.204406 0.513606 -0.107231 -0.20211 0.528607 -0.00136217 -0.215023 0.647707 0.000731263 -0.21693 0.635853 -0.00145296 -0.203463 0.64824 -0.000327938 -0.198307 0.641845 -0.124645 -0.204021 0.546144 -0.124091 -0.207511 0.54924 -0.121381 -0.209718 0.557833 -0.121929 -0.203859 0.558063 -0.122048 -0.207333 0.558056 -0.118141 -0.206115 0.569274 -0.114389 -0.205316 0.577241 -0.117978 -0.210885 0.565974 -0.10992 -0.20738 0.584685 -0.106227 -0.210881 0.588951 -0.0960959 -0.204014 0.570356 -0.0601478 -0.201429 0.609065 -0.0551933 -0.199837 0.614164 -0.0906056 -0.202475 0.579877 -0.065754 -0.2038 0.603457 -0.035599 -0.205868 0.619666 0.00135884 -0.20263 0.632288 -0.10689 -0.199933 0.546386 -0.124545 -0.209904 0.54102 -0.122128 -0.212861 0.541939 -0.115281 -0.208999 0.574347 -0.112585 -0.213126 0.573703 -0.0852108 -0.200435 0.588678 -0.112661 -0.215266 0.563095 -0.107175 -0.212833 0.584133 -0.0715673 -0.200847 0.601117 -0.0681519 -0.199018 0.606579 -0.0365998 -0.201182 0.622062 -0.0771292 -0.203921 0.59419 -0.0165681 -0.200246 0.630527 -0.0587864 -0.210134 0.607857 -0.0469729 -0.20258 0.61581 -0.0175493 -0.204883 0.626545 -0.110847 -0.196663 0.549187 -0.103807 -0.198274 0.562765 -0.100695 -0.197392 0.572938 -0.119953 -0.213272 0.554912 -0.0884726 -0.197809 0.589793 -0.103268 -0.205504 0.553189 -0.101244 -0.201838 0.561619 -0.102429 -0.215181 0.585381 -0.0765116 -0.198881 0.59985 -0.0640464 -0.198062 0.612226 -0.0936688 -0.215423 0.596069 -0.0787855 -0.215185 0.61184 -0.0636969 -0.217105 0.615072 -0.0480499 -0.198986 0.619974 -0.0711051 -0.216597 0.614064 -0.0571781 -0.214353 0.62769 -0.0448432 -0.217564 0.626556 -0.0526423 -0.20587 0.611237 -0.0293807 -0.213436 0.640776 -0.0197806 -0.198821 0.637206 -0.0230023 -0.209993 0.62439 0.00165833 -0.208481 0.630591 -0.112009 -0.196814 0.537851 -0.109165 -0.204372 0.585523 -0.0908089 -0.213053 0.604045 -0.0842539 -0.212076 0.611043 -0.0847817 -0.215925 0.604248 -0.0430128 -0.19824 0.626034 -0.043702 -0.198965 0.63023 -0.0592697 -0.216564 0.622802 -0.0507764 -0.215215 0.616501 -0.0379165 -0.21711 0.632527 -0.0345383 -0.216625 0.625606 -0.0245415 -0.216697 0.638775 -0.0397992 -0.211334 0.618186 -0.0227421 -0.217943 0.634211 -0.00170401 -0.211592 0.649663 -0.114153 -0.19603 0.547647 -0.107819 -0.210402 0.517671 -0.106343 -0.204584 0.537868 -0.0987566 -0.196807 0.585402 -0.104888 -0.215819 0.573945 -0.0819647 -0.197458 0.598621 -0.0640544 -0.197727 0.614941 -0.0950114 -0.207171 0.572171 -0.0665433 -0.198322 0.617672 -0.0543644 -0.200029 0.627834 -0.0753636 -0.211599 0.618444 -0.0833134 -0.207865 0.587509 -0.0687082 -0.208459 0.600628 -0.0709381 -0.214635 0.61864 -0.0485451 -0.203226 0.633529 -0.0694309 -0.215958 0.606832 -0.0720088 -0.212907 0.600301 -0.0431198 -0.215146 0.633737 -0.0304401 -0.198881 0.628837 -0.0435496 -0.211818 0.636218 -0.0222856 -0.200696 0.640696 -0.0119762 -0.213394 0.628776 -0.0145479 -0.217467 0.633337 -0.122478 -0.198161 0.517388 -0.106825 -0.20851 0.53643 -0.109924 -0.213417 0.53935 -0.110782 -0.21512 0.553641 -0.0930162 -0.207817 0.604962 -0.0850387 -0.207338 0.612284 -0.0770879 -0.207735 0.618362 -0.090454 -0.216254 0.591791 -0.0593219 -0.211949 0.628299 -0.0223295 -0.207915 0.645391 -0.105904 -0.209726 0.546267 -0.104348 -0.204461 0.592085 -0.0989868 -0.198479 0.592315 -0.100581 -0.20109 0.594643 -0.0905141 -0.198054 0.599988 -0.0854753 -0.197179 0.600125 -0.0784899 -0.198139 0.609774 -0.0877628 -0.200703 0.606854 -0.0929758 -0.212158 0.578489 -0.0836879 -0.21545 0.594647 -0.0399724 -0.206779 0.638505 -0.0293739 -0.208293 0.642261 -0.000371296 -0.218221 0.642103 -0.116955 -0.196673 0.551832 -0.111233 -0.199703 0.579235 -0.082865 -0.203673 0.613245 -0.0702474 -0.204666 0.622417 -0.0725875 -0.200424 0.618013 -0.0631531 -0.208796 0.627181 -0.0508818 -0.20801 0.633746 -0.122777 -0.200948 0.549402 -0.120795 -0.19859 0.550551 -0.0992492 -0.20778 0.598221 -0.0937566 -0.2034 0.603556 -0.0605007 -0.20333 0.627786 -0.0370236 -0.202201 0.6375 -0.124659 -0.201465 0.537156 -0.121108 -0.214066 0.528609 -0.118986 -0.214571 0.545887 -0.114244 -0.215132 0.532465 -0.103366 -0.210741 0.557169 -0.104607 -0.213567 0.560917 -0.121279 -0.197617 0.539303 -0.125771 -0.206829 0.536033 -0.125153 -0.207995 0.54149 -0.11914 -0.200234 0.561705 -0.117613 -0.215247 0.530575 -0.116054 -0.200783 0.57129 -0.113648 -0.196195 0.563251 -0.0981344 -0.215307 0.578284 -0.0689293 -0.200303 0.552734 -0.0685098 -0.200903 0.545104 -0.0683687 -0.201104 0.550141 -0.113479 -0.176034 0.234365 -0.112645 -0.186627 0.232878 -0.113455 -0.18553 0.24 -0.113196 -0.1859 0.245346 -0.112674 -0.186645 0.24706 -0.0790806 -0.224162 0.185143 -0.0790806 -0.224162 0.174857 -0.0784043 -0.225128 0.182331 -0.0784294 -0.225092 0.177544 -0.106325 -0.169562 0.486854 -0.105489 -0.170755 0.48429 -0.10633 -0.16955 0.438386 -0.107 -0.150359 0.496053 -0.105489 -0.170755 0.49771 -0.0809699 -0.117143 0.57567 -0.0723917 -0.114206 0.607301 -0.0635112 -0.115302 0.592241 -0.043189 -0.116511 0.573034 -0.0641901 -0.121977 0.514414 -0.0604542 -0.121709 0.516936 -0.066123 -0.122143 0.512747 -0.0578759 -0.121554 0.518302 -0.055398 -0.121431 0.519275 -0.0519116 -0.118484 0.552907 -0.0692886 -0.122482 0.509169 -0.0929491 -0.123105 0.505575 -0.05251 -0.121312 0.520112 -0.0718389 -0.122827 0.505334 -0.0490207 -0.121199 0.520739 -0.043386 -0.118697 0.548438 -0.0733779 -0.12311 0.502042 -0.0453781 -0.12112 0.520931 -0.0410352 -0.121071 0.520608 -0.0747578 -0.123479 0.497603 -0.0320793 -0.118867 0.543848 -0.0913135 -0.123998 0.493646 -0.0379534 -0.12107 0.519985 -0.0755395 -0.124044 0.490478 -0.0916803 -0.124425 0.488044 -0.035794 -0.121089 0.519324 -0.0260477 -0.118903 0.542023 -0.0330624 -0.121134 0.518241 -0.0219447 -0.118907 0.541013 -0.0301766 -0.121216 0.516696 -0.0745893 -0.124564 0.483522 -0.0740989 -0.124685 0.481842 -0.0262715 -0.121382 0.513988 -0.0157381 -0.118879 0.539867 -0.0252687 -0.121442 0.513093 -0.00951119 -0.118818 0.53907 -0.0866729 -0.126474 0.459026 -0.0830052 -0.126277 0.461371 -0.0731043 -0.124871 0.47922 -0.0905119 -0.126999 0.451853 -0.0211202 -0.121771 0.508455 -0.02344 -0.12157 0.511251 -0.0710371 -0.125146 0.475251 -0.0714673 -0.126233 0.460479 -0.0681442 -0.125411 0.47128 -0.0648631 -0.125623 0.468002 -0.0615982 -0.125758 0.465672 -0.100651 -0.128565 0.428707 -0.0870473 -0.127758 0.440197 0.00284223 -0.120818 0.514304 -0.0187799 -0.122074 0.504524 -0.0583356 -0.12586 0.463837 -0.0568073 -0.125894 0.463166 -0.06541 -0.126836 0.451237 -0.049304 -0.125962 0.461225 -0.0660181 -0.127179 0.446365 -0.0459816 -0.125947 0.460978 -0.0156338 -0.122975 0.493409 -0.0159927 -0.122737 0.496261 -0.015539 -0.123319 0.48932 -0.0430762 -0.125911 0.461065 -0.066388 -0.127266 0.445078 -0.0978957 -0.129645 0.410151 -0.103281 -0.129018 0.421344 -0.101548 -0.130037 0.403345 -0.0925215 -0.129445 0.413239 -0.108512 -0.129578 0.412128 -0.00365882 -0.123249 0.488043 -0.016842 -0.123957 0.482113 -0.0159942 -0.123612 0.485896 -0.101291 -0.130357 0.397303 -0.0060498 -0.124365 0.475212 -0.0195184 -0.124474 0.476022 -0.0178445 -0.124173 0.479446 -0.110224 -0.131167 0.381472 -0.0705781 -0.127657 0.439842 -0.0681373 -0.127493 0.442089 -0.093696 -0.130764 0.38898 -0.0406895 -0.125864 0.461365 -0.0361571 -0.125734 0.462462 -0.0324544 -0.12558 0.463953 -0.0278394 -0.125314 0.466721 -0.0249228 -0.12509 0.469146 -0.110912 -0.132453 0.350788 -0.0821465 -0.132364 0.352768 -0.0909606 -0.130792 0.388276 -0.0845592 -0.132457 0.350359 -0.0868009 -0.132563 0.34754 -0.0751282 -0.132175 0.357447 -0.0906628 -0.132832 0.339812 -0.0153322 -0.129192 0.411213 -0.0676981 -0.127437 0.442779 -0.0763108 -0.130014 0.402047 -0.0765236 -0.130233 0.398108 -0.0918317 -0.133 0.334611 -0.0676184 -0.132066 0.35992 -0.0650581 -0.13205 0.360256 -0.0781206 -0.13045 0.394179 -0.0922184 -0.133136 0.330116 -0.0605353 -0.132041 0.36035 -0.0916094 -0.13329 0.324697 -0.0555186 -0.132069 0.359698 -0.0904168 -0.133406 0.320334 -0.0524706 -0.1321 0.358792 -0.0512738 -0.132117 0.358357 -0.0893394 -0.133472 0.317706 -0.0872455 -0.133562 0.313944 -0.0852044 -0.133625 0.311197 -0.0824376 -0.133689 0.308281 -0.020206 -0.131848 0.363696 -0.045144 -0.13225 0.355102 -0.0422986 -0.132337 0.35289 -0.039707 -0.132443 0.350207 -0.0361981 -0.132628 0.345371 -0.107391 -0.134216 0.26496 -0.103666 -0.134225 0.262948 -0.0973978 -0.134201 0.268337 -0.080697 -0.133721 0.306789 -0.092221 -0.1342 0.269005 -0.0771785 -0.133768 0.30446 -0.0734401 -0.133805 0.30266 -0.086188 -0.134212 0.267266 -0.0821156 -0.134231 0.263254 -0.0677464 -0.13384 0.30096 -0.0645001 -0.13385 0.300514 -0.0567447 -0.133849 0.300916 -0.0226027 -0.133353 0.323537 -0.0320597 -0.133116 0.331402 -0.0335826 -0.133406 0.321395 -0.10258 -0.134135 0.221903 -0.106104 -0.134251 0.254342 -0.104405 -0.134254 0.24972 -0.0975092 -0.134055 0.214001 -0.093869 -0.134084 0.217275 -0.100031 -0.133987 0.207777 -0.0995552 -0.133919 0.202635 -0.0914652 -0.134244 0.243016 -0.0832573 -0.134086 0.218676 -0.0830315 -0.134251 0.247424 -0.023187 -0.134075 0.287407 -0.0366936 -0.133578 0.314607 -0.0385987 -0.133641 0.311846 -0.0406141 -0.133688 0.309616 -0.0443371 -0.133755 0.306326 -0.0481357 -0.133799 0.303925 -0.0497267 -0.133813 0.303119 -0.0522405 -0.13383 0.30212 -0.0547203 -0.133842 0.301359 -0.0786562 -0.134053 0.216172 -0.0981615 -0.133714 0.189312 -0.0810948 -0.134254 0.250269 -0.0224685 -0.134254 0.258572 -0.0798856 -0.134249 0.257352 -0.0724127 -0.133635 0.188666 -0.0709961 -0.133659 0.190224 -0.0687644 -0.133691 0.192338 -0.0763417 -0.13381 0.198354 -0.0662372 -0.133719 0.194312 -0.0786249 -0.133399 0.17571 -0.0739857 -0.133898 0.204549 -0.0937471 -0.133028 0.156715 -0.0792724 -0.133293 0.170705 -0.0575984 -0.133766 0.198333 -0.0523806 -0.13377 0.199299 -0.0771547 -0.132996 0.158386 -0.0205046 -0.134111 0.22879 -0.0482465 -0.133763 0.19948 -0.0456152 -0.133752 0.199269 -0.0752295 -0.132889 0.154463 -0.0417148 -0.133729 0.198497 -0.0377895 -0.133696 0.197212 -0.0893355 -0.132121 0.124111 -0.0726752 -0.132778 0.15071 -0.0351986 -0.133666 0.195968 -0.0688853 -0.132654 0.146847 -0.0648598 -0.13255 0.143882 -0.0609477 -0.132471 0.141906 -0.0171224 -0.133664 0.1986 -0.0312097 -0.133604 0.193356 -0.023868 -0.133414 0.185366 -0.022431 -0.133351 0.182836 -0.0847241 -0.131041 0.0916388 -0.0435257 -0.131586 0.117403 -0.0133666 -0.133119 0.17474 -0.0514815 -0.132349 0.139653 -0.0437925 -0.132314 0.140047 -0.040392 -0.132318 0.14089 -0.036422 -0.131564 0.118387 -0.0370094 -0.132336 0.14217 -0.008689 -0.132442 0.15141 -0.0200427 -0.132842 0.162998 -0.0214557 -0.132723 0.158452 -0.0234379 -0.132616 0.15436 -0.0253083 -0.132545 0.151512 -0.0320881 -0.131504 0.117628 -0.0332355 -0.132374 0.144214 -0.00387067 -0.131764 0.131588 -0.0270565 -0.132494 0.149456 -0.0310263 -0.132406 0.145712 -0.0287657 -0.131425 0.116115 -0.0230392 -0.130544 0.0933934 -0.0213886 -0.130669 0.0971156 0.00155832 -0.131033 0.112546 -0.0206428 -0.130869 0.102659 -0.0217488 -0.131063 0.107661 -0.0247704 -0.131274 0.112796 -0.0212345 -0.130588 0.0950868 -0.0795934 -0.12989 0.0619699 -0.0669825 -0.1244 0.0471886 -0.0286578 -0.130353 0.0878787 -0.0336323 -0.130355 0.0856111 -0.0388975 -0.130372 0.0833861 -0.04631 -0.130184 0.0794351 -0.0545201 -0.130071 0.0740824 -0.0655074 -0.129859 0.064864 0.00395598 -0.1244 0.0818399 0.00160314 -0.12651 0.0839589 -0.0121195 -0.127032 0.0836619 0.000759543 -0.129666 0.0896474 -0.00974933 -0.1244 0.0813533 -0.0261761 -0.130469 0.0895785 -0.021293 -0.1244 0.0791203 -0.0252682 -0.126232 0.0796458 -0.0345675 -0.1244 0.0741134 -0.03756 -0.127024 0.0756848 -0.0436004 -0.129275 0.0768701 -0.0505239 -0.127067 0.0681861 -0.0637294 -0.129109 0.0615529 -0.0601513 -0.129966 0.0695914 -0.0500646 -0.1244 0.0647943 -0.0595387 -0.1244 0.0562899 -0.0224219 -0.129107 0.0849627 -0.0588937 -0.127067 0.0611361 -0.0666499 -0.126245 0.0509766 -0.0918243 -0.1174 0.0790754 -0.0912002 -0.134071 0.0827073 -0.0912469 -0.1174 0.082409 -0.0895041 -0.1174 0.0864452 -0.0871639 -0.1174 0.0895514 -0.0841141 -0.1234 0.0920411 -0.0846508 -0.1174 0.0916602 -0.082492 -0.1234 0.0929169 -0.0793108 -0.1234 0.0940346 -0.0749521 -0.1234 0.0944833 -0.0785467 -0.1174 0.0940263 -0.0723142 -0.1174 0.0942016 -0.0701423 -0.1234 0.0936351 -0.0668063 -0.1174 0.0919721 -0.0656114 -0.1234 0.0912315 -0.0614504 -0.1174 0.0867948 -0.0608094 -0.1234 0.0854014 -0.0593596 -0.1174 0.0815447 -0.059034 -0.1174 0.0762078 -0.0586475 -0.1234 0.0710127 -0.0612041 -0.1174 0.0698666 -0.0655638 -0.1174 0.0648449 -0.0697639 -0.1174 0.0626445 -0.0707684 -0.129871 0.0623506 -0.0752681 -0.1174 0.0615842 -0.0795177 -0.1174 0.062173 -0.0842184 -0.1174 0.0641605 -0.0857197 -0.13105 0.0651416 -0.087792 -0.1174 0.0672919 -0.0881383 -0.132486 0.0675614 -0.0900305 -0.1174 0.0705326 -0.0913729 -0.135607 0.0743053 -0.0915113 -0.1174 0.0750991 -0.091845 -0.135613 0.0783798 -0.0818786 -0.137289 -0.00504825 -0.0875599 -0.138964 0.0368228 -0.08756 -0.139013 0.0368226 -0.0894823 -0.137794 0.0522415 -0.0832409 -0.135464 0.00735736 -0.109791 -0.139025 0.211133 -0.0956768 -0.13323 0.160007 -0.091271 -0.132336 0.127173 -0.0922941 -0.139252 0.072194 -0.101391 -0.142594 0.138754 -0.0904151 -0.136459 0.0629311 -0.0844321 -0.131516 0.0401206 -0.0853373 -0.133131 0.0342281 -0.103309 -0.134165 0.221804 -0.111162 -0.141931 0.212636 -0.11248 -0.144135 0.220476 -0.103438 -0.13427 0.21274 -0.108344 -0.142555 0.190534 -0.103429 -0.1412 0.155164 -0.0994324 -0.139988 0.126434 -0.0983503 -0.14027 0.117558 -0.0933715 -0.137879 0.083061 -0.090047 -0.134172 0.0704409 -0.0813806 -0.129806 0.0395195 -0.0859482 -0.136781 0.026177 -0.0869571 -0.135232 0.0382429 -0.104894 -0.135095 0.204945 -0.100187 -0.133883 0.194046 -0.104085 -0.138265 0.169118 -0.1015 -0.136084 0.16231 -0.0966598 -0.133492 0.15519 -0.0987094 -0.135711 0.13978 -0.0977783 -0.134159 0.150713 -0.0931583 -0.132977 0.121944 -0.0885273 -0.13174 0.0881108 -0.0942178 -0.133904 0.115944 -0.0951066 -0.136362 0.103351 -0.0833086 -0.13023 0.0635469 -0.0877298 -0.138027 0.038486 -0.101358 -0.134606 0.180875 -0.0862869 -0.131139 0.0904468 -0.107509 -0.139935 0.189742 -0.102095 -0.139659 0.148196 -0.0975577 -0.136818 0.122396 -0.106392 -0.13683 0.197344 0.00659533 -0.101655 0.560058 0.00787988 -0.108928 0.560486 0.0145808 -0.0791 0.560323 -0.0021107 -0.105272 0.559957 0.00656882 -0.0791002 0.559213 -0.0157389 -0.105696 0.561447 -0.00126527 -0.0791004 0.558992 -0.00914473 -0.0959387 0.560109 -0.0101919 -0.0791 0.559711 -0.0244807 -0.10344 0.56368 -0.0211689 -0.109075 0.562908 -0.0172697 -0.0791002 0.560839 -0.0322083 -0.0791 0.565679 -0.025094 -0.0791003 0.562945 -0.0518161 -0.1121 0.553127 -0.0401799 -0.1091 0.547284 0.0181895 -0.1091 0.540603 0.0151045 -0.11858 0.53975 0.030845 -0.1121 0.543665 0.0279369 -0.1091 0.542891 0.0259016 -0.124054 0.540914 0.0308043 -0.130166 0.542981 -0.0397633 -0.0791 0.548246 -0.0340696 -0.0791003 0.545974 -0.0256092 -0.0791004 0.543304 -0.0491948 -0.109099 0.55161 -0.0161218 -0.0791004 0.54127 -0.0345208 -0.118848 0.544631 -0.0067367 -0.102254 0.539417 -0.00647636 -0.0791 0.54021 -0.025521 -0.109972 0.542197 0.00245378 -0.0791005 0.540002 0.0115854 -0.0791006 0.540657 -0.0162097 -0.109972 0.54023 0.0180037 -0.0791 0.541618 0.00269647 -0.118593 0.5386 0.0116843 -0.11835 0.539297 0.0236175 -0.1091 0.541721 0.0235385 -0.121697 0.541355 0.0267609 -0.112513 0.565983 0.0241695 -0.1091 0.563477 0.0143899 -0.1091 0.561366 0.0143854 -0.110184 0.56139 -0.0408054 -0.1091 0.570989 -0.0317929 -0.1091 0.566638 -0.0417531 -0.114108 0.575936 -0.000788661 -0.110423 0.560461 -0.0151459 -0.110534 0.561974 0.0128582 -0.113399 0.567255 -0.0220086 -0.111717 0.564383 -0.0121393 -0.113523 0.567563 -0.0432414 -0.112104 0.572913 -0.000623612 -0.112591 0.562221 -0.0111963 -0.113305 0.563796 0.0262408 -0.114932 0.568075 0.0183933 -0.109817 0.57308 0.0384727 -0.1091 0.582743 0.0301379 -0.113476 0.574439 0.0353421 -0.112415 0.579216 0.028303 -0.1091 0.577263 0.0169192 -0.133634 0.49792 0.0172861 -0.141381 0.491311 0.0558475 -0.126652 0.59822 0.0140141 -0.137139 0.480439 0.0493041 -0.126158 0.585685 0.0307516 -0.116305 0.569393 0.0286032 -0.119663 0.55592 0.0420226 -0.13168 0.569246 0.0417438 -0.125512 0.571158 0.0393624 -0.122756 0.569445 0.0298543 -0.123889 0.549116 0.0412972 -0.129237 0.568 0.0364992 -0.129691 0.557039 0.0188797 -0.119492 0.540369 0.0282595 -0.133168 0.533979 0.0265296 -0.130283 0.53189 0.0228159 -0.126883 0.527425 0.0110539 -0.121715 0.517619 0.0266452 -0.138097 0.527442 0.00233866 -0.122316 0.500547 0.0174566 -0.127651 0.512038 1.74975e-06 -0.125688 0.471727 0.0091792 -0.128993 0.482447 0.0303974 -0.135909 0.539028 0.015664 -0.123262 0.5203 0.00517197 -0.123139 0.499233 0.0119086 -0.132329 0.48196 0.00891529 -0.124096 0.501983 0.0353264 -0.134358 0.552712 0.0117139 -0.126828 0.498355 0.0135512 -0.130091 0.4938 0.00504331 -0.126433 0.481068 0.0139298 -0.142765 0.473508 0.0525956 -0.127779 0.591903 0.0469052 -0.129831 0.580155 0.0227047 -0.135529 0.51565 0.0484551 -0.120858 0.587949 0.0067522 -0.120728 0.517227 0.0228525 -0.139842 0.514356 0.0204755 -0.13224 0.511958 0.0199531 -0.139738 0.503082 -0.0716865 -0.158113 -0.0260918 -0.0762558 -0.1522 -0.0302284 -0.0785048 -0.147453 -0.0360772 -0.0601788 -0.165215 -0.032845 -0.0567688 -0.163487 -0.0409899 -0.0460126 -0.179872 -0.0286644 -0.0249042 -0.207897 -0.00906438 -0.042807 -0.177705 -0.0375876 -0.0516656 -0.160966 -0.0507265 -0.0654039 -0.146605 -0.0547675 -0.0597839 -0.149889 -0.0561013 -0.0318464 -0.19453 -0.0244838 -0.0243718 -0.205031 -0.0165315 -0.0515741 -0.149111 -0.0637504 -0.0471741 -0.158807 -0.0576079 -0.0544448 -0.149414 -0.061317 -0.0288451 -0.191923 -0.0341853 -0.0264049 -0.189985 -0.0408119 -0.0292798 -0.183057 -0.047268 -0.0331232 -0.172728 -0.0558637 -0.0407798 -0.155837 -0.065401 -0.0457796 -0.148585 -0.068121 -0.0353657 -0.153394 -0.0705584 -0.038517 -0.148131 -0.0723909 -0.0277032 -0.169256 -0.064203 -0.0348714 -0.147901 -0.0742157 -0.0289412 -0.160096 -0.0702082 -0.0255894 -0.168384 -0.0665205 -0.0245197 -0.159398 -0.0732209 -0.018786 -0.165888 -0.0726268 -0.0302254 -0.150628 -0.074629 -0.0296028 -0.147597 -0.0764523 -0.0240942 -0.14731 -0.0783722 -0.0194725 -0.147252 -0.0796469 -0.0200098 -0.15766 -0.0762688 -0.0540892 -0.193277 0.566361 -0.0588949 -0.192962 0.55424 -0.0584574 -0.19529 0.550443 -0.0605502 -0.189811 0.556458 -0.0621249 -0.187547 0.557 -0.0431294 -0.1848 0.608921 -0.0787926 -0.138162 0.620914 -0.0301641 -0.1761 0.650979 -0.0648388 -0.1341 0.663599 -0.0630752 -0.201311 0.5234 -0.0590151 -0.196073 0.547193 -0.0602009 -0.195847 0.544319 -0.064627 -0.192472 0.539001 -0.0907739 -0.142128 0.577671 -0.0693564 -0.20387 0.495902 -0.0692928 -0.205061 0.493032 -0.0900225 -0.151485 0.557 -0.0712162 -0.199663 0.5 -0.0800152 -0.183487 0.510072 -0.0912321 -0.14998 0.556807 -0.0896606 -0.159097 0.539 -0.070124 -0.208679 0.480135 -0.0701949 -0.205404 0.488742 -0.0725734 -0.203497 0.484705 -0.0939955 -0.147108 0.554907 -0.090959 -0.157273 0.539211 -0.0747654 -0.201119 0.482599 -0.0761548 -0.199317 0.482055 -0.100832 -0.145904 0.533973 -0.0950074 -0.146591 0.552824 -0.0752749 -0.215161 0.436663 -0.101568 -0.162638 0.482 -0.101783 -0.15649 0.5 -0.102992 -0.154825 0.499839 -0.104695 -0.152644 0.499103 -0.106416 -0.150838 0.497114 -0.109015 -0.149395 0.48992 -0.106663 -0.154195 0.485399 -0.113055 -0.151316 0.463312 -0.105198 -0.156951 0.483361 -0.10573 -0.156009 0.483917 -0.102561 -0.161161 0.482122 -0.104175 -0.158649 0.48267 -0.0785776 -0.220535 0.393053 -0.119719 -0.157024 0.392839 -0.0800111 -0.22424 0.353743 -0.120915 -0.161045 0.349709 -0.0800862 -0.22652 0.318356 -0.120411 -0.164373 0.31464 -0.0783698 -0.225167 0.243667 -0.0810986 -0.22168 0.247874 -0.0790278 -0.227727 0.282988 -0.0829234 -0.219124 0.248962 -0.0833788 -0.218458 0.249 -0.118746 -0.167458 0.281901 -0.0734323 -0.227294 0.212423 -0.0787308 -0.223285 0.233695 -0.0768181 -0.227945 0.247659 -0.0832366 -0.213844 0.214637 -0.0839181 -0.213016 0.215458 -0.0811308 -0.219431 0.231 -0.0825659 -0.214626 0.213646 -0.084724 -0.212001 0.216242 -0.0820539 -0.215183 0.212685 -0.0859768 -0.210373 0.217184 -0.116728 -0.169721 0.257274 -0.108743 -0.18105 0.248996 -0.0814295 -0.215769 0.210996 -0.0871339 -0.208835 0.217865 -0.0881988 -0.207388 0.218314 -0.111619 -0.176737 0.248065 -0.0811322 -0.215961 0.209746 -0.0810148 -0.215801 0.20793 -0.0895 -0.205594 0.218707 -0.0810789 -0.215483 0.206685 -0.0909063 -0.203622 0.218933 -0.0812401 -0.215083 0.205739 -0.0925076 -0.201348 0.218988 -0.0815004 -0.214536 0.204751 -0.113713 -0.17342 0.245051 -0.10866 -0.179574 0.231 -0.096453 -0.195577 0.218026 -0.0943131 -0.198733 0.218742 -0.0981754 -0.192989 0.217095 -0.0758286 -0.218928 0.187847 -0.0993418 -0.191198 0.216174 -0.068844 -0.225889 0.177271 -0.100717 -0.189038 0.214727 -0.0821825 -0.213271 0.203076 -0.0783866 -0.215688 0.189 -0.082993 -0.211882 0.201694 -0.0840996 -0.210092 0.200367 -0.0854426 -0.208005 0.199189 -0.0871622 -0.20542 0.198137 -0.113928 -0.172012 0.231654 -0.114219 -0.171795 0.233867 -0.0719284 -0.221869 0.17775 -0.0885557 -0.203378 0.197553 -0.0896763 -0.201769 0.197262 -0.0727442 -0.219722 0.173388 -0.11248 -0.172932 0.220476 -0.110291 -0.177234 0.231287 -0.110317 -0.174038 0.204535 -0.102633 -0.184976 0.205314 -0.102623 -0.185768 0.210683 -0.102021 -0.185562 0.203466 -0.100537 -0.185281 0.189 -0.0911473 -0.199686 0.197033 -0.0918082 -0.198763 0.197002 -0.0932997 -0.196706 0.197091 -0.0952277 -0.194095 0.197497 -0.0967875 -0.192028 0.198107 -0.098893 -0.189317 0.199483 -0.102259 -0.182839 0.188598 -0.100899 -0.186844 0.201573 -0.0630319 -0.223854 0.142301 -0.0760899 -0.214686 0.171 -0.108124 -0.174706 0.188375 -0.10508 -0.17855 0.186207 -0.105881 -0.175329 0.173945 -0.106002 -0.174981 0.172741 -0.101365 -0.174088 0.138562 -0.101597 -0.18057 0.171091 -0.0968485 -0.171669 0.105277 -0.0559685 -0.2213 0.107497 -0.0924975 -0.168062 0.0732109 -0.0476357 -0.218348 0.0729277 -0.0899438 -0.16545 0.0543911 -0.0380148 -0.215115 0.0386434 -0.0875599 -0.162725 0.0368227 -0.031873 -0.213169 0.0190187 -0.0818786 -0.155308 -0.0050481 -0.025293 -0.211191 -0.000484943 -0.0818175 -0.155193 -0.00558779 -0.0812059 -0.153961 -0.0112188 -0.0803271 -0.15311 -0.016438 -0.0795492 -0.152724 -0.0198979 -0.078397 -0.152471 -0.0239973 -0.0875838 -0.173636 0.508204 -0.0277436 -0.181185 0.63989 -0.0278785 -0.182419 0.636286 -0.0277257 -0.184203 0.631513 -0.0272623 -0.18598 0.627156 -0.0263738 -0.1882 0.62212 -0.0234066 -0.193696 0.610656 -0.0345829 -0.202637 0.56877 -0.0437906 -0.21126 0.525916 -0.0509195 -0.219028 0.483371 -0.0560905 -0.225724 0.441232 -0.0592062 -0.230736 0.403182 -0.0607914 -0.234271 0.368874 -0.0612455 -0.236747 0.334542 -0.0605897 -0.238046 0.300217 -0.0588208 -0.238187 0.265922 -0.0559172 -0.237297 0.231691 -0.0518569 -0.235508 0.197556 -0.0466178 -0.232947 0.163553 -0.0401781 -0.229746 0.129716 -0.0325203 -0.226034 0.0960932 -0.0236294 -0.221941 0.0627333 -0.0154197 -0.218395 0.0356437 -0.006365 -0.214751 0.00879002 0.0520781 -0.146782 -0.0633501 0.0570085 -0.146575 -0.0589057 0.0612466 -0.146782 -0.0545239 0.0406219 -0.168738 -0.0576953 0.0733363 -0.159393 0.0266922 0.0801187 -0.151545 0.0174638 0.0786649 -0.151994 0.0230823 0.0770548 -0.1524 0.0280457 0.00421998 -0.212417 0.0217447 0.0508596 -0.159185 -0.0565556 0.0482481 -0.156048 -0.0610616 0.0453841 -0.161562 -0.0595633 0.0583098 -0.159577 -0.047812 0.0638734 -0.146939 -0.0514215 0.0663433 -0.14711 -0.0481928 0.0697193 -0.147391 -0.043117 0.0645544 -0.160066 -0.0376866 0.0727525 -0.147697 -0.0378292 0.0753391 -0.148032 -0.0323091 0.0500476 -0.171104 -0.0450575 0.0694008 -0.160645 -0.0265439 0.0775552 -0.148388 -0.0266302 0.0792952 -0.148769 -0.0207878 0.0557482 -0.171506 -0.035621 0.0726908 -0.161305 -0.0147667 0.0806453 -0.149168 -0.0148433 0.0815002 -0.149587 -0.00880748 0.0410192 -0.181665 -0.0410251 0.0366236 -0.183968 -0.0427275 0.0424528 -0.175651 -0.0481634 0.0603379 -0.171982 -0.0251219 0.0743035 -0.162035 -0.00275135 0.0819718 -0.150167 -0.000695974 0.0818221 -0.150617 0.00539815 0.0461185 -0.181968 -0.032538 0.0636228 -0.172525 -0.0140154 0.0741564 -0.16282 0.00909853 0.0814539 -0.150923 0.0094465 0.0808858 -0.151232 0.0134717 0.073408 -0.163229 0.0148349 0.026858 -0.194834 -0.0336211 0.0321128 -0.189388 -0.0385212 0.0503798 -0.182325 -0.0230083 0.0654408 -0.173129 -0.0027684 0.0722064 -0.163647 0.0203784 0.0696668 -0.165446 0.0253567 0.0360735 -0.191218 -0.0284401 0.0535831 -0.182735 -0.0129202 0.0656628 -0.173786 0.00814629 0.0234441 -0.198165 -0.0299386 0.0198079 -0.200995 -0.0270467 0.0233787 -0.198031 -0.0303766 0.0646688 -0.174308 0.0157925 0.0663203 -0.170257 0.0241241 0.0398699 -0.191462 -0.0201949 0.0555346 -0.183199 -0.00276732 0.060068 -0.17804 0.0225915 0.0271111 -0.198287 -0.023921 0.0180287 -0.204344 -0.0183223 0.0428458 -0.191747 -0.0114615 0.0560683 -0.183714 0.00695157 0.0303752 -0.198424 -0.0170723 0.0557594 -0.18399 0.0114921 0.0447944 -0.192077 -0.00271779 0.0542545 -0.184636 0.0175979 0.0330183 -0.198589 -0.0098148 0.0455309 -0.192456 0.00555384 0.0348388 -0.198793 -0.00257659 0.0451429 -0.192777 0.0111158 0.0476878 -0.19017 0.017357 0.0431508 -0.193778 0.0157056 0.0356523 -0.199047 0.00421083 0.0200729 -0.205761 -0.0071699 0.0285299 -0.202959 0.0103841 0.0354604 -0.199278 0.00870794 0.0384241 -0.197099 0.0139852 0.0335572 -0.200182 0.0122138 0.0160751 -0.206773 -0.0119797 0.021875 -0.205881 7.4178e-05 0.0223037 -0.206013 0.00443769 0.0145453 -0.208998 0.00529405 0.0221993 -0.206017 0.00763965 0.00908632 -0.21065 -0.00189142 0.0362633 -0.160918 0.59543 0.0644227 -0.134462 0.615205 0.0610836 -0.135649 0.607944 0.0586179 -0.143051 0.618665 0.0359051 -0.158735 0.582519 0.045785 -0.145294 0.577726 0.0403628 -0.148661 0.565334 0.0386167 -0.163447 0.625944 0.0346937 -0.166442 0.627373 0.0237333 -0.17274 0.61216 0.0284334 -0.167978 0.596571 0.0189229 -0.175647 0.608035 0.0169734 -0.176816 0.606664 0.02981 -0.165212 0.584791 0.0258369 -0.169575 0.591896 0.0148012 -0.178104 0.605359 0.0158982 -0.177456 0.605994 0.0252697 -0.167859 0.573897 0.0289899 -0.161357 0.558588 0.0250466 -0.164109 0.549682 0.0353476 -0.151744 0.552767 0.016693 -0.173143 0.551856 0.0159113 -0.176216 0.578415 0.0147392 -0.177057 0.577708 0.00752448 -0.181273 0.554242 -0.00236888 -0.18842 0.556817 0.0307405 -0.154539 0.540027 0.0265434 -0.157038 0.52711 0.0210889 -0.166168 0.535974 0.0227594 -0.159226 0.514014 0.0162794 -0.172051 0.539692 0.0160831 -0.171435 0.533636 0.00729232 -0.176487 0.496181 0.0164515 -0.162572 0.487258 0.0193933 -0.16108 0.500732 0.00581916 -0.177449 0.489394 0.00731449 -0.173804 0.475226 -0.000484422 -0.183521 0.47649 -0.0228459 -0.200703 0.541705 -0.0239285 -0.199505 0.562427 -0.0128877 -0.194517 0.559554 -0.0216344 -0.2013 0.520723 0.00502814 -0.174989 0.460087 0.00958659 -0.165381 0.444088 0.0139423 -0.163662 0.473582 0.000725463 -0.181237 0.465891 -0.00914331 -0.192448 0.477894 0.0013162 -0.180018 0.460619 -0.0300688 -0.20766 0.495115 -0.0394745 -0.213743 0.482813 -0.0287259 -0.207625 0.481069 -0.0185857 -0.200505 0.479425 -0.0361791 -0.210357 0.503198 -0.0307014 -0.207561 0.502175 -0.00393455 -0.184037 0.422431 -0.0103606 -0.1917 0.39965 -0.00299467 -0.181446 0.39914 0.00629812 -0.166824 0.414466 -0.0370295 -0.214004 0.460681 -0.0341155 -0.213302 0.440528 -0.0413352 -0.219314 0.420652 -0.0481017 -0.224799 0.40227 -0.037575 -0.217856 0.401538 -0.0466956 -0.222585 0.421138 0.00187857 -0.185629 0.237319 0.000173926 -0.18681 0.245176 -0.00716655 -0.197428 0.244417 0.00982343 -0.17302 0.230224 0.000504628 -0.191488 0.218396 0.0154513 -0.173801 0.193757 0.0112374 -0.184828 0.180874 0.0137086 -0.184533 0.16907 -0.0366437 -0.226515 0.227555 -0.0246594 -0.216316 0.242605 -0.03465 -0.224418 0.241568 -0.0453502 -0.231525 0.240456 0.00702618 -0.191812 0.176043 0.00753564 -0.190176 0.180232 0.00594942 -0.194977 0.167622 -0.00279604 -0.204558 0.165987 -0.0430858 -0.230809 0.219827 -0.0376092 -0.227453 0.220514 -0.0295808 -0.223018 0.20147 0.0128876 -0.190009 0.152852 0.0248289 -0.174167 0.148588 0.0227349 -0.174232 0.157424 0.0145048 -0.189618 0.146554 0.0271375 -0.173868 0.139822 -0.0318025 -0.225426 0.180598 -0.033971 -0.227196 0.160145 -0.0228638 -0.220749 0.162229 0.0348569 -0.171827 0.115311 0.0307861 -0.173061 0.127484 -0.0124354 -0.213177 0.164183 0.0300779 -0.181828 0.107142 0.0393101 -0.170194 0.103396 0.0347535 -0.180204 0.0947239 0.0250067 -0.187322 0.109174 -0.0253793 -0.222949 0.147069 0.0254786 -0.188356 0.103613 0.00141279 -0.20652 0.126603 0.0171125 -0.199438 0.0899103 0.0264349 -0.190327 0.0924548 -0.0312752 -0.226067 0.146197 0.0441319 -0.168174 0.0917435 -0.015279 -0.218073 0.126896 0.0398034 -0.177893 0.083643 0.049313 -0.165767 0.0803486 0.0336133 -0.185128 0.0839033 0.0371914 -0.182462 0.0796614 -0.0166006 -0.219627 0.107956 -0.00407486 -0.214203 0.084121 0.00689988 -0.207427 0.0871208 -0.0156776 -0.219684 0.0809468 0.0566354 -0.172459 0.0454037 0.06493 -0.15771 0.0503529 0.0640555 -0.166799 0.0371285 0.0737199 -0.152416 0.0359079 0.0660668 -0.15694 0.0485714 0.0676645 -0.155697 0.0463103 0.0692215 -0.154592 0.0439589 0.0720099 -0.153091 0.0391484 0.0618535 -0.170056 0.0363625 0.0322436 -0.194218 0.0534553 0.0409789 -0.184915 0.05914 0.0531379 -0.177091 0.0442054 0.053723 -0.17941 0.0361863 -0.00385639 -0.214768 0.0693732 -0.0136021 -0.218874 0.0735978 0.0225488 -0.201749 0.0503754 -0.00371163 -0.214934 0.0619636 -0.00964627 -0.217359 0.0602009 0.00832637 -0.210164 0.0449914 0.00929376 -0.210577 0.0236189 -0.000936199 -0.213391 0.00524665 0.00842483 -0.181741 0.58929 0.0127185 -0.179401 0.604009 0.00430294 -0.183937 0.60163 0.00754739 -0.182273 0.589226 0.00686972 -0.18268 0.589211 -0.00607054 -0.188798 0.60156 0.000103105 -0.186036 0.601175 -0.0018581 -0.187613 0.527192 0.00142594 -0.184338 0.516687 -0.00601493 -0.190481 0.508036 -0.00715955 -0.191198 0.497989 -0.0151702 -0.19766 0.499028 -0.0153583 -0.197845 0.450675 -0.0112952 -0.193637 0.441128 -0.018023 -0.200354 0.430621 -0.0186258 -0.201238 0.400224 -0.0261445 -0.207975 0.420143 -0.0277228 -0.209981 0.400855 -0.0140588 -0.208321 0.221342 -0.0154694 -0.207293 0.243557 -0.0222513 -0.215843 0.222753 -0.0131562 -0.208716 0.210234 -0.00615697 -0.202835 0.20013 -0.00992499 -0.207962 0.190798 -0.00763763 -0.206857 0.182498 0.00840782 -0.198574 0.136755 -0.00721572 -0.213744 0.117452 -0.0274946 -0.224486 0.12831 0.0485522 -0.174442 0.0643997 0.0548441 -0.162963 0.0692097 0.0483549 -0.187537 0.0259935 0.0161852 -0.206839 0.0372076 -0.00332011 -0.215024 0.0404022 0.0128502 -0.172458 0.515201 -0.0119559 -0.194879 0.53429 -1.3113e-05 -0.180132 0.44254 -0.0257394 -0.206574 0.45557 0.00553298 -0.188984 0.197031 -0.0197866 -0.217115 0.183722 0.0202521 -0.186397 0.132196 0.0326803 -0.197956 0.0315872 0.0113848 -0.197025 0.129534 0.0432392 -0.189757 0.033885 0.021341 -0.205008 0.0277244 -0.0143608 -0.191679 0.604517 0.0760108 -0.152259 0.0306819 -0.00848155 -0.189733 0.602168 -0.0103392 -0.190404 0.602756 0.00370011 -0.168316 0.37747 -0.00523491 -0.184176 0.360718 0.00276394 -0.169603 0.340448 -0.0124705 -0.194621 0.360895 -0.0206231 -0.204367 0.361096 0.000722691 -0.174827 0.322292 0.00348051 -0.170814 0.303567 -0.0296268 -0.213332 0.361317 -0.00546677 -0.186009 0.322174 -0.0394066 -0.221444 0.361559 -0.0126508 -0.19658 0.322038 -0.0498833 -0.228636 0.361817 -0.0207681 -0.206452 0.321883 -0.0297523 -0.215541 0.321712 -0.003655 -0.186859 0.283621 0.00583516 -0.171984 0.266827 -0.0395273 -0.223774 0.321526 -0.0108771 -0.197485 0.283176 -0.0500128 -0.23108 0.321327 -0.0190477 -0.207394 0.282673 -0.028097 -0.2165 0.282114 -0.0379452 -0.224725 0.281507 -0.0485078 -0.231999 0.280854 0.0501206 -0.148924 0.60596 0.0515869 -0.141654 0.589888 0.0558702 -0.138942 0.598263 0.0534335 -0.149319 0.620552 0.0430494 -0.156998 0.608917 0.0478947 -0.155233 0.622568 0.0439789 -0.158926 0.623993 0.0410018 -0.155358 0.591812 0.0359955 -0.162869 0.605921 0.026924 -0.170823 0.615546 0.0310529 -0.168432 0.621223 0.0338083 -0.164332 0.603087 -0.0334141 -0.170653 -0.0578922 -0.0303488 -0.174399 -0.0496701 -0.0191649 -0.1744 -0.0245519 -0.022205 -0.199345 -0.0313782 -0.00740173 -0.204453 -0.0180374 -0.0156554 -0.1744 -0.0211317 0.00511525 -0.1744 -0.0133457 0.00964516 -0.204633 -0.0175698 0.0397061 -0.1744 -0.045602 -0.0128924 -0.146821 -0.0809795 -0.00198399 -0.158817 -0.0776693 0.000587936 -0.165708 -0.0740965 0.0252123 -0.146025 -0.0780008 0.01541 -0.158573 -0.0757134 0.00997326 -0.166133 -0.072722 0.0346634 -0.146043 -0.074313 0.0319265 -0.158641 -0.0698123 0.0309417 -0.146023 -0.0759377 0.0400711 -0.146104 -0.0715132 0.024849 -0.167428 -0.0675029 0.029989 -0.167965 -0.064669 -0.0108482 -0.156982 -0.0779839 -0.00526446 -0.152841 -0.0799673 -0.00476587 -0.146551 -0.0819281 0.00329788 -0.14632 -0.0819333 0.00676921 -0.158657 -0.0771964 0.00936725 -0.146195 -0.0814373 0.0117148 -0.152498 -0.0790614 0.017375 -0.146079 -0.0801122 0.0238304 -0.158567 -0.0732396 0.0406869 -0.156394 -0.0662358 0.0469467 -0.146236 -0.0671997 0.00882163 -0.1744 -0.0604446 0.00870755 -0.1744 -0.0168144 0.00712722 -0.1744 -0.0158893 0.00411437 -0.1744 -0.0149944 0.0018938 -0.1744 -0.0149414 0.000206561 -0.205532 -0.0152242 -0.00397341 -0.1744 -0.0605849 -0.0152557 -0.203297 -0.0210448 -0.0467656 -0.154575 0.659288 -0.0282004 -0.174038 0.656721 -0.0636651 -0.133544 0.666604 -0.0624705 -0.133037 0.669299 -0.0430447 -0.151448 0.668982 -0.0265246 -0.171579 0.662279 -0.0246807 -0.167509 0.669634 -0.0604547 -0.132284 0.673207 -0.0576448 -0.131352 0.677922 -0.0403957 -0.148772 0.675434 -0.0548751 -0.13056 0.681804 -0.0369577 -0.144834 0.683144 -0.022483 -0.157675 0.682704 -0.0521799 -0.129858 0.685147 -0.0338666 -0.140924 0.689349 -0.0220682 -0.15308 0.687282 -0.0471629 -0.128715 0.690454 -0.0412692 -0.127521 0.695322 -0.0314313 -0.126002 0.701382 -0.0267251 -0.125552 0.703628 -0.0224079 -0.135973 0.699701 -0.0369164 -0.126827 0.698294 -0.028651 -0.133684 0.698107 -0.0218621 -0.147241 0.692266 0.0227349 -0.164426 0.157424 0.0263158 -0.163902 0.142841 0.030611 -0.163634 0.128042 0.035688 -0.163373 0.112988 0.0412137 -0.163194 0.0986587 0.0474423 -0.163064 0.0843447 -0.0653204 -0.1241 0.662232 -0.0916849 -0.126944 0.574047 -0.104722 -0.13263 0.514299 -0.107536 -0.138895 0.49867 -0.108836 -0.140202 0.491005 -0.112976 -0.142093 0.463876 -0.116453 -0.153073 0.43664 -0.118329 -0.140259 0.415302 -0.120609 -0.141717 0.369751 -0.120719 -0.143174 0.326005 -0.118765 -0.144072 0.282178 0.0456069 -0.1091 0.588299 0.0456839 -0.113801 0.588081 0.0510878 -0.1091 0.593652 0.0557069 -0.109107 0.599249 0.0583183 -0.1091 0.603122 0.0600596 -0.109102 0.606032 0.0623983 -0.1091 0.610596 0.0649945 -0.1091 0.616896 0.0659117 -0.13352 0.619588 0.0665471 -0.1091 0.621766 0.066828 -0.132941 0.622824 0.0673664 -0.1091 0.625074 0.0675855 -0.132365 0.6261 0.0680213 -0.1091 0.62842 0.0683999 -0.131509 0.631077 0.068671 -0.1091 0.633489 0.0688895 -0.130666 0.636097 0.0689856 -0.1091 0.638591 0.0689701 -0.129844 0.641139 0.0688795 -0.1091 0.643702 0.068723 -0.129041 0.646177 0.0684373 -0.1091 0.648794 0.0680678 -0.128269 0.651177 0.0675777 -0.1091 0.653833 0.0670894 -0.127524 0.656125 0.0663883 -0.1091 0.658804 0.0657127 -0.126819 0.660976 0.064794 -0.1091 0.663661 0.0640238 -0.126148 0.665729 0.0628835 -0.1091 0.668402 0.0626941 -0.125725 0.668818 0.0605896 -0.1091 0.67297 0.0604034 -0.125132 0.67331 0.0579999 -0.1091 0.677377 0.0578258 -0.124581 0.677645 0.0550565 -0.1091 0.681555 0.0549048 -0.124086 0.681756 0.0513351 -0.12446 0.686086 0.0506885 -0.1091 0.686784 0.0471144 -0.123562 0.69048 0.0428318 -0.122783 0.694042 0.045162 -0.1091 0.692091 0.0391372 -0.1091 0.696827 0.0340557 -0.1091 0.699943 0.0373147 -0.122483 0.698032 0.0326509 -0.122322 0.700727 0.0272183 -0.1091 0.703405 0.0267067 -0.122203 0.703622 0.0199995 -0.1091 0.705978 0.0186271 -0.122107 0.706605 0.0125641 -0.1091 0.707825 0.00708422 -0.122555 0.708591 0.00581187 -0.1091 0.708733 -0.00184742 -0.1091 0.708917 -0.00948957 -0.1091 0.708344 -0.00652662 -0.123276 0.708801 -0.0154869 -0.124111 0.707216 -0.0145193 -0.1091 0.707433 -0.0194782 -0.1091 0.706194 -0.0219559 -0.124964 0.705427 -0.0243182 -0.1091 0.70455 -0.0290396 -0.1091 0.702592 -0.0335839 -0.1091 0.700251 -0.0393639 -0.1091 0.696644 -0.0447598 -0.1091 0.692485 -0.0497191 -0.1091 0.687813 -0.0541933 -0.1091 0.682675 -0.0572217 -0.1091 0.678557 -0.0599012 -0.1091 0.674204 -0.0622882 -0.1091 0.669685 -0.0643344 -0.1091 0.664891 -0.0665121 -0.109101 0.65842 -0.0679493 -0.1091 0.651874 0.0505945 -0.1091 0.59535 0.0452528 -0.1091 0.589993 0.0547887 -0.1091 0.600609 0.0394027 -0.1091 0.585194 0.0366219 -0.1091 0.583298 0.0584386 -0.1091 0.60626 0.0322721 -0.1091 0.580738 0.0262112 -0.1091 0.577819 0.0615075 -0.1091 0.612247 0.0639652 -0.1091 0.618509 0.0198898 -0.1091 0.575519 0.0654127 -0.1091 0.623344 0.0125387 -0.1091 0.573733 0.0661616 -0.1091 0.626625 0.00581444 -0.1091 0.571303 0.00504427 -0.1091 0.572689 0.0671857 -0.1091 0.634122 0.0675 -0.1091 0.64 -7.45058e-09 -0.1091 0.572521 0.0672904 -0.1091 0.645043 -0.00671875 -0.1091 0.572856 0.0662666 -0.1091 0.652538 -0.0141861 -0.1091 0.574066 -0.0164632 -0.1091 0.573196 -0.0214979 -0.1091 0.576015 0.0639652 -0.1091 0.661491 -0.0262112 -0.1091 0.577819 -0.0311579 -0.1091 0.578552 0.0615075 -0.1091 0.667753 -0.0322721 -0.1091 0.580738 0.0584386 -0.1091 0.673739 -0.0380123 -0.1091 0.584246 0.0542641 -0.1091 0.680048 -0.0425757 -0.1091 0.585834 -0.0433747 -0.1091 0.588308 0.048306 -0.1091 0.687116 -0.047131 -0.1091 0.591679 -0.0501422 -0.1091 0.59263 -0.0505945 -0.1091 0.59535 -0.0564973 -0.1091 0.600571 -0.056193 -0.1091 0.602706 0.042704 -0.1091 0.6922 0.0366219 -0.1091 0.696702 -0.05928 -0.1091 0.607718 0.030017 -0.1091 0.700394 -0.0615075 -0.1091 0.612247 0.0246605 -0.1091 0.702834 -0.0639652 -0.1091 0.618509 -0.0641932 -0.1091 0.615087 0.017455 -0.1091 0.705144 -0.0657872 -0.1091 0.624984 -0.0679112 -0.1091 0.628381 -0.0667461 -0.1091 0.62994 0.0100572 -0.1091 0.706725 -0.0672903 -0.1091 0.634957 0.00252213 -0.1091 0.707395 -0.0688657 -0.1091 0.640488 -0.0673113 -0.1091 0.644202 -0.00671875 -0.1091 0.707143 -0.0133707 -0.1091 0.706141 -0.0206805 -0.1091 0.704193 -0.0662666 -0.1091 0.652538 -0.0630824 -0.1091 0.663855 -0.0277619 -0.1091 0.701527 -0.0329901 -0.1091 0.698823 -0.0588224 -0.1091 0.672991 -0.0407441 -0.1091 0.69379 -0.0547888 -0.1091 0.67939 -0.0505945 -0.1091 0.68465 -0.0458974 -0.1091 0.689465 -0.0544445 -0.1244 -0.0613172 -0.0513327 -0.1244 -0.063945 -0.0464156 -0.1244 -0.0675681 -0.0412695 -0.1244 -0.0708578 -0.0377001 -0.1244 -0.0728196 -0.0321646 -0.1244 -0.0754008 -0.0264704 -0.1244 -0.07761 -0.022584 -0.1244 -0.0788287 -0.0166479 -0.1244 -0.0802664 -0.0106296 -0.1244 -0.0813081 -0.00454584 -0.1244 -0.0818486 0.00156039 -0.1244 -0.0819851 0.00765701 -0.1244 -0.0816163 0.0137158 -0.1244 -0.0808448 0.0196901 -0.1244 -0.0795749 0.0274858 -0.1244 -0.0772294 0.033169 -0.1244 -0.0749921 0.0386477 -0.1244 -0.0722925 0.0439358 -0.1244 -0.0692361 0.048953 -0.1244 -0.065753 0.0552335 -0.1244 -0.0605733 0.0609692 -0.1244 -0.054796 0.0648993 -0.1244 -0.0501207 0.0684293 -0.1244 -0.0451363 0.0716216 -0.1244 -0.0399293 0.0743724 -0.1244 -0.034476 0.0767563 -0.1244 -0.0288527 0.078667 -0.1244 -0.0230515 0.0801894 -0.1244 -0.0171365 0.0812175 -0.1244 -0.0111159 0.0818449 -0.1244 -0.00504053 0.0819678 -0.1244 0.00106612 0.0816862 -0.1244 0.00716734 0.0812295 -0.1244 0.0112146 0.0805724 -0.1244 0.0152342 0.0791903 -0.1244 0.0211835 0.0774175 -0.1244 0.0270283 0.0751674 -0.1244 0.0327065 0.0725464 -0.1244 0.0382233 0.0705589 -0.1244 0.0417784 0.0683974 -0.1244 0.0452305 0.0660671 -0.1244 0.048571 0.0634934 -0.158666 0.0519204 0.0622488 -0.1244 0.053338 0.0586396 -0.124408 0.0573252 0.0559727 -0.124437 0.0599325 0.0504952 -0.1244 0.0645762 0.0522994 -0.143241 0.0632331 0.0441913 -0.132173 0.0690913 0.0438411 -0.1244 0.0692662 0.0367546 -0.1244 0.0732731 -0.0818088 -0.1244 0.00448 -0.0815394 -0.124402 -0.00835218 -0.0806801 -0.1244 -0.0146533 -0.0798592 -0.1244 -0.0186148 -0.0788439 -0.1244 -0.022531 -0.0776366 -0.1244 -0.0263923 -0.0762404 -0.1244 -0.0301894 -0.0703947 -0.1244 -0.0616064 -0.0562081 -0.1244 -0.0576273 -0.0517283 -0.1244 -0.0616474 -0.0453332 -0.1244 -0.0664915 -0.0819675 -0.1244 -0.0450788 -0.0633868 -0.1244 -0.0498204 -0.04025 -0.1244 -0.0697151 -0.0696934 -0.1244 -0.0402375 -0.0349168 -0.1244 -0.0725054 -0.0733534 -0.1244 -0.0330983 -0.02941 -0.1244 -0.0749353 -0.0756453 -0.1244 -0.0275326 -0.0237204 -0.1244 -0.0768997 -0.0774672 -0.1244 -0.0217959 -0.0789039 -0.1244 -0.0159508 -0.0159458 -0.1244 -0.0788793 -0.0796009 -0.1244 -0.0119979 -0.08025 -0.1244 -0.00601387 -0.00801272 -0.1244 -0.0800751 -0.00200693 -0.1244 -0.080475 -0.0805 -0.1244 0 0.00401134 -0.1244 -0.0803749 -0.08025 -0.1244 0.0060139 0.0100097 -0.1244 -0.0798752 -0.0796009 -0.1244 0.0119979 0.0159458 -0.1244 -0.0788793 -0.0784573 -0.1244 0.0179074 -0.079843 -0.1244 0.0183907 0.0237204 -0.1244 -0.0768997 -0.0769236 -0.1244 0.0237278 -0.077404 -0.1244 0.0269936 -0.0756453 -0.1244 0.0275326 0.02941 -0.1244 -0.0749353 -0.073159 -0.125214 0.038671 -0.0733534 -0.1244 0.0330983 0.0349168 -0.1244 -0.0725054 0.04025 -0.1244 -0.0697151 -0.0696934 -0.1244 0.0402375 0.043675 -0.1244 -0.0676221 -0.0665122 -0.1244 0.0453473 -0.0641692 -0.1244 0.0486063 0.0485911 -0.1244 -0.0641492 -0.0603386 -0.1244 0.0532492 0.0547369 -0.1244 -0.0589924 0.0603386 -0.1244 -0.0532492 -0.0547369 -0.1244 0.0589924 -0.0485912 -0.1244 0.0641492 0.0641692 -0.1244 -0.0486063 0.067601 -0.1244 -0.0436614 -0.043675 -0.1244 0.0676221 -0.0384875 -0.1244 0.0706749 0.0706968 -0.1244 -0.0384995 0.0733534 -0.1244 -0.0330983 -0.0312593 -0.1244 0.0741558 0.0756452 -0.1244 -0.0275326 -0.0256382 -0.1244 0.0763082 -0.0218027 -0.1244 0.0774913 0.0774671 -0.1244 -0.0217959 -0.0159458 -0.1244 0.0788794 0.0792524 -0.1244 -0.0139743 -0.00801272 -0.1244 0.0800751 0.0801 -0.1244 -0.00801516 0.0804499 -0.1244 -0.00200629 -0.00200693 -0.1244 0.080475 0.00200692 -0.1244 0.080475 0.00601576 -0.1244 0.0802749 0.08025 -0.1244 0.0060139 0.0100097 -0.1244 0.0798752 0.018134 -0.1244 0.0798775 0.0796009 -0.1244 0.0119979 0.0159458 -0.1244 0.0788794 0.0784573 -0.1244 0.0179074 0.0218026 -0.1244 0.0774913 0.0762844 -0.1244 0.0256302 0.0256382 -0.1244 0.0763082 0.0290393 -0.1244 0.0766262 0.02941 -0.1244 0.0749354 0.0741788 -0.1244 0.031269 0.0349168 -0.1244 0.0725055 0.0716124 -0.1244 0.0367135 0.04025 -0.1244 0.069715 0.067601 -0.1244 0.0436614 0.0453332 -0.1244 0.0664916 0.0517283 -0.1244 0.0616474 0.0629179 -0.1244 0.0501753 0.0576094 -0.1244 0.0561906 0.0116491 -0.145611 0.458974 0.00961719 -0.14701 0.444324 0.00322229 -0.155015 0.365693 0.00276188 -0.157475 0.339682 0.0031293 -0.159759 0.313372 0.0043553 -0.161697 0.286736 0.00641003 -0.163205 0.260464 0.0129761 -0.164901 0.208495 0.0174734 -0.164956 0.182781 -0.0193487 -0.132954 0.16724 -0.0193143 -0.13304 0.170514 -0.0194606 -0.150867 0.172503 -0.0202076 -0.133218 0.177376 -0.0204418 -0.150867 0.177639 -0.0219749 -0.150867 0.181851 -0.0229649 -0.150867 0.183864 -0.0258639 -0.150867 0.188215 -0.0269975 -0.133514 0.189558 -0.0289127 -0.150867 0.191501 -0.0324172 -0.150867 0.194295 -0.0362991 -0.150867 0.196537 -0.0390542 -0.150867 0.197698 -0.043369 -0.150867 0.198912 -0.0455813 -0.150867 0.199283 -0.0493116 -0.150867 0.199507 -0.0522977 -0.150867 0.199358 -0.0552541 -0.150867 0.198912 -0.0581515 -0.150867 0.198174 -0.0616348 -0.150867 0.196827 -0.0617293 -0.13375 0.196778 -0.0643116 -0.150867 0.195497 -0.0668239 -0.150867 0.193874 -0.0697104 -0.150867 0.191501 -0.0713031 -0.150867 0.189921 -0.0736621 -0.150867 0.187023 -0.0765213 -0.133523 0.182545 -0.0770753 -0.150867 0.180814 -0.0788466 -0.150867 0.174724 -0.0792929 -0.150867 0.170264 -0.0790154 -0.13318 0.165729 -0.0788466 -0.150867 0.164308 -0.0782018 -0.133076 0.161395 -0.0775024 -0.150867 0.159255 -0.0746602 -0.150867 0.153589 -0.0707809 -0.150867 0.148575 -0.0677065 -0.150867 0.14585 -0.0626525 -0.150867 0.142674 -0.0581515 -0.150867 0.140858 -0.0556525 -0.132391 0.140176 -0.0508046 -0.150867 0.1396 -0.0471881 -0.132322 0.139585 -0.0441021 -0.150867 0.139972 -0.0411864 -0.150867 0.140637 -0.0380136 -0.150867 0.141752 -0.0336734 -0.150867 0.143925 -0.0300339 -0.150867 0.146542 -0.0263302 -0.150867 0.150232 -0.0241186 -0.150867 0.153245 -0.0221455 -0.150867 0.156848 -0.0204418 -0.150867 0.161393 -0.0194048 -0.150867 0.167275 -0.0322757 -0.150867 0.332652 -0.0332295 -0.150867 0.338169 -0.0334859 -0.132858 0.339047 -0.035187 -0.150867 0.343411 -0.0345378 -0.132752 0.342021 -0.0380651 -0.150867 0.34821 -0.0423566 -0.150867 0.352876 -0.0485132 -0.150867 0.357074 -0.0492513 -0.132154 0.357442 -0.0519251 -0.150867 0.358593 -0.05624 -0.150867 0.359807 -0.0591964 -0.150867 0.360252 -0.0644216 -0.150867 0.36029 -0.0695829 -0.150867 0.359474 -0.0715579 -0.132111 0.358939 -0.075195 -0.150867 0.357431 -0.0781243 -0.132242 0.355844 -0.080291 -0.150867 0.354317 -0.0838993 -0.150867 0.351071 -0.0860965 -0.150867 0.348525 -0.0869697 -0.150867 0.34731 -0.0877812 -0.150867 0.346054 -0.0886814 -0.132675 0.344417 -0.0901 -0.150867 0.341368 -0.0916343 -0.150867 0.335983 -0.0920986 -0.150867 0.328543 -0.0914212 -0.150867 0.323737 -0.0903733 -0.150867 0.32015 -0.0888704 -0.150867 0.316729 -0.0869697 -0.150867 0.313511 -0.0836518 -0.150867 0.30947 -0.0808639 -0.150867 0.306985 -0.0778207 -0.150867 0.30482 -0.075195 -0.150867 0.30339 -0.0703077 -0.150867 0.301532 -0.068125 -0.150867 0.301015 -0.0651686 -0.150867 0.300569 -0.0610615 -0.150867 0.300457 -0.0599439 -0.133853 0.300522 -0.0569731 -0.150867 0.300867 -0.0544247 -0.150867 0.301458 -0.0498439 -0.150867 0.303066 -0.0478393 -0.150867 0.304072 -0.0429049 -0.150867 0.307437 -0.0407132 -0.150867 0.30947 -0.0369895 -0.150867 0.31414 -0.0348004 -0.133492 0.318222 -0.0341459 -0.150867 0.319809 -0.0329438 -0.150867 0.323737 -0.0327226 -0.133312 0.324803 -0.0322757 -0.150867 0.32817 -0.0155171 -0.150867 0.490957 -0.0157592 -0.150867 0.494686 -0.016112 -0.150867 0.496901 -0.0168048 -0.122463 0.499631 -0.0175996 -0.150867 0.501914 -0.0192032 -0.150867 0.505287 -0.0230307 -0.150867 0.510801 -0.02457 -0.150867 0.512433 -0.0274086 -0.150867 0.514864 -0.029879 -0.150867 0.516548 -0.0331785 -0.150867 0.518302 -0.0366772 -0.150867 0.519615 -0.0395746 -0.150867 0.520353 -0.0443962 -0.150867 0.52091 -0.0485032 -0.150867 0.520799 -0.0514597 -0.150867 0.520353 -0.054357 -0.150867 0.519615 -0.0564774 -0.150867 0.518883 -0.0601794 -0.150867 0.5171 -0.0630294 -0.150867 0.515315 -0.065343 -0.150867 0.513422 -0.0680036 -0.150867 0.510801 -0.0698677 -0.150867 0.508464 -0.0714898 -0.150867 0.505952 -0.0725462 -0.150867 0.503973 -0.0739461 -0.150867 0.500509 -0.0750522 -0.150867 0.496165 -0.0753681 -0.150867 0.493944 -0.0753671 -0.123788 0.493735 -0.075424 -0.150867 0.488716 -0.0750679 -0.124395 0.485816 -0.0749223 -0.150867 0.485013 -0.0741843 -0.150867 0.482114 -0.0734347 -0.150867 0.48 -0.072205 -0.150867 0.477275 -0.0700706 -0.150867 0.473764 -0.0669865 -0.150867 0.470016 -0.0630294 -0.150867 0.466599 -0.0611553 -0.150867 0.465366 -0.0592035 -0.150867 0.464261 -0.0578558 -0.150867 0.463612 -0.0564774 -0.150867 0.463031 -0.0542829 -0.125934 0.462281 -0.0529176 -0.150867 0.461894 -0.049987 -0.150867 0.461301 -0.0462651 -0.150867 0.460966 -0.0432752 -0.150867 0.461041 -0.0417868 -0.150867 0.46119 -0.0388415 -0.150867 0.461709 -0.0338677 -0.150867 0.463321 -0.0305358 -0.150867 0.465009 -0.0303512 -0.125471 0.46506 -0.0262395 -0.150867 0.467983 -0.0240478 -0.150867 0.470016 -0.0230764 -0.124917 0.471064 -0.0216032 -0.150867 0.472843 -0.0211831 -0.124713 0.473388 -0.0191705 -0.150867 0.476609 -0.0178729 -0.150867 0.479304 -0.0164448 -0.150867 0.483554 -0.0159821 -0.150867 0.485749 -0.0922532 -0.164209 0.516117 -0.0913439 -0.166999 0.512004 -0.0748501 -0.146809 0.516933 -0.0737917 -0.146814 0.521111 -0.0739943 -0.14681 0.52622 -0.0774233 -0.166981 0.512434 -0.0795884 -0.165931 0.510247 -0.0758814 -0.14681 0.514559 -0.0738721 -0.165988 0.524553 -0.0743388 -0.188085 0.518323 -0.0745077 -0.184084 0.5276 -0.0774443 -0.147839 0.530741 -0.0848188 -0.1687 0.531159 -0.089193 -0.164392 0.526936 -0.0791144 -0.176114 0.531863 -0.0856655 -0.146815 0.507808 -0.0835444 -0.179379 0.508029 -0.0736892 -0.187043 0.523106 -0.0763331 -0.180446 0.530447 -0.0856566 -0.146809 0.530385 -0.079869 -0.14681 0.509762 -0.0906679 -0.146814 0.510759 -0.092235 -0.146809 0.517273 -0.0912421 -0.163181 0.522703 -0.0758815 -0.187475 0.514535 -0.089362 -0.146809 0.526684 -0.0915445 -0.146809 0.522056 -0.0810307 -0.146809 0.208685 -0.0814581 -0.146809 0.211108 -0.0819766 -0.146809 0.212523 -0.0823396 -0.146809 0.213261 -0.0827626 -0.146809 0.213966 -0.0834025 -0.146809 0.214856 -0.0844247 -0.146809 0.215963 -0.0862731 -0.146809 0.217372 -0.0878574 -0.146809 0.21818 -0.0890208 -0.146809 0.218589 -0.0898211 -0.146809 0.218778 -0.0913154 -0.146809 0.218969 -0.0941762 -0.146809 0.218765 -0.0961373 -0.146809 0.218167 -0.0985265 -0.146809 0.216843 -0.0997716 -0.146809 0.215771 -0.101761 -0.146809 0.213004 -0.101524 -0.187716 0.213466 -0.102694 -0.146809 0.210441 -0.102984 -0.184858 0.207882 -0.102845 -0.146809 0.206434 -0.102136 -0.146809 0.203727 -0.101792 -0.185809 0.202976 -0.101183 -0.146809 0.201988 -0.099149 -0.146809 0.199693 -0.0968917 -0.146809 0.198158 -0.0949792 -0.146809 0.197411 -0.0932974 -0.146809 0.197099 -0.0914519 -0.146809 0.197017 -0.0894887 -0.146809 0.197306 -0.0877339 -0.146809 0.19788 -0.0859868 -0.146809 0.198815 -0.0841377 -0.146809 0.200331 -0.0828426 -0.146809 0.201923 -0.081989 -0.146809 0.203483 -0.0814144 -0.146809 0.205022 -0.0811705 -0.146809 0.20609 -0.0810342 -0.146809 0.207178 0.035116 -0.166006 0.628872 0.0357533 -0.165241 0.631773 0.0444094 -0.157825 0.635465 0.0362743 -0.164303 0.63597 0.0359738 -0.162287 0.648307 0.0334324 -0.162219 0.654306 0.020683 -0.160736 0.677076 0.0533111 -0.149886 0.63187 0.0320419 -0.160209 0.662992 0.0293678 -0.162377 0.662295 0.0473113 -0.153505 0.645517 0.0281594 -0.15746 0.674404 0.0202559 -0.164103 0.671457 0.0611305 -0.141323 0.628772 0.0193454 -0.157182 0.682591 0.0409424 -0.154854 0.658989 0.0558013 -0.146166 0.641856 0.0357358 -0.153637 0.671011 0.0255014 -0.162978 0.667136 0.0325731 -0.150577 0.679886 0.0494306 -0.148801 0.655136 0.0267854 -0.152249 0.683188 0.063112 -0.138448 0.638792 0.0433532 -0.149025 0.66751 0.0387344 -0.147416 0.677097 0.0571284 -0.142296 0.651669 0.0367534 -0.143328 0.684349 0.0506408 -0.143855 0.664129 0.0449632 -0.143613 0.674204 0.0636611 -0.135589 0.64882 0.0320101 -0.133087 0.695486 0.0413363 -0.140924 0.682275 0.0572327 -0.138364 0.661095 0.0509343 -0.139374 0.671405 0.0459894 -0.138039 0.680117 0.0627655 -0.132796 0.658631 0.0563264 -0.13491 0.668896 0.0397988 -0.133306 0.690036 0.0608202 -0.130437 0.666875 0.045311 -0.130533 0.687678 0.0524714 -0.133169 0.677091 0.0578254 -0.128187 0.674653 0.0250211 -0.142996 0.692536 0.0332874 -0.142078 0.688176 0.00686474 -0.16738 0.676558 0.00587714 -0.167617 0.676563 0.0129563 -0.163389 0.67884 -0.0262014 -0.1787 0.648287 -0.0190823 -0.169903 0.66862 -0.0213307 -0.174562 0.660182 -0.0234087 -0.162508 0.676753 -0.0122177 -0.164792 0.677867 -0.0108633 -0.171665 0.670431 -0.0122163 -0.157429 0.685554 -0.00459425 -0.160516 0.68438 -0.0157829 -0.149748 0.691681 -0.00170239 -0.169356 0.675688 -0.00694075 -0.14994 0.693083 -0.0148315 -0.141704 0.697945 0.00354272 -0.160211 0.684892 -0.00784241 -0.141518 0.699125 0.0101845 -0.160939 0.682866 0.00434512 -0.167985 0.676494 -0.000929341 -0.141498 0.699583 0.00170323 -0.152646 0.691584 -0.0142219 -0.133113 0.703255 0.00585732 -0.141638 0.699228 0.00689102 -0.153224 0.690727 -0.00618739 -0.13266 0.704475 0.0176532 -0.15224 0.688442 0.012468 -0.141934 0.697983 0.0124246 -0.151527 0.690985 0.00185756 -0.132389 0.704735 0.018857 -0.142375 0.695788 0.0098047 -0.132299 0.703988 0.0175464 -0.132391 0.702202 0.0249801 -0.132657 0.699367 0.0115209 -0.156281 0.687075 -0.0695994 -0.147553 -0.0487944 -0.0742836 -0.147851 -0.042103 -0.0607518 -0.145016 -0.0614309 -0.0819675 -0.1364 -0.0450788 -0.0703947 -0.1364 -0.0616064 -0.0776331 -0.187873 0.5555 -0.090381 -0.169667 0.539 -0.0713783 -0.196806 0.539003 -0.0891474 -0.171429 0.545016 -0.088458 -0.172414 0.546023 -0.0902277 -0.169886 0.544816 -0.0944989 -0.163786 0.542045 -0.0916508 -0.167854 0.547246 -0.0883469 -0.172572 0.548779 -0.0898183 -0.170471 0.557 -0.0898656 -0.170403 0.55126 -0.0924512 -0.166711 0.555763 -0.0949522 -0.150803 0.542048 -0.0911863 -0.168517 0.550426 -0.0942295 -0.164171 0.553436 -0.0722251 -0.195597 0.556999 -0.0698734 -0.198955 0.554614 -0.11195 -0.18768 0.2475 -0.0871942 -0.223035 0.231 -0.090501 -0.218312 0.240429 -0.0898859 -0.219191 0.237307 -0.104071 -0.198933 0.2475 -0.0878983 -0.222029 0.237382 -0.0880926 -0.221752 0.231177 -0.0848873 -0.22633 0.234754 -0.0889734 -0.220494 0.249 -0.0891084 -0.220273 0.243183 -0.0880916 -0.221753 0.248833 -0.0838394 -0.227826 0.241562 -0.0869462 -0.223382 0.240238 -0.0875218 -0.222567 0.24238 -0.0853211 -0.22571 0.246315 -0.10933 -0.191422 0.249 -0.112674 -0.186645 0.231 -0.109452 -0.191247 0.231179 -0.1055 -0.186431 0.18 -0.103924 -0.188682 0.172821 -0.102011 -0.191414 0.177626 -0.102708 -0.190418 0.18003 -0.101024 -0.192823 0.171068 -0.105821 -0.177235 0.184442 -0.105125 -0.186967 0.185809 -0.100267 -0.193904 0.17691 -0.10169 -0.191872 0.182506 -0.102358 -0.190918 0.188281 -0.100234 -0.193951 0.189 -0.0998563 -0.194491 0.182808 -0.0876843 -0.211874 0.1725 -0.0992086 -0.195416 0.178441 -0.0990857 -0.195591 0.181149 -0.080485 -0.222156 0.1725 -0.0822701 -0.219607 0.171 -0.0802133 -0.222544 0.187053 -0.082257 -0.219625 0.188724 -0.0796228 -0.223387 0.173779 -0.0926035 -0.189158 0.482 -0.0968857 -0.183042 0.4835 -0.084828 -0.200263 0.48773 -0.0863923 -0.198029 0.491486 -0.0832003 -0.202587 0.482192 -0.0838428 -0.20167 0.487968 -0.080566 -0.206349 0.484814 -0.082827 -0.203119 0.490539 -0.078913 -0.20871 0.491583 -0.0841426 -0.201241 0.5 -0.0853965 -0.199451 0.493887 -0.0810383 -0.205675 0.49891 -0.0836105 -0.202001 0.493693 -0.102291 -0.175323 0.5 -0.104825 -0.171704 0.4835 -0.104203 -0.172592 0.483019 -0.102645 -0.174817 0.482266 -0.101378 -0.176626 0.48201 -0.10495 -0.171525 0.498315 -0.105237 -0.171115 0.483958 0.045424 -0.170685 -0.051174 0.0335068 -0.170998 -0.0585755 0.0307124 -0.174399 -0.0522726 0.0277699 -0.170059 -0.0631757 0.0215749 -0.167444 -0.0686556 0.0210481 -0.170059 -0.0658502 0.0233786 -0.171937 -0.0619249 0.0161929 -0.166929 -0.0707163 0.0222595 -0.173396 -0.0591143 -0.0108142 -0.165913 -0.0738231 -0.00382303 -0.1695 -0.0702088 -0.000341512 -0.172667 -0.0653348 -0.00724354 -0.172667 -0.0652502 0.0114074 -0.170179 -0.06816 0.0100477 -0.171949 -0.0656188 -0.0161288 -0.171692 -0.0665344 -0.0221871 -0.170059 -0.0661069 -0.0174893 -0.174395 -0.0601091 -0.0173146 -0.202716 -0.0225633 -0.0227349 -0.199929 -0.0298372 -0.0193621 -0.201742 -0.0251004 0.00195704 -0.20564 -0.0149463 0.00448493 -0.205603 -0.0150408 0.00685207 -0.205329 -0.0157554 0.00860173 -0.204947 -0.0167514 0.00262822 -0.150905 0.360874 -0.0119003 -0.129555 0.410173 -0.0118924 -0.133037 0.368553 -0.0169596 -0.132944 0.347179 -0.0125295 -0.133838 0.353912 0.000651242 -0.146043 0.353667 -0.018397 -0.13448 0.289398 -0.0118463 -0.136508 0.293308 0.00342233 -0.155825 0.293112 -0.0147357 -0.134654 0.228834 0.0189142 -0.151059 0.160869 -0.0110115 -0.126933 0.443274 -0.00503571 -0.131807 0.410635 0.00813236 -0.14487 0.434189 -0.00133978 -0.134483 0.410756 0.00192356 -0.140112 0.400738 0.00443667 -0.144123 0.405959 0.0066864 -0.149605 0.418541 -0.0066263 -0.135123 0.374802 0.00420362 -0.148682 0.391648 0.00236683 -0.144824 0.38276 -0.00248249 -0.140317 0.360702 -0.0150926 -0.134079 0.335258 -0.000124942 -0.143282 0.363322 -0.0185964 -0.133651 0.324444 -0.00117187 -0.144066 0.339783 -0.00716148 -0.137266 0.345903 -0.0190928 -0.13394 0.312422 -0.0140422 -0.135319 0.307285 0.00167317 -0.150899 0.30648 6.02268e-05 -0.147456 0.315182 -0.0184582 -0.134575 0.267666 -0.0141423 -0.135647 0.276964 -0.0188638 -0.134436 0.252286 0.00283011 -0.152434 0.285368 0.000856962 -0.148607 0.295747 -0.0106333 -0.136647 0.253129 0.00439258 -0.158972 0.283748 -0.0126705 -0.135573 0.242896 0.00535804 -0.159691 0.270617 0.00685787 -0.158306 0.251108 0.00925885 -0.164256 0.234605 0.00483817 -0.14846 0.233458 -0.00968613 -0.136133 0.22942 0.0063634 -0.154589 0.246539 0.00646106 -0.152297 0.237345 -0.0136756 -0.134242 0.209786 0.00912214 -0.154631 0.222821 0.0112864 -0.159951 0.216969 0.0106135 -0.153439 0.209483 0.0103962 -0.150115 0.200887 -0.00720231 -0.132828 0.159325 -0.00195896 -0.133509 0.156288 -0.00741369 -0.133707 0.17543 -0.00137657 -0.135172 0.172993 0.000343803 -0.137711 0.189316 0.00435453 -0.135411 0.154235 0.0083658 -0.137838 0.156052 0.00881277 -0.139429 0.163431 0.0189817 -0.160174 0.173304 0.0171361 -0.146782 0.157844 0.0208143 -0.155105 0.159503 0.0259493 -0.158129 0.142143 0.0046595 -0.130592 0.458561 0.00153992 -0.128248 0.459242 0.00116574 -0.133012 0.431431 -0.00251428 -0.130291 0.432117 0.00858366 -0.137162 0.452606 0.0106495 -0.140055 0.457851 -0.00921732 -0.127909 0.433417 -0.00687215 -0.129625 0.422013 0.0105825 -0.143786 0.452528 0.00460787 -0.139577 0.421462 0.00695131 -0.142117 0.43016 -0.0147103 -0.130426 0.393658 -0.0103048 -0.1315 0.392944 -0.0169041 -0.131714 0.369933 2.5657e-05 -0.141084 0.379741 0.00450144 -0.152374 0.39169 -0.00460821 -0.13722 0.369249 -0.0091909 -0.135611 0.351028 -0.00428361 -0.139667 0.346729 -0.00323037 -0.142037 0.329567 -0.00782094 -0.138711 0.301525 0.00136004 -0.149605 0.336332 -0.00654843 -0.138909 0.326428 -0.00295884 -0.1432 0.309065 0.00258878 -0.154903 0.330454 -0.00395152 -0.141979 0.292815 -0.00653373 -0.139731 0.290199 -0.00102157 -0.145433 0.290353 -0.0168007 -0.134756 0.254006 -0.00612929 -0.139755 0.271505 -0.00173809 -0.14383 0.271701 0.00412941 -0.156047 0.280194 -0.00498673 -0.139901 0.253521 0.00393027 -0.152875 0.268415 0.00249921 -0.14671 0.245008 0.00409493 -0.150073 0.250285 0.00554056 -0.15776 0.26482 -0.00759363 -0.137398 0.23697 -1.3574e-06 -0.143461 0.243436 -0.00342968 -0.139765 0.234799 -0.00529683 -0.137499 0.219677 0.00401554 -0.146243 0.227894 -0.00976649 -0.134496 0.197806 0.00889703 -0.159683 0.234619 0.000978636 -0.141639 0.217596 -0.0119446 -0.133687 0.189541 0.00792256 -0.150034 0.216981 -0.00181183 -0.138151 0.204343 -0.00370876 -0.135957 0.19153 0.0128113 -0.158277 0.204978 0.0125883 -0.153417 0.197352 0.00281266 -0.136211 0.166276 0.0142615 -0.161182 0.199501 0.0130998 -0.146326 0.174202 0.00592182 -0.140602 0.182483 0.0133838 -0.142565 0.159186 0.0158964 -0.158237 0.18718 0.0150722 -0.152986 0.182954 0.0156169 -0.150189 0.173922 0.0220197 -0.159105 0.15854 0.00642222 -0.134163 0.451182 0.0030469 -0.136288 0.425017 0.00648969 -0.14591 0.41963 -0.00575731 -0.134023 0.38969 -0.0130471 -0.131586 0.382051 -0.00164641 -0.137554 0.388694 -0.0154764 -0.132175 0.366592 -0.00998746 -0.136285 0.332739 -0.0102892 -0.136946 0.31235 0.00251831 -0.154513 0.317613 -0.00966948 -0.137541 0.274378 0.00146746 -0.147276 0.263368 0.00225934 -0.149435 0.270712 -0.00817453 -0.135609 0.209563 0.00699151 -0.146428 0.207761 0.0107267 -0.14773 0.19074 0.00648429 -0.143163 0.194255 0.0181983 -0.155365 0.171744 -0.00358827 -0.124814 0.472117 -0.00484075 -0.127301 0.448301 0.000936791 -0.132423 0.136278 0.00671251 -0.134146 0.137775 0.00954624 -0.13548 0.138492 0.0122808 -0.137126 0.139171 0.0148685 -0.139072 0.1398 0.0172642 -0.141293 0.140367 0.019428 -0.143756 0.140863 0.0112642 -0.133549 0.121572 0.0221334 -0.147829 0.141447 0.014086 -0.134896 0.122415 0.0168098 -0.136557 0.123214 0.0242492 -0.152161 0.141863 0.023934 -0.143243 0.125213 0.0275028 -0.146776 0.122329 0.0304636 -0.157728 0.126716 0.0262861 -0.135473 0.0956285 0.0310091 -0.135099 0.0844924 0.0256469 -0.133273 0.0880028 0.0285511 -0.137214 0.0964712 0.005922 -0.131753 0.11846 0.0137103 -0.13308 0.112713 0.0192475 -0.134966 0.109634 0.0335919 -0.139385 0.0911339 0.0367305 -0.142217 0.0903952 0.0375647 -0.156671 0.106048 0.0410133 -0.145062 0.0858333 0.0442355 -0.151363 0.0863087 0.0429291 -0.157071 0.0931648 0.0470408 -0.149696 0.0787823 0.0556493 -0.152442 0.064216 0.0506092 -0.153645 0.0747373 0.0564042 -0.158122 0.0655147 0.00971483 -0.130538 0.0973372 0.0125839 -0.131585 0.104254 0.0154641 -0.130562 0.0902466 0.0302047 -0.152756 0.123039 0.0288478 -0.142684 0.110428 0.0342288 -0.159755 0.116471 0.0374644 -0.146656 0.0960705 0.038546 -0.150236 0.0982109 0.0363689 -0.159784 0.110576 0.0388412 -0.138727 0.0785774 0.0469552 -0.145191 0.0736753 0.0489605 -0.158055 0.0802851 0.0201784 -0.132864 0.097263 0.0252418 -0.138458 0.108031 0.0346725 -0.151799 0.10975 0.0214046 -0.139446 0.121454 0.0334395 -0.146136 0.105268 0.0333785 -0.157044 0.117623 -0.0970115 -0.125911 0.493869 -0.104669 -0.131958 0.49419 -0.102223 -0.128592 0.459438 -0.107164 -0.133267 0.476336 -0.113298 -0.135937 0.432485 -0.109195 -0.132083 0.425919 -0.110324 -0.131334 0.420453 -0.111693 -0.133936 0.302466 -0.120217 -0.141727 0.313809 -0.113054 -0.132926 0.344506 -0.120741 -0.140633 0.351021 -0.11937 -0.138703 0.394908 -0.118587 -0.136698 0.400014 -0.110473 -0.130052 0.406028 -0.113894 -0.142767 0.23251 -0.114414 -0.140984 0.240937 -0.116145 -0.143185 0.251374 -0.108866 -0.13435 0.263618 -0.118808 -0.142257 0.28537 -0.116697 -0.133579 0.393322 -0.11918 -0.140445 0.300107 -0.110158 -0.133678 0.307918 -0.115253 -0.135119 0.309586 -0.12051 -0.14053 0.333857 -0.109718 -0.135894 0.234933 -0.106995 -0.134667 0.232763 -0.112442 -0.13631 0.255071 -0.114519 -0.135836 0.284641 -0.112726 -0.134831 0.284795 -0.11739 -0.13815 0.291434 -0.119983 -0.13942 0.328044 -0.120016 -0.138571 0.348128 -0.120537 -0.140425 0.368273 -0.119801 -0.138013 0.371294 -0.118091 -0.135285 0.393824 -0.115636 -0.138771 0.264469 -0.110267 -0.134691 0.263827 -0.118739 -0.138444 0.311584 -0.114831 -0.134157 0.326291 -0.118137 -0.136188 0.335455 -0.115327 -0.133416 0.35549 -0.118265 -0.135638 0.359 -0.111982 -0.131536 0.376365 -0.115169 -0.132375 0.388836 -0.112881 -0.13103 0.396993 -0.112628 -0.138342 0.237286 -0.117079 -0.140736 0.268525 -0.118378 -0.139045 0.413671 -0.116842 -0.139721 0.424574 -0.115096 -0.132537 0.413293 -0.115741 -0.134661 0.41745 -0.0968655 -0.126522 0.458484 -0.101362 -0.127993 0.459266 -0.103124 -0.128909 0.428052 -0.104633 -0.129407 0.429325 -0.108921 -0.129837 0.416643 -0.10746 -0.133905 0.481619 -0.110875 -0.135296 0.456888 -0.110281 -0.13902 0.480798 -0.114311 -0.139181 0.447791 -0.115535 -0.141394 0.44279 -0.111039 -0.136025 0.462362 -0.11412 -0.137289 0.437602 -0.109637 -0.136738 0.479661 -0.112799 -0.140486 0.46416 -0.111805 -0.138068 0.46609 -0.0941461 -0.124761 0.488467 -0.108007 -0.136586 0.491337 -0.106042 -0.134834 0.507283 -0.100277 -0.1267 0.503781 -0.095028 -0.124985 0.491058 -0.0952396 -0.123528 0.50478 -0.104591 -0.130989 0.514142 -0.0887627 -0.119961 0.543999 -0.095904 -0.12224 0.525433 -0.100782 -0.124441 0.511785 -0.0654624 -0.11907 0.661813 -0.0702332 -0.118864 0.647288 -0.089127 -0.119737 0.548632 -0.100465 -0.125341 0.523147 -0.103503 -0.127678 0.513725 -0.102869 -0.128744 0.520492 -0.0993035 -0.128651 0.54041 -0.0789317 -0.115987 0.590515 -0.0985206 -0.129221 0.544824 -0.0752111 -0.118772 0.630202 -0.0753886 -0.116702 0.624626 -0.0795218 -0.122907 0.618482 -0.0749359 -0.114666 0.60489 -0.0948563 -0.123578 0.552474 -0.079471 -0.118883 0.613206 -0.0828349 -0.118805 0.598187 -0.0854144 -0.118241 0.567517 -0.088678 -0.121344 0.578039 -0.0952486 -0.125629 0.556314 -0.0839037 -0.123445 0.602714 -0.082556 -0.121496 0.605987 -0.0820888 -0.117398 0.592656 -0.0885908 -0.12302 0.583194 -0.0815128 -0.116791 0.587149 -0.0884609 -0.119805 0.569757 -0.0758711 -0.115201 0.612403 -0.0912952 -0.120455 0.551256 -0.0946242 -0.122397 0.546565 -0.060751 -0.1364 -0.0614315 -0.0785048 -0.1364 -0.0360764 0.0207112 -0.164558 0.62609 0.0172123 -0.16624 0.621934 0.0162931 -0.1581 0.621066 0.0145936 -0.1581 0.619702 0.0130524 -0.168001 0.618678 0.00848757 -0.169865 0.616509 0.00765943 -0.1581 0.616224 0.000707731 -0.172801 0.614772 0.000621326 -0.1581 0.615054 -0.00310859 -0.1581 0.615194 -0.00651272 -0.175287 0.615884 -0.0110095 -0.176713 0.617589 -0.00823943 -0.1581 0.616452 -0.0130318 -0.1581 0.618674 -0.0144971 -0.177703 0.619653 -0.0150904 -0.1581 0.620078 -0.0171637 -0.178348 0.621836 -0.0201376 -0.178868 0.62526 -0.0183035 -0.1581 0.623017 -0.0213058 -0.1581 0.62698 -0.0221493 -0.179033 0.628417 -0.0237474 -0.178847 0.632353 -0.0240282 -0.1581 0.633239 -0.0247239 -0.178403 0.636263 -0.0248758 -0.1581 0.637511 -0.0249469 -0.177924 0.638889 -0.0248758 -0.1581 0.642489 -0.0246226 -0.176665 0.644258 -0.0245043 -0.1581 0.644954 -0.0241432 -0.176014 0.646503 -0.0238893 -0.1581 0.647369 -0.0234923 -0.1581 0.648551 -0.0235063 -0.175367 0.648497 -0.0223094 -0.174343 0.651285 -0.0213323 -0.1581 0.653036 -0.0205906 -0.173194 0.654163 -0.0191511 -0.1581 0.65607 -0.0153166 -0.170289 0.66001 -0.0138127 -0.1581 0.660812 -0.00912218 -0.1581 0.663243 -0.00800782 -0.167378 0.663668 -0.00308197 -0.165716 0.664707 -0.00432618 -0.1581 0.664528 0.00217717 -0.1581 0.664883 0.00724577 -0.16051 0.663825 0.0128874 -0.161586 0.661348 0.0130156 -0.1581 0.661299 0.0201814 -0.158101 0.655212 0.0250775 -0.158101 0.643628 0.0248663 -0.161336 0.639849 0.0234517 -0.162935 0.631638 0.0222512 -0.1581 0.627981 0.0399107 -0.117236 0.579158 0.0530436 -0.118581 0.595773 0.0578171 -0.123515 0.602249 -0.00515003 -0.110247 0.57049 -0.0173138 -0.111543 0.571565 -0.0419428 -0.113787 0.57968 -0.0674263 -0.113526 0.606395 0.00911242 -0.111731 0.569617 -0.0305099 -0.111604 0.576272 -0.041168 -0.111688 0.582184 -0.0622481 -0.111105 0.605983 -0.0483782 -0.115403 0.580506 -0.0565328 -0.111885 0.596002 -0.0593218 -0.114741 0.591481 -0.0699416 -0.114162 0.605813 -0.0480926 -0.111577 0.58786 -0.0692484 -0.11409 0.646201 -0.0702159 -0.112641 0.635034 -0.0687859 -0.111926 0.618419 -0.0699851 -0.111907 0.627782 0.0580894 -0.148653 0.0581443 0.0435371 -0.137948 0.071337 0.0393354 -0.128444 0.0719967 0.0349945 -0.128042 0.0746385 0.030804 -0.13026 0.0783147 0.0249183 -0.129831 0.0818443 0.0141694 -0.127979 0.0845145 -0.0803933 -0.127497 0.0211567 -0.0825827 -0.130924 0.0251352 -0.079276 -0.127967 0.0308078 -0.0759574 -0.128676 0.0454602 -0.0819453 -0.124404 -0.00296534 -0.0819912 -0.131531 0.00232734 -0.0813173 -0.127547 0.0125929 -0.083055 -0.13292 0.0141276 -0.0535309 -0.1234 0.102893 -0.0523788 -0.1234 0.107942 -0.0527409 -0.1174 0.106781 -0.0492565 -0.1234 0.113074 -0.0469928 -0.1234 0.115152 -0.0486876 -0.117455 0.114178 -0.0426065 -0.1174 0.117351 -0.0360834 -0.1174 0.11838 -0.0323541 -0.1174 0.117719 -0.0297717 -0.1174 0.11672 -0.0259294 -0.1174 0.113931 -0.0227304 -0.1174 0.110021 -0.0211354 -0.1174 0.105707 -0.0206732 -0.1174 0.101239 -0.0214698 -0.1174 0.0968101 -0.0235955 -0.1174 0.0926188 -0.0265197 -0.1174 0.0893366 -0.0302305 -0.1174 0.087089 -0.036085 -0.1174 0.0855488 -0.0356212 -0.1234 0.0855828 -0.0416569 -0.1174 0.0861727 -0.0435366 -0.1234 0.0868237 -0.0477248 -0.1174 0.0895452 -0.0495736 -0.1234 0.0913962 -0.0514187 -0.1174 0.0938132 -0.0526654 -0.1234 0.0967474 -0.0532895 -0.1174 0.0992599 -0.0722596 -0.1174 0.0718865 -0.0743015 -0.1174 0.0712453 -0.0684851 -0.1174 0.0774459 -0.0685564 -0.1174 0.0790471 -0.0769819 -0.1174 0.0713736 -0.0692112 -0.1174 0.0811573 -0.0793236 -0.1174 0.0724026 -0.0806774 -0.117401 0.0735946 -0.0704915 -0.1174 0.0828658 -0.0725212 -0.1174 0.0843431 -0.0740034 -0.1174 0.0848166 -0.0761408 -0.1174 0.0848718 -0.0822086 -0.1174 0.0771911 -0.0821553 -0.1174 0.0792885 -0.0784467 -0.1174 0.0842376 -0.0794488 -0.1174 0.0836146 -0.0812222 -0.1174 0.0816255 -0.0279545 -0.117297 0.090763 -0.0250719 -0.1174 0.0939678 -0.0320754 -0.1174 0.0883893 -0.0237519 -0.1174 0.0963261 -0.023155 -0.1174 0.0981239 -0.0357618 -0.1174 0.0875847 -0.0398853 -0.1174 0.0877682 -0.0434633 -0.1174 0.0889703 -0.0226172 -0.117392 0.104828 -0.0247403 -0.1174 0.109515 -0.0264419 -0.1174 0.111732 -0.0466768 -0.1174 0.0911152 -0.0298747 -0.117398 0.11449 -0.0510053 -0.1174 0.0978592 -0.0360273 -0.1174 0.116394 -0.0515417 -0.1174 0.101687 -0.0389975 -0.1174 0.116302 -0.0501058 -0.1174 0.108315 -0.0432149 -0.1174 0.11505 -0.0609579 -0.123401 0.0689946 -0.0478062 -0.1234 0.0785237 -0.0356825 -0.1234 0.0848993 -0.032753 -0.1234 0.08597 -0.0815303 -0.1174 0.0749906 -0.0784467 -0.1444 0.0718592 -0.0817111 -0.1444 0.0753755 -0.0822086 -0.1444 0.0771911 -0.075881 -0.1444 0.0712185 -0.0821085 -0.1444 0.0794982 -0.0796405 -0.1444 0.0726251 -0.073199 -0.1444 0.0715167 -0.0813127 -0.1444 0.0815289 -0.0796253 -0.1444 0.0834536 -0.0708037 -0.1444 0.0729069 -0.0705485 -0.1174 0.0731675 -0.0779321 -0.1444 0.084458 -0.0690787 -0.1174 0.0752668 -0.0689714 -0.1444 0.0756737 -0.0751145 -0.1444 0.0849059 -0.0685685 -0.1444 0.078923 -0.0696278 -0.1444 0.0818596 -0.0713587 -0.1444 0.0836284 -0.105708 -0.128781 0.255474 -0.104435 -0.1204 0.252558 -0.0991248 -0.134249 0.244405 -0.0967463 -0.1204 0.244683 -0.101274 -0.1204 0.24731 -0.0885257 -0.1204 0.244898 -0.0858404 -0.134247 0.244881 -0.0836992 -0.1204 0.24856 -0.0804327 -0.134254 0.251891 -0.0811665 -0.1204 0.255034 -0.083273 -0.1204 0.262641 -0.080208 -0.134248 0.259287 -0.0975426 -0.1204 0.266806 -0.0904196 -0.1204 0.267596 -0.104879 -0.1204 0.257759 -0.102853 -0.1204 0.26269 -0.0942923 -0.1204 0.253029 -0.0959962 -0.1204 0.254947 -0.0950352 -0.1204 0.258379 -0.0907745 -0.1204 0.253912 -0.0923685 -0.1204 0.259098 -0.0903889 -0.1204 0.450464 -0.082442 -0.120399 0.436717 -0.0772218 -0.12786 0.437488 -0.0675153 -0.1204 0.444809 -0.068984 -0.1204 0.4574 -0.0789324 -0.1204 0.462134 -0.0863407 -0.1204 0.458496 -0.0878729 -0.124178 0.457286 -0.0892626 -0.126734 0.455606 -0.0810679 -0.1204 0.450535 -0.0782081 -0.1204 0.447214 -0.0748701 -0.1204 0.449232 -0.0790498 -0.1204 0.452998 -0.0758283 -0.1204 0.452189 -0.0996775 -0.130539 0.393717 -0.0983674 -0.1204 0.39353 -0.0948346 -0.1204 0.390712 -0.0966362 -0.130695 0.390504 -0.0870697 -0.13078 0.388307 -0.0859387 -0.1204 0.390024 -0.0779641 -0.1204 0.396729 -0.0811164 -0.130628 0.390959 -0.0775524 -0.1204 0.403497 -0.0769312 -0.129829 0.405339 -0.0791379 -0.129638 0.408873 -0.0837021 -0.1204 0.411367 -0.0923945 -0.1204 0.412365 -0.086042 -0.129416 0.413228 -0.0984232 -0.1204 0.408243 -0.100962 -0.1204 0.401173 -0.0917031 -0.1204 0.399349 -0.0915295 -0.1204 0.402985 -0.0886011 -0.1204 0.398111 -0.0878095 -0.1204 0.403636 -0.0968305 -0.1204 0.199413 -0.0911265 -0.1204 0.194777 -0.0904408 -0.133752 0.192694 -0.0824226 -0.1204 0.194973 -0.0809873 -0.133755 0.19427 -0.0773853 -0.133791 0.196945 -0.075675 -0.1204 0.20201 -0.0769062 -0.1204 0.199408 -0.0758997 -0.1204 0.209592 -0.0753328 -0.133996 0.211773 -0.0773143 -0.134035 0.214952 -0.0806145 -0.1204 0.216066 -0.0856852 -0.1204 0.217926 -0.0882766 -0.134094 0.219009 -0.0912829 -0.1204 0.217251 -0.0935693 -0.1204 0.215968 -0.0957168 -0.134072 0.215925 -0.0976278 -0.1204 0.211217 -0.0990495 -0.1204 0.20663 -0.0991828 -0.134026 0.211165 -0.0844421 -0.1204 0.203995 -0.0875496 -0.1204 0.202989 -0.0843227 -0.1204 0.207415 -0.09014 -0.1204 0.205536 -0.0877397 -0.1204 0.209166 -0.0894016 -0.1204 0.208246 -0.0809973 -0.1324 0.449165 -0.0790003 -0.1324 0.452676 -0.0777302 -0.1324 0.446985 -0.0750583 -0.1324 0.450214 -0.0919372 -0.1324 0.402389 -0.0902459 -0.1324 0.398394 -0.0864609 -0.1324 0.399061 -0.0890338 -0.1324 0.403993 -0.0857492 -0.120401 0.400666 -0.0860806 -0.1324 0.402438 -0.0955316 -0.1324 0.25408 -0.0946527 -0.1324 0.258339 -0.0924884 -0.1324 0.252848 -0.0900296 -0.1324 0.254922 -0.0899535 -0.1204 0.257224 -0.0911115 -0.1324 0.258654 -0.0891791 -0.1324 0.203547 -0.0900304 -0.1324 0.206498 -0.0857069 -0.1324 0.203309 -0.0887617 -0.1324 0.208804 -0.0859291 -0.1324 0.208885 -0.0838911 -0.1324 0.206505 -0.0790349 -0.16495 0.545358 -0.0783379 -0.165945 0.547002 -0.0790149 -0.164978 0.550245 -0.0804926 -0.162868 0.544909 -0.0819075 -0.160847 0.54689 -0.0813817 -0.161598 0.550311 -0.074006 -0.194797 0.487997 -0.0859162 -0.198708 0.488416 -0.0737747 -0.195127 0.493685 -0.0731055 -0.196083 0.489595 -0.0763519 -0.191446 0.489806 -0.0757696 -0.192278 0.49351 -0.0784353 -0.214623 0.237287 -0.0805469 -0.211607 0.239302 -0.0772996 -0.216245 0.241318 -0.0791467 -0.213607 0.242874 -0.0896803 -0.188102 0.177671 -0.0891876 -0.188806 0.180291 -0.0918434 -0.185013 0.177429 -0.0901031 -0.187499 0.182883 -0.0928356 -0.183596 0.179869 -0.0919239 -0.184898 0.182567 -0.108149 -0.182996 0.486537 -0.106447 -0.185427 0.492538 -0.111258 -0.178557 0.489913 -0.10968 -0.18081 0.495314 -0.10139 -0.182189 0.48855 -0.104556 -0.177667 0.486925 -0.106516 -0.174868 0.491313 -0.104338 -0.177979 0.495595 -0.101427 -0.182136 0.492945 -0.0783571 -0.202879 0.545986 -0.0735207 -0.199325 0.546 -0.0807334 -0.199485 0.543375 -0.0760686 -0.195686 0.543175 -0.0778448 -0.19315 0.544442 -0.0787157 -0.191906 0.547525 -0.0834525 -0.195602 0.547018 -0.0767357 -0.194734 0.552217 -0.0819696 -0.19772 0.552207 -0.0735402 -0.199297 0.550436 -0.0786666 -0.202437 0.550679 -0.0806048 -0.207902 0.526399 -0.083142 -0.205772 0.527905 -0.0820006 -0.204973 0.525169 -0.0805911 -0.203986 0.511831 -0.0807491 -0.208003 0.511952 -0.0832859 -0.205873 0.511482 -0.08173 -0.20869 0.509047 -0.0825422 -0.205352 0.508133 -0.0792744 -0.20697 0.50901 -0.0804844 -0.203911 0.510067 -0.0891552 -0.206577 0.534944 -0.0914668 -0.20602 0.534667 -0.0926689 -0.204916 0.537854 -0.0903862 -0.196803 0.539004 -0.0897269 -0.203227 0.53845 -0.0917515 -0.203276 0.534903 -0.088096 -0.203809 0.535377 -0.0901126 -0.206582 0.538055 -0.0865617 -0.208164 0.501686 -0.0870169 -0.208483 0.498534 -0.102217 -0.186775 0.498534 -0.0978905 -0.183746 0.500332 -0.101761 -0.186456 0.501686 -0.099507 -0.184878 0.4835 -0.0969338 -0.183076 0.498493 -0.107593 -0.172228 0.539004 -0.107138 -0.17191 0.535853 -0.089931 -0.196484 0.535853 -0.0790339 -0.188854 0.538406 -0.0781297 -0.188221 0.539368 -0.0802544 -0.189709 0.5555 -0.0776836 -0.187908 0.540623 -0.118431 -0.179815 0.532422 -0.118432 -0.179815 0.504422 -0.118432 -0.179817 0.532422 -0.118432 -0.179818 0.504422 -0.120267 -0.177193 0.532422 -0.120886 -0.177627 0.504422 -0.120746 -0.177613 0.532422 -0.121097 -0.178059 0.532422 -0.121528 -0.179326 0.532422 -0.121554 -0.179581 0.504422 -0.12136 -0.181095 0.532422 -0.12135 -0.181112 0.504422 -0.121053 -0.181653 0.534229 -0.0954969 -0.163756 0.532422 -0.102247 -0.164576 0.504422 -0.0973323 -0.161134 0.532422 -0.100412 -0.167197 0.504422 -0.0946258 -0.213813 0.504422 -0.0946273 -0.213813 0.532422 -0.0946273 -0.213813 0.504422 -0.0946286 -0.213812 0.532422 -0.0946286 -0.213812 0.504422 -0.0690365 -0.199802 0.532422 -0.0931804 -0.216661 0.504422 -0.0933315 -0.216731 0.532422 -0.0934827 -0.216802 0.504422 -0.0944599 -0.216965 0.504422 -0.094533 -0.216957 0.532422 -0.0952981 -0.216939 0.504422 -0.0959961 -0.216687 0.504422 -0.0957358 -0.216786 0.532422 -0.096725 -0.21623 0.504422 -0.096725 -0.21623 0.532422 -0.0969353 -0.216024 0.504422 -0.0969353 -0.216024 0.532422 -0.0972499 -0.215648 0.503923 -0.0757869 -0.200622 0.504422 -0.070872 -0.19718 0.532422 -0.0739515 -0.203243 0.504422 -0.0831082 -0.205746 0.539151 -0.081098 -0.208611 0.539152 -0.0716507 -0.201996 0.5555 -0.0697482 -0.199134 0.5555 -0.0690533 -0.200177 0.541822 -0.0694788 -0.200475 0.539443 -0.0706248 -0.201277 0.538288 -0.0806422 -0.208292 0.536 -0.113709 -0.192142 0.507773 -0.112664 -0.193634 0.511223 -0.110545 -0.191081 0.512027 -0.115095 -0.190163 0.512391 -0.112715 -0.187983 0.509914 -0.115286 -0.189889 0.509251 -0.111086 -0.190309 0.507783 -0.102332 -0.208389 0.524169 -0.0999888 -0.206157 0.524926 -0.0989563 -0.207632 0.529047 -0.101104 -0.210144 0.528187 -0.103274 -0.207043 0.529556 -0.100788 -0.205016 0.528772 -0.104032 -0.205962 0.526126 -0.0988334 -0.207807 0.508197 -0.101915 -0.208985 0.507842 -0.0984926 -0.208294 0.511516 -0.101048 -0.210223 0.511054 -0.103271 -0.207048 0.512499 -0.100906 -0.204847 0.511864 -0.103088 -0.207311 0.507959 -0.100444 -0.205508 0.507941 -0.112794 -0.193449 0.524701 -0.113164 -0.19292 0.528758 -0.109763 -0.192198 0.525983 -0.111432 -0.189814 0.529071 -0.115145 -0.190091 0.526795 -0.112448 -0.188363 0.52553 -0.105489 -0.170755 0.4835 -0.108111 -0.17259 0.4835 -0.118432 -0.179818 0.503424 -0.0946289 -0.213813 0.537651 -0.0946286 -0.213812 0.503424 -0.121053 -0.181653 0.503923 -0.0972499 -0.215648 0.532921 -0.118432 -0.179817 0.503422 -0.0946281 -0.213812 0.503422 -0.118431 -0.179817 0.503421 -0.0972311 -0.215635 0.503065 -0.121035 -0.18164 0.503065 -0.121001 -0.181617 0.502789 -0.0971978 -0.215611 0.502789 -0.0971213 -0.215558 0.502442 -0.120925 -0.181563 0.502442 -0.0965091 -0.215129 0.501263 -0.120555 -0.181304 0.501623 -0.0959089 -0.214709 0.500633 -0.119865 -0.180821 0.500748 -0.119509 -0.180572 0.500505 -0.0957057 -0.214567 0.500505 -0.0953205 -0.214297 0.50034 -0.119124 -0.180302 0.50034 -0.118886 -0.180135 0.50027 -0.118886 -0.180135 0.536574 -0.0955726 -0.214473 0.536389 -0.119511 -0.180573 0.53632 -0.120236 -0.181081 0.535722 -0.097012 -0.215481 0.534551 -0.0826503 -0.205425 0.536 -0.118433 -0.179819 0.533421 -0.106515 -0.171473 0.500856 -0.105383 -0.170681 0.497364 -0.113861 -0.200991 0.2373 -0.114008 -0.200781 0.243323 -0.117735 -0.195459 0.236608 -0.117673 -0.195547 0.243282 -0.110086 -0.195921 0.235389 -0.113026 -0.191723 0.237272 -0.113022 -0.191727 0.243146 -0.111095 -0.19448 0.244953 -0.109171 -0.197229 0.243607 -0.108397 -0.198334 0.239096 -0.0886524 -0.226531 0.177065 -0.0912429 -0.222832 0.175423 -0.0881131 -0.227302 0.180232 -0.0889746 -0.226071 0.18339 -0.0935294 -0.219566 0.180002 -0.0913629 -0.222546 0.184619 -0.0832085 -0.223845 0.18025 -0.0837714 -0.223042 0.177022 -0.0858785 -0.220032 0.17536 -0.0884538 -0.216354 0.177713 -0.0887753 -0.215895 0.180927 -0.0879009 -0.217144 0.183641 -0.0863292 -0.219389 0.184906 -0.0840893 -0.222588 0.183594 -0.0999195 -0.223053 0.189128 -0.0987197 -0.221692 0.192067 -0.09725 -0.221713 0.188607 -0.0943708 -0.222667 0.191491 -0.0896762 -0.224255 0.18777 -0.0983879 -0.225265 0.191568 -0.0978384 -0.225885 0.189114 -0.0895064 -0.22414 0.199565 -0.0894113 -0.227979 0.200728 -0.0918662 -0.225792 0.200408 -0.0856349 -0.221429 0.223499 -0.0900913 -0.224549 0.217901 -0.0923801 -0.226152 0.217662 -0.0891527 -0.227798 0.217965 -0.104894 -0.199509 0.22794 -0.106692 -0.200768 0.2475 -0.104071 -0.198933 0.231 -0.108607 -0.202109 0.229735 -0.108152 -0.20179 0.226584 -0.114336 -0.187809 0.190895 -0.114791 -0.188128 0.187744 -0.0889369 -0.212751 0.189455 -0.0881445 -0.212197 0.188558 -0.0947158 -0.216798 0.187744 -0.0942606 -0.216479 0.190895 -0.0903055 -0.21371 0.1725 -0.0876845 -0.211875 0.189 -0.0831763 -0.219707 0.1945 -0.10286 -0.235036 0.1945 -0.101199 -0.232324 0.2235 -0.101199 -0.232324 0.1945 -0.0837982 -0.224049 0.2235 -0.0997506 -0.235173 0.1945 -0.10041 -0.235368 0.2235 -0.101099 -0.235499 0.1945 -0.102848 -0.235045 0.2235 -0.103637 -0.23439 0.1945 -0.10382 -0.23416 0.194001 -0.103729 -0.234275 0.2235 -0.0813417 -0.222329 0.1945 -0.126436 -0.196279 0.1945 -0.126436 -0.196279 0.2235 -0.126436 -0.19628 0.1945 -0.126436 -0.19628 0.2235 -0.126436 -0.196282 0.1945 -0.126436 -0.196282 0.2235 -0.128271 -0.193658 0.2235 -0.128271 -0.193658 0.1945 -0.128647 -0.193972 0.2235 -0.128618 -0.193946 0.1945 -0.128853 -0.194182 0.1945 -0.128853 -0.194182 0.2235 -0.129471 -0.195794 0.2235 -0.129344 -0.195181 0.1945 -0.12951 -0.197163 0.2235 -0.129573 -0.196856 0.1945 -0.129425 -0.197425 0.1945 -0.129425 -0.197425 0.2235 -0.129211 -0.197866 0.2235 -0.129211 -0.197866 0.1945 -0.129057 -0.198117 0.223999 -0.111071 -0.181614 0.1945 -0.112709 -0.182761 0.2235 -0.109235 -0.184235 0.1945 -0.110873 -0.185382 0.2235 -0.0892207 -0.223937 0.190922 -0.0817019 -0.225997 0.1725 -0.0862342 -0.229171 0.18777 -0.0792593 -0.224287 0.187764 -0.0802508 -0.224981 0.189398 -0.085779 -0.228852 0.190922 -0.107592 -0.228773 0.203107 -0.109766 -0.225668 0.203084 -0.119181 -0.212222 0.201547 -0.109863 -0.22553 0.199034 -0.107497 -0.228909 0.216179 -0.121075 -0.209517 0.199049 -0.10382 -0.23416 0.224498 -0.109136 -0.226567 0.21937 -0.129057 -0.198117 0.194001 -0.121961 -0.208252 0.202386 -0.120659 -0.210111 0.204305 -0.109698 -0.225766 0.215204 -0.119591 -0.211637 0.214736 -0.121964 -0.208248 0.216548 -0.120354 -0.210546 0.21928 -0.101199 -0.232324 0.193501 -0.106663 -0.228356 0.200828 -0.105092 -0.226764 0.203065 -0.105675 -0.225932 0.214033 -0.10484 -0.227124 0.217321 -0.107593 -0.223193 0.202099 -0.118149 -0.208117 0.199416 -0.106426 -0.224859 0.19886 -0.116444 -0.210552 0.202535 -0.107269 -0.223655 0.217631 -0.126436 -0.196281 0.193501 -0.116813 -0.210024 0.217091 -0.118795 -0.207194 0.203463 -0.118993 -0.206912 0.215118 -0.126436 -0.196282 0.224498 -0.118047 -0.208263 0.219347 -0.101199 -0.232323 0.214997 -0.0915185 -0.225546 0.226584 -0.104575 -0.180974 0.232455 -0.115296 -0.188481 0.2475 -0.0919737 -0.225865 0.229735 -0.12689 -0.196599 0.227652 -0.128995 -0.198073 0.2251 -0.103615 -0.234016 0.225589 -0.129652 -0.198533 0.223808 -0.12812 -0.19746 0.226877 -0.102657 -0.233345 0.2271 -0.127176 -0.196799 0.227567 -0.101938 -0.232842 0.227567 -0.0996357 -0.231227 0.193163 -0.12689 -0.196599 0.190348 -0.101653 -0.232642 0.190348 -0.127428 -0.196976 0.190547 -0.128193 -0.197512 0.191159 -0.102518 -0.233248 0.190772 -0.103536 -0.233961 0.192202 -0.128813 -0.197946 0.192277 -0.0790806 -0.224162 0.1725 -0.113185 -0.187003 0.228535 -0.11466 -0.188036 0.227055 -0.0451423 -0.0816997 0.0415076 -0.0493795 -0.0817 0.0481634 -0.0528571 -0.0817 0.0443524 -0.0456563 -0.0817 0.0517349 -0.0560063 -0.0817 0.0402658 -0.0416496 -0.0817 0.0549851 -0.0588771 -0.0817 0.035979 -0.0374357 -0.0817 0.0579618 -0.0529242 -0.0816995 0.031257 -0.0345 -0.0817 0.0597558 -0.0613821 -0.0817 0.0314687 -0.0635819 -0.0817 0.026802 -0.0299287 -0.0817 0.0621476 -0.0571973 -0.0816999 0.0225852 -0.0653867 -0.0817 0.0219688 -0.0252085 -0.0817 0.0642303 -0.0219756 -0.0817 0.065407 -0.0599836 -0.0816999 0.0135579 -0.0672491 -0.0817 0.0153492 -0.017021 -0.0817 0.0668456 -0.0682293 -0.0817 0.0102839 -0.0686571 -0.0817 0.00687021 -0.0102807 -0.0817 0.0682081 -0.0689571 -0.0817 0.00171971 -0.00515638 -0.0817 0.0688071 -0.0689142 -0.0817 -0.00343943 0 -0.0817 0.0689786 -0.0613265 -0.0816999 -7.02203e-05 -0.0686571 -0.0817 -0.00687015 0.00515638 -0.0817 0.0688071 -0.0682293 -0.0817 -0.0102839 0.00113786 -0.0816999 0.061387 0.00857972 -0.0817 0.0684645 -0.0676319 -0.0817 -0.0136721 0.0136678 -0.0817 0.0676109 -0.0600367 -0.0816999 -0.0132039 -0.0664004 -0.0817 -0.0186822 0.0139511 -0.0816999 0.059875 0.018688 -0.0817 0.0664211 -0.0648388 -0.0817 -0.0235994 0.023592 -0.0817 0.0648187 -0.0628744 -0.0817 -0.02837 0.0283788 -0.0817 0.0628939 0.0329892 -0.0817 0.0605785 -0.0605973 -0.0817 -0.0329995 -0.0579438 -0.0817 -0.0374241 0.0266365 -0.0816999 0.0552239 0.0374357 -0.0817 0.0579618 0.0416496 -0.0817 0.0549851 -0.0550021 -0.0817 -0.0416625 -0.0517188 -0.0817 -0.0456421 0.0384621 -0.0816999 0.0479636 0.0456563 -0.0817 0.0517349 0.0493794 -0.0817 0.0481634 -0.0469173 -0.0817 -0.0505649 0.045156 -0.0816999 0.0417234 0.0528571 -0.0817 0.0443524 -0.0416496 -0.0817 -0.054985 0.0560063 -0.0817 0.0402658 -0.0337025 -0.0816996 -0.0513982 0.0588771 -0.0817 0.035979 -0.0359678 -0.0817 -0.0588588 -0.0314785 -0.0817 -0.0614012 -0.0235126 -0.0816999 -0.0566628 0.0613821 -0.0817 0.0314687 -0.0283788 -0.0817 -0.0628939 0.0635819 -0.0817 0.026802 0.0648388 -0.0817 0.0235994 -0.0235921 -0.0817 -0.0648187 0.0659345 -0.0817 0.0203381 0.0582086 -0.0816999 0.0195185 -0.018688 -0.0817 -0.0664211 0.0672491 -0.0817 0.0153492 -0.0153539 -0.0817 -0.06727 -0.0102807 -0.0817 -0.0682081 -0.00803211 -0.0816999 -0.0609348 0.0682293 -0.0817 0.0102839 0.0686571 -0.0817 0.00687021 -0.00515638 -0.0817 -0.0688071 0.0689571 -0.0817 0.00171971 0 -0.0817 -0.0689785 0.00102139 -0.0816999 -0.0614546 0.0611404 -0.0817 -0.00549642 0.0689142 -0.0817 -0.00343943 0.00515638 -0.0817 -0.0688071 0.0686571 -0.0817 -0.00687015 0.0102807 -0.0817 -0.0682081 0.0127676 -0.0816994 -0.0600658 0.0682293 -0.0817 -0.0102839 0.0672491 -0.0817 -0.0153492 0.0584566 -0.0817 -0.0187155 0.017021 -0.0817 -0.0668455 0.0653866 -0.0817 -0.0219687 0.0219756 -0.0817 -0.065407 0.0252085 -0.0817 -0.0642303 0.0635819 -0.0817 -0.0268019 0.0245544 -0.0817 -0.0563289 0.0299286 -0.0817 -0.0621475 0.0613821 -0.0817 -0.0314687 0.0345 -0.0817 -0.0597558 0.0588771 -0.0817 -0.035979 0.0570105 -0.0817 -0.0388691 0.038857 -0.0817 -0.0569928 0.0539296 -0.0817 -0.0430074 0.0430208 -0.0817 -0.0539464 0.0363355 -0.0816999 -0.0493641 0.0505806 -0.0817 -0.0469319 0.0452338 -0.0816999 -0.0416463 0.0469173 -0.0817 -0.0505649 0.069 -0.1124 0 0.0689142 -0.1124 -0.00343943 0.0686571 -0.1124 -0.00687015 0.0682293 -0.1124 -0.0102839 0.0672491 -0.1124 -0.0153492 0.0653866 -0.1124 -0.0219687 0.0635819 -0.1124 -0.0268019 0.0613821 -0.1124 -0.0314687 0.0588771 -0.1124 -0.035979 0.0560063 -0.1124 -0.0402658 0.0528571 -0.1124 -0.0443524 0.0493794 -0.1124 -0.0481633 0.0456563 -0.1124 -0.0517349 0.0416496 -0.1124 -0.054985 0.0374357 -0.1124 -0.0579618 0.0345 -0.1124 -0.0597558 0.0299286 -0.1124 -0.0621475 0.0252085 -0.1124 -0.0642303 0.0219756 -0.1124 -0.065407 0.017021 -0.1124 -0.0668455 0.0119817 -0.1124 -0.0679517 0.00857972 -0.1124 -0.0684645 0.00343829 -0.1124 -0.0688928 -0.0017202 -0.1124 -0.0689785 -0.00515638 -0.1124 -0.0688071 -0.0102807 -0.1124 -0.0682081 -0.0153539 -0.1124 -0.06727 -0.0203318 -0.1124 -0.065914 -0.0252085 -0.1124 -0.0642303 -0.0283788 -0.1124 -0.0628939 -0.0314785 -0.1124 -0.0614012 -0.0359678 -0.1124 -0.0588588 -0.0402783 -0.1124 -0.0560237 -0.0430208 -0.1124 -0.0539464 -0.0469173 -0.1124 -0.0505649 -0.0517188 -0.1124 -0.0456421 -0.0560063 -0.1124 -0.0402658 -0.0597372 -0.1124 -0.0344893 -0.0628744 -0.1124 -0.02837 -0.0653867 -0.1124 -0.0219687 -0.0668663 -0.1124 -0.0170263 -0.0676319 -0.1124 -0.0136721 -0.0682293 -0.1124 -0.0102839 -0.0687857 -0.1124 -0.00515479 -0.0689571 -0.1124 0.00171971 -0.0686571 -0.1124 0.00687021 -0.0682293 -0.1124 0.0102839 -0.0672491 -0.1124 0.0153492 -0.0659345 -0.1124 0.0203381 -0.0648388 -0.1124 0.0235994 -0.0635819 -0.1124 0.026802 -0.0613821 -0.1124 0.0314687 -0.0588771 -0.1124 0.035979 -0.0560063 -0.1124 0.0402658 -0.0528571 -0.1124 0.0443524 -0.0493795 -0.1124 0.0481634 -0.0456563 -0.1124 0.0517349 -0.0416496 -0.1124 0.0549851 -0.0374357 -0.1124 0.0579618 -0.0345 -0.1124 0.0597558 -0.0314785 -0.1124 0.0614012 -0.0283788 -0.1124 0.0628939 -0.0235921 -0.1124 0.0648187 -0.017021 -0.1124 0.0668456 -0.0102807 -0.1124 0.0682081 -0.00515638 -0.1124 0.0688071 0 -0.1124 0.0689786 0.00515638 -0.1124 0.0688071 0.0102807 -0.1124 0.0682081 0.0153539 -0.1124 0.06727 0.0203318 -0.1124 0.0659141 0.0252085 -0.1124 0.0642303 0.0299286 -0.1124 0.0621476 0.0345 -0.1124 0.0597558 0.038857 -0.1124 0.0569928 0.0430208 -0.1124 0.0539464 0.0469173 -0.1124 0.0505649 0.0505806 -0.1124 0.0469319 0.0539296 -0.1124 0.0430075 0.0570105 -0.1124 0.0388691 0.0597372 -0.1124 0.0344893 0.0621669 -0.1124 0.029938 0.0635819 -0.1124 0.026802 0.0648388 -0.1124 0.0235994 0.0664004 -0.1124 0.0186822 0.0676319 -0.1124 0.0136721 0.0682293 -0.1124 0.0102839 0.0687857 -0.1124 0.00515482 -0.0582733 -0.1124 0.0554382 -0.0641692 -0.1124 0.0486063 -0.0491323 -0.1124 0.0639216 -0.04025 -0.1124 0.069715 -0.0676011 -0.1124 0.0436614 -0.0349168 -0.1124 0.0725055 -0.0716124 -0.1124 0.0367135 -0.0769236 -0.1124 0.0237278 -0.074912 -0.1124 0.0294008 -0.0275241 -0.1124 0.0756218 -0.0218027 -0.1124 0.0774913 -0.0784573 -0.1124 0.0179074 -0.0129777 -0.1124 0.0793773 -0.0796009 -0.1124 0.0119979 -0.08025 -0.1124 0.0060139 -0.00401135 -0.1124 0.080375 -0.0805 -0.1124 0 0.00200692 -0.1124 0.080475 -0.08025 -0.1124 -0.00601387 0.00801271 -0.1124 0.0800751 0.0159458 -0.1124 0.0788794 -0.0796009 -0.1124 -0.0119979 -0.0789039 -0.1124 -0.0159508 -0.0774672 -0.1124 -0.0217959 0.0237204 -0.1124 0.0768997 0.02941 -0.1124 0.0749354 -0.07372 -0.1124 -0.0321642 0.0357981 -0.1124 0.0720256 0.0453332 -0.1124 0.0664916 -0.0696934 -0.1124 -0.0402375 -0.0626767 -0.1124 -0.0507108 0.0524639 -0.1124 0.0609649 -0.0547369 -0.1124 -0.0589924 0.0590107 -0.1124 0.0547539 -0.0485912 -0.1124 -0.0641492 -0.0419625 -0.1124 -0.0686686 0.0654439 -0.1124 0.0470512 0.0716124 -0.1124 0.0367135 -0.0349168 -0.1124 -0.0725054 -0.02941 -0.1124 -0.0749353 0.074912 -0.1124 0.0294008 0.0774671 -0.1124 0.0217959 -0.0237204 -0.1124 -0.0768997 -0.0159458 -0.1124 -0.0788793 0.0792524 -0.1124 0.0139744 -0.00801272 -0.1124 -0.0800751 0.0801 -0.1124 0.00801522 0.0804499 -0.1124 0.00200629 0.00300788 -0.1124 -0.0803749 0.08025 -0.1124 -0.00601387 0.0792524 -0.1124 -0.0139743 0.0119942 -0.1124 -0.0795761 0.0208167 -0.1124 -0.0776907 0.0780107 -0.1124 -0.019864 0.0762844 -0.1124 -0.0256302 0.02941 -0.1124 -0.0749353 0.0349168 -0.1124 -0.0725054 0.0728956 -0.1124 -0.0339912 0.0419625 -0.1124 -0.0686686 0.0670153 -0.1124 -0.0444761 0.0485911 -0.1124 -0.0641492 0.0616666 -0.1124 -0.0517444 0.0532657 -0.1124 -0.0603574 0.0576094 -0.1124 -0.0561906 -0.059183 -0.08 -0.0166515 -0.0611374 -0.08 -0.00534943 -0.060301 -0.08 0.0114102 -0.0577193 -0.08 0.0210081 -0.053244 -0.08 0.0307405 -0.0422209 -0.08 0.0443818 -0.0349099 -0.0816999 0.050626 -0.0320583 -0.08 0.0524611 -0.0235424 -0.0817 0.0566888 -0.0238813 -0.08 0.0566532 -0.0129692 -0.0816868 0.060036 -0.00612152 -0.08 0.0611753 0.00534824 -0.08 0.0611376 0.021708 -0.08 0.0574035 0.0326917 -0.08 0.0520293 0.0418177 -0.08 0.0450687 0.0502725 -0.08 0.0352005 0.0525202 -0.0816999 0.0318339 0.0566003 -0.08 0.023859 0.0608072 -0.0816999 0.00845812 0.0609005 -0.08 0.00570509 0.061309 -0.08 -0.00459445 0.0591094 -0.08 -0.0166308 0.0547101 -0.08 -0.0280482 0.0516693 -0.0817 -0.0331446 0.0494407 -0.08 -0.0364884 0.0418177 -0.08 -0.0450686 0.0303013 -0.08 -0.053244 0.0195869 -0.08 -0.0582975 0.00534824 -0.08 -0.0611375 -0.00612152 -0.08 -0.0611753 -0.0188197 -0.08 -0.0584142 -0.0344613 -0.08 -0.0505454 -0.046599 -0.0816996 -0.0398511 -0.0485152 -0.08 -0.0377102 -0.0553654 -0.0816994 -0.026561 -0.0545741 -0.08 -0.0279785 -0.0670182 -0.0981 0.647551 -0.0657872 -0.0981 0.655015 -0.0636578 -0.0981 0.662274 -0.0600477 -0.0981 0.670785 -0.0566841 -0.0981 0.67661 -0.0538064 -0.0981 0.680757 -0.0488627 -0.0981 0.686485 -0.0433747 -0.0981 0.691692 -0.0358811 -0.0981 0.697106 -0.0292781 -0.0981 0.700796 -0.0222752 -0.0981 0.703657 -0.0150202 -0.0981 0.705808 -0.0117213 -0.0981 0.706474 -0.00671875 -0.0981 0.707143 -7.45058e-09 -0.0981 0.707479 0.00671873 -0.0981 0.707143 0.0158262 -0.0981 0.705559 0.0238545 -0.0981 0.703083 0.0322721 -0.0981 0.699261 0.0400489 -0.0981 0.694264 0.0458974 -0.0981 0.689465 0.0505945 -0.0981 0.68465 0.0561929 -0.0981 0.677294 0.05928 -0.0981 0.672282 0.0615075 -0.0981 0.667753 0.0639652 -0.0981 0.661491 0.0657872 -0.0981 0.655015 0.0670182 -0.0981 0.647551 0.0675 -0.0981 0.64 0.0671857 -0.0981 0.634122 0.0661616 -0.0981 0.626625 0.0654127 -0.0981 0.623344 0.0639652 -0.0981 0.618509 0.0603938 -0.0981 0.609983 0.0561929 -0.0981 0.602706 0.050007 -0.0981 0.594748 0.042704 -0.0981 0.5878 0.0366219 -0.0981 0.583298 0.0322721 -0.0981 0.580738 0.0262112 -0.0981 0.577819 0.0198898 -0.0981 0.575519 0.0125387 -0.0981 0.573733 0.00336354 -0.0981 0.572605 -0.00336356 -0.0981 0.572605 -0.0100572 -0.0981 0.573274 -0.0166509 -0.0981 0.574607 -0.0254205 -0.0981 0.577532 -0.0322721 -0.0981 0.580738 -0.0380123 -0.0981 0.584246 -0.0433747 -0.0981 0.588308 -0.048306 -0.0981 0.592883 -0.0527572 -0.0981 0.597928 -0.0571048 -0.0981 0.604118 -0.0608154 -0.0981 0.610713 -0.0630824 -0.0981 0.616145 -0.0657872 -0.0981 0.624984 -0.0669553 -0.0981 0.631609 -0.0674581 -0.0981 0.638317 -0.0390978 -0.0981 0.597863 -0.0421505 -0.0981 0.60089 -0.0440476 -0.0981 0.60304 -0.0358507 -0.0981 0.595045 -0.0335653 -0.0981 0.593314 -0.0466719 -0.0981 0.606445 -0.0311964 -0.0981 0.591698 -0.049781 -0.0981 0.611258 -0.0274911 -0.0981 0.589517 -0.023649 -0.0981 0.587588 -0.0523953 -0.0981 0.616358 -0.0544889 -0.0981 0.621693 -0.01966 -0.0981 0.585984 -0.0155733 -0.0981 0.584649 -0.0557219 -0.0981 0.625811 -0.012795 -0.0981 0.583942 -0.0563599 -0.0981 0.628607 -0.00998478 -0.0981 0.583374 -0.00714977 -0.0981 0.582946 -0.057036 -0.0981 0.632852 -0.00286525 -0.0981 0.582589 -0.0574285 -0.0981 0.637134 -0.0574643 -0.0981 0.641433 0.00143351 -0.0981 0.582518 0.00429697 -0.0981 0.582661 -0.057036 -0.0981 0.647147 0.00856727 -0.0981 0.58316 -0.0563599 -0.0981 0.651393 -0.0557219 -0.0981 0.654189 0.0141841 -0.0981 0.584295 0.01966 -0.0981 0.585984 -0.0544889 -0.0981 0.658307 -0.0529849 -0.0981 0.662335 -0.0518057 -0.0981 0.664948 0.0249405 -0.0981 0.58821 -0.049781 -0.0981 0.668741 0.02875 -0.0981 0.590203 0.0311964 -0.0981 0.591698 -0.0475087 -0.0981 0.672391 0.034708 -0.0981 0.594179 -0.0458351 -0.0981 0.674719 -0.043099 -0.0981 0.678035 0.0390978 -0.0981 0.597863 -0.0401486 -0.0981 0.681162 0.0421505 -0.0981 0.60089 -0.0380469 -0.0981 0.683112 -0.0358507 -0.0981 0.684955 0.0449414 -0.0981 0.60416 -0.0323808 -0.0981 0.687494 0.0482865 -0.0981 0.608813 0.0504977 -0.0981 0.6125 -0.0274911 -0.0981 0.690482 -0.0223281 -0.0981 0.692968 0.0523953 -0.0981 0.616358 0.0540323 -0.0981 0.620334 0.0557219 -0.0981 0.625811 0.0549454 -0.0981 0.623052 -0.0169432 -0.0981 0.694928 -0.012795 -0.0981 0.696058 -0.00998478 -0.0981 0.696626 0.0563599 -0.0981 0.628607 0.057036 -0.0981 0.632852 -0.00714977 -0.0981 0.697054 0.0574285 -0.0981 0.637134 -0.00286525 -0.0981 0.69741 0.0575 -0.0981 0.64 0.00286524 -0.0981 0.69741 0.0573214 -0.0981 0.644296 0.00714977 -0.0981 0.697054 0.0568578 -0.0981 0.64857 0.0113899 -0.0981 0.696342 0.0563599 -0.0981 0.651393 0.0557219 -0.0981 0.654189 0.0169432 -0.0981 0.694928 0.0544888 -0.0981 0.658307 0.0210071 -0.0981 0.693525 0.0518057 -0.0981 0.664948 0.0529849 -0.0981 0.662335 0.0249405 -0.0981 0.69179 0.02875 -0.0981 0.689797 0.0497809 -0.0981 0.668741 0.0466719 -0.0981 0.673555 0.0323808 -0.0981 0.687494 0.0369488 -0.0981 0.684033 0.0440476 -0.0981 0.67696 0.0411496 -0.0981 0.680136 -0.0575 -0.0686 0.64 -0.0574285 -0.0686 0.642866 -0.0572139 -0.0681016 0.645723 -0.0568578 -0.0686 0.64857 -0.0563599 -0.0686 0.651393 -0.0557183 -0.0681028 0.654202 -0.0549454 -0.0686 0.656948 -0.0540341 -0.0681026 0.65966 -0.0523953 -0.0686 0.663642 -0.0504977 -0.0686 0.6675 -0.0490642 -0.0686 0.669983 -0.0475087 -0.0686 0.672391 -0.0458351 -0.0686 0.674719 -0.0440788 -0.0681009 0.676922 -0.0421505 -0.0686 0.67911 -0.0401486 -0.0686 0.681162 -0.0380469 -0.0686 0.683112 -0.0358515 -0.0681016 0.684954 -0.0335653 -0.0686 0.686686 -0.0311964 -0.0686 0.688302 -0.02875 -0.0686 0.689797 -0.0262321 -0.0686 0.691168 -0.0237221 -0.0681008 0.692379 -0.0169432 -0.0686 0.694928 -0.012795 -0.0686 0.696058 -0.00998478 -0.0686 0.696626 -0.00714977 -0.0686 0.697054 -0.00428866 -0.068102 0.697339 -7.45058e-09 -0.0686 0.697482 0.00429697 -0.0686 0.697339 0.00998478 -0.0686 0.696626 0.012795 -0.0686 0.696058 0.0155733 -0.0686 0.695351 0.018313 -0.0686 0.694506 0.0210071 -0.0686 0.693525 0.023649 -0.0686 0.692412 0.0262381 -0.0681021 0.691164 0.02875 -0.0686 0.689797 0.0311964 -0.0686 0.688302 0.0335653 -0.0686 0.686686 0.0358079 -0.0681008 0.684989 0.0380328 -0.0681024 0.683123 0.0411496 -0.0686 0.680136 0.0440476 -0.0686 0.67696 0.0458351 -0.0686 0.674719 0.0475027 -0.068102 0.672399 0.0490642 -0.0686 0.669983 0.0504977 -0.0686 0.6675 0.0529849 -0.0686 0.662335 0.0540323 -0.0686 0.659666 0.0549454 -0.0686 0.656948 0.0563599 -0.0686 0.651393 0.0572143 -0.0686 0.645725 0.0574285 -0.0686 0.642866 0.0575 -0.0686 0.64 0.0572143 -0.0686 0.634275 0.0568578 -0.0686 0.63143 0.0563599 -0.0686 0.628607 0.0549454 -0.0686 0.623052 0.0540323 -0.0686 0.620334 0.0518057 -0.0686 0.615052 0.0504977 -0.0686 0.6125 0.0490642 -0.0686 0.610017 0.0475087 -0.0686 0.607609 0.0449414 -0.0686 0.60416 0.0401486 -0.0686 0.598838 0.0380469 -0.0686 0.596888 0.0358507 -0.0686 0.595045 0.0335559 -0.0681025 0.593308 0.0311964 -0.0686 0.591698 0.02875 -0.0686 0.590203 0.0262192 -0.0681028 0.588826 0.01966 -0.0686 0.585984 0.0155733 -0.0686 0.584649 0.00998478 -0.0686 0.583374 0.00429697 -0.0686 0.582661 0.00143351 -0.0686 0.582518 -0.00143352 -0.0686 0.582518 -0.00714977 -0.0686 0.582946 -0.00998478 -0.0686 0.583374 -0.012795 -0.0686 0.583942 -0.018313 -0.0686 0.585494 -0.0210071 -0.0686 0.586475 -0.023649 -0.0686 0.587588 -0.02875 -0.0686 0.590203 -0.0311964 -0.0686 0.591698 -0.0335653 -0.0686 0.593314 -0.0369488 -0.0686 0.595966 -0.0421505 -0.0686 0.60089 -0.0440476 -0.0686 0.60304 -0.0458351 -0.0686 0.605281 -0.0475155 -0.0681025 0.607619 -0.0490642 -0.0686 0.610017 -0.0505204 -0.0681012 0.612542 -0.0523953 -0.0686 0.616358 -0.0540323 -0.0686 0.620334 -0.0549454 -0.0686 0.623052 -0.0557219 -0.0686 0.625811 -0.0563599 -0.0686 0.628607 -0.0568578 -0.0686 0.63143 -0.0572139 -0.0681016 0.634274 -0.0574285 -0.0686 0.637134 -0.0401355 -0.0681018 0.598826 -0.0262193 -0.0681029 0.588826 -0.0156098 -0.0681008 0.584659 -0.0043359 -0.0681008 0.582664 0.00711316 -0.0681008 0.582941 0.0128209 -0.0681027 0.583949 0.0236486 -0.0681017 0.587588 0.0421656 -0.0681019 0.600907 0.0529916 -0.0681018 0.617682 0.0557255 -0.0681021 0.625827 0.0574266 -0.0681011 0.637096 0.0568565 -0.0681019 0.648576 0.0557155 -0.0681025 0.654212 0.0518058 -0.0681016 0.664946 0.00714229 -0.0681018 0.697054 -0.0209634 -0.068101 0.693541 -0.0353864 -0.0680998 0.60549 -0.027185 -0.0681 0.598726 -0.0429726 -0.0680993 0.615549 -0.0491164 -0.0680999 0.634777 -0.00553871 -0.0680993 0.590859 0.00308117 -0.0680999 0.590638 -0.0493617 -0.0680988 0.64308 0.00981268 -0.0680999 0.591503 -0.0421856 -0.0680993 0.665778 0.0285499 -0.0680993 0.599669 -0.0315125 -0.0680999 0.678219 0.034941 -0.0680999 0.60497 -0.0217642 -0.0680993 0.684267 0.041958 -0.0680974 0.61384 0.0458068 -0.0680987 0.621301 0.0488399 -0.0680969 0.633186 0.00532312 -0.0680998 0.689158 0.0372095 -0.0680993 0.672554 -0.0486577 -0.065 0.648267 -0.0469179 -0.0680974 0.655366 -0.0434585 -0.065 0.663666 -0.0387007 -0.065 0.670863 -0.0368227 -0.0680991 0.673125 -0.0327433 -0.065 0.677103 -0.0268477 -0.065 0.681568 -0.0180788 -0.065 0.686064 -0.0123384 -0.0680991 0.687979 -0.00980824 -0.065 0.688519 -0.00535029 -0.0680998 0.689172 -0.0024643 -0.065 0.689377 0.0150366 -0.0680989 0.687095 0.00916552 -0.065 0.688444 0.0226443 -0.0680961 0.684106 0.0247423 -0.065 0.682855 0.0299099 -0.0680953 0.679493 0.0361846 -0.065 0.673575 0.0426711 -0.0680987 0.664994 0.0439939 -0.065 0.662554 0.0463836 -0.0680996 0.657112 0.0482909 -0.065 0.650391 0.0490246 -0.0680993 0.645832 0.0488718 -0.065 0.633875 0.0454855 -0.065 0.620826 0.0353253 -0.065 0.605545 0.025811 -0.065 0.597762 0.0200333 -0.0680986 0.594828 0.016315 -0.065 0.593376 0.00553778 -0.065 0.590854 -0.00613781 -0.065 0.591021 -0.0160335 -0.0680993 0.593265 -0.0186412 -0.065 0.59419 -0.0263133 -0.065 0.598123 -0.0336267 -0.065 0.603759 -0.0397934 -0.065 0.610631 -0.0455989 -0.065 0.620778 -0.0471103 -0.0680999 0.624882 -0.0480767 -0.065 0.628394 -0.0492387 -0.065 0.635073 -0.0253181 -0.0984 0.0935907 -0.0269879 -0.0984 0.0915798 -0.0320754 -0.0984 0.0883893 -0.0240492 -0.0984 0.0956673 -0.0233195 -0.0984 0.0975142 -0.0227889 -0.0984 0.0998892 -0.0355821 -0.0984 0.0876026 -0.0397102 -0.0984 0.0877236 -0.0229094 -0.0984 0.104552 -0.0250382 -0.0984 0.109968 -0.0431419 -0.0984 0.0888055 -0.0461357 -0.0984 0.0906377 -0.0272839 -0.0984 0.112547 -0.0483668 -0.0984 0.092864 -0.0306609 -0.0984 0.11493 -0.0497771 -0.117199 0.0947685 -0.0329136 -0.117379 0.115865 -0.0524393 -0.0984 0.102441 -0.0515103 -0.0984 0.100968 -0.0351288 -0.0984 0.116308 -0.0514967 -0.0984 0.10376 -0.0511826 -0.117311 0.10554 -0.0384565 -0.0984 0.116329 -0.043121 -0.0984 0.115063 -0.0500827 -0.0984 0.108405 -0.0473679 -0.117371 0.112109 -0.0478513 -0.0984 0.111678 0.0238891 -0.109107 0.698925 0.0201203 -0.109103 0.699708 0.0206644 -0.119577 0.697917 -0.000919447 -0.109103 0.701171 -0.00168493 -0.109372 0.704632 0.00175928 -0.113701 0.703294 -0.0205165 -0.121428 0.698844 -0.0209964 -0.109107 0.700917 -0.0223774 -0.109104 0.697257 -0.0384599 -0.109102 0.687443 -0.0396341 -0.109362 0.690434 -0.0418971 -0.109112 0.686049 -0.0564969 -0.109104 0.672437 -0.053809 -0.12132 0.672236 -0.0526235 -0.109103 0.670982 -0.055591 -0.110975 0.669967 -0.0601477 -0.1091 0.65133 -0.0628031 -0.109108 0.648491 -0.0612374 -0.109316 0.653383 -0.0641036 -0.109106 0.628414 -0.0602839 -0.10911 0.631194 -0.0607385 -0.10934 0.627087 -0.0543342 -0.109105 0.606231 -0.0558808 -0.109106 0.610739 -0.0521423 -0.109392 0.608701 -0.0422541 -0.1091 0.592266 -0.0385653 -0.109105 0.593527 -0.0409006 -0.12067 0.592611 -0.0406549 -0.109108 0.589363 -0.0199702 -0.109107 0.583124 -0.0209057 -0.118224 0.57946 -0.0237109 -0.109285 0.580165 -0.00184202 -0.114395 0.57761 0.00111291 -0.109338 0.579536 0.000717352 -0.109107 0.574903 0.0219137 -0.109105 0.582637 0.0224745 -0.121378 0.581119 0.0200032 -0.109103 0.57974 0.0422003 -0.109395 0.590196 0.0403784 -0.109108 0.594326 0.0380202 -0.109105 0.591568 0.0525424 -0.109403 0.610236 0.0567023 -0.109105 0.609343 0.053689 -0.109108 0.606333 0.0634351 -0.113691 0.629982 0.0621076 -0.109379 0.626627 0.0601116 -0.109104 0.629969 0.0604616 -0.119182 0.649817 0.0632892 -0.109111 0.652987 0.060131 -0.1091 0.650762 0.0630522 -0.109377 0.649005 0.0568121 -0.109454 0.67142 0.0542862 -0.109104 0.67326 0.0526343 -0.109108 0.669746 0.0557325 -0.118204 0.67037 0.0419761 -0.1091 0.687905 0.039047 -0.109295 0.690193 0.0383221 -0.109105 0.686503 0.041841 -0.119318 0.68728 -0.025771 -0.12442 -0.067537 -0.0237064 -0.1244 -0.0710628 -0.0277749 -0.1244 -0.0700382 -0.0265079 -0.124409 -0.0729914 -0.0254623 -0.142286 -0.070554 -0.0233585 -0.135799 -0.0706405 -0.0245477 -0.137702 -0.0726249 -0.028027 -0.13509 -0.0705281 -0.0460594 -0.1244 -0.0579431 -0.0499542 -0.1244 -0.0564904 -0.0494591 -0.124405 -0.0596883 -0.0484588 -0.142192 -0.0574503 -0.0459684 -0.138063 -0.0576199 -0.0501977 -0.134059 -0.0560757 -0.0505572 -0.135846 -0.0578676 -0.0476808 -0.136138 -0.0597145 -0.0473869 -0.124412 -0.0548073 -0.064011 -0.1244 -0.0396706 -0.062427 -0.124408 -0.036737 -0.0637719 -0.140043 -0.0379307 -0.066811 -0.124421 -0.0351075 -0.065585 -0.12441 -0.0402817 -0.0738575 -0.1244 -0.0107689 -0.0739158 -0.1244 -0.0148132 -0.0736523 -0.135182 -0.0151617 -0.073099 -0.137837 -0.0121419 -0.0763654 -0.124417 -0.0114254 -0.0712526 -0.124406 -0.0132716 -0.0746247 -0.129315 0.0107887 -0.0736289 -0.142256 0.0128537 -0.0764653 -0.124412 0.0143662 -0.0718003 -0.124418 0.0111723 -0.0722517 -0.124415 0.0151956 -0.062843 -0.1244 0.0381839 -0.0629763 -0.124409 0.0357577 -0.0635668 -0.140129 0.0377902 -0.0649351 -0.124407 0.0403332 -0.067473 -0.124411 0.03592 -0.0460422 -0.12441 0.0592088 -0.046045 -0.1244 0.0563265 -0.0475557 -0.1244 0.0551776 -0.0503959 -0.124405 0.0562462 -0.0496108 -0.1244 0.0555431 -0.0488201 -0.13753 0.0551699 -0.048503 -0.14222 0.0575797 -0.0461628 -0.135434 0.0561374 -0.0470871 -0.136757 0.0553198 -0.0499735 -0.124754 0.0591735 -0.0252709 -0.124415 0.0730741 -0.0234664 -0.1244 0.0701161 -0.0285925 -0.124693 0.0702441 -0.0236982 -0.135563 0.0718165 -0.0234812 -0.138046 0.0696796 -0.02504 -0.142188 0.0706822 -0.0252273 -0.124421 0.0679112 0.00207113 -0.130692 0.0743284 -0.0014319 -0.124421 0.0724944 0.00111087 -0.139258 0.075573 -0.00100716 -0.12443 0.0778066 0.0277612 -0.1244 0.0701931 0.0251825 -0.124417 0.0730856 0.0233467 -0.130742 0.0710683 0.0241669 -0.124422 0.0682023 0.0254903 -0.142247 0.0706267 0.0276215 -0.137186 0.0716473 0.0271538 -0.134918 0.0688004 0.0505852 -0.124406 0.0585677 0.0480322 -0.124414 0.0600648 0.0494913 -0.1244 0.0554887 0.047229 -0.1244 0.0552998 0.0478803 -0.142223 0.0571712 0.045132 -0.124411 0.0571921 0.0482885 -0.137272 0.0550624 0.05024 -0.137616 0.0562776 0.0629566 -0.1244 0.0387648 0.0628891 -0.1244 0.0363117 0.0646328 -0.142214 0.0374816 0.0631347 -0.137057 0.0362758 0.0636737 -0.124403 0.0397361 0.0626295 -0.137358 0.0381433 0.0663803 -0.124405 0.0351103 0.067028 -0.124422 0.0393211 0.0754265 -0.1244 0.0148302 0.0764993 -0.124414 0.0123912 0.0720273 -0.124408 0.014774 0.0740245 -0.142238 0.0126798 0.0747881 -0.124417 0.0105094 0.0745324 -0.133861 0.0151789 0.0712496 -0.124412 0.012053 0.0712963 -0.124414 -0.0139121 0.0737425 -0.124421 -0.0101239 0.0734267 -0.142237 -0.0129129 0.0760057 -0.124414 -0.0151597 0.0668471 -0.1244 -0.0359984 0.0674583 -0.124404 -0.037853 0.0653754 -0.1244 -0.0350991 0.0636585 -0.1244 -0.0355201 0.0633377 -0.137101 -0.0357651 0.0624647 -0.124405 -0.0372356 0.0632707 -0.12443 -0.0396747 0.0653797 -0.1244 -0.0396446 0.0651995 -0.142261 -0.0373935 0.0661078 -0.134403 -0.0353758 0.0670101 -0.137015 -0.0362714 0.0664888 -0.134918 -0.0393295 0.0647953 -0.136568 -0.0350962 0.0502664 -0.1244 -0.0576965 0.0486379 -0.12441 -0.0546379 0.0496255 -0.138983 -0.057828 0.0478227 -0.124415 -0.0601795 0.0459748 -0.133122 -0.0572116 0.0260932 -0.124402 -0.0682469 0.027534 -0.1244 -0.0712903 0.0234331 -0.1244 -0.0702389 0.0254912 -0.124415 -0.0731817 0.0258175 -0.142258 -0.0707691 0.0239483 -0.13753 -0.0688347 0.0279377 -0.135692 -0.0708369 0.0233232 -0.135778 -0.0708737 0.0257441 -0.136998 -0.0681389 0.00128432 -0.1244 -0.0729413 0.00230271 -0.1244 -0.0751056 0.00127216 -0.1244 -0.0770814 8.23723e-05 -0.124408 -0.0775963 -0.00214288 -0.1244 -0.0752838 -0.000277835 -0.142201 -0.0749927 0.00218941 -0.135141 -0.0742044 -0.00163941 -0.136353 -0.0766279 0.00205899 -0.137272 -0.0762495 -0.00148931 -0.124428 -0.0725324 -0.0337651 -0.1174 0.107904 -0.0313567 -0.1174 0.105765 -0.0371311 -0.1174 0.108823 -0.0397451 -0.1174 0.108336 -0.0416651 -0.1174 0.107119 -0.0330826 -0.1174 0.0963013 -0.0433285 -0.1174 0.104785 -0.0440592 -0.1174 0.102121 -0.0439408 -0.144399 0.100506 -0.0426193 -0.1174 0.0978633 -0.0401359 -0.1174 0.0957709 -0.0412768 -0.1444 0.0964598 -0.0428518 -0.1444 0.0981455 -0.0387789 -0.144396 0.0952829 -0.0352325 -0.144399 0.095336 -0.0362487 -0.1174 0.0951296 -0.0431309 -0.1444 0.105147 -0.0325184 -0.1444 0.0967992 -0.0407491 -0.1444 0.107821 -0.0309786 -0.1174 0.0989711 -0.030813 -0.1444 0.0993737 -0.0302703 -0.1174 0.101995 -0.0304567 -0.1444 0.103561 -0.0384744 -0.1444 0.108712 -0.0362068 -0.1444 0.108863 -0.0342698 -0.1444 0.108202 -0.0319664 -0.1444 0.106553</float_array>
                    <technique_common>
                        <accessor count="4068" source="#shape0-lib-positions-array" stride="3">
                            <param name="X" type="float"/>
                            <param name="Y" type="float"/>
                            <param name="Z" type="float"/>
                        </accessor>
                    </technique_common>
                </source>
                <source id="shape0-lib-normals" name="normal">
                    <float_array id="shape0-lib-normals-array" count="23997">-0.440249 0.793925 -0.419362 0.53499 0.00719359 -0.844828 -0.376039 -0.707879 -0.597915 0.545044 0.000624802 -0.838407 0.854008 0.411807 -0.31794 0.544641 7.21591e-06 -0.83867 0.544673 4.09949e-05 -0.838648 0.54464 -0.000131626 -0.83867 0.544652 -1.0298e-06 -0.838662 0.449194 0.77465 0.445131 0.612356 -0.507995 0.605774 0.497697 -0.725407 0.475481 0.689159 -0.37536 0.61981 0.76358 -0.293683 0.575061 0.785643 0.0396481 0.617409 0.798202 -0.136579 0.586702 -0.970865 0.238026 -0.0276667 -0.983166 -0.182438 -0.0100791 -0.8891 -0.457425 -0.0162114 -0.919597 -0.392055 -0.0251988 -0.992069 -0.112584 -0.0558973 -0.566029 -0.824357 -0.00683611 -0.461219 -0.887199 -0.0124343 -0.0618137 -0.998087 -0.000820674 -0.861273 -0.50367 -0.0672708 -0.959167 0.266994 -0.0933413 -0.945911 0.30748 -0.103479 -0.00102858 -0.999978 0.00660624 -0.888144 -0.452488 -0.0803452 0.442073 -0.896925 0.00982831 0.816362 -0.577538 -0.00185307 0.62844 -0.777858 0.000709662 -0.646149 -0.760947 -0.0587519 0.830494 -0.555422 0.0422699 -0.891318 -0.430559 -0.142029 -0.956385 -0.233292 -0.175791 -0.785146 0.581755 -0.212387 -0.843567 0.505607 -0.180985 -0.797076 0.48391 -0.36125 0.82188 -0.559598 0.106601 -0.933286 -0.161048 -0.320999 -0.922352 -0.277442 -0.268872 -0.776153 0.46064 -0.430577 -0.846448 -0.356164 -0.395818 -0.84643 -0.32696 -0.420301 0.941364 -0.0663912 0.330797 0.782494 -0.474823 0.402799 0.686025 -0.336135 0.645278 0.710819 0.365521 0.600942 -0.572131 -0.457792 -0.680509 0.614236 0.0133148 0.78901 0.565673 -0.288285 0.772596 0.179776 -0.92898 0.323537 -0.647754 -0.57173 -0.503527 0.601066 -0.492336 0.629543 0.686571 -0.105753 0.71933 0.731972 -0.00744285 0.681295 0.715348 0.256676 0.649919 -0.151808 -0.985566 -0.0749259 -0.415554 -0.842417 -0.342999 -0.38519 -0.872933 -0.299361 0.737741 -0.0430709 0.673709 0.525792 -0.74521 0.410128 0.740564 0.350633 0.573255 -0.824426 -0.565841 -0.0120953 -0.967182 -0.252852 -0.024995 -0.2914 -0.956591 -0.00439149 -0.752209 0.647664 -0.121297 0.26004 -0.965596 0.00204235 -0.936965 0.298386 -0.181832 -0.963748 -0.156523 -0.21608 -0.903248 0.305381 -0.301473 0.934174 0.315137 0.167353 0.959455 -0.129653 0.250273 -0.885282 0.130954 -0.446237 -0.866215 -0.0702048 -0.494716 0.942817 -0.194671 0.270552 -0.852434 -0.047548 -0.520668 0.93772 -0.0868848 0.336351 0.868305 0.0532836 0.49316 -0.779633 -0.18187 -0.599246 -0.572382 -0.387389 -0.72271 -0.0561372 -0.998126 0.0243619 -0.227953 -0.956006 -0.184638 0.16309 -0.940992 0.296539 -0.69687 0.131307 -0.705075 -0.628499 -0.561391 -0.538358 0.0466434 -0.997352 0.0557926 0.517871 -0.751856 0.408072 -0.723906 0.674751 -0.143779 0.514756 -0.856706 0.0328833 -0.962312 0.147806 -0.228274 -0.919084 0.255642 -0.299885 -0.9404 -0.036618 -0.338092 0.847443 -0.486139 0.213331 0.938722 0.276463 0.205838 0.818737 -0.479085 0.31646 -0.771813 0.432815 -0.465807 0.938516 0.019292 0.344698 0.0174137 0.999848 -0.00127316 0.774893 -0.5038 0.381741 0.0255064 0.999545 -0.0161255 -0.155264 0.987438 -0.0293281 -0.0556766 0.997277 -0.0483554 -0.0894674 0.987253 -0.13163 0.111471 0.993751 -0.00576106 0.128756 0.991676 -0.000775893 0.181212 0.983444 -0.000635029 -0.0380477 0.987258 -0.154513 0.123223 0.99236 -0.00615681 -0.16193 0.930797 -0.327714 0.126755 0.991869 0.0113608 -0.096856 0.991862 -0.0826398 0.146059 0.986321 0.0764095 -0.526125 0.850281 -0.0146303 -0.657184 0.753727 0.00232316 -0.22835 0.972608 -0.0434659 -0.0110058 0.998825 -0.0471926 -0.322193 0.931878 -0.166718 0.634128 0.771988 0.0437708 -0.0970636 0.984733 -0.144497 -0.00136199 0.994499 -0.104735 0.167442 0.98586 -0.00651966 -0.292629 0.877887 -0.379056 -0.0366073 0.983793 -0.175534 0.22211 0.974695 0.0252486 -0.0343964 0.984269 -0.173297 -0.330449 0.778315 -0.533881 0.142362 0.98977 0.00940965 -0.0115956 0.991819 -0.127123 -0.606205 -0.00724154 -0.795275 0.19074 0.975288 0.111499 -0.0217147 0.996729 -0.0778425 0.084224 0.996334 0.0149767 -0.402216 0.915494 -0.0096936 -0.29656 0.954944 -0.0115405 -0.74306 0.669176 -0.00805459 -0.853311 0.521369 0.00592796 -0.438544 0.897247 -0.0512455 0.338172 -0.939916 0.0468674 -0.787594 -0.599898 -0.140776 -0.0496618 -0.998748 0.00598179 0.454016 -0.886307 0.0912688 -0.488559 -0.868757 -0.0810605 0.245507 -0.965711 0.0844364 0.391939 0.919652 0.024972 -0.753058 -0.619304 -0.222183 -0.413701 -0.906316 -0.0862682 -0.264088 -0.963478 -0.044351 -0.530475 -0.833659 -0.153651 -0.254681 -0.965961 -0.0453558 0.0503166 -0.994321 0.0937757 -0.011518 -0.998556 0.0524665 -0.528946 -0.812107 -0.24637 -0.563075 -0.789991 -0.242613 -0.343263 -0.931475 -0.120517 0.52777 0.845567 0.0804706 -0.318334 -0.940351 -0.120015 -0.170432 -0.984871 -0.0313309 0.628717 0.741635 0.233864 -0.398169 0.718422 -0.570378 -0.479247 0.543025 -0.689526 0.217959 0.972588 0.0810347 0.25583 -0.873699 0.413765 0.466686 0.753848 0.462512 0.0164422 0.995096 -0.0975407 -0.423849 0.679711 -0.59862 -0.464093 0.727184 -0.505788 -0.191097 0.934835 -0.299275 -0.642355 0.49485 -0.585238 -0.2996 0.895858 -0.328143 0.163321 0.977536 0.133224 0.169978 -0.951908 0.25491 0.685625 -0.103452 0.720566 0.364731 -0.84263 0.396164 0.621765 0.437463 0.649642 0.423826 0.797724 0.428961 0.196813 -0.95899 0.20397 0.393081 0.863882 0.314951 0.49239 0.78421 0.377581 0.0750377 0.996717 0.0303957 -0.251354 0.967887 -0.00390306 -0.310643 0.950483 -0.00910768 -0.16462 0.986263 -0.0135935 -0.948607 0.315413 -0.0256738 -0.445431 0.893801 -0.0520711 -0.851635 0.51616 -0.0910825 -0.798018 0.594811 -0.0967828 -0.552527 0.825908 -0.112205 -0.25126 0.964884 -0.0766058 -0.28422 0.954919 -0.0857212 0.824612 -0.565699 -0.000658088 0.926933 0.375207 -0.0039998 -0.367136 0.916615 -0.158203 -0.626892 0.754514 -0.194204 0.596683 -0.79951 0.068947 0.303148 -0.952076 0.0406521 -0.0353912 -0.999326 0.00971355 0.676528 0.736335 0.010967 0.462634 0.886528 0.00621715 -0.478027 0.838975 -0.260021 0.798967 -0.590857 0.111981 0.255074 0.966902 0.00622062 0.502011 0.864794 0.0107816 0.871618 0.482054 0.0889188 -0.131137 -0.991221 0.0168737 0.24986 -0.964463 0.0859165 0.679765 0.732548 0.035962 0.398513 0.915814 0.0497156 0.547507 0.833914 0.0694517 0.582829 -0.769995 0.259649 -0.56076 0.685678 -0.464106 0.583017 -0.769814 0.259764 -0.343667 0.854514 -0.389485 -0.581277 -0.765756 -0.2752 -0.650796 -0.581426 -0.488272 -0.557247 0.556222 -0.616517 -0.465218 -0.830442 -0.306494 -0.518824 -0.784033 -0.340755 -0.286738 0.859488 -0.423156 0.385967 -0.873887 0.295551 -0.0390468 -0.995036 0.0915334 0.432137 -0.770435 0.468709 -0.244563 -0.959207 -0.141816 0.120898 -0.939521 0.320443 0.47081 -0.62454 0.623127 -0.441111 -0.786422 -0.432391 -0.166623 0.926301 -0.33794 -0.503375 -0.645994 -0.573852 -0.166298 -0.983401 -0.0725734 -0.342544 -0.877098 -0.336693 0.625467 -0.110468 0.772391 -0.0418623 -0.995658 0.0831448 0.593716 0.463142 0.658028 0.558461 0.60151 0.571233 -0.251313 0.874072 -0.41574 -0.00564463 -0.992724 0.120276 0.123746 -0.952945 0.276736 0.384581 0.863354 0.326677 -0.177133 0.939883 -0.291966 -0.426341 -0.795273 -0.431015 -0.182463 -0.971746 -0.149724 -0.643276 0.0119813 -0.765541 0.377155 0.838732 0.392789 -0.132504 0.977974 -0.161276 -0.358641 0.829289 -0.428552 -0.0501081 -0.998293 0.0300105 0.597108 0.283471 0.750404 0.196362 0.971278 0.134393 -0.520268 -0.703082 -0.484765 -0.0261477 -0.99913 0.0324822 0.642361 0.139527 0.753595 0.0257669 -0.996237 0.0827493 -0.396972 0.853829 -0.336733 0.331249 -0.862024 0.383652 0.529885 -0.584433 0.614541 0.657442 0.207599 0.724343 0.356172 -0.838876 0.411618 0.197981 -0.960045 0.19778 -0.103445 -0.992624 -0.0632221 0.269821 0.934288 0.23303 0.249153 0.9498 0.189214 0.221536 0.958945 0.177047 0.548214 -0.00856839 -0.836294 0.480985 0.791292 0.377507 0.734309 0.495532 0.463939 -0.930422 0.366425 -0.00695704 -0.997679 0.0679933 -0.00363964 -0.76334 0.645348 -0.0289681 -0.848142 0.52803 -0.0428983 -0.603703 0.796116 -0.0417349 -0.601818 0.797461 -0.0432624 -0.547521 -0.836683 -0.0135191 -0.659509 -0.751696 -0.00122223 -0.794721 -0.60695 -0.00547984 -0.570307 0.814267 -0.108256 0.949243 -0.314541 -0.00152108 0.999973 0.00219406 -0.00704229 -0.544234 -0.837588 -0.0474949 0.998924 0.0448852 0.0116648 -0.648659 0.733935 -0.201446 0.944307 0.329027 0.0050943 0.762782 0.646247 0.0230008 -0.451493 -0.891013 -0.0474395 -0.320701 0.932851 -0.164131 0.617445 0.786417 0.0176217 -0.756868 -0.634188 -0.157974 0.877733 0.477742 0.0367136 -0.62729 0.725729 -0.282533 -0.482883 0.817097 -0.314924 -0.553123 0.747378 -0.368077 0.739775 0.660459 0.128555 0.80067 0.585467 0.127105 -0.240154 0.940423 -0.240689 -0.507392 0.709917 -0.488437 -0.724322 -0.457344 -0.515939 -0.642812 0.301962 -0.703997 0.534663 0.817458 0.214237 -0.0496707 -0.99558 0.0797014 -0.397125 0.725831 -0.561659 -0.631991 0.233606 -0.738929 -0.694919 -0.228798 -0.681718 0.858104 0.330971 0.392576 -0.406053 -0.863657 -0.298694 -0.569232 0.328423 -0.753733 0.747907 -0.212595 0.628839 0.552694 0.735127 0.392578 0.336613 0.926343 0.169057 0.493525 -0.55589 0.668894 -0.22504 -0.964714 -0.136692 -0.345592 -0.878816 -0.329012 0.629351 -0.0965489 0.771101 -0.561216 0.0755476 -0.824215 0.591933 0.46753 0.65653 -0.475653 0.543698 -0.691481 0.278367 -0.833187 0.477819 0.133622 -0.947151 0.291633 -0.507182 0.445935 -0.737502 -0.557467 0.455639 -0.693991 0.296135 0.926393 0.232593 -0.436324 -0.723961 -0.534323 -0.4021 0.726583 -0.557129 -0.599441 -0.319449 -0.73391 0.4941 0.660849 0.564928 0.586418 0.348166 0.731365 -0.601372 -0.408229 -0.686804 -0.28018 -0.920942 -0.270859 0.523874 -0.470227 0.710241 0.41843 -0.65578 0.628386 0.593161 -0.059135 0.802909 0.600025 0.303442 0.740198 0.516604 -0.479635 0.709274 0.525603 -0.566377 0.63479 0.612576 -0.148649 0.776308 0.359764 -0.792961 0.491713 0.559649 0.528756 0.63813 0.51453 -0.578745 0.632704 0.620748 -0.13336 0.772584 0.420594 0.806896 0.414753 0.634086 -0.196476 0.747885 -0.602383 0.654813 -0.456458 -0.395785 -0.843738 -0.362573 0.621025 0.4579 0.636125 0.563839 0.613826 0.552543 0.0154421 0.999489 -0.0279787 0.701316 -0.433706 0.565734 0.707541 0.40005 0.582534 0.603795 0.612552 0.51011 -0.962379 0.270164 -0.0289697 -0.715586 -0.697652 -0.0349175 -0.259123 -0.965844 6.2144e-05 -0.992159 -0.102341 -0.0717446 -0.98204 -0.167525 -0.0867927 -0.732634 -0.678592 -0.0525389 -0.961705 0.233682 -0.143234 -0.987809 -0.0679989 -0.140033 0.850197 -0.525198 0.0365075 0.99958 -0.0111557 0.0267381 -0.253362 -0.967295 -0.0121416 0.990825 -0.0238545 0.133029 0.983488 0.168354 0.0663926 -0.795212 -0.567952 -0.212294 0.566973 -0.812148 0.137683 0.989243 -0.0906797 0.114783 0.97276 -0.188542 0.134866 0.775082 -0.588793 0.229285 -0.800163 0.427251 -0.420946 0.946566 0.253327 0.199593 -0.766087 -0.561971 -0.31193 0.598442 -0.78973 0.134882 0.772313 0.594052 0.22502 0.845329 -0.436633 0.307848 0.389769 -0.875037 0.287038 -0.738673 -0.515099 -0.434782 0.785639 0.576091 0.225587 -0.758582 -0.128282 -0.638825 0.855356 0.337563 0.39296 -0.632109 -0.4478 -0.632387 0.533861 -0.620316 0.574631 -0.652742 0.0699209 -0.754347 -0.6055 -0.560313 -0.565172 -0.471116 -0.771292 -0.42797 -0.598931 -0.405614 -0.690477 0.707937 0.420845 0.567199 -0.616784 -0.0613802 -0.784736 0.58238 0.699446 0.414257 0.609819 -0.326962 0.721954 -0.609908 0.102031 -0.785877 -0.343478 0.758287 -0.554097 0.437877 -0.607394 0.662825 -0.472469 -0.711739 -0.519809 0.274741 -0.836059 0.474892 0.528273 -0.371451 0.763513 0.418492 -0.655719 0.628408 -0.077273 0.985679 -0.149888 0.499415 0.641268 0.582546 0.182514 -0.929019 0.321887 -0.586164 0.239154 -0.774092 0.311132 0.896643 0.315005 0.348514 -0.801834 0.485387 -0.512798 0.590186 -0.623473 -0.650036 -0.353079 -0.672895 0.515393 0.624784 0.586528 -0.678667 -0.0231996 -0.73408 -0.295919 -0.924849 -0.238925 -0.769414 -0.120157 -0.627347 -0.805295 0.0217166 -0.592477 -0.659968 -0.541128 -0.521174 0.631169 0.775635 -0.00396118 0.0211803 0.999757 0.00618909 -0.660239 0.751034 -0.00569595 -0.801309 -0.598247 0.00226627 -0.659505 -0.751692 0.00343672 0.917914 -0.396776 0.00142836 0.829428 0.558609 -0.00238487 0.0786745 -0.99419 0.0734671 -0.12374 -0.990483 0.0602637 0.963417 -0.267996 0.00235667 0.481648 -0.875119 0.0467062 -0.261014 -0.961617 0.0846446 0.457689 0.8864 -0.0694042 0.174421 -0.98224 0.069156 -0.454026 -0.887941 0.0736333 -0.993637 -0.107833 0.0325276 -0.630174 0.775236 -0.0434698 -0.556917 -0.826925 0.0777157 0.458075 -0.888 0.0402921 -0.294095 -0.952588 0.0780034 -0.870314 0.492251 -0.01555 -0.11068 -0.990401 0.0827971 -0.98433 0.17609 0.00931442 -0.782789 0.621923 -0.0212791 0.714203 -0.699787 0.0145929 -0.929127 0.369761 -6.998e-05 -0.993653 -0.107724 0.0324001 -0.979843 -0.19499 0.0434457 0.647448 -0.761135 0.0385327 -0.99488 0.0976316 0.0261139 0.448259 -0.891628 0.0637499 0.120896 -0.989409 0.0803309 0.180265 -0.980951 0.0723845 0.418035 -0.906292 0.0623067 -0.11993 -0.989487 0.0808282 -0.525293 -0.846844 0.0832058 0.739886 -0.671141 0.0462447 0.996052 0.0812314 -0.0358135 0.971364 0.232528 -0.0488151 0.992463 -0.120558 -0.0219579 0.458611 -0.886987 0.0541339 0.601836 -0.796803 0.0538444 -0.148569 -0.9853 0.0843235 -0.933108 0.359562 0.00502545 -0.979223 -0.198142 0.0431461 -0.774214 0.632325 -0.0275272 0.997288 0.0657249 -0.0331291 0.997688 0.0593118 -0.033177 -0.675615 -0.732879 0.0802032 -0.554772 -0.827711 0.0843962 0.495149 0.864568 -0.0857334 -0.697507 0.716194 -0.0234604 0.97072 -0.240196 -0.00294916 0.610726 -0.790674 0.0429931 -0.123784 -0.988584 0.085898 -0.943366 0.331747 -0.00190527 -0.97335 -0.224172 0.0483466 -0.918007 -0.392029 0.0598106 -0.977491 -0.205848 0.046237 0.960647 -0.277734 -0.00455236 0.990467 0.132969 -0.0359625 -0.999502 0.0113176 0.0294439 -0.999163 0.0289703 0.0288844 -0.535743 0.842824 -0.051262 -0.718408 0.693861 -0.0494779 -0.537761 -0.838685 0.086143 0.884579 0.46586 -0.0222432 -0.787721 0.615419 -0.0274807 0.892114 0.449122 -0.0492148 0.365403 0.926846 -0.0862391 0.969557 -0.244042 -0.0200618 -0.345191 -0.934566 0.0861956 -0.944005 0.329926 -0.00195161 0.713101 0.700538 -0.0270848 -0.728319 -0.681145 0.0747873 -0.534964 -0.840504 0.0858281 -0.97528 -0.216531 0.0440915 0.927881 0.369404 -0.0507661 0.700284 0.711221 -0.0613676 0.883484 0.464116 -0.0636642 -0.990233 0.137936 0.0202994 0.971923 -0.234981 -0.0122464 0.751641 0.656699 -0.0614913 0.617789 0.783335 -0.0687276 -0.920394 -0.386367 0.0599608 -0.560553 -0.824161 0.0808572 0.918658 0.3905 -0.0598156 0.861979 0.50248 -0.0671315 -0.990694 -0.131964 0.0333393 0.24104 -0.968357 0.0646822 -0.519215 -0.851691 0.0709805 0.497754 0.863093 -0.0855093 0.541692 -0.839467 0.043179 0.732101 0.676902 -0.0763626 0.685048 0.724599 -0.075267 0.763046 0.642263 -0.0725153 0.828421 0.55614 -0.0665352 -0.3668 0.928502 -0.0578065 -0.999852 -0.0111619 0.0130814 -0.873244 0.486957 -0.0178149 0.67502 0.73338 -0.0806317 0.775468 0.626917 -0.0749917 0.19128 -0.978758 0.0737861 -0.215112 -0.974694 0.0608081 -0.651354 0.758168 -0.0303272 0.975727 -0.218881 -0.00693898 0.84707 0.529231 -0.0488612 -0.944637 -0.323892 0.052495 0.870413 -0.492269 0.00721671 0.773483 0.629415 -0.0745728 0.817283 0.572273 -0.067467 0.937522 0.346384 -0.0327219 0.991906 0.124017 -0.0272355 0.622265 0.779651 -0.070218 -0.981195 0.192358 0.0159534 0.181596 -0.982909 0.0302117 0.82839 0.559828 -0.019041 -0.795993 -0.604517 0.0308922 0.979734 -0.200144 -0.00795805 0.917314 -0.398163 0.000797626 -0.571843 0.819615 -0.0350291 0.142874 -0.989055 0.0368445 0.354221 0.933601 -0.0540054 0.773757 0.629828 -0.0679527 0.654332 0.752632 -0.0734519 0.105284 -0.9944 -0.00912706 0.773523 0.631528 -0.0532423 -0.134331 0.990108 -0.0405185 0.644717 0.762472 -0.0545583 0.723219 0.688663 -0.051934 -0.577545 0.816245 -0.0136024 0.801917 0.597052 -0.0213896 -0.863925 0.503591 -0.00542325 -0.83061 0.556743 -0.0111529 -0.972386 0.233375 -0.00138384 0.610428 0.792001 -0.0105705 0.539176 0.84205 -0.0155573 0.630004 0.776447 -0.0150096 0.988896 -0.148429 0.00735785 0.850918 -0.524536 0.0283173 -0.34038 -0.940168 0.0150481 0.865914 -0.50019 0.00167918 0.928553 -0.371095 0.00879925 -0.99257 0.12103 0.0125321 -0.973792 -0.227403 0.00405632 0.237699 -0.970614 0.0375145 -0.464177 -0.885334 0.0268939 -0.722907 -0.69047 0.0256149 -0.998949 0.0304937 -0.0342087 0.732378 -0.680788 0.0123036 -0.940264 0.340428 0.00367545 0.544689 -0.838121 0.0294544 0.852521 0.520392 -0.0489949 -0.0740276 -0.995409 0.0606695 -0.537024 0.843375 -0.0179873 0.240369 -0.96964 0.0449663 0.925422 -0.37892 -0.00364189 -0.272915 0.96198 -0.0106244 0.991836 -0.127341 -0.00683714 0.766354 -0.642135 0.0190798 -0.571463 0.820048 -0.0308384 -0.181527 0.982437 -0.0431983 0.468243 -0.882292 0.0480601 -0.944497 0.328513 -0.00223012 -0.998135 0.0591275 0.0151796 -0.850391 0.526104 -0.00702268 -0.760874 0.648523 -0.0220992 -0.0986195 -0.992848 0.0672783 -0.62726 0.778557 -0.0198546 -0.260425 0.963935 -0.0548521 0.858151 0.510304 -0.0562686 0.191855 0.979799 -0.0564472 -0.985721 0.168183 0.00824698 0.0826142 0.99377 -0.0748114 0.754722 0.653908 -0.0529009 0.93766 -0.347552 0.000919259 0.863952 -0.503567 0.00263585 -0.787096 0.616441 -0.0219305 0.103443 -0.991757 0.0756182 0.360792 -0.93021 0.0673691 -0.382636 0.92299 -0.0409797 -0.376277 0.923001 -0.0805273 0.148045 0.985239 -0.0859438 -0.948224 0.317576 0.00421878 0.36688 -0.927713 0.0689029 0.163846 0.98229 -0.0908863 -0.294662 0.953099 -0.0691057 0.835713 -0.548828 0.0192574 -0.0956934 -0.992056 0.081659 0.13822 -0.986958 0.0825135 0.429109 -0.901543 0.0555561 0.734574 -0.678224 0.020334 0.23946 -0.96876 0.0645175 0.819513 -0.572525 0.0247856 0.502124 -0.862836 0.0581925 0.967846 -0.251539 0.00146248 -0.945258 0.326325 -7.51879e-05 0.804785 -0.593364 0.0154805 -0.532886 0.845046 -0.0439401 -0.491417 0.869168 -0.0552892 -0.780053 0.625221 -0.0248183 0.0175677 -0.997781 0.0642208 -0.490046 0.87053 -0.0450853 -0.306434 -0.948543 0.079782 0.894351 0.444336 -0.0519771 -0.564554 0.82308 -0.0617864 0.902401 0.427869 -0.0509981 -0.124212 0.989485 -0.0740963 -0.867194 0.497932 -0.00617703 0.228078 0.970126 -0.0826823 0.675749 0.732753 -0.0802241 0.85282 -0.522189 0.00415065 0.582208 -0.812608 0.0265047 -0.877649 0.479052 -0.0155271 -0.132916 0.990027 -0.0467002 0.594749 -0.803432 0.0277549 -0.308574 -0.950557 0.0349692 -0.481557 -0.875643 0.0367664 0.900248 0.434214 -0.0318111 -0.836569 0.547819 -0.00683128 0.851147 -0.524892 -0.00608216 -0.976958 0.21343 -0.00013441 -0.55709 -0.830145 0.0225774 -0.263766 -0.964131 0.0296414 -0.946038 -0.323985 0.00682697 -0.999341 -0.0336896 0.0135099 -0.829009 -0.558133 0.0350879 -0.123509 0.991382 -0.043677 -0.953442 -0.301574 -0.00112529 -0.973627 0.228144 0.00118239 0.345388 0.937345 -0.045739 0.369766 -0.928931 0.0189951 -0.101847 -0.994554 0.0221034 0.715421 -0.698354 0.0217671 0.315626 -0.948637 0.0216291 -0.108706 -0.993589 0.0310559 -0.995633 -0.0919026 0.0164088 0.933459 -0.358683 -0.000600452 -0.775785 0.630948 -0.00789637 0.852238 -0.522773 0.0199627 0.281802 -0.958207 0.0492677 0.164837 0.985018 -0.0506829 0.44003 0.895476 -0.0670498 0.175225 0.982106 -0.0690215 0.71638 -0.696203 0.0458375 -0.0664094 -0.994325 0.0831081 -0.755935 0.653602 -0.0369616 -0.116835 0.99004 -0.0785494 0.976667 -0.214687 -0.0055863 -0.999543 0.00963378 0.0286696 0.861891 0.507093 0.00117293 0.440346 -0.89778 0.00925556 0.897599 0.440377 -0.019587 -0.84184 0.539605 0.0114889 -0.0365386 -0.998359 0.0440875 0.936765 0.347596 -0.0406023 0.796629 0.604468 -0.000279552 0.944968 0.32361 -0.0480867 0.739045 0.673031 -0.0289981 -0.763206 -0.643383 0.0597916 0.867823 0.492733 -0.0640061 0.903918 0.423673 -0.0585957 0.69188 0.720208 -0.0510212 -0.569839 0.820796 -0.0397176 0.952595 0.3001 -0.0500194 0.922201 0.3824 -0.0575878 0.866357 0.495157 -0.0651567 0.678216 0.730454 -0.0803714 0.534433 0.840925 -0.0850157 0.472197 0.876904 -0.0898326 0.122451 0.987698 -0.0972547 0.633432 0.769761 -0.0789379 -0.614785 0.788413 -0.0210642 -0.593691 0.803697 -0.040014 0.581981 -0.813169 -0.00735006 -0.552976 -0.833196 -0.00126966 -0.714608 0.699513 -0.00414507 0.632877 -0.774229 0.00606068 0.644229 -0.764824 0.00364362 0.128841 -0.991634 0.00792384 -0.188393 -0.98207 0.00688164 -0.419445 -0.907773 -0.00376688 -0.98885 0.148903 -0.00197481 -0.487122 0.873252 0.0120071 0.0459197 0.998939 0.00354608 0.258219 0.966086 0.000754982 0.954561 0.296079 -0.0339078 -0.359873 -0.931502 0.0528758 0.214837 0.976353 -0.02409 -0.879668 -0.47464 0.0300149 -0.759632 -0.64843 0.0499678 -0.988804 0.148281 0.016697 0.526442 -0.84841 0.0553093 0.946203 0.320064 -0.047538 0.981199 -0.192207 -0.0174698 0.990934 0.131143 -0.0291664 -0.450472 -0.890247 0.0673415 -0.933079 -0.35691 0.0444886 -0.90657 -0.419607 0.0454076 0.527999 -0.848762 0.0286379 -0.655322 -0.752276 0.0680742 -0.779282 -0.624097 0.0567625 -0.863132 -0.502247 0.0524437 0.737805 -0.673789 0.0406393 0.849336 -0.527715 0.0120797 0.951084 0.304213 -0.0537947 0.0641098 -0.99578 0.0656692 0.941522 -0.336601 -0.0153778 0.996174 0.0789121 -0.0375448 0.996522 -0.0822259 -0.0135336 0.728638 -0.683396 0.0453502 0.974612 0.219333 -0.0449992 -0.63049 -0.772632 0.0743128 0.998759 -0.0093737 -0.0489154 -0.788487 -0.611189 0.0688232 -0.857625 -0.510395 0.0630573 -0.701904 -0.708289 0.0752149 -0.232026 0.970786 -0.0611452 -0.879357 -0.472094 0.062115 -0.935715 -0.348981 0.0514732 -0.764012 -0.641199 0.0717656 -0.900477 -0.430816 0.0594949 0.992023 -0.124039 -0.0224698 0.894725 -0.445761 0.0276457 -0.374227 -0.923338 0.0860266 0.997331 0.0649505 -0.0333614 0.355934 0.930963 -0.081353 0.614484 0.785957 -0.0684134 0.762269 -0.646903 0.0215001 -0.997619 0.0659856 0.020058 -0.0339027 0.998504 -0.0428985 -0.545505 0.836483 -0.0521599 -0.106658 0.990401 -0.0879158 0.501815 0.860481 -0.088063 -0.360792 -0.928566 0.0871438 0.831465 -0.555081 0.0234788 0.936729 -0.350052 -0.00151746 0.970162 -0.242427 -0.00392582 -0.846072 -0.528481 0.0697913 -0.780695 -0.620477 0.0743219 0.94542 0.320911 -0.0565501 0.942418 0.329718 -0.0559836 -0.709422 -0.700246 0.0798557 0.0885314 -0.99305 0.0775493 0.997281 0.063647 -0.0371387 -0.352778 -0.931771 0.085732 -0.250926 0.964503 -0.0822812 0.9906 0.132621 -0.0335096 -0.2354 0.968865 -0.0767311 -0.804385 -0.589893 0.0706434 -0.995045 -0.0912272 0.0395388 0.350353 0.932417 -0.0886058 0.51155 0.855227 -0.0830846 -0.999424 0.0236658 0.024339 0.0837589 0.99285 -0.0850465 0.237977 0.96799 -0.0797712 -0.917258 -0.393751 0.0599854 0.979283 0.197483 -0.0447754 -0.307348 -0.948253 0.0797121 -0.771865 -0.631331 0.0751353 0.98989 -0.141434 -0.0107345 0.862482 -0.505747 0.018553 -0.995367 0.0910703 0.0308284 0.621429 -0.781945 0.0488767 -0.778881 -0.623874 0.0642301 0.988508 -0.14942 -0.0229163 0.97586 0.217908 -0.0145953 -0.714255 -0.697498 0.0577636 -0.915196 -0.399874 0.0501774 0.402445 0.912184 -0.0771929 -0.556795 -0.828469 0.0601643 0.0536255 0.996319 -0.0668787 0.410714 0.908637 -0.0754546 -0.366391 0.928704 -0.0571524 0.927077 0.37362 -0.0305895 0.0599651 0.995448 -0.0740807 -0.874309 -0.484716 0.0251905 0.995452 0.0942121 -0.0141373 0.349688 0.935193 -0.0559743 -0.989211 -0.140424 0.0417561 0.961592 0.274408 -0.006359 0.952603 0.304215 0.000680611 0.999872 0.0142626 -0.00725489 0.640052 0.766351 -0.0551289 0.823145 -0.567831 -0.000585936 0.544655 -0.83854 -0.0141879 0.343018 0.93799 -0.0501297 -0.221613 0.975052 -0.0127294 -0.122916 0.991783 -0.0354538 -0.488938 0.872312 -0.00340784 0.160915 0.986881 -0.0131137 -0.198184 0.98015 -0.005473 0.161555 0.986786 -0.0123969 0.968413 0.249346 0.00191183 0.971129 0.238112 -0.0145547 0.991331 -0.130592 -0.0144654 0.121905 -0.992529 0.00500999 -0.450281 -0.892857 0.00730022 -0.716554 -0.697453 0.0104636 -0.91174 -0.410738 0.00487378 -0.907089 -0.42092 0.00407614 -0.459224 -0.888244 0.011666 0.945172 0.325072 -0.0312684 0.998632 0.0520579 -0.0049214 -0.713457 -0.700564 0.0137796 -0.805662 0.592169 -0.0156527 0.996866 0.0710218 -0.034855 -0.355521 -0.933683 0.0429085 -0.603779 -0.796311 0.0365923 -0.23385 0.972254 -0.00611265 -0.570658 0.821152 -0.00764825 0.989509 0.141034 -0.0313282 0.452848 0.891507 0.0119503 0.441602 0.897154 0.0100949 0.0741215 0.996584 -0.0364266 0.767096 -0.641311 0.0168328 -0.972641 -0.231538 0.0189828 -0.804777 -0.592583 0.0343358 -0.882659 -0.469039 0.030254 0.496037 0.867423 -0.0390467 0.49578 0.867572 -0.0389964 -0.574113 -0.816877 0.0557336 -0.548317 -0.834188 0.058992 -0.474367 -0.878143 0.0619743 -0.984681 -0.171069 0.033744 -0.0902103 -0.994257 0.0575721 0.519928 0.852587 -0.052644 -0.987381 -0.155471 0.0301396 0.996792 0.0728571 -0.0331219 0.679818 0.733376 -0.00274884 -0.951674 -0.307095 -0.00316759 -0.872109 -0.489177 0.0114698 -0.763964 -0.645258 -0.00136225 -0.324372 -0.945892 0.00843102 -0.262525 -0.964925 0.000124988 0.676817 -0.736151 0.000566161 0.850943 0.525256 0.00113638 0.847793 0.530325 0.00185387 0.984776 0.000516567 0.17383 0.98473 -0.00113444 0.174087 0.29624 -0.528134 -0.795812 0.984811 7.94095e-05 0.173632 0.984813 -2.22985e-05 0.173616 0.984817 6.05483e-05 0.173593 0.984814 0.000448997 0.173613 -0.974278 0.0417859 0.221443 -0.989843 -0.0348683 0.137819 -0.973802 0.0329056 0.225002 -0.933436 -0.281803 0.222002 -0.944954 0.0317153 0.325664 -0.900454 -0.267854 0.342691 -0.909111 0.222748 0.351995 -0.892873 -0.123928 0.432921 0.801809 0.591102 -0.0877577 -0.896103 -0.272826 0.350094 0.98028 0.193006 -0.0424348 -0.865185 -0.163068 0.474198 -0.847333 0.0658771 0.52696 -0.828783 -0.294371 0.475884 0.427407 0.74243 -0.515869 0.688814 0.61748 -0.379808 0.864127 0.0264642 -0.502577 0.610472 0.602684 -0.513903 0.533745 0.526134 -0.662042 0.158143 0.623822 -0.7654 0.499474 0.497136 -0.709494 0.449818 0.360592 -0.817091 0.403174 0.483413 -0.777022 0.639341 0.768889 0.0072565 0.76198 0.614087 -0.205627 -0.93114 -0.333101 0.1484 -0.867573 -0.473514 0.151992 -0.874215 -0.451097 0.179607 -0.786197 -0.607639 0.11256 -0.898752 -0.282683 0.335164 -0.36032 -0.927983 0.0949604 -0.803587 -0.535833 0.259095 0.95336 0.301642 -0.0108325 -0.83239 0.303234 0.463871 -0.894244 0.198306 0.40125 0.642147 0.560053 -0.523438 -0.752029 -0.548344 0.365747 -0.823939 0.290404 0.486611 -0.672045 -0.689974 0.268871 -0.726204 -0.575507 0.376058 -0.738259 -0.544417 0.398225 -0.50595 -0.760208 0.407552 0.360066 0.731987 -0.578401 0.0939238 0.975656 -0.198175 0.627643 0.386808 -0.675607 0.158662 0.909796 -0.383533 0.288443 0.484028 -0.826146 0.231719 0.157556 -0.959939 0.495855 0.868379 -0.00680106 0.272135 0.962259 -0.000967141 0.604339 0.79342 -0.072516 0.544684 0.817899 -0.185369 0.669918 0.693508 -0.26506 -0.537404 -0.840934 0.0634573 0.563727 0.790037 -0.240944 0.999877 0.00780078 -0.0136249 0.511302 0.78429 -0.351367 0.904799 0.395502 -0.157849 -0.442606 -0.878388 0.180372 0.924117 0.215459 -0.315573 -0.782776 -0.072608 0.618053 -0.483386 -0.831394 0.274085 -0.394256 -0.900301 0.184446 -0.785556 -0.0702041 0.614795 0.823633 0.42045 -0.380593 -0.488559 -0.784133 0.382682 0.388624 0.772779 -0.50178 0.311702 0.875428 -0.369416 0.12517 0.984712 -0.121137 0.315434 0.870944 -0.376773 -0.128206 -0.988293 0.0827037 0.395831 0.694073 -0.601315 0.255756 0.905281 -0.339198 -0.473898 -0.694865 0.54091 0.728807 0.0167769 -0.684514 0.254649 0.763669 -0.593265 0.152189 0.95766 -0.24439 -0.0604866 0.985214 0.160295 0.250675 0.82418 -0.507828 0.291749 0.586871 -0.755292 0.629575 0.0706036 -0.773725 0.140171 0.891735 -0.430303 0.522733 0.460653 -0.717321 0.52271 0.175159 -0.834322 -0.347151 -0.588917 0.729838 -0.0354464 0.998649 0.0379871 -0.0715907 -0.984851 0.157933 0.399285 0.434274 -0.807451 0.355379 0.0149111 -0.934604 0.247995 0.281543 -0.926948 0.571636 0.819357 -0.0434235 0.30499 0.952309 -0.00946365 0.992976 -0.117771 -0.0112983 0.981692 -0.190438 0.00364142 0.124573 0.990023 -0.065841 0.162599 0.973864 -0.158587 -0.805317 0.0373039 0.59167 0.426957 0.788791 -0.442173 0.455666 0.761628 -0.46075 0.297697 0.919689 -0.256025 -0.4066 -0.825649 0.391127 -0.137207 -0.986578 0.0885335 0.269857 0.848077 -0.456008 -0.060148 0.985307 0.159851 -0.405177 -0.822026 0.400132 0.361215 0.750087 -0.553979 -0.253694 -0.922694 0.290303 0.659815 0.194794 -0.725741 0.0728706 0.992323 -0.0999292 -0.106736 -0.983168 0.148284 -0.080677 -0.992412 0.0927852 0.3335 -0.644603 -0.687942 0.0747246 -0.983956 -0.162006 -0.123585 -0.968319 0.216992 0.133953 0.926752 -0.350981 0.4782 0.00710169 -0.878222 -0.23366 -0.73636 0.634962 0.332647 -0.640255 -0.692401 0.0356759 -0.979368 -0.198912 0.350465 -0.0683915 -0.934075 -0.0791041 -0.969159 0.233397 0.195087 -0.783637 -0.589791 0.248339 -0.356451 -0.900706 0.00426756 0.99998 0.00463616 0.203137 0.978565 -0.0338569 -0.199698 0.979713 0.0168226 0.917131 -0.398496 -0.00840506 0.0372077 -0.999292 -0.0055169 -0.181742 -0.982973 0.0271006 0.0422916 -0.999081 -0.00702367 -0.0387777 -0.99898 -0.0231349 0.945211 -0.254095 -0.204967 0.893746 -0.281903 -0.348925 0.0586903 0.997123 -0.0479742 -0.505883 -0.760372 0.40733 0.779254 0.227297 -0.584037 0.865583 0.00950791 -0.500676 -0.273936 0.858134 0.434241 0.115699 0.985849 -0.121305 -0.267763 0.845026 0.462854 -0.44316 -0.570385 0.691571 -0.274009 -0.880245 0.387411 -0.283021 -0.877721 0.386658 0.29 -0.818078 -0.496638 0.5131 -0.442418 -0.735524 -0.256716 -0.834606 0.48737 0.167091 -0.953964 -0.249066 0.561911 -0.167558 -0.81005 -0.224288 -0.867624 0.44376 0.177872 -0.873824 -0.452541 -0.204378 -0.845454 0.493393 0.441208 -0.0974896 -0.892094 0.129155 -0.774706 -0.618991 0.0658246 -0.979439 -0.190699 0.18609 0.982523 0.00436691 0.101555 0.994747 -0.012876 0.627405 -0.778406 -0.0211275 0.691035 -0.722468 -0.022616 0.844567 -0.53537 0.00924482 0.14248 0.987424 -0.0685038 0.0649534 0.997329 -0.0333934 0.950001 -0.200008 -0.239781 -0.246627 0.943796 0.220057 -0.207237 -0.973283 0.0988596 0.184256 -0.967602 -0.172613 -0.0851637 0.983517 0.159506 -0.675911 -0.394016 0.622813 -0.079245 0.986585 0.142726 -0.138227 -0.986505 0.087753 0.188716 -0.966303 -0.175058 0.711799 -0.421382 -0.561942 -0.462884 -0.663459 0.587844 -0.468673 -0.644152 0.604495 -0.0901565 -0.993651 0.0672961 0.212085 -0.936876 -0.277998 -0.433019 -0.587048 0.68401 0.604166 -0.397548 -0.690608 0.519631 -0.327579 -0.789098 -0.0530453 0.985437 0.161555 -0.311693 -0.808542 0.499106 -0.446511 -0.23657 0.862938 -0.377266 -0.528997 0.760153 -0.307031 -0.593983 0.743584 -0.119801 0.90787 0.40177 -0.117162 0.783095 0.610766 0.0662238 -0.96872 -0.239158 -0.22488 0.532201 0.816205 -0.205745 -0.715186 0.667965 -0.169674 0.175012 0.969836 0.196546 -0.727082 -0.657816 0.347363 -0.0130445 -0.93764 -0.120457 -0.871223 0.475879 0.0412019 -0.987586 -0.151579 -0.00548584 0.999985 -0.000978893 -0.732532 0.679941 0.032824 -0.319779 0.946688 0.0390344 -0.773083 0.627551 0.092316 0.368093 -0.929774 0.00522103 0.99112 -0.0838935 -0.103166 -0.733441 0.407681 0.54393 -0.73373 0.407195 0.543905 -0.173044 0.968221 0.180563 -0.467542 0.74552 0.474979 0.8717 0.0179117 -0.489713 -0.172698 0.959969 0.220534 -0.368169 0.808337 0.459395 -0.565177 0.203355 0.799514 0.482253 -0.761864 -0.432429 -0.589604 -0.294643 0.752032 0.370503 -0.845204 -0.385172 0.70982 -0.152965 -0.687573 -0.610247 -0.256411 0.749568 -0.533528 -0.220756 0.816465 -0.172527 0.916573 0.360734 0.246049 -0.91281 -0.325942 0.412628 -0.751929 -0.51414 -0.0728837 -0.996784 0.0333079 -0.421483 0.245471 0.872981 -0.474134 0.133757 0.870233 -0.122188 0.908225 0.400247 -0.382114 -0.143091 0.91297 -0.322524 -0.2622 0.909522 -0.381002 -0.256029 0.888418 -0.234633 -0.498976 0.834248 -0.254353 -0.40807 0.876803 -0.0925227 -0.969226 0.228125 -0.494138 0.869367 0.00545404 -0.872063 0.489173 0.014683 -0.758033 0.651726 0.0252947 -0.173267 0.984245 0.0352149 0.967261 -0.224518 -0.118316 -0.334466 0.908656 0.249955 0.470801 -0.878919 -0.0764718 -0.539316 0.719468 0.437611 0.119237 -0.990485 -0.0687121 -0.681221 0.235171 0.693276 -0.756601 0.184831 0.62721 0.875464 -0.200023 -0.439948 -0.674146 -0.378693 0.634129 -0.371703 0.791156 0.485705 -0.637066 -0.292339 0.713222 -0.645258 -0.387343 0.658489 -0.596134 0.146577 0.789392 -0.530144 0.0645818 0.845445 -0.469832 0.497716 0.729066 -0.492535 0.144007 0.858295 -0.500446 -0.323312 0.803133 -0.293687 0.673602 0.678239 -0.204166 0.810856 0.548479 -0.410774 0.240533 0.879437 -0.330228 0.400356 0.854789 -0.201569 0.812593 0.546866 -0.430336 -0.269317 0.861556 -0.263988 0.365948 0.892408 -0.350604 -0.169159 0.92112 -0.899872 0.41915 0.120599 0.363233 -0.931689 0.00416638 0.848197 -0.471497 -0.241357 -0.319477 0.923414 0.212701 0.604347 -0.719421 -0.342341 -0.57816 0.564619 0.589013 -0.730811 0.0927598 0.676248 -0.675278 0.118535 0.727976 -0.578537 0.474124 0.663702 -0.649546 0.192364 0.735585 -0.489509 0.483408 0.725739 -0.364307 0.667772 0.649123 -0.342142 0.625815 0.700925 -0.407234 0.187257 0.893921 -0.35291 0.935412 0.0214438 -0.93808 0.345866 0.0195764 -0.999392 -0.0342472 0.00650385 -0.999949 0.00436121 0.00912768 -0.987631 -0.156578 0.00821288 -0.470845 0.876568 0.0996661 0.033764 -0.99943 0.000629897 -0.61814 0.747936 0.241856 0.696221 -0.717498 -0.0217634 0.531294 -0.844395 -0.0687259 0.594086 -0.724482 -0.349554 -0.484151 0.728169 0.485147 -0.485821 0.58883 0.645954 -0.231003 0.531446 0.814986 -0.470069 0.87738 0.0961244 -0.783068 0.615825 0.0869673 -0.979848 0.190661 0.0595577 -0.852474 -0.522753 0.00420366 -0.97991 0.191426 0.0559641 -0.993732 -0.00381004 0.111723 -0.949104 -0.312317 0.040751 -0.959428 -0.273881 0.0669889 -0.851975 -0.522661 0.0310514 -0.61378 -0.789452 0.00622984 -0.91756 0.341002 0.204452 -0.616602 0.760498 0.20358 -0.795991 0.570538 0.202199 -0.782199 -0.619866 0.0627059 -0.597229 -0.801624 0.0267653 -0.869517 0.436166 0.231733 -0.326389 -0.945153 0.0124606 -0.5142 -0.856823 0.0381083 -0.877877 0.37015 0.303843 -0.594317 0.762048 0.25704 0.528616 -0.802259 -0.277391 0.509283 -0.81661 -0.271623 -0.805512 -0.592575 0.0023109 -0.819188 -0.573525 6.09692e-05 0.53671 -0.429588 -0.726221 -0.992632 -0.0636808 -0.103085 -0.818921 -0.573906 -4.65284e-05 -0.81185 -0.583861 -0.00240104 -0.819193 -0.573518 0 -0.819124 -0.573616 -1.88051e-05 -0.956044 -0.048411 -0.289198 -0.997262 -0.0728535 0.0126578 -0.82003 -0.572321 0 0.819 0.573793 5.75316e-05 -0.0232696 0.996008 -0.0861801 -0.0227263 0.995971 -0.0867484 -0.0227944 0.995882 -0.0877453 -0.0196853 0.996288 -0.0838002 -0.0164042 0.996537 -0.0815182 -0.015929 0.996577 -0.0811262 -0.0194651 0.996216 -0.0846992 -0.0145511 0.996201 -0.0858648 -0.0152954 0.996623 -0.0806705 -0.0156905 0.9962 -0.0856684 -0.0141226 0.996693 -0.0800198 -0.0162733 0.996196 -0.0856076 -0.0198913 0.996136 -0.0855365 -0.0140486 0.996656 -0.0805001 -0.0166117 0.996106 -0.08659 -0.0140344 0.996766 -0.0791272 -0.0171828 0.996106 -0.0864739 -0.0200882 0.99607 -0.0862603 -0.0139231 0.996816 -0.0785109 -0.0201138 0.996071 -0.0862486 -0.0129825 0.996995 -0.076373 -0.0176214 0.995992 -0.0876873 -0.0126634 0.996897 -0.0776956 -0.018019 0.995999 -0.0875346 -0.0126648 0.996914 -0.0774727 -0.0183301 0.996 -0.0874581 -0.02039 0.995987 -0.087145 -0.0122152 0.997091 -0.0752364 -0.0183761 0.99595 -0.0880062 -0.0120586 0.997015 -0.0762631 -0.0204905 0.995964 -0.0873838 -0.0187078 0.995923 -0.0882501 -0.012018 0.997038 -0.0759601 -0.0207266 0.995943 -0.0875686 -0.0118685 0.997083 -0.0753966 -0.0118642 0.997084 -0.0753846 -0.0191987 0.99589 -0.0885153 -0.0210348 0.99591 -0.087874 -0.0189944 0.995886 -0.0885982 -0.0196497 0.995864 -0.0887096 -0.00788194 0.997388 -0.0718009 -0.00572885 0.997429 -0.0714322 -0.0105689 0.9973 -0.0726687 0.00135095 0.997482 -0.0709083 -0.00886255 0.997248 -0.0736111 -0.00941464 0.997277 -0.0731375 -0.0181026 0.995824 -0.0894803 -0.0184112 0.996049 -0.0868793 -0.0198378 0.995625 -0.0913093 -0.0218246 0.995583 -0.0913173 -0.00908733 0.99728 -0.0731472 -0.0086064 0.997273 -0.0732946 -0.0102545 0.997362 -0.071855 -0.00345375 0.997815 -0.0659752 0.00741234 0.997469 -0.0707117 -0.0185881 0.996057 -0.0867521 -0.0182709 0.996002 -0.0874464 -0.00970067 0.997292 -0.0729012 -0.0100316 0.997382 -0.0716172 -0.00935516 0.997361 -0.0719953 -0.00935616 0.997361 -0.0719946 -0.012602 0.997555 -0.0687402 -0.00944267 0.997427 -0.0710597 -0.00978816 0.997452 -0.070673 -0.0149808 0.996329 -0.0842885 -0.0152486 0.996274 -0.0848832 -0.0152268 0.996277 -0.0848507 -0.0178199 0.995981 -0.0877723 -0.0103328 0.997498 -0.0699302 -0.0145168 0.997881 -0.0634334 -0.00134952 0.998393 -0.0566478 -0.00400125 0.998313 -0.0579192 -0.00628115 0.998348 -0.0571201 -0.0208967 0.997136 -0.0726785 -0.0140906 0.996049 -0.0876794 -0.0148708 0.996417 -0.0832596 -0.00453721 0.99827 -0.0586284 -0.00499127 0.99821 -0.0595899 -0.00714876 0.998074 -0.0616187 -0.00102331 0.998596 -0.0529641 -0.00664322 0.998079 -0.0616001 -0.0139639 0.996365 -0.0840352 -0.0137931 0.997004 -0.0761081 -0.0130362 0.996523 -0.0822955 -0.0129767 0.996606 -0.081296 -0.0067177 0.99808 -0.0615731 -0.000477404 0.998705 -0.0508738 -0.00156268 0.998751 -0.0499414 0.00126329 0.998654 -0.0518534 -0.00875834 0.998073 -0.061436 -0.00204162 0.998786 -0.0492228 -0.0107394 0.998088 -0.0608707 -0.0109421 0.998088 -0.0608334 -0.00220515 0.998803 -0.0488637 -0.0102439 0.997075 -0.0757445 -0.0107883 0.997015 -0.0764542 -0.010989 0.996997 -0.076661 -0.0114882 0.996957 -0.0771015 -0.0121392 0.996913 -0.0775658 -0.0125853 0.996889 -0.0778039 -0.0133001 0.996856 -0.0781118 -0.000522019 0.999124 -0.041853 -0.00353186 0.998975 -0.045117 0.00160557 0.999194 -0.0401009 -0.000442041 0.999317 -0.036942 -0.00264566 0.998988 -0.0448976 0.0032602 0.999023 -0.044081 -0.000287336 0.999359 -0.0357949 0.00141786 0.999004 -0.0445879 0.00015097 0.999413 -0.0342674 -0.00457758 0.998889 -0.0469026 0.00141374 0.998948 -0.0458348 -0.010684 0.997377 -0.0715939 -0.0112864 0.997181 -0.0741739 -0.00832543 0.997562 -0.069283 -0.00637616 0.997567 -0.0694285 -0.00938688 0.997441 -0.0708764 -0.00436967 0.998042 -0.062392 -0.00515435 0.998462 -0.055208 -0.00489327 0.998366 -0.0569363 0.00117717 0.999475 -0.0323764 2.98151e-05 0.99893 -0.0462471 -0.00023546 0.998925 -0.0463622 -0.00636954 0.998751 -0.0495624 0.00273259 0.99953 -0.0305436 -0.000825565 0.998874 -0.0474334 0.00501729 0.999582 -0.0284793 0.00432652 0.999601 -0.0279215 -0.0087288 0.998633 -0.0515305 -0.000870942 0.998837 -0.0482128 0.00242635 0.999664 -0.0258224 -0.00605108 0.998678 -0.0510381 -0.00512883 0.998647 -0.0517558 -0.00452971 0.998628 -0.0521792 0.00164668 0.999696 -0.0245835 0.00108638 0.999726 -0.0233924 0.000814535 0.99975 -0.0223592 0.000655574 0.999776 -0.0211499 -0.00126876 0.999075 -0.0429913 -0.00125415 0.999072 -0.043059 -0.00173568 0.99913 -0.0416644 -0.00195552 0.999148 -0.0412158 0.000954785 0.998436 -0.055898 -0.00262362 0.999186 -0.0402516 -0.00414885 0.999234 -0.0389225 5.69656e-05 0.99999 -0.00446411 0.00271884 0.99992 -0.0123408 -0.00602869 0.999272 -0.0376812 0.279707 0.810813 0.514147 0.000550724 0.999914 -0.0131389 0.0012671 0.999917 -0.0128087 -0.988074 0.0963952 -0.120078 0.00591868 0.999878 -0.0144756 0.00432276 0.999893 -0.013989 0.00324686 0.999903 -0.0135327 -0.00116903 0.999938 -0.0110688 0.00243633 0.999921 -0.0123672 -0.00393525 0.999953 -0.00888019 0.00166096 0.999938 -0.0110127 0.000654554 0.999944 -0.0105369 -0.000169292 0.99995 -0.0100469 -0.00522072 0.999964 -0.00664413 -0.00727028 0.999288 -0.0370129 -0.00349309 0.999403 -0.0343662 0.000266033 0.999554 -0.0298507 0.000530925 0.999615 -0.0277352 0.000378734 0.999637 -0.0269556 -0.0013013 0.999732 -0.0231025 0.00356596 0.999984 0.00448321 0.000315977 0.999988 0.00498226 0.0162896 0.999853 0.00531741 -5.80901e-05 0.999948 0.0101877 -0.000619147 0.999952 0.00982765 0.00224958 0.999938 0.0109176 -0.000860869 0.999954 0.00955016 -0.00101276 0.999957 0.00926429 -0.0016679 0.99998 0.00602663 0.0299452 0.999425 0.0159098 -0.00130997 0.999981 0.00607417 -0.0014321 0.999981 0.00603299 -0.00382405 0.999976 0.00579718 -0.00331734 0.999796 -0.019923 -0.00403833 0.999786 -0.0202808 -0.00220311 0.999815 -0.019124 -0.00148435 0.999827 -0.0185602 -0.000542008 0.999847 -0.017507 -0.000266248 0.999854 -0.0170907 -4.14732e-05 0.99986 -0.0167111 0.000164132 0.999867 -0.0163052 -0.003995 0.999975 0.00579852 -0.00170158 0.999882 0.0152375 0.0799459 0.996517 0.0237266 -0.00684657 0.999962 0.00539921 -0.00862033 0.999949 0.00527228 -1.46088e-05 0.999954 -0.00957834 9.84148e-05 1 -0.000943056 0.00468577 0.99997 -0.00608744 9.45683e-05 1 -0.000762028 -0.000947752 0.999946 -0.0103336 -0.00138458 0.999814 0.019256 -0.00277899 0.99985 0.0171232 -0.00228736 0.999846 0.0174184 -0.00283226 0.999821 0.0187048 -0.00352888 0.999862 0.0162385 -0.00191608 0.999849 0.0172987 -0.00287626 0.999879 0.015297 -0.00223689 0.999855 0.0168948 -0.00307493 0.999826 0.0183721 -0.0028715 0.999815 0.0190223 -0.00192861 0.99987 0.0160141 -0.0018152 0.999782 0.0207944 -0.001208 0.99977 0.0214105 -0.00393888 0.99991 0.0128443 -0.00171913 0.999888 0.0148577 -0.00343074 0.999742 0.0224651 -0.00199395 0.999893 0.0144951 -0.003939 0.999721 0.0232954 -0.00445116 0.999678 0.0249962 -0.00445694 0.999676 0.0250536 -0.000559854 0.999988 0.00476805 -0.00140093 0.999936 0.0112358 -0.000168671 0.999981 0.00617718 -0.00226045 0.999899 0.0140049 -0.00190814 0.999997 0.00127041 -0.00230942 0.999899 0.0140578 -0.00275188 0.999891 0.0144765 -0.00305604 0.999887 0.0147352 -0.00426035 0.999635 0.0266677 -0.00356722 0.99988 0.015093 -0.00409391 0.99962 0.0272511 -0.00458698 0.99961 0.0275597 -0.00411149 0.999873 0.0153908 -0.00518222 0.999592 0.0280946 -0.00560339 0.999575 0.0286157 -0.00292187 0.999809 0.0193085 -0.0031953 0.999794 0.0200429 -0.0039687 0.999774 0.0208872 -0.00222875 0.999892 0.0145482 -0.00552049 0.99975 0.0216777 -0.006047 0.999743 0.0218549 -0.00696222 0.999455 0.0322556 -0.00604608 0.999743 0.0218548 -0.00466941 0.999666 0.0254246 -0.00517168 0.999645 0.0261311 -0.00441284 0.999446 0.032997 -0.00713752 0.999492 0.0310614 -0.00595807 0.999465 0.0321748 -0.00589185 0.999464 0.0321985 -0.00668754 0.999463 0.0320671 -0.00740938 0.999459 0.0320584 -0.00674036 0.999456 0.032286 -0.00697328 0.999456 0.0322449 -0.00828804 0.999447 0.0322121 -0.00735116 0.999448 0.0324 -0.00709916 0.999594 0.0276002 -0.00641525 0.99958 0.0282698 -0.00607559 0.999564 0.0288849 -0.00602805 0.999558 0.0291222 -0.00602456 0.999541 0.0296736 -0.00705345 0.999593 0.0276309 -0.00913419 0.999436 0.0323227 -0.00831426 0.999343 0.0352782 -0.00732112 0.999481 0.0313619 -0.00671527 0.999442 0.0327077 -0.00716873 0.999473 0.0316545 -0.00633929 0.999447 0.0326346 -0.0122131 0.999168 0.0389178 -0.00898453 0.999284 0.0367504 -0.00881815 0.999319 0.0358379 -0.00881703 0.999315 0.0359511 -0.0094799 0.999238 0.037862 -0.0038392 0.999527 0.0305055 0.475343 0.878095 0.0547545 -0.0106879 0.992117 0.12486 0.0473121 0.681043 0.730713 -0.0245541 0.72188 0.691582 -0.0417159 0.679761 0.732246 -0.132157 0.718177 0.683195 -0.191329 0.630739 0.752038 -0.245349 0.718805 0.65048 -0.103477 0.965896 0.237356 -0.260254 0.696901 0.668279 -0.101048 0.966555 0.235714 -0.124743 0.969347 0.211671 -0.346526 0.740171 0.576252 -0.324738 0.764348 0.557061 -0.111796 0.981157 0.157581 -0.101114 0.983516 0.149911 -0.370157 0.786113 0.494984 -0.119852 0.980156 0.157893 -0.0862156 0.980597 0.176055 -0.436891 0.734891 0.518711 -0.429591 0.76578 0.478574 -0.529727 0.711336 0.461942 -0.505382 0.757454 0.413343 -0.395691 0.87385 0.282516 -0.622398 0.680755 0.386256 -0.0437308 0.87633 0.479722 -0.0940912 0.820677 0.563593 0.0920961 -0.975226 -0.20113 -0.0962807 0.973178 0.208936 -0.10596 0.849895 0.516189 -0.0947357 0.969092 0.227783 -0.230443 0.799055 0.555344 -0.206002 0.827754 0.521906 -0.244257 0.875332 0.417292 -0.329221 0.859545 0.39089 -0.342379 0.878779 0.332453 -0.0959516 0.9904 0.0995078 -0.422754 0.83852 0.343749 0.0795337 0.866609 0.492609 -0.0294334 0.964925 0.260869 -0.0298872 0.998386 0.0482897 -0.988832 -0.0045656 0.148962 -0.985329 0.000293557 0.170664 -0.918061 0.00452135 0.396413 -0.894733 -0.00908427 0.446509 -0.7986 0.0154847 0.601662 -0.7216 -0.000942369 0.69231 -0.642773 0.00889229 0.766005 -0.606539 0.00201202 0.795051 -0.565701 0.00174622 0.824609 -0.530244 -0.00230754 0.847842 -0.475052 0.0133621 0.879857 -0.360655 0.0651133 0.930424 -0.331167 0.0434777 0.94257 -0.102393 0.0144155 0.99464 -0.0280671 0.0591887 0.997852 0.17359 -0.0301036 0.984358 0.374773 0.0482443 0.925861 0.468573 -0.0157096 0.883285 0.694161 0.0496045 0.718108 0.770248 -0.0650453 0.634419 0.928957 0.0133293 0.369948 0.97888 -0.141992 0.147077 0.998077 0.0115703 0.0608915 0.540215 0.570465 -0.618658 0.942661 0.0855546 -0.322599 0.749179 0.125254 -0.650417 0.670719 0.00189899 -0.741709 0.431059 -0.0134589 -0.902224 0.464065 0.000742568 -0.885801 0.18915 0.0079049 -0.981916 0.0431548 -0.0457636 -0.99802 -0.137224 0.0169366 -0.990395 -0.389373 0.017335 -0.920917 -0.391933 0.0162001 -0.919851 -0.551833 0.000752744 -0.833954 -0.658928 0.0184236 -0.75198 -0.70836 0.00365076 -0.705842 -0.835998 0.00938874 -0.548652 -0.822787 0.0039167 -0.568336 -0.946178 0.00270033 -0.323636 -0.951218 0.00621739 -0.308456 -0.993351 -0.00253282 -0.1151 -0.996908 0.00413008 -0.0784727 -0.987032 0.0939328 -0.13017 -0.0775109 0.996989 0.00238564 -0.979526 0.153576 -0.130163 -0.234866 0.972015 -0.00506145 -0.0851585 0.996236 0.0161882 -0.0752489 0.997019 0.0170371 -0.0753018 0.996908 0.0224659 -0.0790944 0.99663 0.021757 -0.989158 0.0644613 -0.131953 -0.985245 0.112468 -0.129007 -0.985738 0.105365 -0.131219 -0.747735 0.660688 -0.0662026 -0.772334 0.630018 -0.0810967 -0.950314 0.288668 -0.116508 -0.0396302 0.999154 -0.0109884 -0.988585 0.0711577 -0.132801 -0.983211 0.129054 -0.129003 -0.213887 0.976811 -0.00960405 -0.0890127 0.995991 0.00890601 -0.0556921 0.998379 0.0117706 -0.918812 0.375318 -0.122151 -0.984177 0.117929 -0.132245 -0.283962 0.958718 -0.0150533 -0.967348 0.212467 -0.138186 -0.419952 0.907045 -0.0301765 -0.501249 0.864132 -0.044995 -0.979789 0.158313 -0.122276 -0.980923 0.149437 -0.124333 -0.909725 0.40106 -0.107475 -0.937449 0.325057 -0.124611 -0.966813 0.223346 -0.124057 -0.911806 0.396935 -0.105132 -0.91317 0.393461 -0.106345 -0.971414 0.203629 -0.122023 -0.949738 0.289527 -0.119051 -0.327779 0.944705 -0.00963473 -0.870915 0.481271 -0.099425 -0.477196 0.876034 0.0696241 -0.94836 0.294778 -0.117129 -0.621153 0.782351 -0.0457784 -0.866815 0.489825 -0.0932927 -0.922038 0.370019 -0.113716 -0.131319 0.991337 -0.00228794 -0.276566 0.960582 -0.0281847 -0.353338 0.934916 -0.0329253 -0.919966 0.375025 -0.114096 -0.955425 0.265408 -0.129311 -0.34002 0.940174 -0.021422 -0.95572 0.267542 -0.122561 -0.405849 0.913284 -0.0346292 -0.94249 0.315386 -0.110656 -0.847721 0.521614 -0.0963735 -0.621694 0.781115 -0.0579376 -0.913198 0.390166 -0.11764 -0.749006 0.656229 -0.0913952 -0.256065 0.966654 -0.00323682 -0.737452 0.670782 -0.0788427 -0.52005 0.853199 -0.039986 -0.920563 0.375704 -0.106823 -0.859727 0.498827 -0.109731 -0.0865203 0.996193 0.0106327 -0.950404 0.287415 -0.118845 -0.729164 0.68028 -0.0744249 -0.720524 0.689483 -0.0738769 -0.988587 0.0633782 -0.13667 -0.994683 0.00239877 -0.102957 -0.990945 0.0436134 -0.126989 -0.981343 0.14394 -0.127465 -0.816781 0.566127 -0.111218 -0.838609 0.536243 -0.0958046 -0.776285 0.623163 -0.0951297 -0.597575 0.799634 -0.0590684 -0.800222 0.588511 -0.115319 -0.603054 0.795323 -0.061542 -0.304545 0.952473 -0.00685841 -0.587698 0.807042 -0.0574054 -0.86778 0.484519 -0.110448 -0.869629 0.491602 -0.0455396 -0.541922 0.839302 -0.0435122 -0.877736 0.468664 -0.0996645 -0.494657 0.868091 -0.0416159 -0.564014 0.823492 -0.0612239 -0.84237 0.531393 -0.0896339 -0.760399 0.645422 -0.0722746 -0.584218 0.808624 -0.0694068 -0.13088 0.0351903 0.990773 -0.131264 0.0348333 0.990735 -0.137141 0.0369242 0.989863 -0.0272529 0.0377127 0.998917 0.106489 0.0640984 0.992246 -0.0281742 0.037391 0.998904 0.0674386 0.0345877 0.997124 0.0802487 0.028543 0.996366 0.153876 0.0314349 0.98759 0.251087 0.0149734 0.967849 0.256233 0.0368309 0.965913 0.157301 0.0331132 0.986996 0.351533 0.0347727 0.935529 0.259746 0.0356856 0.965017 0.358473 0.0372003 0.932798 -0.463206 0.0374446 -0.88546 -0.492123 -0.0101627 -0.870466 -0.394194 0.0212087 -0.918782 0.169576 0.0334405 -0.98495 0.261455 0.00443345 -0.965206 0.0296412 0.212522 -0.976707 0.423269 0.0333238 -0.905391 -0.370394 0.034909 -0.928219 -0.432352 0.0360961 -0.900982 -0.373333 0.0355601 -0.927016 -0.0232721 0.0344797 -0.999134 -0.109173 0.035249 -0.993398 -0.293482 0.0356094 -0.955301 -0.238864 0.0329949 -0.970492 -0.289222 0.0356942 -0.956596 -0.304709 0.0481102 -0.95123 -0.300788 0.0333181 -0.953109 -0.127207 0.0336667 -0.991305 -0.181626 0.0304424 -0.982896 -0.206566 0.0344736 -0.977825 -0.206461 0.0468711 -0.977332 -0.209509 0.0335183 -0.977232 0.147988 0.0343574 -0.988392 -0.118214 0.0405888 -0.992158 -0.0389601 0.0274535 -0.998864 -0.11274 0.0337757 -0.99305 -0.0253689 0.03531 -0.999054 0.0762995 0.0358419 -0.996441 0.134168 0.0454098 -0.989918 0.0715017 0.0347207 -0.996836 0.14917 0.0346174 -0.988205 0.201608 0.03543 -0.978825 0.269807 0.0262722 -0.962556 0.219184 0.0269603 -0.975311 4.49043e-05 1 -1.94604e-05 3.50323e-05 1 -1.85279e-05 1.01882e-05 1 -5.38831e-06 -1.38974e-05 1 -4.75653e-06 -2.2113e-06 1 -1.03144e-05 -3.03288e-05 1 -1.19637e-05 -4.24069e-05 1 -8.07984e-06 5.6358e-05 1 1.0738e-05 4.51478e-05 1 3.54523e-06 1.21167e-05 1 -1.82055e-05 -2.51522e-05 1 -1.02225e-05 -8.67204e-05 1 -4.4926e-05 -2.44873e-05 1 -4.48102e-06 0.733108 0.664158 0.146446 0.695565 0.707097 0.127294 0.1265 0.947365 -0.294105 0.0279775 0.650475 0.759012 -0.0126279 0.0565192 0.998322 -0.136742 0.806193 -0.575634 0.236768 0.415071 0.87844 0.590878 0.241835 0.769661 0.261937 0.15907 0.951885 0.317835 0.487487 0.813227 -0.233688 0.45392 0.859853 -0.21094 0.0224829 0.97724 0.019921 0.642236 -0.766248 -0.0469855 0.0853125 0.995246 0.104064 0.123264 0.986903 0.103124 0.12019 0.98738 -0.190982 0.759018 -0.622428 -0.176478 0.857269 -0.483679 0.1823 0.128525 0.974807 0.424227 0.218806 0.878724 -0.0627489 0.348272 0.935291 -0.0112395 0.808294 -0.588672 0.0763879 0.631963 0.771225 0.13838 0.674201 0.725469 -0.0887784 0.771235 0.630329 0.0744957 0.619803 0.781214 -0.213749 0.972344 -0.0941181 -0.0574562 0.626624 0.777201 -0.0610798 0.997236 0.0423152 0.153697 0.882148 0.445187 -0.00281927 0.986127 0.165969 -0.0380451 0.965657 0.25702 -0.00368001 0.998382 0.0567503 0.177791 0.858267 0.481424 0.613767 0.0465952 -0.788111 0.287802 0.669213 -0.685072 0.374174 0.827614 -0.418389 0.581772 0.558427 -0.591355 0.273919 0.599913 -0.751713 0.486527 0.786015 -0.381407 0.465112 0.609368 -0.642138 0.525068 0.505812 -0.68444 0.426199 0.439062 -0.790935 0.654502 0.166565 -0.737485 -0.312174 0.773348 -0.551796 -0.802521 0.589617 -0.0911671 -0.896774 0.00148596 0.442486 -0.917543 7.6561e-06 0.397637 -0.917542 2.27927e-05 0.39764 0.861447 0.450939 -0.233588 0.889985 0.0259167 -0.455252 0.846789 0.317815 -0.426546 0.353318 0.89295 -0.278938 0.887724 0.231102 -0.398168 0.798934 0.427266 -0.423259 0.812615 0.504531 -0.291727 0.779087 0.494637 -0.385171 0.897828 0.389122 -0.20613 0.259015 0.948618 -0.181755 0.813839 0.499882 -0.296284 0.950425 0.0853004 -0.299025 0.410845 0.891269 -0.191952 0.37151 0.908933 -0.189263 0.513603 0.827481 -0.226908 0.911492 0.286206 -0.295412 0.434147 0.885842 -0.163707 0.820112 0.530641 -0.214096 0.702689 0.681419 -0.204688 0.954772 0.217859 -0.202357 0.953164 0.22907 -0.1975 0.235441 0.955375 -0.178397 0.587836 0.76031 -0.276365 0.897324 0.31205 -0.312144 0.793773 0.527478 -0.302806 0.805291 0.534257 -0.257053 0.661555 0.712188 -0.234805 0.82878 0.503195 -0.244784 0.666637 0.706609 -0.237274 0.546483 0.81511 -0.192229 0.562894 0.802251 -0.198856 0.618799 0.713248 -0.329188 0.671622 0.627219 -0.394362 0.428419 0.873115 -0.232654 0.706938 0.650059 -0.278681 0.0833585 0.988381 -0.127103 0.358924 0.91794 -0.168994 0.738381 0.636526 -0.222775 0.455923 0.858615 -0.234338 0.934115 0.243703 -0.26084 0.747434 0.638297 -0.184172 0.557571 0.814555 -0.160049 0.886493 0.0359321 -0.461344 0.816159 0.332553 -0.472539 0.886577 0.0294316 -0.461644 0.907584 0.057367 -0.415933 0.908108 0.0351246 -0.417261 0.934159 0.0862943 -0.346267 0.907101 0.193138 -0.373987 0.646373 0.703505 -0.295437 0.937065 0.150465 -0.315071 0.936302 0.127393 -0.327277 0.211873 0.966018 -0.148053 0.889773 0.0919495 -0.447046 0.674127 0.62517 -0.393339 0.388506 0.87764 -0.280733 0.797296 0.41872 -0.434732 0.859853 0.26621 -0.435643 0.77434 0.498332 -0.389953 0.882707 0.292901 -0.367473 0.919744 0.0767917 -0.384934 0.904127 0.145323 -0.401792 0.0659029 0.990717 -0.118897 0.911619 0.276588 -0.304056 0.0593574 0.992137 -0.110185 0.23401 0.960704 -0.149286 0.0766252 0.990898 -0.110682 0.949162 0.119859 -0.291077 0.219997 0.966672 -0.130945 0.221047 0.966425 -0.131001 0.0486086 0.99405 -0.0974794 0.963159 0.107029 -0.246716 0.0589835 0.993498 -0.0973792 0.934662 0.255337 -0.247404 -0.625545 -0.705879 -0.332307 -0.608305 -0.696784 -0.380074 -0.626825 -0.70955 -0.321914 -0.596825 -0.696865 -0.397716 -0.582853 -0.684116 -0.438484 -0.629595 -0.704017 -0.328588 -0.628908 -0.702727 -0.332639 -0.604563 -0.689228 -0.399335 -0.605628 -0.695586 -0.386491 -0.560499 -0.681683 -0.470266 -0.569598 -0.672435 -0.472641 -0.553878 -0.669218 -0.495345 -0.512552 -0.648624 -0.562652 -0.645313 -0.69667 -0.313404 -0.620399 -0.703753 -0.346173 -0.636401 -0.622933 -0.454916 -0.631881 -0.703473 -0.325348 -0.471268 -0.614604 -0.632589 -0.514233 -0.628503 -0.583565 -0.525822 -0.650985 -0.547476 -0.610334 -0.697139 -0.376151 -0.592034 -0.688249 -0.419296 -0.595425 -0.685114 -0.419628 -0.609902 -0.691533 -0.387042 -0.615151 -0.692727 -0.376455 -0.589409 -0.667968 -0.454329 -0.58931 -0.668259 -0.45403 -0.554622 -0.644437 -0.526398 -0.547764 -0.622852 -0.558578 -0.549802 -0.624435 -0.554796 -0.478787 -0.614492 -0.627027 -0.460238 -0.571974 -0.67899 -0.537141 -0.578254 -0.614086 -0.509838 -0.576888 -0.638174 -0.412156 -0.509721 -0.75519 -0.425021 -0.559816 -0.711311 -0.459598 -0.512616 -0.725255 -0.36263 -0.498494 -0.787403 -0.361906 -0.492315 -0.791612 -0.504795 -0.519954 -0.689079 -0.528448 -0.514246 -0.675495 -0.463432 -0.509869 -0.724751 -0.446151 -0.4676 -0.763085 -0.447209 -0.465022 -0.764041 -0.423329 -0.40549 -0.810167 -0.404708 -0.395663 -0.824416 -0.330282 -0.435827 -0.837239 -0.391198 -0.420534 -0.818606 -0.299654 -0.302154 -0.904937 -0.410846 -0.40653 -0.816051 -0.251342 -0.287036 -0.924358 -0.749075 -0.599748 0.281405 -0.752631 -0.594547 0.28295 -0.764124 -0.565971 0.309502 -0.753775 -0.592374 0.284457 -0.700612 -0.624505 0.345162 -0.693602 -0.659621 0.289512 -0.628319 -0.730336 0.268001 -0.750058 -0.60739 0.261708 -0.763094 -0.591919 0.259459 -0.776051 -0.581132 0.245013 -0.779686 -0.574896 0.248163 -0.733355 -0.627843 0.260777 -0.738261 -0.603128 0.302006 -0.782714 -0.577479 0.232113 -0.785193 -0.573842 0.232759 -0.767776 -0.597631 0.230994 -0.782718 -0.577668 0.231628 -0.786926 -0.573315 0.22816 -0.767659 -0.593859 0.240896 -0.771686 -0.589483 0.238769 -0.790955 -0.569521 0.223686 -0.773724 -0.587144 0.237933 -0.782088 -0.580141 0.227541 -0.790411 -0.574667 0.212153 -0.801319 -0.561292 0.206974 -0.725994 -0.64855 0.228727 -0.784859 -0.578053 0.223273 -0.781911 -0.576665 0.2368 -0.781407 -0.581994 0.225136 -0.803211 -0.559642 0.204089 -0.790022 -0.572796 0.218562 -0.804175 -0.559298 0.201216 -0.783535 -0.580622 0.221252 -0.784874 -0.579244 0.220113 -0.789668 -0.576057 0.211148 -0.818392 -0.52498 0.233732 -0.78566 -0.577569 0.221702 -0.809916 -0.558489 0.17924 -0.808711 -0.560049 0.179808 -0.801193 -0.56242 0.204385 -0.799435 -0.56684 0.198987 -0.801369 -0.562072 0.204655 -0.798356 -0.568334 0.199057 -0.803866 -0.561062 0.197505 -0.808851 -0.554132 0.196718 0.806895 0.563168 -0.17822 -0.808485 -0.561158 0.177351 0.78729 0.594037 -0.165215 -0.830851 -0.520981 0.195613 -0.81447 -0.556946 0.162635 -0.814863 -0.556269 0.162979 -0.816258 -0.553916 0.164011 -0.81608 -0.554204 0.163922 -0.81643 -0.552792 0.166923 -0.812903 -0.559853 0.160477 -0.813807 -0.558134 0.161881 -0.826313 -0.547978 0.130105 -0.825054 -0.547139 0.141154 -0.836623 -0.541673 0.081562 -0.834285 -0.54006 0.110922 -0.839991 -0.54136 0.0366628 -0.839352 -0.538596 0.0734998 -0.839303 -0.542236 0.0393875 -0.824777 -0.561122 -0.0698879 -0.825491 -0.562356 -0.0481613 -0.822645 -0.566438 -0.0490321 -0.825802 -0.561954 -0.047537 -0.83492 -0.550337 -0.00620405 -0.839083 -0.543936 0.00858188 -0.813972 -0.573128 -0.0947331 -0.80099 -0.592188 -0.0879076 -0.826761 -0.560584 -0.0470406 -0.83448 -0.55041 -0.0263221 -0.811808 -0.576569 -0.0923904 -0.811815 -0.57656 -0.0923867 -0.813083 -0.574916 -0.0914795 -0.811817 -0.57617 -0.0947701 -0.813924 -0.573842 -0.0907341 -0.811683 -0.575686 -0.0987779 -0.811572 -0.575573 -0.100337 -0.828202 -0.559442 -0.0332538 -0.822457 -0.568626 -0.0151424 -0.814591 -0.573018 -0.0899603 -0.815199 -0.572288 -0.0890936 -0.810981 -0.575673 -0.104455 -0.815436 -0.572012 -0.0886991 -0.81124 -0.575542 -0.103154 -0.815758 -0.571649 -0.0880709 -0.810622 -0.576008 -0.105389 -0.810611 -0.576017 -0.105424 -0.829868 -0.556785 -0.0362025 -0.815398 -0.572038 -0.0888728 -0.810649 -0.575983 -0.105317 -0.839818 -0.54113 -0.0433943 -0.819088 -0.569616 -0.0680624 -0.818714 -0.570294 -0.0668741 -0.819413 -0.569054 -0.0688494 -0.790091 -0.599668 -0.127097 -0.805192 -0.580903 -0.119236 -0.801516 -0.586506 -0.116547 -0.819756 -0.568478 -0.069517 -0.803155 -0.584318 -0.116254 -0.803738 -0.583419 -0.116736 -0.803842 -0.583249 -0.116872 -0.799093 -0.590274 -0.114136 -0.804132 -0.58273 -0.117464 0.976796 0.183495 0.110454 -0.820243 -0.567689 -0.0702135 -0.804235 -0.582519 -0.1178 -0.804526 -0.581852 -0.119105 -0.793387 -0.591715 -0.142863 -0.816362 -0.573779 -0.0658056 -0.822307 -0.566006 -0.0587296 -0.818015 -0.570147 -0.0760517 -0.822331 -0.565972 -0.0587111 -0.812495 -0.576804 -0.0845517 -0.812939 -0.576474 -0.0825124 -0.816573 -0.572852 -0.071054 -0.812252 -0.576474 -0.0890145 -0.812333 -0.576801 -0.0861145 -0.807502 -0.581514 -0.0989051 -0.807663 -0.581363 -0.0984772 -0.807799 -0.581228 -0.0981635 -0.80806 -0.580942 -0.0977039 -0.809191 -0.579608 -0.0962498 -0.805545 -0.584271 -0.098617 -0.81043 -0.578316 -0.0935625 -0.783308 -0.599319 -0.165064 -0.783585 -0.598918 -0.165203 -0.812277 -0.57684 -0.0863857 -0.806123 -0.58395 -0.0957528 -0.806061 -0.583924 -0.0964247 -0.810504 -0.578967 -0.0887721 -0.80609 -0.583859 -0.0965796 -0.808544 -0.579764 -0.10065 -0.788484 -0.607464 -0.0963356 -0.776433 -0.609963 -0.158421 -0.796777 -0.591508 -0.123552 -0.794874 -0.593963 -0.124027 -0.752094 -0.628374 -0.198747 -0.777799 -0.610375 -0.1499 -0.756333 -0.630739 -0.173575 -0.726767 -0.647075 -0.230441 -0.733129 -0.652978 -0.190107 -0.707406 -0.657062 -0.260474 -0.708222 -0.676752 -0.20107 -0.692053 -0.664289 -0.282458 -0.692538 -0.688316 -0.2159 -0.659827 -0.692028 -0.292791 -0.664174 -0.712368 -0.226725 -0.665781 -0.710529 -0.227781 -0.665951 -0.710316 -0.227949 -0.666592 -0.709372 -0.229012 -0.641808 -0.705731 -0.300045 -0.67379 -0.701273 -0.232861 -0.667341 -0.70796 -0.231191 -0.667634 -0.697669 -0.259852 -0.803338 -0.585203 -0.110388 -0.804681 -0.581456 -0.119985 -0.82043 -0.56667 -0.0760262 -0.818291 -0.571105 -0.0651118 -0.799258 -0.565884 0.20239 -0.791466 -0.569193 0.222713 -0.799259 -0.568138 0.195967 -0.776352 -0.582319 0.24121 -0.776398 -0.579477 0.247815 -0.354748 -0.876794 0.324632 -0.393096 -0.865308 0.310994 -0.416469 -0.8559 0.306575 -0.414787 -0.857115 0.30546 -0.414236 -0.857562 0.304952 -0.413781 -0.858029 0.304254 -0.412998 -0.858199 0.30484 -0.414341 -0.861195 0.294388 -0.443102 -0.850464 0.283499 -0.443507 -0.855445 0.267424 -0.469372 -0.845015 0.256201 -0.469693 -0.851221 0.234121 -0.491303 -0.841849 0.22341 -0.490547 -0.849282 0.19515 -0.507496 -0.841429 0.185595 -0.504384 -0.849774 0.153235 -0.518712 -0.842879 0.14315 -0.508051 -0.854083 0.111477 -0.520511 -0.848106 0.0989161 -0.503607 -0.861192 0.0687694 -0.513214 -0.856414 0.0562683 -0.49246 -0.870017 0.0235165 -0.498713 -0.866643 0.0146515 -0.473401 -0.880601 -0.0207972 -0.475695 -0.879274 -0.0243273 -0.446158 -0.892869 -0.0610592 -0.411494 -0.906295 -0.0964451 -0.445088 -0.893523 -0.0592765 -0.407659 -0.908734 -0.0895322 -0.370235 -0.920304 -0.126359 -0.323441 -0.934293 -0.149941 -0.36407 -0.924332 -0.114298 -0.272374 -0.947649 -0.166656 -0.315458 -0.939577 -0.13297 -0.218389 -0.959865 -0.175972 -0.263023 -0.953853 -0.144854 -0.164347 -0.970423 -0.176834 -0.208183 -0.966586 -0.149569 -0.131337 -0.975471 -0.176655 -0.161207 -0.975878 -0.147221 -0.116778 -0.983365 -0.139127 0.617431 -0.41952 -0.665418 0.634182 -0.442085 -0.634329 0.837479 -0.517595 0.175282 0.839485 -0.491292 0.232157 0.249842 -0.96806 -0.0209322 0.628289 -0.418772 -0.655655 0.582923 -0.553779 -0.594584 0.573153 -0.478466 -0.665256 0.573037 -0.540641 -0.615903 0.665209 -0.460863 -0.587454 0.665719 -0.460732 -0.58698 0.692084 -0.46288 -0.553861 0.718673 -0.478506 -0.504521 0.621633 -0.553301 -0.554465 0.726855 -0.498558 -0.472358 0.740493 -0.496022 -0.453467 0.765541 -0.51189 -0.389763 0.586564 -0.646606 -0.487692 0.632182 -0.57676 -0.517391 0.768799 -0.527306 -0.361796 0.782441 -0.522919 -0.338144 0.800047 -0.534174 -0.273099 0.670357 -0.595874 -0.442216 0.679166 -0.590857 -0.435456 0.815055 -0.535558 -0.221051 0.825884 -0.542236 -0.154582 0.800084 -0.543479 -0.253962 0.540834 -0.748264 -0.384186 0.545638 -0.691671 -0.47315 0.586966 -0.673396 -0.449453 0.742717 -0.624168 -0.242459 0.714509 -0.611417 -0.340069 0.712659 -0.612602 -0.341813 0.824778 -0.546843 -0.143889 0.843529 -0.529995 -0.0869775 0.84127 -0.540274 -0.0192022 0.618026 -0.67938 -0.395583 0.552001 -0.752826 -0.358535 0.612916 -0.681826 -0.399309 0.744673 -0.618639 -0.250493 0.843068 -0.537219 -0.0251409 0.851315 -0.523283 0.0379004 0.84868 -0.522886 0.0795744 0.85007 -0.521485 0.0737233 0.848425 -0.51489 0.122735 0.836743 -0.519514 0.173108 0.676023 -0.698705 -0.234103 0.649679 -0.691234 -0.316405 0.650494 -0.690797 -0.315684 0.762927 -0.627132 -0.157 0.780941 -0.623802 -0.0316507 0.773574 -0.617748 -0.14132 0.812206 -0.540731 0.218931 0.783731 -0.592715 0.18562 0.774403 -0.621008 0.121032 0.873582 -0.461482 0.154559 0.503538 -0.793459 -0.341866 0.551394 -0.755515 -0.353781 0.678364 -0.693177 -0.243575 0.696821 -0.701321 -0.150299 0.791703 -0.608626 -0.0527389 0.408379 -0.854032 -0.322267 0.460161 -0.827439 -0.321863 0.78661 -0.614498 0.0603076 0.786244 -0.61512 0.0587199 0.783301 -0.605834 0.139302 0.582843 -0.759428 -0.289073 0.581481 -0.760032 -0.290227 0.702897 -0.691481 -0.166706 0.753852 -0.637171 0.160376 0.513456 -0.817586 -0.260608 0.437877 -0.852958 -0.284125 0.427931 -0.869542 -0.246519 0.474876 -0.825101 -0.306107 0.49103 -0.816568 -0.303491 0.608481 -0.761254 -0.224152 0.602624 -0.764079 -0.230278 0.721316 -0.69032 -0.0562248 0.710811 -0.699256 -0.0760865 0.513499 -0.817406 -0.261086 0.532862 -0.820155 -0.208337 0.439662 -0.869023 -0.226927 0.724493 -0.687661 0.0472375 0.710252 -0.697095 0.0979806 0.718667 -0.695323 0.00662662 0.620413 -0.766249 -0.167183 0.628926 -0.761715 -0.155698 0.640842 -0.763787 0.0771401 0.7075 -0.699551 0.100365 0.533956 -0.818227 -0.213063 0.638752 -0.769406 -0.00331329 0.642591 -0.762462 -0.0756895 0.63419 -0.767726 -0.0916456 0.637607 -0.770362 2.09176e-05 0.635035 -0.769937 0.062667 0.545724 -0.822463 -0.160436 0.551091 -0.820155 -0.153769 0.440013 -0.875493 -0.199754 0.600405 -0.794925 0.0872252 0.558568 -0.827135 0.062042 0.56109 -0.823099 -0.087674 0.555627 -0.825696 -0.0974941 0.445242 -0.875926 -0.185778 0.457828 -0.877965 -0.139894 0.447584 -0.875337 -0.182906 0.551125 -0.8337 0.0347263 0.558924 -0.829171 -0.0088619 0.556685 -0.830509 -0.0189054 0.518112 -0.853115 0.0612828 0.474661 -0.879628 0.0308581 0.455526 -0.880985 -0.127914 0.361094 -0.926579 -0.105178 0.46384 -0.88148 -0.0885806 0.463181 -0.885754 -0.0300631 0.462146 -0.886428 -0.0258119 0.460482 -0.884744 -0.072004 0.361645 -0.926332 -0.105462 0.36008 -0.932861 0.0105728 0.430385 -0.902553 0.012903 0.357229 -0.931871 -0.0632852 0.35339 -0.93393 -0.0537607 0.300883 -0.953615 -0.0093437 0.753734 -0.608958 -0.247094 0.75792 -0.62443 -0.188798 0.708231 -0.692605 -0.136776 0.765409 -0.621782 -0.165937 0.584822 -0.806676 -0.0851928 0.557695 -0.82522 -0.0893795 0.565143 -0.821064 -0.0804201 0.608035 -0.79175 -0.0585338 0.654666 -0.745901 -0.122653 0.696569 -0.704018 -0.138383 0.583607 -0.810663 -0.0472108 0.558142 -0.82708 -0.0664543 0.542631 -0.835697 -0.0846272 0.546478 -0.833573 -0.0807283 0.656708 -0.746099 -0.109866 0.654694 -0.749972 -0.0944357 0.701226 -0.702499 -0.121559 0.777703 -0.608928 -0.156153 0.717466 -0.688659 -0.104841 0.702961 -0.699897 -0.126452 0.775624 -0.611319 -0.157154 0.775982 -0.610123 -0.160007 0.719639 -0.684607 -0.115905 0.646074 -0.756276 -0.103126 0.641502 -0.762722 -0.0820345 0.626852 -0.769161 -0.124291 0.652538 -0.754965 -0.0649853 0.642503 -0.763347 -0.0670128 0.579803 -0.814129 -0.031993 0.785109 -0.604262 -0.13591 0.785251 -0.603515 -0.13839 0.791258 -0.597769 -0.128775 0.72105 -0.687496 -0.0862359 0.733815 -0.670187 -0.111198 0.647565 -0.756683 -0.0899484 0.741796 -0.664338 -0.0916189 0.797086 -0.594082 -0.108259 0.807341 -0.58642 -0.0656594 0.77219 -0.630253 -0.0806464 0.803949 -0.587663 -0.0912053 0.32017 -0.94467 0.071341 0.426585 -0.901382 0.0743979 0.385582 -0.917054 0.101681 0.419225 -0.906504 0.0499987 0.832428 -0.546598 -0.0910766 0.82819 -0.554463 -0.081676 0.789253 -0.609897 -0.0714565 0.776027 -0.62895 -0.0469499 0.710548 -0.700181 -0.0697742 0.801197 -0.596461 -0.0481388 0.499738 -0.864974 0.045623 0.579609 -0.813144 0.0533884 0.463999 -0.882967 0.0712307 0.461927 -0.885285 0.053805 0.421114 -0.903297 0.0819635 0.40257 -0.910052 0.0987049 0.477182 -0.876139 0.0683887 0.428551 -0.897048 0.107927 0.810987 -0.584175 -0.0322599 0.843539 -0.532785 -0.0676911 0.854593 -0.51878 -0.0232254 0.501624 -0.862596 0.0655883 0.420844 -0.90533 0.0571683 0.457985 -0.884942 0.084419 0.492679 -0.869247 0.0409597 0.552211 -0.832482 0.0451331 0.492178 -0.865302 0.0949426 0.524124 -0.849047 0.0664341 0.523935 -0.849596 0.0606484 0.462755 -0.883011 0.0784193 0.474724 -0.877535 0.0675942 0.816074 -0.570695 0.0912719 0.868481 -0.481964 0.115979 0.844442 -0.51665 0.141386 0.864715 -0.494097 0.0901995 0.820376 -0.56036 0.113935 0.842597 -0.513102 0.163577 0.627947 -0.777786 0.0270519 0.549297 -0.834321 0.046702 0.796357 -0.585393 0.15209 0.808523 -0.574784 0.126149 0.787907 -0.602805 0.125816 0.714423 -0.680155 0.164284 0.530259 -0.847347 0.0287954 0.466145 -0.884472 0.0204691 0.456901 -0.889484 0.00772999 0.51811 -0.854245 0.0427558 0.49027 -0.871522 -0.00920206 0.520498 -0.853613 0.0206365 0.80799 -0.55861 0.187372 0.780822 -0.602838 0.164021 0.819803 -0.553851 0.145507 0.724428 -0.680276 0.111482 0.804011 -0.562574 0.192554 0.808338 -0.562842 0.172623 0.421241 -0.90632 0.0337709 0.498771 -0.866452 0.0221008 0.450649 -0.892699 0.00219992 0.481807 -0.87487 0.049648 0.803012 -0.556951 0.212078 0.495372 -0.867581 0.0437046 0.584891 -0.81085 0.0206181 0.797356 -0.561571 0.221044 0.797149 -0.559499 0.226969 0.747462 -0.633946 0.198525 0.685765 -0.710861 0.156216 0.660559 -0.72759 0.185135 0.740332 -0.648259 0.177959 0.699586 -0.689491 0.187568 0.755148 -0.630008 0.181223 0.465301 -0.884964 0.0182998 0.415429 -0.909601 0.00666662 0.39893 -0.916918 -0.0108187 0.793111 -0.557559 0.245162 0.541658 -0.837787 0.0686982 0.5687 -0.820028 0.064304 0.794221 -0.556692 0.243529 0.746816 -0.631451 0.208653 0.675682 -0.726423 0.12555 0.729442 -0.648322 0.218161 0.743138 -0.627446 0.232501 0.509512 -0.857391 0.0726466 0.364059 -0.931264 0.0144069 0.423405 -0.905792 0.0163812 -0.756333 0.546183 -0.360062 0.781109 -0.541981 0.310041 0.791694 -0.502461 0.347497 0.810417 -0.506684 0.2941 0.808614 -0.508131 0.296558 0.803162 -0.511137 0.306054 0.799776 -0.510591 0.315682 0.775844 -0.53996 0.326357 0.780307 -0.535035 0.323819 0.762437 -0.579935 0.286994 0.749643 -0.595463 0.288894 0.722648 -0.634513 0.274175 0.737185 -0.623804 0.259667 -0.765259 0.575325 -0.288755 0.681145 -0.709387 0.18114 0.646858 -0.733946 0.207118 0.711255 -0.681688 0.171516 0.723358 -0.633899 0.273727 0.730771 -0.639675 0.238304 0.516901 -0.85509 0.0404169 0.309592 -0.950711 -0.0173534 0.422681 -0.906069 0.0195056 0.402974 -0.914293 0.0409973 0.589234 -0.797814 0.127659 0.582999 -0.802474 0.127074 0.481123 -0.873864 0.0698661 0.458659 -0.888143 0.028858 0.306024 -0.951492 -0.0318064 0.308662 -0.95103 -0.0164055 0.392623 -0.919622 0.0119382 0.37096 -0.928225 0.0280426 0.47993 -0.872116 0.0952969 0.357009 -0.933846 0.0218449 0.335943 -0.941761 0.0151257 0.263714 -0.963693 -0.0418501 0.233415 -0.972253 -0.0155506 0.576177 -0.816428 -0.0382822 0.574653 -0.818151 -0.0200606 0.586165 -0.810152 -0.00807207 0.520732 -0.851574 -0.0604969 0.473232 -0.88092 0.00560541 0.519228 -0.854493 -0.0156182 0.503315 -0.86405 0.00956081 0.406889 -0.913107 -0.0260048 0.446899 -0.894583 0.00182017 0.514827 -0.854778 -0.0656352 0.514451 -0.857297 0.019556 0.566239 -0.824096 -0.0154644 0.462188 -0.88561 0.0455649 0.68533 -0.721925 -0.0956463 0.673898 -0.736288 -0.0611769 0.58348 -0.812038 -0.0120603 0.67346 -0.738957 -0.0198389 0.687919 -0.72143 -0.0794091 0.56918 -0.822213 -0.000410887 0.65665 -0.753612 -0.0296626 0.711121 -0.702391 -0.0308897 0.719233 -0.694332 -0.0246251 0.708973 -0.703148 -0.0542213 0.715398 -0.698188 -0.027193 0.647456 -0.761924 -0.0165211 0.62654 -0.77923 -0.0157701 0.628128 -0.778102 0.00348584 0.59123 -0.805459 0.0410213 0.540302 -0.841237 0.0198443 0.545264 -0.836072 0.0605822 0.552674 -0.833034 0.0246048 0.732695 -0.679781 -0.0325111 0.747492 -0.660677 -0.0690042 0.649331 -0.760502 0.00252906 0.728128 -0.685397 0.00778332 0.631685 -0.775116 0.0130404 0.743486 -0.6669 -0.0497247 0.711738 -0.702414 -0.00669257 0.755846 -0.654737 0.00405208 0.758236 -0.651957 0.00542033 0.678826 -0.734257 0.00789207 0.693479 -0.720248 0.0181613 0.598524 -0.800721 0.0247922 0.598431 -0.799161 0.0567673 0.625354 -0.779767 0.029926 0.645754 -0.761671 0.053465 0.760635 -0.644586 0.0770961 0.759381 -0.64594 0.0781098 0.606435 -0.793252 0.0546623 0.695445 -0.715419 0.0673138 0.681474 -0.727785 0.0769503 0.600626 -0.799167 0.0241034 0.595754 -0.800555 0.0647185 0.645668 -0.762824 0.0348088 0.760818 -0.643414 0.0847015 0.681642 -0.727162 0.0812459 0.744298 -0.654086 0.134879 0.631749 -0.771527 0.0750969 0.715068 -0.692976 0.0919958 0.654844 -0.750682 0.0874976 0.705138 -0.701857 0.100885 0.736592 -0.664984 0.123401 0.7407 -0.651428 0.16433 0.736006 -0.660865 0.146808 0.653311 -0.75089 0.0966847 0.734949 -0.661858 0.147631 0.667566 -0.735505 0.115709 0.580066 -0.80936 0.0919796 0.593544 -0.797223 0.110189 0.494238 -0.86793 0.0492481 0.566973 -0.816377 0.109865 0.504723 -0.862549 0.0355521 0.466531 -0.884282 0.0198456 0.383011 -0.923744 -0.000695442 0.46508 -0.885041 0.0200715 0.383163 -0.923552 -0.0153956 0.381602 -0.924203 -0.0151209 0.46806 -0.882801 0.039772 0.792712 -0.550582 0.261661 0.746726 -0.625052 0.227399 0.737931 -0.640464 0.212752 0.793103 -0.540357 0.281074 0.740516 -0.623814 0.249985 0.791723 -0.5475 0.270957 0.797295 -0.545381 0.258613 0.721318 -0.646452 0.248595 0.651682 -0.730076 0.205668 0.6298 -0.755231 0.1816 0.563983 -0.801039 0.200649 0.652378 -0.721588 0.231762 0.475809 -0.872955 0.107496 0.419861 -0.906853 0.0365282 0.277294 -0.960468 -0.0246732 0.375515 -0.926755 0.0106866 0.381464 -0.924321 0.0107845 0.373163 -0.927113 0.034806 0.276515 -0.960746 -0.0224952 0.339094 -0.940736 0.00559068 0.787963 -0.601779 -0.130294 0.742042 -0.66383 -0.0932927 0.712687 -0.696148 -0.0863512 0.797018 -0.594404 -0.106986 0.715557 -0.695824 -0.0616986 0.789984 -0.602024 -0.116159 0.507271 -0.861227 0.0310495 0.57834 -0.815704 -0.0122488 0.487437 -0.872626 0.0304813 0.498965 -0.864974 0.0534212 0.573774 -0.818723 -0.0218358 0.839198 -0.537362 -0.0836013 0.769076 -0.636995 -0.0525319 0.800553 -0.596723 -0.0551003 0.768508 -0.639324 -0.0257147 0.839503 -0.540162 -0.0588158 0.639996 -0.768273 -0.0127458 0.643992 -0.765031 0.00151073 0.559335 -0.828348 0.031368 0.578008 -0.815319 0.0340921 0.565628 -0.822948 0.0531205 0.842566 -0.520808 0.137263 0.742033 -0.656618 0.135051 0.841643 -0.514252 0.164873 0.770486 -0.632472 0.0795697 0.806724 -0.574837 0.13696 0.771517 -0.626958 0.1081 0.638214 -0.763566 0.098234 0.562241 -0.826212 0.0354726 0.647747 -0.757892 0.0776085 0.647799 -0.756322 0.0912893 0.557176 -0.828205 0.0602597 0.579985 -0.812809 0.0543908 0.804136 -0.561209 0.195985 0.75515 -0.629992 0.181269 0.802008 -0.562705 0.200365 0.735936 -0.661059 0.146286 0.801924 -0.558284 0.212691 0.536434 -0.833159 0.134482 0.499339 -0.857891 0.121174 0.588346 -0.788198 0.180535 0.49659 -0.862926 0.093576 0.576713 -0.803277 0.148824 0.737062 -0.655828 0.163182 0.733246 -0.656306 0.177803 0.666609 -0.736184 0.116899 0.670868 -0.734997 0.0985667 0.584643 -0.796352 0.154971 0.689101 -0.697808 0.195461 0.650942 -0.732654 0.198727 0.650469 -0.715655 0.254417 0.658906 -0.717713 0.225235 0.586298 -0.796488 0.147855 0.499073 -0.860143 0.10526 0.400983 -0.913913 0.063048 0.457814 -0.884953 0.0852297 0.41172 -0.909112 0.0632657 0.406547 -0.912529 0.0448415 0.494091 -0.860909 0.121283 0.295081 -0.947456 0.123508 0.800204 -0.49188 0.343116 0.803619 -0.490098 0.33764 0.7777 -0.611176 -0.147132 0.375018 -0.924733 0.0650381 0.3391 -0.935746 0.0969052 0.362721 -0.927813 0.0871556 0.423459 -0.904075 0.0577104 0.334107 -0.93739 0.0983458 0.824278 -0.555998 -0.10692 0.861806 -0.505648 -0.0401274 0.873567 -0.486677 -0.00517136 0.878854 -0.476775 -0.0173663 0.812165 -0.583428 -0.000242325 0.821947 -0.569516 -0.0074588 0.474752 -0.877452 0.0684744 0.756069 -0.654348 0.0137332 0.693568 -0.72005 0.0221776 0.767073 -0.641526 0.00659145 0.88773 -0.459227 0.0323268 0.705664 -0.708068 0.0260295 0.873991 -0.484205 0.0410583 0.874527 -0.484332 0.0250019 0.886121 -0.463153 0.0166953 0.638552 -0.768809 0.0344095 0.625581 -0.779068 0.0412585 0.821972 -0.568985 0.0248716 0.826755 -0.562141 0.0217599 0.566087 -0.824293 0.00930709 0.486808 -0.871685 0.0564262 0.488979 -0.87016 0.0609999 0.552408 -0.831786 0.0545667 0.566107 -0.822938 0.0479204 0.771882 -0.63513 0.0284388 0.766965 -0.640928 0.0312428 0.710439 -0.7029 0.034747 0.705552 -0.707679 0.0372358 0.886998 -0.458859 0.0518005 0.82569 -0.561796 0.051189 0.875457 -0.478004 0.0713299 0.533084 -0.844725 0.0475575 0.638468 -0.768458 0.0428009 0.643217 -0.764606 0.0406084 0.825 -0.562848 0.0507613 0.571814 -0.820231 -0.0158352 0.565081 -0.814568 0.131005 0.489264 -0.871109 0.0423143 0.771104 -0.634814 0.0490846 0.76933 -0.636896 0.0499449 0.70998 -0.702672 0.0466965 0.707021 -0.705564 0.0479726 0.88155 -0.463967 0.0872066 0.822739 -0.562587 0.0812236 0.8658 -0.48856 0.108166 0.638715 -0.768109 0.0453022 0.531635 -0.845975 0.0411209 0.643103 -0.764538 0.0435924 0.767694 -0.636696 0.072558 0.817504 -0.570695 0.0774236 0.483592 -0.874828 0.0285398 0.568593 -0.820942 -0.0524982 0.560811 -0.822704 0.0930002 0.760395 -0.645903 0.0678926 0.705984 -0.705441 0.0627614 0.696417 -0.715349 0.0572624 0.625871 -0.778269 0.0508312 0.638617 -0.768101 0.0467855 0.522185 -0.85205 0.0365339 0.468553 -0.883276 0.0167793 0.546751 -0.834283 0.0709602 0.829256 -0.531566 0.172545 0.794236 -0.561883 0.23125 0.330852 -0.94328 -0.0275564 0.766273 -0.597489 -0.236291 0.773701 -0.600767 -0.201159 0.769167 -0.603997 -0.208736 0.729638 -0.658764 -0.183464 0.706692 -0.684517 -0.17895 0.694035 -0.702949 -0.15549 0.653215 -0.744936 -0.135574 0.715548 -0.682044 -0.151018 0.759432 -0.615985 -0.209345 0.765929 -0.61699 -0.180763 0.590451 -0.800803 -0.100412 0.720434 -0.684909 -0.108969 0.595681 -0.797288 -0.0974447 0.667116 -0.732646 -0.134859 0.618835 -0.778674 -0.103489 0.669351 -0.727676 -0.149861 0.615118 -0.785385 -0.0692897 0.656007 -0.744869 -0.121763 0.585445 -0.805018 -0.0959143 0.82372 -0.333084 -0.458846 0.912541 -0.00079878 -0.408985 0.913528 1.58949e-05 -0.406777 0.913538 -5.66052e-05 -0.406754 0.913544 -2.94339e-05 -0.40674 0.351005 -1.13346e-05 -0.936374 -0.681997 -2.39987e-06 -0.731355 -0.682003 -8.08671e-06 -0.731349 -0.681998 -6.43366e-07 -0.731354 -0.681995 4.76071e-06 -0.731357 -0.688421 -0.0275099 -0.724789 -0.681996 1.21114e-06 -0.731356 -0.681984 -1.07375e-05 -0.731368 -0.682006 2.6927e-06 -0.731347 -0.0128945 -0.464041 -0.88572 0.245374 -0.35604 -0.90168 0.210966 -0.487067 -0.847501 0.367929 -0.382687 -0.847454 0.420933 -0.384889 -0.821387 0.375207 -0.506277 -0.776469 -0.13611 -0.417852 -0.898262 -0.137061 -0.418745 -0.897701 -0.169191 -0.30987 -0.935604 -0.15432 -0.297795 -0.942074 -0.0552096 -0.42183 -0.904992 -0.101521 -0.288701 -0.952021 0.00789927 -0.298143 -0.954489 -0.0459772 -0.380435 -0.923664 0.0419321 -0.338474 -0.940041 -0.112521 -0.301747 -0.946725 0.106204 -0.476753 -0.872598 0.0564283 -0.442878 -0.894804 0.0569161 -0.343869 -0.937291 0.154725 -0.457714 -0.875533 0.0836935 -0.324053 -0.94233 0.16015 -0.295397 -0.941856 0.158772 -0.400704 -0.902346 0.235192 -0.355471 -0.904613 0.070197 -0.340288 -0.937697 0.356761 -0.385299 -0.851039 0.315249 -0.36696 -0.875191 0.337401 -0.483963 -0.807428 0.268979 -0.495002 -0.82621 0.29046 -0.496286 -0.818128 0.247576 -0.480085 -0.841561 0.262376 -0.367594 -0.892207 0.529296 -0.403129 -0.746548 0.514778 -0.463377 -0.721308 0.432062 -0.390941 -0.812704 0.48742 -0.37519 -0.788451 0.434127 -0.502602 -0.747612 0.445104 -0.511084 -0.735307 0.473883 -0.502714 -0.72299 0.524182 -0.394636 -0.754649 -6.18302e-05 -1 -6.63052e-05 4.43057e-05 -1 3.48657e-06 0 1 0 0 1 0 0 1 0 -0.443811 0.0159139 0.895979 0 -1 0 0 -1 0 -0.000375458 -1 -0.000158293 0.000204829 -1 -0.000130948 0 -1 0 -0.618274 -0.648353 0.444271 -0.653672 -0.65632 0.376773 -0.638233 -0.654081 0.406001 -0.640675 -0.651175 0.406825 -0.600397 -0.648503 0.467939 -0.579789 -0.642579 0.500936 -0.611959 -0.653363 0.445672 -0.613118 -0.654528 0.442356 -0.59346 -0.64522 0.48114 -0.617518 -0.647864 0.446032 -0.553171 -0.631968 0.542787 -0.562979 -0.633312 0.531009 -0.578812 -0.641353 0.50363 -0.576867 -0.643146 0.503576 -0.546333 -0.621744 0.561208 -0.52918 -0.616483 0.583024 -0.540996 -0.626396 0.561205 -0.539297 -0.623845 0.565665 -0.51149 -0.60194 0.613226 -0.49619 -0.589923 0.637013 -0.463445 -0.565788 0.681984 -0.498529 -0.599568 0.626089 -0.506821 -0.592749 0.625924 -0.457071 -0.560275 0.69078 -0.462168 -0.561229 0.686603 -0.420379 -0.526897 0.738688 -0.376249 -0.475245 0.795348 -0.342973 -0.470688 0.81291 -0.385537 -0.521114 0.761447 -0.374027 -0.458677 0.806052 -0.420822 -0.528404 0.737359 -0.270178 -0.435492 0.858691 -0.99092 0 -0.134456 -0.990917 9.42842e-06 -0.134473 -0.990914 -6.15454e-05 -0.134496 -0.990919 -5.00322e-06 -0.13446 -0.990922 1.44597e-06 -0.134437 -0.990919 1.59497e-06 -0.134459 -0.990919 -1.56102e-06 -0.134457 -0.990919 -1.83385e-07 -0.134457 -0.990919 -4.59737e-06 -0.134461 -0.990919 -4.61792e-06 -0.134461 0.973049 0 0.230598 0.971185 -0.00730974 0.238215 0.967002 0.00255668 0.254755 0.960361 0.00133807 0.278755 0.959046 -0.00670711 0.283171 0.947578 -0.00536811 0.31948 0.94841 -0.00115023 0.317043 0.933024 -0.0103226 0.359666 0.936514 0.00427208 0.350605 0.91688 -0.0165241 0.398821 0.923462 0.00847327 0.383597 0.909133 0.0137721 0.416279 0.898059 -0.0275032 0.439014 -0.940059 0.00134329 0.341009 -0.940699 0.00169936 0.339238 -0.950405 -0.00325756 0.310999 -0.951153 -0.00113801 0.308717 -0.951108 0.0037719 0.308836 -0.963607 -0.00344689 0.267302 -0.964623 0.00503555 0.263587 -0.974236 -0.0115213 0.225238 -0.973639 -0.00398478 0.228059 -0.980106 0.00677382 0.19836 -0.982166 -0.00951618 0.187776 -0.98479 -0.00599212 0.173647 -0.98274 -0.0188008 0.184037 -0.985905 -0.000549481 0.167305 -0.988661 -0.000714683 0.150164 -0.98857 0.00145552 0.150758 -0.991988 0.000771538 0.126328 -0.99846 0.025735 0.049153 -0.996916 -0.0192739 0.0760731 -0.998639 0.0165325 0.0494565 -0.999904 0.013696 0.00205803 -0.999476 -0.0142977 0.0290489 -0.998954 0.00946753 -0.0447319 -0.99988 -0.007189 -0.0136879 -0.996403 0.000194308 -0.0847422 -0.99871 -0.000209964 -0.0507715 -0.996625 0.00366358 -0.0820026 -0.993014 0.00429663 -0.11792 -0.9941 -0.00227032 -0.108442 0.991474 0.000748904 0.130303 -0.991673 0 -0.128782 0.698018 0.044571 -0.714692 0.720508 -0.00649201 -0.693417 0.77117 0.0167123 -0.63641 0.858105 0.00126033 -0.513473 0.829119 0.00502839 -0.55905 0.889959 0.00148324 -0.456038 0.908736 -0.00331031 -0.417358 0.92456 0.0045585 -0.381009 0.95275 0.00230009 -0.303746 0.946847 0.000100762 -0.321685 0.970673 0.000767579 -0.240403 0.962206 -0.000748686 -0.272321 0.981378 0.000771426 -0.192083 0.974322 -0.00075364 -0.225158 0.991884 0.00168413 -0.127132 0.986938 -0.00242448 -0.161079 0.998101 0.00266963 -0.0615439 0.995303 -0.00162208 -0.0967989 0.999783 0.00180233 0.020754 0.999876 -0.00265707 -0.0155504 0.998784 -0.00172432 0.0492617 0.996246 0.00291937 0.0865156 0.991461 -0.00290452 0.130371 0.985758 0.00190338 0.168161 0.980952 -0.00183347 0.194244 0.972544 0.00317295 0.232696 0.961884 -0.00315719 0.273441 0.950121 0.00200282 0.311876 0.942193 -0.00192208 0.335064 0.927517 0.00343556 0.373764 0.89365 0.00104812 0.448763 0.918487 -0.000568779 0.39545 0.890814 -0.000710632 0.454368 0.86216 0.000730627 0.506635 0.817499 0.000778111 0.57593 0.85949 -0.000815733 0.511152 0.81515 -0.000480655 0.57925 0.767466 0.000831642 0.641089 0.771439 0.00355847 0.636293 0.721069 -0.00113256 0.692863 0.692575 0.0131581 0.721226 0.639539 0.000703281 0.768758 0.617987 0.00685462 0.786158 0.522742 0.00557093 0.852473 0.585758 -0.00679356 0.810458 0.500275 -0.00181249 0.865865 0.451724 0.00490393 0.892144 0.437823 -0.00220788 0.899058 0.346374 0.002009 0.938094 0.335719 0.00998497 0.941909 0.241028 0.0213439 0.970283 0.170042 -0.0131584 0.985349 0.133277 0.00214071 0.991077 0.0240153 -0.00828189 0.999677 0.0161397 -0.0135121 0.999778 -0.0747639 0.0165159 0.997065 -0.17822 -0.00552994 0.983975 -0.173908 -0.00302323 0.984757 -0.242402 0.00160275 0.970175 -0.265925 -0.00507355 0.96398 -0.321611 0.00445173 0.946861 -0.352847 -0.000817732 0.935681 -0.383071 0.00427503 0.923709 -0.457961 0.00116069 0.888972 -0.430419 -0.00371383 0.902622 -0.490106 -0.00409228 0.871653 -0.529407 0.00586848 0.848348 -0.563774 -0.000963139 0.825928 -0.610468 0.00630019 0.792016 -0.636599 -0.00185853 0.771193 -0.685683 0.00864278 0.727849 -0.726452 -0.00214164 0.687214 -0.754131 0.00505797 0.656704 -0.778422 -0.00074727 0.62774 -0.805609 0.00154904 0.592446 -0.813939 -0.00110133 0.58095 -0.851593 0.00123391 0.524202 -0.858893 -0.00151933 0.512154 -0.884224 0.00102464 0.467061 -0.888685 -0.000625822 0.458519 -0.919725 0.000674187 0.392562 -0.914439 0.00332291 0.40471 -0.947734 0.00876087 0.318942 -0.931469 -8.87805e-06 0.36382 -0.976682 0.0104828 0.214436 -0.982955 0.165951 0.0791131 0 1 0 0 1 0 0.00116917 0.999999 0.00033966 0.00364557 0.999989 -0.00290745 0 1 0 0 1 0 0.00258152 0.99999 -0.00362585 0 1 0 0.00122748 0.999999 -4.70577e-05 0 1 0 0 1 0 0 1 0 0.00109363 0.999999 -0.000998724 0 1 0 0 1 0 0 1 0 0 1 0 0 1 0 0.0659958 0.945665 -0.318374 0 1 0 0 1 0 0 1 0 0.0790583 0.942269 -0.325391 0 1 0 0 1 0 0.0901915 0.964145 -0.249581 0 1 0 0 1 0 0 1 0 0 1 0 0 1 0 -0.0723092 0.93574 -0.345198 0 1 0 0 1 0 0 1 0 -0.0223468 0.893686 -0.448136 0 1 0 -0.0155101 0.895624 -0.444542 0 1 0 0 1 0 0 1 0 0 1 0 0 1 0 0 1 0 0 1 0 0 1 0 0 1 0 0 1 0 0 1 0 0 1 0 0 1 0 0 1 0 0 1 0 0 1 0 0 1 0 0 1 0 0 1 0 0 1 0 0 1 0 0 1 0 0 1 0 0 1 0 0 1 0 0 1 0 0 1 0 0 1 0 0 1 0 0 1 0 0 1 0 0 1 0 0 1 0 0 1 0 0 1 0 0 1 0 0 1 0 0 1 0 0 1 0 0 1 0 0 1 0 0 1 0 0 1 0 0 1 0 0 1 0 0 1 0 0 1 0 0 1 0 0 1 0 0 1 0 0 1 0 0 1 0 0 1 0 0 1 0 0 1 0 0 1 0 0 1 0 0 1 0 0 1 0 -7.91684e-05 1 0.000200629 0 1 0 -0.000631175 1 0.00017759 0 1 0 -0.000119979 1 -0.000144996 0 1 0 0 1 0 0 1 0 0 1 0 0 1 0 0 1 0 0 1 0 0 1 0 0 1 0 0 1 0 0 1 0 0 1 0 0 1 0 0 1 0 0 1 0 0 1 0 0 1 0 0 1 0 -0.646615 1.66662e-06 -0.762816 -0.645189 0.000286025 -0.764023 -0.602155 -0.000404947 -0.798379 -0.593194 0.00280521 -0.805055 -0.538605 0.00509779 -0.842543 -0.48166 0.000748921 -0.876358 -0.506679 -0.00307217 -0.862129 -0.42261 0.00297268 -0.906307 -0.447569 -0.000747796 -0.894249 -0.390692 -0.00142037 -0.92052 -0.361704 0.0023145 -0.93229 -0.299214 0.000711033 -0.954186 -0.328985 -0.00270468 -0.944331 -0.26586 -0.00168341 -0.96401 -0.23539 0.00274774 -0.971897 -0.198361 -0.00205228 -0.980127 -0.170551 0.00277178 -0.985345 -0.115846 -0.00286527 -0.993263 -0.088494 0.00445387 -0.996067 -0.0223488 0.00381002 -0.999743 -0.000576124 -0.00240893 -0.999997 0.0603826 0.00242719 -0.998172 0.0814869 -0.00179134 -0.996673 0.126316 0.00176478 -0.991989 0.163336 -0.00576926 -0.986554 0.207915 0.00203942 -0.978145 0.260152 -0.00385095 -0.96556 0.28811 0.00386879 -0.957589 0.338794 -0.0020566 -0.940859 0.366306 0.00295993 -0.93049 0.441998 0.00237319 -0.897013 0.400082 -0.00113188 -0.916479 0.459759 -0.00173388 -0.888042 0.500406 0.00173093 -0.865789 0.570277 0.00202628 -0.82145 0.53135 -0.00573646 -0.847133 0.599959 -0.00212021 -0.800028 0.636246 0.00601318 -0.771463 0.669601 -0.00225546 -0.742718 0.709652 0.00382137 -0.704542 0.718806 0.000457078 -0.695211 0.765473 0.00229464 -0.643464 0.76322 0.00160411 -0.646137 0.816069 0.00282594 -0.577947 0.794224 -0.00108243 -0.607624 0.832594 -0.0019312 -0.55388 0.852533 0.00192871 -0.52267 0.892836 0.00274204 -0.450373 0.86735 -0.00276054 -0.497691 0.905473 -0.0018751 -0.424399 0.920683 0.00187317 -0.390307 0.949805 0.00264865 -0.312831 0.931521 -0.00267134 -0.363679 0.958365 -0.00181923 -0.285542 0.968436 0.00181109 -0.249256 0.985728 0.0025593 -0.168326 0.975125 -0.00257205 -0.22164 0.990099 -0.00175083 -0.140357 0.994708 0.00175009 -0.102724 0.999796 0.00153122 -0.0201211 0.998282 -0.0049291 -0.0583925 0.998934 0.00206675 0.0461059 0.9997 -0.00151652 0.0244461 0.993693 0.000932216 0.11213 0.995895 -0.000945248 0.090506 0.9869 0.000929685 0.161333 0.990196 -0.000933989 0.13968 0.974058 0.00230621 0.226286 0.982047 -0.000920134 0.188632 0.968139 -0.00120234 0.250412 0.956948 0.0017523 0.290254 0.951229 -0.00111293 0.308483 0.92977 0.00133274 0.36814 0.929667 0.00137188 0.368399 0.915881 -0.00144724 0.401448 0.903242 0.0023685 0.429125 0.884543 -0.00150009 0.466457 0.872857 -0.000587698 0.487976 0.865452 -0.0021548 0.500987 0.847564 0.00078306 0.530693 0.833886 -0.000485026 0.551937 0.820159 0.000533307 0.572135 0.816692 -4.10811e-07 0.577074 0.792939 1.98532e-07 0.609301 0.780491 0.00248551 0.625162 0.741376 -0.000835177 0.671089 0.646675 0.00755292 0.762729 0.576092 0.00756374 0.81735 0.583884 -0.00196017 0.811835 0.515668 0.00395408 0.85678 0.491815 0.0393307 0.869811 0.523183 0.0657034 0.849684 -0.969784 0.201833 0.137046 -0.997993 0.00651371 0.0629877 -0.999631 0.0200413 0.0183156 -0.994136 -0.000729469 -0.108136 -0.990827 0.00192485 -0.135121 -0.98607 -0.00178499 -0.166323 -0.979197 0.000573868 -0.20291 -0.975627 -0.000737295 -0.219435 -0.967997 0.000774254 -0.250959 -0.962677 -0.00118871 -0.270649 -0.954435 0.000393112 -0.29842 -0.938561 0.0010041 -0.345111 -0.945691 -0.00211672 -0.325061 0 1 0 0 1 0 0 1 0 0 1 0 0 1 0 0 1 0 0 1 0 0 1 0 0 1 0 0 1 0 0 1 0 0 1 0 0 1 0 0 1 0 0 1 0 0 1 0 0 1 0 0 1 0 0 1 0 0 1 0 0 1 0 0 1 0 0 1 0 0 1 0 0 1 0 0 1 0 0 1 0 0 1 0 0 1 0 -0.000701449 1 0.000285081 0 1 0 0 1 0 0 1 0 -0.00155478 0.999999 -0.00016865 -0.00219965 0.999998 0.000186947 0 1 0 -0.00185974 0.999998 -0.000543309 -0.00274069 0.999996 -0.000113931 0 1 0 0 1 0 0 1 0 0 1 0 0 1 0 0 1 0 0 1 0 0 1 0 0 1 0 0 1 0 0 1 0 0 1 0 0 1 0 0 1 0 0 1 0 0 1 0 0 1 0 0 1 0 -0.223869 0.963233 0.148542 0 1 0 0 1 0 0 1 0 -0.2892 0.945718 0.148262 0 1 0 -0.272722 0.956196 0.10636 0 1 0 0 1 0 0 1 0 0 1 0 0 1 0 0 1 0 0 1 0 0 1 0 0 1 0 0 1 0 0 1 0 0 1 0 0 1 0 0 1 0 0 1 0 0 1 0 0 1 0 0 1 0 0 1 0 0 1 0 0 1 0 0 1 0 0 1 0 0 1 0 0 1 0 0 1 0 0 1 0 0 1 0 0 1 0 0 1 0 0 1 0 0 1 0 0 1 0 0 1 0 0 1 0 0 1 0 0 1 0 0 1 0 0 1 0 0 1 0 0 1 0 0 1 0 0 1 0 0 1 0 0 1 0 0 1 0 0 1 0 0 1 0 0 1 0 0 1 0 0 1 0 0 1 0 0 1 0 0 1 0 0 1 0 0 1 0 0 1 0 0 1 0 0 1 0 0 1 0 0 1 0 0 1 0 0 1 0 0 1 0 0 1 0 0 1 0 0 1 0 0 1 0 0 1 0 0 1 0 0 1 0 0 1 0 0 1 0 0 1 0 0 1 0 0 1 0 0 1 0 0 1 0 0 1 0 0 1 0 0 1 0 0 1 0 0.0153114 0.999747 0.016502 0.0104178 0.999936 0.00438617 0.00295507 0.999984 0.00480605 -0.00172282 0.999958 0.0090533 0.990249 0.0136025 -0.138643 0.987909 4.19566e-05 -0.155033 0.993604 -0.00020449 -0.112924 0.989268 0.00022901 -0.14611 0.996728 -0.00336321 -0.0807604 0.993867 0.0037434 -0.110516 0.998802 -0.00700351 -0.0484333 0.997425 0.0128022 -0.0705596 0.999636 0.0186805 -0.0194603 0.999681 -0.00142358 -0.0252293 0.999903 0.00104599 0.0138729 0.998863 -0.00966771 0.0466791 0.999709 0.0149686 0.0189321 0.996883 -0.00841861 0.0784493 0.997774 0.0210759 0.0632757 0.993952 0.0138708 0.108937 0.989971 -0.00676362 0.141108 0.994097 0.010036 0.108033 0.98498 -0.0113766 0.172294 0.988111 0.0231037 0.151998 0.979144 0 0.203169 0.980351 0.0194686 0.196298 0.889105 3.96498e-05 -0.457704 0.880455 -3.38259e-05 -0.47413 0.900129 -0.00217584 -0.435619 0.890123 0.00147016 -0.455717 0.912873 -0.00200391 -0.408239 0.902281 0.0023612 -0.431142 0.927104 -0.00427963 -0.374781 0.915836 0.00298654 -0.401542 0.940825 7.60375e-05 -0.338894 0.928776 -3.90028e-05 -0.370642 0.951298 0.000988589 -0.30827 0.940462 -0.000906948 -0.339897 0.960483 -0.000283519 -0.278339 0.951037 0.000306015 -0.309077 0.968485 -0.000256955 -0.249072 0.960687 0.000284393 -0.277632 0.975317 -0.00126962 -0.220805 0.969298 0.00164953 -0.245883 0.982731 -0.00331898 -0.185011 0.976928 0.00236918 -0.213556 0.983583 -5.06683e-05 -0.180459 -0.991592 -0.00628309 -0.12925 -0.926126 -0.00290374 -0.377204 -0.869502 -0.00248503 -0.493924 -0.897349 0.00145123 -0.441319 -0.801245 -0.0060375 -0.598307 -0.669511 -0.00927286 -0.742744 -0.547725 -0.00719532 -0.836627 -0.432812 -0.00212981 -0.901482 -0.311084 -0.00398666 -0.950374 -0.388326 0.00251914 -0.921519 -0.19413 -0.00501626 -0.980963 -0.165393 -0.00113478 -0.986227 -0.0799283 -0.000974148 -0.9968 0.0437482 -0.0043014 -0.999033 0.0498345 -0.00320546 -0.998752 0.149173 -0.00268947 -0.988807 0.18203 -0.00833736 -0.983258 0.246829 0.00102661 -0.969059 0.352286 -0.0026927 -0.935888 0.360675 -0.000678504 -0.932691 0.444961 -0.000106852 -0.89555 0.479877 -0.00673948 -0.87731 0.615564 -0.000931219 -0.788086 0.687682 -0.00249669 -0.726007 0.704272 -6.41057e-05 -0.709931 0.739874 -0.00135411 -0.672744 0.830217 -0.00704949 -0.557396 0.955752 -0.00116915 -0.294171 0.991707 -0.00533878 -0.128412 0.998669 -0.00245811 0.0515235 0.982841 -0.00543333 0.184372 0.944466 -0.00239702 0.328601 0.826709 -0.00117283 0.562628 0.713933 -0.00787614 0.70017 0.6633 0.00196534 0.748351 0.593134 -0.00568183 0.805084 0.450922 -0.00452535 0.892552 0.310644 -0.00693124 0.950501 0.124399 0.00170725 0.992231 0.0158495 -0.00228262 0.999872 -0.240624 -0.00293393 0.970614 -0.33155 0.00133094 0.943437 -0.353922 -0.00191724 0.935273 -0.476267 -0.00246416 0.879297 -0.561215 0.000354257 0.82767 -0.686157 -0.00418021 0.727442 -0.76186 -0.00275918 0.647735 -0.835884 -0.00235805 0.548901 -0.900005 -0.00431516 0.435858 -0.877088 0.00336889 0.480318 -0.954961 -0.0052737 0.296685 0.790871 0.0106007 0.611891 0.532057 0.00827824 0.846668 0 1 0 0 1 0 0.897676 0.00396135 0.440638 0.893827 0.00650762 0.448365 0 1 0 0 1 0 0.374158 0.00404194 0.927356 0.966366 0.00706767 0.257074 0.168757 0.0135544 0.985564 0.997198 0.00351335 0.0747223 0 1 0 0.99503 0.00133767 -0.0995695 0 1 0 0 1 0 -0.0554138 0.0116135 0.998396 -0.134811 -0.00175584 0.99087 -0.222364 -0.000230512 0.974964 0.960203 0.00357716 -0.279279 -0.447686 0.00409079 0.894181 0 1 0 0 1 0 0.876143 0.0200838 -0.481632 0 1 0 -0.583792 0.00511933 0.811887 0.775535 0.00396132 -0.631292 -0.705794 0.00202019 0.708414 0.635047 0.0026667 -0.772469 -0.806136 0.00362369 0.591719 0 1 0 0 1 0 0 1 0 0 1 0 0.542636 0.00288914 -0.839963 0 1 0 0 1 0 0 1 0 0 1 0 0 1 0 0 1 0 -0.936365 0.00456921 0.350998 0 1 0 0 1 0 0 1 0 -0.986821 0.0074566 0.161644 0 1 0 0 1 0 -0.984806 0.0034237 0.173622 -0.999898 0.00940542 0.0107511 -0.999938 0.00311095 -0.0106725 0 1 0 -0.0599391 0.00215675 -0.9982 0 1 0 0 1 0 0 1 0 0 1 0 -0.982185 0.0102379 -0.18764 -0.27084 0.00283226 -0.96262 -0.939663 0.00737305 -0.342022 0 1 0 0 1 0 0 1 0 0 1 0 -0.500128 0.00335261 -0.865945 -0.832189 0.00465682 -0.554473 -0.623387 0.00107327 -0.781912 -0.733062 0.00475061 -0.680145 0 1 0 0 1 0 0 1 0 0 1 0 0 1 0 0 1 0 -0.983059 -0.0050634 -0.183222 -0.942642 0.00817614 -0.333705 -0.896023 -0.00195827 -0.444004 -0.809513 -0.00851205 -0.58704 -0.719196 0.00277636 -0.694801 -0.6137 0.00251776 -0.789535 -0.495057 -0.00244022 -0.868857 -0.406718 0.00192321 -0.913552 -0.341601 3.75887e-05 -0.939845 -0.412153 0.00285002 -0.91111 -0.284902 0.00188408 -0.958555 -0.128905 -0.00400475 -0.991649 -0.148837 -2.29678e-05 -0.988862 0.0207869 -0.0011036 -0.999783 0.130099 0.00260893 -0.991498 0.241661 -0.0022325 -0.970358 0.385586 -0.000588042 -0.922672 0.471769 -0.000931102 -0.881722 0.607571 -0.00556392 -0.794246 0.706604 -0.00203863 -0.707607 0.782751 -0.00336643 -0.622326 0.75706 0.00186882 -0.653342 0.812037 -0.00015579 -0.583607 0.839943 -0.000927439 -0.542674 0.856737 -0.00401374 -0.515738 0.918632 -0.00541875 -0.395076 0.975687 -0.00604421 -0.219086 0.993729 -0.00320141 0.111767 0.964577 -0.0040783 0.263771 0.925246 -0.00169279 0.379365 0.873727 -0.00376136 0.486402 0.802652 -0.00213175 0.596443 0.725378 -0.00362826 0.688341 0.665384 0.00463709 0.746487 0.650828 0.00234277 0.759222 0.552001 0.00415759 0.833833 0.579684 -0.00461613 0.814828 0.433765 -0.00606475 0.901006 0.478286 0.000526828 0.878204 0.286015 -0.0108363 0.958164 0.230489 -0.0019827 0.973073 0.149168 -0.000123641 0.988812 0.136099 -0.00214547 0.990693 0.027259 0.00215922 0.999626 -0.00175534 -0.00370509 0.999992 -0.122226 -0.001217 0.992501 -0.213783 0.00196891 0.976879 -0.225918 0.000227506 0.974146 -0.293379 0.000465422 0.955996 -0.451922 0.000332514 0.892057 -0.369311 -0.000351045 0.929306 -0.448535 -9.23953e-05 0.893765 -0.534274 -0.00199868 0.845309 -0.662104 -0.00676167 0.749382 -0.680062 -0.00230798 0.733151 -0.741886 -0.00141904 0.670524 -0.823065 -0.0012544 0.567946 -0.885891 0.00263169 0.463886 -0.933577 -0.0024341 0.358369 -0.969584 -0.00264481 0.244747 -0.956215 0.00426752 0.292633 -0.994955 -0.00612424 0.100131 0.772853 0.00603448 0.634556 0.861025 0.000997627 0.508561 0 1 0 0 1 0 0.915543 0.00209446 0.402215 0 1 0 0.355353 0.00344323 0.934726 0 1 0 0 1 0 0.959878 -0.000563841 0.280417 0 1 0 0 1 0 0.990208 0.00297976 0.139568 0.996299 0.00441516 -0.0858445 0.997983 0.0122681 -0.0622798 0 1 0 0 1 0 0 1 0 0 1 0 -0.0997805 0.00275315 0.995006 0.961705 0.00637085 -0.274012 -0.331208 0.00579945 0.94354 0 1 0 0 1 0 0 1 0 0 1 0 0.896262 0.00444218 -0.443503 0 1 0 0 1 0 -0.563399 0.00648464 0.82616 0 1 0 0 1 0 0 1 0 0 1 0 0.668791 0.00482962 -0.743435 -0.781833 0.00998373 0.623408 0.521398 0.00929954 -0.853263 0 1 0 -0.893829 0.00728178 0.448349 0 1 0 0 1 0 0.342061 0.00921632 -0.939633 0 1 0 0 1 0 0.156154 0.00711382 -0.987707 -0.988827 0.00341038 0.149027 0 1 0 -0.999926 0.0121674 0 0 1 0 0 1 0 0 1 0 -0.00727179 0.00468948 -0.999963 0 1 0 -0.985382 -5.81671e-06 -0.170357 -0.270838 0.00481121 -0.962613 -0.936806 0.0037178 -0.349828 0 1 0 0 1 0 -0.85757 0.00772882 -0.514309 0 1 0 0 1 0 0 1 0 -0.563306 0.0144377 -0.826122 -0.736005 0.00778228 -0.676932 0 1 0 0 1 0 0 1 0 0 1 0 -0.999733 -0.00216131 -0.0229957 -0.992187 -0.00125093 -0.124754 -0.972192 -0.00120494 -0.234181 -0.987552 0.000609543 -0.157295 -0.927408 -0.00411273 -0.374029 -0.903126 0.00189919 -0.429371 -0.859283 -0.000921775 -0.5115 -0.769633 -0.0009462 -0.638486 -0.709704 -0.00105016 -0.704499 -0.72746 0.000375053 -0.68615 -0.665846 0.00092416 -0.746088 -0.569908 -0.00243447 -0.821705 -0.563242 -0.00152888 -0.826291 -0.471995 3.33339e-05 -0.881601 -0.368572 -0.000469049 -0.929599 -0.292709 -0.000662373 -0.956201 -0.246838 0.00146198 -0.969056 -0.198142 -0.00132481 -0.980173 -0.0741494 -0.00174419 -0.997246 0.0270277 0.00159719 -0.999633 0.0526568 -0.00109983 -0.998612 0.149154 0.0006032 -0.988814 0.176925 -0.00173961 -0.984223 0.246846 0.000868904 -0.969054 0.278403 -0.00124768 -0.960464 0.326322 0.000622617 -0.945258 0.365541 -0.00100815 -0.930795 0.468191 -0.000556681 -0.883627 0.530796 0.000236516 -0.847499 0.559675 -0.00335889 -0.828705 0.633245 0.00130456 -0.77395 0.653106 -6.08829e-05 -0.757267 0.701782 0.00231567 -0.712388 0.749141 -0.00417176 -0.662398 0.781771 -0.000461872 -0.623566 0.840067 -0.00366538 -0.542471 0.83276 -0.00183385 -0.553632 0.88218 0.000604579 -0.470912 0.90597 -0.00230478 -0.423337 0.954995 -0.00316845 -0.296605 0.987847 -0.00245891 -0.155412 0.990036 -0.00112338 -0.140814 0.994902 -0.00233875 0.100818 0.97891 -0.000812806 0.204292 0.959934 -0.000220087 0.280226 0.935007 0.000634117 0.354629 0.942501 -0.00195171 0.334198 0.886796 -0.00389952 0.462144 0.911487 0.000756742 0.411328 0.854493 0.00207752 0.519459 0.808138 -0.00368362 0.588982 0.706674 -0.00299376 0.707533 0.580811 -0.00305261 0.814033 0.549623 -0.000485566 0.835413 0.492671 -0.00191423 0.870214 0.490161 -0.00223316 0.871629 0.433876 0.000217848 0.900972 0.401999 -0.000525744 0.91564 0.388408 0.000149346 0.921488 0.33083 -0.000731317 0.94369 0.207455 -0.00382328 0.978237 0.19833 -0.0024483 0.980132 0.0741457 -0.00132417 0.997247 -0.0299194 -0.000722331 0.999552 -0.124695 -0.00147325 0.992194 -0.0995977 -0.00016235 0.995028 -0.235131 -0.0040072 0.971955 -0.373444 -0.00231252 0.92765 -0.451929 0.00296382 0.892049 -0.46583 0.00160942 0.884873 -0.551686 0.00233557 0.834049 -0.639236 -0.00204362 0.769008 -0.680063 0.0016596 0.733152 -0.720376 -0.00104434 0.693583 -0.775256 -0.000709599 0.631647 -0.898316 -0.00207003 0.439345 -0.97574 -0.00267958 0.218916 -0.978495 -0.00154682 0.206264 -0.991265 -0.00115133 0.131881 -0.75641 0.00189926 0.654095 0 1 0 -0.569157 0.00497202 0.822214 -0.845358 0.000737643 0.534199 -0.839987 0.00218573 0.542602 0 1 0 0 1 0 -0.900999 -0.00134928 0.433818 0 1 0 -0.936032 -0.000876297 0.351915 -0.947912 0.00306498 0.318519 -0.308308 0.00442841 0.951276 0 1 0 -0.173542 0.000722106 0.984826 -0.996028 0.00449289 0.0889315 0 1 0 0 1 0 -0.0250807 -0.000196483 0.999685 -0.997898 0.00152033 -0.0647869 0 1 0 0.0896475 0.000580658 0.995973 0 1 0 0 1 0 -0.958673 0.00395958 -0.284484 0 1 0 0 1 0 0.304254 0.00187555 0.952589 0 1 0 0 1 0 0 1 0 0 1 0 0 1 0 0 1 0 0 1 0 -0.821461 0.00796251 -0.570209 0.653558 0.00540954 0.756857 -0.650473 0.00252 -0.759525 0.772177 0.00356708 0.635398 0 1 0 0 1 0 0 1 0 0 1 0 0 1 0 0 1 0 -0.469403 -0.00030402 -0.882984 0 1 0 0 1 0 0 1 0 0 1 0 0 1 0 -0.351348 0.00127184 -0.936244 0 1 0 0 1 0 0 1 0 0 1 0 0.96909 0.0017155 0.246701 0 1 0 0.990945 0.00137778 0.134258 0 1 0 -0.114759 0.0028758 -0.993389 0 1 0 0 1 0 0 1 0 0.998604 -0.000444538 -0.0528235 0 1 0 0.99993 0.00500804 -0.010692 0 1 0 0.969076 0.00253871 -0.246752 0 1 0 0.927149 0.0017142 -0.37469 0 1 0 0.433926 0.0028461 -0.900944 0 1 0 0 1 0 0 1 0 0 1 0 0 1 0 0 1 0 0 1 0 0 1 0 0 1 0 -0.319386 -0.0143747 0.947516 0.0582738 0.0105692 0.998245 -0.969373 -0.00373838 0.245564 -0.917195 0.0020558 0.398433 -0.715066 -0.0189567 0.6988 -0.926152 -0.000219853 0.37715 -0.807815 -0.000345247 0.589436 -0.497972 0.00346191 0.867186 -0.708173 0.0101791 0.705965 -0.7265 0.0157728 0.686986 -0.998644 -0.00511385 -0.0518144 -0.983347 0.00394521 -0.181696 0.039047 -0.033814 -0.998665 0.695168 0.00118982 -0.718846 0.726307 0.0180585 0.687134 -0.99921 -0.00292289 -0.0396225 -0.846443 -0.00805264 -0.532418 0.0665054 -0.0434841 -0.996838 0.706685 -0.00334808 -0.70752 0.973947 -0.0160476 0.226207 0.972098 -0.01813 0.233874 -0.76899 0.00492915 0.639242 -0.463298 -0.00779922 -0.886168 0.507944 -0.0236179 0.861066 -0.792417 -0.0215085 -0.6096 0.988163 0.00914015 -0.153132 -0.524522 0.0138949 0.851283 -0.987018 0.00765535 -0.160427 -0.991013 0.00410525 0.1337 -0.775218 -0.583174 0.242789 0.904471 -0.000150027 -0.426535 0.900355 0.00241707 -0.435149 0.98966 0.0126334 -0.142873 0.000531098 -0.999999 0.00144061 0.0004782 -1 0.000867647 -0.000107654 -1 -9.68916e-05 3.16649e-05 -1 0.000742584 1.74893e-05 -1 1.77256e-05 1.65685e-05 -1 1.4725e-05 -0.000694679 -0.999999 -0.00104379 -6.01278e-05 -1 -4.8509e-05 -3.44893e-05 -1 0.000800709 -0.106112 -0.948961 -0.297008 -0.997919 0.000475581 -0.0644744 -0.972864 -2.77419e-05 -0.231377 -0.938948 0.000169333 -0.34406 -0.93793 0.000238603 -0.346824 -0.897325 -3.13172e-05 -0.44137 -0.882487 0.000274705 -0.470337 -0.857495 -5.93671e-05 -0.514493 -0.828074 0.000243613 -0.560619 -0.811924 -0.000102248 -0.583763 -0.734689 -0.000447017 -0.678403 -0.76936 0.000182945 -0.638816 -0.697212 0.000133109 -0.716865 -0.601347 -0.000440055 -0.798988 -0.507032 0.000185726 -0.861927 -0.454328 -0.000775457 -0.890834 -0.38834 0.000150064 -0.921516 -0.331652 -0.000217822 -0.943402 -0.288578 0.000430447 -0.957456 -0.229847 -7.99586e-05 -0.973227 -0.158225 0.000328379 -0.987403 -0.126789 -0.000284428 -0.99193 -0.0337736 0.000390114 -0.999429 0.135123 8.27844e-05 -0.990829 0.291672 0.000877546 -0.956518 0.316754 -0.000414833 -0.948508 0.474889 -0.00052963 -0.880045 0.652461 -0.000562737 -0.757822 0.620117 0.000433534 -0.784509 0.725441 0.000775202 -0.688284 0.841699 -0.00122181 -0.539945 0.939676 -0.000412471 -0.342067 0.930402 0.00125055 -0.366538 0.991838 0.00101542 -0.127502 0.990796 0.0015314 0.135355 0.905913 -0.000163811 0.423464 0.949364 0.000701193 0.314177 0.843754 0.000421618 0.536729 0.748381 -0.00156658 0.663268 0.722004 0.000930328 0.691888 0.562318 -0.000698406 0.826921 0.547348 0.000317573 0.836905 0.363977 -0.000211553 0.931408 0.205844 -0.000166431 0.978585 0.0443892 -0.000592954 0.999014 0.0593448 -0.000162823 0.998238 -0.0468231 3.2608e-05 0.998903 -0.145643 -0.000539528 0.989337 -0.15419 -0.000264757 0.988041 -0.251227 8.25664e-05 0.967928 -0.31089 -0.000977778 0.950445 -0.386174 0.000277863 0.922426 -0.471851 -0.000736515 0.881678 -0.521228 0.000580599 0.853417 -0.634014 -0.000911873 0.773321 -0.659386 3.06829e-05 0.751804 -0.768067 -9.81463e-05 0.640369 -0.775732 -0.000427914 0.631062 -0.862506 0.000212584 0.506046 -0.877258 -0.00038544 0.48002 -0.926051 0.000385038 0.377398 -0.936835 -0.000209976 0.349772 -0.966974 0.000208021 0.254875 -0.9749 -0.000150718 0.222642 -0.98578 0.000141084 0.168039 -0.992244 -0.000246448 0.124306 -0.998673 0.00028043 0.0514934 -0.999997 -0.000255881 0.00232367 0 -1 0 0 -1 0 0 -1 0 -0.984796 -0.00121971 -0.173712 0.182404 0.000829483 0.983223 0 -1 0 0.363818 -0.000218029 0.93147 0 -1 0 0 -1 0 0 -1 0 0 -1 0 0 -1 0 0 -1 0 0 -1 0 0 -1 0 0 -1 0 -0.606231 -0.000620214 -0.795289 0 -1 0 0 -1 0 0 -1 0 0 -1 0 0 -1 0 0 -1 0 0.876949 -0.00151914 0.480581 0 -1 0 0 -1 0 0.967368 -0.00206171 0.253367 0 -1 0 0 -1 0 0 -1 0 0 -1 0 0.999278 -0.00508371 -0.0376571 0 -1 0 0.0711269 -0.00190226 -0.997465 0 -1 0 0 -1 0 0.484713 -0.00108793 -0.874672 0 -1 0 0.811925 -0.00374521 -0.58375 0 -1 0 0 -1 0 0 -1 0 0 -1 0 0.618264 -0.78412 0.0538924 0.625085 -0.777612 0.0677358 0.792705 -0.592882 -0.141809 0.794075 -0.596219 -0.118188 0.623717 -0.775739 0.0959474 0.622069 -0.770157 0.141023 0.630989 -0.772422 0.0722333 0.653975 -0.754994 0.0479568 0.38043 -0.732653 0.564351 0.675053 -0.736372 0.0453777 0.725105 -0.688123 -0.026631 0.688983 -0.724615 0.0153809 0.562648 -0.78107 0.270844 0.53925 -0.772756 0.334749 0.628067 -0.764138 0.147054 0.486082 -0.765413 0.421744 0.496445 -0.769163 0.402407 0.733468 -0.679223 -0.0260947 0.756733 -0.649159 -0.0771234 0.797419 -0.59821 -0.0791694 0.806595 -0.590316 -0.0305389 0.791345 -0.604191 -0.0934171 0.425779 -0.710078 0.560804 0.582738 -0.766272 0.270635 0.630654 -0.743117 0.223725 0.5895 -0.765345 0.258334 0.684224 -0.722585 0.098532 0.677759 -0.726024 0.11633 0.549052 -0.75247 0.363774 0.545417 -0.751531 0.37111 0.491196 -0.713248 0.500004 0.491259 -0.713288 0.499885 0.687763 -0.700368 0.190963 0.631214 -0.742544 0.224048 0.737424 -0.672151 0.0664796 0.802061 -0.597108 0.0126792 0.745506 -0.665087 0.043364 0.806158 -0.591338 0.0206774 0.813495 -0.57591 0.0809562 0.594941 -0.734017 0.327512 0.591711 -0.733528 0.334388 0.559107 -0.705469 0.435561 0.55428 -0.703056 0.445517 0.681815 -0.70729 0.186736 0.747125 -0.646605 0.153971 0.510752 -0.644675 0.568795 0.564266 -0.643658 0.517018 0.640805 -0.705962 0.30164 0.640571 -0.705974 0.30211 0.605927 -0.686064 0.402702 0.602777 -0.68515 0.408936 0.645991 -0.662094 0.379903 0.804743 -0.581037 0.121595 0.739037 -0.657437 0.146976 0.809225 -0.572729 0.130907 0.812415 -0.550723 0.191536 0.569272 -0.63986 0.516244 0.689664 -0.671002 0.272251 0.687017 -0.671757 0.277039 0.647295 -0.66042 0.380598 0.647195 -0.607564 0.46044 0.612186 -0.628255 0.48013 0.608658 -0.627343 0.485774 0.739897 -0.623744 0.251984 0.79892 -0.555307 0.231002 0.803467 -0.54447 0.240819 0.802466 -0.514309 0.302548 0.744463 -0.621174 0.244781 0.6886 -0.629523 0.359904 0.689331 -0.629377 0.358758 0.737792 -0.581323 0.343112 0.565442 -0.540311 0.623169 0.544991 -0.53291 0.647296 0.660205 -0.589758 0.465096 0.786754 -0.518975 0.33419 0.79259 -0.497942 0.35193 0.781907 -0.476642 0.401788 0.735776 -0.585064 0.341077 0.647688 -0.510854 0.565268 0.605397 -0.537023 0.587453 0.684811 -0.577237 0.444781 0.654242 -0.500375 0.567091 0.762132 -0.481544 0.432748 0.709648 -0.542826 0.449154 0.769717 -0.45074 0.452073 0.726099 -0.533414 0.433878 0.756781 -0.417429 0.503026 0.698092 -0.45723 0.551006 0.690222 -0.474345 0.546435 0.710407 -0.442294 0.547447 0.441479 -0.527447 0.725876 0.483537 -0.509813 0.711535 0.475365 -0.613215 0.630869 0.423705 -0.602502 0.676362 0.532266 -0.534344 0.656635 0.529472 -0.430825 0.730787 0.529365 -0.43075 0.730908 0.607131 -0.42655 0.670409 0.900827 1.8379e-06 -0.434178 -0.99092 5.69152e-07 -0.134454 -0.99092 -1.10856e-06 -0.134454 0.232467 -0.966378 0.109879 0.333874 -0.92696 0.171093 0.327902 -0.929815 0.167104 0.319129 -0.934034 0.160427 0.298184 -0.944635 0.136935 0.293287 -0.947073 0.130522 0.277821 -0.95506 0.10332 0.260756 -0.963161 0.0657813 0.371657 -0.808511 0.456269 0.379266 -0.821898 0.425018 0.331473 -0.884048 0.329522 0.307276 -0.903774 0.297949 0.334744 -0.879104 0.339296 0.332259 -0.881836 0.334619 0.355942 -0.85646 0.373875 0.365843 -0.847506 0.384567 0.375467 -0.837373 0.397279 0.392907 -0.820299 0.415611 0.418804 -0.797364 0.434527 0.424841 -0.792103 0.438274 0.442406 -0.777056 0.447729 0.391465 -0.814529 0.428132 0.486816 -0.731855 0.476863 -0.289357 -0.865142 0.409636 -0.27495 -0.867572 0.414394 -0.295446 -0.837531 0.459623 -0.255933 -0.817218 0.516385 -0.25853 -0.814861 0.51881 -0.287086 -0.80415 0.520505 -0.226254 -0.777581 0.586666 -0.217386 -0.776964 0.590822 -0.292669 -0.728187 0.619749 -0.186038 -0.738198 0.648424 -0.211358 -0.705825 0.67612 -0.158845 -0.754135 0.637219 -0.172364 -0.718715 0.673602 -0.182809 -0.709973 0.680088 -0.18908 -0.633659 0.75015 -0.185233 -0.663922 0.724498 -0.127687 -0.694244 0.708323 -0.147237 -0.647773 0.74747 -0.13223 -0.654907 0.744051 -0.168776 -0.593074 0.78726 -0.224274 -0.544268 0.808377 0.0743087 -0.728266 0.681254 -0.139229 -0.587019 0.797511 -0.117436 -0.601456 0.790227 0.251436 -0.740281 0.623509 0.179469 -0.734017 0.654988 0.14435 -0.726878 0.671425 0.30789 -0.703817 0.640191 0.128361 -0.72163 0.680275 -0.044593 -0.589307 0.806678 -0.0518649 -0.585774 0.808814 -0.22246 -0.442639 0.868667 -0.190612 -0.417669 0.88838 -0.129419 -0.514699 0.847547 -0.188213 -0.506688 0.841334 -0.121019 -0.413974 0.902208 0.0681148 -0.586263 0.807252 0.0306791 -0.57789 0.815538 -0.10237 -0.500207 0.859834 -0.113143 -0.419319 0.900761 0.378313 -0.650337 0.658742 0.39253 -0.615547 0.683391 0.125724 -0.579585 0.805155 0.141659 -0.58379 0.799451 -0.0102901 -0.51557 0.856785 -0.0151977 -0.419042 0.90784 -0.0566548 -0.47833 0.876351 0.0344039 -0.380652 0.924078 0.230318 -0.574151 0.785687 0.0900796 -0.404722 0.909992 0.0365796 -0.466039 0.884008 0.0861592 -0.51032 0.855658 0.171115 -0.381368 0.908448 0.321922 -0.607355 0.726282 0.293962 -0.573101 0.764946 0.143979 -0.463225 0.874467 0.18794 -0.507919 0.840653 0.313008 -0.401421 0.860748 0.201174 -0.403334 0.892665 0.313672 -0.40195 0.860259 0.257037 -0.472462 0.843037 0.394496 -0.401563 0.826511 0.290043 -0.511849 0.808632 0.387078 -0.52347 0.759045 0.419513 -0.417442 0.806072 0.509308 -0.43049 0.745174 0.366459 -0.493299 0.7889 0.44486 -0.413326 0.79452 0.512276 -0.434196 0.740977 -0.0219996 -0.665417 0.746147 -0.0690172 -0.642995 0.762754 0.142495 -0.685782 0.713721 0.3022 -0.683349 0.664613 0.301033 -0.685431 0.662995 0.262727 -0.642219 0.720089 -0.0182732 -0.704031 0.709934 0.162897 -0.645036 0.746588 0.131398 -0.671755 0.729026 0.0517453 -0.654606 0.754197 -0.51906 -0.675659 -0.523508 -0.472405 -0.691516 -0.546479 -0.819151 0 -0.573578 -0.819151 0 -0.573578 -0.819155 -0.573572 3.58084e-06 -0.819308 -0.573354 7.42889e-05 -0.819118 -0.573625 -8.3474e-05 -0.819183 -0.573532 0.000142674 -0.819181 -0.573536 -4.9431e-06 -0.819155 -0.573573 -7.04108e-06 -0.81914 -0.573593 -7.32129e-05 -0.819183 -0.573532 -4.29093e-05 -0.819149 -0.573581 -2.43669e-05 -0.819133 -0.573604 -4.41853e-05 -0.819125 -0.573616 -3.02585e-05 -0.819252 -0.573434 0.000112043 -0.999139 -0.0348892 0.0224512 -0.819148 -0.573583 -1.29109e-05 -0.819162 -0.573562 -5.73706e-05 -0.819155 -0.573572 -0.000181307 -0.819157 -0.57357 -0.000164531 0 0 1 -4.11857e-05 -6.67939e-05 1 3.71051e-05 -2.52899e-06 -1 -0.000157481 -0.000222278 -1 0.384989 -0.600045 -0.701235 0.422321 -0.392137 -0.817236 0.482928 -0.83472 -0.264617 0.482876 -0.834673 -0.264864 0.461299 -0.885931 -0.0482757 0.475206 -0.879853 0.00622127 -0.506426 0.861762 0.0299941 0.465685 -0.812129 0.351546 0.460333 -0.732205 0.501966 0.378219 -0.651832 0.657317 0.459141 -0.855938 -0.237824 0.335661 -0.41791 0.844206 0.179793 -0.274453 0.944643 0.120378 -0.151153 0.981153 -0.526424 -0.0279506 0.849763 -0.819146 -0.573586 3.0632e-05 -0.819097 -0.573655 5.70371e-05 -0.819139 -0.573596 0 0.819135 0.573601 -4.43144e-05 -0.819191 -0.573521 4.96236e-05 -0.818891 -0.573948 0.0010921 -0.819616 -0.572913 0.000263989 -0.813168 -0.58202 -0.00324059 -0.819144 -0.573589 -2.92378e-05 -0.819247 -0.573435 -0.00277336 -0.819893 -0.572512 -0.00241531 -0.819296 -0.573367 -0.0020079 -0.819152 -0.573577 -1.05515e-05 -0.821725 -0.569867 0.00439163 -0.819167 -0.573555 -1.38594e-05 -0.81915 -0.573579 0.000166197 0 0 1 0.000378789 0.000363591 1 0 0 -1 0 0 -1 0 0 -1 -0.999553 -0.0268109 0.013223 -0.998149 -0.0402727 0.0455699 -0.960023 -0.0332004 0.277945 -0.807254 0.0261486 0.589624 -0.285426 0.0165226 0.958258 -0.930373 -0.121791 0.345793 -0.551844 -0.00295512 -0.833942 -0.495309 -0.0229622 -0.868413 -0.177536 -0.0030446 -0.98411 -0.0306597 0.0174046 0.999378 -0.976323 -0.128437 -0.174059 -0.81916 -0.573566 1.47393e-05 -0.819127 -0.573613 0.000161324 -0.819118 -0.573625 -3.58133e-05 -0.819079 -0.57368 -1.82826e-05 -0.819159 -0.573567 1.29258e-05 -0.996295 -0.0630343 0.0584988 -0.819126 -0.573614 -6.69706e-05 -0.819174 -0.573546 -0.0001251 -0.81913 -0.573608 -4.91845e-05 -0.819109 -0.573637 1.54246e-05 -0.818959 -0.573852 9.06281e-05 -0.819119 -0.573623 1.19311e-05 -0.819176 -0.573543 5.04454e-05 -0.819127 -0.573612 0.000105849 0.819214 0.573488 0.000405786 -0.819174 -0.573545 -4.9132e-06 -0.819165 -0.573558 -4.48399e-05 -0.819161 -0.573564 0.00017709 -0.819103 -0.573647 0.000283644 0 0 1 0 0 1 0.129094 0.0551475 0.990098 -0.187589 -0.457431 0.869234 0.166311 -0.399612 0.901471 0.394508 -0.626066 0.67261 0.463005 -0.521723 0.716541 0.109134 -0.931744 0.346327 -0.467899 -0.258291 -0.845196 0.44439 -0.895788 -0.00906705 0.419538 -0.821566 -0.386028 0.434681 -0.773145 -0.461843 0.326232 -0.682102 -0.654454 0.273606 -0.594202 -0.756349 0.202973 -0.306185 -0.930082 0.270885 -0.340201 -0.900491 -0.819161 -0.573564 6.70955e-05 -0.819239 -0.573452 0.000316511 -0.819127 -0.573613 -0.000163547 -0.819148 -0.573582 -5.82368e-05 -0.819148 -0.573582 -5.99398e-05 -0.819188 -0.573526 7.98667e-05 -0.819124 -0.573617 -4.99003e-05 -0.819032 -0.573748 0.000239751 -0.819214 -0.573489 2.188e-05 -0.819081 -0.573679 2.54659e-05 -0.819192 -0.573519 9.49875e-05 -0.819189 -0.573523 -2.3886e-06 -0.819206 -0.5735 -6.68861e-05 -0.8191 -0.57365 -0.000135328 -0.819181 -0.573535 -4.89123e-05 -0.81914 -0.573593 -0.000319111 -0.819147 -0.573583 -5.66741e-06 -0.819114 -0.573631 -0.000480177 -0.819167 -0.573555 1.02588e-05 -0.819146 -0.573585 -1.36582e-05 0 0 1 0 0 1 -0.880813 -0.0268513 0.472703 -0.756381 -0.0156363 0.653944 -0.763534 -0.0166304 0.645553 -0.562212 -0.0269038 0.826556 -0.403843 -0.00662586 0.914804 -0.127346 0.00343509 0.991852 0.999758 0.0219811 -9.76822e-05 -0.860485 -0.0269322 -0.508763 -0.810626 -0.0280431 -0.584892 -0.743198 -0.0250901 -0.668601 -0.759939 -0.0265641 -0.649452 -0.58131 -0.0191929 -0.813456 -0.632167 -0.0232804 -0.774482 -0.459544 -0.0213006 -0.887899 -0.332498 -0.00789958 -0.943071 -0.210393 -0.00901459 -0.977575 -0.125491 -0.00241473 -0.992092 -0.00220644 -0.000745837 -0.999997 0.253934 -0.904549 -0.342504 0.312769 -0.765887 -0.561777 0.319013 -0.817759 -0.479062 0.253283 -0.893833 -0.370013 0.26891 -0.731666 -0.62638 0.330824 -0.754657 -0.566611 0.232915 -0.854215 -0.464831 0.209814 -0.89632 -0.390627 0.210124 -0.899432 -0.383236 0.246499 -0.74527 -0.619524 0.229033 -0.733129 -0.640364 0.20666 -0.829167 -0.519398 0.097624 -0.960283 -0.261393 0.166216 -0.736692 -0.655482 0.171439 -0.75255 -0.635828 0.137281 -0.859336 -0.492641 0.134376 -0.845407 -0.516943 0.117289 -0.899744 -0.420362 0.107902 -0.908106 -0.404599 -0.00396734 -0.713603 -0.700539 0.0626681 -0.749066 -0.659525 0.00373063 -0.940335 -0.34023 -0.00663689 -0.840672 -0.541505 -0.05707 -0.761634 -0.64549 -0.101756 -0.742066 -0.662558 -0.00423586 -0.938371 -0.345604 -0.0132841 -0.838517 -0.544714 -0.0123372 -0.940134 -0.340581 -0.0435631 -0.917552 -0.395221 0.126954 -0.721949 -0.6802 0.0575696 -0.737857 -0.672497 0.0380003 -0.8294 -0.557361 0.0415004 -0.824005 -0.56506 0.0512808 -0.907191 -0.417582 -0.246054 -0.753113 -0.610146 -0.285622 -0.732692 -0.617723 -0.307098 -0.763925 -0.567547 -0.262616 -0.868273 -0.420873 -0.276006 -0.855022 -0.439042 -0.263542 -0.867019 -0.422875 -0.258656 -0.911783 -0.31898 -3.80363e-06 -0.933594 -0.358333 2.24331e-05 -0.933556 -0.35843 0.000316573 -0.933725 -0.357992 0.000435161 -0.933771 -0.357871 -1.31496e-07 -0.933595 -0.358329 -3.84252e-05 -0.933451 -0.358705 -0.00333501 -0.934714 -0.355384 7.2564e-05 -0.933573 -0.358389 -2.18572e-05 -0.933581 -0.358366 0.000146171 -0.933547 -0.358454 -0.000791713 -0.933756 -0.35791 0.00026555 -0.933563 -0.358413 0.000436342 -0.933543 -0.358465 0.000160641 -0.933892 -0.357555 0.00024365 -0.933824 -0.357732 0.000327915 -0.93378 -0.357847 9.30508e-05 -0.933871 -0.357611 1.51837e-05 -0.933581 -0.358367 0.993459 0.110687 -0.0280497 0.0677291 0.993596 -0.0904379 0.881213 0.440206 -0.172284 0.925427 0.332996 -0.180825 0.966405 0.193693 -0.16895 0.0807792 0.993544 -0.0796512 0.992894 0.0790543 -0.0889496 0.263324 0.962949 -0.0582239 0.291325 0.95442 -0.0648992 0.940989 0.337034 -0.0307786 0.0927354 0.995479 -0.0205582 0.290499 0.956827 0.00960833 0.958074 0.28582 0.0200449 0.967906 0.248869 0.0349467 0.0936158 0.995539 0.0117218 0.919865 0.377094 0.107931 0.0508163 0.997939 0.0391856 0.974086 0.0973521 0.204155 0.148501 0.982727 -0.110427 0.0895079 0.992605 -0.0820008 0.986995 0.103913 -0.122653 0.952956 0.283975 -0.105989 0.970473 0.210231 -0.118259 0.907337 0.400612 -0.127475 0.906749 0.40183 -0.127825 0.0974656 0.994139 -0.0467861 0.725114 0.68527 -0.0679325 0.995191 0.079623 -0.0570566 0.866187 0.494536 -0.0718011 0.535105 0.84264 -0.0601686 0.269289 0.96179 -0.0494216 0.420496 0.904632 -0.0694596 0.995383 0.0775465 -0.0565571 0.129905 0.990712 -0.0401828 0.0836824 0.995594 -0.0423026 0.804805 0.590941 -0.0554744 0.269712 0.961676 -0.0493446 0.895181 0.442352 -0.0545457 0.0983202 0.994923 -0.0214693 0.385485 0.922336 -0.026414 0.986583 0.157596 -0.0426358 0.232036 0.97215 -0.0329105 0.249021 0.968379 -0.0151993 0.312775 0.949301 -0.031616 0.939338 0.340734 0.0392917 0.991694 0.125099 0.0298919 0.995687 0.0838426 0.0397289 0.086174 0.996269 -0.00461158 0.251006 0.967973 -0.00495168 0.0888445 0.996038 -0.003966 0.909284 0.415714 0.0196034 0.0663995 0.997751 0.00917277 0.150698 0.988575 0.00315893 0.962223 0.266547 0.0555001 0.399857 0.91635 0.0204293 0.994258 0.0726066 0.0786132 0.993515 0.0874308 0.0726842 0.992218 0.105368 0.0663422 0.99558 0.062877 0.0697574 0.278759 0.960113 0.021807 0.258579 0.965663 0.0251334 0.0934757 0.995264 0.0266875 0.840047 0.535158 0.0890358 0.242334 0.969582 0.0344177 0.0875197 0.99586 0.0245431 0.955075 0.285021 0.0812079 0.954832 0.266131 0.132171 0.960034 0.248106 0.129526 0.985354 0.100439 0.137803 0.938375 0.329684 0.103734 0.160238 0.985497 0.0558602 0.359015 0.929891 0.0800717 0.267705 0.959636 0.0862167 0.317584 0.942587 0.1033 0.474181 0.872391 0.118688 0.952375 0.222727 0.208265 0.910955 0.359482 0.20232 0.570858 0.805582 -0.158617 0.12088 0.989753 -0.0760079 0.573875 0.805865 -0.145771 0.347014 0.929901 -0.121921 0.987223 0.0176127 -0.158367 0.239554 0.966122 -0.0960369 0.834494 0.530012 -0.150686 0.987174 0.0698 -0.143584 0.989716 0.0472461 -0.13502 0.967822 0.208018 -0.141593 0.838903 0.53035 -0.122357 0.0847207 0.994159 -0.0668589 0.222306 0.970902 -0.089042 0.103441 0.992438 -0.0660748 0.630983 0.767142 -0.115558 0.282273 0.956108 -0.0786104 0.893675 0.43897 -0.0930064 0.074636 0.995348 -0.0609293 0.189729 0.979288 -0.0707 0.436263 0.895811 -0.0848347 0.605951 0.791599 -0.0787033 0.120585 0.989047 -0.0851194 0.965221 0.244144 -0.0934994 0.992892 0.0790749 -0.0889487 0.436294 0.897225 -0.068078 0.870844 0.4861 -0.0730673 0.814859 0.573503 -0.0842555 0.955435 0.287174 -0.0683748 0.651129 0.755478 -0.0726876 0.760698 0.645532 -0.0680204 0.375063 0.925627 -0.050417 0.544644 0.836893 -0.0545357 0.541609 0.838912 -0.0537336 0.711106 0.701072 -0.0531659 0.647376 0.76091 -0.0438228 0.225889 0.973536 -0.0346767 0.787695 0.614979 -0.0365775 0.0803294 0.996396 -0.0272282 0.98129 0.189442 0.0343894 0.522274 0.852546 -0.0198887 0.800113 0.59835 -0.0423823 0.703015 0.710531 -0.0302568 0.946744 0.32097 -0.0255663 0.906387 0.422255 -0.0127933 0.829236 0.558515 -0.0207135 0.514655 0.857106 -0.0223694 0.412151 0.911026 -0.0127473 0.665267 0.746445 0.0154695 0.995998 0.0891672 0.0061674 0.993108 0.117186 -0.00188913 0.653097 0.757251 0.00600843 0.763311 0.646029 0.00193206 0.842702 0.537886 0.0230567 0.91887 0.394301 0.014303 0.816134 0.577863 -0.000786399 0.4706 0.882326 0.00597256 0.591046 0.806619 -0.00549107 0.64896 0.76071 0.0130635 0.387097 0.922021 -0.00579568 0.536331 0.843942 0.01052 0.214298 0.976681 0.0130905 0.293517 0.955949 0.00311281 0.0860596 0.996286 -0.00272914 0.771136 0.636177 0.0250683 0.680021 0.733159 0.00701431 0.120296 0.991922 0.0402483 0.927888 0.370738 0.0397214 0.818171 0.569493 0.0792154 0.815568 0.578369 0.0183917 0.837923 0.545022 0.0289204 0.987151 0.151288 0.0514281 0.959759 0.276731 0.0477691 0.546223 0.837174 0.0279248 0.984185 0.165449 0.0633032 0.988078 0.134027 0.0757594 0.495829 0.866804 0.0529637 0.512779 0.857131 0.0488314 0.913555 0.400607 0.0702265 0.775949 0.627646 0.0629607 0.386357 0.921138 0.0472562 0.364169 0.930991 0.0252125 0.657782 0.750805 0.0601236 0.859031 0.507916 0.0639372 0.969098 0.231986 0.0838584 0.984452 0.151709 0.0885319 0.99163 0.0733355 0.106265 0.963426 0.253351 0.087309 0.838937 0.536978 0.0885354 0.769172 0.633305 0.085435 0.275902 0.960069 0.0463183 0.449686 0.88979 0.0778266 0.497212 0.867596 0.00756176 0.884889 0.458343 0.0830263 0.632944 0.770229 0.0782933 0.562349 0.82512 0.0542241 0.569931 0.816202 0.0948305 0.867162 0.484313 0.116065 0.747142 0.660432 0.0748855 0.823382 0.558466 0.100787 0.990189 0.0779878 0.115944 0.96348 0.249063 0.0983598 0.114129 0.993334 0.016213 0.24299 0.968246 0.0587917 0.959557 0.251701 0.126083 0.988115 0.0777728 0.132587 0.119159 0.990708 0.065559 0.714115 0.692968 0.0991693 0.843174 0.524122 0.119803 0.0611446 0.997604 0.0323824 0.554945 0.825388 0.10378 0.628595 0.765655 0.136534 0.0947703 0.995075 0.0290549 0.263263 0.961893 0.0738559 0.985392 0.0983353 0.139039 0.946269 0.281253 0.159597 0.0916309 0.994249 0.0554371 0.903269 0.37332 0.211511 0.43784 0.894234 0.0929547 0.973492 0.125679 0.191098 0.772216 0.623585 0.121752 0.848224 0.508767 0.147216 0.583617 0.800248 0.137824 0.885485 0.44509 0.133462 0.865512 0.473459 0.163482 0.942884 0.285755 0.171214 0.982258 0.075574 0.171632 0.979174 0.125175 0.159843 0.647403 0.748361 0.144308 0.521496 0.840048 0.149535 0.943373 0.28486 0.170005 0.974434 0.0955946 0.203323 0.762487 0.624069 0.170738 0.828812 0.526342 0.189829 0.731192 0.658342 0.17873 0.854855 0.485301 0.183594 0.974443 0.0875865 0.206854 0.943983 0.226779 0.239722 0.9486 0.234798 0.212196 0.967402 0.079603 0.240409 0.390833 0.909997 -0.138403 0.836508 0.517563 -0.179955 0.703202 0.69121 -0.166541 0.37767 0.91513 -0.141077 0.962325 0.216803 -0.164095 0.723162 0.673476 -0.153189 0.397181 0.910977 -0.111213 0.212955 0.971687 -0.102344 0.570348 0.808298 -0.146141 0.705363 0.693374 -0.147292 0.971671 0.1876 -0.143741 0.912885 0.379583 -0.150189 0.584374 0.80135 -0.127848 0.822213 0.54971 -0.147597 0.923742 0.354343 -0.145406 0.720876 0.679644 -0.135729 0.412155 0.904803 -0.10705 0.222965 0.970758 -0.0889647 0.964949 0.230571 -0.125343 0.989181 0.0873715 -0.117848 0.728778 0.670426 -0.139326 0.585447 0.803855 -0.105207 0.226487 0.971864 -0.0646908 0.42098 0.900405 -0.109755 0.775822 0.623364 -0.097557 0.778352 0.619969 -0.099028 0.635571 0.76633 -0.093743 0.273927 0.958453 -0.0795763 0.168378 0.983646 -0.0639501 0.459364 0.883459 -0.092116 0.87794 0.467995 -0.101001 0.767307 0.632456 -0.106013 0.424231 0.903269 -0.0642972 0.601919 0.794415 -0.0812317 0.953602 0.292827 -0.0699672 0.733139 0.677155 -0.0629967 0.894898 0.44294 -0.0544246 0.564794 0.824485 -0.0350999 0.437575 0.898476 -0.035617 0.701015 0.712466 -0.0311485 0.974498 0.224392 0.0014707 0.498521 0.866767 0.0138672 0.298161 0.953646 0.0407314 0.644918 0.762642 0.0495858 0.678842 0.733341 0.0371911 0.91079 0.410021 0.0484251 0.959976 0.2741 0.0575719 0.79577 0.602932 0.0567692 0.914846 0.397725 0.0697927 0.852958 0.518466 0.0604621 0.920623 0.376447 0.103637 0.40591 0.912259 0.0549544 0.408347 0.911224 0.0540673 0.740296 0.659279 0.13158 0.33907 0.934331 0.109804 0.394371 0.918338 0.0335676 0.436112 0.895502 0.0887873 0.590423 0.802404 0.086884 0.90172 0.409881 0.13747 0.296906 0.952703 0.0648297 0.167147 0.984543 0.052309 0.901046 0.41172 0.136393 0.834497 0.536523 0.125528 0.389531 0.915421 0.101342 0.509873 0.853164 0.110184 0.876172 0.442964 0.190015 0.939875 0.299795 0.163581 0.971446 0.166774 0.168759 0.782362 0.601036 0.163297 0.83182 0.530148 0.164375 0.699781 0.704245 0.119773 0.90762 0.36642 0.204848 0.949828 0.225172 0.217079 0.908551 0.380449 0.172609 0.223442 0.968163 -0.112848 0.396399 0.911361 -0.110851 0.574744 0.8088 -0.124545 0.0834212 0.995034 0.0543026 0.0576187 0.997619 0.0378923 0.172746 0.981851 0.0782725 0.32151 0.939495 0.118238 0.263208 0.960513 0.0902059 0.461901 0.874412 0.148499 0.39596 0.909499 0.126599 0.48286 0.863036 0.14838 0.566701 0.807137 0.165466 0.528842 0.83569 0.14815 0.0811382 0.994815 0.0613122 0.0785102 0.995145 0.0593522 0.667581 0.720834 0.186371 0.646314 0.742297 0.176843 0.71747 0.669269 0.193172 0.762651 0.611131 0.211855 0.259312 0.959668 0.108605 0.258443 0.959974 0.107971 0.800695 0.561735 0.208186 0.391414 0.90895 0.143544 0.478049 0.862443 0.166318 0.391008 0.909157 0.143338 0.834548 0.50415 0.222177 0.477515 0.862742 0.1663 0.868525 0.445132 0.217993 0.907963 0.34713 0.234744 0.637003 0.741186 0.211826 0.573934 0.796245 0.191295 0.561848 0.806583 0.183717 0.967282 0.0900859 0.237172 0.95562 0.0944107 0.279065 0.933553 0.276612 0.227956 0.708786 0.668248 0.225981 0.79073 0.560544 0.246044 0.6977 0.681988 0.219333 0.775663 0.579625 0.249763 0.856182 0.443607 0.264888 0.867663 0.423049 0.261133 0.920729 0.27524 0.276588 0.923432 0.258114 0.283992 0.95549 0.0871257 0.281866 0.438131 0.872789 0.21513 0.529112 0.810387 0.251621 0.946055 0.0932717 0.310291 0.90841 0.278144 0.312134 0.568672 0.774054 0.278305 0.598642 0.758746 0.256773 0.675412 0.665711 0.31725 0.920846 0.0837172 0.380834 0.815402 0.458048 0.353994 0.74672 0.567328 0.3472 0.822725 0.447193 0.350917 0.911889 0.101377 0.39772 0.877928 0.272215 0.393881 0.807797 0.345149 0.477845 0.801572 0.454953 0.387943 0.842621 0.311539 0.439242 0.870549 0.216724 0.441787 0.847114 0.222897 0.482406 0.866629 0.0946405 0.489895 0.0696908 0.995124 0.0697963 0.471469 0.862125 0.18563 0.531791 0.824804 0.192086 0.578706 0.784399 0.223199 0.124727 0.987361 0.0977774 0.673103 0.695999 0.250035 0.67844 0.678065 0.282749 0.928969 0.146981 0.339726 0.944646 0.0730749 0.319851 0.930772 0.0651907 0.359741 0.930728 0.136163 0.339418 0.885439 0.316717 0.340131 0.895597 0.254277 0.365034 0.845458 0.359641 0.394791 0.804433 0.441361 0.397602 0.871786 0.22287 0.436256 0.905598 0.0651803 0.419098 0.879991 0.268922 0.391532 0.894937 0.0839182 0.438231 0.870494 0.225132 0.43767 0.891736 0.0554463 0.449147 0.252501 0.960061 0.120524 0.394329 0.905934 0.154235 0.387343 0.908805 0.155043 0.280546 0.950894 0.130744 0.406498 0.895199 0.182695 0.427158 0.885545 0.182609 0.534152 0.810876 0.239084 0.780192 0.559151 0.280449 0.53576 0.809404 0.240472 0.760257 0.583071 0.286422 0.280697 0.951783 0.123765 0.276941 0.95252 0.12653 0.431941 0.875545 0.216444 0.595788 0.762386 0.252597 0.645905 0.710125 0.280231 0.849923 0.421559 0.316099 0.770994 0.552769 0.316251 0.786568 0.531634 0.314128 0.702727 0.626676 0.336826 0.732626 0.606019 0.309838 0.802286 0.454241 0.387302 0.155434 0.98422 0.0845647 0.261789 0.955763 0.134103 0.665854 0.705638 0.242311 0.847277 0.430596 0.310981 0.908669 0.262816 0.32442 0.899846 0.280042 0.334444 0.827473 0.448033 0.338461 0.826792 0.450908 0.336298 0.929793 0.148481 0.336805 0.929903 0.138432 0.34076 0.938843 0.0507801 0.34058 -0.617192 0.773944 -0.141719 -0.618789 0.785024 0.0289391 -0.623842 0.780827 0.0336255 -0.615021 0.787591 0.038076 -0.63769 0.768495 0.0525948 -0.0998199 0.994826 -0.0188817 -0.998728 -0.0245724 -0.0440241 -0.129306 0.991133 -0.0306003 -0.0737469 0.99693 -0.0263219 -0.99315 0.116155 -0.0126729 -0.998758 -0.0496528 0.00416548 -0.0935888 0.994824 -0.039586 -0.969879 0.237158 0.055594 -0.992902 0.0133641 -0.118185 -0.949531 0.299124 -0.0944211 -0.881751 0.463174 -0.0893525 -0.99658 0.0653369 -0.0505924 -0.975101 0.216722 -0.0470133 -0.0971294 0.994202 -0.0461278 -0.605738 0.795633 0.00705876 -0.972581 0.226585 -0.0524073 -0.317638 0.947637 -0.0330341 -0.947978 0.318152 -0.0108587 -0.0752471 0.996104 -0.0459923 -0.843555 0.534287 0.0543435 0.0396302 -0.999154 0.0109884 -0.0839966 0.996439 -0.00739459 -0.0804744 0.996731 -0.00712826 -0.249004 0.968179 -0.0250431 -0.440351 0.896662 -0.0456871 -0.471835 0.880506 -0.0456128 -0.239872 0.970495 -0.0245131 -0.989661 0.118532 -0.0807582 -0.48584 0.87316 -0.0393861 -0.972844 0.223478 -0.0602655 -0.703934 0.708559 -0.049206 -0.843347 0.53683 -0.024076 -0.102564 0.993925 -0.0399293 -0.850756 0.525539 -0.0047584 -0.998288 -0.0261835 0.052303 -0.964532 0.262755 0.0252778 -0.994488 0.0980144 0.037238 -0.305792 0.951392 -0.0366734 -0.770051 0.637345 0.0284875 -0.983481 0.126072 -0.129887 -0.797773 0.594258 -0.102055 -0.578526 0.812531 -0.0714204 -0.678059 0.730837 -0.0781934 -0.441253 0.896145 -0.0471108 -0.325664 0.944676 -0.0391272 -0.965046 0.237926 -0.109896 -0.485085 0.873144 -0.0480834 -0.463549 0.884745 -0.0484549 -0.711689 0.699718 -0.0624026 -0.310123 0.950222 -0.0300247 -0.684137 0.728197 -0.0410554 -0.919543 0.391606 -0.0329532 -0.361877 0.931861 -0.0260688 -0.908705 0.417264 0.0121067 -0.391586 0.919134 -0.0430387 -0.585731 0.80988 -0.0318425 -0.934142 0.356515 -0.0166038 -0.943035 0.332693 0.000741473 -0.344029 0.938499 -0.0293853 -0.619402 0.784778 -0.0215505 -0.829289 0.558803 0.00435029 -0.952041 0.30484 0.0262789 -0.260252 0.964905 -0.0350204 -0.886449 0.450071 -0.10791 -0.878296 0.469613 -0.0897786 -0.677371 0.731653 -0.0764936 -0.729904 0.679953 -0.0700384 -0.976 0.201759 -0.0819597 -0.716322 0.695057 -0.0614678 -0.865673 0.496007 -0.067729 -0.888743 0.454014 -0.063303 -0.24032 0.970295 -0.0278411 -0.076059 0.996972 -0.0161723 -0.872204 0.486443 -0.0513094 -0.700568 0.71265 -0.036525 -0.583203 0.811753 -0.0305153 -0.828492 0.559726 -0.0175672 -0.345347 0.938005 -0.0296802 -0.619499 0.784698 -0.0216815 -0.997615 0.0681459 0.0109744 -0.959133 0.282845 0.00792831 -0.647393 0.761985 -0.0161535 -0.776854 0.629445 -0.0172612 -0.912878 0.407748 0.0199095 -0.436287 0.899432 -0.0259954 -0.951404 0.284096 -0.118824 -0.920257 0.37303 -0.118219 -0.937975 0.340452 -0.0655329 -0.836042 0.547807 -0.0306834 -0.899355 0.409903 0.152122 -0.772663 0.633344 0.0432068 -0.598421 0.767824 0.228777 -0.982558 0.108106 0.151305 -0.97629 0.158554 0.147372 -0.704391 0.709415 -0.023763 -0.693338 0.633771 0.342954 -0.588482 0.8055 0.0697033 -0.413148 0.910233 0.028012 -0.610989 0.739312 0.283037 -0.525829 0.85056 0.00718272 -0.888073 0.45033 0.0923558 -0.886197 0.454164 0.0916017 -0.89218 0.439455 0.104372 -0.996424 0.0387977 0.0750567 0.030913 0.996901 -0.0723341 -0.323253 0.946281 -0.00775426 -0.566222 0.823632 0.0319865 -0.0686381 -0.992687 0.0993001 -0.514616 0.857276 0.015738 -0.418013 0.896837 -0.144734 -0.133221 0.991002 -0.0129259 -0.511451 0.830821 0.219442 -0.469215 0.866979 0.167884 -0.144677 0.989478 0.00108377 -0.469824 0.866712 0.167555 -0.920777 0.386265 0.0544875 -0.648465 0.759947 0.0444374 -0.987452 0.0587301 0.146596 -0.965179 0.206518 0.160561 -0.672914 0.737933 0.0513997 -0.746371 0.662269 0.0658005 -0.852995 0.515781 0.0798155 -0.992557 0.0143362 0.120933 -0.988588 0.0871654 0.122867 -0.764829 0.6412 0.0624429 -0.743983 0.665815 0.0563926 -0.947271 0.300428 0.111449 -0.954088 0.278466 0.110328 -0.82287 0.557944 0.107626 -0.818725 0.567132 0.0897223 -0.936437 0.327245 0.126477 -0.938718 0.323777 0.118224 -0.947956 0.295975 0.117382 -0.986347 0.0835535 0.141911 -0.868149 0.488225 0.0891877 -0.866962 0.490097 0.0904574 -0.465999 0.884738 0.0091299 -0.325804 0.945294 -0.0164789 -0.303221 0.952688 -0.0210641 -0.16909 0.984685 -0.0424714 -0.0476971 0.996915 -0.0623415 -0.96914 0.210369 0.128499 -0.703191 0.709493 0.0462694 -0.83556 0.539862 0.101922 -0.984876 0.136792 0.106338 -0.961368 0.260177 0.0898871 -0.781044 0.618128 -0.0888131 -0.631742 0.764245 -0.129739 -0.567747 0.822913 0.0218578 -0.424255 0.905542 -0.00115546 0.0482839 0.995697 -0.0790914 -0.190759 0.98081 -0.0402786 -0.160038 0.985087 -0.0631722 -0.254657 0.967026 -0.00329796 -0.531042 0.841715 -0.0975255 -0.149164 0.984325 -0.094097 -0.185343 0.976881 -0.106541 -0.515398 0.850851 -0.102061 -0.475036 0.838589 -0.266662 -0.983385 0.0933981 0.155666 -0.142986 0.987508 -0.0662084 -0.245369 0.967026 -0.0682242 -0.741333 0.667095 0.0735481 -0.806539 0.553693 -0.207167 -0.965262 0.228655 0.126439 0.904632 0.260415 -0.337381 -0.949574 -0.0368661 0.311368 -0.960457 -0.0706317 0.269322 -0.157947 0.98561 -0.060221 -0.952851 0.251757 0.169391 -0.977425 0.0960346 0.188198 -0.976818 0.104617 0.186764 -0.819478 0.55498 0.143012 -0.111142 0.991871 -0.0619653 -0.913137 0.374208 0.161709 -0.952298 0.231531 0.198804 -0.928372 0.253441 0.271833 -0.84619 0.490231 0.208892 -0.697706 0.707193 0.114386 -0.940253 0.20073 0.275012 -0.12567 0.990481 -0.0561573 -0.830572 0.525366 0.184775 -0.863638 0.466242 0.191698 -0.137688 0.988771 -0.0580792 -0.15698 0.986471 -0.0472526 -0.123494 0.990663 -0.057757 -0.457577 0.88894 0.0202126 -0.322949 0.946384 -0.00778668 -0.888677 0.432814 0.151409 -0.83329 0.50911 0.215488 -0.633997 0.76889 -0.0828028 -0.501711 0.855968 0.124919 -0.92206 0.31198 0.229071 -0.900505 0.349895 0.258196 0.142422 -0.989068 0.0382107 -0.159705 0.985875 0.0504422 -0.287343 0.957793 -0.00821105 -0.937469 0.260558 0.230786 -0.48987 0.870642 0.0448225 -0.950295 0.206863 0.232694 -0.561875 0.825251 0.0570793 -0.554214 0.830913 0.0492984 -0.677147 0.73182 0.0768865 -0.744203 0.660021 0.102638 -0.813905 0.568153 0.121492 -0.881454 0.448058 0.149275 -0.383694 0.923283 0.0180957 -0.940894 0.224271 0.253814 -0.435137 0.898764 0.05365 -0.858004 0.475339 0.194635 -0.688582 0.707761 0.157892 -0.663719 0.741396 0.0990406 -0.27849 0.960312 -0.015601 -0.443665 0.895923 0.0219822 -0.435754 0.899379 0.0351533 -0.686304 0.718082 0.115516 -0.709713 0.695732 0.110747 -0.864874 0.472931 0.168316 -0.93959 0.2792 0.198036 -0.960939 0.165311 0.221966 -0.862756 0.477311 0.166811 -0.710147 0.695246 0.111014 -0.326143 0.94526 -0.0107335 -0.626829 0.771127 0.111579 0.0181283 -3.80849e-06 -0.999836 0.0181368 -8.25956e-06 -0.999836 0.0180068 -7.12782e-05 -0.999838 0.0181331 0 -0.999836 -0.933337 0 0.359001 -0.933337 6.65133e-07 0.359002 -0.933381 -2.60061e-05 0.358886 -0.933346 1.34415e-05 0.358979 -0.903223 0.0926823 0.419045 -0.763579 -0.00697949 0.645676 -0.757483 -0.0159405 0.65266 -0.620337 0.0154585 0.784183 -0.625875 0.0124816 0.779824 -0.426447 -0.00810503 0.904476 -0.220803 0.00808581 0.975285 0.353257 0.00457475 0.935515 0.508241 0.00501942 0.861201 0.563462 -0.000859163 0.826142 0.63311 0.0023781 0.774058 0.754662 0.00421303 0.6561 0.843264 0.00291826 0.537493 0.970272 0.00279793 0.242002 0.996446 0.00227918 0.0842023 0.998041 0.00769555 -0.0620884 0.977853 0.00161502 -0.209285 0.952472 0.00122738 -0.304624 0.947956 0.000227206 -0.318401 0.918836 0.000489248 -0.394639 0.857872 0.0037878 -0.513849 0.738841 0.0146559 -0.67372 0.443632 0.0122363 -0.896126 0.258784 -0.0131588 -0.965846 0.203096 0.0101682 -0.979106 0.0545011 -0.014561 -0.998408 -0.146129 0.123591 -0.981515 -0.401709 0.00190227 -0.915765 -0.64735 0.0130959 -0.762081 -0.974117 -0.141909 0.175948 -0.977037 -0.100482 0.187888 0.674923 -0.00504512 0.737871 0 -1 0 0.797078 -0.00517569 0.603854 0.420629 -0.00718121 0.907204 0.92629 -0.0114698 0.376636 0.917001 -0.00462138 0.398859 0.14876 0.0102328 0.98882 0.238115 -0.00817251 0.971203 0 -1 0 0 -1 0 0 -1 0 0.98087 -0.00462401 0.19461 0.0375042 -0.0189443 0.999117 0.999994 -0.00358658 0 0.988833 -0.000714069 -0.149026 -0.163952 -0.0198819 0.986268 0.969069 -0.00180422 -0.246782 0 -1 0 0 -1 0 0.900934 -0.00742182 -0.433894 0 -1 0 -0.448223 -0.022653 0.893635 0 -1 0 0 -1 0 0 -1 0 0 -1 0 0 -1 0 0.811945 -0.00368618 -0.583723 0 -1 0 0 -1 0 0 -1 0 0.663756 -0.0327272 -0.747233 0.460146 0.00164674 -0.887842 0 -1 0 0 -1 0 0 -1 0 0 -1 0 0 -1 0 0 -1 0 -0.305044 -0.236595 -0.922481 0 -1 0 -3.43575e-05 -1 -3.18874e-05 -0.000145516 -1 -4.03365e-05 0.742761 0.302862 -0.597144 0.775871 0.31492 -0.546671 0.840669 0.120274 -0.528025 0.864853 -0.00279675 -0.502017 0.802495 -0.00669433 -0.596621 -0.0957489 0.987106 -0.128272 0.0301469 0.838365 -0.544275 0.142211 0.654228 -0.742807 0.00526936 0.544189 -0.838946 -0.271727 0.608593 -0.745506 -0.400332 0.667629 -0.627698 -0.218515 0.931789 -0.289864 -0.546659 0.7856 -0.289821 -0.428446 0.888079 -0.166584 -0.132888 0.581951 -0.802293 -0.271707 0.598046 -0.754001 -0.406743 0.55532 -0.725382 -0.499331 0.604238 -0.620939 -0.501701 0.660518 -0.558581 -0.542472 0.7192 -0.434137 -0.560958 0.611152 -0.558407 -0.169496 0.959058 -0.226888 -0.617116 0.674027 -0.406024 -0.158941 0.974698 -0.15717 -0.269273 0.907795 -0.321558 -0.199831 0.961831 -0.186948 -0.40602 0.758251 -0.5101 -0.271462 0.858076 -0.435906 -0.368676 0.830407 -0.417735 -0.353804 0.87375 -0.333742 -0.409706 0.863876 -0.293017 -0.422879 0.851984 -0.308702 -0.965943 0.227404 0.123461 -0.95002 0.00620026 0.312127 -0.178149 0.947613 -0.265127 -0.891254 0.448027 -0.0702653 -0.807278 0.589193 0.0339658 -0.602398 0.780213 -0.168475 -0.789499 0.605154 -0.102378 -0.64631 0.704479 -0.293245 -0.679811 0.73151 0.0524328 -0.973338 0.201052 0.110417 -0.299761 0.940666 -0.159028 0.77979 0.340057 0.525632 0.758877 0.00477965 0.651217 0.699003 0.00829578 0.715071 0.731813 0.496204 0.467153 0.66144 0.00243361 0.749994 0.70306 0.496257 0.509348 0.723821 0.177296 0.66682 0.630782 0.613524 0.475081 0.57781 0.238103 0.780668 0.520709 0.0129695 0.853635 0.57055 0.229186 0.788636 0.847015 0.225702 0.481273 -0.742003 0.0161278 -0.670203 0.635682 0.617796 0.462856 0.389163 0.731386 0.560023 0.508691 0.775764 0.373395 0.25868 0.855914 0.447769 0.491497 0.374553 0.78622 0.310263 0.891036 0.331347 0.233628 0.575637 0.78362 0.496709 0.375101 0.782674 0.0589179 0.997276 0.0443835 0.0392516 0.914333 0.403056 0.287987 0.623106 0.727188 0.0907962 0.749289 0.65599 0.394109 0.1495 0.906823 -0.959749 0.261677 0.10201 -0.793933 0.602435 0.0821096 -0.888723 0.382997 0.251961 -0.819102 0.560494 0.12214 -0.325908 0.937854 0.119221 -0.767915 0.629293 0.119566 -0.680194 0.671455 0.294082 -0.577245 0.798804 0.169414 -0.00531641 0.997379 0.0721567 -0.226554 0.973757 0.0216959 0.81179 0.344789 0.471293 -0.993737 0.0128008 -0.111009 -0.954426 0.293984 -0.0514294 -0.970987 0.231409 -0.0602896 -0.952565 0.304002 -0.0142502 -0.993652 -9.36181e-07 -0.112499 0.999906 0.0030085 0.0134073 -0.997171 0.00226067 -0.0751364 0.986864 -0.00833137 0.16134 0.983594 0.000753177 0.180393 0.983665 0.000109298 0.180009 0.978463 -0.0343518 0.203543 -0.648086 0.707994 0.280589 -0.649118 0.706708 0.281442 6.43143e-05 1 -2.78705e-05 1.44313e-05 1 2.98923e-05 -0.917551 -8.84497e-06 0.397618 -0.917542 6.02511e-06 0.397639 0 1 0 0 1 0 0 1 0 0.983666 -4.70538e-06 0.180005 0.983664 1.59248e-06 0.180014 -0.983665 0.000103827 -0.180009 -0.993836 0.0838806 0.0724915 -0.974819 -0.0157888 0.222438 -0.876138 0.0400806 0.480391 -0.854218 -0.0147674 0.519705 -0.674495 -0.0719039 0.734769 -0.462576 0.0332218 0.885957 -0.137235 0.0125232 0.990459 -0.155819 0.00421272 0.987777 0.172553 -0.00363836 0.984994 0.174524 -0.0030616 0.984648 0.414613 -0.00951322 0.909948 0.360794 0.000786982 0.932645 0.587412 0.00722547 0.809256 0.639182 -0.00951378 0.768996 0.862038 -0.025504 0.506201 0.773902 0.0128511 0.633175 0.937919 0.00748571 0.346773 0.97644 -0.0130326 0.215397 0.994607 0.0130921 0.102889 0.996926 -0.00598618 -0.0781231 -0.994457 0.0761478 -0.0724987 0.984205 0.00194729 -0.177023 0.914233 0.0148314 -0.404917 0.891844 -0.00495628 -0.452316 -0.684013 0.0140314 0.729335 0.744422 0.00832647 -0.667657 0.746634 0.00731714 -0.665195 0.565078 -0.000414709 -0.825037 0.51804 0.0107546 -0.855289 0.415438 -0.00501454 -0.909608 0.132691 0.127529 -0.982919 0.254397 0.0141857 -0.966996 0.9931 0.0762617 -0.0890884 -0.110723 0.0996124 -0.988847 -0.237867 -0.0308132 -0.970809 -0.485005 0.0572627 -0.872635 -0.602695 -0.059772 -0.79573 -0.755765 0.0310855 -0.654105 -0.864057 -0.0646039 -0.499232 -0.945097 0.0376277 -0.324617 -0.989245 -0.0445583 -0.139318 -1.61702e-05 1 1.40385e-05 -3.05088e-05 1 -2.65522e-05 0 1 0 6.74044e-05 1 6.40942e-05 0 1 0 -9.96203e-06 1 3.40922e-06 0 1 0 -5.62214e-06 1 -4.29169e-05 0 1 0 0 1 0 0 1 0 0 1 0 -1.14963e-05 1 4.23324e-05 -9.68006e-06 1 -3.85499e-06 0 1 0 0 1 0 1.85844e-05 1 -4.27649e-05 0 1 0 0 1 0 -0.000419647 1 0.000695354 0.000702589 1 -0.000571448 0 1 0 0 1 0 0 1 0 -0.00013232 1 2.77834e-06 0 1 0 0 1 0 4.62999e-05 1 -2.93713e-05 2.95414e-07 1 -1.05027e-05 0 1 0 0 1 0 0 1 0 0 1 0 4.18865e-05 1 4.27914e-07 0 1 0 0 1 0 0 1 0 0 1 0 0 1 0 0 1 0 0.0381678 0.998693 -0.0340047 0.0161772 0.999712 0.0177049 0.0272467 0.998616 -0.0449846 -0.0138037 0.999713 -0.0195852 0 1 0 0 1 0 0 1 0 0 1 0 0 1 0 0 1 0 0.0016659 0.999998 -0.00132722 0.00508785 0.999987 0.000526321 0 1 0 0 1 0 0 1 0 0.00442876 0.999989 0.00163743 0 1 0 -0.000385816 0.999999 0.00153249 0 1 0 0 1 0 0 1 0 0.000515525 1 -0.000120148 0.0363261 0.999046 -0.0242482 -0.0811207 0.994228 -0.0702089 0.000661714 0.999999 0.000911619 0.0065738 0.999978 0.000638532 0.00396098 0.99994 0.010239 0.052566 0.994931 0.0857222 -0.101656 0.994207 -0.0349162 0 1 0 -0.00462832 0.999907 0.0128307 0 1 0 0 1 0 0 1 0 0 1 0 -0.0703464 0.997385 -0.0165605 0 1 0 -0.0241728 0.998845 0.0415239 -0.00635507 0.99992 0.0109167 -0.0104906 0.999941 0.00277378 -0.0149575 0.999412 0.0308413 -0.0352392 0.999219 0.0178969 0.661824 0.0131748 -0.749543 0.623598 0.0263016 -0.781303 0.657806 0.012359 -0.753086 0.546205 0.00793502 -0.837614 0.5693 -0.0258876 -0.821722 0.470024 -0.014901 -0.882528 0.465325 -0.0225269 -0.884853 0.38926 -0.00167986 -0.921126 0.342921 0.045507 -0.938261 0.414778 -0.00548495 -0.909906 0 1 0 0 1 0 0 1 0 0 1 0 0 1 0 2.27459e-05 1 -1.17007e-05 0 1 0 0 1 0 4.02188e-05 1 -0.000297923 0 1 0 0 1 0 0 1 0 0 1 0 0.528484 0.0115863 -0.848864 0 1 0 0 1 0 0 1 0 -0.529915 -2.88495e-05 0.848051 0.798878 0.00908469 0.601424 0.853337 0.0017181 0.521356 0 1 0 0 1 0 0 1 0 0 1 0 0 1 0 -0.833746 0.00255127 0.552143 0 1 0 0 1 0 0 1 0 0.156992 0.0047201 -0.987589 0 1 0 -0.955074 0.00179014 -0.296363 -0.304286 0.0121118 -0.952504 0 1 0 -0.322005 0.0101201 -0.946684 0 1 0 -0.940655 0.00568787 -0.339316 0 1 0 0 1 0 0 1 0 0.265186 -0.0028165 -0.964193 0.510183 0.00270304 -0.860062 0.527977 0.00161259 -0.849257 0.746419 -0.000911287 -0.665476 0.75194 -0.000161947 -0.659232 0.931058 -0.00181548 -0.364866 0.928708 -0.00127009 -0.370809 0.999677 0 -0.0254049 0.999059 0.00139518 -0.0433495 0.964447 0 0.264275 0.955627 -0.00219978 0.294571 0.660834 -0.00157126 0.750531 0.539987 0.00059824 0.841673 0.402292 -0.00535948 0.915496 0.242277 0.00430546 0.970198 0.0478106 -0.00378835 0.998849 -0.110504 0.00547796 0.993861 -0.299597 -0.00264345 0.954062 -0.50196 0.00561886 0.864873 -0.599303 -0.00206208 0.80052 -0.819167 0.00538799 0.57353 -0.964843 0.000126676 0.262827 -0.992352 0.00979676 0.123049 -0.99901 0.000652141 -0.0444817 -0.800237 -0.00325101 -0.599675 -0.714718 0.00320131 -0.699406 -0.588468 -0.00393529 -0.808511 -0.0258178 -0.00224395 -0.999664 -0.620165 0.0166589 -0.784295 0.694622 -0.000922666 0.719374 -0.505191 -2.97947e-05 -0.863008 -0.494818 0.000639875 -0.868996 -0.284732 -0.00195593 -0.958605 -0.288834 -0.00157523 -0.957378 -0.0238608 0.000108493 -0.999715 -0.0373722 0.00104218 -0.999301 0.156821 0.000472358 -0.987627 0.347039 0.0018708 -0.937849 0.357869 0.00214196 -0.933769 0.594608 0.00580677 -0.803995 0.697929 -0.00468858 -0.716152 0.803777 0.0107481 -0.594833 -0.815618 -0.00572388 0.578563 0.911189 0.00169292 -0.411986 -0.594102 -0.0140136 -0.804267 -0.613872 -0.0212517 -0.789119 -0.14669 0.00999801 -0.989132 -0.998969 -0.0437864 0.011996 -0.901614 -0.024864 0.431827 -0.813943 -0.0388102 0.579647 -0.573121 -0.00936906 0.819417 -0.451548 -0.0227534 0.891957 -0.159647 -0.00171701 0.987173 0.00422712 0.00142888 -0.99999 -0.00966454 -0.0210621 -0.999731 0.0862155 -0.226407 -0.97021 0.129011 -0.504622 -0.853647 0.185256 -0.550283 -0.814168 0.276586 -0.79571 -0.538838 0.221997 -0.902524 -0.369009 0.354626 -0.935008 0.000185212 0.235477 -0.895797 0.37696 0.261872 -0.86242 0.433191 0.285115 -0.601155 0.74654 0.0269539 -0.220796 0.974948 -0.999401 -0.0346095 -0.00057179 -0.238518 -0.00833576 0.971102 -0.361343 -0.0321378 0.931879 -0.664946 -0.0211472 0.746592 -0.689805 -0.0305154 0.723352 -0.925372 -0.0129657 0.378838 -0.0012978 0.00162989 -0.999998 -0.00112672 0.001825 -0.999998 -0.541798 -0.0237592 -0.840173 -0.426536 -0.0699575 -0.901761 -0.987188 -0.149398 0.0560332 0.0575319 -0.0967922 0.99364 0.157938 -0.536929 -0.828712 0.112419 -0.521462 -0.845837 0.369498 -0.865071 -0.339299 0.191082 -0.952125 -0.238633 -0.523454 0.590415 0.614333 0.24077 -0.85658 0.456399 0.322058 -0.615661 0.719194 0.124799 -0.468997 0.874338 0.132461 -0.306646 0.942562 0.00300925 -0.0549094 0.998487 0.0382258 -0.105038 0.993733 -0.989073 0.12085 -0.0844357 -0.852032 0.103287 -0.513198 -0.499183 0.103004 -0.860353 -0.936376 0.068494 -0.34425 -0.984884 0.100509 -0.141071 0.0259266 0.12925 -0.991273 -0.708939 0.0377092 -0.704261 0.600263 0.117375 -0.791143 -0.178233 0.0503378 -0.9827 0.923266 0.130842 -0.361193 0.918428 0.12642 -0.374844 0.314143 0.0620822 -0.947344 0.668328 0.0927475 -0.738062 0.953255 0.147054 0.263971 0.823632 0.0856809 -0.560615 0.992201 0.0751186 -0.099471 0.563062 0.153107 0.812108 0.979538 0.117897 0.163114 0.897363 0.0941978 0.431123 -0.1095 0.115103 0.9873 0.699181 0.0899406 0.709265 0.276556 0.0618177 0.959007 -0.127266 0.108039 0.985967 -0.650155 0.0770301 0.755887 -0.611824 0.0507095 0.789367 -0.923226 0.0613697 0.379324 -0.960743 0.0195779 0.276748 0 1 0 -1.48182e-05 1 1.02406e-05 0 1 0 0 1 0 -1.16378e-05 1 -9.93505e-07 0 1 0 -9.17045e-06 1 -1.66302e-05 -1.04013e-05 1 2.91248e-06 1.75229e-05 1 4.37158e-06 7.87367e-06 1 1.42785e-05 1.90116e-06 1 -1.62802e-05 -2.97907e-06 1 1.10494e-05 -1.34698e-06 1 1.2145e-05 0 1 0 0 1 0 -5.06285e-06 1 1.29971e-05 0 1 0 -0.828074 0.291836 -0.47867 -0.95846 -0.0415275 -0.282187 -0.25811 -0.276245 -0.92578 0.327434 0.132413 -0.93555 0.442442 0.371841 -0.816076 0.652556 0.220736 -0.724877 0.852811 0.120099 -0.508222 -0.110029 0.993867 -0.0110519 0.948341 0.144631 -0.282366 0.90894 0.403222 0.106022 0.97365 0.184157 -0.134506 0.832719 -0.0642118 0.54996 0.412272 0.281796 0.866385 0.0764938 -0.180333 0.980627 -0.433126 0.18566 0.882005 -0.539755 0.102422 0.835568 -0.754196 0.0978979 0.649311 -0.8725 0.212978 0.439754 -0.88044 0.194482 0.432437 -0.798043 0.0386419 0.60136 -0.947292 0.0827923 0.309488 0.000105529 1 9.08743e-05 2.08257e-05 1 9.92975e-05 2.14737e-05 1 1.42226e-05 2.75167e-05 1 0.00012234 0 1 0 0 1 0 0 1 0 -5.16652e-06 1 -8.59113e-06 -1.17877e-05 1 -3.81973e-06 0 1 0 -1.18741e-05 1 -3.70621e-06 -0.891848 0.189171 -0.410878 -0.94057 0.115651 -0.3193 -0.997704 0.0505027 -0.0451144 -0.618776 0.123962 -0.775726 -0.721924 0.0806119 -0.68726 -0.456174 0.0977038 -0.884511 -0.245711 0.133461 -0.960111 -0.0755368 0.200793 -0.976717 0.00737165 0.162406 -0.986697 0.402332 0.106566 -0.909271 0.697816 0.268282 -0.664137 0.632901 0.181147 -0.752743 0.921707 0.0818535 -0.379153 0.988823 0.136424 -0.0601498 0.923316 0.0620821 0.378989 -0.00458328 0.998371 -0.0568781 0.988705 0.13689 -0.0610217 0.769059 0.217725 0.600952 0.533996 0.0357759 0.84473 0.112346 0.172824 0.978525 0.00126184 0.0961669 0.995364 -0.559102 0.136857 0.817726 -0.498706 0.0903051 0.862054 -0.932894 0.132236 0.334997 -0.881298 0.0467626 0.470242 0 1 0 0 1 0 0 1 0 0 1 0 0 1 0 0 1 0 0 1 0 0 1 0 0 1 0 4.88048e-05 1 0.000375644 -0.000136949 1 8.33057e-06 0 1 0 -5.06186e-06 1 -0.000373531 0 1 0 -0.993776 0.064097 -0.091114 -0.628251 0.0883235 -0.772981 -0.948736 0.121688 -0.291706 -0.736924 -0.0125539 -0.675859 0.022243 0.155215 -0.98763 0.622044 0.120056 -0.773724 0.164064 0.0694304 -0.984003 0.991136 0.129567 0.0293743 0.593545 0.105787 -0.797818 0.933747 0.0501971 -0.354397 0.798464 0.121084 -0.58974 0.902949 0.0462782 -0.427248 0.799694 0.145979 0.582391 0.980445 0.0703618 0.183784 0.342214 0.111839 0.932942 0.84191 0.119516 0.526216 -0.119109 0.100657 0.987766 0.66847 0.101604 0.736766 0.47625 0.075114 0.876096 -0.487212 0.0936012 0.868253 -0.587192 0.0896981 0.804463 0.0659392 0.066261 0.995621 -0.755161 0.116582 0.64509 -0.724714 0.131606 0.676365 -0.85683 0.0958484 0.506612 -0.295567 0.0575315 0.953588 -0.949664 0.107253 0.29434 -0.965856 0.0902722 0.242844 -7.85647e-06 1 -1.29072e-05 3.36534e-06 1 -1.03953e-05 0 1 0 0 1 0 8.44802e-06 1 1.35164e-05 1.16705e-05 1 -5.08334e-06 0 1 0 1.00498e-05 1 7.31894e-06 0 1 0 4.88499e-06 1 9.53281e-06 3.87813e-06 1 1.05725e-05 0 1 0 -1.42485e-06 1 1.18162e-05 0 1 0 0 1 0 2.97055e-05 1 2.54589e-05 0 1 0 0 1 0 0.555026 0.00622994 0.831809 0.86759 0.0614423 -0.49347 0 1 0 -0.526798 0.105019 -0.843478 0 1 0 0.773353 0.020194 -0.633654 0.75591 -0.069869 0.650936 -0.769731 -0.0428091 0.636932 -0.515787 0.0779056 0.853167 -0.95125 -0.0103063 -0.308248 -0.24349 0.0250138 -0.969581 0.917885 0.080536 0.388589 0 1 0 -0.992759 0.04393 0.111799 0 1 0 -0.465802 0.0212052 -0.884635 0 1 0 0.172192 -0.0468404 -0.983949 0.483396 0.0270356 -0.874984 0.998365 -0.0315516 -0.0476663 0.370517 -0.0288913 0.928376 -0.173358 0.0469617 0.983739 -0.666089 -0.0599388 0.74346 -0.820118 -0.0613641 -0.568895 0.978016 0.0524479 -0.201827 0 1 0 0 1 0 -0.958759 0.0593989 -0.277944 0 1 0 0.260301 0.0115174 -0.965459 0.962481 0.0315784 -0.269505 0.747468 -0.0190367 0.664025 0.374915 0.0423913 0.926089 -0.243141 -0.0511597 0.968641 -0.644569 0.0243051 0.764159 -0.969847 -0.0399686 0.240413 -0.612682 -0.0349649 -0.789556 0.088512 0.0460865 -0.995008 0.960358 0.0309809 0.277044 -0.307924 -0.0219199 0.951158 0.875893 0.0242989 -0.481893 0 1 0 0 1 0 -0.867728 0.063275 0.492996 0.0285739 0.0277099 -0.999208 0 1 0 -0.759388 0.0219994 -0.650267 0 1 0 0.484275 -0.0148541 -0.87479 0.964754 -0.0122621 -0.262868 0.699762 -0.0619282 0.711687 0.0683373 0.0370799 0.996973 -0.998648 -0.0385618 0.034866 -0.455524 -0.0479146 -0.888933 -0.56024 0.754466 -0.341925 -0.819197 -0.573512 0.000204284 0.384366 -0.494903 0.779316 -0.819135 -0.573601 1.00298e-05 -0.819135 -0.5736 3.73962e-05 0.557693 -0.78867 -0.258803 -0.819124 -0.573616 8.59709e-06 -0.542062 0.837429 0.069863 -0.473207 0.650355 0.594234 -0.364583 0.528577 0.766606 -0.0680525 0.0812251 0.99437 -0.116896 0.13048 0.984536 0.404705 -0.570856 0.714379 0.556814 -0.793158 -0.246696 0.188975 -0.28342 -0.940192 -0.0762541 -0.0339272 -0.996511 -0.359385 0.582394 -0.72915 -0.581169 0.766203 -0.274182 -0.819188 -0.573525 7.78388e-05 0.15734 -0.381567 0.910852 -0.819189 -0.573524 2.04888e-05 -0.819149 -0.573581 -6.0455e-05 -0.372764 0.608978 0.700137 -0.47292 0.674461 0.566965 -0.0805712 0.111136 0.990534 0.137348 -0.317759 0.938171 0.559472 -0.786759 0.260771 0.497617 -0.826299 -0.263832 0.469305 -0.660649 -0.585915 -0.0361738 0.0506003 -0.998064 0.0043341 -0.0582851 -0.998291 -0.525926 0.752069 -0.397233 -0.565409 0.697639 0.440014 -0.819177 -0.573541 1.51656e-05 -0.819168 -0.573554 -3.06097e-05 -0.530321 0.68404 0.500848 -0.00687323 0.0216057 0.999743 0.182819 -0.454456 0.871807 -0.425374 0.680697 -0.596413 0.516548 -0.679221 0.52138 0.404919 -0.635583 -0.657324 0.416931 -0.713595 -0.562984 -0.174219 0.215818 -0.960766 -0.29404 0.324413 -0.899053 -0.508141 0.750705 -0.422178 -0.819134 -0.573603 2.11775e-05 -0.819155 -0.573572 -7.31873e-05 -0.819159 -0.573567 1.59405e-05 -0.819208 -0.573497 -0.000164013 -0.558995 0.825427 0.0787104 -0.562623 0.765757 0.311562 -0.348594 0.53514 0.769485 -0.082673 0.0201642 0.996373 0.135372 -0.185075 0.973356 0.442714 -0.685435 0.578086 0.512287 -0.730701 0.451262 0.455606 -0.673075 -0.582575 0.502817 -0.699683 -0.507561 0.0616999 -0.0776975 -0.995066 0.0598914 -0.0728647 -0.995542 -0.449645 0.633964 -0.629213 -0.511987 0.680629 -0.524037 -0.819945 3.63752e-05 -0.572442 -0.81812 -0.00249397 -0.575042 -0.819153 -1.31724e-05 -0.573576 -0.819216 -0.000166456 -0.573486 -0.81903 4.15607e-05 -0.573751 0 -1 0 0 -1 0 -0.819149 -0.573581 -3.05096e-05 -0.819083 -0.573676 4.78846e-06 0.547371 -0.836761 0.0146994 0.230078 -0.877521 -0.420739 0.297354 -0.131635 -0.945649 -0.420062 0.344352 -0.839624 -0.365684 0.701997 -0.611127 -0.627491 0.636294 0.448759 -0.377756 0.647077 0.662263 0.173252 -0.415553 0.892916 0.204081 -0.420617 0.883987 0.317377 -0.428562 -0.845935 0.316695 -0.433299 -0.843775 -0.264616 0.276273 -0.923933 -0.51579 0.365676 -0.774753 -0.521987 0.729591 -0.441845 -0.534933 0.604617 0.590157 -0.44454 0.777705 0.444477 0.126272 -0.224572 0.966241 0.19092 -0.237997 0.952317 0.522572 -0.852561 0.007679 0.588067 -0.800711 0.114194 -0.819172 -0.573547 -5.23921e-06 -0.819146 -0.573585 -2.7878e-05 -0.819146 -0.573586 -2.76924e-05 -0.715399 -0.531423 -0.453646 0.715399 0.531423 0.453646 -0.93571 -0.345491 -0.0712875 0.152938 -0.0357632 -0.987588 0.635976 0.67484 -0.374334 0.922686 0.293095 0.250492 -0.145369 0.228224 0.962695 -0.430147 -0.442108 0.787092 0.225617 0.971626 0.0709919 0.548672 0.832077 -0.0812839 0.94109 0.0691767 0.331005 0.948511 -0.286133 0.135851 -0.860243 -0.130789 0.492824 -0.156574 -0.982287 0.102939 -0.859939 0.156073 -0.485949 -0.88396 0.380715 -0.271424 0.806705 0.564861 -0.173667 0.80669 0.56482 -0.173869 0.57354 -0.819177 -7.60117e-05 0.573539 -0.819179 -7.02843e-05 0.573692 -0.819071 -1.74205e-05 0.573541 -0.819177 2.13414e-05 0.806741 0.56486 0.173498 0.806695 0.564857 0.173723 -0.573576 0.819152 7.00441e-05 -0.573578 0.819151 1.87442e-05 -0.57352 0.819192 2.49428e-05 -0.574165 0.81874 -0.000101733 -0.573688 0.819074 2.10797e-05 0.894427 -0.447214 -3.1892e-05 1 0 0 -0.659272 0.751899 0.00292034 -0.785826 0.618437 0.00361982 -0.94672 0.32205 -0.00216546 -0.946232 0.323483 -0.00206732 -0.991239 -0.132082 -0.000273764 -0.995519 -0.0945452 0.00178555 -0.876596 -0.481227 0 -0.876128 -0.482079 -2.01318e-05 0.800998 0.560805 -0.209524 0.801005 0.560795 -0.209526 0.573585 -0.819146 -1.97136e-05 0.573585 -0.819146 -2.04591e-05 -0.573571 0.819156 -1.6745e-05 -0.573563 0.819161 -9.09567e-06 0 0 -1 0 0 -1 0 0 -1 0 0 -1 0 0 -1 -0.255435 0.57601 -0.776508 0 0 1 0 0 1 0 0 1 -0.377456 0.864782 0.331177 0 0 1 0 0 1 0 0 1 0 0 1 -0.573562 0.819162 -3.06814e-05 0 1 0 0.613628 0.789595 0 0.613628 0.789595 0 0.572253 -0.820077 0.000331008 0.571704 -0.820459 0.00103424 0.422692 -0.906273 1.5611e-05 0.184862 -0.982764 0.000763463 0.164534 -0.98637 0.0016128 -0.031007 -0.999519 0.000204698 -0.140756 -0.990039 0.00320969 -0.339588 -0.940574 -0.000168834 -0.489972 -0.871738 0 -0.531187 -0.847252 0.00194228 -0.69978 -0.714358 0 -0.69978 -0.714358 0 -0.766949 -0.641708 0 -0.766949 -0.641708 0 0.80103 0.560754 -0.209539 0.800946 0.560879 -0.209523 -0.573588 0.819144 6.05272e-05 -0.573572 0.819155 -1.67949e-05 -0.573579 0.81915 -3.58809e-05 -0.573433 0.819252 0.000145542 0.573638 -0.819109 -6.60515e-05 -0.573562 0.819162 -3.50755e-06 0.57358 -0.819149 6.69482e-05 -0.573592 0.819141 6.95211e-07 -0.57358 0.819149 -6.69482e-05 -0.573609 0.81913 -1.96747e-06 -0.573595 0.819139 -1.12274e-05 -0.573618 0.819123 -2.71821e-05 0.573706 -0.819061 0.000247512 0.730235 -0.270763 0.627251 -0.745144 0.00922333 -0.66684 -0.573571 0.819156 1.36797e-05 -0.573596 0.819139 2.66175e-06 0.573567 -0.819158 -2.22262e-06 0.573585 -0.819146 -1.72372e-05 -0.0113039 -0.586213 0.810078 0.0113039 0.586213 -0.810078 0.494282 -0.515443 0.700003 0 0 1 0 0 1 0 0 1 0 0 1 0 0 1 0 0 1 0 0 1 0 0 -1 0 0 -1 0.494282 -0.515443 -0.700003 0 0 -1 0 0 -1 0 0 -1 0 0 -1 0 0 -1 0 0 -1 0 0 -1 0 0 -1 -0.805976 -0.565568 -0.174741 -0.806605 -0.564957 -0.173814 -0.669345 -0.468694 0.576458 -0.632745 -0.490206 0.599443 0.819431 0.573179 0.000197892 0.819071 0.573692 -4.01044e-05 -0.819151 -0.573578 -3.40975e-05 0.819144 0.573587 3.54013e-05 0.819162 0.573563 1.63755e-05 -0.819219 -0.573482 1.74974e-05 -0.819129 -0.573609 -8.39109e-05 -0.819144 -0.573587 -1.18203e-05 0 0 1 0 0 1 0.815553 0.578668 -0.00412933 -0.817122 -0.576265 -0.0151769 0.808778 0.548067 -0.213311 0.750491 0.527381 -0.398288 0.522381 0.364061 -0.771089 0.540756 0.373198 -0.753861 0.147871 0.109431 -0.982934 0.153883 0.108827 -0.982078 -0.559738 0.799797 0.216837 -0.754347 0.487727 0.439412 -0.0133921 0.310451 -0.950495 -0.188722 -0.640139 -0.744718 0.609643 -0.785605 -0.105638 0.219379 -0.571078 0.791039 0.268913 -0.389624 0.88084 -0.686459 0.565703 0.456896 -0.763524 0.523187 0.378559 -0.059141 0.368234 -0.92785 0.519118 -0.775579 -0.359158 0.0405562 -0.955582 0.291922 0.2213 -0.5135 0.829062 -0.123454 0.0239817 0.99206 -0.365924 0.83096 0.419053 -0.613153 0.770118 0.175961 0.067516 0.146909 -0.986843 -0.382228 0.147543 -0.912213 0.552794 -0.808627 0.20135 0.689564 -0.720877 0.0695568 0.0367981 -0.0439949 0.998354 -0.340813 -0.128609 0.931293 -0.321807 0.934651 -0.151222 -0.626333 0.415715 -0.659461 0.522405 -0.20798 -0.826944 0.330569 -0.836243 -0.437518 0.506581 -0.172163 0.844829 0.819234 0.573459 0 0.819353 0.573289 -0.000198774 0.819213 0.573489 -3.02086e-05 -0.819144 -0.573587 -1.26021e-05 0.819126 0.573614 -1.35277e-05 0.819157 0.57357 2.37205e-05 -0.819173 -0.573547 -4.68834e-05 -0.819157 -0.57357 2.57743e-05 -0.819112 -0.573634 2.22518e-05 0 0 -1 0 0 -1 0 0 -1 0.81946 0.573134 0.00196883 0.819151 0.573577 1.2953e-06 0.819168 0.573554 -2.04508e-05 0.819133 0.573604 -4.74762e-05 0.819072 0.57369 -4.43341e-05 0.819181 0.573535 2.14666e-06 0.819166 0.573557 -5.33739e-05 0.819161 0.573563 0 0.819154 0.573573 5.66568e-05 0.819133 0.573604 7.64136e-05 0.175166 0.839229 0.514792 0.246561 -0.597504 -0.763018 0.819166 0.573556 2.84132e-05 0.81912 0.573622 0.000301641 0.8191 0.573651 0.000101421 0.819085 0.573672 0.00015785 0.819153 0.573574 6.81092e-06 0.819152 0.573576 4.91088e-06 0.819177 0.573541 -3.31723e-07 0.819152 0.573576 -0.00017413 0.819164 0.57356 -8.97738e-05 0.819151 0.573579 -9.32893e-06 0.819162 0.573562 4.71014e-05 0.819134 0.573602 0 0.819032 0.573748 -0.000311883 0.819162 0.573562 0.000197803 0.819146 0.573585 9.89457e-06 0.819148 0.573582 0 -0.819151 -0.573578 4.15767e-05 -0.819158 -0.573568 2.35818e-05 -0.819186 -0.573527 0 -0.819075 -0.573686 -0.0002374 -0.819195 -0.573515 -2.92641e-05 -0.819084 -0.573673 2.43579e-05 -0.819132 -0.573605 0.000242781 -0.819147 -0.573583 8.42203e-05 -0.819198 -0.573511 0.000165548 -0.819132 -0.573605 -0.000197802 -0.819112 -0.573633 -0.000501614 -0.819258 -0.573425 0.000288449 -0.819157 -0.57357 1.36431e-05 -0.819021 -0.573763 -0.000296684 -0.819139 -0.573595 -2.76552e-05 -0.819129 -0.573609 -4.35769e-06 -0.819171 -0.57355 5.79933e-06 -0.819149 -0.57358 0.000209133 -0.819164 -0.573559 7.92311e-05 -0.819189 -0.573523 1.74119e-07 -0.819189 -0.573524 0 -0.819162 -0.573563 4.42704e-05 -0.818926 -0.573898 0.000894677 -0.819163 -0.573561 -0.000142612 -0.819157 -0.573569 -7.10408e-05 0.786492 0.55072 0.279532 0.802001 0.561575 0.203538 0.637433 0.446342 0.628059 0.14221 0.099603 0.984812 -0.818883 -0.573377 -0.0258688 -0.818858 -0.573379 -0.0266305 -0.810235 -0.567341 -0.147117 -0.791098 -0.55394 -0.259451 -0.810236 -0.567342 -0.147109 -0.791195 -0.554004 -0.259019 -0.717317 -0.502273 -0.482885 -0.691014 -0.485537 -0.535493 -0.590668 -0.412521 -0.693497 -0.533656 -0.37468 -0.758173 -0.400021 -0.279821 -0.872745 -0.271199 -0.189894 -0.943606 -0.375896 -0.263202 -0.888497 -0.271108 -0.189832 -0.943644 -0.191676 -0.134212 -0.972238 -0.143434 -0.100959 -0.984497 -0.145264 -0.103927 0.983919 -0.258889 -0.180882 0.948819 -0.463549 -0.313812 0.82864 0.604053 0.425179 -0.674049 -0.593389 -0.423899 0.684251 -0.680294 -0.478186 0.555462 -0.80325 -0.569185 0.175551 -0.1422 -0.0995651 0.984818 0.141216 0.0987346 -0.985043 -0.142185 -0.0995267 0.984824 -0.142211 -0.0995838 0.984814 -0.142211 -0.0995981 0.984813 0.142233 0.0994318 -0.984826 0.142246 0.0996218 -0.984805 0.142285 0.0996296 -0.984799 0.142234 0.0996272 -0.984807 0.142277 0.099615 -0.984802 -0.142152 -0.0995655 0.984825 0.142225 0.0996253 -0.984808 0.142229 0.0996383 -0.984806 -0.142131 -0.100156 0.984768 -0.142189 -0.0994448 0.984832 -0.142209 -0.0995372 0.984819 -0.0336275 -0.146567 -0.988629 0.750623 -0.498974 0.433118 0.51657 -0.8561 -0.0157558 0.57365 -0.819101 3.91522e-06 0.573397 -0.819277 -4.69897e-05 0.573605 -0.819132 -2.85077e-05 0.57361 -0.819129 4.95572e-05 0.573675 -0.819083 -0.000126037 0.57316 -0.819443 0.000299028 0.573562 -0.819162 -9.98264e-05 -0.573554 0.819168 0.000492407 0.572782 -0.819708 0.000164185 -0.573526 0.819188 0 -0.573379 0.81929 0 -0.573477 0.819222 0.000382269 -0.573569 0.819157 0.000153365 -0.57356 0.819164 -0.000141183 -0.573223 0.819396 -0.00234112 -0.574332 0.818623 0.000317365 -0.625838 0.695476 0.353043 -0.573903 0.818921 0.00175477 -0.573629 0.819115 -0.000117582 -0.18458 0.965847 -0.181851 -0.574114 0.818775 0.000244375 -0.573324 0.819328 -0.00038693 -0.573602 0.819134 -0.000164676 -0.573379 0.81929 0 -0.573534 0.819182 -0.000145719 -0.573808 0.81899 -0.000361759 -0.57354 0.819178 -0.000304482 -0.573677 0.819081 -0.000289389 -0.573471 0.819226 -4.90335e-05 -0.573239 0.819387 0.00107106 -0.800019 -0.56017 -0.214893 -0.961475 -0.173649 0.213099 0.244515 0.130806 0.960782 0.701299 0.469932 0.536044 0.752422 0.546402 0.36784 0.821513 0.570177 0.0039284 -0.813354 -0.566495 -0.132432 0.142195 0.0996716 0.984808 0.142137 0.0995203 0.984831 -0.142228 -0.0995716 -0.984813 -0.142238 -0.0995959 -0.984809 0.57357 -0.819156 6.73748e-05 0.573685 -0.819075 -0.00104862 0.572987 -0.819564 0.000455725 0.573442 -0.819246 0.000144687 0.573583 -0.819147 0.000127703 0.573675 -0.819083 -0.000158145 0.532219 -0.835758 0.135094 0.573367 -0.819298 0.00129868 0.573912 -0.818915 -0.00199059 0.573691 -0.819072 0 0.573713 -0.819056 0.000170347 -0.622673 -0.704092 -0.341369 0.819171 0.573549 0.000123992 -0.166833 -0.236565 -0.957185 0.425754 -0.903868 0.041906 -0.221027 -0.147219 0.964092 -0.622836 0.782187 0.0160999 -0.819144 -0.573588 6.73791e-06 -0.819124 -0.573616 4.50715e-05 0.498332 -0.605084 -0.620917 -0.129197 0.329097 -0.935416 -0.634676 0.772777 0.000957679 -0.285091 0.378463 0.880619 0.184313 -0.325152 0.927526 0.55609 -0.780173 0.286523 -0.819346 -0.573299 -4.37403e-05 -0.819106 -0.573642 -6.57014e-06 -0.819166 -0.573557 4.5247e-05 -0.82419 -0.565906 0.0214887 0.555781 -0.781029 -0.284783 0.551955 -0.781571 -0.290676 0.234328 -0.339047 -0.911119 0.151155 -0.310707 -0.93841 -0.22393 0.409117 -0.884578 -0.595311 0.48324 -0.641938 -0.580944 0.795619 -0.171738 -0.591303 0.643178 0.4865 -0.611431 0.502514 0.611254 -0.25887 0.330237 0.907706 0.133937 -0.244114 0.960453 0.515988 -0.748163 0.417143 0.519184 -0.738827 0.429631 -0.643809 0.320615 0.694777 0.937529 -0.127283 -0.323788 0.470762 -0.858071 0.205176 -0.229374 -0.969023 -0.0915471 -0.22386 -0.965939 0.129799 -0.232813 0.929238 -0.286905 0.135166 0.290337 0.94733 0.464473 0.267279 0.844291 -0.464473 -0.267279 -0.844291 -0.135166 -0.290337 -0.94733 -0.333134 -0.506835 0.795073 0.712607 0.192575 -0.674616 0.0978485 0.00866413 -0.995164 0.80671 0.564836 0.173723 0.806714 0.564846 0.17367 0.573439 -0.819249 -1.98437e-05 0.573561 -0.819163 -0.00010611 0.573596 -0.819139 1.6532e-06 0.573523 -0.81919 0 0.806691 0.564864 -0.173718 0.806701 0.564865 -0.17367 -0.573497 0.819207 -0.000670611 0.573567 -0.819158 -0.000171969 -0.573619 0.819122 -5.83355e-05 -0.573547 0.819173 5.84926e-06 -0.573707 0.819061 4.3568e-05 -0.614418 0.788963 -0.00524184 -0.620394 0.78429 0.000500205 0.85521 -0.518281 -0.000514816 0.852768 -0.52229 0 0.572199 -0.820115 -0.000171997 0.563076 -0.826373 0.00724662 0.234993 -0.971996 -0.00119249 -0.131333 -0.991309 0.00759814 -0.254273 -0.967132 -0.000194913 -0.658081 -0.752946 0.000898306 -0.639306 -0.768953 2.59548e-05 -0.782509 -0.622639 -1.31963e-05 0.815004 0.570253 0.102858 0.814465 0.571005 0.102959 -0.573679 0.81908 0.000182819 -0.573501 0.819205 -2.13933e-05 -0.57354 0.819177 1.80066e-05 -0.573645 0.819104 -2.82773e-05 0.573508 -0.8192 2.02585e-05 -0.573387 0.819285 0.000453653 0.573588 -0.819144 -1.19591e-05 0.573548 -0.819172 -2.72557e-06 0.57355 -0.81917 -1.47791e-06 -0.57355 0.81917 1.47791e-06 -0.573548 0.819172 2.73219e-06 -0.000175714 0.000257879 1 8.32068e-06 6.2805e-05 1 0 0 1 0 0 -1 0.55712 -0.657433 -0.507345 0 0 -1 0 0 -1 0 0 -1 1 0 0 1 0 0 1 0 0 1 0 0 -0.638665 0.769485 0 -0.641001 0.76754 4.72572e-05 -0.708604 0.705606 -7.58729e-05 -0.897458 0.441099 0 -0.713862 0.700286 0 -0.933726 0.357971 0.00347767 -0.990782 0.135456 -0.00147575 -0.999591 0.0284736 0.00247302 -0.967797 -0.251733 -0.000562313 -0.89966 -0.436591 0 -0.951195 -0.308589 0 -0.89966 -0.436591 0 -0.852384 -0.522917 0 -0.852384 -0.522917 0 0.817102 0.572374 0.0687907 0.817101 0.572376 0.0687905 0.573565 -0.81916 0 0.573568 -0.819158 -2.53304e-06 -0.573589 0.819143 0 -0.57359 0.819143 5.49643e-07 -0.426987 0.748039 -0.508054 0 0 -1 0 0 -1 0 0 -1 0 0 -1 0 0 -1 0 0 -1 0 0 -1 0 0 -1 0 0 -1 0 0 -1 0 0 1 0 0 1 -0.426987 0.748039 0.508054 0 0 1 0 0 1 0 0 1 0 0 1 0 0 1 0 0 1 0 0 1 0 0 1 -0.806705 -0.564891 0.173566 -0.806721 -0.564837 0.173666 -0.770146 -0.539271 -0.340679 -0.77741 -0.533608 -0.333009 0.818269 0.534329 0.211963 -0.473947 -0.399837 0.784541 0.556116 0.391554 0.733089 0.665708 0.450159 0.595138 0.177424 0.123754 0.976323 0.181717 0.124515 0.975436 -0.716347 -0.649818 0.254134 -0.925485 -0.00788367 -0.378702 -0.81917 -0.573551 -4.17529e-05 -0.81912 -0.573623 -1.49988e-05 -0.819165 -0.573558 -1.39951e-05 -0.818569 -0.574408 0.000286059 -0.819156 -0.573571 7.51552e-05 -0.819162 -0.573562 3.94458e-06 -0.819162 -0.573562 -6.9332e-05 -0.816625 -0.577114 -0.00796628 -0.818842 -0.574019 0.00071149 -0.81915 -0.57358 -4.20976e-05 -0.819158 -0.573568 -2.81719e-05 -0.819152 -0.573576 -5.76859e-05 -0.819158 -0.573568 -2.4392e-05 -0.819192 -0.573519 -2.76428e-05 -0.819161 -0.573564 0.000163101 -0.819083 -0.573675 -1.18903e-05 -0.819162 -0.573563 -3.72357e-05 -0.819153 -0.573575 0.00022331 -0.819152 -0.573576 -0.000107977 -0.819187 -0.573527 -1.19668e-05 -0.819111 -0.573635 0.000205532 -0.819175 -0.573544 0 -0.819158 -0.573568 -5.53116e-05 0.804787 0.248747 0.538927 0.819155 0.573573 0 -0.0447764 0.828509 -0.558183 0.819192 0.57352 3.87873e-05 0.819088 0.573668 2.20205e-05 0.819136 0.5736 0 0.819246 0.573442 -0.000158327 0.819193 0.573518 -2.95464e-05 0.819151 0.573578 0.000114671 0.819149 0.573581 -1.6995e-05 0.819162 0.573563 -1.1666e-05 -0.81912 -0.573622 -6.73517e-05 -0.819168 -0.573554 -0.000294188 0.819161 0.573563 -2.75221e-05 0.819158 0.573568 6.37407e-05 0.819039 0.573738 0.000573379 0.819161 0.573564 -5.31553e-05 0.819168 0.573554 -3.91716e-05 0.819182 0.573534 -3.81073e-05 0.819025 0.573758 3.12154e-05 0.819126 0.573613 3.64836e-05 -0.819162 -0.573562 -0.000255826 0.81916 0.573566 0 0.819157 0.57357 -7.28097e-06 0.81912 0.573622 -0.000187554 0.819158 0.573568 0 -0.0194183 -0.267552 0.963348 0.446348 0.558223 -0.6994 0.142242 0.0995954 -0.984809 0.142449 0.101121 -0.984623 -0.84304 0.223774 -0.48909 -0.812133 -0.568698 0.130473 -0.142209 -0.0995709 0.984816 -0.14222 -0.0996097 0.98481 -0.799833 -0.556938 0.223802 -0.815378 -0.574816 0.0688919 0.697394 0.485267 -0.527407 -0.700702 -0.488046 0.520411 -0.646701 -0.455077 0.612113 -0.384848 -0.269478 0.882765 -0.421449 -0.293717 0.857969 -0.143438 -0.101061 0.984486 -0.19384 -0.13573 0.971598 0.75597 -0.616355 -0.220488 0.132903 -0.809845 0.571391 0.266556 0.450916 0.851835 -0.623349 0.670966 0.401547 -0.213671 0.731967 -0.646969 -0.443094 -0.232892 -0.865696 0.423055 -0.490287 -0.761999 0.228901 -0.940523 0.251041 0.350732 -0.84101 0.411934 -0.338872 0.499185 0.797484 -0.544714 0.490179 0.68045 -0.202092 0.722429 -0.661252 -0.388674 -0.0175381 -0.921208 0.505562 -0.490036 -0.710121 0.242352 -0.90715 -0.344012 0.477062 -0.130642 0.869106 -0.653755 0.0215864 0.756398 -0.301811 0.914279 -0.270194 0.480323 0.257596 0.838411 -0.0875738 0.117522 -0.989201 0.742788 -0.668297 -0.0405616 0.190108 -0.843503 0.502356 -0.0521582 0.492452 0.868775 -0.623568 0.773612 -0.112638 -0.00694384 -0.0122661 -0.999901 -0.0765366 -0.309959 -0.947664 0.142759 0.0999585 0.984697 -0.305181 -0.213685 -0.92801 -0.23619 -0.168141 -0.957049 -0.449318 -0.31376 -0.836462 -0.616317 -0.435697 -0.655989 -0.678375 -0.474948 -0.560564 -0.80391 -0.563827 -0.18928 -0.807191 -0.565188 -0.170307 0.14557 0.101935 0.984083 0.131896 0.0927048 0.986919 0.151009 0.0921057 0.984232 0.14232 0.0996558 0.984791 0.142323 0.099661 0.98479 0.142212 0.0995376 0.984819 -0.573405 0.819272 0.000210798 0.378092 0.16459 0.91102 -0.141022 -0.0987387 -0.98507 -0.317821 -0.948144 0.003659 -0.142254 -0.0995704 -0.984809 -0.853324 0.427133 -0.298991 0.727881 -0.214452 -0.651306 -0.142228 -0.0995901 -0.984811 -0.142226 -0.0995854 -0.984812 -0.142225 -0.0995859 -0.984812 -0.142217 -0.099576 -0.984814 -0.142286 -0.0995243 -0.984809 0.573482 -0.819218 0 0.573482 -0.819218 0 0.573412 -0.819267 2.16685e-05 0.573585 -0.819146 -1.97448e-05 0.573585 -0.819146 0.000140878 0.5736 -0.819136 6.09931e-05 0.573588 -0.819144 7.64271e-06 -0.573698 0.819067 -2.58599e-05 -0.5697 0.821852 0.00091916 -0.573525 0.819188 0 -0.573467 0.819228 -0.000446397 -0.573554 0.819168 -2.98251e-05 -0.573557 0.819166 -0.000116206 -0.572916 0.819614 -0.000712573 0.573413 -0.819266 0.000103262 -0.573518 0.819193 -0.000121572 -0.573603 0.819133 -0.000133145 0.573735 -0.819041 0 0.573731 -0.819044 -2.96965e-05 0.573544 -0.819174 0.000752435 0.573575 -0.819153 -0.000247379 0.573903 -0.818923 0.000369314 0.574347 -0.818612 -0.000429887 0.573709 -0.819059 3.02049e-05 0.818284 0.574815 -0.000537885 -0.036881 0.952983 -0.300772 0.423402 -0.724542 0.543848 -0.819033 -0.573747 9.57576e-05 0.819211 0.573493 -4.4702e-05 0.819147 0.573583 1.68324e-05 -0.819187 -0.573526 -0.000119265 0.81932 0.573336 -0.000116757 -0.819093 -0.573661 -8.68734e-06 -0.819145 -0.573587 4.73792e-05 -0.819147 -0.573583 5.85988e-05 0.859615 0.504212 0.0826569 0 0 -1 0 0 -1 0 0 -1 -0.573555 0.819167 -0.000107228 -0.573868 0.818948 3.51099e-05 -0.573558 0.819165 -3.14229e-05 -0.573809 0.818989 5.87827e-06 -0.573659 0.819094 -0.00016173 -0.573729 0.819045 3.93605e-05 -0.573629 0.819115 0.000818602 0.351546 0.197677 -0.915062 -0.269911 -0.223501 0.936587 0.23505 0.226222 -0.945291 0.784999 0.535263 -0.311881 0.794144 0.555991 -0.245377 -0.546735 -0.0266711 0.836881 0 0 1 -0.0816369 0.341021 0.936504 0 0 1 0.81941 0.573208 -0.000226569 0.819094 0.573659 -4.50628e-05 0.819135 0.573601 7.93021e-06 -0.819048 -0.573724 3.65731e-06 -0.819204 -0.573502 0.000305196 -0.819135 -0.573601 -6.03714e-05 -0.819171 -0.573549 -0.000242639 -0.818913 -0.573918 0.000167599 0.573582 -0.819148 -6.88317e-05 0.573542 -0.819176 -0.000697414 0.573561 -0.819163 -7.6916e-05 0.573738 -0.819039 -4.51609e-05 -0.57371 0.819058 9.61695e-05 0.574295 -0.818649 0.000144229 0.604176 -0.78348 0.145365 0.819378 0.573253 0 0.819192 0.57352 -0.000240591 0.819379 0.572966 -0.0181437 -2.92655e-05 1 2.67052e-05 -2.70004e-05 1 2.81473e-05 -3.0458e-05 1 2.34714e-05 -2.2996e-05 1 2.83485e-05 -3.79532e-07 1 2.24874e-05 -5.49691e-05 1 3.68119e-05 -3.28479e-05 1 4.43801e-05 -7.79074e-06 1 1.10288e-05 -5.84284e-05 1 3.24509e-05 -6.92238e-06 1 1.13278e-05 3.04535e-06 1 1.08803e-05 0 1 0 -5.96607e-05 1 -1.67823e-05 -1.20137e-05 1 5.66306e-06 -1.26373e-05 1 4.71897e-06 0 1 0 0 1 0 -1.25742e-05 1 3.88106e-06 -1.29459e-05 1 3.64228e-06 -0.00132381 0.999999 0.00023791 -0.000479945 0.999999 0.00165295 -1.32135e-05 1 2.55699e-06 -0.000349784 0.999998 0.00173039 -1.26949e-05 1 1.25094e-06 -1.22657e-05 1 1.53711e-06 -1.30038e-05 1 7.57425e-07 -0.000196374 0.999999 0.00167992 0.000857641 0.999999 0.000741065 -4.38474e-07 1 1.31835e-05 -1.32073e-05 1 -1.09824e-07 -1.28291e-05 1 -9.61411e-07 4.42867e-07 1 1.33156e-05 -1.22921e-05 1 -1.54039e-06 1.28685e-06 1 1.28585e-05 -1.31006e-05 1 -2.30987e-06 -1.27226e-05 1 -1.24943e-06 1.4919e-06 1 1.26429e-05 2.19479e-06 1 1.30825e-05 -1.30453e-05 1 -3.20657e-06 3.1085e-06 1 1.31159e-05 -3.69686e-05 1 2.45832e-05 -7.0508e-05 1 -2.23919e-05 3.8216e-06 1 1.16957e-05 4.4524e-06 1 1.21435e-05 -7.2891e-05 1 -3.00144e-05 4.83181e-06 1 1.20162e-05 5.91152e-06 1 1.1771e-05 -7.16335e-05 1 -3.52341e-05 -6.61633e-05 1 -3.96792e-05 6.50952e-06 1 1.10615e-05 -4.48696e-05 1 -4.47333e-05 7.6621e-06 1 1.08467e-05 6.59184e-06 1 1.07368e-05 -4.1455e-05 1 -2.87722e-05 -4.04613e-05 1 -3.33819e-05 8.49281e-06 1 1.04696e-05 8.94889e-06 1 9.59953e-06 9.19677e-06 1 9.58714e-06 -3.71902e-05 1 -3.62739e-05 9.95852e-06 1 9.08758e-06 -3.26005e-05 1 -3.64102e-05 1.04136e-05 1 7.75448e-06 -3.2767e-05 1 -3.90504e-05 1.00745e-05 1 7.76361e-06 -3.03203e-05 1 -4.44715e-05 1.10134e-05 1 7.37546e-06 1.467e-06 1 -5.41232e-05 1.16159e-05 1 6.45142e-06 -6.15832e-06 1 -1.08742e-05 1.15703e-05 1 5.34423e-06 -5.64896e-06 1 -1.17305e-05 1.14213e-05 1 5.38379e-06 -4.93973e-06 1 -1.22844e-05 1.22188e-05 1 4.79542e-06 1.25709e-05 1 4.22346e-06 -4.01681e-06 1 -1.22934e-05 1.24778e-05 1 2.93162e-06 1.26649e-05 1 3.33725e-06 -3.3219e-06 1 -1.20376e-05 -3.00234e-06 1 -1.17918e-05 -2.41888e-06 1 -1.30812e-05 1.2936e-05 1 2.5033e-06 1.31465e-05 1 1.6475e-06 -1.56016e-06 1 -1.33467e-05 -7.49287e-07 1 -1.30505e-05 1.2966e-05 1 7.55223e-07 -4.42377e-07 1 -1.33084e-05 6.51059e-06 1 -7.05244e-06 0 1 0 4.46388e-07 1 -1.3429e-05 -3.84803e-05 1 -3.53211e-05 0 1 0 8.95712e-06 1 -7.66258e-05 0 1 0 0 1 0 0 1 0 1.59204e-05 1 -7.87525e-05 0 1 0 2.17947e-05 1 -7.50672e-05 5.60951e-05 1 -1.59348e-05 0 1 0 0 1 0 0 1 0 0 1 0 0 1 0 -5.52229e-06 1 -5.10052e-06 5.57965e-06 1 -1.06647e-05 0 1 0 6.9123e-06 1 -1.09001e-05 0 1 0 1.19972e-05 1 2.74945e-06 0 1 0 7.76801e-06 1 -1.06173e-05 8.40608e-06 1 -9.68633e-06 1.02039e-05 1 -8.70757e-06 9.42098e-06 1 -9.49954e-06 8.40553e-06 1 -9.69122e-06 0.999689 0 -0.0249385 0.999964 0.00186314 -0.00831512 0.997204 0 -0.0747302 0.997204 0 -0.0747302 0.992239 0 -0.124343 0.981786 0 -0.189989 0.992239 0 -0.124343 0.981786 0 -0.189989 0.962622 0 -0.270848 0.962622 0 -0.270848 0.936822 0 -0.349807 0.904545 0 -0.426377 0.936822 0 -0.349807 0.904545 0 -0.426377 0.874217 0 -0.485536 0.874217 0 -0.485536 0.84003 0 -0.54254 0.83089 -0.00186357 -0.556433 0.802118 0.00093065 -0.597165 0.792093 -0.000929375 -0.610399 0.738659 -0.00186382 -0.674076 0.760676 0.00186495 -0.649129 0.704164 0.000928267 -0.710037 0.692272 -0.000932931 -0.721636 0.629968 -0.00186361 -0.776619 0.655431 0.00186146 -0.755253 0.590474 0.00093003 -0.807056 0.576978 -0.000932258 -0.816759 0.521442 0 -0.853287 0.535544 0.00186174 -0.844505 0.463575 0 -0.886058 0.463575 0 -0.886058 0.403705 0 -0.914889 0.403705 0 -0.914889 0.342025 0 -0.939691 0.342025 0 -0.939691 0.278822 0 -0.960343 0.278822 0 -0.960343 0.21441 0 -0.976744 0.198148 0.00279275 -0.980168 0.149052 1.64954e-07 -0.988829 0.0830153 -0.00186408 -0.996547 0.116104 0.00186253 -0.993235 0.0166119 -0.000930806 -0.999862 0.0332221 0.00093064 -0.999448 -0.0498192 0 -0.998758 -0.116104 0 -0.993237 -0.0332221 0.00186152 -0.999446 -0.116104 0 -0.993237 -0.181829 0 -0.98333 -0.181829 0 -0.98333 -0.262828 -0.00186437 -0.964841 -0.24674 0 -0.969082 -0.310587 0.000928995 -0.950545 -0.32635 -0.000933999 -0.945248 -0.373081 0.00186094 -0.927797 -0.388437 0 -0.921475 -0.433874 0 -0.900973 -0.433874 0 -0.900973 -0.492787 0 -0.87015 -0.492787 0 -0.87015 -0.549515 0 -0.835484 -0.563319 0.00279246 -0.826235 -0.603793 2.57252e-07 -0.797141 -0.642783 0.00279379 -0.766043 -0.655432 0 -0.755254 -0.715871 0 -0.698232 -0.715871 0 -0.698232 -0.781825 -0.00279222 -0.623491 -0.771361 0 -0.636398 -0.821518 0.000931457 -0.570182 -0.84002 -0.00279402 -0.542549 -0.889867 -0.0027919 -0.456211 -0.8576 0.000931842 -0.514316 -0.897327 0 -0.441366 -0.930871 -0.00279245 -0.365336 -0.924676 0 -0.380755 -0.953091 0.00093208 -0.302683 -0.957992 -0.000930729 -0.286793 -0.974926 0 -0.222528 -0.971092 0.00186228 -0.238698 -0.984809 0 -0.17364 -0.984809 0 -0.17364 -0.994166 -0.00186144 -0.107845 -0.992239 0 -0.124343 -0.997204 1.57261e-06 -0.0747302 -0.999685 -0.00279168 -0.024925 -0.999965 0 -0.00831514 -0.998308 0 0.0581478 -0.998308 0 0.0581478 -0.992239 0 0.124346 -0.992239 0 0.124346 -0.981786 0 0.189989 -0.981786 0 0.189989 -0.966992 0 0.254806 -0.962623 0.00279106 0.27083 -0.94793 -2.02679e-06 0.318478 -0.936814 0.00186119 0.349822 -0.930877 0 0.365333 -0.904542 0 0.426385 -0.904542 0 0.426385 -0.874217 0 0.485536 -0.874217 0 0.485536 -0.830892 0 0.556434 -0.830892 0 0.556434 -0.792094 0 0.6104 -0.792094 0 0.6104 -0.738679 0 0.674057 -0.738679 0 0.674057 -0.692252 0 0.721656 -0.692252 0 0.721656 -0.62998 0 0.776611 -0.62998 0 0.776611 -0.576966 0 0.816768 -0.576966 0 0.816768 -0.521442 0 0.853287 -0.47825 0 0.878224 -0.521442 0 0.853287 -0.463597 0.00186128 0.886044 -0.433874 -2.16029e-06 0.900973 -0.373081 -0.00186094 0.927797 -0.403682 0.0018606 0.914898 -0.342025 2.15598e-06 0.939691 -0.294752 -0.0027913 0.95557 -0.278841 0 0.960337 -0.198134 0 0.980175 -0.198134 0 0.980175 -0.116104 0 0.993237 -0.116104 0 0.993237 -0.0332409 0 0.999447 -0.0332409 0 0.999447 0.0332409 0 0.999447 0.0332409 0 0.999447 0.0995803 0 0.99503 0.116104 -0.00186253 0.993235 0.165453 0.000930384 0.986217 0.181829 -0.000932526 0.98333 0.230613 0.001861 0.973044 0.262809 -0.00186219 0.964846 0.310593 0.000932558 0.950543 0.326368 -0.000931878 0.945242 0.403689 -0.00186147 0.914894 0.373075 0.00186174 0.927799 0.448794 0.000932349 0.893635 0.46359 -0.000930378 0.88605 0.535544 -0.00186174 0.844505 0.507179 0.00186355 0.861839 0.576965 0.000931398 0.816768 0.590474 -0.000932579 0.807056 0.655431 -0.00186146 0.755253 0.629979 0.00186197 0.77661 0.692262 0.000932144 0.721646 0.704164 -0.000930593 0.710037 0.760668 -0.00186353 0.649139 0.738668 0.00186235 0.674067 0.792093 0.000931374 0.6104 0.802125 -0.000929999 0.597155 0.83089 0.00186357 0.556433 0.848926 -0.00186178 0.528509 0.874216 0.000932025 0.485536 0.882164 -0.000929884 0.470941 0.911508 0 0.411283 0.90454 0.00186372 0.426384 0.930877 0 0.365333 0.930877 0 0.365333 0.95309 -0.00186212 0.302682 0.94793 0 0.318478 0.966992 0.000931196 0.254806 0.971093 -0.000931023 0.238698 0.984809 0 0.17364 0.981785 0.00186319 0.189989 0.994166 -0.00186158 0.107846 0.992239 0 0.124346 0.998308 0.000932682 0.0581477 0.999137 -0.000930563 0.0415371 0 1 0 0 1 0 0 1 0 0 1 0 0 1 0 0 1 0 0 1 0 0 1 0 0 1 0 0 1 0 0 1 0 0 1 0 0 1 0 0 1 0 0 1 0 0 1 0 0 1 0 0 1 0 0 1 0 0 1 0 0 1 0 0 1 0 0 1 0 0 1 0 0 1 0 0 1 0 0 1 0 0 1 0 0 1 0 0 1 0 0 1 0 0 1 0 0 1 0 0 1 0 0 1 0 0 1 0 0 1 0 0 1 0 0 1 0 0 1 0 0 1 0 0 1 0 0 1 0 0 1 0 0 1 0 0 1 0 0 1 0 0 1 0 0 1 0 0 1 0 0 1 0 0 1 0 0 1 0 0 1 0 0 1 0 0 1 0 0 1 0 0 1 0 0 1 0 0 1 0 0 1 0 0 1 0 0 1 0 0 1 0 0 1 0 0 1 0 0 1 0 0 1 0 0 1 0 0 1 0 0 1 0 0 1 0 0 1 0 0 1 0 0 1 0 0 1 0 0 1 0 0 1 0 0 1 0 0 1 0 0 1 0 0 1 0 0 1 0 0 1 0 0 1 0 0 1 0 0 1 0 0 1 0 0 1 0 0 1 0 0 1 0 0 1 0 0 1 0 0 1 0 0 1 0 0 1 0 0 1 0 0 1 0 0 1 0 0 1 0 0 1 0 0 1 0 0 1 0 0 1 0 0 1 0 0 1 0 0 1 0 0 1 0 0 1 0 0 1 0 0 1 0 0 1 0 0 1 0 0 1 0 0 1 0 0 1 0 0 1 0 0 1 0 0 1 0 0 1 0 0 1 0 0 1 0 0 1 0 0 1 0 0 1 0 0 1 0 0 1 0 0 1 0 0 1 0 0 1 0 0 1 0 0 1 0 0 1 0 0 1 0 0 1 0 0 1 0 0 1 0 0 1 0 0 1 0 0 1 0 0 1 0 0 1 0 0 1 0 0 1 0 0 1 0 0 1 0 0 1 0 0 1 0 0 1 0 0 1 0 0 1 0 0 1 0 0.998305 -0.00278408 -0.0581321 0.999655 0.00833144 -0.024916 0.990035 0 -0.140818 0.992204 0.00833449 -0.124343 0.974892 -0.00833862 -0.222522 0.978491 0 -0.206291 0.957985 0.00277619 -0.286804 0.953086 -0.00278173 -0.302687 0.924653 0.0069449 -0.380746 0.926722 0.0101833 -0.37561 0.897331 0.00139271 -0.441356 0.871945 0.0239505 -0.489018 0.857571 0.006939 -0.514319 0.821537 0.00138955 -0.570154 0.771345 -0.00555849 -0.636393 0.805353 0.0129721 -0.592654 0.738679 0.00277888 -0.674052 0.715846 -0.0083354 -0.698209 0.692256 0.00278361 -0.721646 0.642777 0 -0.766053 0.629922 -0.0111072 -0.776579 0.576984 0 -0.816755 0.563308 0.00833736 -0.826205 0.521439 2.64352e-07 -0.853289 0.463579 0 -0.886055 0.47823 0.00833865 -0.878195 0.4037 0 -0.914891 0.326357 0 -0.945247 0.4037 0 -0.914891 0.305314 0.0111134 -0.952187 0.246748 -0.00417087 -0.969071 0.20897 0.0120332 -0.977848 0.165458 -0.00278092 -0.986213 0.0830158 0.00694192 -0.996524 0.0885369 0.0101843 -0.996021 0.0166314 0.00139074 -0.999861 -0.066439 0 -0.997791 -0.0271879 0.0196993 -0.999436 -0.149053 0 -0.988829 -0.149053 0 -0.988829 -0.24675 0 -0.969079 -0.24675 0 -0.969079 -0.326357 0 -0.945247 -0.326357 0 -0.945247 -0.4037 0 -0.914891 -0.4037 0 -0.914891 -0.478246 0 -0.878226 -0.463551 0.0111141 -0.886001 -0.535552 -0.00278056 -0.844497 -0.563303 0.00833224 -0.826209 -0.603783 -0.00833906 -0.797105 -0.642761 0.0083312 -0.766021 -0.667886 -0.00278285 -0.744259 -0.721812 0.009771 -0.692021 -0.736086 -0.00666476 -0.676855 -0.835334 0 -0.549742 -0.830759 0.0078622 -0.556576 -0.889844 0.00832586 -0.456189 -0.894872 0 -0.446322 -0.924669 0.0013911 -0.380769 -0.953089 0 -0.302689 -0.940282 0.0196983 -0.339827 -0.971096 0 -0.23869 -0.971096 0 -0.23869 -0.984808 0 -0.173648 -0.984808 0 -0.173648 -0.994168 0 -0.10784 -0.994168 0 -0.10784 -0.999137 0 -0.0415342 -0.999137 0 -0.0415342 -0.999137 0 0.041534 -0.999137 0 0.041534 -0.994168 0 0.10784 -0.994168 0 0.10784 -0.981785 0 0.189994 -0.981785 0 0.189994 -0.966992 0 0.254807 -0.966992 0 0.254807 -0.94793 0 0.318477 -0.942486 0.00556467 0.334199 -0.924667 -0.00277428 0.380768 -0.911475 0.00833771 0.411271 -0.889844 -0.00833324 0.456189 -0.865999 0.00833861 0.499976 -0.848921 -0.00278116 0.528512 -0.821517 0.00555617 0.570157 -0.811945 0 0.583733 -0.771357 0 0.636403 -0.757016 0.0111158 0.653302 -0.715864 -0.00416189 0.698227 -0.680156 0.0166247 0.732879 -0.642716 -0.0144532 0.765968 -0.576944 -0.0105249 0.816716 -0.507176 -0.00555248 0.861824 -0.546281 0.00984318 0.837544 -0.463603 0.00278432 0.886039 -0.433866 -0.00833703 0.900939 -0.388423 0.00833357 0.921443 -0.357593 -0.00278126 0.933873 -0.31059 0.00555831 0.950528 -0.294756 0 0.955572 -0.230615 0 0.973045 -0.208979 0.0111163 0.977857 -0.149038 -0.00416446 0.988823 -0.110581 0.0120363 0.993794 -0.0664388 -0.00278257 0.997787 -0.0166138 0.00555711 0.999847 0 0 1 0.0498527 0 0.998757 0.066438 0.00555702 0.997775 0.0995795 -3.84962e-06 0.99503 0.165431 0.0111027 0.986159 0.14904 0 0.988831 0.230618 0 0.973044 0.246754 0.00833825 0.969042 0.294749 3.85667e-06 0.955575 0.342015 0 0.939695 0.326337 0.00556173 0.945237 0.403691 0.0069394 0.914869 0.414526 0 0.910038 0.463604 0.00138637 0.886041 0.535532 0 0.844515 0.501868 0.0196873 0.86472 0.603791 0.0083226 0.797099 0.6126 0 0.790394 0.680169 -1.80439e-06 0.733056 0.749757 -0.00833544 0.661661 0.688242 0.00648533 0.725452 0.76751 0.00532225 0.641015 0.811797 -0.0189392 0.583633 0.858701 0.00961809 0.512387 0.866024 0 0.500003 0.904545 0 0.426379 0.911475 0.00833707 0.411271 0.936813 -0.00277817 0.349818 0.962589 -0.00833214 0.270836 0.947895 0.00833787 0.318475 0.981782 -0.00278076 0.189993 0.974891 0.00833798 0.222524 0.994153 -0.00555785 0.107839 0.99002 0.00555851 0.140815 0.998305 0.00278404 0.0581316 0.999655 -0.00833141 0.0249159 -0.926403 -0.191851 -0.323993 -0.977212 -0.189331 -0.0959677 -0.993278 -0.061801 0.0978765 -0.955333 -0.019797 0.294866 -0.955288 0.146281 0.256959 -0.896478 -0.0344386 0.441748 -0.660641 -0.118133 0.741349 -0.464461 -0.160965 0.870842 -0.301522 -0.0401608 0.952613 -0.0919501 -0.27343 0.957487 0.115984 -0.143071 0.982893 0.337176 -0.201552 0.919614 0.506104 -0.25361 0.824343 0.678475 -0.0998705 0.727804 0.796123 -0.121407 0.592831 0.888139 -0.207182 0.410225 0.927987 0.302167 0.218027 0.999584 -0.0162082 0.0238678 0.992082 -0.119268 0.039348 0.971537 -0.131189 -0.197246 0.856061 -0.324048 -0.402682 0.789417 -0.140493 -0.597564 0.641976 -0.20003 -0.740172 0.502648 -0.156335 -0.850238 0.41837 0.195326 -0.887025 0.295098 -0.215599 -0.930824 0.11667 -0.112902 -0.986733 -0.0571516 -0.0765968 -0.995423 -0.257533 -0.250528 -0.933227 -0.446241 0.234164 -0.863734 -0.665137 0.0757883 -0.742865 -0.832684 -0.0704152 -0.549253 -0.81503 -0.279712 -0.507433 -0.42799 0.305017 -0.850758 -0.21141 0.100057 -0.972263 -0.664848 0.167416 -0.727976 0.00324456 0.17539 -0.984494 0.190394 0.229255 -0.954564 -0.91999 0.116136 -0.37434 -0.974577 0.147643 -0.168528 0 1 0 0 1 0 0 1 0 0.568304 0.190134 -0.80055 -0.965218 0.256969 0.04817 0.737581 0.162969 -0.655298 0 1 0 0 1 0 0 1 0 0 1 0 0 1 0 0 1 0 0 1 0 0 1 0 0.846165 0.0701782 -0.52828 -0.903236 0.107972 0.41534 0.92996 0.0823102 -0.358328 -0.777024 0.0446096 0.627888 -0.752587 0.327381 0.571344 0 1 0 0 1 0 0 1 0 0 1 0 0 1 0 0.983707 -0.00218009 -0.179769 0 1 0 -0.610351 0.195075 0.767735 -0.455023 -0.0721239 0.887554 0 1 0 0 1 0 0 1 0 0.923481 0.315168 0.218749 0.857965 0.186423 0.478687 -0.233104 0.327969 0.915477 0.00325577 0.137259 0.99053 0.743048 0.206378 0.636622 0 1 0 0.599122 0.155036 0.785505 0 1 0 0.206465 0.373017 0.904561 0 1 0 0 1 0 0 1 0 0 1 0 0.436238 0.121607 0.891576 0 1 0 -0.998794 0.0121268 0.0475813 -0.992174 -0.0114203 0.124344 -0.986651 0.00635715 0.162724 -0.96256 -0.0114248 0.270829 -0.959343 -0.0215611 0.28142 -0.906195 -0.0162029 0.422549 -0.920577 0.00796837 0.390479 -0.865984 0.00382001 0.500057 -0.845909 -0.0109911 0.533214 -0.821568 0.00252632 0.570105 -0.781838 -0.00764922 0.623435 -0.756994 0.0101897 0.653343 -0.71581 -0.00379138 0.698285 -0.688249 0.0109813 0.725391 -0.642848 -0.0076436 0.765956 -0.585568 0.0145489 0.810493 -0.544405 -0.0121627 0.838734 -0.487815 0.00804455 0.87291 -0.45939 -0.00429467 0.888225 -0.352331 -0.00547444 0.935859 -0.378179 0.00938844 0.925685 -0.257493 -0.00936074 0.966235 -0.284252 0.00550983 0.958734 -0.14895 -0.00760079 0.988816 -0.197899 -8.93647e-07 0.980222 -0.132552 0 0.991176 -0.0272583 -0.0138812 0.999532 -0.0499457 0 0.998752 0.0499453 0.0038265 0.998745 0.0885649 -0.0109699 0.99601 0.171332 0.0145641 0.985106 0.208991 -0.00595004 0.9779 0.294707 0.00758515 0.955558 0.305281 0.000815765 0.952262 0.414524 0.00977713 0.909986 0.413408 0.00902621 0.910501 0.487897 -0.0101233 0.872843 0.540489 0.0180447 0.841157 0.594934 -0.0072098 0.803743 0.634315 0.00805807 0.773033 0.671999 -0.010978 0.740471 0.715794 0.00762312 0.69827 0.764507 -0.0145766 0.644451 0.795695 0.0120913 0.605577 0.833939 -0.00807879 0.551798 0.85144 0.00433778 0.524434 0.889843 -0.00763753 0.456202 0.89734 0 0.441339 0.930871 0 0.365347 0.930871 0 0.365347 0.968421 -0.0138508 0.248936 0.962627 0 0.270833 0.986651 0.00635715 0.162724 0.990779 -0.00633994 0.135339 0.997919 0.0101765 0.0636731 0.999137 0 0.0415264 0.998573 0 -0.053395 0.998573 0 -0.053395 0.990799 0 -0.135344 0.990799 0 -0.135344 0.974926 0 -0.222531 0.974926 0 -0.222531 0.95799 0 -0.286802 0.95799 0 -0.286802 0.930871 0 -0.365347 0.92226 0.0138641 -0.386321 0.889893 -0.00378568 -0.456155 0.840013 -0.00380074 -0.542553 0.865949 0.0152754 -0.499898 0.781787 0.00763174 -0.623499 0.789424 0.0162081 -0.613634 0.708119 -0.000822963 -0.706093 0.689198 0.0152736 -0.724412 0.634216 -0.00717735 -0.773123 0.563329 0 -0.826233 0.507214 0 -0.86182 0.594907 0.0118655 -0.803707 0.507214 0 -0.86182 0.433913 0 -0.900955 0.433913 0 -0.900955 0.34191 0 -0.939733 0.34191 0 -0.939733 0.236095 0 -0.97173 0.236095 0 -0.97173 0.137968 0 -0.990437 0.0332916 -0.00254382 -0.999442 0.12201 0.0110651 -0.992467 0 0.00764001 -0.999971 -0.0498028 -0.00759805 -0.99873 -0.0994476 0.00762928 -0.995014 -0.159939 -0.0110317 -0.987065 -0.198152 0.00380851 -0.980164 -0.25755 -0.0101873 -0.966211 -0.31635 0.0179924 -0.948472 -0.357457 0.00132792 -0.933929 -0.4339 0.00768381 -0.900928 -0.423819 0 -0.905747 -0.521458 0 -0.853277 -0.521458 0 -0.853277 -0.603817 0 -0.797123 -0.603817 0 -0.797123 -0.667871 0.010117 -0.744208 -0.680128 0 -0.733094 -0.727367 -0.00258266 -0.686244 -0.749836 0.00762349 -0.66158 -0.795664 -0.0145146 -0.605564 -0.81831 0.00594493 -0.574747 -0.851449 -0.00326094 -0.524428 -0.871463 0.0118603 -0.490318 -0.897329 -0.00508715 -0.441334 -0.922847 0.00435464 -0.385141 -0.930865 -0.00380862 -0.365344 -0.956139 0.013856 -0.292586 -0.962616 0 -0.27087 -0.981792 0 -0.189961 -0.984781 0.00761711 -0.173633 -0.994165 -0.00254469 -0.107837 -0.997174 0.00761915 -0.0747442 -0.999891 -0.0145592 -0.0022716 0 1 0 0 1 0 0 1 0 0 1 0 0 1 0 0 1 0 0 1 0 0 1 0 0 1 0 0 1 0 0 1 0 0 1 0 0 1 0 0 1 0 0 1 0 0 1 0 0 1 0 0 1 0 0 1 0 0 1 0 0 1 0 0 1 0 0 1 0 0 1 0 0 1 0 0 1 0 0 1 0 0 1 0 0 1 0 0 1 0 0 1 0 0 1 0 0 1 0 0 1 0 0 1 0 0 1 0 0 1 0 0 1 0 0 1 0 0 1 0 0 1 0 0 1 0 0 1 0 0 1 0 0 1 0 0 1 0 0 1 0 0 1 0 0 1 0 0 1 0 0 1 0 0 1 0 0 1 0 0 1 0 0 1 0 0 1 0 0 1 0 0 1 0 0 1 0 0 1 0 0 1 0 0 1 0 0 1 0 0 1 0 0 1 0 0 1 0 0 1 0 0 1 0 0 1 0 0 1 0 0 1 0 0 1 0 0 1 0 0 1 0 0 1 0 0 1 0 0 1 0 0 1 0 0 1 0 0 1 0 0 1 0 0 1 0 0 1 0 0 1 0 0 1 0 0 1 0 0 1 0 0 1 0 0 1 0 0 1 0 0 1 0 0 1 0 0 1 0 0 1 0 0 1 0 0 1 0 0 1 0 0 1 0 0 1 0 0 1 0 0 1 0 0 1 0 0 1 0 0 1 0 0 1 0 0 1 0 0 1 0 0 1 0 0 1 0 0 1 0 0 1 0 0 1 0 0 1 0 0 1 0 0 1 0 0 1 0 0 1 0 0 1 0 0 1 0 0 1 0 0 1 0 0 1 0 0 1 0 0 1 0 0 1 0 0 1 0 0 1 0 0 1 0 0 1 0 0 1 0 0 1 0 0 1 0 0 1 0 0 1 0 0 1 0 0 1 0 0 1 0 0 1 0 0 1 0 0 1 0 0 1 0 0 1 0 0 1 0 0 1 0 -0.9972 -0.00242078 0.0747464 -0.999689 1.70423e-06 0.0249395 -0.997157 -0.00233844 0.0753099 -0.987557 -0.00161979 0.157252 -0.992268 7.20831e-06 0.124113 -0.9848 0 0.173692 -0.974941 2.0716e-05 0.222464 -0.974893 0 0.222675 -0.957979 -0.00161011 0.286834 -0.962597 -1.76417e-06 0.270936 -0.936823 -0.00157342 0.3498 -0.947915 5.48442e-06 0.318522 -0.924676 0.00161161 0.380753 -0.911484 -7.0065e-06 0.411335 -0.882181 -0.00162299 0.470908 -0.89733 0.00160504 0.441358 -0.866036 -7.67102e-06 0.499982 -0.839981 -0.00243554 0.542611 -0.848934 0 0.5285 -0.811955 0 0.58372 -0.811955 0 0.58372 -0.781931 0 0.623366 -0.771331 -0.00158013 0.636432 -0.750219 2.79296e-05 0.661189 -0.727344 -0.00162153 0.686271 -0.715792 0 0.698313 -0.68016 0 0.733064 -0.68016 0 0.733064 -0.642817 0 0.76602 -0.642749 8.71543e-06 0.766077 -0.603861 1.08031e-05 0.79709 -0.590514 -0.00160631 0.807026 -0.563537 -9.59549e-07 0.826091 -0.521444 -0.00243574 0.853282 -0.521434 -0.00243732 0.853288 -0.478214 -1.33815e-05 0.878244 -0.433829 -0.00243663 0.900992 -0.434132 -0.00248574 0.900846 -0.342025 -0.00238878 0.939688 -0.38818 5.67039e-05 0.921583 -0.326143 0 0.945321 -0.262827 0 0.964843 -0.262827 0 0.964843 -0.198124 0 0.980177 -0.198124 0 0.980177 -0.149285 0 0.988794 -0.149285 0 0.988794 -0.0827949 -0.0015703 0.996565 -0.0991107 0 0.995076 0 -0.00244075 0.999997 -0.0332319 0.000788297 0.999447 0.0332588 0.000790922 0.999446 0.0827948 2.06445e-05 0.996567 0.100082 -0.00246298 0.994976 0.165609 -0.00160655 0.98619 0.148907 3.71291e-05 0.988851 0.198124 6.5864e-08 0.980177 0.246602 -0.00241549 0.969114 0.24675 -0.00243766 0.969076 0.294733 -1.59176e-05 0.95558 0.342143 -0.00244529 0.939645 0.326329 0 0.945256 0.38824 0 0.921558 0.403583 -0.00162364 0.914942 0.434208 1.50422e-05 0.900813 0.463559 -0.00156231 0.886065 0.478018 0 0.87835 0.521445 0 0.853285 0.535632 -0.00162419 0.84445 0.563537 -9.62237e-07 0.826091 0.6039 -0.00241688 0.797056 0.603764 -0.00244168 0.797159 0.6426 2.179e-05 0.766202 0.691649 -0.00308468 0.722227 0.680096 0 0.733123 0.7387 0 0.674034 0.7387 0 0.674034 0.781772 0 0.623564 0.792051 -0.00161879 0.610453 0.811997 4.13823e-06 0.583661 0.839629 -0.00232212 0.543155 0.840042 -0.00243286 0.542517 0.866036 -1.05125e-05 0.499982 0.882172 -0.00162492 0.470925 0.890047 2.69064e-05 0.455868 0.911383 2.39295e-05 0.41156 0.911484 0 0.411335 0.930885 0 0.365312 0.936831 -0.00161633 0.34978 0.947939 -1.29432e-06 0.318453 0.957974 -1.56253e-05 0.286856 0.962708 -0.00243758 0.270532 0.974941 0 0.222464 0.974856 3.7078e-05 0.222836 0.9848 7.70241e-06 0.173692 0.984814 0 0.173613 0.994167 -0.00161451 0.107837 0.992217 1.78907e-05 0.124519 0.997205 1.14491e-06 0.0747122 0.999686 -0.00242053 0.0249394 0.999137 0 0.041538 0.999681 0 -0.0252672 0.999689 3.16976e-05 -0.02494 0.997181 -3.19701e-05 -0.0750402 0.995824 -0.00161571 -0.0912801 0.99224 3.81038e-07 -0.124334 0.984797 -0.00242386 -0.173692 0.987553 0 -0.157286 0.974936 0 -0.222484 0.974941 1.94897e-06 -0.222464 0.962683 2.91636e-05 -0.27063 0.962602 0 -0.270919 0.947937 0 -0.318459 0.947937 0 -0.318459 0.930892 0 -0.365295 0.924693 -0.0015779 -0.38071 0.911608 2.16799e-05 -0.41106 0.889914 -0.00240683 -0.456121 0.897328 0 -0.441364 0.866036 0 -0.499982 0.857596 -0.00161701 -0.514321 0.839989 1.43169e-06 -0.542603 0.811951 0 -0.583725 0.802159 -0.00322036 -0.597102 0.760632 -1.39312e-05 -0.649183 0.760696 0 -0.649109 0.704106 -0.00161245 -0.710093 0.716053 3.62775e-05 -0.698046 0.680149 4.19392e-07 -0.733074 0.642844 -0.00241456 -0.765994 0.642828 -0.00241759 -0.766007 0.577025 -0.00155273 -0.816725 0.603533 2.82835e-05 -0.797338 0.563631 0 -0.826026 0.521445 0 -0.853285 0.521445 0 -0.853285 0.463559 -0.0015643 -0.886065 0.477929 0 -0.878398 0.388445 -0.00237671 -0.921469 0.433899 5.96004e-06 -0.900962 0.373111 0 -0.927787 0.310514 0 -0.950569 0.294742 -0.00241132 -0.955574 0.24648 2.43242e-05 -0.969148 0.19908 -0.00225466 -0.979981 0.198066 -0.00240547 -0.980186 0.149111 9.50502e-06 -0.98882 0.116066 0 -0.993241 0.0993744 -0.00244678 -0.995047 0.0498745 0 -0.998756 0.0498745 0 -0.998756 -0.0165116 -0.00160472 -0.999862 0 0 -1 -0.0502448 3.5168e-05 -0.998737 -0.0830428 0 -0.996546 -0.0992966 -0.0023787 -0.995055 -0.149285 0 -0.988794 -0.149285 0 -0.988794 -0.198104 0 -0.980181 -0.198104 0 -0.980181 -0.246623 2.1498e-05 -0.969112 -0.246838 0 -0.969057 -0.310513 -0.00161105 -0.950568 -0.295127 -4.20473e-05 -0.955458 -0.342162 1.55541e-05 -0.939641 -0.373078 0 -0.9278 -0.388239 -0.00238956 -0.921556 -0.448689 -0.00156323 -0.893687 -0.43394 0 -0.900942 -0.477948 2.97005e-05 -0.878388 -0.507262 -0.00160723 -0.86179 -0.521445 0 -0.853285 -0.563537 0 -0.826091 -0.603773 0 -0.797157 -0.563537 0 -0.826091 -0.616889 0.00160929 -0.787048 -0.655447 -0.000819054 -0.75524 -0.667861 0.000789679 -0.744286 -0.704107 0 -0.710094 -0.749831 0 -0.66163 -0.715267 -0.0023088 -0.698848 -0.749831 0 -0.66163 -0.781772 0 -0.623564 -0.792056 -0.00161961 -0.610447 -0.81202 4.8554e-06 -0.58363 -0.839979 -0.00238659 -0.542614 -0.83981 -0.0024311 -0.542875 -0.866259 3.22358e-05 -0.499595 -0.897348 -0.00322871 -0.441311 -0.889895 0 -0.456166 -0.924694 0 -0.380711 -0.930885 -0.00242027 -0.365303 -0.947937 1.61557e-06 -0.318459 -0.957978 -0.00161049 -0.286838 -0.962602 0 -0.270919 -0.974941 0 -0.222464 -0.974941 0 -0.222464 -0.9848 0 -0.173692 -0.987552 -0.0016164 -0.157286 -0.992252 4.97048e-06 -0.12424 -0.995824 -0.0015786 -0.0912801 -0.997197 0 -0.0748253 -0.999964 -0.00161462 -0.00832726 -0.999689 0 -0.02494 -0.757833 0.652175 -0.0189062 -0.918463 0.395507 0 -0.946451 0.276343 -0.166928 -0.739535 0.651622 -0.168749 -0.384285 0.915598 -0.118343 -0.48407 0.864358 -0.136239 -0.480751 0.861855 -0.161508 -0.805698 0.490729 -0.331718 -0.84463 0.144128 -0.515585 -0.750863 0.278407 -0.59891 -0.702469 0.398707 -0.58955 -0.567688 0.653313 -0.500912 -0.535417 0.496687 -0.683103 -0.382857 0.754625 -0.532881 -0.284762 0.862937 -0.417433 -0.500672 0.279443 -0.819292 -0.336236 0.392979 -0.85587 -0.296545 0.645431 -0.703904 -0.329397 0.270597 -0.904586 -0.159975 0.396372 -0.904045 -0.151128 0.646552 -0.747751 -0.143647 0.272219 -0.951453 0.0221941 0.397364 -0.917393 0 0.646451 -0.762955 0.0480416 0.268607 -0.962051 0.172129 0.144955 -0.974351 0.292759 0.39405 -0.871216 0.269264 0.498034 -0.824293 0.50067 0.279458 -0.819288 0.500787 0.277817 -0.819775 0.617282 0.279114 -0.735567 0.572892 0.50043 -0.649126 0.653075 0.279332 -0.703894 0.696699 0.495644 -0.518601 0.424092 0.863191 -0.273948 0.422442 0.864416 -0.272632 0.654877 0.654366 -0.378076 0.854801 0.27814 -0.438124 0.911353 0.275441 -0.305889 0.910496 0.27827 -0.305881 0.909599 0.39213 -0.137344 0.75043 0.647562 -0.132356 0.955297 0.270331 -0.119705 0.915594 0.399522 0.0454977 0.757146 0.652973 0.0188887 0.958078 0.27737 0.0717807 0.969957 0.143589 0.196382 0.863994 0.393065 0.314665 0.718316 0.652526 0.241313 0.894414 0.277169 0.350999 0.831876 0.277996 0.480314 0.831777 0.278479 0.480204 0.75141 0.275985 0.599346 0.567714 0.652956 0.501347 0.638731 0.502343 0.582816 0.543142 0.266593 0.796194 0.39812 0.645816 0.651477 0.498404 0.393511 0.772491 0.372771 0.279463 0.88484 0.25926 0.652544 0.712019 0.148016 0.864783 0.479835 0.14805 0.864682 0.480007 0.186921 0.652272 0.734576 0.190369 0.277035 0.941813 0.0228921 0.394689 0.91853 0.0288519 0.497443 0.867016 -0.146152 0.752749 0.641879 -0.143306 0.280183 0.949189 -0.100422 0.862026 0.496817 -0.228896 0.491461 0.840282 -0.461217 0.264233 0.84703 -0.399577 0.642499 0.653861 -0.286887 0.860718 0.420548 -0.453838 0.494435 0.741327 -0.653796 0.275717 0.704649 -0.543109 0.65138 0.529846 -0.639834 0.401276 0.655431 -0.781749 0.270219 0.562005 -0.641123 0.646095 0.414153 -0.439204 0.861862 0.253563 -0.436749 0.863626 0.251797 -0.777268 0.499697 0.382305 -0.945915 0.1416 0.29188 -0.945953 0.278097 0.16684 -0.946102 0.277541 0.16692 -0.960767 0.276319 0.0239685 -0.000245722 1 -0.000117531 -0.000140461 1 -0.000192545 -0.000269485 1 -0.00025291 -0.000141413 1 -0.000315816 -0.000119341 1 -0.000338923 -0.000338996 1 -0.00033509 -0.00014222 1 -0.00017317 -0.000239042 1 -3.84705e-05 -2.96626e-05 1 -0.000167629 -0.00021115 1 -4.61783e-05 -0.000207289 1 -4.20254e-05 -4.26462e-05 1 -0.000181955 4.2355e-06 1 -0.000175074 -0.0002099 1 0 7.0113e-05 1 -6.9811e-05 -0.000420468 1 -0.000155772 0.000337954 1 7.04949e-05 -0.000303944 1 0.000190416 3.81211e-05 1 -0.000366089 -0.000613125 1 1.37086e-05 2.34217e-05 1 -0.000371943 -0.000632018 1 0.000156547 1.32853e-05 1 -0.000407766 0.000521433 1 -0.000154022 -0.00032305 1 8.95719e-05 -0.000484159 1 0.000401586 0.000296723 1 -0.000385617 0.000177741 1 -0.000360042 -0.000195331 1 0.000111269 -0.000134539 1 0.000227442 0.000309563 1 -0.000256301 0.000135976 1 -0.000235684 -5.57059e-05 1 0.00022097 7.57049e-05 1 -0.000342856 -0.000164195 1 0.000151075 -0.000150622 1 0.000143608 0.000517516 1 -0.000335764 0.000416628 1 -4.60311e-05 0.000390496 1 -9.79116e-05 -9.62854e-05 1 0.000185159 -9.51012e-06 1 0.000177666 0.000468755 1 -0.000269416 0.000567455 1 -0.000177065 3.63057e-05 1 0.000390768 2.92575e-06 1 0.00027148 3.19206e-06 1 0.000271445 0.000443478 1 9.51983e-05 0.000277232 1 0.000181795 -1.02472e-05 1 0.000255655 0.00028526 1 0.000158881 -3.60517e-05 1 0.000261601 0.000347822 1 0.00010893 0.000326286 1 3.96293e-05 0.000137868 1 0.000399463 -3.3574e-05 1 0.00087142 0.00032316 1 4.17928e-05 0.000307988 1 0.000697504 0.000324213 1 0.000242235 0.000311009 1 0.000652473 0.000274221 1 0.000274854 0.000832651 1 9.2672e-05 0.00076673 1 0.000240185 0.000274276 1 0.000278546 -0.906562 -0.091564 0.412021 -0.806301 -0.0590157 0.588553 -0.692186 -0.0150499 0.721562 -0.523135 -0.123752 0.843217 -0.364463 -0.103221 0.925479 -0.168194 -0.0343465 0.985155 0.00130918 -0.0671961 0.997739 0.535871 -0.0220971 0.844011 0.688933 -0.0109226 0.724742 0.903511 -0.0505987 0.425568 0.968363 -0.104261 0.226721 0.999869 -0.00704974 -0.0146048 0.967051 0.0624404 -0.246805 0.888509 0.021871 -0.458338 0.784137 0.017855 -0.620331 0.637127 0.0634969 -0.768139 0.491791 -0.097757 -0.865208 0.308518 -0.0741703 -0.948322 0.127394 -0.0318782 -0.99134 -0.0255996 0.0472475 -0.998555 -0.223453 0.00775444 -0.974684 -0.437529 -0.10147 -0.893461 -0.455731 -0.0447636 -0.888991 -0.63473 -0.0694515 -0.769607 -0.791069 -0.135226 -0.596594 -0.910432 -0.0904844 -0.40364 -0.976907 -0.0801643 -0.198056 -0.984952 -0.0224968 -0.17136 -0.975547 -0.103197 0.194056 0.630983 0.0830039 -0.771343 0 1 0 0.418052 0.0775163 -0.90511 0.226481 0.109693 -0.967819 0.797521 0.287717 -0.530264 -0.0142562 0.0807444 -0.996633 0.96692 0.0458679 -0.250922 0 1 0 0 1 0 0 1 0 -0.244849 0.0823139 -0.966061 0.982728 0.181801 0.0345645 0 1 0 -0.610316 0.0175778 -0.791963 0.933511 0.140686 0.329794 -0.743357 0.0494775 -0.667063 0 1 0 0 1 0 0.808317 0.0749331 0.58396 0.811301 0.106334 0.574877 -0.863468 0.101801 -0.494023 -0.949552 0.0539751 -0.308929 0 1 0 0 1 0 0 1 0 0 1 0 0.616701 0.203667 0.760394 -0.998895 -0.0365918 -0.0295056 0.35136 0.276246 0.894558 0.333914 0.149754 0.930632 -0.987491 0.151558 0.0434845 0 1 0 0 1 0 0.20765 -0.0321989 0.977673 0.0792951 0.129378 0.98842 0 1 0 0 1 0 0 1 0 0 1 0 -0.928879 0.197044 0.313619 -0.115939 0.0423205 0.992354 -0.833734 0.0331666 0.551169 0 1 0 0 1 0 0 1 0 -0.283959 0.0651383 0.956621 -0.721739 0.0655827 0.689051 -0.456084 0.0265638 0.88954 0 1 0 0 1 0 0 1 0 -0.60307 0.0472359 0.796288 0 1 0 0 1 0 0.53127 0.00944225 -0.84715 0 1 0 0 1 0 0 1 0 0 1 0 0 1 0 0 1 0 0 1 0 0 1 0 0.930509 0.0196313 0.365744 0 1 0 0 1 0 0 1 0 0.576552 0.00493685 0.817046 0 1 0 0 1 0 -0.919855 0.0293806 -0.391157 0 1 0 0.294703 0.012094 0.955512 0 -1 0 0.81291 -0.0411792 -0.580932 0 1 0 0 1 0 0 1 0 -0.826222 -0.00825559 0.563285 0 1 0 -0.581941 0.00364701 0.813223 0 1 0 -0.0444571 0.00136184 -0.99901 -0.029298 -0.00207631 -0.999569 -0.318476 -0.00283509 -0.947927 -0.300677 0.000532273 -0.953726 -0.522001 0.00143157 -0.852944 -0.555152 -0.00509268 -0.831733 -0.706343 0.00232606 -0.707866 -0.762654 -0.00830756 -0.646753 -0.929567 0.0186286 -0.368183 0.844059 -0.0646675 0.532337 -0.990317 -0.00361489 -0.138776 -0.995638 -0.00778575 0.0929738 -0.999986 0.00183698 0.00487138 -0.932298 -0.00268469 0.36168 -0.930028 -0.00061005 0.367489 -0.810896 -0.00178614 0.585188 -0.577913 0.00229798 0.816095 -0.284589 0.000750858 0.958649 -0.261931 0.00608671 0.965067 -0.0309594 -0.000538888 0.99952 0.0063092 0.00422754 0.999971 0.167516 -0.0034597 0.985863 0.412207 -0.00404217 0.911081 0.62631 -0.00568346 0.779553 0.793276 -0.0020788 0.608858 0.754148 0.00525222 0.656684 0.910892 0.00444405 0.41262 0.999542 0.0157537 0.0258306 0.99673 -0.0117778 -0.0799431 0.97594 0.0014529 -0.218035 0.949056 -0.00189471 -0.315102 0.93004 0.00181177 -0.367455 0.872603 -0.00328121 -0.488419 0.853307 0.000708305 -0.521409 0.743316 -0.00911008 -0.668879 0.769336 -0.00271045 -0.638838 0.499132 0 -0.866526 0.213242 0 -0.976999 0.218901 -0.0011509 -0.975747 0.200807 -0.154978 0.967294 -0.200807 0.154978 -0.967294 -0.795368 -0.564869 -0.219802 0.795368 0.564869 0.219802 -0.931365 -0.0953905 0.351368 0.931365 0.0953905 -0.351368 0.0327524 -0.996734 -0.0738199 -0.0327524 0.996734 0.0738199 -0.350968 -0.0618529 -0.934342 0.240788 -0.729053 0.640705 -0.394146 0.131618 0.909575 0.958709 0.207756 0.194201 0.073165 -0.995149 -0.0657701 -0.073165 0.995149 0.0657702 -0.045395 -0.997109 0.060937 0.045395 0.997109 -0.060937 -0.0936845 -0.995074 -0.0324058 0.0936845 0.995074 0.0324058 -0.00201826 -0.999997 0.00154064 0.323465 0.00962636 -0.946191 -0.88456 0.143465 0.443815 0.870104 0.116066 0.479007 -0.593962 -0.246785 0.765706 0.593962 0.246785 -0.765706 0.875053 -0.473928 -0.0983606 -0.875053 0.473928 0.0983607 0.830167 0.105638 -0.547415 -0.830167 -0.105638 0.547415 -0.0541295 -0.997507 0.0452705 0.0541295 0.997507 -0.0452705 0.0589473 -0.996564 -0.0581848 -0.0589473 0.996564 0.0581848 -0.742011 -0.538822 -0.398862 0.742011 0.538822 0.398862 0.509942 -0.0636909 0.857848 -0.0524676 -0.996195 0.0695937 -0.965214 0.258351 0.0402096 0.573544 0.095077 -0.813639 -0.375771 -0.0645703 0.92446 -0.101959 -0.993582 0.0489759 0.101959 0.993582 -0.0489759 0.375771 0.0645703 -0.92446 -0.35768 -0.052301 0.932379 0.0227579 -0.998177 -0.0558939 0.9359 0.309676 -0.167904 -0.616928 0.0561729 -0.785013 -0.565865 -0.0607713 0.822255 0.0049401 -0.999984 -0.00266581 -0.00876343 -0.999961 -0.00081439 0.420569 0.146664 0.895328 0.432621 0.157378 -0.887734 -0.46605 0.13948 -0.873695 -0.917225 0.300914 0.261053 0.76741 0.130468 0.627742 0.780419 0.0102457 -0.625173 0.918226 -0.0397128 0.39406 -0.85483 -0.00686718 0.518863 -0.861954 -0.0450168 -0.504984 0.985631 -0.0319691 -0.16586 0.00275948 -0.999993 -0.00262622 -0.45545 -0.0710091 0.887425 -0.00510055 -0.999987 0.000710727 0.985765 -0.0703087 0.152721 0.796409 0.119379 0.592859 0.211909 0.133721 0.968098 0.865001 0.257693 -0.430544 -0.073221 0.150953 -0.985825 -0.325805 0.158195 -0.932108 -0.536872 0.355187 0.765252 0.547433 -0.0496675 -0.835374 -0.769655 0.00997493 0.638382 -0.920752 -0.0153548 -0.389847 -0.879198 0.0393756 0.474826 0.00254721 -0.999995 -0.0016766 0.00906962 -0.999931 -0.0074875 0.962558 0.145987 0.228406 -0.346902 0.10103 -0.932444 -0.360719 0.097656 0.927548 -0.692361 0.0345601 -0.720723 0.00476888 -0.99996 0.00752078 0.000341261 -0.999989 -0.00474106 0.971588 0.234948 0.0285647 -0.938609 0.154959 0.308224 0.810353 0.00086546 0.585941 -0.500642 -0.0401845 0.864721 0.250927 0.112403 -0.961458 -0.0010205 -0.999999 0.000481801 0.525944 -0.363539 0.76891 -0.339424 0.1227 0.932597 0.940862 0.122788 0.315757 0.191993 0.113147 -0.974852 -0.989638 0.0909778 -0.111088 0.00702339 -0.999969 0.00348793 0.000469499 -1 0.000682177 0.856445 0.154228 -0.492662 0.035722 0.12683 0.991281 -0.997513 0.0445352 0.054632 -0.715752 0.0503715 -0.696535 -0.605325 -0.0071786 0.795946 0.175075 -0.0174367 0.984401 0.00114627 -0.999993 -0.00360838 0.0875131 -0.987578 -0.130505 0.00117869 -0.999985 -0.00536501 0 -1 0 0.989913 0.1117 0.0871498 0.98681 0.0950379 -0.13105 0.000990308 0.0909545 -0.995855 -0.815878 0.163462 -0.554638 -0.854022 0.371814 0.363868 -0.265097 0.426398 0.864817 0.666951 0.0189928 0.74486 -0.0897427 0.00805796 0.995932 -0.649614 -0.0158879 0.760098 -0.999943 0.0106581 0.00101033 -0.85193 -0.0615244 -0.52003 -0.781159 -0.0191145 0.62404 0.0104969 -0.999944 0.00123151 0.0817946 -0.996648 0.00182983 0.557298 0.133687 0.81948 0.639161 0.110731 -0.76106 0.166042 0.133649 -0.97702 -0.893623 0.245335 -0.37583 0.21466 0.15272 0.964675 -0.994337 0.00447462 -0.106174 -0.757589 -0.00990136 -0.652657 -0.879432 -0.470916 0.069553 0.985172 0.152548 -0.078523 -0.211417 0.163709 0.963588 -0.744546 -0.0674007 -0.66416 0.00616356 -0.999981 -0.000278715 -0.482256 -0.0875639 0.871643 0.956367 -0.214209 -0.198685 0.833581 0.134749 0.535711 0.503239 0.126574 -0.854827 0.142586 0.137634 -0.980166 -0.878004 0.293518 0.378095 0.347684 0.151658 0.925265 -0.981882 0.0319702 0.186779 -0.941793 -0.033384 0.334531 0.00151 -0.999996 -0.00256837 -0.0831823 -0.0252197 0.996215 0.00179889 -0.999992 -0.00371361 0.000170433 -0.999998 -0.00204116 0.866838 0.133181 0.480474 0.699612 0.108772 -0.706196 -0.500975 0.142957 -0.853574 -0.595891 0.152267 -0.788498 -0.438906 0.382495 0.813055 0.66925 0.0414027 0.741883 -0.525814 0.0209713 0.850341 -0.00593177 -0.999978 -0.00312526 0.999336 -0.0239071 -0.0274989 -0.00463519 -0.999989 0.000127547 -0.00157199 -0.999999 -0.000574302 0.325397 0.00363195 0.94557 0.896622 0.329634 0.295652 -0.026806 0.124113 -0.991906 -0.121279 0.118222 -0.985553 -0.981577 0.116482 0.151456 -0.247897 0.151728 0.956831 0.804487 0.00817767 -0.593914 0.964413 0.0179649 0.26379 0.0166125 -0.0383947 -0.999125 0.00233052 -0.999975 0.00672361 -0.000373088 -0.999999 0.00164959 -0.000414283 -0.999997 0.00228905 0.39818 0.0940686 0.912471 0.952156 0.138643 -0.272356 0.714031 0.160035 -0.681578 -0.962239 0.129726 -0.239304 -0.735225 0.112903 0.668354 -0.912875 0.0714567 -0.401938 -0.000508316 -0.999998 -0.00175753 0.255171 0.0844981 0.963197 0.838089 0.0698439 -0.541044 -0.909236 0.0800688 -0.408508 -0.949742 -0.00549837 -0.312986 -0.521365 -0.0145726 -0.85321 0.238137 -0.0115848 -0.971163 0 -1 0 -0.652229 -0.0461084 0.756618 0.820788 -0.00971428 -0.57115 0.000395823 -0.999996 0.00263876 0.00054251 -0.999998 0.00211917 0.00159235 -0.999942 0.0106105 0.0142954 -0.999725 -0.0185935 0.940399 0.141296 0.309331 0.82202 0.12098 0.556459 0.269082 0.376778 -0.88636 -0.596392 0.263603 -0.758175 -0.177133 0.263919 -0.948141 -0.734232 0.110112 0.66991 -0.972541 0.117854 -0.200686 0.425949 0.159997 0.890488 0.414939 0.0070702 -0.909822 -0.0146636 0.0283961 0.999489 -0.694785 0.00658696 -0.719188 -0.224864 0.010488 -0.974334 0.00618653 -0.999981 -7.94504e-06 0.957664 -0.251192 -0.140651 0.461895 0.196764 0.864833 0.19568 0.222351 -0.955128 -0.712578 0.0249947 0.701147 -0.881925 0.0429934 -0.469425 0.598225 -0.0619685 -0.798929 0.00551374 -0.999983 0.00192117 -0.00300535 -0.999991 0.00296044 0.818729 -0.0398666 0.572794 0.306151 0.133056 0.942639 0.932883 0.359447 0.0229461 0.208115 0.439757 -0.873672 -0.996299 0.0269138 -0.0816292 -0.438305 0.132347 -0.889029 -0.341263 0.119819 0.9323 0.365897 -0.01812 -0.930479 0.957681 0.00680406 -0.28775 -0.679404 0.00517235 0.733746 -0.902713 -0.0494353 -0.427395 -0.904525 -0.0261679 -0.425616 -0.886378 -0.0243022 0.462323 0 -1 0 0.00673078 -0.999977 -1.97692e-05 0.0101415 -0.999948 -0.000900489 0.71967 -0.0475779 0.692684 -0.0115144 -0.999905 -0.00762166 -0.461561 0.137578 0.876375 0.924426 0.113416 -0.364105 -0.0634048 0.132604 -0.989139 -0.88889 0.344378 -0.302122 0.230652 0.136305 0.963442 0.970913 0.0667516 -0.22994 -0.397126 0.0349943 0.917097 -0.998718 0.0146015 0.0484767 -0.146107 0.10338 -0.983852 -0.26337 -0.0104452 -0.964639 -0.960856 -0.00942616 -0.276889 0 -1 0 0 -1 0 0 -1 0 0 -1 0 0.535362 -0.00379733 -0.844614 -0.785407 -0.00499801 0.61896 0 -1 0 0 -1 0 -0.347067 -0.00589373 0.937822 0 -1 0 0.16277 -0.00965303 0.986617 0 -1 0 0.947188 -0.0150074 0.320327 0.644318 -0.00771446 0.764719 -3.34836e-05 -1 -7.80301e-05 0 -1 0 -7.60845e-06 -1 7.99494e-05 -0.014965 0.0070802 0.999863 0.985008 0.0146015 -0.17189 0.000774911 0.999988 0.00479101 -0.474533 0.00631589 0.880215 -1.99849e-05 1 0.000515714 0 1 0 0 1 0 4.55155e-05 1 -0.000446142 0.364716 0.00419801 -0.931109 -0.99633 0.0117955 0.0847783 8.33843e-05 1 -7.09521e-06 0 1 0 2.90965e-05 1 0.000232519 0 1 0 0 1 0 0 1 0 -0.892764 0.00701285 -0.450469 0 1 0 0.0664435 0.000796296 -0.99779 0.183151 -0.00507061 -0.983072 0.746704 0.00803982 -0.665108 0.814349 -0.00182132 -0.580373 0.964375 0.00351143 -0.264514 0.908021 -0.00344066 0.418912 0.730693 0.000843446 0.682706 0.426206 0.00507129 0.904612 -0.833676 0.00312136 0.552245 -0.973644 -0.00257107 0.22806 -0.664036 -0.00682603 -0.747669 -0.582105 0.00190665 -0.813111 -0.322959 -0.00440858 -0.946403</float_array>
                    <technique_common>
                        <accessor count="7999" source="#shape0-lib-normals-array" stride="3">
                            <param name="X" type="float"/>
                            <param name="Y" type="float"/>
                            <param name="Z" type="float"/>
                        </accessor>
                    </technique_common>
                </source>
                <vertices id="shape0-lib-vertices">
                    <input semantic="POSITION" source="#shape0-lib-positions"/>
                </vertices>
                <triangles count="7999">
                    <input offset="0" semantic="VERTEX" source="#shape0-lib-vertices"/>
                    <input offset="1" semantic="NORMAL" source="#shape0-lib-normals"/>
                    <p>0 0 193 0 116 0 8 1 193 1 0 1 4 2 63 2 8 2 14 3 0 3 1 3 14 4 1 4 2 4 3 5 8 5 0 5 3 6 0 6 14 6 13 7 8 7 3 7 13 8 4 8 8 8 118 9 194 9 155 9 6 10 56 10 55 10 6 11 7 11 56 11 55 12 56 12 11 12 13 13 3 13 11 13 11 14 14 14 12 14 3 15 14 15 11 15 123 16 195 16 121 16 157 17 195 17 209 17 209 18 16 18 210 18 16 19 209 19 17 19 17 20 195 20 123 20 20 21 196 21 18 21 196 22 20 22 19 22 375 23 21 23 25 23 16 24 17 24 87 24 197 25 123 25 15 25 58 26 197 26 15 26 21 27 128 27 25 27 17 28 27 28 87 28 26 29 22 29 212 29 374 30 23 30 64 30 26 31 23 31 22 31 92 32 20 32 87 32 94 33 127 33 318 33 27 34 59 34 87 34 24 35 59 35 27 35 163 36 29 36 126 36 126 37 29 37 58 37 35 38 163 38 32 38 31 39 127 39 130 39 60 40 34 40 28 40 28 41 34 41 59 41 168 42 61 42 32 42 34 43 60 43 167 43 167 44 60 44 37 44 39 45 38 45 62 45 40 46 106 46 65 46 106 47 41 47 65 47 42 48 107 48 65 48 178 49 44 49 43 49 181 50 45 50 188 50 182 51 45 51 179 51 50 52 190 52 184 52 63 53 54 53 152 53 55 54 117 54 6 54 5 55 117 55 55 55 5 56 55 56 12 56 5 57 12 57 9 57 57 58 4 58 151 58 63 59 4 59 54 59 54 60 4 60 57 60 11 61 12 61 55 61 10 62 13 62 56 62 119 63 12 63 14 63 18 64 210 64 16 64 195 65 17 65 209 65 196 66 128 66 21 66 126 67 58 67 124 67 212 68 25 68 26 68 29 69 24 69 58 69 24 70 28 70 59 70 163 71 35 71 29 71 30 72 132 72 166 72 132 73 31 73 36 73 60 74 35 74 61 74 37 75 60 75 61 75 36 76 38 76 132 76 37 77 61 77 169 77 36 78 62 78 38 78 65 79 39 79 62 79 169 80 173 80 37 80 202 81 178 81 43 81 51 82 66 82 50 82 183 83 66 83 51 83 50 84 52 84 190 84 191 85 185 85 53 85 54 86 191 86 152 86 151 87 4 87 10 87 7 88 10 88 56 88 23 89 318 89 64 89 94 90 23 90 26 90 29 91 28 91 24 91 35 92 28 92 29 92 28 93 35 93 60 93 33 94 36 94 31 94 38 95 133 95 132 95 40 96 62 96 36 96 168 97 169 97 61 97 38 98 39 98 133 98 78 99 120 99 207 99 62 100 40 100 65 100 79 101 67 101 78 101 67 102 122 102 78 102 79 103 162 103 67 103 68 104 70 104 69 104 207 105 71 105 78 105 78 106 71 106 79 106 71 107 134 107 79 107 81 108 105 108 80 108 134 109 70 109 68 109 105 110 74 110 141 110 142 111 75 111 81 111 0 112 144 112 83 112 75 113 203 113 72 113 84 114 86 114 77 114 77 115 86 115 85 115 122 116 67 116 125 116 68 117 162 117 79 117 162 118 68 118 164 118 98 119 95 119 129 119 70 120 80 120 69 120 81 121 80 121 70 121 79 122 134 122 68 122 80 123 105 123 170 123 105 124 81 124 74 124 70 125 134 125 139 125 72 126 74 126 81 126 113 127 201 127 141 127 70 128 142 128 81 128 72 129 187 129 74 129 180 130 202 130 43 130 81 131 75 131 72 131 83 132 144 132 76 132 203 133 150 133 76 133 77 134 208 134 84 134 208 135 120 135 84 135 86 136 156 136 85 136 85 137 156 137 367 137 122 138 125 138 84 138 25 139 93 139 26 139 59 140 92 140 87 140 128 141 99 141 90 141 93 142 130 142 94 142 92 143 131 143 99 143 96 144 93 144 90 144 71 145 95 145 98 145 34 146 97 146 131 146 131 147 100 147 99 147 100 148 102 148 99 148 131 149 97 149 100 149 135 150 102 150 100 150 102 151 172 151 96 151 102 152 135 152 172 152 167 153 100 153 97 153 100 154 167 154 103 154 100 155 103 155 135 155 104 156 174 156 134 156 103 157 175 157 135 157 175 158 138 158 135 158 134 159 174 159 139 159 141 160 201 160 136 160 201 161 140 161 136 161 70 162 139 162 142 162 109 163 49 163 176 163 112 164 73 164 177 164 203 165 187 165 72 165 185 166 47 166 82 166 82 167 145 167 185 167 76 168 82 168 187 168 145 169 116 169 53 169 144 170 116 170 145 170 114 171 150 171 203 171 52 172 154 172 190 172 5 173 204 173 117 173 153 174 154 174 6 174 5 175 9 175 194 175 194 176 118 176 114 176 10 177 7 177 151 177 118 178 155 178 1 178 155 179 119 179 1 179 0 180 83 180 1 180 368 181 120 181 208 181 120 182 122 182 84 182 78 183 122 183 120 183 156 184 15 184 121 184 125 185 124 185 84 185 159 186 58 186 15 186 124 187 58 187 159 187 126 188 124 188 125 188 162 189 125 189 67 189 161 190 125 190 162 190 374 191 64 191 213 191 215 192 160 192 216 192 162 193 164 193 161 193 164 194 126 194 161 194 26 195 93 195 94 195 25 196 90 196 93 196 128 197 90 197 25 197 95 198 89 198 91 198 95 199 88 199 89 199 164 200 69 200 32 200 94 201 130 201 127 201 207 202 88 202 71 202 71 203 88 203 95 203 129 204 165 204 166 204 102 205 90 205 99 205 96 206 90 206 102 206 98 207 129 207 166 207 98 208 134 208 71 208 98 209 104 209 134 209 96 210 40 210 33 210 101 211 169 211 168 211 172 212 40 212 96 212 170 213 101 213 80 213 171 214 103 214 167 214 137 215 171 215 173 215 136 216 169 216 170 216 175 217 103 217 137 217 137 218 103 218 171 218 105 219 141 219 170 219 41 220 106 220 172 220 138 221 108 221 135 221 176 222 172 222 108 222 138 223 175 223 110 223 108 224 109 224 176 224 176 225 179 225 41 225 46 226 110 226 44 226 74 227 113 227 141 227 178 228 46 228 44 228 143 229 51 229 138 229 46 230 183 230 143 230 181 231 42 231 45 231 138 232 51 232 108 232 42 233 111 233 177 233 112 234 177 234 111 234 74 235 187 235 113 235 51 236 50 236 108 236 50 237 48 237 108 237 75 238 73 238 112 238 187 239 82 239 113 239 178 240 147 240 183 240 143 241 183 241 51 241 180 242 191 242 202 242 114 243 112 243 189 243 82 244 76 244 144 244 144 245 145 245 82 245 50 246 66 246 52 246 186 247 148 247 149 247 75 248 114 248 203 248 54 249 147 249 115 249 151 250 52 250 66 250 148 251 204 251 149 251 52 252 151 252 154 252 144 253 0 253 116 253 190 254 154 254 153 254 6 255 117 255 153 255 204 256 5 256 149 256 154 257 7 257 6 257 154 258 151 258 7 258 57 259 151 259 66 259 118 260 150 260 114 260 150 261 118 261 83 261 118 262 1 262 83 262 4 263 13 263 10 263 1 264 119 264 2 264 2 265 119 265 14 265 367 266 156 266 121 266 157 267 121 267 195 267 86 268 159 268 156 268 156 269 159 269 15 269 84 270 159 270 86 270 159 271 84 271 124 271 211 272 18 272 196 272 158 273 18 273 211 273 210 274 18 274 158 274 161 275 126 275 125 275 64 276 318 276 214 276 318 277 160 277 392 277 92 278 19 278 20 278 127 279 160 279 318 279 164 280 163 280 126 280 129 281 216 281 160 281 91 282 216 282 129 282 92 283 99 283 19 283 68 284 69 284 164 284 91 285 129 285 95 285 92 286 59 286 131 286 129 287 160 287 165 287 32 288 163 288 164 288 101 289 32 289 69 289 168 290 32 290 101 290 166 291 104 291 98 291 166 292 133 292 104 292 80 293 101 293 69 293 101 294 170 294 169 294 171 295 37 295 173 295 136 296 198 296 169 296 174 297 107 297 139 297 135 298 108 298 172 298 170 299 141 299 136 299 136 300 199 300 198 300 200 301 173 301 198 301 107 302 39 302 65 302 110 303 175 303 137 303 136 304 140 304 199 304 42 305 65 305 41 305 107 306 73 306 139 306 73 307 142 307 139 307 176 308 49 308 179 308 138 309 110 309 143 309 46 310 143 310 110 310 41 311 45 311 42 311 199 312 140 312 43 312 42 313 181 313 111 313 140 314 201 314 47 314 109 315 48 315 49 315 48 316 109 316 108 316 180 317 140 317 47 317 185 318 180 318 47 318 73 319 75 319 142 319 46 320 178 320 183 320 82 321 47 321 113 321 202 322 115 322 178 322 112 323 111 323 186 323 111 324 181 324 186 324 191 325 115 325 202 325 66 326 183 326 147 326 182 327 146 327 188 327 184 328 146 328 182 328 181 329 188 329 148 329 148 330 186 330 181 330 146 331 192 331 188 331 153 332 192 332 146 332 148 333 188 333 192 333 190 334 153 334 146 334 149 335 194 335 186 335 192 336 153 336 117 336 204 337 148 337 192 337 189 338 194 338 114 338 204 339 192 339 117 339 53 340 116 340 193 340 54 341 57 341 147 341 5 342 194 342 149 342 9 343 155 343 194 343 76 344 150 344 83 344 56 345 13 345 11 345 9 346 12 346 119 346 9 347 119 347 155 347 123 348 121 348 15 348 18 349 16 349 20 349 196 350 19 350 128 350 123 351 197 351 17 351 17 352 197 352 27 352 87 353 20 353 16 353 24 354 197 354 58 354 197 355 24 355 27 355 23 356 94 356 318 356 127 357 165 357 160 357 128 358 19 358 99 358 30 359 165 359 127 359 165 360 30 360 166 360 59 361 34 361 131 361 96 362 130 362 93 362 127 363 31 363 30 363 31 364 132 364 30 364 130 365 33 365 31 365 61 366 35 366 32 366 166 367 132 367 133 367 34 368 167 368 97 368 96 369 33 369 130 369 104 370 133 370 174 370 40 371 36 371 33 371 40 372 172 372 106 372 167 373 37 373 171 373 174 374 133 374 39 374 173 375 169 375 198 375 174 376 39 376 107 376 173 377 200 377 44 377 172 378 176 378 41 378 200 379 198 379 199 379 44 380 137 380 173 380 110 381 137 381 44 381 200 382 43 382 44 382 107 383 42 383 177 383 199 384 43 384 200 384 107 385 177 385 73 385 45 386 41 386 179 386 180 387 43 387 140 387 201 388 113 388 47 388 179 389 49 389 182 389 178 390 115 390 147 390 184 391 49 391 48 391 182 392 188 392 45 392 184 393 182 393 49 393 187 394 203 394 76 394 186 395 189 395 112 395 48 396 50 396 184 396 180 397 185 397 191 397 112 398 114 398 75 398 184 399 190 399 146 399 53 400 185 400 145 400 54 401 115 401 191 401 186 402 194 402 189 402 53 403 152 403 191 403 57 404 66 404 147 404 152 405 53 405 193 405 193 406 8 406 152 406 152 407 8 407 63 407 206 408 91 408 89 408 120 409 332 409 207 409 326 410 77 410 85 410 158 411 320 411 210 411 321 412 158 412 211 412 214 413 213 413 64 413 205 414 216 414 91 414 343 415 218 415 338 415 338 416 218 416 217 416 340 417 222 417 348 417 343 418 345 418 347 418 217 419 218 419 236 419 226 420 346 420 274 420 343 421 347 421 230 421 217 422 236 422 422 422 225 423 231 423 219 423 227 424 344 424 240 424 422 425 236 425 238 425 232 426 347 426 345 426 218 427 239 427 236 427 344 428 228 428 372 428 239 429 218 429 230 429 234 430 228 430 231 430 344 431 372 431 240 431 348 432 229 432 232 432 234 433 372 433 228 433 231 434 225 434 242 434 242 435 225 435 257 435 399 436 232 436 229 436 231 437 242 437 234 437 232 438 399 438 349 438 230 439 349 439 248 439 347 440 349 440 230 440 232 441 349 441 347 441 230 442 248 442 239 442 238 443 236 443 237 443 383 444 399 444 229 444 241 445 246 445 382 445 243 446 246 446 241 446 382 447 244 447 350 447 245 448 349 448 399 448 245 449 399 449 251 449 239 450 248 450 249 450 253 451 372 451 234 451 257 452 250 452 242 452 351 453 372 453 353 453 259 454 244 454 246 454 246 455 252 455 259 455 238 456 254 456 403 456 237 457 254 457 238 457 401 458 384 458 258 458 353 459 354 459 351 459 244 460 259 460 385 460 251 461 256 461 245 461 249 462 248 462 255 462 253 463 275 463 353 463 263 464 250 464 257 464 271 465 257 465 273 465 263 466 257 466 271 466 262 467 259 467 278 467 272 468 278 468 252 468 250 469 263 469 253 469 253 470 263 470 275 470 354 471 260 471 264 471 353 472 260 472 354 472 237 473 282 473 254 473 220 474 215 474 205 474 353 475 268 475 260 475 261 476 266 476 220 476 267 477 270 477 258 477 269 478 262 478 278 478 249 479 283 479 282 479 353 480 275 480 268 480 205 481 206 481 220 481 254 482 405 482 404 482 282 483 405 483 254 483 271 484 287 484 263 484 276 485 305 485 272 485 220 486 277 486 261 486 279 487 280 487 261 487 293 488 275 488 370 488 278 489 387 489 269 489 277 490 400 490 261 490 346 491 400 491 277 491 388 492 287 492 271 492 405 493 282 493 295 493 280 494 286 494 243 494 279 495 286 495 280 495 370 496 287 496 290 496 357 497 281 497 265 497 405 498 295 498 292 498 358 499 371 499 386 499 285 500 357 500 265 500 261 501 288 501 279 501 401 502 288 502 400 502 400 503 288 503 261 503 291 504 276 504 279 504 301 505 363 505 356 505 364 506 293 506 290 506 293 507 296 507 355 507 386 508 294 508 288 508 288 509 294 509 279 509 357 510 289 510 281 510 295 511 289 511 297 511 296 512 301 512 355 512 300 513 387 513 304 513 299 514 361 514 291 514 407 515 290 515 287 515 387 516 362 516 360 516 294 517 303 517 279 517 279 518 303 518 291 518 361 519 298 519 305 519 305 520 298 520 304 520 371 521 389 521 306 521 307 522 293 522 364 522 289 523 357 523 365 523 408 524 308 524 299 524 413 525 407 525 292 525 431 526 300 526 409 526 431 527 509 527 300 527 315 528 310 528 311 528 289 529 365 529 412 529 389 530 390 530 309 530 303 531 306 531 291 531 371 532 306 532 303 532 570 533 412 533 365 533 291 534 306 534 299 534 390 535 310 535 313 535 309 536 314 536 306 536 306 537 314 537 299 537 315 538 311 538 531 538 299 539 314 539 408 539 316 540 414 540 307 540 307 541 414 541 311 541 425 542 316 542 366 542 314 543 309 543 408 543 424 544 309 544 317 544 309 545 424 545 408 545 214 546 318 546 392 546 213 547 214 547 374 547 196 548 21 548 321 548 324 549 374 549 214 549 324 550 214 550 419 550 121 551 157 551 367 551 157 552 209 552 327 552 331 553 319 553 336 553 420 554 322 554 328 554 330 555 320 555 420 555 394 556 342 556 327 556 334 557 323 557 324 557 367 558 342 558 325 558 336 559 323 559 334 559 266 560 333 560 220 560 331 561 341 561 329 561 326 562 339 562 369 562 336 563 338 563 331 563 419 564 340 564 335 564 368 565 369 565 223 565 421 566 340 566 419 566 334 567 335 567 380 567 339 568 227 568 369 568 369 569 227 569 223 569 336 570 334 570 343 570 342 571 228 571 325 571 394 572 219 572 342 572 325 573 228 573 344 573 339 574 325 574 344 574 341 575 338 575 217 575 227 576 339 576 344 576 223 577 227 577 381 577 261 578 221 578 266 578 381 579 226 579 223 579 231 580 228 580 219 580 226 581 381 581 233 581 220 582 274 582 277 582 350 583 383 583 397 583 397 584 383 584 229 584 351 585 240 585 372 585 349 586 247 586 248 586 245 587 247 587 349 587 235 588 351 588 352 588 351 589 354 589 352 589 384 590 352 590 258 590 372 591 253 591 353 591 256 592 247 592 245 592 352 593 373 593 258 593 354 594 373 594 352 594 385 595 262 595 251 595 249 596 255 596 283 596 247 597 265 597 255 597 256 598 265 598 247 598 285 599 256 599 262 599 255 600 265 600 281 600 262 601 269 601 285 601 256 602 285 602 265 602 262 603 385 603 259 603 268 604 275 604 293 604 360 605 285 605 269 605 264 606 260 606 356 606 284 607 356 607 260 607 284 608 260 608 268 608 281 609 289 609 283 609 355 610 356 610 284 610 283 611 289 611 295 611 291 612 361 612 276 612 356 613 355 613 301 613 361 614 305 614 276 614 356 615 359 615 373 615 293 616 355 616 268 616 358 617 359 617 302 617 294 618 386 618 303 618 387 619 300 619 362 619 357 620 360 620 365 620 293 621 307 621 296 621 363 622 310 622 390 622 362 623 365 623 360 623 297 624 289 624 412 624 292 625 297 625 413 625 308 626 361 626 299 626 296 627 307 627 311 627 300 628 509 628 362 628 366 629 307 629 364 629 429 630 413 630 297 630 297 631 412 631 429 631 391 632 364 632 312 632 391 633 366 633 364 633 312 634 407 634 413 634 315 635 313 635 310 635 312 636 427 636 391 636 316 637 307 637 366 637 317 638 309 638 313 638 212 639 323 639 336 639 319 640 322 640 375 640 324 641 323 641 374 641 336 642 319 642 212 642 319 643 329 643 322 643 342 644 157 644 327 644 419 645 335 645 324 645 325 646 339 646 326 646 335 647 340 647 380 647 343 648 338 648 336 648 395 649 223 649 226 649 346 650 226 650 233 650 384 651 233 651 352 651 251 652 262 652 256 652 281 653 283 653 255 653 355 654 284 654 268 654 363 655 359 655 356 655 304 656 409 656 300 656 250 657 253 657 242 657 215 658 216 658 205 658 22 659 323 659 212 659 220 660 333 660 215 660 367 661 326 661 85 661 331 662 329 662 319 662 266 663 376 663 393 663 91 664 206 664 205 664 221 665 376 665 266 665 206 666 274 666 220 666 377 667 378 667 379 667 280 668 221 668 261 668 280 669 243 669 221 669 274 670 346 670 277 670 240 671 235 671 227 671 286 672 246 672 243 672 272 673 286 673 276 673 276 674 286 674 279 674 288 675 401 675 386 675 401 676 270 676 386 676 258 677 270 677 401 677 373 678 267 678 258 678 386 679 371 679 303 679 301 680 296 680 310 680 311 681 310 681 296 681 411 682 362 682 430 682 568 683 413 683 429 683 414 684 531 684 311 684 22 685 374 685 323 685 23 686 374 686 22 686 212 687 375 687 25 687 375 688 322 688 21 688 21 689 322 689 321 689 367 690 157 690 342 690 326 691 208 691 77 691 120 692 368 692 332 692 207 693 332 693 88 693 266 694 393 694 333 694 328 695 329 695 341 695 332 696 223 696 395 696 396 697 337 697 327 697 378 698 396 698 330 698 228 699 342 699 219 699 380 700 343 700 334 700 221 701 224 701 376 701 421 702 222 702 340 702 376 703 222 703 421 703 422 704 341 704 217 704 337 705 398 705 225 705 396 706 398 706 337 706 380 707 345 707 343 707 378 708 422 708 379 708 378 709 377 709 396 709 396 710 377 710 398 710 380 711 348 711 345 711 340 712 348 712 380 712 243 713 224 713 221 713 230 714 218 714 343 714 222 715 397 715 348 715 224 716 241 716 222 716 222 717 241 717 397 717 348 718 232 718 345 718 243 719 241 719 224 719 422 720 238 720 379 720 241 721 382 721 397 721 402 722 377 722 379 722 398 723 377 723 402 723 379 724 238 724 403 724 227 725 235 725 381 725 273 726 398 726 402 726 225 727 398 727 257 727 403 728 402 728 379 728 273 729 257 729 398 729 382 730 350 730 397 730 397 731 229 731 348 731 236 732 239 732 237 732 244 733 382 733 246 733 233 734 384 734 346 734 346 735 384 735 400 735 383 736 251 736 399 736 242 737 253 737 234 737 235 738 233 738 381 738 240 739 351 739 235 739 235 740 352 740 233 740 384 741 401 741 400 741 239 742 249 742 237 742 251 743 383 743 385 743 383 744 350 744 385 744 350 745 244 745 385 745 402 746 404 746 273 746 403 747 404 747 402 747 286 748 252 748 246 748 272 749 252 749 286 749 403 750 254 750 404 750 247 751 255 751 248 751 278 752 259 752 252 752 249 753 282 753 237 753 354 754 264 754 373 754 272 755 305 755 278 755 264 756 356 756 373 756 273 757 404 757 388 757 370 758 263 758 287 758 358 759 270 759 267 759 386 760 270 760 358 760 370 761 275 761 263 761 359 762 267 762 373 762 358 763 267 763 359 763 388 764 271 764 273 764 305 765 406 765 278 765 283 766 295 766 282 766 404 767 405 767 388 767 406 768 387 768 278 768 387 769 360 769 269 769 290 770 293 770 370 770 357 771 285 771 360 771 292 772 388 772 405 772 406 773 304 773 387 773 304 774 406 774 305 774 388 775 292 775 407 775 407 776 287 776 388 776 302 777 371 777 358 777 295 778 297 778 292 778 359 779 363 779 302 779 302 780 389 780 371 780 363 781 301 781 310 781 308 782 298 782 361 782 302 783 363 783 390 783 312 784 290 784 407 784 432 785 304 785 298 785 302 786 390 786 389 786 290 787 312 787 364 787 432 788 308 788 433 788 298 789 308 789 432 789 432 790 409 790 304 790 306 791 389 791 309 791 410 792 362 792 509 792 411 793 365 793 362 793 313 794 309 794 390 794 417 795 315 795 415 795 313 796 315 796 417 796 315 797 531 797 415 797 317 798 313 798 417 798 416 799 417 799 415 799 418 800 317 800 417 800 215 801 392 801 160 801 333 802 392 802 215 802 392 803 419 803 214 803 375 804 212 804 319 804 196 805 321 805 211 805 158 806 321 806 320 806 209 807 320 807 327 807 210 808 320 808 209 808 322 809 420 809 321 809 333 810 393 810 392 810 393 811 419 811 392 811 321 812 420 812 320 812 325 813 326 813 367 813 419 814 393 814 421 814 322 815 329 815 328 815 328 816 330 816 420 816 208 817 369 817 368 817 326 818 369 818 208 818 393 819 376 819 421 819 89 820 332 820 206 820 88 821 332 821 89 821 223 822 332 822 368 822 324 823 335 823 334 823 337 824 394 824 327 824 396 825 320 825 330 825 396 826 327 826 320 826 274 827 206 827 332 827 332 828 395 828 274 828 378 829 330 829 328 829 328 830 422 830 378 830 341 831 422 831 328 831 219 832 394 832 337 832 331 833 338 833 341 833 226 834 274 834 395 834 225 835 219 835 337 835 376 836 224 836 222 836 423 837 408 837 424 837 426 838 391 838 427 838 428 839 427 839 312 839 428 840 312 840 413 840 577 841 568 841 429 841 577 842 429 842 412 842 430 843 362 843 410 843 433 844 308 844 408 844 423 845 433 845 408 845 553 846 435 846 434 846 434 847 435 847 507 847 529 848 492 848 435 848 435 849 492 849 507 849 507 850 492 850 436 850 492 851 454 851 436 851 436 852 454 852 437 852 439 853 441 853 438 853 439 854 438 854 575 854 439 855 442 855 441 855 439 856 440 856 442 856 442 857 443 857 441 857 442 858 445 858 443 858 578 859 441 859 443 859 443 860 458 860 444 860 455 861 433 861 423 861 458 862 443 862 445 862 510 863 433 863 455 863 446 864 444 864 458 864 446 865 494 865 444 865 447 866 446 866 458 866 464 867 463 867 479 867 477 868 472 868 451 868 448 869 477 869 451 869 466 870 451 870 460 870 452 871 466 871 463 871 454 872 470 872 467 872 449 873 488 873 452 873 469 874 488 874 449 874 453 875 469 875 465 875 493 876 423 876 424 876 455 877 472 877 477 877 439 878 575 878 456 878 439 879 474 879 440 879 439 880 456 880 474 880 474 881 456 881 457 881 440 882 445 882 442 882 569 883 461 883 474 883 474 884 445 884 440 884 510 885 432 885 433 885 578 886 444 886 555 886 578 887 443 887 444 887 473 888 460 888 451 888 459 889 458 889 445 889 494 890 555 890 444 890 474 891 459 891 445 891 462 892 447 892 458 892 462 893 458 893 459 893 462 894 481 894 447 894 450 895 469 895 449 895 498 896 526 896 484 896 466 897 460 897 463 897 454 898 467 898 437 898 453 899 465 899 470 899 492 900 491 900 470 900 493 901 424 901 317 901 493 902 317 902 418 902 455 903 493 903 471 903 471 904 472 904 455 904 473 905 472 905 471 905 474 906 457 906 569 906 473 907 451 907 472 907 510 908 409 908 432 908 473 909 475 909 460 909 476 910 510 910 455 910 461 911 459 911 474 911 476 912 455 912 477 912 542 913 446 913 447 913 462 914 459 914 478 914 478 915 459 915 461 915 563 916 542 916 447 916 448 917 476 917 477 917 478 918 481 918 462 918 463 919 464 919 449 919 513 920 464 920 479 920 480 921 513 921 514 921 480 922 464 922 513 922 512 923 481 923 478 923 450 924 449 924 464 924 464 925 480 925 450 925 495 926 482 926 496 926 519 927 451 927 466 927 484 928 465 928 469 928 514 929 498 929 484 929 498 930 514 930 499 930 526 931 465 931 484 931 465 932 467 932 470 932 452 933 520 933 466 933 467 934 465 934 526 934 452 935 463 935 449 935 452 936 488 936 520 936 486 937 525 937 527 937 526 938 490 938 437 938 487 939 506 939 502 939 453 940 488 940 469 940 453 941 470 941 491 941 454 942 492 942 470 942 493 943 455 943 423 943 418 944 508 944 493 944 510 945 532 945 431 945 510 946 431 946 409 946 511 947 475 947 473 947 511 948 513 948 475 948 494 949 446 949 542 949 479 950 463 950 460 950 479 951 460 951 475 951 513 952 479 952 475 952 481 953 497 953 495 953 497 954 481 954 538 954 480 955 484 955 450 955 516 956 499 956 514 956 497 957 482 957 495 957 484 958 469 958 450 958 485 959 482 959 497 959 520 960 519 960 466 960 490 961 526 961 498 961 485 962 487 962 500 962 485 963 483 963 487 963 501 964 468 964 505 964 483 965 503 965 487 965 502 966 500 966 487 966 526 967 437 967 467 967 468 968 488 968 505 968 504 969 489 969 525 969 501 970 505 970 503 970 530 971 506 971 503 971 491 972 529 972 505 972 506 973 504 973 502 973 503 974 529 974 530 974 529 975 491 975 492 975 416 976 418 976 417 976 471 977 493 977 508 977 579 978 508 978 554 978 532 979 509 979 431 979 534 980 577 980 570 980 461 981 569 981 577 981 461 982 577 982 534 982 512 983 461 983 534 983 541 984 510 984 476 984 476 985 448 985 571 985 546 986 514 986 513 986 447 987 481 987 495 987 519 988 515 988 451 988 448 989 451 989 515 989 516 990 547 990 558 990 484 991 480 991 514 991 517 992 516 992 558 992 521 993 486 993 539 993 521 994 482 994 485 994 521 995 485 995 500 995 501 996 523 996 524 996 468 997 501 997 524 997 525 998 486 998 500 998 501 999 483 999 523 999 520 1000 488 1000 468 1000 525 1001 500 1001 502 1001 501 1002 503 1002 483 1002 502 1003 504 1003 525 1003 453 1004 505 1004 488 1004 529 1005 435 1005 530 1005 553 1006 530 1006 435 1006 579 1007 471 1007 508 1007 579 1008 473 1008 471 1008 533 1009 411 1009 430 1009 410 1010 533 1010 430 1010 532 1011 410 1011 509 1011 511 1012 473 1012 579 1012 511 1013 546 1013 513 1013 571 1014 541 1014 476 1014 545 1015 511 1015 543 1015 512 1016 478 1016 461 1016 538 1017 512 1017 580 1017 514 1018 546 1018 547 1018 563 1019 495 1019 535 1019 516 1020 514 1020 547 1020 481 1021 512 1021 538 1021 550 1022 538 1022 580 1022 549 1023 515 1023 519 1023 482 1024 521 1024 496 1024 518 1025 496 1025 521 1025 538 1026 483 1026 497 1026 538 1027 523 1027 483 1027 518 1028 521 1028 539 1028 520 1029 524 1029 519 1029 524 1030 520 1030 468 1030 490 1031 498 1031 499 1031 521 1032 500 1032 486 1032 560 1033 559 1033 539 1033 539 1034 486 1034 527 1034 527 1035 525 1035 489 1035 528 1036 437 1036 490 1036 436 1037 437 1037 528 1037 503 1038 506 1038 487 1038 528 1039 540 1039 436 1039 434 1040 489 1040 504 1040 507 1041 436 1041 540 1041 503 1042 505 1042 529 1042 453 1043 491 1043 505 1043 553 1044 434 1044 504 1044 553 1045 506 1045 530 1045 418 1046 416 1046 508 1046 567 1047 531 1047 414 1047 416 1048 573 1048 554 1048 567 1049 561 1049 573 1049 411 1050 570 1050 365 1050 532 1051 510 1051 541 1051 542 1052 555 1052 494 1052 542 1053 544 1053 555 1053 546 1054 511 1054 545 1054 548 1055 545 1055 543 1055 571 1056 448 1056 515 1056 546 1057 545 1057 547 1057 548 1058 547 1058 545 1058 556 1059 537 1059 557 1059 550 1060 580 1060 549 1060 537 1061 536 1061 496 1061 524 1062 550 1062 549 1062 519 1063 524 1063 549 1063 537 1064 496 1064 518 1064 559 1065 537 1065 518 1065 499 1066 516 1066 517 1066 550 1067 523 1067 538 1067 523 1068 550 1068 524 1068 497 1069 483 1069 485 1069 565 1070 560 1070 522 1070 565 1071 559 1071 560 1071 499 1072 528 1072 490 1072 551 1073 560 1073 527 1073 552 1074 527 1074 489 1074 489 1075 540 1075 552 1075 489 1076 434 1076 507 1076 489 1077 507 1077 540 1077 553 1078 504 1078 506 1078 531 1079 573 1079 415 1079 567 1080 414 1080 316 1080 567 1081 573 1081 531 1081 554 1082 508 1082 416 1082 541 1083 410 1083 532 1083 555 1084 511 1084 579 1084 534 1085 570 1085 533 1085 544 1086 543 1086 555 1086 534 1087 580 1087 512 1087 563 1088 544 1088 542 1088 563 1089 564 1089 544 1089 549 1090 571 1090 515 1090 447 1091 495 1091 563 1091 548 1092 558 1092 547 1092 536 1093 535 1093 496 1093 495 1094 496 1094 535 1094 537 1095 556 1095 536 1095 557 1096 537 1096 559 1096 565 1097 558 1097 557 1097 559 1098 565 1098 557 1098 518 1099 539 1099 559 1099 522 1100 566 1100 517 1100 566 1101 499 1101 517 1101 551 1102 522 1102 560 1102 551 1103 566 1103 522 1103 499 1104 566 1104 528 1104 527 1105 560 1105 539 1105 566 1106 551 1106 552 1106 552 1107 551 1107 527 1107 567 1108 438 1108 561 1108 570 1109 411 1109 533 1109 571 1110 533 1110 541 1110 511 1111 555 1111 543 1111 572 1112 571 1112 549 1112 548 1113 544 1113 564 1113 564 1114 563 1114 535 1114 536 1115 564 1115 535 1115 556 1116 548 1116 564 1116 536 1117 556 1117 564 1117 556 1118 557 1118 558 1118 565 1119 517 1119 558 1119 565 1120 522 1120 517 1120 552 1121 540 1121 566 1121 573 1122 416 1122 415 1122 425 1123 567 1123 316 1123 574 1124 366 1124 391 1124 574 1125 425 1125 366 1125 574 1126 391 1126 426 1126 562 1127 579 1127 554 1127 570 1128 577 1128 412 1128 578 1129 579 1129 576 1129 533 1130 410 1130 541 1130 534 1131 533 1131 571 1131 572 1132 534 1132 571 1132 544 1133 548 1133 543 1133 556 1134 558 1134 548 1134 528 1135 566 1135 540 1135 573 1136 562 1136 554 1136 573 1137 561 1137 562 1137 574 1138 567 1138 425 1138 426 1139 427 1139 428 1139 574 1140 438 1140 567 1140 574 1141 575 1141 438 1141 456 1142 575 1142 574 1142 456 1143 574 1143 426 1143 428 1144 456 1144 426 1144 568 1145 428 1145 413 1145 561 1146 438 1146 441 1146 562 1147 576 1147 579 1147 561 1148 576 1148 562 1148 457 1149 456 1149 428 1149 457 1150 428 1150 568 1150 561 1151 441 1151 576 1151 569 1152 568 1152 577 1152 569 1153 457 1153 568 1153 576 1154 441 1154 578 1154 555 1155 579 1155 578 1155 572 1156 580 1156 534 1156 572 1157 549 1157 580 1157 581 1158 2991 1158 582 1158 581 1159 582 1159 583 1159 586 1160 1141 1160 584 1160 586 1161 584 1161 585 1161 588 1162 587 1162 586 1162 585 1163 588 1163 586 1163 589 1164 590 1164 591 1164 591 1165 590 1165 592 1165 593 1166 1084 1166 594 1166 597 1167 596 1167 595 1167 594 1168 597 1168 595 1168 594 1169 595 1169 593 1169 598 1170 599 1170 600 1170 601 1171 598 1171 600 1171 607 1172 598 1172 601 1172 607 1173 2565 1173 598 1173 603 1174 602 1174 2565 1174 604 1175 2565 1175 602 1175 603 1176 2565 1176 607 1176 605 1177 603 1177 607 1177 608 1178 2565 1178 604 1178 606 1179 605 1179 607 1179 608 1180 609 1180 2565 1180 610 1181 606 1181 607 1181 610 1182 607 1182 613 1182 611 1183 609 1183 608 1183 612 1184 610 1184 613 1184 614 1185 609 1185 611 1185 615 1186 612 1186 613 1186 615 1187 613 1187 938 1187 617 1188 609 1188 614 1188 615 1189 938 1189 618 1189 617 1190 619 1190 609 1190 616 1191 615 1191 618 1191 2018 1192 619 1192 617 1192 620 1193 616 1193 618 1193 621 1194 619 1194 2018 1194 623 1195 620 1195 618 1195 623 1196 618 1196 624 1196 621 1197 622 1197 619 1197 625 1198 623 1198 624 1198 2020 1199 622 1199 621 1199 625 1200 624 1200 626 1200 627 1201 625 1201 626 1201 628 1202 622 1202 2020 1202 627 1203 626 1203 631 1203 629 1204 622 1204 628 1204 636 1205 622 1205 629 1205 630 1206 627 1206 631 1206 632 1207 631 1207 633 1207 632 1208 630 1208 631 1208 639 1209 632 1209 633 1209 635 1210 634 1210 622 1210 2800 1211 622 1211 634 1211 635 1212 622 1212 636 1212 637 1213 622 1213 2800 1213 635 1214 636 1214 640 1214 641 1215 635 1215 640 1215 647 1216 639 1216 633 1216 647 1217 638 1217 639 1217 647 1218 946 1218 947 1218 647 1219 633 1219 946 1219 641 1220 640 1220 642 1220 641 1221 642 1221 643 1221 641 1222 643 1222 644 1222 645 1223 637 1223 646 1223 645 1224 622 1224 637 1224 647 1225 1993 1225 648 1225 647 1226 648 1226 638 1226 641 1227 644 1227 649 1227 651 1228 641 1228 649 1228 651 1229 649 1229 650 1229 651 1230 650 1230 2032 1230 653 1231 651 1231 2032 1231 653 1232 2032 1232 652 1232 654 1233 653 1233 652 1233 665 1234 657 1234 655 1234 665 1235 655 1235 656 1235 665 1236 656 1236 1993 1236 665 1237 1993 1237 647 1237 658 1238 653 1238 654 1238 658 1239 659 1239 653 1239 662 1240 661 1240 660 1240 663 1241 660 1241 661 1241 662 1242 664 1242 661 1242 665 1243 671 1243 666 1243 665 1244 666 1244 667 1244 665 1245 667 1245 657 1245 2819 1246 663 1246 661 1246 2819 1247 661 1247 645 1247 2819 1248 645 1248 646 1248 668 1249 664 1249 662 1249 2819 1250 646 1250 2794 1250 669 1251 671 1251 665 1251 669 1252 2044 1252 2046 1252 669 1253 2046 1253 670 1253 669 1254 670 1254 671 1254 2816 1255 2819 1255 2794 1255 672 1256 668 1256 2806 1256 672 1257 2806 1257 2809 1257 672 1258 664 1258 668 1258 2816 1259 2794 1259 673 1259 675 1260 672 1260 2809 1260 2815 1261 673 1261 674 1261 2815 1262 2816 1262 673 1262 683 1263 672 1263 675 1263 2310 1264 676 1264 677 1264 2310 1265 677 1265 678 1265 2310 1266 678 1266 2041 1266 2310 1267 2041 1267 679 1267 2310 1268 679 1268 680 1268 2310 1269 680 1269 2044 1269 2310 1270 2044 1270 669 1270 684 1271 681 1271 672 1271 682 1272 672 1272 683 1272 682 1273 684 1273 672 1273 685 1274 681 1274 684 1274 682 1275 683 1275 2810 1275 1955 1276 682 1276 2810 1276 1961 1277 681 1277 685 1277 686 1278 1955 1278 2810 1278 687 1279 681 1279 1961 1279 686 1280 2810 1280 2813 1280 1953 1281 686 1281 2813 1281 688 1282 658 1282 676 1282 688 1283 674 1283 689 1283 688 1284 689 1284 659 1284 688 1285 676 1285 2310 1285 688 1286 659 1286 658 1286 688 1287 2815 1287 674 1287 688 1288 691 1288 690 1288 688 1289 690 1289 2815 1289 692 1290 681 1290 687 1290 693 1291 1953 1291 2813 1291 694 1292 693 1292 2813 1292 694 1293 2813 1293 695 1293 696 1294 681 1294 692 1294 697 1295 694 1295 695 1295 2513 1296 681 1296 696 1296 698 1297 2513 1297 696 1297 697 1298 695 1298 691 1298 699 1299 697 1299 691 1299 700 1300 2513 1300 698 1300 699 1301 691 1301 688 1301 701 1302 699 1302 688 1302 702 1303 701 1303 688 1303 703 1304 2513 1304 700 1304 704 1305 2513 1305 703 1305 705 1306 2513 1306 704 1306 706 1307 2513 1307 705 1307 707 1308 1947 1308 702 1308 707 1309 708 1309 1947 1309 707 1310 709 1310 708 1310 707 1311 710 1311 709 1311 707 1312 702 1312 688 1312 711 1313 710 1313 707 1313 1943 1314 711 1314 707 1314 714 1315 713 1315 712 1315 714 1316 712 1316 2513 1316 1941 1317 1943 1317 707 1317 2771 1318 712 1318 713 1318 716 1319 2513 1319 706 1319 716 1320 714 1320 2513 1320 728 1321 712 1321 2771 1321 716 1322 706 1322 715 1322 716 1323 715 1323 717 1323 716 1324 717 1324 718 1324 719 1325 716 1325 718 1325 719 1326 718 1326 721 1326 720 1327 719 1327 721 1327 720 1328 721 1328 722 1328 720 1329 722 1329 1977 1329 720 1330 1977 1330 723 1330 2782 1331 720 1331 723 1331 724 1332 1941 1332 707 1332 724 1333 725 1333 1941 1333 724 1334 1988 1334 725 1334 724 1335 726 1335 1988 1335 724 1336 1985 1336 726 1336 724 1337 738 1337 1985 1337 727 1338 729 1338 2773 1338 727 1339 2773 1339 734 1339 727 1340 728 1340 729 1340 2845 1341 727 1341 730 1341 2842 1342 730 1342 727 1342 732 1343 727 1343 2845 1343 731 1344 2842 1344 727 1344 2839 1345 731 1345 727 1345 2839 1346 727 1346 734 1346 733 1347 727 1347 732 1347 735 1348 2839 1348 734 1348 735 1349 734 1349 2777 1349 735 1350 2777 1350 736 1350 737 1351 738 1351 724 1351 737 1352 739 1352 738 1352 737 1353 740 1353 739 1353 737 1354 741 1354 740 1354 737 1355 742 1355 741 1355 737 1356 743 1356 742 1356 737 1357 744 1357 743 1357 737 1358 745 1358 744 1358 746 1359 735 1359 736 1359 747 1360 733 1360 2828 1360 747 1361 727 1361 733 1361 746 1362 736 1362 748 1362 2836 1363 746 1363 748 1363 749 1364 2782 1364 723 1364 749 1365 2779 1365 750 1365 749 1366 745 1366 737 1366 749 1367 750 1367 2782 1367 749 1368 723 1368 745 1368 751 1369 1913 1369 2830 1369 751 1370 2830 1370 2831 1370 752 1371 751 1371 2831 1371 1913 1372 2828 1372 2830 1372 752 1373 2831 1373 754 1373 753 1374 752 1374 754 1374 755 1375 754 1375 757 1375 755 1376 753 1376 754 1376 1913 1377 747 1377 2828 1377 756 1378 747 1378 1913 1378 1907 1379 755 1379 757 1379 759 1380 758 1380 747 1380 759 1381 747 1381 756 1381 1907 1382 757 1382 2835 1382 760 1383 1907 1383 2835 1383 1917 1384 758 1384 759 1384 761 1385 760 1385 2835 1385 1919 1386 758 1386 1917 1386 762 1387 758 1387 1919 1387 766 1388 758 1388 762 1388 763 1389 2779 1389 749 1389 763 1390 2835 1390 2836 1390 763 1391 2836 1391 748 1391 763 1392 761 1392 2835 1392 763 1393 748 1393 2779 1393 763 1394 764 1394 761 1394 763 1395 765 1395 764 1395 767 1396 765 1396 763 1396 770 1397 758 1397 766 1397 768 1398 767 1398 763 1398 769 1399 758 1399 770 1399 772 1400 769 1400 770 1400 771 1401 768 1401 763 1401 773 1402 769 1402 772 1402 774 1403 769 1403 773 1403 775 1404 776 1404 771 1404 775 1405 1895 1405 776 1405 775 1406 777 1406 1895 1406 775 1407 771 1407 763 1407 778 1408 777 1408 775 1408 1890 1409 778 1409 775 1409 780 1410 779 1410 769 1410 781 1411 1890 1411 775 1411 781 1412 1888 1412 1890 1412 781 1413 1887 1413 1888 1413 780 1414 774 1414 1926 1414 780 1415 769 1415 774 1415 780 1416 1926 1416 782 1416 780 1417 782 1417 1928 1417 780 1418 1928 1418 783 1418 785 1419 780 1419 783 1419 785 1420 783 1420 784 1420 785 1421 784 1421 786 1421 792 1422 785 1422 786 1422 792 1423 786 1423 793 1423 787 1424 788 1424 1887 1424 787 1425 789 1425 788 1425 787 1426 790 1426 789 1426 787 1427 791 1427 790 1427 787 1428 795 1428 791 1428 787 1429 1887 1429 781 1429 797 1430 792 1430 793 1430 794 1431 803 1431 797 1431 794 1432 796 1432 795 1432 794 1433 797 1433 793 1433 794 1434 793 1434 796 1434 794 1435 795 1435 787 1435 804 1436 798 1436 799 1436 800 1437 801 1437 802 1437 800 1438 803 1438 794 1438 800 1439 802 1439 803 1439 804 1440 801 1440 800 1440 2474 1441 804 1441 800 1441 727 1442 712 1442 728 1442 2474 1443 816 1443 804 1443 813 1444 814 1444 2676 1444 817 1445 814 1445 813 1445 817 1446 815 1446 814 1446 819 1447 815 1447 817 1447 819 1448 820 1448 815 1448 821 1449 820 1449 819 1449 808 1450 823 1450 809 1450 821 1451 822 1451 820 1451 809 1452 823 1452 810 1452 810 1453 823 1453 811 1453 827 1454 822 1454 821 1454 827 1455 824 1455 822 1455 823 1456 825 1456 811 1456 811 1457 825 1457 826 1457 824 1458 825 1458 823 1458 826 1459 825 1459 812 1459 825 1460 855 1460 812 1460 827 1461 830 1461 824 1461 828 1462 830 1462 827 1462 828 1463 831 1463 830 1463 806 1464 831 1464 828 1464 2680 1465 831 1465 1825 1465 806 1466 1825 1466 831 1466 815 1467 816 1467 814 1467 829 1468 816 1468 815 1468 818 1469 808 1469 807 1469 829 1470 808 1470 818 1470 829 1471 815 1471 820 1471 808 1472 829 1472 823 1472 829 1473 820 1473 822 1473 822 1474 823 1474 829 1474 824 1475 823 1475 822 1475 824 1476 830 1476 825 1476 831 1477 825 1477 830 1477 855 1478 825 1478 2680 1478 2680 1479 825 1479 831 1479 2676 1480 814 1480 816 1480 829 1481 818 1481 816 1481 816 1482 818 1482 804 1482 832 1483 865 1483 833 1483 834 1484 832 1484 833 1484 835 1485 834 1485 833 1485 835 1486 833 1486 900 1486 836 1487 835 1487 900 1487 836 1488 900 1488 906 1488 838 1489 836 1489 906 1489 838 1490 906 1490 779 1490 837 1491 838 1491 779 1491 837 1492 779 1492 780 1492 838 1493 837 1493 839 1493 842 1494 838 1494 839 1494 842 1495 839 1495 840 1495 842 1496 840 1496 841 1496 843 1497 842 1497 841 1497 843 1498 841 1498 844 1498 845 1499 843 1499 844 1499 845 1500 844 1500 846 1500 847 1501 845 1501 846 1501 847 1502 846 1502 848 1502 849 1503 847 1503 848 1503 849 1504 848 1504 851 1504 850 1505 849 1505 851 1505 850 1506 851 1506 2748 1506 852 1507 850 1507 2748 1507 853 1508 852 1508 2748 1508 853 1509 2748 1509 812 1509 854 1510 812 1510 855 1510 854 1511 853 1511 812 1511 856 1512 854 1512 855 1512 856 1513 855 1513 805 1513 857 1514 856 1514 805 1514 858 1515 857 1515 805 1515 858 1516 805 1516 903 1516 858 1517 903 1517 859 1517 860 1518 858 1518 859 1518 860 1519 859 1519 861 1519 860 1520 861 1520 888 1520 862 1521 860 1521 888 1521 862 1522 888 1522 863 1522 864 1523 862 1523 863 1523 864 1524 863 1524 865 1524 832 1525 864 1525 865 1525 890 1526 866 1526 867 1526 893 1527 727 1527 747 1527 870 1528 866 1528 890 1528 873 1529 896 1529 872 1529 873 1530 758 1530 769 1530 873 1531 872 1531 758 1531 873 1532 769 1532 779 1532 906 1533 873 1533 779 1533 874 1534 868 1534 875 1534 874 1535 875 1535 886 1535 874 1536 869 1536 868 1536 2678 1537 878 1537 877 1537 878 1538 2678 1538 2684 1538 870 1539 890 1539 891 1539 882 1540 879 1540 727 1540 883 1541 875 1541 881 1541 883 1542 881 1542 880 1542 872 1543 896 1543 893 1543 872 1544 747 1544 758 1544 872 1545 893 1545 747 1545 894 1546 884 1546 907 1546 884 1547 875 1547 883 1547 896 1548 873 1548 899 1548 908 1549 875 1549 884 1549 898 1550 896 1550 899 1550 901 1551 898 1551 899 1551 885 1552 875 1552 908 1552 886 1553 875 1553 885 1553 902 1554 885 1554 909 1554 902 1555 886 1555 885 1555 887 1556 874 1556 886 1556 887 1557 865 1557 863 1557 876 1558 887 1558 863 1558 887 1559 869 1559 874 1559 887 1560 876 1560 869 1560 859 1561 903 1561 889 1561 878 1562 891 1562 888 1562 889 1563 2679 1563 877 1563 890 1564 869 1564 891 1564 2678 1565 877 1565 2679 1565 891 1566 878 1566 2684 1566 891 1567 2684 1567 870 1567 893 1568 882 1568 727 1568 882 1569 893 1569 905 1569 905 1570 892 1570 882 1570 907 1571 880 1571 871 1571 907 1572 883 1572 880 1572 905 1573 893 1573 896 1573 907 1574 884 1574 883 1574 898 1575 905 1575 896 1575 908 1576 884 1576 894 1576 897 1577 908 1577 895 1577 901 1578 897 1578 898 1578 885 1579 908 1579 909 1579 897 1580 901 1580 909 1580 900 1581 873 1581 906 1581 909 1582 901 1582 902 1582 901 1583 899 1583 900 1583 887 1584 886 1584 902 1584 876 1585 863 1585 888 1585 903 1586 805 1586 889 1586 876 1587 891 1587 869 1587 878 1588 861 1588 877 1588 878 1589 888 1589 861 1589 904 1590 890 1590 867 1590 904 1591 867 1591 868 1591 904 1592 868 1592 869 1592 904 1593 869 1593 890 1593 907 1594 871 1594 910 1594 907 1595 910 1595 894 1595 895 1596 894 1596 910 1596 898 1597 895 1597 905 1597 894 1598 895 1598 908 1598 895 1599 898 1599 897 1599 900 1600 899 1600 873 1600 833 1601 901 1601 900 1601 833 1602 887 1602 902 1602 887 1603 833 1603 865 1603 859 1604 877 1604 861 1604 876 1605 888 1605 891 1605 877 1606 859 1606 889 1606 905 1607 895 1607 910 1607 909 1608 908 1608 897 1608 902 1609 901 1609 833 1609 910 1610 892 1610 905 1610 953 1611 911 1611 912 1611 913 1612 911 1612 953 1612 913 1613 915 1613 911 1613 911 1614 917 1614 914 1614 914 1615 918 1615 916 1615 915 1616 917 1616 911 1616 917 1617 918 1617 914 1617 919 1618 918 1618 917 1618 918 1619 922 1619 916 1619 916 1620 920 1620 921 1620 922 1621 920 1621 916 1621 919 1622 922 1622 918 1622 955 1623 920 1623 923 1623 922 1624 924 1624 920 1624 920 1625 924 1625 923 1625 613 1626 607 1626 925 1626 613 1627 925 1627 936 1627 938 1628 613 1628 926 1628 984 1629 928 1629 927 1629 929 1630 948 1630 930 1630 931 1631 949 1631 929 1631 932 1632 931 1632 929 1632 934 1633 926 1633 933 1633 936 1634 926 1634 613 1634 938 1635 926 1635 934 1635 939 1636 940 1636 942 1636 939 1637 937 1637 940 1637 941 1638 938 1638 934 1638 941 1639 626 1639 624 1639 941 1640 624 1640 618 1640 941 1641 618 1641 938 1641 941 1642 934 1642 935 1642 944 1643 633 1643 631 1643 944 1644 631 1644 626 1644 944 1645 941 1645 935 1645 944 1646 626 1646 941 1646 944 1647 935 1647 937 1647 943 1648 945 1648 927 1648 939 1649 633 1649 944 1649 939 1650 946 1650 633 1650 939 1651 944 1651 937 1651 946 1652 939 1652 942 1652 947 1653 946 1653 942 1653 947 1654 927 1654 928 1654 947 1655 942 1655 943 1655 947 1656 943 1656 927 1656 948 1657 984 1657 927 1657 949 1658 948 1658 929 1658 949 1659 984 1659 948 1659 933 1660 923 1660 934 1660 923 1661 924 1661 934 1661 934 1662 924 1662 935 1662 924 1663 922 1663 935 1663 935 1664 922 1664 937 1664 922 1665 919 1665 937 1665 937 1666 919 1666 940 1666 940 1667 919 1667 942 1667 919 1668 917 1668 942 1668 942 1669 915 1669 943 1669 917 1670 915 1670 942 1670 943 1671 915 1671 945 1671 915 1672 913 1672 945 1672 950 1673 929 1673 951 1673 951 1674 929 1674 930 1674 959 1675 968 1675 965 1675 950 1676 959 1676 965 1676 911 1677 957 1677 912 1677 2653 1678 961 1678 2654 1678 921 1679 960 1679 958 1679 920 1680 960 1680 921 1680 955 1681 960 1681 920 1681 955 1682 962 1682 960 1682 951 1683 953 1683 950 1683 952 1684 953 1684 951 1684 2657 1685 961 1685 2653 1685 914 1686 957 1686 911 1686 916 1687 957 1687 914 1687 916 1688 958 1688 957 1688 2654 1689 961 1689 956 1689 2654 1690 956 1690 2658 1690 921 1691 958 1691 916 1691 954 1692 962 1692 955 1692 912 1693 957 1693 953 1693 2657 1694 959 1694 961 1694 958 1695 963 1695 957 1695 964 1696 958 1696 960 1696 953 1697 963 1697 950 1697 958 1698 964 1698 963 1698 2658 1699 956 1699 2655 1699 963 1700 953 1700 957 1700 961 1701 963 1701 964 1701 956 1702 964 1702 960 1702 959 1703 963 1703 961 1703 950 1704 963 1704 959 1704 964 1705 956 1705 961 1705 960 1706 962 1706 956 1706 967 1707 1591 1707 1592 1707 966 1708 968 1708 959 1708 965 1709 968 1709 976 1709 2650 1710 969 1710 1592 1710 970 1711 968 1711 966 1711 968 1712 2650 1712 976 1712 970 1713 969 1713 968 1713 969 1714 2650 1714 968 1714 967 1715 969 1715 970 1715 967 1716 1592 1716 969 1716 2655 1717 2659 1717 2658 1717 601 1718 2655 1718 956 1718 601 1719 956 1719 962 1719 925 1720 601 1720 962 1720 607 1721 601 1721 925 1721 974 1722 997 1722 971 1722 973 1723 2652 1723 1294 1723 1007 1724 975 1724 979 1724 977 1725 965 1725 976 1725 983 1726 979 1726 982 1726 983 1727 980 1727 979 1727 931 1728 986 1728 987 1728 931 1729 932 1729 985 1729 931 1730 985 1730 986 1730 988 1731 928 1731 984 1731 987 1732 986 1732 1010 1732 985 1733 989 1733 1006 1733 995 1734 998 1734 988 1734 996 1735 988 1735 998 1735 1000 1736 998 1736 995 1736 1010 1737 1006 1737 1011 1737 996 1738 1002 1738 992 1738 1001 1739 971 1739 997 1739 1001 1740 993 1740 1000 1740 974 1741 971 1741 972 1741 974 1742 972 1742 1003 1742 928 1743 988 1743 1008 1743 995 1744 949 1744 991 1744 985 1745 1006 1745 986 1745 991 1746 987 1746 1010 1746 1010 1747 971 1747 991 1747 991 1748 1000 1748 995 1748 1001 1749 991 1749 971 1749 1001 1750 1000 1750 991 1750 1002 1751 998 1751 1000 1751 1002 1752 1000 1752 993 1752 981 1753 977 1753 980 1753 980 1754 2650 1754 1007 1754 995 1755 988 1755 984 1755 991 1756 949 1756 987 1756 928 1757 647 1757 947 1757 1002 1758 996 1758 998 1758 997 1759 993 1759 1001 1759 949 1760 995 1760 984 1760 971 1761 1010 1761 1011 1761 993 1762 997 1762 2362 1762 993 1763 2362 1763 1002 1763 975 1764 2652 1764 973 1764 975 1765 1007 1765 2652 1765 975 1766 973 1766 1004 1766 982 1767 1005 1767 978 1767 982 1768 975 1768 1005 1768 983 1769 999 1769 994 1769 983 1770 994 1770 932 1770 987 1771 949 1771 931 1771 985 1772 932 1772 994 1772 985 1773 994 1773 989 1773 996 1774 990 1774 1008 1774 975 1775 1004 1775 1005 1775 977 1776 2650 1776 980 1776 977 1777 976 1777 2650 1777 1007 1778 979 1778 980 1778 979 1779 975 1779 982 1779 932 1780 981 1780 980 1780 932 1781 980 1781 983 1781 982 1782 978 1782 999 1782 983 1783 982 1783 999 1783 1008 1784 647 1784 928 1784 1006 1785 1010 1785 986 1785 990 1786 647 1786 1008 1786 996 1787 1008 1787 988 1787 990 1788 665 1788 647 1788 1006 1789 989 1789 1009 1789 996 1790 992 1790 990 1790 2440 1791 990 1791 992 1791 2440 1792 665 1792 990 1792 1011 1793 1006 1793 1009 1793 2440 1794 669 1794 665 1794 971 1795 1011 1795 972 1795 1014 1796 1015 1796 1013 1796 2195 1797 1015 1797 1014 1797 1013 1798 1015 1798 1012 1798 2195 1799 1016 1799 1015 1799 2194 1800 1016 1800 2195 1800 1012 1801 1017 1801 1018 1801 1015 1802 1017 1802 1012 1802 1016 1803 1019 1803 1015 1803 1015 1804 1019 1804 1017 1804 2194 1805 1020 1805 1016 1805 1016 1806 1020 1806 1019 1806 1021 1807 1020 1807 2194 1807 1022 1808 1020 1808 1021 1808 1018 1809 1023 1809 1024 1809 1024 1810 1023 1810 2293 1810 2293 1811 1023 1811 1513 1811 1017 1812 1023 1812 1018 1812 1025 1813 1026 1813 1027 1813 1027 1814 1026 1814 1022 1814 1022 1815 1026 1815 1020 1815 1017 1816 1028 1816 1023 1816 1513 1817 1028 1817 1029 1817 1029 1818 1028 1818 1019 1818 1019 1819 1028 1819 1017 1819 1023 1820 1028 1820 1513 1820 1019 1821 1030 1821 1029 1821 1020 1822 1030 1822 1019 1822 1020 1823 1031 1823 1030 1823 1510 1824 1031 1824 1026 1824 1026 1825 1031 1825 1020 1825 1025 1826 1032 1826 1026 1826 1033 1827 1032 1827 1025 1827 1510 1828 1032 1828 1036 1828 1026 1829 1032 1829 1510 1829 1035 1830 1034 1830 1033 1830 1033 1831 1034 1831 1032 1831 1034 1832 1036 1832 1032 1832 1037 1833 1042 1833 1035 1833 1035 1834 1042 1834 1034 1834 1034 1835 1038 1835 1036 1835 1036 1836 1038 1836 1039 1836 1039 1837 1038 1837 1041 1837 1034 1838 1040 1838 1038 1838 1038 1839 1040 1839 1041 1839 1042 1840 1040 1840 1034 1840 1042 1841 1046 1841 1040 1841 1043 1842 1042 1842 1037 1842 1040 1843 1046 1843 1041 1843 1044 1844 1046 1844 1043 1844 1043 1845 1046 1845 1042 1845 1045 1846 1046 1846 1044 1846 1049 1847 1047 1847 1048 1847 1050 1848 1048 1848 1047 1848 1051 1849 1047 1849 1052 1849 1051 1850 1050 1850 1047 1850 1053 1851 1052 1851 1054 1851 1053 1852 1054 1852 1055 1852 1056 1853 1047 1853 1057 1853 1056 1854 1057 1854 1058 1854 1056 1855 1058 1855 1059 1855 2069 1856 2061 1856 1059 1856 2068 1857 1056 1857 1059 1857 1060 1858 1052 1858 1053 1858 1060 1859 1051 1859 1052 1859 2060 1860 1056 1860 2068 1860 1061 1861 1056 1861 1064 1861 1062 1862 1056 1862 1061 1862 1064 1863 1056 1863 2060 1863 1064 1864 2060 1864 2075 1864 1063 1865 1051 1865 1060 1865 1066 1866 1063 1866 1060 1866 1064 1867 2075 1867 1065 1867 1071 1868 1066 1868 1060 1868 1067 1869 2063 1869 2065 1869 1068 1870 1062 1870 1069 1870 1068 1871 1069 1871 1070 1871 1068 1872 1056 1872 1062 1872 2064 1873 2063 1873 1067 1873 1076 1874 1071 1874 1060 1874 2064 1875 1067 1875 1072 1875 1073 1876 1068 1876 1070 1876 2074 1877 2064 1877 1072 1877 1074 1878 1068 1878 1073 1878 2074 1879 1072 1879 2211 1879 1075 1880 2074 1880 2211 1880 1075 1881 2051 1881 2074 1881 1075 1882 1076 1882 1060 1882 1075 1883 2211 1883 1076 1883 1077 1884 1068 1884 1074 1884 1077 1885 1074 1885 1078 1885 1079 1886 2052 1886 2051 1886 1079 1887 1185 1887 2052 1887 1080 1888 1079 1888 2051 1888 1080 1889 2051 1889 1075 1889 1081 1890 1080 1890 1075 1890 1082 1891 1081 1891 1075 1891 1083 1892 1084 1892 595 1892 1083 1893 595 1893 596 1893 1083 1894 596 1894 1082 1894 1083 1895 1082 1895 1075 1895 1085 1896 1089 1896 1086 1896 1085 1897 1086 1897 1087 1897 1085 1898 1087 1898 1084 1898 1085 1899 1084 1899 1083 1899 1085 1900 1077 1900 1078 1900 1085 1901 1078 1901 1088 1901 1085 1902 1088 1902 1089 1902 1586 1903 1090 1903 1077 1903 1586 1904 1077 1904 1085 1904 1091 1905 1092 1905 1090 1905 1091 1906 1090 1906 1586 1906 1093 1907 1094 1907 1092 1907 1093 1908 1092 1908 1091 1908 1095 1909 1094 1909 1093 1909 1096 1910 1104 1910 1097 1910 1097 1911 1104 1911 1098 1911 1099 1912 1097 1912 1098 1912 1100 1913 1099 1913 1098 1913 1101 1914 1098 1914 1094 1914 1101 1915 1094 1915 1095 1915 1102 1916 1103 1916 1107 1916 1102 1917 1104 1917 1103 1917 1113 1918 1100 1918 1098 1918 1113 1919 1098 1919 1101 1919 1106 1920 1105 1920 1107 1920 1105 1921 1102 1921 1107 1921 1109 1922 1106 1922 1107 1922 1108 1923 1102 1923 1105 1923 1111 1924 1109 1924 1107 1924 1110 1925 1102 1925 1108 1925 1114 1926 1102 1926 1110 1926 1112 1927 1117 1927 1113 1927 1112 1928 1113 1928 1101 1928 1115 1929 1111 1929 1107 1929 1116 1930 1115 1930 1107 1930 1118 1931 1102 1931 1114 1931 1120 1932 1116 1932 1107 1932 1119 1933 1102 1933 1118 1933 1122 1934 1120 1934 1107 1934 1121 1935 1102 1935 1119 1935 1123 1936 1102 1936 1121 1936 1126 1937 1117 1937 1112 1937 1124 1938 1122 1938 1107 1938 1125 1939 1102 1939 1123 1939 1141 1940 1126 1940 1112 1940 1127 1941 1130 1941 1128 1941 1127 1942 1128 1942 1129 1942 1132 1943 1130 1943 1127 1943 1133 1944 1102 1944 1131 1944 1131 1945 1102 1945 1125 1945 1131 1946 1125 1946 1135 1946 1134 1947 1132 1947 1127 1947 1136 1948 1135 1948 1137 1948 1136 1949 1137 1949 1138 1949 1136 1950 1138 1950 1139 1950 1136 1951 1131 1951 1135 1951 1140 1952 1136 1952 1139 1952 1141 1953 1142 1953 584 1953 2095 1954 1134 1954 1127 1954 1144 1955 1136 1955 1140 1955 1145 1956 1136 1956 1144 1956 1146 1957 1133 1957 1143 1957 1147 1958 2095 1958 1127 1958 1147 1959 1148 1959 1142 1959 1147 1960 1151 1960 2095 1960 1147 1961 1127 1961 1148 1961 1149 1962 1150 1962 2097 1962 1149 1963 2097 1963 1151 1963 1149 1964 1151 1964 1147 1964 1149 1965 2100 1965 1152 1965 1149 1966 1152 1966 1150 1966 1153 1967 1154 1967 1155 1967 1153 1968 1155 1968 1156 1968 1153 1969 1156 1969 1157 1969 1153 1970 1157 1970 1158 1970 1153 1971 1158 1971 1159 1971 1160 1972 1153 1972 1159 1972 1160 1973 1159 1973 1161 1973 1162 1974 1133 1974 1146 1974 1162 1975 1146 1975 1163 1975 1164 1976 2100 1976 1149 1976 1164 1977 1160 1977 1161 1977 1164 1978 1165 1978 1160 1978 1164 1979 1161 1979 2100 1979 2239 1980 1165 1980 1164 1980 1166 1981 2239 1981 1164 1981 1167 1982 1166 1982 1164 1982 1168 1983 1162 1983 1163 1983 1168 1984 1169 1984 1167 1984 1168 1985 1163 1985 1169 1985 1170 1986 1171 1986 1162 1986 1170 1987 1162 1987 1168 1987 1172 1988 1171 1988 1170 1988 1172 1989 1173 1989 1171 1989 1174 1990 1173 1990 1172 1990 1174 1991 1175 1991 1173 1991 1176 1992 1175 1992 1174 1992 1176 1993 1177 1993 1175 1993 1178 1994 1177 1994 1176 1994 1178 1995 1179 1995 1177 1995 1012 1996 1178 1996 1180 1996 1012 1997 1180 1997 1181 1997 1012 1998 1181 1998 1182 1998 1012 1999 1182 1999 1183 1999 1012 2000 1018 2000 1179 2000 1012 2001 1179 2001 1178 2001 1184 2002 1012 2002 1183 2002 1013 2003 1012 2003 1184 2003 1153 2004 1136 2004 1154 2004 1154 2005 1136 2005 1145 2005 1107 2006 1127 2006 1124 2006 1124 2007 1127 2007 1129 2007 1079 2008 1064 2008 2067 2008 2067 2009 1064 2009 1065 2009 1079 2010 2067 2010 1185 2010 1059 2011 1067 2011 2065 2011 1059 2012 2065 2012 2069 2012 1186 2013 2163 2013 1054 2013 1187 2014 1186 2014 1054 2014 1052 2015 1188 2015 1187 2015 1052 2016 1189 2016 1188 2016 1052 2017 1190 2017 1189 2017 1052 2018 1191 2018 1190 2018 1052 2019 1187 2019 1054 2019 1192 2020 1191 2020 1052 2020 1047 2021 1192 2021 1052 2021 1193 2022 1192 2022 1047 2022 1056 2023 1193 2023 1047 2023 1194 2024 1193 2024 1056 2024 1068 2025 1194 2025 1056 2025 1195 2026 1194 2026 1068 2026 1077 2027 1195 2027 1068 2027 1196 2028 1195 2028 1077 2028 1090 2029 1196 2029 1077 2029 1197 2030 1196 2030 1090 2030 1092 2031 1197 2031 1090 2031 1092 2032 1198 2032 1197 2032 1094 2033 1198 2033 1092 2033 1094 2034 1199 2034 1198 2034 1098 2035 1199 2035 1094 2035 1098 2036 1200 2036 1199 2036 1104 2037 1200 2037 1098 2037 1104 2038 1201 2038 1200 2038 1102 2039 1202 2039 1201 2039 1102 2040 1201 2040 1104 2040 1133 2041 1202 2041 1102 2041 1133 2042 1203 2042 1202 2042 1162 2043 1204 2043 1203 2043 1162 2044 1203 2044 1133 2044 1171 2045 1205 2045 1204 2045 1171 2046 1204 2046 1162 2046 1173 2047 1206 2047 1205 2047 1173 2048 1205 2048 1171 2048 1175 2049 1207 2049 1206 2049 1175 2050 1206 2050 1173 2050 1177 2051 1208 2051 1207 2051 1177 2052 1207 2052 1175 2052 1179 2053 1208 2053 1177 2053 1219 2054 1209 2054 1210 2054 1219 2055 1210 2055 1211 2055 1213 2056 1214 2056 1215 2056 1213 2057 1215 2057 1216 2057 1426 2058 1291 2058 1217 2058 1218 2059 1219 2059 1211 2059 1218 2060 2274 2060 1212 2060 1218 2061 1220 2061 1219 2061 1218 2062 1212 2062 1220 2062 1221 2063 1218 2063 1211 2063 1221 2064 1211 2064 1222 2064 1221 2065 1222 2065 1223 2065 1221 2066 1223 2066 1224 2066 1221 2067 2274 2067 1218 2067 1225 2068 1221 2068 1224 2068 1225 2069 1224 2069 1226 2069 1225 2070 1226 2070 1227 2070 1228 2071 1238 2071 2274 2071 1228 2072 2274 2072 1221 2072 1229 2073 1225 2073 1227 2073 1229 2074 1227 2074 1230 2074 1229 2075 1230 2075 1231 2075 1232 2076 1221 2076 1225 2076 1232 2077 1228 2077 1221 2077 1233 2078 1231 2078 1234 2078 1233 2079 1234 2079 1235 2079 1233 2080 1229 2080 1231 2080 1236 2081 1250 2081 1237 2081 1236 2082 1237 2082 1238 2082 1236 2083 1238 2083 1228 2083 1239 2084 1229 2084 1233 2084 1239 2085 1232 2085 1225 2085 1239 2086 1225 2086 1229 2086 1240 2087 1233 2087 1235 2087 1240 2088 1235 2088 1241 2088 1240 2089 1241 2089 1242 2089 1243 2090 1236 2090 1228 2090 1243 2091 1250 2091 1236 2091 1243 2092 1228 2092 1232 2092 1244 2093 1239 2093 1233 2093 1245 2094 1240 2094 1242 2094 1245 2095 1242 2095 1246 2095 1245 2096 1246 2096 1247 2096 1248 2097 1245 2097 1247 2097 1248 2098 1247 2098 1214 2098 1248 2099 1214 2099 1213 2099 1251 2100 1239 2100 1244 2100 1251 2101 1243 2101 1232 2101 1251 2102 1232 2102 1239 2102 1252 2103 1244 2103 1233 2103 1252 2104 1240 2104 1245 2104 1252 2105 1233 2105 1240 2105 1253 2106 1213 2106 1254 2106 1253 2107 1254 2107 1262 2107 1253 2108 1262 2108 1248 2108 1253 2109 1248 2109 1213 2109 1255 2110 1249 2110 1250 2110 1255 2111 1250 2111 1243 2111 1256 2112 1251 2112 1244 2112 1256 2113 1244 2113 1252 2113 1257 2114 1252 2114 1245 2114 1258 2115 1259 2115 1260 2115 1258 2116 1260 2116 1249 2116 1261 2117 1257 2117 1245 2117 1261 2118 1245 2118 1248 2118 1261 2119 1248 2119 1262 2119 1263 2120 1243 2120 1251 2120 1263 2121 1255 2121 1243 2121 1264 2122 1256 2122 1252 2122 1261 2123 1262 2123 1265 2123 1266 2124 1255 2124 1263 2124 1266 2125 1259 2125 1258 2125 1266 2126 1267 2126 1259 2126 1266 2127 1258 2127 1249 2127 1266 2128 1249 2128 1255 2128 1268 2129 1251 2129 1256 2129 1268 2130 1263 2130 1251 2130 1269 2131 1252 2131 1257 2131 1269 2132 1264 2132 1252 2132 1270 2133 1266 2133 1263 2133 1270 2134 1263 2134 1268 2134 1270 2135 1267 2135 1266 2135 1271 2136 1257 2136 1261 2136 1271 2137 1261 2137 1265 2137 1271 2138 1269 2138 1257 2138 1272 2139 1268 2139 1256 2139 1272 2140 1256 2140 1264 2140 1273 2141 1278 2141 1271 2141 1273 2142 1271 2142 1265 2142 1274 2143 1270 2143 1268 2143 1275 2144 1269 2144 1271 2144 1275 2145 1264 2145 1269 2145 1275 2146 1272 2146 1264 2146 1277 2147 1275 2147 1271 2147 1277 2148 1271 2148 1278 2148 1276 2149 1274 2149 1268 2149 1276 2150 1268 2150 1272 2150 1286 2151 1267 2151 1270 2151 1277 2152 1278 2152 1279 2152 1277 2153 1279 2153 1284 2153 1280 2154 1272 2154 1275 2154 1280 2155 1276 2155 1272 2155 1281 2156 1286 2156 1270 2156 1281 2157 1274 2157 1276 2157 1281 2158 1270 2158 1274 2158 1283 2159 1277 2159 1284 2159 1283 2160 1275 2160 1277 2160 1283 2161 1280 2161 1275 2161 1283 2162 1284 2162 1285 2162 1283 2163 1285 2163 1282 2163 1287 2164 1281 2164 1276 2164 1287 2165 1286 2165 1281 2165 1287 2166 1276 2166 1280 2166 1288 2167 1283 2167 1282 2167 1288 2168 1280 2168 1283 2168 1288 2169 1287 2169 1280 2169 1291 2170 1286 2170 1287 2170 1290 2171 1289 2171 1288 2171 1290 2172 1288 2172 1282 2172 1291 2173 1287 2173 1288 2173 1291 2174 1288 2174 1289 2174 1291 2175 1289 2175 1217 2175 1295 2176 1294 2176 1293 2176 1296 2177 1297 2177 1505 2177 1296 2178 1505 2178 1292 2178 1296 2179 1298 2179 1297 2179 1508 2180 1299 2180 1300 2180 1302 2181 1303 2181 1304 2181 1302 2182 1301 2182 1303 2182 1302 2183 1509 2183 1301 2183 1302 2184 1292 2184 1509 2184 1305 2185 1296 2185 1292 2185 1306 2186 1302 2186 1304 2186 1306 2187 1307 2187 1428 2187 1306 2188 1308 2188 1307 2188 1306 2189 1304 2189 1308 2189 1306 2190 1292 2190 1302 2190 1306 2191 1305 2191 1292 2191 1309 2192 1296 2192 1305 2192 1310 2193 1311 2193 1312 2193 1310 2194 1313 2194 1311 2194 1310 2195 1296 2195 1309 2195 1310 2196 1298 2196 1296 2196 1310 2197 1312 2197 1298 2197 1310 2198 1309 2198 1313 2198 1314 2199 1305 2199 1306 2199 1314 2200 1309 2200 1305 2200 1315 2201 1309 2201 1314 2201 1315 2202 1316 2202 1313 2202 1315 2203 1313 2203 1309 2203 1315 2204 1317 2204 1316 2204 1320 2205 1318 2205 1311 2205 1320 2206 1319 2206 1318 2206 1320 2207 1321 2207 1319 2207 1322 2208 1311 2208 1313 2208 1322 2209 1320 2209 1311 2209 1322 2210 1313 2210 1316 2210 1323 2211 1320 2211 1322 2211 1324 2212 1325 2212 1326 2212 1327 2213 1328 2213 1325 2213 1327 2214 1329 2214 1328 2214 1327 2215 1325 2215 1324 2215 1330 2216 1331 2216 1192 2216 1330 2217 1332 2217 1331 2217 1330 2218 1192 2218 1193 2218 1333 2219 1330 2219 1193 2219 1334 2220 1335 2220 1336 2220 1334 2221 1336 2221 1328 2221 1337 2222 1334 2222 1328 2222 1337 2223 1328 2223 1329 2223 1337 2224 1329 2224 1338 2224 1339 2225 1334 2225 1337 2225 1340 2226 1341 2226 1342 2226 1340 2227 1342 2227 1343 2227 1344 2228 1345 2228 1333 2228 1344 2229 1340 2229 1345 2229 1344 2230 1194 2230 1341 2230 1344 2231 1193 2231 1194 2231 1344 2232 1341 2232 1340 2232 1344 2233 1333 2233 1193 2233 1346 2234 1347 2234 1348 2234 1346 2235 1349 2235 1335 2235 1346 2236 1348 2236 1349 2236 1350 2237 1342 2237 1341 2237 1350 2238 1341 2238 1194 2238 1350 2239 1194 2239 1195 2239 1351 2240 1350 2240 1195 2240 1352 2241 1353 2241 1354 2241 1355 2242 1351 2242 1195 2242 1355 2243 1352 2243 1351 2243 1355 2244 1353 2244 1352 2244 1355 2245 1195 2245 1196 2245 1355 2246 1196 2246 1353 2246 1356 2247 1357 2247 1358 2247 1356 2248 1359 2248 1357 2248 1360 2249 1361 2249 1359 2249 1360 2250 1359 2250 1356 2250 1360 2251 1356 2251 1358 2251 1362 2252 1363 2252 1361 2252 1364 2253 1365 2253 1366 2253 1364 2254 1366 2254 1367 2254 1368 2255 1363 2255 1362 2255 1368 2256 1362 2256 1369 2256 1368 2257 1370 2257 1363 2257 1368 2258 1371 2258 1370 2258 1372 2259 1364 2259 1367 2259 1372 2260 1367 2260 1201 2260 1372 2261 1201 2261 1202 2261 1372 2262 1373 2262 1364 2262 1374 2263 1372 2263 1202 2263 1374 2264 1373 2264 1372 2264 1375 2265 1376 2265 1377 2265 1375 2266 1363 2266 1370 2266 1375 2267 1377 2267 1363 2267 1375 2268 1370 2268 1371 2268 1378 2269 1379 2269 1376 2269 1378 2270 1376 2270 1375 2270 1380 2271 1203 2271 1381 2271 1380 2272 1381 2272 1382 2272 1380 2273 1202 2273 1203 2273 1380 2274 1374 2274 1202 2274 1386 2275 1383 2275 1384 2275 1390 2276 1382 2276 1381 2276 1390 2277 1385 2277 1382 2277 1386 2278 1387 2278 1383 2278 1386 2279 1388 2279 1387 2279 1391 2280 1388 2280 1386 2280 1391 2281 1392 2281 1393 2281 1391 2282 1393 2282 1394 2282 1391 2283 1394 2283 1388 2283 1391 2284 1389 2284 1392 2284 1391 2285 1386 2285 1389 2285 1395 2286 1390 2286 1381 2286 1395 2287 1381 2287 1203 2287 1395 2288 1203 2288 1204 2288 1398 2289 1396 2289 1388 2289 1397 2290 1385 2290 1390 2290 1397 2291 1392 2291 1385 2291 1398 2292 1399 2292 1396 2292 1400 2293 1398 2293 1388 2293 1400 2294 1394 2294 1393 2294 1400 2295 1388 2295 1394 2295 1401 2296 1398 2296 1400 2296 1402 2297 1403 2297 1404 2297 1402 2298 1205 2298 1405 2298 1402 2299 1405 2299 1403 2299 1406 2300 1776 2300 1407 2300 1408 2301 1254 2301 1213 2301 1408 2302 1213 2302 1409 2302 1408 2303 1411 2303 1410 2303 1408 2304 1412 2304 1411 2304 1408 2305 1413 2305 1412 2305 1408 2306 1409 2306 1413 2306 1408 2307 1776 2307 1406 2307 1408 2308 1410 2308 1776 2308 1262 2309 1408 2309 1406 2309 1262 2310 1254 2310 1408 2310 1414 2311 1265 2311 1262 2311 1414 2312 1406 2312 1417 2312 1414 2313 1262 2313 1406 2313 1415 2314 1400 2314 1393 2314 1415 2315 1416 2315 1401 2315 1415 2316 1401 2316 1400 2316 1418 2317 1265 2317 1414 2317 1418 2318 1414 2318 1417 2318 1419 2319 1404 2319 1403 2319 1420 2320 1405 2320 1206 2320 1420 2321 1403 2321 1405 2321 1420 2322 1419 2322 1403 2322 1421 2323 1393 2323 1404 2323 1421 2324 1415 2324 1393 2324 1421 2325 1404 2325 1419 2325 1422 2326 1421 2326 1419 2326 1423 2327 1206 2327 1207 2327 1423 2328 1420 2328 1206 2328 1423 2329 1419 2329 1420 2329 1423 2330 1422 2330 1419 2330 1424 2331 1421 2331 1422 2331 1425 2332 1289 2332 1290 2332 1217 2333 1289 2333 1425 2333 1217 2334 1207 2334 1208 2334 1217 2335 1208 2335 1426 2335 1427 2336 1306 2336 1428 2336 1427 2337 1314 2337 1306 2337 1427 2338 1315 2338 1314 2338 1430 2339 1315 2339 1427 2339 1430 2340 1428 2340 1429 2340 1430 2341 1427 2341 1428 2341 1431 2342 1332 2342 1317 2342 1431 2343 1433 2343 1432 2343 1431 2344 1429 2344 1433 2344 1431 2345 1315 2345 1430 2345 1431 2346 1430 2346 1429 2346 1431 2347 1317 2347 1315 2347 1431 2348 1432 2348 1332 2348 1434 2349 1323 2349 1322 2349 1434 2350 1322 2350 1316 2350 1434 2351 1316 2351 1317 2351 1435 2352 1323 2352 1434 2352 1436 2353 1324 2353 1435 2353 1436 2354 1434 2354 1333 2354 1436 2355 1435 2355 1434 2355 1437 2356 1324 2356 1436 2356 1437 2357 1329 2357 1327 2357 1437 2358 1327 2358 1324 2358 1437 2359 1338 2359 1329 2359 1437 2360 1343 2360 1338 2360 1438 2361 1437 2361 1436 2361 1438 2362 1343 2362 1437 2362 1438 2363 1436 2363 1333 2363 1438 2364 1333 2364 1345 2364 1438 2365 1345 2365 1340 2365 1438 2366 1340 2366 1343 2366 1439 2367 1337 2367 1338 2367 1439 2368 1339 2368 1337 2368 1439 2369 1338 2369 1343 2369 1440 2370 1339 2370 1439 2370 1441 2371 1439 2371 1351 2371 1441 2372 1346 2372 1440 2372 1441 2373 1440 2373 1439 2373 1441 2374 1442 2374 1347 2374 1441 2375 1347 2375 1346 2375 1443 2376 1442 2376 1441 2376 1443 2377 1444 2377 1442 2377 1443 2378 1351 2378 1352 2378 1443 2379 1352 2379 1354 2379 1443 2380 1354 2380 1444 2380 1443 2381 1441 2381 1351 2381 1445 2382 1360 2382 1358 2382 1445 2383 1358 2383 1446 2383 1447 2384 1365 2384 1364 2384 1447 2385 1446 2385 1365 2385 1447 2386 1445 2386 1446 2386 1447 2387 1364 2387 1373 2387 1447 2388 1373 2388 1374 2388 1448 2389 1447 2389 1374 2389 1448 2390 1360 2390 1445 2390 1448 2391 1445 2391 1447 2391 1449 2392 1360 2392 1448 2392 1450 2393 1448 2393 1374 2393 1450 2394 1449 2394 1448 2394 1451 2395 1385 2395 1371 2395 1451 2396 1449 2396 1450 2396 1451 2397 1371 2397 1368 2397 1451 2398 1368 2398 1369 2398 1452 2399 1375 2399 1371 2399 1452 2400 1371 2400 1385 2400 1452 2401 1378 2401 1375 2401 1452 2402 1385 2402 1392 2402 1453 2403 1393 2403 1392 2403 1453 2404 1404 2404 1393 2404 1453 2405 1402 2405 1404 2405 1453 2406 1392 2406 1397 2406 1453 2407 1397 2407 1402 2407 1454 2408 1397 2408 1390 2408 1454 2409 1395 2409 1204 2409 1454 2410 1390 2410 1395 2410 1454 2411 1205 2411 1402 2411 1454 2412 1204 2412 1205 2412 1454 2413 1402 2413 1397 2413 1455 2414 1399 2414 1398 2414 1455 2415 1398 2415 1401 2415 1455 2416 1401 2416 1416 2416 1455 2417 1406 2417 1407 2417 1455 2418 1417 2418 1406 2418 1455 2419 1407 2419 1456 2419 1455 2420 1456 2420 1399 2420 1455 2421 1416 2421 1417 2421 1457 2422 1273 2422 1265 2422 1457 2423 1278 2423 1273 2423 1457 2424 1279 2424 1278 2424 1457 2425 1265 2425 1418 2425 1458 2426 1421 2426 1424 2426 1458 2427 1424 2427 1425 2427 1459 2428 1423 2428 1207 2428 1459 2429 1422 2429 1423 2429 1459 2430 1424 2430 1422 2430 1459 2431 1425 2431 1424 2431 1459 2432 1207 2432 1217 2432 1459 2433 1217 2433 1425 2433 1460 2434 1321 2434 1320 2434 1460 2435 1320 2435 1323 2435 1460 2436 1323 2436 1435 2436 1460 2437 1324 2437 1326 2437 1460 2438 1435 2438 1324 2438 1460 2439 1326 2439 1321 2439 1461 2440 1317 2440 1332 2440 1461 2441 1434 2441 1317 2441 1461 2442 1332 2442 1330 2442 1461 2443 1330 2443 1333 2443 1461 2444 1333 2444 1434 2444 1462 2445 1335 2445 1334 2445 1462 2446 1339 2446 1440 2446 1462 2447 1334 2447 1339 2447 1462 2448 1440 2448 1346 2448 1462 2449 1346 2449 1335 2449 1463 2450 1351 2450 1439 2450 1463 2451 1439 2451 1343 2451 1463 2452 1342 2452 1350 2452 1463 2453 1343 2453 1342 2453 1463 2454 1350 2454 1351 2454 1464 2455 1361 2455 1360 2455 1464 2456 1451 2456 1369 2456 1464 2457 1362 2457 1361 2457 1464 2458 1449 2458 1451 2458 1464 2459 1369 2459 1362 2459 1464 2460 1360 2460 1449 2460 1465 2461 1450 2461 1374 2461 1465 2462 1374 2462 1380 2462 1465 2463 1451 2463 1450 2463 1465 2464 1385 2464 1451 2464 1465 2465 1380 2465 1382 2465 1465 2466 1382 2466 1385 2466 1466 2467 1379 2467 1378 2467 1466 2468 1389 2468 1386 2468 1466 2469 1384 2469 1379 2469 1466 2470 1378 2470 1452 2470 1466 2471 1386 2471 1384 2471 1467 2472 1284 2472 1279 2472 1467 2473 1285 2473 1284 2473 1467 2474 1279 2474 1457 2474 1467 2475 1421 2475 1458 2475 1467 2476 1415 2476 1421 2476 1468 2477 1466 2477 1452 2477 1468 2478 1389 2478 1466 2478 1468 2479 1452 2479 1392 2479 1468 2480 1392 2480 1389 2480 1469 2481 1467 2481 1457 2481 1469 2482 1417 2482 1416 2482 1469 2483 1416 2483 1415 2483 1469 2484 1418 2484 1417 2484 1469 2485 1457 2485 1418 2485 1469 2486 1415 2486 1467 2486 1470 2487 1467 2487 1458 2487 1470 2488 1425 2488 1290 2488 1470 2489 1282 2489 1285 2489 1470 2490 1290 2490 1282 2490 1470 2491 1458 2491 1425 2491 1470 2492 1285 2492 1467 2492 1192 2493 1471 2493 1191 2493 1213 2494 1216 2494 1472 2494 1213 2495 1472 2495 1409 2495 1311 2496 1318 2496 1312 2496 1332 2497 1432 2497 1473 2497 1331 2498 1474 2498 1471 2498 1331 2499 1473 2499 1474 2499 1331 2500 1332 2500 1473 2500 1331 2501 1471 2501 1192 2501 1328 2502 1336 2502 1325 2502 1348 2503 1475 2503 1349 2503 1476 2504 1477 2504 1475 2504 1476 2505 1475 2505 1348 2505 1478 2506 1348 2506 1347 2506 1478 2507 1476 2507 1348 2507 1353 2508 1196 2508 1197 2508 1479 2509 1347 2509 1442 2509 1479 2510 1442 2510 1444 2510 1479 2511 1478 2511 1347 2511 1480 2512 1481 2512 1477 2512 1482 2513 1479 2513 1444 2513 1483 2514 1480 2514 1477 2514 1483 2515 1481 2515 1480 2515 1483 2516 1477 2516 1476 2516 1484 2517 1482 2517 1444 2517 1484 2518 1444 2518 1354 2518 1485 2519 1476 2519 1478 2519 1485 2520 1483 2520 1476 2520 1486 2521 1198 2521 1484 2521 1486 2522 1197 2522 1198 2522 1486 2523 1353 2523 1197 2523 1486 2524 1354 2524 1353 2524 1486 2525 1484 2525 1354 2525 1487 2526 1485 2526 1478 2526 1487 2527 1478 2527 1479 2527 1488 2528 1487 2528 1479 2528 1488 2529 1479 2529 1482 2529 1489 2530 1481 2530 1483 2530 1489 2531 1483 2531 1485 2531 1489 2532 1490 2532 1481 2532 1491 2533 1484 2533 1198 2533 1491 2534 1482 2534 1484 2534 1491 2535 1488 2535 1482 2535 1492 2536 1489 2536 1485 2536 1493 2537 1199 2537 1491 2537 1493 2538 1491 2538 1198 2538 1493 2539 1198 2539 1199 2539 1494 2540 1485 2540 1487 2540 1494 2541 1492 2541 1485 2541 1495 2542 1487 2542 1488 2542 1495 2543 1494 2543 1487 2543 1357 2544 1490 2544 1489 2544 1357 2545 1489 2545 1492 2545 1357 2546 1359 2546 1490 2546 1496 2547 1495 2547 1488 2547 1496 2548 1491 2548 1199 2548 1496 2549 1488 2549 1491 2549 1358 2550 1492 2550 1494 2550 1358 2551 1357 2551 1492 2551 1497 2552 1199 2552 1200 2552 1497 2553 1200 2553 1496 2553 1497 2554 1496 2554 1199 2554 1446 2555 1358 2555 1494 2555 1446 2556 1494 2556 1495 2556 1365 2557 1446 2557 1495 2557 1366 2558 1365 2558 1495 2558 1366 2559 1495 2559 1496 2559 1366 2560 1496 2560 1200 2560 1367 2561 1200 2561 1201 2561 1367 2562 1366 2562 1200 2562 1363 2563 1377 2563 1361 2563 1388 2564 1396 2564 1387 2564 1405 2565 1205 2565 1206 2565 1498 2566 1294 2566 1295 2566 1498 2567 1499 2567 1500 2567 1498 2568 1500 2568 1294 2568 1498 2569 1295 2569 1501 2569 1502 2570 1498 2570 1501 2570 1502 2571 1501 2571 1503 2571 1502 2572 1503 2572 1504 2572 1505 2573 1498 2573 1502 2573 1505 2574 1499 2574 1498 2574 1505 2575 1297 2575 1499 2575 1506 2576 1299 2576 1508 2576 1506 2577 1292 2577 1505 2577 1506 2578 1508 2578 1507 2578 1506 2579 1502 2579 1504 2579 1506 2580 1504 2580 1299 2580 1506 2581 1505 2581 1502 2581 1509 2582 1506 2582 1507 2582 1509 2583 1292 2583 1506 2583 1509 2584 1507 2584 1301 2584 1031 2585 1510 2585 1511 2585 1030 2586 1031 2586 1511 2586 1512 2587 1029 2587 1030 2587 1512 2588 1030 2588 1511 2588 1513 2589 1029 2589 1512 2589 1514 2590 1515 2590 1516 2590 1259 2591 1517 2591 1516 2591 1260 2592 1259 2592 1516 2592 1249 2593 1260 2593 1516 2593 1250 2594 1249 2594 1516 2594 1238 2595 1518 2595 2274 2595 1250 2596 1516 2596 1518 2596 1237 2597 1250 2597 1518 2597 1238 2598 1237 2598 1518 2598 2283 2599 1520 2599 1521 2599 1522 2600 1523 2600 1538 2600 1524 2601 1523 2601 2281 2601 1525 2602 1526 2602 1527 2602 1528 2603 1526 2603 1525 2603 1529 2604 1526 2604 1530 2604 1046 2605 2283 2605 1041 2605 1046 2606 1531 2606 2283 2606 1519 2607 1531 2607 1045 2607 1045 2608 1531 2608 1046 2608 2283 2609 1531 2609 1520 2609 1533 2610 1532 2610 1519 2610 1534 2611 1532 2611 1533 2611 1531 2612 1532 2612 1520 2612 1520 2613 1532 2613 1534 2613 1519 2614 1532 2614 1531 2614 1521 2615 1535 2615 1524 2615 1520 2616 1535 2616 1521 2616 1534 2617 1535 2617 1520 2617 1524 2618 1535 2618 1523 2618 1536 2619 1537 2619 1534 2619 1538 2620 1537 2620 1536 2620 1535 2621 1537 2621 1523 2621 1523 2622 1537 2622 1538 2622 1534 2623 1537 2623 1535 2623 1526 2624 1539 2624 1527 2624 1527 2625 1539 2625 1522 2625 1529 2626 1539 2626 1526 2626 2281 2627 1539 2627 2278 2627 2278 2628 1539 2628 1529 2628 1523 2629 1539 2629 2281 2629 1522 2630 1539 2630 1523 2630 1219 2631 1540 2631 1209 2631 1220 2632 1540 2632 1219 2632 1528 2633 1540 2633 1526 2633 1541 2634 1540 2634 1528 2634 1526 2635 1540 2635 1530 2635 1530 2636 1540 2636 1212 2636 1212 2637 1540 2637 1220 2637 1209 2638 1540 2638 1541 2638 1518 2639 1516 2639 2276 2639 2276 2640 1516 2640 1542 2640 1544 2641 1516 2641 1543 2641 1545 2642 1516 2642 1544 2642 1546 2643 1516 2643 1545 2643 1547 2644 1516 2644 1546 2644 1542 2645 1515 2645 1548 2645 1516 2646 1515 2646 1542 2646 1548 2647 1512 2647 2291 2647 2291 2648 1512 2648 1511 2648 1515 2649 1512 2649 1548 2649 1550 2650 1054 2650 1551 2650 1550 2651 1552 2651 1055 2651 1550 2652 1553 2652 1552 2652 1550 2653 1055 2653 1054 2653 1554 2654 1551 2654 1555 2654 1554 2655 1555 2655 1556 2655 1554 2656 1553 2656 1550 2656 1554 2657 1557 2657 1553 2657 1554 2658 1558 2658 1557 2658 1554 2659 1550 2659 1551 2659 1559 2660 1556 2660 2166 2660 1559 2661 1560 2661 1558 2661 1559 2662 1554 2662 1556 2662 1559 2663 1558 2663 1554 2663 1561 2664 1559 2664 2166 2664 1561 2665 2166 2665 1562 2665 1561 2666 1560 2666 1559 2666 1561 2667 1563 2667 1560 2667 1561 2668 1566 2668 1563 2668 1564 2669 1562 2669 1565 2669 1564 2670 1565 2670 1573 2670 1564 2671 1566 2671 1561 2671 1564 2672 1561 2672 1562 2672 1567 2673 1566 2673 1564 2673 1567 2674 1564 2674 1573 2674 1572 2675 1571 2675 1567 2675 1572 2676 1568 2676 1571 2676 1572 2677 1569 2677 1568 2677 1572 2678 1573 2678 1570 2678 1572 2679 1570 2679 1569 2679 1572 2680 1567 2680 1573 2680 1569 2681 1570 2681 1650 2681 1149 2682 1147 2682 881 2682 1164 2683 1149 2683 881 2683 875 2684 1167 2684 1164 2684 875 2685 1164 2685 881 2685 1168 2686 1167 2686 875 2686 1170 2687 1168 2687 875 2687 1172 2688 1170 2688 875 2688 868 2689 1172 2689 875 2689 1174 2690 1172 2690 868 2690 1176 2691 1174 2691 868 2691 1377 2692 1376 2692 1574 2692 1574 2693 1376 2693 1575 2693 1376 2694 1379 2694 1575 2694 1575 2695 1384 2695 1576 2695 1379 2696 1384 2696 1575 2696 1576 2697 1383 2697 1577 2697 1384 2698 1383 2698 1576 2698 1577 2699 1387 2699 1578 2699 1383 2700 1387 2700 1577 2700 1578 2701 1396 2701 1579 2701 1387 2702 1396 2702 1578 2702 1396 2703 1399 2703 1579 2703 1399 2704 1456 2704 1579 2704 1580 2705 1055 2705 1661 2705 2568 2706 1580 2706 1661 2706 1053 2707 1055 2707 1580 2707 2579 2708 1580 2708 2568 2708 2579 2709 1053 2709 1580 2709 1060 2710 1053 2710 2579 2710 1581 2711 1060 2711 2579 2711 2576 2712 1075 2712 1060 2712 2576 2713 1060 2713 1581 2713 1582 2714 1075 2714 2576 2714 2560 2715 1075 2715 1582 2715 1083 2716 2560 2716 1583 2716 1083 2717 1075 2717 2560 2717 1584 2718 1083 2718 1583 2718 1585 2719 1085 2719 1083 2719 1585 2720 1083 2720 1584 2720 1586 2721 1085 2721 1585 2721 1588 2722 1587 2722 2539 2722 1091 2723 1586 2723 1587 2723 1091 2724 1587 2724 1588 2724 1093 2725 1588 2725 1589 2725 1093 2726 1091 2726 1588 2726 1095 2727 1589 2727 1590 2727 1095 2728 1093 2728 1589 2728 1101 2729 1590 2729 2508 2729 1101 2730 1095 2730 1590 2730 1112 2731 1101 2731 2508 2731 1141 2732 2508 2732 881 2732 1141 2733 1112 2733 2508 2733 1142 2734 1141 2734 881 2734 1147 2735 1142 2735 881 2735 1592 2736 1591 2736 1593 2736 2651 2737 1592 2737 1593 2737 1594 2738 2651 2738 1593 2738 2652 2739 1595 2739 1596 2739 2652 2740 1594 2740 1595 2740 1294 2741 1596 2741 1597 2741 1293 2742 1294 2742 1597 2742 1293 2743 1597 2743 1598 2743 1599 2744 1598 2744 1600 2744 1599 2745 1293 2745 1598 2745 1601 2746 1600 2746 1602 2746 1601 2747 1599 2747 1600 2747 1603 2748 1602 2748 1604 2748 1603 2749 1601 2749 1602 2749 1605 2750 1604 2750 1606 2750 1605 2751 1603 2751 1604 2751 1607 2752 1606 2752 1608 2752 1607 2753 1605 2753 1606 2753 1609 2754 1608 2754 1610 2754 1609 2755 1607 2755 1608 2755 1611 2756 1609 2756 1610 2756 1611 2757 1610 2757 1612 2757 1613 2758 1611 2758 1612 2758 1613 2759 1612 2759 1614 2759 1615 2760 1613 2760 1614 2760 1615 2761 1614 2761 1616 2761 1617 2762 1615 2762 1616 2762 1617 2763 1616 2763 1618 2763 1619 2764 1617 2764 1618 2764 1619 2765 1618 2765 1620 2765 1621 2766 1620 2766 1622 2766 1621 2767 1619 2767 1620 2767 1623 2768 1621 2768 1622 2768 1623 2769 1622 2769 1624 2769 1625 2770 1624 2770 1626 2770 1625 2771 1623 2771 1624 2771 1627 2772 1625 2772 1626 2772 1627 2773 1626 2773 1629 2773 1628 2774 1627 2774 1629 2774 1630 2775 1628 2775 1629 2775 1630 2776 1629 2776 1632 2776 1631 2777 1630 2777 1632 2777 1631 2778 1632 2778 1633 2778 1635 2779 1633 2779 1634 2779 1635 2780 1631 2780 1633 2780 1636 2781 1635 2781 1634 2781 1636 2782 1634 2782 1637 2782 1638 2783 1636 2783 1637 2783 1640 2784 1638 2784 1637 2784 1640 2785 1637 2785 1639 2785 1640 2786 1639 2786 1641 2786 1642 2787 1640 2787 1641 2787 1642 2788 1641 2788 1643 2788 1642 2789 1643 2789 1644 2789 1646 2790 1642 2790 1644 2790 1646 2791 1644 2791 1645 2791 1646 2792 1645 2792 1648 2792 1647 2793 1646 2793 1648 2793 1647 2794 1648 2794 1649 2794 1650 2795 1647 2795 1649 2795 1650 2796 1649 2796 1651 2796 1569 2797 1650 2797 1651 2797 1569 2798 1651 2798 1652 2798 1568 2799 1652 2799 1653 2799 1568 2800 1569 2800 1652 2800 1571 2801 1568 2801 1653 2801 1571 2802 1653 2802 1654 2802 1567 2803 1571 2803 1654 2803 1567 2804 1654 2804 1655 2804 1566 2805 1567 2805 1655 2805 1566 2806 1655 2806 1656 2806 1563 2807 1566 2807 1656 2807 1563 2808 1656 2808 1657 2808 1560 2809 1563 2809 1657 2809 1560 2810 1657 2810 1658 2810 1558 2811 1560 2811 1658 2811 1558 2812 1658 2812 1659 2812 1557 2813 1558 2813 1659 2813 1557 2814 1659 2814 1660 2814 1553 2815 1557 2815 1660 2815 1553 2816 1660 2816 1661 2816 1552 2817 1553 2817 1661 2817 2568 2818 1661 2818 1662 2818 1055 2819 1552 2819 1661 2819 2666 2820 1662 2820 1663 2820 1720 2821 2666 2821 1663 2821 1665 2822 1593 2822 1591 2822 1664 2823 1593 2823 1665 2823 1664 2824 1594 2824 1593 2824 1666 2825 1594 2825 1664 2825 1667 2826 1665 2826 1591 2826 1667 2827 1591 2827 967 2827 1666 2828 1595 2828 1594 2828 1668 2829 1667 2829 967 2829 1669 2830 1596 2830 1595 2830 1669 2831 1595 2831 1666 2831 1670 2832 967 2832 970 2832 1670 2833 1668 2833 967 2833 1669 2834 1597 2834 1596 2834 1672 2835 1597 2835 1669 2835 1671 2836 1670 2836 970 2836 1672 2837 1598 2837 1597 2837 1673 2838 1598 2838 1672 2838 1674 2839 1671 2839 970 2839 1674 2840 970 2840 966 2840 1673 2841 1600 2841 1598 2841 1675 2842 1602 2842 1600 2842 1675 2843 1600 2843 1673 2843 1676 2844 1674 2844 966 2844 1677 2845 1604 2845 1602 2845 1677 2846 1602 2846 1675 2846 1676 2847 966 2847 1678 2847 1680 2848 1604 2848 1677 2848 1606 2849 1604 2849 1680 2849 1679 2850 1676 2850 1678 2850 1608 2851 1606 2851 1680 2851 1682 2852 1679 2852 1678 2852 2653 2853 1682 2853 1678 2853 1681 2854 1608 2854 1680 2854 1610 2855 1608 2855 1681 2855 1683 2856 1610 2856 1681 2856 1684 2857 1682 2857 2653 2857 1612 2858 1610 2858 1683 2858 1687 2859 1684 2859 2653 2859 1685 2860 1612 2860 1683 2860 1614 2861 1612 2861 1685 2861 1686 2862 1684 2862 1687 2862 1616 2863 1614 2863 1685 2863 1689 2864 1616 2864 1685 2864 1618 2865 1616 2865 1689 2865 1688 2866 1686 2866 1687 2866 1690 2867 1688 2867 1687 2867 1691 2868 1690 2868 1687 2868 1692 2869 1618 2869 1689 2869 1620 2870 1618 2870 1692 2870 1622 2871 1620 2871 1692 2871 1693 2872 1690 2872 1691 2872 1694 2873 1622 2873 1692 2873 1624 2874 1622 2874 1694 2874 1695 2875 1693 2875 1691 2875 1697 2876 1695 2876 1691 2876 1696 2877 1624 2877 1694 2877 1626 2878 1624 2878 1696 2878 1698 2879 1695 2879 1697 2879 1629 2880 1626 2880 1696 2880 1699 2881 1629 2881 1696 2881 1700 2882 1698 2882 1697 2882 1701 2883 1700 2883 1697 2883 1632 2884 1629 2884 1699 2884 1702 2885 1700 2885 1701 2885 1705 2886 1632 2886 1699 2886 1703 2887 1702 2887 1701 2887 1704 2888 1702 2888 1703 2888 1633 2889 1632 2889 1705 2889 1706 2890 1633 2890 1705 2890 1634 2891 1633 2891 1706 2891 1708 2892 1634 2892 1706 2892 1707 2893 1704 2893 1703 2893 1712 2894 1707 2894 1703 2894 1709 2895 1707 2895 1712 2895 1637 2896 1634 2896 1708 2896 1710 2897 1637 2897 1708 2897 1711 2898 1709 2898 1712 2898 1639 2899 1637 2899 1710 2899 1713 2900 1639 2900 1710 2900 1714 2901 1711 2901 1712 2901 1715 2902 1714 2902 1712 2902 1641 2903 1639 2903 1713 2903 1717 2904 1641 2904 1713 2904 1716 2905 1714 2905 1715 2905 1718 2906 1716 2906 1715 2906 1643 2907 1641 2907 1717 2907 1719 2908 1643 2908 1717 2908 1720 2909 1718 2909 1715 2909 1721 2910 1718 2910 1720 2910 1644 2911 1643 2911 1719 2911 1722 2912 1644 2912 1719 2912 1645 2913 1644 2913 1722 2913 1723 2914 1645 2914 1722 2914 1663 2915 1721 2915 1720 2915 1663 2916 1725 2916 1721 2916 1648 2917 1645 2917 1723 2917 1648 2918 1723 2918 1724 2918 1662 2919 1725 2919 1663 2919 1649 2920 1648 2920 1724 2920 1662 2921 1726 2921 1725 2921 1651 2922 1649 2922 1724 2922 1661 2923 1726 2923 1662 2923 1651 2924 1724 2924 1727 2924 1652 2925 1727 2925 1728 2925 1652 2926 1651 2926 1727 2926 1660 2927 1729 2927 1726 2927 1660 2928 1726 2928 1661 2928 1653 2929 1652 2929 1728 2929 1659 2930 1729 2930 1660 2930 1654 2931 1653 2931 1728 2931 1654 2932 1728 2932 1730 2932 1658 2933 1729 2933 1659 2933 1658 2934 1731 2934 1729 2934 1657 2935 1731 2935 1658 2935 1655 2936 1730 2936 1733 2936 1655 2937 1654 2937 1730 2937 1657 2938 1732 2938 1731 2938 1656 2939 1732 2939 1657 2939 1656 2940 1733 2940 1732 2940 1656 2941 1655 2941 1733 2941 1025 2942 1027 2942 1734 2942 1025 2943 1734 2943 1735 2943 1033 2944 1025 2944 1735 2944 1033 2945 1735 2945 1736 2945 1033 2946 1736 2946 1737 2946 1035 2947 1737 2947 1738 2947 1035 2948 1033 2948 1737 2948 1037 2949 1738 2949 1739 2949 1037 2950 1035 2950 1738 2950 1043 2951 1037 2951 1739 2951 1043 2952 1739 2952 1740 2952 1044 2953 1740 2953 1741 2953 1044 2954 1043 2954 1740 2954 1045 2955 1044 2955 1741 2955 1045 2956 1741 2956 1742 2956 1519 2957 1045 2957 1742 2957 1519 2958 1742 2958 1743 2958 1533 2959 1519 2959 1743 2959 1533 2960 1743 2960 1744 2960 1533 2961 1744 2961 1745 2961 1534 2962 1533 2962 1745 2962 1534 2963 1745 2963 1746 2963 1536 2964 1534 2964 1746 2964 1536 2965 1746 2965 1747 2965 1538 2966 1536 2966 1747 2966 1538 2967 1747 2967 1748 2967 1522 2968 1538 2968 1748 2968 1522 2969 1748 2969 1749 2969 1527 2970 1522 2970 1749 2970 1527 2971 1749 2971 1750 2971 1525 2972 1750 2972 1751 2972 1525 2973 1527 2973 1750 2973 1528 2974 1525 2974 1751 2974 1528 2975 1751 2975 1752 2975 1541 2976 1752 2976 1753 2976 1541 2977 1528 2977 1752 2977 1209 2978 1541 2978 1753 2978 1209 2979 1753 2979 1754 2979 1210 2980 1209 2980 1754 2980 1210 2981 1754 2981 1755 2981 1211 2982 1210 2982 1755 2982 1222 2983 1755 2983 1756 2983 1222 2984 1211 2984 1755 2984 1223 2985 1756 2985 1757 2985 1223 2986 1222 2986 1756 2986 1224 2987 1223 2987 1757 2987 1224 2988 1757 2988 1758 2988 1226 2989 1758 2989 1759 2989 1226 2990 1224 2990 1758 2990 1227 2991 1226 2991 1759 2991 1227 2992 1759 2992 1760 2992 1230 2993 1760 2993 1761 2993 1230 2994 1227 2994 1760 2994 1231 2995 1230 2995 1761 2995 1231 2996 1761 2996 1762 2996 1234 2997 1762 2997 1763 2997 1234 2998 1231 2998 1762 2998 1235 2999 1234 2999 1763 2999 1235 3000 1763 3000 1764 3000 1241 3001 1764 3001 1765 3001 1241 3002 1235 3002 1764 3002 1242 3003 1765 3003 1766 3003 1242 3004 1241 3004 1765 3004 1246 3005 1766 3005 1767 3005 1246 3006 1242 3006 1766 3006 1247 3007 1767 3007 1768 3007 1247 3008 1246 3008 1767 3008 1214 3009 1768 3009 1769 3009 1214 3010 1247 3010 1768 3010 1215 3011 1214 3011 1769 3011 1215 3012 1769 3012 1770 3012 1216 3013 1215 3013 1770 3013 1472 3014 1216 3014 1770 3014 1472 3015 1770 3015 1771 3015 1409 3016 1472 3016 1771 3016 1409 3017 1771 3017 1772 3017 1413 3018 1409 3018 1772 3018 1413 3019 1772 3019 1773 3019 1412 3020 1413 3020 1773 3020 1412 3021 1773 3021 1774 3021 1411 3022 1412 3022 1774 3022 1411 3023 1774 3023 1775 3023 1410 3024 1411 3024 1775 3024 1776 3025 1410 3025 1775 3025 1776 3026 1775 3026 1777 3026 1778 3027 1776 3027 1777 3027 1781 3028 1779 3028 1780 3028 1782 3029 1780 3029 1783 3029 1782 3030 1781 3030 1780 3030 2672 3031 1782 3031 1783 3031 1784 3032 2672 3032 1783 3032 2673 3033 2672 3033 1784 3033 1785 3034 2683 3034 1819 3034 2682 3035 2683 3035 1785 3035 2682 3036 1785 3036 2681 3036 1181 3037 1180 3037 1786 3037 1181 3038 1786 3038 1787 3038 1182 3039 1181 3039 1787 3039 1182 3040 1787 3040 1788 3040 1183 3041 1182 3041 1788 3041 1183 3042 1788 3042 1789 3042 1184 3043 1183 3043 1789 3043 1184 3044 1789 3044 1790 3044 1013 3045 1790 3045 1791 3045 1013 3046 1184 3046 1790 3046 1792 3047 1793 3047 1734 3047 1792 3048 1797 3048 1793 3048 1734 3049 1794 3049 1735 3049 1793 3050 1794 3050 1734 3050 1735 3051 1794 3051 1736 3051 1794 3052 1795 3052 1736 3052 1796 3053 1797 3053 1792 3053 1736 3054 1795 3054 1737 3054 1796 3055 1799 3055 1797 3055 1737 3056 1798 3056 1738 3056 1795 3057 1798 3057 1737 3057 1738 3058 1800 3058 1739 3058 1798 3059 1800 3059 1738 3059 1796 3060 1801 3060 1799 3060 1796 3061 1791 3061 1801 3061 1800 3062 1802 3062 1739 3062 1802 3063 1740 3063 1739 3063 1790 3064 1803 3064 1791 3064 1791 3065 1803 3065 1801 3065 1802 3066 1804 3066 1740 3066 1804 3067 1741 3067 1740 3067 1790 3068 1805 3068 1803 3068 1789 3069 1805 3069 1790 3069 1804 3070 1742 3070 1741 3070 1788 3071 1805 3071 1789 3071 1804 3072 1807 3072 1742 3072 1787 3073 1806 3073 1788 3073 1788 3074 1806 3074 1805 3074 1807 3075 1743 3075 1742 3075 1786 3076 1808 3076 1787 3076 1787 3077 1808 3077 1806 3077 1807 3078 1810 3078 1743 3078 1810 3079 1744 3079 1743 3079 1786 3080 1809 3080 1808 3080 2681 3081 1809 3081 1786 3081 1810 3082 1811 3082 1744 3082 1785 3083 1812 3083 2681 3083 2681 3084 1812 3084 1809 3084 1811 3085 1745 3085 1744 3085 1811 3086 1813 3086 1745 3086 1785 3087 1814 3087 1812 3087 1813 3088 1746 3088 1745 3088 1813 3089 1815 3089 1746 3089 1785 3090 1816 3090 1814 3090 1785 3091 1819 3091 1816 3091 1815 3092 1747 3092 1746 3092 1815 3093 1817 3093 1747 3093 1819 3094 1818 3094 1816 3094 1817 3095 1748 3095 1747 3095 1817 3096 1820 3096 1748 3096 1819 3097 1821 3097 1818 3097 1819 3098 1822 3098 1821 3098 1820 3099 1749 3099 1748 3099 1822 3100 1823 3100 1821 3100 1820 3101 1824 3101 1749 3101 1822 3102 1826 3102 1823 3102 1822 3103 1825 3103 1826 3103 1824 3104 1750 3104 1749 3104 1824 3105 1827 3105 1750 3105 1827 3106 1751 3106 1750 3106 1825 3107 1829 3107 1826 3107 1827 3108 1828 3108 1751 3108 1825 3109 806 3109 1829 3109 1828 3110 1752 3110 1751 3110 1828 3111 1830 3111 1752 3111 806 3112 1831 3112 1829 3112 1830 3113 1753 3113 1752 3113 1830 3114 1833 3114 1753 3114 806 3115 1832 3115 1831 3115 806 3116 1834 3116 1832 3116 828 3117 1834 3117 806 3117 1833 3118 1754 3118 1753 3118 1833 3119 1835 3119 1754 3119 828 3120 1837 3120 1834 3120 1835 3121 1755 3121 1754 3121 1835 3122 1836 3122 1755 3122 828 3123 827 3123 1837 3123 827 3124 1838 3124 1837 3124 1836 3125 1756 3125 1755 3125 1836 3126 1839 3126 1756 3126 1839 3127 1757 3127 1756 3127 1839 3128 1840 3128 1757 3128 827 3129 1841 3129 1838 3129 827 3130 821 3130 1841 3130 821 3131 1842 3131 1841 3131 1840 3132 1758 3132 1757 3132 1840 3133 1843 3133 1758 3133 1843 3134 1759 3134 1758 3134 1843 3135 1844 3135 1759 3135 821 3136 1845 3136 1842 3136 1844 3137 1760 3137 1759 3137 1844 3138 1846 3138 1760 3138 821 3139 1847 3139 1845 3139 1846 3140 1761 3140 1760 3140 1846 3141 1849 3141 1761 3141 821 3142 819 3142 1847 3142 819 3143 1848 3143 1847 3143 819 3144 1850 3144 1848 3144 1851 3145 1762 3145 1849 3145 1849 3146 1762 3146 1761 3146 1851 3147 1763 3147 1762 3147 819 3148 817 3148 1850 3148 817 3149 1852 3149 1850 3149 1853 3150 1763 3150 1851 3150 1854 3151 1764 3151 1853 3151 1853 3152 1764 3152 1763 3152 817 3153 1855 3153 1852 3153 1854 3154 1765 3154 1764 3154 817 3155 813 3155 1855 3155 813 3156 1856 3156 1855 3156 1858 3157 1765 3157 1854 3157 813 3158 1857 3158 1856 3158 1858 3159 1766 3159 1765 3159 813 3160 1859 3160 1857 3160 813 3161 1860 3161 1859 3161 1858 3162 1767 3162 1766 3162 1861 3163 1767 3163 1858 3163 1860 3164 1862 3164 1859 3164 1861 3165 1768 3165 1767 3165 1863 3166 1768 3166 1861 3166 1863 3167 1769 3167 1768 3167 1862 3168 1860 3168 1864 3168 1865 3169 1769 3169 1863 3169 1864 3170 1867 3170 1866 3170 1860 3171 1867 3171 1864 3171 1865 3172 1770 3172 1769 3172 1866 3173 1867 3173 1868 3173 1869 3174 1771 3174 1865 3174 1865 3175 1771 3175 1770 3175 1868 3176 1867 3176 1870 3176 1871 3177 1771 3177 1869 3177 1867 3178 1784 3178 1870 3178 1871 3179 1772 3179 1771 3179 1870 3180 1784 3180 1872 3180 1873 3181 1773 3181 1871 3181 1871 3182 1773 3182 1772 3182 1872 3183 1783 3183 1874 3183 1784 3184 1783 3184 1872 3184 1873 3185 1774 3185 1773 3185 1873 3186 1775 3186 1774 3186 1876 3187 1775 3187 1873 3187 1783 3188 1780 3188 1874 3188 1874 3189 1780 3189 1875 3189 1876 3190 1777 3190 1775 3190 1877 3191 1777 3191 1876 3191 1875 3192 1779 3192 1877 3192 1780 3193 1779 3193 1875 3193 1877 3194 1778 3194 1777 3194 1779 3195 1778 3195 1877 3195 1878 3196 1336 3196 1879 3196 1003 3197 1336 3197 1878 3197 1879 3198 1335 3198 2316 3198 1336 3199 1335 3199 1879 3199 2316 3200 1349 3200 2377 3200 1335 3201 1349 3201 2316 3201 2377 3202 1475 3202 1880 3202 1349 3203 1475 3203 2377 3203 1475 3204 1881 3204 1880 3204 1475 3205 1477 3205 1881 3205 1477 3206 1882 3206 1881 3206 1882 3207 1481 3207 1883 3207 1477 3208 1481 3208 1882 3208 1883 3209 1490 3209 1884 3209 1481 3210 1490 3210 1883 3210 1490 3211 2340 3211 1884 3211 2340 3212 1359 3212 1885 3212 1490 3213 1359 3213 2340 3213 1885 3214 1361 3214 1886 3214 1359 3215 1361 3215 1885 3215 1886 3216 1377 3216 1574 3216 1361 3217 1377 3217 1886 3217 973 3218 1500 3218 1004 3218 1294 3219 1500 3219 973 3219 1004 3220 1499 3220 1005 3220 1500 3221 1499 3221 1004 3221 1005 3222 1297 3222 978 3222 1499 3223 1297 3223 1005 3223 978 3224 1298 3224 999 3224 1297 3225 1298 3225 978 3225 999 3226 1312 3226 994 3226 1298 3227 1312 3227 999 3227 994 3228 1318 3228 989 3228 1312 3229 1318 3229 994 3229 989 3230 1319 3230 1009 3230 1318 3231 1319 3231 989 3231 1009 3232 1321 3232 1011 3232 1319 3233 1321 3233 1009 3233 1011 3234 1326 3234 972 3234 1321 3235 1326 3235 1011 3235 972 3236 1325 3236 1003 3236 1326 3237 1325 3237 972 3237 1325 3238 1336 3238 1003 3238 1888 3239 1889 3239 1890 3239 1890 3240 1892 3240 778 3240 778 3241 1893 3241 777 3241 1892 3242 1893 3242 778 3242 777 3243 1894 3243 1895 3243 1895 3244 1896 3244 776 3244 776 3245 1897 3245 771 3245 771 3246 1898 3246 768 3246 768 3247 1899 3247 767 3247 1898 3248 1899 3248 768 3248 767 3249 1900 3249 765 3249 1900 3250 1901 3250 765 3250 1901 3251 764 3251 765 3251 764 3252 1902 3252 761 3252 1902 3253 1903 3253 761 3253 1903 3254 1904 3254 761 3254 761 3255 1904 3255 760 3255 1904 3256 1905 3256 760 3256 760 3257 1905 3257 1907 3257 1905 3258 1906 3258 1907 3258 1906 3259 1908 3259 1907 3259 1907 3260 1908 3260 755 3260 1909 3261 753 3261 755 3261 753 3262 1910 3262 752 3262 1910 3263 1911 3263 752 3263 1911 3264 751 3264 752 3264 751 3265 1912 3265 1913 3265 1914 3266 756 3266 1913 3266 1915 3267 759 3267 756 3267 759 3268 1916 3268 1917 3268 1918 3269 1919 3269 1917 3269 1919 3270 1920 3270 762 3270 766 3271 1921 3271 770 3271 770 3272 1922 3272 772 3272 1922 3273 1923 3273 772 3273 772 3274 1923 3274 773 3274 773 3275 1924 3275 774 3275 774 3276 1925 3276 1926 3276 1926 3277 1927 3277 782 3277 782 3278 1927 3278 1928 3278 783 3279 1930 3279 784 3279 1930 3280 1931 3280 784 3280 784 3281 1931 3281 786 3281 786 3282 1932 3282 793 3282 1932 3283 796 3283 793 3283 796 3284 1933 3284 795 3284 1934 3285 791 3285 795 3285 791 3286 1935 3286 790 3286 790 3287 1936 3287 789 3287 1935 3288 1936 3288 790 3288 789 3289 1937 3289 788 3289 770 3290 1921 3290 1922 3290 1923 3291 1924 3291 773 3291 1922 3292 1924 3292 1923 3292 1921 3293 1920 3293 1922 3293 762 3294 1920 3294 766 3294 766 3295 1920 3295 1921 3295 1922 3296 1925 3296 1924 3296 1920 3297 1925 3297 1922 3297 1924 3298 1925 3298 774 3298 1919 3299 1918 3299 1920 3299 1925 3300 1927 3300 1926 3300 1917 3301 1916 3301 1918 3301 1918 3302 1916 3302 1920 3302 759 3303 1915 3303 1916 3303 1916 3304 1915 3304 1920 3304 1925 3305 1929 3305 1927 3305 1927 3306 1929 3306 1928 3306 1928 3307 1929 3307 783 3307 1929 3308 1930 3308 783 3308 756 3309 1914 3309 1915 3309 1931 3310 1932 3310 786 3310 1930 3311 1932 3311 1931 3311 1914 3312 1912 3312 1915 3312 1913 3313 1912 3313 1914 3313 1915 3314 1912 3314 1920 3314 1932 3315 1933 3315 796 3315 751 3316 1911 3316 1912 3316 1933 3317 1934 3317 795 3317 753 3318 1909 3318 1910 3318 1934 3319 1935 3319 791 3319 1929 3320 1935 3320 1930 3320 1930 3321 1935 3321 1932 3321 1932 3322 1935 3322 1933 3322 1933 3323 1935 3323 1934 3323 755 3324 1908 3324 1909 3324 1910 3325 1908 3325 1911 3325 1909 3326 1908 3326 1910 3326 1929 3327 1936 3327 1935 3327 1911 3328 1906 3328 1912 3328 1908 3329 1906 3329 1911 3329 1912 3330 1906 3330 1920 3330 1936 3331 1937 3331 789 3331 1925 3332 1905 3332 1929 3332 1920 3333 1905 3333 1925 3333 1906 3334 1905 3334 1920 3334 1937 3335 1887 3335 788 3335 1936 3336 1938 3336 1937 3336 1929 3337 1938 3337 1936 3337 1937 3338 1938 3338 1887 3338 1887 3339 1889 3339 1888 3339 1938 3340 1889 3340 1887 3340 1902 3341 1901 3341 1903 3341 764 3342 1901 3342 1902 3342 1903 3343 1900 3343 1904 3343 1901 3344 1900 3344 1903 3344 1929 3345 1891 3345 1938 3345 1938 3346 1891 3346 1889 3346 1889 3347 1891 3347 1890 3347 767 3348 1899 3348 1900 3348 1891 3349 1892 3349 1890 3349 1900 3350 1898 3350 1904 3350 1899 3351 1898 3351 1900 3351 1904 3352 1898 3352 1905 3352 1891 3353 1893 3353 1892 3353 771 3354 1897 3354 1898 3354 1893 3355 1894 3355 777 3355 776 3356 1896 3356 1897 3356 1894 3357 1896 3357 1895 3357 1929 3358 1896 3358 1891 3358 1898 3359 1896 3359 1905 3359 1891 3360 1896 3360 1893 3360 1897 3361 1896 3361 1898 3361 1893 3362 1896 3362 1894 3362 1905 3363 1896 3363 1929 3363 725 3364 1940 3364 1941 3364 1941 3365 1942 3365 1943 3365 1943 3366 1942 3366 711 3366 711 3367 1944 3367 710 3367 710 3368 1945 3368 709 3368 709 3369 1945 3369 708 3369 708 3370 1946 3370 1947 3370 1946 3371 1948 3371 1947 3371 702 3372 1948 3372 701 3372 1947 3373 1948 3373 702 3373 1948 3374 699 3374 701 3374 699 3375 1950 3375 697 3375 1949 3376 1950 3376 699 3376 697 3377 1951 3377 694 3377 1951 3378 693 3378 694 3378 693 3379 1952 3379 1953 3379 1953 3380 1954 3380 686 3380 1954 3381 1955 3381 686 3381 1955 3382 1956 3382 682 3382 682 3383 1957 3383 684 3383 684 3384 1958 3384 685 3384 1957 3385 1958 3385 684 3385 1958 3386 1959 3386 685 3386 1959 3387 1960 3387 685 3387 685 3388 1960 3388 1961 3388 1961 3389 1962 3389 687 3389 687 3390 1963 3390 692 3390 696 3391 1964 3391 698 3391 698 3392 1965 3392 700 3392 1966 3393 703 3393 700 3393 703 3394 1967 3394 704 3394 1968 3395 705 3395 704 3395 705 3396 1969 3396 706 3396 1969 3397 1970 3397 706 3397 706 3398 1970 3398 715 3398 715 3399 1970 3399 717 3399 1970 3400 1971 3400 717 3400 717 3401 1972 3401 718 3401 1971 3402 1972 3402 717 3402 718 3403 1973 3403 721 3403 1973 3404 1974 3404 721 3404 1974 3405 1975 3405 721 3405 721 3406 1975 3406 722 3406 1975 3407 1976 3407 722 3407 722 3408 1976 3408 1977 3408 1977 3409 1978 3409 723 3409 723 3410 1979 3410 745 3410 1978 3411 1979 3411 723 3411 745 3412 1979 3412 744 3412 743 3413 1980 3413 742 3413 744 3414 1980 3414 743 3414 1980 3415 1981 3415 742 3415 1981 3416 741 3416 742 3416 741 3417 1982 3417 740 3417 1982 3418 1983 3418 740 3418 1983 3419 739 3419 740 3419 739 3420 1984 3420 738 3420 1984 3421 1985 3421 738 3421 1985 3422 1986 3422 726 3422 726 3423 1987 3423 1988 3423 1986 3424 1987 3424 726 3424 1988 3425 1989 3425 725 3425 705 3426 1968 3426 1969 3426 704 3427 1967 3427 1968 3427 1968 3428 1966 3428 1969 3428 1967 3429 1966 3429 1968 3429 703 3430 1966 3430 1967 3430 1971 3431 1973 3431 1972 3431 1972 3432 1973 3432 718 3432 1969 3433 1965 3433 1970 3433 1966 3434 1965 3434 1969 3434 700 3435 1965 3435 1966 3435 1971 3436 1974 3436 1973 3436 1970 3437 1974 3437 1971 3437 698 3438 1964 3438 1965 3438 692 3439 1963 3439 696 3439 696 3440 1963 3440 1964 3440 1964 3441 1963 3441 1965 3441 1970 3442 1978 3442 1974 3442 1974 3443 1978 3443 1975 3443 1975 3444 1978 3444 1976 3444 1976 3445 1978 3445 1977 3445 687 3446 1962 3446 1963 3446 1979 3447 1980 3447 744 3447 1970 3448 1960 3448 1978 3448 1963 3449 1960 3449 1965 3449 1962 3450 1960 3450 1963 3450 1965 3451 1960 3451 1970 3451 1961 3452 1960 3452 1962 3452 1978 3453 1960 3453 1979 3453 1959 3454 1958 3454 1960 3454 1981 3455 1982 3455 741 3455 1980 3456 1982 3456 1981 3456 1958 3457 1957 3457 1960 3457 1979 3458 1983 3458 1980 3458 1980 3459 1983 3459 1982 3459 682 3460 1956 3460 1957 3460 1983 3461 1984 3461 739 3461 1955 3462 1954 3462 1956 3462 1956 3463 1954 3463 1957 3463 1984 3464 1986 3464 1985 3464 1979 3465 1986 3465 1983 3465 1983 3466 1986 3466 1984 3466 1953 3467 1952 3467 1954 3467 1957 3468 1952 3468 1960 3468 1954 3469 1952 3469 1957 3469 693 3470 1951 3470 1952 3470 1987 3471 1989 3471 1988 3471 1986 3472 1989 3472 1987 3472 1989 3473 1939 3473 725 3473 1986 3474 1939 3474 1989 3474 1951 3475 1950 3475 1952 3475 1960 3476 1950 3476 1979 3476 697 3477 1950 3477 1951 3477 1952 3478 1950 3478 1960 3478 1939 3479 1940 3479 725 3479 699 3480 1948 3480 1949 3480 1940 3481 1942 3481 1941 3481 1948 3482 1946 3482 1949 3482 1949 3483 1946 3483 1950 3483 1942 3484 1944 3484 711 3484 1986 3485 1944 3485 1939 3485 1939 3486 1944 3486 1940 3486 1940 3487 1944 3487 1942 3487 708 3488 1945 3488 1946 3488 1944 3489 1945 3489 710 3489 1950 3490 1945 3490 1979 3490 1946 3491 1945 3491 1950 3491 1986 3492 1945 3492 1944 3492 1979 3493 1945 3493 1986 3493 657 3494 1990 3494 655 3494 655 3495 1991 3495 656 3495 656 3496 1992 3496 1993 3496 1991 3497 1992 3497 656 3497 1993 3498 1994 3498 648 3498 1994 3499 1995 3499 648 3499 648 3500 1995 3500 638 3500 638 3501 1996 3501 639 3501 639 3502 1997 3502 632 3502 1996 3503 1997 3503 639 3503 1997 3504 630 3504 632 3504 630 3505 1998 3505 627 3505 1998 3506 1999 3506 627 3506 627 3507 2000 3507 625 3507 2000 3508 623 3508 625 3508 623 3509 2001 3509 620 3509 2001 3510 2002 3510 620 3510 620 3511 2002 3511 616 3511 616 3512 2003 3512 615 3512 2003 3513 2004 3513 615 3513 615 3514 2004 3514 612 3514 2004 3515 2005 3515 612 3515 612 3516 2005 3516 610 3516 2005 3517 2006 3517 610 3517 610 3518 2006 3518 606 3518 2006 3519 2007 3519 606 3519 606 3520 2007 3520 605 3520 605 3521 2008 3521 603 3521 2008 3522 2009 3522 603 3522 603 3523 2009 3523 602 3523 2009 3524 2010 3524 602 3524 2010 3525 604 3525 602 3525 2010 3526 2011 3526 604 3526 604 3527 2011 3527 608 3527 2011 3528 2012 3528 608 3528 2012 3529 2013 3529 608 3529 608 3530 2013 3530 611 3530 2013 3531 2014 3531 611 3531 611 3532 2014 3532 614 3532 614 3533 2015 3533 617 3533 617 3534 2016 3534 2018 3534 2016 3535 2017 3535 2018 3535 621 3536 2019 3536 2020 3536 2020 3537 2021 3537 628 3537 628 3538 2022 3538 629 3538 629 3539 2022 3539 636 3539 2022 3540 2023 3540 636 3540 636 3541 2024 3541 640 3541 2023 3542 2024 3542 636 3542 2024 3543 2025 3543 640 3543 640 3544 2025 3544 642 3544 642 3545 2026 3545 643 3545 643 3546 2027 3546 644 3546 2027 3547 2028 3547 644 3547 2028 3548 2029 3548 644 3548 644 3549 2029 3549 649 3549 2029 3550 2030 3550 649 3550 649 3551 2030 3551 650 3551 2030 3552 2031 3552 650 3552 650 3553 2031 3553 2032 3553 2032 3554 2033 3554 652 3554 2033 3555 2034 3555 652 3555 652 3556 2035 3556 654 3556 654 3557 2036 3557 658 3557 658 3558 2037 3558 676 3558 2036 3559 2037 3559 658 3559 676 3560 2038 3560 677 3560 677 3561 2039 3561 678 3561 2039 3562 2040 3562 678 3562 678 3563 2040 3563 2041 3563 2041 3564 2040 3564 679 3564 679 3565 2042 3565 680 3565 2042 3566 2043 3566 680 3566 680 3567 2043 3567 2044 3567 2044 3568 2045 3568 2046 3568 2047 3569 671 3569 670 3569 666 3570 2049 3570 667 3570 2049 3571 2050 3571 667 3571 2050 3572 657 3572 667 3572 2045 3573 2044 3573 2043 3573 2040 3574 2043 3574 2042 3574 2040 3575 2042 3575 679 3575 2047 3576 670 3576 2046 3576 2047 3577 2046 3577 2045 3577 2039 3578 2043 3578 2040 3578 2048 3579 2047 3579 2045 3579 2048 3580 671 3580 2047 3580 2039 3581 2045 3581 2043 3581 666 3582 671 3582 2048 3582 2049 3583 666 3583 2048 3583 2038 3584 2039 3584 677 3584 2037 3585 2039 3585 2038 3585 2037 3586 2038 3586 676 3586 1990 3587 657 3587 2050 3587 1990 3588 2050 3588 2049 3588 2035 3589 2037 3589 2036 3589 2035 3590 2036 3590 654 3590 1991 3591 655 3591 1990 3591 2034 3592 2037 3592 2035 3592 2034 3593 2035 3593 652 3593 1991 3594 1990 3594 2049 3594 1994 3595 1991 3595 2049 3595 1994 3596 1993 3596 1992 3596 1994 3597 1992 3597 1991 3597 1994 3598 2049 3598 2048 3598 2031 3599 2033 3599 2032 3599 2029 3600 2031 3600 2030 3600 2028 3601 2033 3601 2031 3601 2028 3602 2031 3602 2029 3602 2028 3603 2034 3603 2033 3603 2027 3604 2037 3604 2034 3604 2027 3605 2034 3605 2028 3605 1996 3606 1995 3606 1994 3606 1996 3607 638 3607 1995 3607 2026 3608 2027 3608 643 3608 1998 3609 630 3609 1997 3609 2025 3610 2026 3610 642 3610 2025 3611 2027 3611 2026 3611 1998 3612 1997 3612 1996 3612 1998 3613 1996 3613 1994 3613 1999 3614 1998 3614 1994 3614 1999 3615 1994 3615 2048 3615 2000 3616 2037 3616 2027 3616 2000 3617 627 3617 1999 3617 2000 3618 2048 3618 2045 3618 2000 3619 2045 3619 2039 3619 2000 3620 1999 3620 2048 3620 2000 3621 2027 3621 2025 3621 2000 3622 2039 3622 2037 3622 2001 3623 623 3623 2000 3623 2002 3624 2025 3624 2024 3624 2002 3625 2024 3625 2023 3625 2002 3626 2000 3626 2025 3626 2002 3627 2001 3627 2000 3627 2021 3628 2022 3628 628 3628 2019 3629 2023 3629 2022 3629 2019 3630 2021 3630 2020 3630 2019 3631 2022 3631 2021 3631 2003 3632 616 3632 2002 3632 2004 3633 2023 3633 2019 3633 2004 3634 2003 3634 2002 3634 2004 3635 2002 3635 2023 3635 2017 3636 621 3636 2018 3636 2017 3637 2004 3637 2019 3637 2017 3638 2019 3638 621 3638 2006 3639 2005 3639 2004 3639 2015 3640 2016 3640 617 3640 2007 3641 2006 3641 2004 3641 2014 3642 2015 3642 614 3642 2014 3643 2016 3643 2015 3643 2008 3644 605 3644 2007 3644 2013 3645 2016 3645 2014 3645 2013 3646 2017 3646 2016 3646 2008 3647 2004 3647 2017 3647 2008 3648 2007 3648 2004 3648 2009 3649 2008 3649 2017 3649 2012 3650 2017 3650 2013 3650 2011 3651 2017 3651 2012 3651 2010 3652 2009 3652 2017 3652 2010 3653 2017 3653 2011 3653 2067 3654 2071 3654 2066 3654 2066 3655 1185 3655 2067 3655 2054 3656 2053 3656 2060 3656 2053 3657 2058 3657 2060 3657 2057 3658 2056 3658 2058 3658 2060 3659 2058 3659 2075 3659 2056 3660 2075 3660 2058 3660 1065 3661 2057 3661 2067 3661 1065 3662 2056 3662 2057 3662 2056 3663 1065 3663 2075 3663 2054 3664 2068 3664 2059 3664 2068 3665 2061 3665 2059 3665 2062 3666 2063 3666 2070 3666 2063 3667 2064 3667 2070 3667 1185 3668 2072 3668 2052 3668 2054 3669 2059 3669 2055 3669 2061 3670 2069 3670 2055 3670 2062 3671 2065 3671 2063 3671 2064 3672 2076 3672 2070 3672 2051 3673 2052 3673 2073 3673 2073 3674 2052 3674 2072 3674 2058 3675 2071 3675 2057 3675 2065 3676 2062 3676 2069 3676 2072 3677 1185 3677 2066 3677 2062 3678 2055 3678 2069 3678 2074 3679 2051 3679 2073 3679 2067 3680 2057 3680 2071 3680 2059 3681 2061 3681 2055 3681 2054 3682 2060 3682 2068 3682 2061 3683 2068 3683 1059 3683 2076 3684 2074 3684 2077 3684 2064 3685 2074 3685 2076 3685 2073 3686 2077 3686 2074 3686 2071 3687 2072 3687 2066 3687 2071 3688 2073 3688 2072 3688 2058 3689 2073 3689 2071 3689 2053 3690 2073 3690 2058 3690 2053 3691 2077 3691 2073 3691 2053 3692 2076 3692 2077 3692 2054 3693 2076 3693 2053 3693 2055 3694 2070 3694 2076 3694 2055 3695 2076 3695 2054 3695 2062 3696 2070 3696 2055 3696 1119 3697 1118 3697 2078 3697 1118 3698 1114 3698 2079 3698 2079 3699 1114 3699 2080 3699 1114 3700 1110 3700 2080 3700 2080 3701 1110 3701 2081 3701 1110 3702 1108 3702 2081 3702 2081 3703 1108 3703 2082 3703 1108 3704 1105 3704 2082 3704 2082 3705 1105 3705 2083 3705 2083 3706 1106 3706 2084 3706 1105 3707 1106 3707 2083 3707 1106 3708 1109 3708 2084 3708 1109 3709 1111 3709 2085 3709 1111 3710 1115 3710 2085 3710 2085 3711 1115 3711 2086 3711 1115 3712 1116 3712 2086 3712 2086 3713 1116 3713 2087 3713 1116 3714 1120 3714 2087 3714 2087 3715 1120 3715 2088 3715 1120 3716 1122 3716 2088 3716 2088 3717 1122 3717 2089 3717 1122 3718 1124 3718 2089 3718 1124 3719 1129 3719 2090 3719 2090 3720 1128 3720 2091 3720 1129 3721 1128 3721 2090 3721 2091 3722 1128 3722 1130 3722 2092 3723 1132 3723 2093 3723 1130 3724 1132 3724 2092 3724 1132 3725 1134 3725 2093 3725 1134 3726 2095 3726 2094 3726 2094 3727 1151 3727 2096 3727 2095 3728 1151 3728 2094 3728 2096 3729 1151 3729 2097 3729 2097 3730 1150 3730 2098 3730 2099 3731 1152 3731 2100 3731 1150 3732 1152 3732 2099 3732 2100 3733 1161 3733 2101 3733 2101 3734 1161 3734 2102 3734 1161 3735 1159 3735 2102 3735 2102 3736 1159 3736 2103 3736 1159 3737 1158 3737 2103 3737 2103 3738 1158 3738 1157 3738 1157 3739 1156 3739 2105 3739 2105 3740 1155 3740 2106 3740 1156 3741 1155 3741 2105 3741 1155 3742 1154 3742 2106 3742 2106 3743 1154 3743 2107 3743 1154 3744 1145 3744 2107 3744 1145 3745 1144 3745 2107 3745 2107 3746 1144 3746 2108 3746 1144 3747 1140 3747 2108 3747 2108 3748 1140 3748 2109 3748 1140 3749 1139 3749 2109 3749 2109 3750 1139 3750 2110 3750 1139 3751 1138 3751 2110 3751 1138 3752 1137 3752 2110 3752 2110 3753 1137 3753 2111 3753 1137 3754 1135 3754 2111 3754 2111 3755 1135 3755 2112 3755 1135 3756 1125 3756 2112 3756 2112 3757 1125 3757 2113 3757 1125 3758 1123 3758 2113 3758 2113 3759 1123 3759 2114 3759 1123 3760 1121 3760 2114 3760 2114 3761 1121 3761 2115 3761 1121 3762 1119 3762 2115 3762 2115 3763 1119 3763 2078 3763 2111 3764 2112 3764 2110 3764 2112 3765 2113 3765 2110 3765 2114 3766 2115 3766 2113 3766 1118 3767 2079 3767 2078 3767 2105 3768 2104 3768 1157 3768 2078 3769 2079 3769 2115 3769 2104 3770 2103 3770 1157 3770 2105 3771 2103 3771 2104 3771 2081 3772 2082 3772 2080 3772 2079 3773 2082 3773 2115 3773 2080 3774 2082 3774 2079 3774 2115 3775 2082 3775 2113 3775 2113 3776 2082 3776 2110 3776 2082 3777 2083 3777 2110 3777 2109 3778 2083 3778 2108 3778 2110 3779 2083 3779 2109 3779 1109 3780 2085 3780 2084 3780 2084 3781 2085 3781 2083 3781 2103 3782 2101 3782 2102 3782 2085 3783 2086 3783 2083 3783 2108 3784 2086 3784 2107 3784 2107 3785 2086 3785 2106 3785 2083 3786 2086 3786 2108 3786 2101 3787 2099 3787 2100 3787 2103 3788 2099 3788 2101 3788 2086 3789 2087 3789 2106 3789 2099 3790 2098 3790 1150 3790 2105 3791 2088 3791 2103 3791 2087 3792 2088 3792 2106 3792 2106 3793 2088 3793 2105 3793 2088 3794 2089 3794 2103 3794 2098 3795 2096 3795 2097 3795 2089 3796 2090 3796 2103 3796 1124 3797 2090 3797 2089 3797 2099 3798 2096 3798 2098 3798 2090 3799 2091 3799 2103 3799 1130 3800 2092 3800 2091 3800 2092 3801 2093 3801 2091 3801 2094 3802 2093 3802 1134 3802 2099 3803 2093 3803 2096 3803 2091 3804 2093 3804 2103 3804 2096 3805 2093 3805 2094 3805 2103 3806 2093 3806 2099 3806 1299 3807 2116 3807 1300 3807 2117 3808 2116 3808 1299 3808 1599 3809 1295 3809 1293 3809 1601 3810 1295 3810 1599 3810 2118 3811 2119 3811 2117 3811 2118 3812 2120 3812 2119 3812 2118 3813 2117 3813 1299 3813 2118 3814 1299 3814 1504 3814 2122 3815 2130 3815 2162 3815 2123 3816 2118 3816 1504 3816 2123 3817 1503 3817 1501 3817 2123 3818 1504 3818 1503 3818 2124 3819 2125 3819 2121 3819 2124 3820 2134 3820 2125 3820 2126 3821 2120 3821 2118 3821 2127 3822 2122 3822 2128 3822 2127 3823 2128 3823 2134 3823 2129 3824 2123 3824 1501 3824 2129 3825 1501 3825 1295 3825 2129 3826 1601 3826 1603 3826 2129 3827 1603 3827 1605 3827 2129 3828 1295 3828 1601 3828 2137 3829 2130 3829 2122 3829 2131 3830 2124 3830 2121 3830 2131 3831 2120 3831 2126 3831 2131 3832 2121 3832 2120 3832 2132 3833 2118 3833 2123 3833 2132 3834 2126 3834 2118 3834 2133 3835 2134 3835 2124 3835 2133 3836 2127 3836 2134 3836 2135 3837 2122 3837 2127 3837 2135 3838 2137 3838 2122 3838 2136 3839 2126 3839 2132 3839 2136 3840 2131 3840 2126 3840 2138 3841 2132 3841 2123 3841 2138 3842 2129 3842 1605 3842 2138 3843 2123 3843 2129 3843 2138 3844 1605 3844 1607 3844 2138 3845 1607 3845 1609 3845 2139 3846 2133 3846 2124 3846 2139 3847 2124 3847 2131 3847 2140 3848 2135 3848 2127 3848 2140 3849 2127 3849 2133 3849 2141 3850 2136 3850 2132 3850 2141 3851 2132 3851 2138 3851 2142 3852 2137 3852 2135 3852 2142 3853 2135 3853 2140 3853 2143 3854 2139 3854 2131 3854 2143 3855 2131 3855 2136 3855 2144 3856 2140 3856 2133 3856 2144 3857 2133 3857 2139 3857 2144 3858 2139 3858 2143 3858 2145 3859 2138 3859 1609 3859 2145 3860 2141 3860 2138 3860 2145 3861 1609 3861 1611 3861 2145 3862 1611 3862 1613 3862 2147 3863 2142 3863 2140 3863 2148 3864 2136 3864 2141 3864 2148 3865 2143 3865 2136 3865 2149 3866 2144 3866 2143 3866 2150 3867 2144 3867 2149 3867 2150 3868 2147 3868 2140 3868 2150 3869 2140 3869 2144 3869 2151 3870 2148 3870 2141 3870 2151 3871 2145 3871 1613 3871 2151 3872 1613 3872 1615 3872 2151 3873 1615 3873 1617 3873 2151 3874 2141 3874 2145 3874 2152 3875 2149 3875 2143 3875 2152 3876 2143 3876 2148 3876 2152 3877 2148 3877 2151 3877 2155 3878 2142 3878 2147 3878 2155 3879 2153 3879 2142 3879 2156 3880 2150 3880 2149 3880 2154 3881 2151 3881 1617 3881 2154 3882 1617 3882 1619 3882 2154 3883 1619 3883 1621 3883 2154 3884 2152 3884 2151 3884 2155 3885 2150 3885 2156 3885 2155 3886 2147 3886 2150 3886 2156 3887 2149 3887 2152 3887 1628 3888 2155 3888 2156 3888 2157 3889 2154 3889 1621 3889 2157 3890 2156 3890 2152 3890 2157 3891 1621 3891 1623 3891 2157 3892 2152 3892 2154 3892 2157 3893 1623 3893 1625 3893 2157 3894 1625 3894 1627 3894 1628 3895 2156 3895 2157 3895 1628 3896 2157 3896 1627 3896 2159 3897 2146 3897 2158 3897 2159 3898 2153 3898 2146 3898 2159 3899 2137 3899 2142 3899 2159 3900 2158 3900 2137 3900 2159 3901 2142 3901 2153 3901 1630 3902 1631 3902 2153 3902 1630 3903 2153 3903 2155 3903 1630 3904 2155 3904 1628 3904 867 3905 1176 3905 868 3905 867 3906 1178 3906 1176 3906 867 3907 866 3907 1178 3907 2160 3908 2161 3908 2116 3908 2160 3909 2116 3909 2117 3909 2160 3910 2117 3910 2119 3910 2160 3911 2119 3911 2120 3911 2160 3912 2120 3912 2121 3912 2160 3913 2121 3913 2125 3913 2160 3914 2125 3914 2134 3914 2160 3915 2134 3915 2128 3915 2160 3916 2128 3916 2122 3916 2160 3917 2122 3917 2162 3917 1307 3918 1308 3918 1186 3918 1307 3919 1186 3919 1187 3919 1307 3920 1187 3920 1188 3920 1307 3921 1188 3921 1428 3921 1428 3922 1188 3922 1429 3922 1429 3923 1188 3923 1189 3923 1429 3924 1189 3924 1433 3924 1433 3925 1189 3925 1432 3925 1432 3926 1189 3926 1473 3926 1473 3927 1189 3927 1474 3927 1474 3928 1189 3928 1471 3928 1471 3929 1189 3929 1190 3929 1471 3930 1190 3930 1191 3930 2163 3931 1551 3931 1054 3931 2165 3932 1551 3932 2163 3932 2165 3933 1555 3933 1551 3933 2164 3934 1556 3934 1555 3934 2164 3935 1555 3935 2165 3935 2164 3936 2165 3936 2168 3936 2166 3937 1556 3937 2164 3937 2167 3938 2166 3938 2164 3938 2167 3939 2164 3939 2168 3939 2167 3940 2168 3940 2172 3940 2169 3941 2166 3941 2167 3941 2169 3942 1562 3942 2166 3942 2170 3943 2167 3943 2172 3943 2170 3944 2169 3944 2167 3944 2171 3945 1573 3945 1565 3945 2171 3946 1562 3946 2169 3946 2171 3947 1565 3947 1562 3947 2173 3948 2169 3948 2170 3948 2173 3949 2171 3949 2169 3949 2174 3950 1573 3950 2171 3950 2174 3951 1570 3951 1573 3951 2175 3952 2172 3952 2178 3952 2176 3953 2171 3953 2173 3953 2176 3954 2174 3954 2171 3954 2177 3955 2160 3955 2162 3955 2177 3956 2161 3956 2160 3956 2177 3957 2178 3957 2161 3957 2177 3958 2162 3958 2130 3958 2177 3959 2175 3959 2178 3959 2179 3960 2173 3960 2180 3960 2179 3961 2176 3961 2173 3961 2181 3962 1650 3962 1570 3962 2181 3963 1647 3963 1650 3963 2181 3964 2174 3964 2176 3964 2181 3965 1570 3965 2174 3965 2181 3966 1646 3966 1647 3966 2182 3967 2180 3967 2183 3967 2182 3968 2179 3968 2180 3968 2184 3969 2181 3969 2176 3969 2184 3970 1646 3970 2181 3970 2185 3971 2130 3971 2137 3971 2185 3972 2137 3972 2158 3972 2186 3973 2182 3973 2183 3973 2186 3974 2183 3974 2187 3974 2188 3975 2184 3975 2176 3975 2188 3976 1646 3976 2184 3976 2188 3977 2176 3977 2179 3977 2188 3978 1642 3978 1646 3978 2189 3979 2186 3979 2187 3979 2190 3980 1642 3980 2188 3980 2190 3981 2179 3981 2182 3981 2190 3982 2188 3982 2179 3982 2190 3983 1640 3983 1642 3983 2158 3984 2189 3984 2187 3984 2158 3985 2187 3985 2185 3985 2191 3986 2182 3986 2186 3986 2191 3987 2190 3987 2182 3987 2191 3988 1638 3988 1640 3988 2191 3989 1640 3989 2190 3989 2192 3990 1638 3990 2191 3990 2192 3991 2186 3991 2189 3991 2192 3992 1636 3992 1638 3992 2192 3993 2191 3993 2186 3993 2146 3994 2192 3994 2189 3994 2146 3995 1636 3995 2192 3995 2146 3996 2153 3996 1631 3996 2146 3997 2189 3997 2158 3997 2146 3998 1635 3998 1636 3998 2146 3999 1631 3999 1635 3999 2180 4000 2170 4000 2175 4000 2180 4001 2173 4001 2170 4001 2193 4002 2175 4002 2177 4002 2193 4003 2130 4003 2185 4003 2193 4004 2177 4004 2130 4004 2193 4005 2185 4005 2187 4005 2175 4006 2170 4006 2172 4006 2183 4007 2193 4007 2187 4007 2183 4008 2175 4008 2193 4008 2183 4009 2180 4009 2175 4009 1022 4010 1021 4010 2196 4010 1022 4011 2196 4011 1027 4011 1792 4012 2197 4012 1796 4012 2198 4013 2197 4013 1792 4013 2199 4014 2200 4014 2201 4014 2203 4015 2202 4015 2200 4015 2199 4016 2203 4016 2200 4016 2199 4017 2207 4017 2203 4017 2202 4018 2204 4018 2200 4018 2200 4019 2204 4019 2205 4019 2204 4020 2206 4020 2205 4020 2207 4021 2208 4021 2209 4021 2199 4022 2208 4022 2207 4022 2208 4023 2210 4023 2209 4023 2209 4024 2210 4024 2212 4024 2212 4025 2205 4025 2206 4025 2205 4026 2213 4026 2211 4026 2212 4027 2213 4027 2205 4027 2212 4028 2210 4028 2213 4028 2214 4029 2208 4029 2199 4029 2199 4030 2990 4030 2214 4030 1051 4031 1063 4031 2208 4031 1051 4032 2208 4032 2214 4032 1067 4033 1059 4033 2200 4033 2200 4034 1059 4034 2201 4034 2201 4035 1059 4035 1058 4035 2991 4036 2201 4036 1058 4036 582 4037 2991 4037 1058 4037 582 4038 1058 4038 1057 4038 583 4039 582 4039 1057 4039 583 4040 1057 4040 1047 4040 583 4041 1047 4041 1049 4041 581 4042 583 4042 1049 4042 581 4043 1049 4043 1048 4043 2215 4044 581 4044 1048 4044 2990 4045 2215 4045 1048 4045 2990 4046 1048 4046 1050 4046 2214 4047 2990 4047 1050 4047 2214 4048 1050 4048 1051 4048 2231 4049 1117 4049 2216 4049 2218 4050 3097 4050 2217 4050 2221 4051 2219 4051 2217 4051 2218 4052 2220 4052 3097 4052 2221 4053 2217 4053 2222 4053 2221 4054 2222 4054 2223 4054 2223 4055 2228 4055 2221 4055 2227 4056 2228 4056 2223 4056 2224 4057 2218 4057 2225 4057 2224 4058 2220 4058 2218 4058 2226 4059 2224 4059 2225 4059 2230 4060 2226 4060 2225 4060 2227 4061 2229 4061 2228 4061 2230 4062 2229 4062 2227 4062 2230 4063 2225 4063 2229 4063 2216 4064 2220 4064 2231 4064 2224 4065 2231 4065 2220 4065 1100 4066 2231 4066 2224 4066 1100 4067 1113 4067 2231 4067 1127 4068 3097 4068 2232 4068 3097 4069 1107 4069 2217 4069 1127 4070 1107 4070 3097 4070 1126 4071 1141 4071 586 4071 1126 4072 586 4072 587 4072 1126 4073 587 4073 588 4073 1117 4074 1126 4074 588 4074 1113 4075 1117 4075 2231 4075 585 4076 584 4076 1142 4076 585 4077 1142 4077 1148 4077 2233 4078 585 4078 1148 4078 2233 4079 1148 4079 1127 4079 2232 4080 2233 4080 1127 4080 2234 4081 1166 4081 2235 4081 2236 4082 2234 4082 2235 4082 2237 4083 2234 4083 2236 4083 2236 4084 2235 4084 2238 4084 2241 4085 2236 4085 2238 4085 2241 4086 2238 4086 2250 4086 2240 4087 2239 4087 2234 4087 2242 4088 2234 4088 2237 4088 2247 4089 2241 4089 2250 4089 2242 4090 2240 4090 2234 4090 2243 4091 2240 4091 2242 4091 2244 4092 2245 4092 2248 4092 2244 4093 2243 4093 2242 4093 2244 4094 2242 4094 2245 4094 2246 4095 2248 4095 2247 4095 2246 4096 2247 4096 2250 4096 3107 4097 2244 4097 2248 4097 3107 4098 2248 4098 2246 4098 2249 4099 2246 4099 2250 4099 3107 4100 2251 4100 2252 4100 3107 4101 1136 4101 2244 4101 1136 4102 1153 4102 2244 4102 1131 4103 3107 4103 2252 4103 1131 4104 1136 4104 3107 4104 1131 4105 2252 4105 2251 4105 1133 4106 1131 4106 2251 4106 1133 4107 2251 4107 589 4107 1133 4108 589 4108 591 4108 1143 4109 1133 4109 591 4109 1143 4110 591 4110 592 4110 1143 4111 592 4111 590 4111 1146 4112 1143 4112 590 4112 1146 4113 590 4113 2253 4113 1146 4114 2253 4114 2249 4114 1163 4115 1146 4115 2249 4115 1163 4116 2249 4116 2250 4116 2881 4117 2255 4117 2254 4117 2256 4118 2881 4118 2254 4118 2257 4119 2255 4119 2881 4119 2259 4120 2254 4120 2258 4120 2259 4121 2256 4121 2254 4121 2264 4122 2255 4122 2257 4122 2259 4123 2258 4123 2260 4123 2261 4124 2259 4124 2260 4124 2262 4125 2261 4125 2260 4125 2263 4126 2264 4126 2266 4126 2263 4127 2255 4127 2264 4127 2265 4128 2263 4128 2266 4128 2265 4129 2261 4129 2262 4129 2265 4130 2266 4130 2261 4130 2272 4131 2255 4131 2267 4131 2255 4132 2268 4132 2269 4132 2255 4133 2269 4133 2270 4133 2255 4134 2270 4134 2271 4134 2255 4135 2271 4135 2254 4135 2263 4136 2267 4136 2255 4136 1064 4137 1079 4137 2267 4137 1064 4138 2267 4138 2263 4138 1082 4139 596 4139 597 4139 1082 4140 597 4140 2272 4140 1081 4141 1082 4141 2272 4141 1081 4142 2272 4142 2267 4142 1080 4143 1081 4143 2267 4143 1079 4144 1080 4144 2267 4144 593 4145 595 4145 1084 4145 594 4146 1084 4146 1087 4146 2273 4147 594 4147 1087 4147 2268 4148 1087 4148 1086 4148 2268 4149 2273 4149 1087 4149 2269 4150 1086 4150 1089 4150 2269 4151 2268 4151 1086 4151 2270 4152 2269 4152 1089 4152 2270 4153 1089 4153 1088 4153 2271 4154 2270 4154 1088 4154 2271 4155 1088 4155 1078 4155 2254 4156 2271 4156 1078 4156 2276 4157 2274 4157 1518 4157 2275 4158 1530 4158 1212 4158 2275 4159 1212 4159 2274 4159 2276 4160 2275 4160 2274 4160 2277 4161 1529 4161 1530 4161 2277 4162 1530 4162 2275 4162 2280 4163 2277 4163 2275 4163 2282 4164 2275 4164 2276 4164 2282 4165 2280 4165 2275 4165 2279 4166 1529 4166 2277 4166 2279 4167 2278 4167 1529 4167 2280 4168 2279 4168 2277 4168 2282 4169 2276 4169 1542 4169 2287 4170 2278 4170 2279 4170 2287 4171 2281 4171 2278 4171 2288 4172 2279 4172 2280 4172 2288 4173 2287 4173 2279 4173 2288 4174 2280 4174 2282 4174 1542 4175 2288 4175 2282 4175 2284 4176 2283 4176 1521 4176 2284 4177 1521 4177 1524 4177 2285 4178 1542 4178 1548 4178 2286 4179 2284 4179 2285 4179 2289 4180 2283 4180 2284 4180 2289 4181 1041 4181 2283 4181 2286 4182 2285 4182 1548 4182 2289 4183 2284 4183 2286 4183 2291 4184 2286 4184 1548 4184 2291 4185 2289 4185 2286 4185 2287 4186 1524 4186 2281 4186 2287 4187 2284 4187 1524 4187 2288 4188 2284 4188 2287 4188 2288 4189 2285 4189 2284 4189 2288 4190 1542 4190 2285 4190 2290 4191 1041 4191 2289 4191 2290 4192 1039 4192 1041 4192 2290 4193 1036 4193 1039 4193 1510 4194 2289 4194 2291 4194 1510 4195 1036 4195 2290 4195 1510 4196 2290 4196 2289 4196 2291 4197 1511 4197 1510 4197 1426 4198 1208 4198 1179 4198 1426 4199 1179 4199 1018 4199 2292 4200 1024 4200 2293 4200 1549 4201 1024 4201 2292 4201 1514 4202 1018 4202 1024 4202 1514 4203 1024 4203 1549 4203 1513 4204 2294 4204 2293 4204 1514 4205 1291 4205 1426 4205 1514 4206 1426 4206 1018 4206 1547 4207 1291 4207 1514 4207 2295 4208 1291 4208 1547 4208 2296 4209 1291 4209 2295 4209 2296 4210 1286 4210 1291 4210 2297 4211 1286 4211 2296 4211 1286 4212 2297 4212 2298 4212 1286 4213 2298 4213 1517 4213 1267 4214 1286 4214 1517 4214 1259 4215 1267 4215 1517 4215 2299 4216 1880 4216 1881 4216 2440 4217 2310 4217 669 4217 2366 4218 997 4218 974 4218 2367 4219 2366 4219 974 4219 2367 4220 974 4220 1003 4220 2368 4221 2300 4221 688 4221 2318 4222 2424 4222 2316 4222 2301 4223 2302 4223 2428 4223 2303 4224 2302 4224 2301 4224 2383 4225 2304 4225 2299 4225 2326 4226 2305 4226 737 4226 2331 4227 2305 4227 2306 4227 2431 4228 2307 4228 2328 4228 2307 4229 2333 4229 2328 4229 2390 4230 2308 4230 763 4230 2346 4231 2408 4231 2344 4231 2350 4232 787 4232 781 4232 2358 4233 1886 4233 1574 4233 2441 4234 2310 4234 2440 4234 2368 4235 688 4235 2310 4235 2312 4236 1879 4236 2316 4236 2315 4237 2424 4237 2318 4237 2315 4238 2372 4238 2424 4238 2315 4239 2371 4239 2372 4239 2315 4240 2314 4240 2371 4240 2428 4241 2302 4241 707 4241 2320 4242 2378 4242 2376 4242 2318 4243 2377 4243 1880 4243 2304 4244 2322 4244 2319 4244 2325 4245 2379 4245 2378 4245 2321 4246 2302 4246 2303 4246 2321 4247 2303 4247 2379 4247 2299 4248 2318 4248 1880 4248 2323 4249 707 4249 2302 4249 2323 4250 724 4250 707 4250 2324 4251 2320 4251 2322 4251 2321 4252 2323 4252 2302 4252 2322 4253 2304 4253 2324 4253 2326 4254 737 4254 724 4254 2327 4255 2321 4255 2429 4255 1881 4256 2383 4256 2299 4256 2327 4257 2326 4257 2323 4257 2327 4258 2305 4258 2326 4258 2327 4259 2306 4259 2305 4259 2328 4260 2329 4260 2431 4260 2431 4261 1883 4261 2307 4261 2431 4262 1882 4262 1883 4262 2330 4263 737 4263 2305 4263 2330 4264 2305 4264 2331 4264 2330 4265 749 4265 737 4265 2334 4266 2328 4266 2333 4266 2332 4267 763 4267 749 4267 2332 4268 2390 4268 763 4268 2333 4269 2393 4269 2395 4269 2335 4270 2331 4270 2432 4270 2336 4271 2307 4271 1883 4271 2338 4272 1883 4272 1884 4272 2338 4273 1884 4273 2398 4273 2338 4274 2336 4274 1883 4274 2337 4275 2342 4275 2308 4275 2337 4276 2308 4276 2390 4276 2308 4277 2345 4277 763 4277 2396 4278 2341 4278 2403 4278 2435 4279 2345 4279 2308 4279 2345 4280 775 4280 763 4280 2343 4281 2405 4281 2344 4281 2346 4282 2344 4282 2405 4282 2347 4283 2348 4283 2346 4283 2347 4284 2340 4284 1885 4284 2411 4285 2349 4285 2348 4285 2350 4286 2352 4286 2351 4286 2351 4287 2353 4287 2413 4287 2351 4288 2352 4288 2353 4288 2351 4289 2413 4289 2355 4289 2356 4290 2355 4290 2413 4290 2360 4291 2439 4291 2358 4291 2360 4292 2309 4292 2439 4292 1002 4293 2362 4293 2363 4293 2441 4294 2368 4294 2310 4294 2364 4295 2363 4295 2362 4295 2365 4296 2441 4296 2363 4296 2370 4297 1003 4297 1878 4297 2369 4298 2300 4298 2368 4298 2423 4299 2422 4299 2366 4299 2370 4300 1878 4300 1879 4300 2312 4301 2370 4301 1879 4301 2312 4302 2372 4302 2370 4302 2423 4303 2371 4303 2314 4303 2373 4304 688 4304 2300 4304 2373 4305 2300 4305 2374 4305 2373 4306 707 4306 688 4306 2427 4307 2425 4307 2313 4307 2374 4308 2301 4308 2426 4308 2314 4309 2315 4309 2319 4309 2375 4310 707 4310 2373 4310 2375 4311 2373 4311 2426 4311 2425 4312 2301 4312 2374 4312 2427 4313 2378 4313 2317 4313 2428 4314 707 4314 2375 4314 2318 4315 2319 4315 2315 4315 2377 4316 2318 4316 2316 4316 2303 4317 2301 4317 2317 4317 2322 4318 2376 4318 2319 4318 2322 4319 2320 4319 2376 4319 2299 4320 2304 4320 2319 4320 2380 4321 2325 4321 2378 4321 2380 4322 2320 4322 2324 4322 2429 4323 2321 4323 2379 4323 2429 4324 2379 4324 2325 4324 2384 4325 2429 4325 2325 4325 2384 4326 2380 4326 2381 4326 2384 4327 2325 4327 2380 4327 2323 4328 2321 4328 2327 4328 2381 4329 2380 4329 2324 4329 2323 4330 2326 4330 724 4330 2386 4331 2383 4331 1881 4331 2384 4332 2382 4332 2430 4332 2329 4333 2381 4333 2324 4333 2382 4334 2384 4334 2385 4334 2383 4335 2431 4335 2329 4335 2383 4336 2329 4336 2324 4336 2385 4337 2381 4337 2329 4337 2306 4338 2430 4338 2382 4338 2306 4339 2327 4339 2430 4339 2385 4340 2387 4340 2382 4340 2386 4341 1881 4341 1882 4341 2431 4342 2386 4342 1882 4342 2387 4343 2388 4343 2382 4343 2385 4344 2389 4344 2387 4344 2385 4345 2334 4345 2389 4345 2334 4346 2329 4346 2328 4346 2334 4347 2385 4347 2329 4347 2306 4348 2382 4348 2432 4348 2388 4349 2432 4349 2382 4349 2388 4350 2387 4350 2391 4350 2432 4351 2331 4351 2306 4351 2432 4352 2388 4352 2391 4352 2390 4353 2330 4353 2331 4353 2390 4354 2331 4354 2335 4354 2390 4355 749 4355 2330 4355 2392 4356 2387 4356 2389 4356 2392 4357 2391 4357 2387 4357 2390 4358 2332 4358 749 4358 2434 4359 2334 4359 2333 4359 2434 4360 2433 4360 2392 4360 2434 4361 2392 4361 2389 4361 2434 4362 2389 4362 2334 4362 2393 4363 2307 4363 2336 4363 2393 4364 2333 4364 2307 4364 2394 4365 2432 4365 2391 4365 2393 4366 2336 4366 2338 4366 2393 4367 2338 4367 2398 4367 2399 4368 2335 4368 2394 4368 2399 4369 2394 4369 2401 4369 2397 4370 2395 4370 2343 4370 2400 4371 2433 4371 2396 4371 2399 4372 2342 4372 2337 4372 2399 4373 2337 4373 2335 4373 2400 4374 2401 4374 2394 4374 2397 4375 2396 4375 2433 4375 2398 4376 2339 4376 2343 4376 2398 4377 2340 4377 2339 4377 2398 4378 1884 4378 2340 4378 2398 4379 2343 4379 2395 4379 2396 4380 2397 4380 2341 4380 2400 4381 2396 4381 2403 4381 2435 4382 2308 4382 2342 4382 2342 4383 2401 4383 2402 4383 2342 4384 2399 4384 2401 4384 2344 4385 2341 4385 2397 4385 2400 4386 2406 4386 2401 4386 2401 4387 2406 4387 2402 4387 2402 4388 2406 4388 2409 4388 2344 4389 2408 4389 2341 4389 2403 4390 2406 4390 2400 4390 2403 4391 2341 4391 2408 4391 2405 4392 2339 4392 2340 4392 2405 4393 2343 4393 2339 4393 2404 4394 775 4394 2345 4394 2404 4395 2345 4395 2435 4395 2405 4396 2347 4396 2346 4396 2405 4397 2340 4397 2347 4397 2407 4398 775 4398 2404 4398 2436 4399 2406 4399 2403 4399 2408 4400 2436 4400 2403 4400 2407 4401 781 4401 775 4401 2354 4402 2409 4402 2416 4402 2438 4403 2416 4403 2409 4403 2352 4404 781 4404 2407 4404 2410 4405 2353 4405 2352 4405 2411 4406 2347 4406 1885 4406 2411 4407 2348 4407 2347 4407 2352 4408 2350 4408 781 4408 2412 4409 2349 4409 2411 4409 2354 4410 2353 4410 2410 4410 2414 4411 2411 4411 1885 4411 2437 4412 2438 4412 2436 4412 2437 4413 2436 4413 2349 4413 2357 4414 2354 4414 2416 4414 2412 4415 2437 4415 2349 4415 2412 4416 2419 4416 2437 4416 2412 4417 2418 4417 2419 4417 2414 4418 1885 4418 1886 4418 2414 4419 1886 4419 2418 4419 2416 4420 2417 4420 2357 4420 2357 4421 2356 4421 2413 4421 2418 4422 2358 4422 2419 4422 2418 4423 1886 4423 2358 4423 2415 4424 2359 4424 2417 4424 2415 4425 2420 4425 2359 4425 2415 4426 2417 4426 2416 4426 2309 4427 2359 4427 2420 4427 2421 4428 2358 4428 1574 4428 2421 4429 2361 4429 2360 4429 2421 4430 2360 4430 2358 4430 2421 4431 1574 4431 1575 4431 992 4432 1002 4432 2363 4432 2422 4433 997 4433 2366 4433 2422 4434 2362 4434 997 4434 2363 4435 2441 4435 992 4435 2367 4436 1003 4436 2370 4436 2364 4437 2362 4437 2422 4437 2369 4438 2441 4438 2365 4438 2369 4439 2368 4439 2441 4439 2365 4440 2363 4440 2364 4440 2364 4441 2422 4441 2423 4441 2372 4442 2367 4442 2370 4442 2372 4443 2366 4443 2367 4443 2364 4444 2313 4444 2311 4444 2423 4445 2366 4445 2371 4445 2372 4446 2371 4446 2366 4446 2423 4447 2313 4447 2364 4447 2374 4448 2369 4448 2311 4448 2374 4449 2300 4449 2369 4449 2424 4450 2372 4450 2312 4450 2424 4451 2312 4451 2316 4451 2313 4452 2423 4452 2314 4452 2425 4453 2311 4453 2313 4453 2426 4454 2373 4454 2374 4454 2311 4455 2425 4455 2374 4455 2314 4456 2427 4456 2313 4456 2314 4457 2376 4457 2427 4457 2425 4458 2427 4458 2317 4458 2428 4459 2426 4459 2301 4459 2428 4460 2375 4460 2426 4460 2317 4461 2301 4461 2425 4461 2319 4462 2376 4462 2314 4462 2376 4463 2378 4463 2427 4463 2379 4464 2303 4464 2317 4464 2379 4465 2317 4465 2378 4465 2319 4466 2318 4466 2299 4466 2378 4467 2320 4467 2380 4467 2324 4468 2304 4468 2383 4468 2430 4469 2429 4469 2384 4469 2430 4470 2327 4470 2429 4470 2384 4471 2381 4471 2385 4471 2431 4472 2383 4472 2386 4472 2335 4473 2432 4473 2394 4473 2337 4474 2390 4474 2335 4474 2394 4475 2392 4475 2400 4475 2394 4476 2391 4476 2392 4476 2395 4477 2434 4477 2333 4477 2395 4478 2393 4478 2398 4478 2392 4479 2433 4479 2400 4479 2434 4480 2395 4480 2397 4480 2433 4481 2434 4481 2397 4481 2343 4482 2344 4482 2397 4482 2435 4483 2342 4483 2402 4483 2435 4484 2402 4484 2409 4484 2438 4485 2406 4485 2436 4485 2409 4486 2410 4486 2404 4486 2409 4487 2404 4487 2435 4487 2409 4488 2354 4488 2410 4488 2406 4489 2438 4489 2409 4489 2408 4490 2346 4490 2348 4490 2404 4491 2410 4491 2352 4491 2404 4492 2352 4492 2407 4492 2349 4493 2408 4493 2348 4493 2349 4494 2436 4494 2408 4494 2413 4495 2353 4495 2354 4495 2413 4496 2354 4496 2357 4496 2437 4497 2419 4497 2420 4497 2411 4498 2418 4498 2412 4498 2411 4499 2414 4499 2418 4499 2415 4500 2438 4500 2437 4500 2415 4501 2437 4501 2420 4501 2438 4502 2415 4502 2416 4502 2439 4503 2309 4503 2420 4503 2439 4504 2419 4504 2358 4504 2439 4505 2420 4505 2419 4505 2441 4506 2440 4506 992 4506 2365 4507 2311 4507 2369 4507 2365 4508 2364 4508 2311 4508 2442 4509 794 4509 787 4509 2442 4510 787 4510 2350 4510 2442 4511 2350 4511 2351 4511 2443 4512 2351 4512 2355 4512 2443 4513 2442 4513 2351 4513 2444 4514 2355 4514 2356 4514 2444 4515 2443 4515 2355 4515 2445 4516 2444 4516 2356 4516 2446 4517 2445 4517 2356 4517 2446 4518 2356 4518 2357 4518 2461 4519 800 4519 794 4519 2461 4520 794 4520 2442 4520 2447 4521 2357 4521 2417 4521 2447 4522 2446 4522 2357 4522 2448 4523 2447 4523 2417 4523 2448 4524 2417 4524 2359 4524 2449 4525 2461 4525 2442 4525 2449 4526 2442 4526 2443 4526 2450 4527 2448 4527 2359 4527 2451 4528 2443 4528 2444 4528 2451 4529 2444 4529 2445 4529 2451 4530 2449 4530 2443 4530 2450 4531 2359 4531 2309 4531 2452 4532 2451 4532 2445 4532 2453 4533 2450 4533 2309 4533 2453 4534 2309 4534 2360 4534 2489 4535 2446 4535 2447 4535 2489 4536 2452 4536 2445 4536 2489 4537 2445 4537 2446 4537 2361 4538 2421 4538 1575 4538 2361 4539 1575 4539 1576 4539 2361 4540 2453 4540 2360 4540 2454 4541 2447 4541 2448 4541 2454 4542 2448 4542 2450 4542 2454 4543 2489 4543 2447 4543 2455 4544 2454 4544 2450 4544 2455 4545 2450 4545 2453 4545 2477 4546 2455 4546 2453 4546 2456 4547 2453 4547 2361 4547 2456 4548 2477 4548 2453 4548 2456 4549 2361 4549 1576 4549 2457 4550 2458 4550 2459 4550 2460 4551 2458 4551 2457 4551 2491 4552 2456 4552 1576 4552 2491 4553 2477 4553 2456 4553 2464 4554 2483 4554 2458 4554 2464 4555 2458 4555 2460 4555 2465 4556 2483 4556 2464 4556 2466 4557 1578 4557 2469 4557 2467 4558 2480 4558 2481 4558 2467 4559 2465 4559 2480 4559 2468 4560 2467 4560 2481 4560 2469 4561 1578 4561 1579 4561 2469 4562 2468 4562 2481 4562 2471 4563 1781 4563 2484 4563 2471 4564 2484 4564 2470 4564 2472 4565 2471 4565 2470 4565 2471 4566 2472 4566 2473 4566 2473 4567 1407 4567 2471 4567 2473 4568 1456 4568 1407 4568 2474 4569 800 4569 2461 4569 2463 4570 2451 4570 2452 4570 2487 4571 2463 4571 2452 4571 2487 4572 2452 4572 2489 4572 2475 4573 2476 4573 2474 4573 2478 4574 2489 4574 2454 4574 2478 4575 2465 4575 2464 4575 2479 4576 2491 4576 1576 4576 2479 4577 1576 4577 1577 4577 2482 4578 1577 4578 1578 4578 2482 4579 1578 4579 2466 4579 2488 4580 2469 4580 2481 4580 2488 4581 2466 4581 2469 4581 2470 4582 2468 4582 2472 4582 2470 4583 2467 4583 2468 4583 2485 4584 2472 4584 2468 4584 2485 4585 2469 4585 1579 4585 2485 4586 2468 4586 2469 4586 2485 4587 1579 4587 1456 4587 2473 4588 2472 4588 2485 4588 2473 4589 2485 4589 1456 4589 2462 4590 2461 4590 2449 4590 2462 4591 2451 4591 2463 4591 2462 4592 2449 4592 2451 4592 2486 4593 2475 4593 2462 4593 2486 4594 2462 4594 2463 4594 2463 4595 2457 4595 2486 4595 2463 4596 2460 4596 2457 4596 2455 4597 2478 4597 2454 4597 2487 4598 2460 4598 2463 4598 2455 4599 2490 4599 2478 4599 2486 4600 2459 4600 2476 4600 2486 4601 2476 4601 2475 4601 2486 4602 2457 4602 2459 4602 2487 4603 2464 4603 2460 4603 2487 4604 2478 4604 2464 4604 2488 4605 2455 4605 2477 4605 2490 4606 2465 4606 2478 4606 2490 4607 2480 4607 2465 4607 2467 4608 2484 4608 2483 4608 2467 4609 2483 4609 2465 4609 2467 4610 2470 4610 2484 4610 2475 4611 2474 4611 2461 4611 2475 4612 2461 4612 2462 4612 2487 4613 2489 4613 2478 4613 2488 4614 2490 4614 2455 4614 2491 4615 2488 4615 2477 4615 2466 4616 2488 4616 2491 4616 2481 4617 2490 4617 2488 4617 2481 4618 2480 4618 2490 4618 2482 4619 2491 4619 2479 4619 2482 4620 2466 4620 2491 4620 2482 4621 2479 4621 1577 4621 2561 4622 2492 4622 2493 4622 2493 4623 2492 4623 2495 4623 2492 4624 2494 4624 2495 4624 2496 4625 2495 4625 2494 4625 2494 4626 2497 4626 2496 4626 2499 4627 2513 4627 712 4627 2500 4628 1590 4628 1589 4628 2501 4629 681 4629 2513 4629 2501 4630 2513 4630 2499 4630 2502 4631 2515 4631 1589 4631 2502 4632 1589 4632 1588 4632 2534 4633 672 4633 681 4633 2503 4634 2539 4634 2504 4634 2506 4635 881 4635 2508 4635 2507 4636 2508 4636 2538 4636 2527 4637 2507 4637 2538 4637 2510 4638 1590 4638 2500 4638 2522 4639 1589 4639 2515 4639 2505 4640 664 4640 672 4640 2511 4641 2541 4641 2535 4641 2512 4642 2510 4642 2500 4642 2530 4643 2501 4643 2499 4643 2523 4644 2515 4644 2502 4644 2534 4645 2505 4645 672 4645 2526 4646 2504 4646 2541 4646 882 4647 727 4647 879 4647 882 4648 2509 4648 712 4648 882 4649 712 4649 727 4649 882 4650 2517 4650 2509 4650 2516 4651 2528 4651 2517 4651 2518 4652 2528 4652 2516 4652 2528 4653 2509 4653 2517 4653 2510 4654 2508 4654 1590 4654 2520 4655 2519 4655 2514 4655 2522 4656 2529 4656 1589 4656 2531 4657 2514 4657 2529 4657 2531 4658 2522 4658 2523 4658 2534 4659 681 4659 2501 4659 2533 4660 2523 4660 2525 4660 2503 4661 1588 4661 2539 4661 2503 4662 2525 4662 2524 4662 2503 4663 2524 4663 1588 4663 2532 4664 2536 4664 2534 4664 2511 4665 2526 4665 2541 4665 2506 4666 880 4666 881 4666 910 4667 871 4667 2537 4667 2516 4668 892 4668 910 4668 2516 4669 910 4669 2537 4669 892 4670 2516 4670 2517 4670 892 4671 2517 4671 882 4671 2508 4672 2507 4672 2506 4672 2520 4673 2518 4673 2519 4673 2528 4674 2518 4674 2520 4674 2519 4675 2527 4675 2521 4675 2528 4676 2520 4676 2499 4676 2514 4677 2519 4677 2521 4677 2529 4678 2512 4678 2500 4678 2520 4679 2514 4679 2499 4679 2529 4680 2500 4680 1589 4680 2514 4681 2530 4681 2499 4681 2531 4682 2530 4682 2514 4682 2515 4683 2523 4683 2522 4683 2523 4684 2502 4684 2525 4684 2501 4685 2532 4685 2534 4685 2533 4686 2535 4686 2532 4686 2525 4687 2511 4687 2533 4687 2504 4688 2525 4688 2503 4688 2536 4689 2505 4689 2534 4689 2537 4690 871 4690 2507 4690 2507 4691 2527 4691 2537 4691 2537 4692 2518 4692 2516 4692 2537 4693 2527 4693 2518 4693 2538 4694 2508 4694 2510 4694 2527 4695 2519 4695 2518 4695 2538 4696 2521 4696 2527 4696 2538 4697 2512 4697 2521 4697 2509 4698 2528 4698 2499 4698 2509 4699 2499 4699 712 4699 2521 4700 2512 4700 2529 4700 2529 4701 2514 4701 2521 4701 2531 4702 2532 4702 2530 4702 2531 4703 2523 4703 2533 4703 2501 4704 2530 4704 2532 4704 2533 4705 2532 4705 2531 4705 2524 4706 2502 4706 1588 4706 2524 4707 2525 4707 2502 4707 2535 4708 2533 4708 2511 4708 2511 4709 2525 4709 2526 4709 2526 4710 2525 4710 2504 4710 2535 4711 2536 4711 2532 4711 2507 4712 880 4712 2506 4712 2507 4713 871 4713 880 4713 2538 4714 2510 4714 2512 4714 2529 4715 2522 4715 2531 4715 2540 4716 2542 4716 2539 4716 2540 4717 2554 4717 2496 4717 2542 4718 2497 4718 2498 4718 2540 4719 1587 4719 1586 4719 2539 4720 1587 4720 2540 4720 2540 4721 2496 4721 2497 4721 2542 4722 2540 4722 2497 4722 2547 4723 2505 4723 2536 4723 2541 4724 2547 4724 2536 4724 2541 4725 2542 4725 2498 4725 2541 4726 2536 4726 2535 4726 2542 4727 2541 4727 2504 4727 2539 4728 2542 4728 2504 4728 2540 4729 2552 4729 2554 4729 1586 4730 2552 4730 2540 4730 2543 4731 645 4731 661 4731 2545 4732 2543 4732 661 4732 2497 4733 2494 4733 2544 4733 2505 4734 661 4734 664 4734 2497 4735 2544 4735 2546 4735 2497 4736 2546 4736 2545 4736 2547 4737 2545 4737 661 4737 2498 4738 2497 4738 2545 4738 2498 4739 2545 4739 2547 4739 2547 4740 661 4740 2505 4740 2498 4741 2547 4741 2541 4741 2551 4742 2554 4742 2552 4742 2549 4743 2495 4743 2496 4743 2550 4744 1585 4744 1584 4744 2550 4745 1584 4745 2559 4745 2549 4746 2548 4746 2495 4746 2549 4747 2553 4747 2548 4747 2551 4748 2553 4748 2554 4748 2552 4749 1586 4749 1585 4749 2552 4750 1585 4750 2556 4750 2554 4751 2553 4751 2549 4751 2554 4752 2549 4752 2496 4752 2557 4753 2551 4753 2556 4753 2551 4754 2552 4754 2556 4754 2559 4755 2548 4755 2555 4755 2553 4756 2555 4756 2548 4756 2555 4757 2550 4757 2559 4757 2557 4758 2550 4758 2555 4758 2556 4759 2550 4759 2557 4759 2556 4760 1585 4760 2550 4760 2557 4761 2553 4761 2551 4761 2555 4762 2553 4762 2557 4762 2562 4763 2546 4763 2544 4763 2558 4764 2545 4764 2546 4764 2558 4765 2546 4765 2562 4765 2543 4766 2545 4766 2558 4766 622 4767 645 4767 2543 4767 1583 4768 2559 4768 1584 4768 2493 4769 2495 4769 2548 4769 2559 4770 2493 4770 2548 4770 2560 4771 2559 4771 1583 4771 2560 4772 2572 4772 2559 4772 2572 4773 2493 4773 2559 4773 2572 4774 2561 4774 2493 4774 2492 4775 2544 4775 2494 4775 2562 4776 2544 4776 2492 4776 619 4777 622 4777 2543 4777 619 4778 2543 4778 2558 4778 2565 4779 609 4779 2563 4779 2562 4780 619 4780 2558 4780 2563 4781 2562 4781 2492 4781 2563 4782 609 4782 619 4782 2563 4783 619 4783 2562 4783 2561 4784 2563 4784 2492 4784 2563 4785 2561 4785 2567 4785 1582 4786 2564 4786 2560 4786 2563 4787 2566 4787 2565 4787 2567 4788 2566 4788 2563 4788 2572 4789 2571 4789 2567 4789 2561 4790 2572 4790 2567 4790 2560 4791 2573 4791 2572 4791 2560 4792 2564 4792 2573 4792 2569 4793 2579 4793 2568 4793 2587 4794 1581 4794 2579 4794 2570 4795 2565 4795 2566 4795 2574 4796 2573 4796 2564 4796 2574 4797 2564 4797 1582 4797 2574 4798 1582 4798 2576 4798 2577 4799 2666 4799 2667 4799 2575 4800 599 4800 598 4800 2586 4801 2573 4801 2574 4801 2576 4802 2586 4802 2574 4802 2577 4803 2569 4803 2666 4803 2578 4804 2582 4804 2577 4804 2582 4805 2578 4805 2593 4805 2579 4806 2569 4806 2577 4806 2580 4807 599 4807 2575 4807 2588 4808 2585 4808 2590 4808 2588 4809 2583 4809 2585 4809 2584 4810 2575 4810 598 4810 2570 4811 2584 4811 598 4811 2570 4812 598 4812 2565 4812 2594 4813 2566 4813 2567 4813 2594 4814 2570 4814 2566 4814 2586 4815 2572 4815 2573 4815 2578 4816 2577 4816 2667 4816 2578 4817 2669 4817 2668 4817 2593 4818 2578 4818 2668 4818 2582 4819 2579 4819 2577 4819 2582 4820 2588 4820 2579 4820 2580 4821 2656 4821 599 4821 2580 4822 2593 4822 2656 4822 2591 4823 2580 4823 2575 4823 2588 4824 2590 4824 2587 4824 2592 4825 2589 4825 2591 4825 2590 4826 1581 4826 2587 4826 2592 4827 2594 4827 2595 4827 2595 4828 2594 4828 2567 4828 2595 4829 2567 4829 2571 4829 2595 4830 2571 4830 2581 4830 2581 4831 2571 4831 2572 4831 2581 4832 2572 4832 2586 4832 2589 4833 2593 4833 2580 4833 2587 4834 2579 4834 2588 4834 2580 4835 2591 4835 2589 4835 2588 4836 2582 4836 2583 4836 2583 4837 2582 4837 2593 4837 2589 4838 2585 4838 2583 4838 2584 4839 2591 4839 2575 4839 2591 4840 2584 4840 2592 4840 2594 4841 2592 4841 2584 4841 2585 4842 2589 4842 2592 4842 2581 4843 2585 4843 2592 4843 2590 4844 2585 4844 2586 4844 2590 4845 2576 4845 1581 4845 2590 4846 2586 4846 2576 4846 2586 4847 2585 4847 2581 4847 2595 4848 2581 4848 2592 4848 2594 4849 2584 4849 2570 4849 2593 4850 2589 4850 2583 4850 1734 4851 2596 4851 1792 4851 1734 4852 1027 4852 2596 4852 1027 4853 2196 4853 2596 4853 2596 4854 2198 4854 1792 4854 2197 4855 2597 4855 1796 4855 1796 4856 2597 4856 1791 4856 1014 4857 1013 4857 2597 4857 2597 4858 1013 4858 1791 4858 2648 4859 2649 4859 2598 4859 2598 4860 2649 4860 2599 4860 2649 4861 2600 4861 2599 4861 2599 4862 2601 4862 2602 4862 2600 4863 2601 4863 2599 4863 2602 4864 2604 4864 2603 4864 2603 4865 2604 4865 2605 4865 2608 4866 2610 4866 2609 4866 2609 4867 2611 4867 2612 4867 2611 4868 2613 4868 2612 4868 2612 4869 2613 4869 2614 4869 2614 4870 2616 4870 2615 4870 2617 4871 2618 4871 2615 4871 2619 4872 2620 4872 2621 4872 2621 4873 2622 4873 2623 4873 2623 4874 2624 4874 2625 4874 2626 4875 2627 4875 2625 4875 2627 4876 2628 4876 2630 4876 2628 4877 2629 4877 2630 4877 2629 4878 2631 4878 2630 4878 2631 4879 2632 4879 2633 4879 2633 4880 2634 4880 2635 4880 2635 4881 2637 4881 2638 4881 2637 4882 2640 4882 2638 4882 2638 4883 2640 4883 2639 4883 2640 4884 2641 4884 2639 4884 2639 4885 2641 4885 2642 4885 2642 4886 2644 4886 2643 4886 2644 4887 2645 4887 2643 4887 2646 4888 2649 4888 2647 4888 2649 4889 2648 4889 2647 4889 2614 4890 2613 4890 2616 4890 2613 4891 2617 4891 2616 4891 2616 4892 2617 4892 2615 4892 2609 4893 2610 4893 2611 4893 2617 4894 2619 4894 2618 4894 2617 4895 2620 4895 2619 4895 2605 4896 2607 4896 2608 4896 2608 4897 2607 4897 2610 4897 2610 4898 2607 4898 2611 4898 2613 4899 2622 4899 2617 4899 2617 4900 2622 4900 2620 4900 2620 4901 2622 4901 2621 4901 2605 4902 2606 4902 2607 4902 2622 4903 2624 4903 2623 4903 2624 4904 2626 4904 2625 4904 2605 4905 2604 4905 2606 4905 2626 4906 2628 4906 2627 4906 2606 4907 2604 4907 2607 4907 2626 4908 2632 4908 2628 4908 2629 4909 2632 4909 2631 4909 2628 4910 2632 4910 2629 4910 2602 4911 2601 4911 2604 4911 2604 4912 2601 4912 2607 4912 2601 4913 2600 4913 2607 4913 2624 4914 2634 4914 2626 4914 2626 4915 2634 4915 2632 4915 2611 4916 2634 4916 2613 4916 2632 4917 2634 4917 2633 4917 2613 4918 2634 4918 2622 4918 2622 4919 2634 4919 2624 4919 2600 4920 2649 4920 2607 4920 2634 4921 2636 4921 2635 4921 2636 4922 2637 4922 2635 4922 2634 4923 2637 4923 2636 4923 2611 4924 2640 4924 2634 4924 2634 4925 2640 4925 2637 4925 2649 4926 2640 4926 2607 4926 2607 4927 2640 4927 2611 4927 2640 4928 2644 4928 2641 4928 2641 4929 2644 4929 2642 4929 2649 4930 2644 4930 2640 4930 2646 4931 2645 4931 2649 4931 2649 4932 2645 4932 2644 4932 1592 4933 1007 4933 2650 4933 1592 4934 2651 4934 1007 4934 1007 4935 2651 4935 2652 4935 1294 4936 2652 4936 1596 4936 1594 4937 2652 4937 2651 4937 600 4938 599 4938 2664 4938 2657 4939 966 4939 959 4939 966 4940 2657 4940 1678 4940 1678 4941 2657 4941 2653 4941 1687 4942 2658 4942 1691 4942 1691 4943 2659 4943 1697 4943 600 4944 2661 4944 601 4944 1703 4945 2660 4945 1712 4945 2660 4946 2656 4946 2668 4946 1687 4947 2653 4947 2654 4947 2654 4948 2658 4948 1687 4948 2658 4949 2659 4949 1691 4949 1697 4950 2659 4950 2665 4950 1697 4951 2665 4951 1701 4951 1701 4952 2662 4952 1703 4952 2665 4953 2662 4953 1701 4953 600 4954 2663 4954 2661 4954 2662 4955 2660 4955 1703 4955 600 4956 2664 4956 2663 4956 601 4957 2661 4957 2655 4957 2664 4958 2656 4958 2663 4958 2659 4959 2655 4959 2665 4959 2655 4960 2661 4960 2665 4960 2661 4961 2663 4961 2665 4961 2665 4962 2663 4962 2662 4962 2663 4963 2656 4963 2662 4963 2656 4964 2660 4964 2662 4964 2666 4965 2569 4965 1662 4965 2569 4966 2568 4966 1662 4966 2656 4967 2664 4967 599 4967 1715 4968 2667 4968 1720 4968 1715 4969 2669 4969 2667 4969 1712 4970 2668 4970 1715 4970 1715 4971 2668 4971 2669 4971 1712 4972 2660 4972 2668 4972 2667 4973 2669 4973 2578 4973 1720 4974 2667 4974 2666 4974 2593 4975 2668 4975 2656 4975 2471 4976 2670 4976 1781 4976 1778 4977 2670 4977 1776 4977 1779 4978 2670 4978 1778 4978 1781 4979 2671 4979 2484 4979 1781 4980 2670 4980 1779 4980 2484 4981 2671 4981 2483 4981 1781 4982 1782 4982 2671 4982 2671 4983 2674 4983 2483 4983 1782 4984 2673 4984 2671 4984 1782 4985 2672 4985 2673 4985 2671 4986 2673 4986 2674 4986 1407 4987 2670 4987 2471 4987 1776 4988 2670 4988 1407 4988 2674 4989 2458 4989 2483 4989 2674 4990 2675 4990 2458 4990 2458 4991 2675 4991 2459 4991 2675 4992 2676 4992 2459 4992 1867 4993 2674 4993 2673 4993 2459 4994 2676 4994 2476 4994 1860 4995 2675 4995 1867 4995 1867 4996 2675 4996 2674 4996 2476 4997 816 4997 2474 4997 2476 4998 2676 4998 816 4998 1860 4999 2676 4999 2675 4999 813 5000 2676 5000 1860 5000 1867 5001 2673 5001 1784 5001 2683 5002 2677 5002 1819 5002 2683 5003 2678 5003 2677 5003 1819 5004 2677 5004 1822 5004 2677 5005 2679 5005 1822 5005 889 5006 2680 5006 2679 5006 2678 5007 2679 5007 2677 5007 1822 5008 2679 5008 1825 5008 2679 5009 2680 5009 1825 5009 855 5010 2680 5010 805 5010 805 5011 2680 5011 889 5011 2682 5012 2681 5012 870 5012 870 5013 2681 5013 866 5013 2682 5014 2684 5014 2683 5014 2684 5015 2682 5015 870 5015 2683 5016 2684 5016 2678 5016 1178 5017 866 5017 1180 5017 866 5018 2681 5018 1180 5018 2681 5019 1786 5019 1180 5019 932 5020 929 5020 981 5020 977 5021 981 5021 929 5021 950 5022 977 5022 929 5022 965 5023 977 5023 950 5023 954 5024 936 5024 925 5024 962 5025 954 5025 925 5025 936 5026 955 5026 926 5026 954 5027 955 5027 936 5027 926 5028 955 5028 933 5028 933 5029 955 5029 923 5029 952 5030 951 5030 927 5030 927 5031 951 5031 948 5031 948 5032 951 5032 930 5032 953 5033 945 5033 913 5033 953 5034 927 5034 945 5034 952 5035 927 5035 953 5035 2687 5036 2711 5036 2685 5036 2686 5037 2687 5037 2685 5037 2690 5038 2687 5038 2686 5038 2690 5039 2686 5039 2688 5039 2690 5040 2688 5040 2689 5040 2691 5041 2690 5041 780 5041 2691 5042 780 5042 785 5042 2692 5043 2691 5043 785 5043 2692 5044 785 5044 792 5044 2693 5045 2692 5045 792 5045 2694 5046 792 5046 797 5046 2694 5047 2693 5047 792 5047 2695 5048 2694 5048 797 5048 2695 5049 797 5049 803 5049 2696 5050 803 5050 802 5050 2696 5051 2695 5051 803 5051 2697 5052 2696 5052 802 5052 2697 5053 802 5053 801 5053 2698 5054 2697 5054 801 5054 2698 5055 801 5055 804 5055 2698 5056 804 5056 799 5056 2699 5057 2698 5057 799 5057 2700 5058 799 5058 798 5058 2700 5059 2699 5059 799 5059 2700 5060 798 5060 804 5060 2700 5061 804 5061 818 5061 2701 5062 2700 5062 818 5062 2701 5063 818 5063 807 5063 2702 5064 2701 5064 807 5064 2702 5065 807 5065 2751 5065 2702 5066 2751 5066 2704 5066 2703 5067 2702 5067 2704 5067 2703 5068 2704 5068 2750 5068 2705 5069 2703 5069 2750 5069 2705 5070 2750 5070 2706 5070 2707 5071 2705 5071 2706 5071 2707 5072 2706 5072 2708 5072 2709 5073 2707 5073 2708 5073 2709 5074 2708 5074 2710 5074 2711 5075 2709 5075 2710 5075 2711 5076 2710 5076 2685 5076 2763 5077 852 5077 853 5077 2765 5078 852 5078 2763 5078 2712 5079 853 5079 854 5079 2712 5080 2763 5080 853 5080 2713 5081 2712 5081 854 5081 2765 5082 850 5082 852 5082 2713 5083 854 5083 856 5083 2714 5084 850 5084 2765 5084 2715 5085 850 5085 2714 5085 2715 5086 849 5086 850 5086 2716 5087 2713 5087 856 5087 2716 5088 856 5088 857 5088 2717 5089 849 5089 2715 5089 2717 5090 847 5090 849 5090 2716 5091 857 5091 858 5091 2718 5092 2716 5092 858 5092 2720 5093 847 5093 2717 5093 2718 5094 858 5094 860 5094 2720 5095 845 5095 847 5095 2719 5096 2718 5096 860 5096 860 5097 2752 5097 2719 5097 862 5098 2752 5098 860 5098 845 5099 2720 5099 2721 5099 864 5100 2752 5100 862 5100 843 5101 2721 5101 2722 5101 843 5102 845 5102 2721 5102 864 5103 2724 5103 2752 5103 843 5104 2722 5104 2723 5104 842 5105 843 5105 2723 5105 832 5106 2724 5106 864 5106 832 5107 2725 5107 2724 5107 834 5108 2725 5108 832 5108 834 5109 2728 5109 2725 5109 842 5110 2723 5110 2726 5110 835 5111 2728 5111 834 5111 838 5112 842 5112 2726 5112 838 5113 2726 5113 2727 5113 836 5114 2728 5114 835 5114 836 5115 838 5115 2727 5115 836 5116 2727 5116 2728 5116 2729 5117 2700 5117 2701 5117 2730 5118 2700 5118 2729 5118 2729 5119 2701 5119 2702 5119 2731 5120 2729 5120 2702 5120 2732 5121 2700 5121 2730 5121 2732 5122 2699 5122 2700 5122 2733 5123 2699 5123 2732 5123 2734 5124 2731 5124 2702 5124 2734 5125 2702 5125 2703 5125 2733 5126 2698 5126 2699 5126 2737 5127 2698 5127 2733 5127 2737 5128 2697 5128 2698 5128 2735 5129 2703 5129 2705 5129 2735 5130 2734 5130 2703 5130 2736 5131 2735 5131 2705 5131 2737 5132 2696 5132 2697 5132 2736 5133 2705 5133 2707 5133 2738 5134 2696 5134 2737 5134 2738 5135 2695 5135 2696 5135 2740 5136 2736 5136 2707 5136 2739 5137 2695 5137 2738 5137 2741 5138 2695 5138 2739 5138 3840 5139 2740 5139 2707 5139 2709 5140 3840 5140 2707 5140 2694 5141 2695 5141 2741 5141 2694 5142 2741 5142 3841 5142 2693 5143 2694 5143 3841 5143 2711 5144 2742 5144 3840 5144 2711 5145 3840 5145 2709 5145 2711 5146 2744 5146 2742 5146 2693 5147 3841 5147 2743 5147 2692 5148 2693 5148 2743 5148 2692 5149 2743 5149 2745 5149 2687 5150 2744 5150 2711 5150 2691 5151 2692 5151 2745 5151 2687 5152 3846 5152 2744 5152 2691 5153 2745 5153 2747 5153 2687 5154 2746 5154 3846 5154 2690 5155 2746 5155 2687 5155 2690 5156 2691 5156 2747 5156 2690 5157 2747 5157 3850 5157 2690 5158 3850 5158 2746 5158 812 5159 2748 5159 826 5159 826 5160 851 5160 811 5160 2748 5161 851 5161 826 5161 811 5162 2749 5162 810 5162 851 5163 2749 5163 811 5163 810 5164 2749 5164 809 5164 2749 5165 2750 5165 809 5165 809 5166 2751 5166 808 5166 2750 5167 2751 5167 809 5167 808 5168 2751 5168 807 5168 848 5169 2749 5169 851 5169 848 5170 2708 5170 2749 5170 2708 5171 2706 5171 2749 5171 848 5172 2710 5172 2708 5172 846 5173 2710 5173 848 5173 2706 5174 2750 5174 2749 5174 846 5175 2685 5175 2710 5175 844 5176 2685 5176 846 5176 2704 5177 2751 5177 2750 5177 844 5178 2686 5178 2685 5178 841 5179 2686 5179 844 5179 840 5180 2686 5180 841 5180 840 5181 2688 5181 2686 5181 837 5182 2690 5182 2689 5182 837 5183 2689 5183 839 5183 839 5184 2689 5184 2688 5184 839 5185 2688 5185 840 5185 780 5186 2690 5186 837 5186 2719 5187 2754 5187 2758 5187 2752 5188 2754 5188 2719 5188 2754 5189 2757 5189 2758 5189 2755 5190 2757 5190 2754 5190 2757 5191 2760 5191 2758 5191 2760 5192 2761 5192 2758 5192 2758 5193 2761 5193 2753 5193 2762 5194 2766 5194 2763 5194 2761 5195 2764 5195 2753 5195 2753 5196 2764 5196 2756 5196 2764 5197 2767 5197 2756 5197 2723 5198 2767 5198 2764 5198 2756 5199 2767 5199 2759 5199 2768 5200 2717 5200 2715 5200 2721 5201 2770 5201 2722 5201 2767 5202 2770 5202 2759 5202 2722 5203 2770 5203 2767 5203 2766 5204 2769 5204 2768 5204 2768 5205 2769 5205 2717 5205 2759 5206 2770 5206 2762 5206 2766 5207 2770 5207 2769 5207 2762 5208 2770 5208 2766 5208 2723 5209 2764 5209 2726 5209 2764 5210 2761 5210 2726 5210 2726 5211 2761 5211 2727 5211 2727 5212 2761 5212 2728 5212 2761 5213 2760 5213 2728 5213 2760 5214 2757 5214 2728 5214 2728 5215 2757 5215 2725 5215 2725 5216 2755 5216 2724 5216 2757 5217 2755 5217 2725 5217 2755 5218 2754 5218 2724 5218 2724 5219 2754 5219 2752 5219 2719 5220 2758 5220 2718 5220 2758 5221 2753 5221 2718 5221 2718 5222 2753 5222 2716 5222 2753 5223 2756 5223 2716 5223 2716 5224 2756 5224 2713 5224 2756 5225 2759 5225 2713 5225 2713 5226 2759 5226 2712 5226 2759 5227 2762 5227 2712 5227 2712 5228 2762 5228 2763 5228 2763 5229 2766 5229 2765 5229 2765 5230 2766 5230 2714 5230 2766 5231 2768 5231 2714 5231 2714 5232 2768 5232 2715 5232 2717 5233 2769 5233 2720 5233 2769 5234 2770 5234 2720 5234 2720 5235 2770 5235 2721 5235 2722 5236 2767 5236 2723 5236 1517 5237 2298 5237 1516 5237 1516 5238 2298 5238 1543 5238 1543 5239 2298 5239 1544 5239 2298 5240 2297 5240 1544 5240 1544 5241 2296 5241 1545 5241 2297 5242 2296 5242 1544 5242 1545 5243 2295 5243 1546 5243 2296 5244 2295 5244 1545 5244 1546 5245 2295 5245 1547 5245 1547 5246 1514 5246 1516 5246 1514 5247 1549 5247 1515 5247 1549 5248 2292 5248 1515 5248 1515 5249 2292 5249 1512 5249 2292 5250 2293 5250 1512 5250 2293 5251 2294 5251 1512 5251 2294 5252 1513 5252 1512 5252 2200 5253 2211 5253 1072 5253 2200 5254 2205 5254 2211 5254 2200 5255 1072 5255 1067 5255 1076 5256 2211 5256 2213 5256 1071 5257 1076 5257 2213 5257 1071 5258 2213 5258 2210 5258 1066 5259 1071 5259 2210 5259 1066 5260 2210 5260 2208 5260 1063 5261 1066 5261 2208 5261 2254 5262 1078 5262 1074 5262 2258 5263 2254 5263 1074 5263 2258 5264 1074 5264 1073 5264 2260 5265 2258 5265 1073 5265 2260 5266 1073 5266 1070 5266 2260 5267 1070 5267 1069 5267 2262 5268 2260 5268 1069 5268 2262 5269 1069 5269 1062 5269 2265 5270 1062 5270 1061 5270 2265 5271 2262 5271 1062 5271 2265 5272 1061 5272 1064 5272 2263 5273 2265 5273 1064 5273 2234 5274 2239 5274 1166 5274 2244 5275 1153 5275 1160 5275 2243 5276 2244 5276 1160 5276 2243 5277 1160 5277 1165 5277 2240 5278 2243 5278 1165 5278 2239 5279 2240 5279 1165 5279 1163 5280 2250 5280 2238 5280 1169 5281 1163 5281 2238 5281 1169 5282 2238 5282 2235 5282 1167 5283 1169 5283 2235 5283 1166 5284 1167 5284 2235 5284 2222 5285 2217 5285 1107 5285 2223 5286 2222 5286 1107 5286 2223 5287 1107 5287 1103 5287 2223 5288 1103 5288 1104 5288 2227 5289 2223 5289 1104 5289 2227 5290 1104 5290 1096 5290 2230 5291 2227 5291 1096 5291 2230 5292 1096 5292 1097 5292 2226 5293 2230 5293 1097 5293 2226 5294 1097 5294 1099 5294 2226 5295 1099 5295 1100 5295 2224 5296 2226 5296 1100 5296 2771 5297 2785 5297 2772 5297 729 5298 2772 5298 2775 5298 2773 5299 2775 5299 2774 5299 2772 5300 729 5300 728 5300 2772 5301 728 5301 2771 5301 734 5302 2774 5302 2776 5302 2775 5303 2773 5303 729 5303 2777 5304 2776 5304 2778 5304 2774 5305 734 5305 2773 5305 2779 5306 2778 5306 2780 5306 748 5307 2778 5307 2779 5307 2776 5308 2777 5308 734 5308 2778 5309 736 5309 2777 5309 2782 5310 2780 5310 2781 5310 748 5311 736 5311 2778 5311 2780 5312 750 5312 2779 5312 719 5313 2781 5313 2784 5313 2782 5314 750 5314 2780 5314 2781 5315 720 5315 2782 5315 716 5316 2784 5316 2783 5316 2781 5317 719 5317 720 5317 2784 5318 716 5318 719 5318 2783 5319 714 5319 716 5319 2783 5320 713 5320 714 5320 2786 5321 713 5321 2783 5321 2785 5322 713 5322 2786 5322 2785 5323 2771 5323 713 5323 2788 5324 2787 5324 2775 5324 2772 5325 2788 5325 2775 5325 2775 5326 2787 5326 2774 5326 2774 5327 2787 5327 2776 5327 2785 5328 2788 5328 2772 5328 2787 5329 2790 5329 2776 5329 2786 5330 2789 5330 2785 5330 2785 5331 2789 5331 2788 5331 2776 5332 2790 5332 2778 5332 2786 5333 2783 5333 2789 5333 2790 5334 2780 5334 2778 5334 2789 5335 2783 5335 2791 5335 2783 5336 2784 5336 2791 5336 2866 5337 2780 5337 2790 5337 2866 5338 2781 5338 2780 5338 2784 5339 2781 5339 2791 5339 2791 5340 2781 5340 2866 5340 646 5341 2792 5341 2793 5341 2792 5342 646 5342 637 5342 2794 5343 646 5343 2793 5343 673 5344 2794 5344 2793 5344 673 5345 2793 5345 2795 5345 674 5346 673 5346 2795 5346 659 5347 674 5347 2795 5347 659 5348 689 5348 674 5348 653 5349 659 5349 2795 5349 651 5350 2795 5350 2796 5350 651 5351 653 5351 2795 5351 2796 5352 641 5352 651 5352 641 5353 2796 5353 2797 5353 2797 5354 635 5354 641 5354 635 5355 2797 5355 2798 5355 634 5356 635 5356 2798 5356 2799 5357 634 5357 2798 5357 2799 5358 2798 5358 2792 5358 2800 5359 2799 5359 2792 5359 2799 5360 2800 5360 634 5360 637 5361 2800 5361 2792 5361 2793 5362 2801 5362 2802 5362 2792 5363 2801 5363 2793 5363 2798 5364 2801 5364 2792 5364 2793 5365 2802 5365 2795 5365 2798 5366 2804 5366 2801 5366 2803 5367 2795 5367 2802 5367 2798 5368 2797 5368 2804 5368 2803 5369 2796 5369 2795 5369 2805 5370 2796 5370 2803 5370 2804 5371 2797 5371 2805 5371 2797 5372 2796 5372 2805 5372 2806 5373 668 5373 2821 5373 2806 5374 2821 5374 2807 5374 668 5375 662 5375 2821 5375 2809 5376 2807 5376 2808 5376 2809 5377 2806 5377 2807 5377 675 5378 2809 5378 2808 5378 683 5379 675 5379 2808 5379 683 5380 2808 5380 2811 5380 2810 5381 683 5381 2811 5381 2813 5382 2810 5382 2811 5382 695 5383 2813 5383 2811 5383 695 5384 2811 5384 2812 5384 691 5385 695 5385 2812 5385 2814 5386 691 5386 2812 5386 2816 5387 690 5387 2814 5387 2815 5388 690 5388 2816 5388 2814 5389 690 5389 691 5389 2816 5390 2814 5390 2817 5390 2819 5391 2816 5391 2817 5391 2819 5392 2817 5392 2818 5392 663 5393 2819 5393 2818 5393 660 5394 2818 5394 2820 5394 2818 5395 660 5395 663 5395 662 5396 2820 5396 2821 5396 2820 5397 662 5397 660 5397 2807 5398 2822 5398 2808 5398 2822 5399 2824 5399 2808 5399 2821 5400 2822 5400 2807 5400 2808 5401 2824 5401 2811 5401 2821 5402 2823 5402 2822 5402 2820 5403 2823 5403 2821 5403 2820 5404 2818 5404 2823 5404 2824 5405 2812 5405 2811 5405 2823 5406 2818 5406 2825 5406 2860 5407 2812 5407 2824 5407 2860 5408 2814 5408 2812 5408 2818 5409 2817 5409 2825 5409 2825 5410 2814 5410 2860 5410 2825 5411 2817 5411 2814 5411 733 5412 732 5412 2844 5412 2828 5413 2826 5413 2827 5413 2826 5414 733 5414 2844 5414 2826 5415 2828 5415 733 5415 2828 5416 2827 5416 2829 5416 2831 5417 2829 5417 2833 5417 2829 5418 2830 5418 2828 5418 757 5419 2832 5419 2834 5419 2829 5420 2831 5420 2830 5420 2832 5421 757 5421 754 5421 2832 5422 754 5422 2831 5422 2832 5423 2831 5423 2833 5423 2836 5424 2834 5424 2837 5424 2834 5425 2835 5425 757 5425 2838 5426 735 5426 2837 5426 2834 5427 2836 5427 2835 5427 2839 5428 2838 5428 2840 5428 2837 5429 746 5429 2836 5429 2837 5430 735 5430 746 5430 731 5431 2840 5431 2841 5431 2842 5432 731 5432 2841 5432 2838 5433 2839 5433 735 5433 2842 5434 2841 5434 2843 5434 730 5435 2842 5435 2843 5435 2845 5436 730 5436 2843 5436 2840 5437 731 5437 2839 5437 2844 5438 2845 5438 2843 5438 2844 5439 732 5439 2845 5439 2846 5440 2833 5440 2829 5440 2847 5441 2846 5441 2829 5441 2846 5442 2832 5442 2833 5442 2848 5443 2832 5443 2846 5443 2848 5444 2834 5444 2832 5444 2847 5445 2829 5445 2827 5445 2847 5446 2827 5446 2826 5446 2837 5447 2834 5447 2848 5447 2826 5448 2849 5448 2847 5448 2837 5449 2848 5449 2850 5449 2838 5450 2837 5450 2850 5450 2844 5451 2849 5451 2826 5451 2840 5452 2838 5452 2850 5452 2843 5453 2849 5453 2844 5453 2843 5454 2851 5454 2849 5454 2841 5455 2840 5455 2850 5455 2841 5456 2850 5456 2851 5456 2841 5457 2851 5457 2843 5457 2802 5458 2852 5458 2854 5458 2801 5459 2853 5459 2852 5459 2852 5460 2853 5460 2854 5460 2805 5461 2855 5461 2853 5461 2853 5462 2855 5462 2854 5462 2804 5463 2853 5463 2801 5463 2801 5464 2852 5464 2802 5464 2854 5465 2855 5465 2802 5465 2802 5466 2855 5466 2803 5466 2803 5467 2855 5467 2805 5467 2805 5468 2853 5468 2804 5468 2822 5469 2856 5469 2857 5469 2856 5470 2859 5470 2857 5470 2858 5471 2861 5471 2860 5471 2857 5472 2859 5472 2858 5472 2825 5473 2861 5473 2859 5473 2859 5474 2861 5474 2858 5474 2825 5475 2859 5475 2823 5475 2859 5476 2856 5476 2823 5476 2856 5477 2822 5477 2823 5477 2822 5478 2857 5478 2824 5478 2857 5479 2858 5479 2824 5479 2824 5480 2858 5480 2860 5480 2860 5481 2861 5481 2825 5481 2788 5482 2863 5482 2862 5482 2862 5483 2863 5483 2864 5483 2863 5484 2867 5484 2864 5484 2865 5485 2867 5485 2866 5485 2864 5486 2867 5486 2865 5486 2791 5487 2863 5487 2789 5487 2789 5488 2863 5488 2788 5488 2788 5489 2862 5489 2787 5489 2862 5490 2864 5490 2787 5490 2787 5491 2864 5491 2790 5491 2864 5492 2865 5492 2790 5492 2790 5493 2865 5493 2866 5493 2866 5494 2867 5494 2791 5494 2867 5495 2863 5495 2791 5495 2849 5496 2869 5496 2868 5496 2870 5497 2846 5497 2847 5497 2851 5498 2871 5498 2869 5498 2869 5499 2871 5499 2868 5499 2868 5500 2871 5500 2870 5500 2870 5501 2873 5501 2846 5501 2850 5502 2872 5502 2871 5502 2871 5503 2872 5503 2870 5503 2873 5504 2872 5504 2848 5504 2870 5505 2872 5505 2873 5505 2850 5506 2871 5506 2851 5506 2851 5507 2869 5507 2849 5507 2849 5508 2868 5508 2847 5508 2868 5509 2870 5509 2847 5509 2846 5510 2873 5510 2848 5510 2848 5511 2872 5511 2850 5511 2207 5512 2876 5512 2875 5512 2875 5513 2877 5513 2874 5513 2877 5514 2878 5514 2206 5514 2875 5515 2878 5515 2877 5515 2876 5516 2878 5516 2875 5516 2878 5517 2879 5517 2206 5517 2876 5518 2879 5518 2878 5518 2207 5519 2875 5519 2203 5519 2875 5520 2874 5520 2203 5520 2203 5521 2874 5521 2202 5521 2202 5522 2877 5522 2204 5522 2874 5523 2877 5523 2202 5523 2204 5524 2877 5524 2206 5524 2206 5525 2879 5525 2212 5525 2212 5526 2879 5526 2209 5526 2879 5527 2876 5527 2209 5527 2209 5528 2876 5528 2207 5528 2261 5529 2882 5529 2883 5529 2883 5530 2884 5530 2880 5530 2880 5531 2884 5531 2881 5531 2882 5532 2884 5532 2883 5532 2882 5533 2885 5533 2884 5533 2883 5534 2880 5534 2261 5534 2261 5535 2880 5535 2259 5535 2259 5536 2880 5536 2256 5536 2880 5537 2881 5537 2256 5537 2881 5538 2884 5538 2257 5538 2884 5539 2885 5539 2257 5539 2257 5540 2885 5540 2264 5540 2264 5541 2882 5541 2266 5541 2885 5542 2882 5542 2264 5542 2882 5543 2261 5543 2266 5543 2228 5544 2888 5544 2886 5544 2888 5545 2887 5545 2886 5545 2888 5546 2889 5546 2887 5546 2228 5547 2886 5547 2221 5547 2221 5548 2886 5548 2219 5548 2886 5549 2887 5549 2219 5549 2219 5550 2887 5550 2217 5550 2217 5551 2887 5551 2218 5551 2218 5552 2889 5552 2225 5552 2887 5553 2889 5553 2218 5553 2225 5554 2889 5554 2229 5554 2889 5555 2888 5555 2229 5555 2229 5556 2888 5556 2228 5556 2890 5557 2894 5557 2892 5557 2891 5558 2894 5558 2890 5558 2891 5559 2895 5559 2894 5559 2893 5560 2895 5560 2891 5560 2248 5561 2891 5561 2247 5561 2891 5562 2890 5562 2247 5562 2247 5563 2890 5563 2241 5563 2890 5564 2892 5564 2241 5564 2892 5565 2236 5565 2241 5565 2892 5566 2894 5566 2236 5566 2236 5567 2894 5567 2237 5567 2237 5568 2894 5568 2242 5568 2894 5569 2895 5569 2242 5569 2895 5570 2893 5570 2242 5570 2242 5571 2893 5571 2245 5571 2245 5572 2893 5572 2248 5572 2893 5573 2891 5573 2248 5573 2196 5574 1021 5574 2596 5574 1021 5575 2194 5575 2596 5575 2194 5576 2597 5576 2596 5576 2194 5577 2195 5577 2597 5577 2195 5578 1014 5578 2597 5578 2596 5579 2597 5579 2198 5579 2198 5580 2597 5580 2197 5580 2897 5581 2899 5581 2896 5581 2896 5582 2899 5582 2898 5582 2900 5583 2904 5583 2897 5583 2900 5584 2897 5584 2896 5584 2901 5585 2900 5585 2896 5585 2901 5586 2896 5586 2898 5586 2902 5587 2901 5587 2898 5587 2902 5588 2898 5588 2899 5588 2903 5589 2902 5589 2899 5589 2903 5590 2899 5590 2897 5590 2904 5591 2903 5591 2897 5591 2906 5592 2905 5592 2907 5592 2908 5593 2906 5593 2907 5593 2909 5594 2908 5594 2907 5594 2909 5595 2907 5595 2911 5595 2910 5596 2909 5596 2911 5596 2912 5597 2910 5597 2911 5597 2912 5598 2911 5598 2913 5598 2912 5599 2913 5599 2915 5599 2914 5600 2912 5600 2915 5600 2906 5601 2914 5601 2915 5601 2906 5602 2915 5602 2905 5602 2905 5603 2915 5603 2907 5603 2915 5604 2913 5604 2907 5604 2913 5605 2911 5605 2907 5605 2918 5606 2916 5606 2917 5606 2917 5607 2916 5607 2918 5607 2924 5608 2919 5608 2925 5608 2919 5609 2920 5609 2921 5609 2920 5610 2922 5610 2921 5610 2921 5611 2922 5611 2923 5611 2922 5612 2924 5612 2923 5612 2923 5613 2924 5613 2925 5613 2926 5614 2927 5614 2933 5614 2933 5615 2927 5615 2928 5615 2927 5616 2931 5616 2928 5616 2928 5617 2931 5617 2929 5617 2929 5618 2931 5618 2930 5618 2931 5619 2932 5619 2930 5619 2930 5620 2932 5620 2933 5620 2932 5621 2926 5621 2933 5621 2934 5622 2935 5622 2936 5622 2934 5623 2936 5623 2938 5623 2937 5624 2936 5624 2940 5624 2938 5625 2936 5625 2937 5625 2940 5626 2939 5626 2255 5626 2936 5627 2939 5627 2940 5627 2941 5628 2929 5628 2942 5628 2929 5629 2943 5629 2942 5629 2943 5630 2929 5630 2944 5630 2929 5631 2946 5631 2944 5631 2946 5632 2945 5632 2944 5632 2946 5633 2947 5633 2945 5633 2946 5634 2199 5634 2947 5634 2948 5635 2950 5635 2949 5635 2949 5636 2950 5636 2951 5636 2954 5637 2952 5637 2953 5637 2955 5638 2954 5638 2953 5638 2956 5639 2955 5639 2953 5639 2956 5640 2953 5640 2957 5640 2958 5641 2957 5641 2959 5641 2958 5642 2956 5642 2957 5642 2960 5643 2959 5643 3028 5643 2960 5644 2958 5644 2959 5644 2961 5645 2962 5645 2963 5645 2961 5646 2964 5646 2962 5646 2961 5647 2948 5647 2964 5647 2964 5648 2948 5648 2949 5648 2952 5649 2962 5649 2953 5649 2952 5650 2963 5650 2962 5650 2964 5651 2949 5651 2962 5651 2962 5652 2949 5652 2953 5652 2953 5653 2949 5653 2957 5653 2949 5654 2959 5654 2957 5654 2951 5655 2959 5655 2949 5655 2951 5656 3028 5656 2959 5656 2955 5657 2950 5657 2954 5657 2956 5658 2950 5658 2955 5658 2958 5659 2950 5659 2956 5659 2960 5660 2950 5660 2958 5660 2954 5661 2948 5661 2952 5661 2950 5662 2948 5662 2954 5662 2948 5663 2963 5663 2952 5663 2948 5664 2961 5664 2963 5664 2985 5665 2965 5665 2966 5665 2965 5666 2967 5666 2966 5666 2966 5667 2967 5667 2968 5667 2967 5668 2969 5668 2968 5668 2971 5669 2986 5669 2970 5669 2971 5670 2970 5670 2972 5670 2973 5671 2971 5671 2972 5671 2974 5672 2972 5672 2975 5672 2974 5673 2973 5673 2972 5673 2976 5674 2974 5674 2975 5674 2976 5675 2975 5675 2978 5675 2977 5676 2976 5676 2978 5676 2979 5677 2978 5677 2980 5677 2979 5678 2977 5678 2978 5678 2981 5679 2980 5679 2982 5679 2981 5680 2979 5680 2980 5680 2981 5681 2982 5681 3029 5681 2983 5682 2981 5682 3029 5682 2970 5683 2984 5683 2985 5683 2970 5684 2986 5684 2984 5684 2965 5685 2921 5685 2923 5685 2923 5686 2984 5686 2965 5686 2925 5687 2984 5687 2923 5687 2925 5688 2919 5688 2984 5688 2985 5689 2918 5689 2965 5689 2965 5690 2918 5690 2921 5690 2985 5691 2917 5691 2918 5691 2921 5692 2918 5692 2919 5692 2917 5693 2985 5693 2918 5693 2918 5694 2985 5694 2919 5694 2919 5695 2985 5695 2984 5695 2920 5696 2986 5696 2922 5696 2986 5697 2924 5697 2922 5697 2919 5698 2924 5698 2986 5698 2920 5699 2919 5699 2986 5699 2916 5700 2970 5700 2986 5700 2916 5701 2986 5701 2920 5701 2970 5702 2916 5702 2920 5702 2970 5703 2920 5703 2986 5703 2916 5704 2970 5704 2917 5704 2917 5705 2970 5705 2916 5705 2982 5706 2968 5706 3029 5706 2980 5707 2968 5707 2982 5707 2978 5708 2966 5708 2980 5708 2980 5709 2966 5709 2968 5709 2978 5710 2975 5710 2966 5710 2975 5711 2972 5711 2966 5711 2966 5712 2972 5712 2985 5712 2972 5713 2970 5713 2985 5713 2986 5714 2965 5714 2984 5714 2986 5715 2971 5715 2965 5715 2969 5716 2981 5716 2983 5716 2965 5717 2973 5717 2967 5717 2971 5718 2973 5718 2965 5718 2967 5719 2979 5719 2969 5719 2969 5720 2979 5720 2981 5720 2973 5721 2974 5721 2967 5721 2967 5722 2977 5722 2979 5722 2967 5723 2976 5723 2977 5723 2974 5724 2976 5724 2967 5724 2988 5725 2987 5725 3053 5725 2994 5726 2988 5726 3053 5726 2989 5727 2946 5727 2988 5727 2946 5728 2929 5728 2988 5728 2910 5729 2946 5729 2909 5729 2908 5730 2909 5730 2946 5730 2946 5731 2910 5731 2912 5731 2989 5732 2908 5732 2946 5732 2989 5733 2906 5733 2908 5733 2989 5734 2914 5734 2906 5734 2989 5735 2912 5735 2914 5735 2989 5736 2946 5736 2912 5736 2946 5737 2990 5737 2199 5737 2946 5738 2989 5738 2990 5738 2947 5739 2199 5739 2201 5739 2947 5740 2201 5740 2991 5740 2947 5741 2991 5741 2992 5741 2945 5742 2947 5742 2992 5742 2945 5743 2992 5743 2993 5743 2944 5744 2945 5744 2993 5744 2944 5745 2993 5745 2994 5745 2943 5746 2944 5746 2994 5746 3001 5747 2995 5747 2997 5747 2995 5748 2996 5748 2997 5748 2996 5749 2998 5749 2997 5749 2997 5750 2998 5750 2999 5750 2998 5751 3000 5751 2999 5751 2999 5752 3000 5752 3001 5752 3000 5753 2995 5753 3001 5753 3002 5754 3005 5754 3003 5754 3003 5755 3005 5755 3004 5755 3005 5756 3006 5756 3004 5756 3006 5757 3008 5757 3007 5757 3007 5758 3008 5758 3003 5758 3008 5759 3002 5759 3003 5759 3016 5760 3010 5760 3009 5760 3010 5761 3012 5761 3009 5761 3009 5762 3012 5762 3011 5762 3011 5763 3012 5763 3014 5763 3012 5764 3013 5764 3014 5764 3014 5765 3015 5765 3016 5765 3013 5766 3015 5766 3014 5766 3015 5767 3010 5767 3016 5767 3022 5768 3017 5768 3019 5768 3017 5769 3018 5769 3019 5769 3019 5770 3018 5770 3020 5770 3018 5771 3021 5771 3020 5771 3020 5772 3021 5772 3022 5772 3021 5773 3017 5773 3022 5773 2273 5774 3023 5774 594 5774 2273 5775 2268 5775 3023 5775 2902 5776 2903 5776 3024 5776 3024 5777 2901 5777 2902 5777 2939 5778 2903 5778 2904 5778 2939 5779 3024 5779 2903 5779 2939 5780 2900 5780 2901 5780 2939 5781 2901 5781 3024 5781 2939 5782 2904 5782 2900 5782 3024 5783 3023 5783 2268 5783 2939 5784 2268 5784 2255 5784 2939 5785 3024 5785 2268 5785 3054 5786 3020 5786 2950 5786 3020 5787 3022 5787 2950 5787 2950 5788 2999 5788 2951 5788 3022 5789 2999 5789 2950 5789 3022 5790 2997 5790 2999 5790 3019 5791 2997 5791 3022 5791 3020 5792 3007 5792 3019 5792 2951 5793 2999 5793 3025 5793 3007 5794 3003 5794 3019 5794 2999 5795 3001 5795 3025 5795 3006 5796 3026 5796 3004 5796 3007 5797 3026 5797 3006 5797 3020 5798 3026 5798 3007 5798 3054 5799 3026 5799 3020 5799 3004 5800 2968 5800 3003 5800 3026 5801 2968 5801 3004 5801 3019 5802 3014 5802 2997 5802 3003 5803 3014 5803 3019 5803 3003 5804 3011 5804 3014 5804 3014 5805 3016 5805 2997 5805 2997 5806 3016 5806 3001 5806 2968 5807 3011 5807 3003 5807 3011 5808 2969 5808 3009 5808 2968 5809 2969 5809 3011 5809 3009 5810 3027 5810 3016 5810 3016 5811 3027 5811 3001 5811 3001 5812 3027 5812 3025 5812 2969 5813 3027 5813 3009 5813 3018 5814 2960 5814 3021 5814 2998 5815 3021 5815 2960 5815 2998 5816 2960 5816 3028 5816 3000 5817 2998 5817 3028 5817 2996 5818 3017 5818 3021 5818 2996 5819 3021 5819 2998 5819 3008 5820 3006 5820 3018 5820 3008 5821 3018 5821 3017 5821 2995 5822 3000 5822 3028 5822 3002 5823 3008 5823 3017 5823 3029 5824 3018 5824 3006 5824 3029 5825 3006 5825 3005 5825 3029 5826 2960 5826 3018 5826 3002 5827 3029 5827 3005 5827 3013 5828 3017 5828 2996 5828 3013 5829 3002 5829 3017 5829 3012 5830 3002 5830 3013 5830 3015 5831 3013 5831 2996 5831 3015 5832 2996 5832 2995 5832 3012 5833 3029 5833 3002 5833 2983 5834 3029 5834 3012 5834 2983 5835 3012 5835 3010 5835 2983 5836 3010 5836 3015 5836 2983 5837 3015 5837 2995 5837 2983 5838 2995 5838 3028 5838 3025 5839 3027 5839 3030 5839 3027 5840 3031 5840 3030 5840 3030 5841 3031 5841 3032 5841 3031 5842 2934 5842 3032 5842 2983 5843 3028 5843 3034 5843 3033 5844 2983 5844 3034 5844 3033 5845 3034 5845 3035 5845 3036 5846 3035 5846 3038 5846 3036 5847 3033 5847 3035 5847 3037 5848 3036 5848 3038 5848 3037 5849 3038 5849 3040 5849 3039 5850 3037 5850 3040 5850 3039 5851 3040 5851 3042 5851 3041 5852 3039 5852 3042 5852 3041 5853 3042 5853 3043 5853 3044 5854 3043 5854 3046 5854 3044 5855 3041 5855 3043 5855 3045 5856 3044 5856 3046 5856 3045 5857 3046 5857 3047 5857 2935 5858 3045 5858 3047 5858 3049 5859 2987 5859 3048 5859 3049 5860 3048 5860 3050 5860 3026 5861 3050 5861 3051 5861 3026 5862 3049 5862 3050 5862 3052 5863 3026 5863 3051 5863 3052 5864 3051 5864 2960 5864 3029 5865 3052 5865 2960 5865 2929 5866 2941 5866 3048 5866 2987 5867 2988 5867 2929 5867 2987 5868 2929 5868 2930 5868 2928 5869 2929 5869 3048 5869 2933 5870 2987 5870 2930 5870 2987 5871 2933 5871 2928 5871 2987 5872 2928 5872 3048 5872 2942 5873 2943 5873 3054 5873 2932 5874 2931 5874 2943 5874 2943 5875 2931 5875 3054 5875 2994 5876 3053 5876 2943 5876 2943 5877 3053 5877 2932 5877 3053 5878 2926 5878 2932 5878 2926 5879 3053 5879 2927 5879 2927 5880 3053 5880 2931 5880 2931 5881 3053 5881 3054 5881 3053 5882 3026 5882 3054 5882 2990 5883 2989 5883 581 5883 581 5884 2989 5884 2991 5884 2991 5885 2989 5885 2992 5885 2989 5886 2993 5886 2992 5886 2988 5887 2993 5887 2989 5887 2988 5888 2994 5888 2993 5888 3029 5889 2968 5889 3026 5889 3052 5890 3029 5890 3026 5890 3049 5891 3053 5891 2987 5891 3049 5892 3026 5892 3053 5892 3024 5893 3056 5893 597 5893 3028 5894 2951 5894 3025 5894 594 5895 3024 5895 597 5895 3034 5896 3028 5896 3025 5896 3047 5897 3032 5897 3055 5897 3047 5898 3055 5898 3056 5898 3035 5899 3034 5899 3025 5899 3046 5900 3032 5900 3047 5900 3038 5901 3025 5901 3030 5901 3038 5902 3035 5902 3025 5902 3040 5903 3038 5903 3030 5903 3043 5904 3030 5904 3032 5904 3043 5905 3032 5905 3046 5905 3042 5906 3030 5906 3043 5906 3040 5907 3030 5907 3042 5907 3024 5908 594 5908 3023 5908 3048 5909 2941 5909 2942 5909 3054 5910 3050 5910 3048 5910 3054 5911 3048 5911 2942 5911 3054 5912 3051 5912 3050 5912 2960 5913 3051 5913 3054 5913 2960 5914 3054 5914 2950 5914 2936 5915 3024 5915 2939 5915 3056 5916 3024 5916 2936 5916 3055 5917 2938 5917 2937 5917 3055 5918 2937 5918 2940 5918 3056 5919 3055 5919 2940 5919 2272 5920 2940 5920 2255 5920 2272 5921 3056 5921 2940 5921 3032 5922 2938 5922 3055 5922 3032 5923 2934 5923 2938 5923 2936 5924 3047 5924 3056 5924 2935 5925 3047 5925 2936 5925 2934 5926 3045 5926 2935 5926 2934 5927 3044 5927 3045 5927 3031 5928 3041 5928 3044 5928 3031 5929 3039 5929 3041 5929 3031 5930 3044 5930 2934 5930 3037 5931 3039 5931 3031 5931 3037 5932 3031 5932 3027 5932 3036 5933 3037 5933 3027 5933 3033 5934 3036 5934 3027 5934 2983 5935 3027 5935 2969 5935 2983 5936 3033 5936 3027 5936 3056 5937 2272 5937 597 5937 2215 5938 2990 5938 581 5938 3057 5939 3059 5939 3061 5939 3066 5940 3058 5940 3057 5940 3064 5941 3060 5941 3058 5941 3059 5942 3060 5942 3062 5942 3058 5943 3060 5943 3057 5943 3057 5944 3060 5944 3059 5944 3061 5945 3066 5945 3057 5945 3062 5946 3061 5946 3059 5946 3063 5947 3062 5947 3060 5947 3064 5948 3063 5948 3060 5948 3065 5949 3064 5949 3058 5949 3066 5950 3065 5950 3058 5950 3069 5951 3070 5951 3067 5951 3067 5952 3070 5952 3068 5952 3068 5953 3070 5953 3071 5953 3070 5954 3072 5954 3071 5954 3074 5955 3069 5955 3067 5955 3074 5956 3073 5956 3069 5956 3075 5957 3074 5957 3067 5957 3075 5958 3067 5958 3068 5958 3076 5959 3075 5959 3068 5959 3076 5960 3068 5960 3071 5960 3077 5961 3076 5961 3071 5961 3078 5962 3077 5962 3071 5962 3078 5963 3071 5963 3072 5963 3079 5964 3078 5964 3072 5964 3080 5965 3072 5965 3070 5965 3073 5966 3080 5966 3070 5966 3073 5967 3070 5967 3069 5967 3086 5968 3081 5968 3196 5968 3196 5969 3081 5969 3082 5969 3081 5970 3083 5970 3082 5970 3082 5971 3083 5971 3084 5971 3084 5972 3085 5972 3146 5972 3085 5973 3087 5973 3086 5973 3090 5974 3089 5974 3088 5974 3089 5975 3120 5975 3088 5975 3120 5976 3089 5976 3088 5976 3088 5977 3089 5977 3090 5977 3093 5978 3094 5978 3091 5978 3091 5979 3094 5979 3092 5979 3092 5980 3094 5980 3093 5980 3184 5981 3098 5981 3187 5981 3099 5982 3098 5982 3184 5982 3096 5983 3095 5983 3097 5983 3098 5984 3099 5984 3095 5984 3098 5985 3095 5985 3096 5985 3096 5986 3097 5986 2220 5986 3104 5987 3100 5987 3105 5987 3101 5988 3100 5988 3104 5988 3104 5989 3102 5989 3103 5989 3104 5990 3103 5990 3107 5990 3104 5991 3105 5991 3102 5991 3106 5992 3104 5992 3107 5992 3106 5993 3107 5993 2246 5993 3108 5994 3109 5994 3091 5994 3091 5995 3109 5995 3116 5995 3116 5996 3109 5996 3110 5996 3109 5997 3111 5997 3110 5997 3113 5998 3120 5998 3112 5998 3113 5999 3112 5999 3114 5999 3115 6000 3113 6000 3114 6000 3115 6001 3114 6001 3116 6001 3109 6002 3115 6002 3116 6002 3117 6003 3116 6003 3119 6003 3117 6004 3109 6004 3116 6004 3118 6005 3117 6005 3119 6005 3108 6006 3112 6006 3120 6006 3108 6007 3091 6007 3112 6007 3093 6008 3091 6008 3092 6008 3088 6009 3090 6009 3092 6009 3091 6010 3108 6010 3092 6010 3092 6011 3108 6011 3088 6011 3092 6012 3090 6012 3091 6012 3088 6013 3108 6013 3090 6013 3090 6014 3108 6014 3091 6014 3089 6015 3120 6015 3094 6015 3120 6016 3112 6016 3094 6016 3120 6017 3094 6017 3112 6017 3120 6018 3089 6018 3094 6018 3112 6019 3091 6019 3114 6019 3091 6020 3116 6020 3114 6020 3110 6021 3119 6021 3116 6021 3117 6022 3111 6022 3109 6022 3118 6023 3111 6023 3117 6023 3113 6024 3108 6024 3120 6024 3115 6025 3108 6025 3113 6025 3109 6026 3108 6026 3115 6026 3121 6027 3122 6027 3123 6027 3122 6028 3124 6028 3123 6028 3123 6029 3124 6029 3125 6029 3124 6030 3126 6030 3125 6030 3127 6031 3128 6031 3130 6031 3129 6032 3127 6032 3130 6032 3129 6033 3130 6033 3131 6033 3132 6034 3131 6034 3134 6034 3132 6035 3129 6035 3131 6035 3133 6036 3132 6036 3134 6036 3133 6037 3134 6037 3136 6037 3135 6038 3133 6038 3136 6038 3135 6039 3136 6039 3137 6039 3138 6040 3137 6040 3140 6040 3138 6041 3135 6041 3137 6041 3139 6042 3138 6042 3140 6042 3139 6043 3140 6043 3160 6043 3141 6044 3139 6044 3160 6044 3142 6045 3143 6045 3144 6045 3144 6046 3143 6046 3145 6046 3122 6047 3121 6047 3145 6047 3121 6048 3144 6048 3145 6048 3128 6049 3127 6049 3143 6049 3142 6050 3128 6050 3143 6050 3140 6051 3125 6051 3160 6051 3137 6052 3125 6052 3140 6052 3136 6053 3123 6053 3137 6053 3134 6054 3123 6054 3136 6054 3137 6055 3123 6055 3125 6055 3134 6056 3131 6056 3123 6056 3123 6057 3131 6057 3121 6057 3131 6058 3130 6058 3121 6058 3130 6059 3128 6059 3121 6059 3128 6060 3142 6060 3121 6060 3121 6061 3142 6061 3144 6061 3143 6062 3122 6062 3145 6062 3143 6063 3127 6063 3122 6063 3126 6064 3139 6064 3141 6064 3127 6065 3129 6065 3122 6065 3124 6066 3138 6066 3126 6066 3126 6067 3138 6067 3139 6067 3122 6068 3132 6068 3124 6068 3129 6069 3132 6069 3122 6069 3124 6070 3135 6070 3138 6070 3132 6071 3133 6071 3124 6071 3124 6072 3133 6072 3135 6072 3146 6073 3085 6073 3151 6073 3151 6074 3085 6074 3148 6074 3147 6075 3148 6075 3106 6075 3106 6076 3148 6076 3104 6076 3149 6077 2251 6077 3107 6077 3149 6078 3107 6078 3103 6078 3150 6079 3103 6079 3102 6079 3150 6080 3149 6080 3103 6080 3151 6081 3102 6081 3105 6081 3151 6082 3150 6082 3102 6082 3155 6083 3118 6083 3168 6083 3152 6084 3168 6084 3118 6084 3163 6085 3153 6085 3152 6085 3163 6086 3152 6086 3156 6086 3156 6087 3152 6087 3118 6087 3119 6088 3156 6088 3118 6088 3154 6089 3155 6089 3153 6089 3157 6090 3155 6090 3154 6090 3157 6091 3118 6091 3155 6091 3159 6092 3119 6092 3158 6092 3159 6093 3156 6093 3119 6093 3154 6094 3153 6094 3163 6094 3160 6095 3118 6095 3157 6095 3160 6096 3157 6096 3161 6096 3164 6097 3154 6097 3163 6097 3164 6098 3162 6098 3154 6098 3166 6099 3164 6099 3163 6099 3165 6100 3161 6100 3162 6100 3165 6101 3162 6101 3164 6101 3166 6102 3163 6102 3159 6102 3166 6103 3159 6103 3158 6103 3141 6104 3161 6104 3165 6104 3141 6105 3165 6105 3166 6105 3141 6106 3160 6106 3161 6106 3141 6107 3166 6107 3158 6107 3174 6108 3168 6108 3111 6108 3167 6109 3174 6109 3111 6109 3168 6110 3169 6110 3111 6110 3169 6111 3170 6111 3111 6111 3172 6112 3170 6112 3169 6112 3170 6113 3110 6113 3111 6113 3171 6114 3110 6114 3170 6114 3172 6115 3176 6115 3170 6115 3174 6116 3173 6116 3172 6116 3167 6117 3173 6117 3174 6117 3173 6118 3175 6118 3172 6118 3110 6119 3171 6119 3183 6119 3171 6120 3176 6120 3183 6120 3172 6121 3175 6121 3176 6121 3167 6122 3177 6122 3173 6122 3177 6123 3125 6123 3173 6123 3173 6124 3125 6124 3179 6124 3175 6125 3178 6125 3176 6125 3179 6126 3178 6126 3175 6126 3179 6127 3180 6127 3178 6127 3125 6128 3180 6128 3179 6128 3176 6129 3178 6129 3183 6129 3125 6130 3126 6130 3180 6130 3180 6131 3126 6131 3182 6131 3182 6132 3181 6132 3183 6132 3126 6133 3181 6133 3182 6133 3181 6134 3191 6134 3183 6134 3183 6135 3191 6135 3184 6135 3184 6136 3191 6136 3099 6136 3191 6137 3206 6137 3099 6137 3185 6138 3098 6138 3186 6138 3098 6139 3096 6139 3186 6139 3188 6140 3187 6140 3098 6140 3185 6141 3188 6141 3098 6141 3141 6142 3158 6142 3190 6142 3189 6143 3141 6143 3190 6143 3191 6144 3189 6144 3190 6144 3192 6145 3191 6145 3190 6145 3192 6146 3190 6146 3193 6146 3194 6147 3193 6147 3195 6147 3194 6148 3192 6148 3193 6148 3188 6149 3195 6149 3187 6149 3188 6150 3194 6150 3195 6150 3159 6151 3163 6151 3176 6151 3176 6152 3163 6152 3170 6152 3163 6153 3156 6153 3170 6153 3170 6154 3156 6154 3171 6154 3156 6155 3159 6155 3171 6155 3171 6156 3159 6156 3176 6156 3162 6157 3161 6157 3179 6157 3179 6158 3161 6158 3173 6158 3161 6159 3157 6159 3173 6159 3157 6160 3154 6160 3173 6160 3173 6161 3154 6161 3175 6161 3154 6162 3162 6162 3175 6162 3175 6163 3162 6163 3179 6163 3166 6164 3165 6164 3182 6164 3182 6165 3165 6165 3180 6165 3165 6166 3164 6166 3180 6166 3180 6167 3164 6167 3178 6167 3164 6168 3166 6168 3178 6168 3178 6169 3166 6169 3183 6169 3183 6170 3166 6170 3182 6170 3153 6171 3155 6171 3172 6171 3172 6172 3155 6172 3174 6172 3155 6173 3168 6173 3174 6173 3168 6174 3152 6174 3169 6174 3152 6175 3153 6175 3169 6175 3169 6176 3153 6176 3172 6176 3196 6177 3177 6177 3167 6177 3197 6178 3198 6178 3201 6178 3199 6179 3197 6179 3201 6179 3200 6180 3199 6180 3201 6180 3200 6181 3201 6181 3202 6181 3203 6182 3200 6182 3202 6182 3203 6183 3202 6183 3118 6183 3160 6184 3203 6184 3118 6184 3151 6185 3105 6185 3146 6185 3146 6186 3105 6186 3084 6186 3105 6187 3082 6187 3084 6187 3100 6188 3177 6188 3105 6188 3105 6189 3177 6189 3082 6189 3082 6190 3177 6190 3196 6190 3196 6191 3146 6191 3085 6191 3196 6192 3085 6192 3086 6192 3104 6193 3148 6193 3085 6193 3083 6194 3085 6194 3084 6194 3104 6195 3085 6195 3083 6195 3198 6196 3086 6196 3087 6196 3198 6197 3081 6197 3086 6197 3197 6198 3101 6198 3104 6198 3197 6199 3081 6199 3198 6199 3197 6200 3104 6200 3083 6200 3197 6201 3083 6201 3081 6201 3085 6202 3198 6202 3087 6202 3147 6203 3204 6203 590 6203 3147 6204 590 6204 589 6204 3147 6205 589 6205 3149 6205 3148 6206 3147 6206 3149 6206 3148 6207 3149 6207 3150 6207 3151 6208 3148 6208 3150 6208 3185 6209 3186 6209 3205 6209 3205 6210 3186 6210 2232 6210 3186 6211 585 6211 2232 6211 3126 6212 3141 6212 3181 6212 3141 6213 3189 6213 3181 6213 3191 6214 3188 6214 3206 6214 3206 6215 3188 6215 3185 6215 3191 6216 3194 6216 3188 6216 3181 6217 3189 6217 3191 6217 3191 6218 3192 6218 3194 6218 585 6219 3186 6219 588 6219 3111 6220 3118 6220 3167 6220 3118 6221 3202 6221 3167 6221 3196 6222 3198 6222 3146 6222 3146 6223 3198 6223 3085 6223 3196 6224 3201 6224 3198 6224 3167 6225 3201 6225 3196 6225 3202 6226 3201 6226 3167 6226 3073 6227 3147 6227 3080 6227 3072 6228 3080 6228 3147 6228 3079 6229 3072 6229 3147 6229 3147 6230 3073 6230 3074 6230 3106 6231 3078 6231 3079 6231 3106 6232 3079 6232 3147 6232 3075 6233 3147 6233 3074 6233 3077 6234 3078 6234 3106 6234 3106 6235 3076 6235 3077 6235 3106 6236 3075 6236 3076 6236 3106 6237 3147 6237 3075 6237 3149 6238 589 6238 2251 6238 3204 6239 3147 6239 2249 6239 2249 6240 3106 6240 2246 6240 3147 6241 3106 6241 2249 6241 3101 6242 3197 6242 3100 6242 3199 6243 3177 6243 3197 6243 3197 6244 3177 6244 3100 6244 3200 6245 3177 6245 3199 6245 3200 6246 3203 6246 3177 6246 3203 6247 3160 6247 3177 6247 3177 6248 3160 6248 3125 6248 3099 6249 3206 6249 3185 6249 3095 6250 3185 6250 3205 6250 3095 6251 3099 6251 3185 6251 3097 6252 3095 6252 3205 6252 3097 6253 3205 6253 2232 6253 1117 6254 588 6254 2216 6254 2216 6255 3096 6255 2220 6255 3186 6256 2216 6256 588 6256 3186 6257 3096 6257 2216 6257 3061 6258 3096 6258 3066 6258 3186 6259 3061 6259 3062 6259 3186 6260 3096 6260 3061 6260 3096 6261 3065 6261 3066 6261 3064 6262 3065 6262 3096 6262 3186 6263 3064 6263 3096 6263 3186 6264 3063 6264 3064 6264 3186 6265 3062 6265 3063 6265 3195 6266 3184 6266 3187 6266 3193 6267 3184 6267 3195 6267 3193 6268 3183 6268 3184 6268 3193 6269 3190 6269 3183 6269 3183 6270 3158 6270 3110 6270 3190 6271 3158 6271 3183 6271 3158 6272 3119 6272 3110 6272 590 6273 3204 6273 2253 6273 3204 6274 2249 6274 2253 6274 2233 6275 2232 6275 585 6275 3207 6276 3209 6276 3208 6276 3207 6277 3208 6277 3210 6277 3207 6278 3211 6278 3209 6278 3207 6279 3210 6279 3212 6279 3474 6280 3207 6280 3212 6280 3215 6281 3213 6281 3211 6281 3215 6282 3211 6282 3207 6282 3474 6283 3212 6283 3214 6283 3215 6284 3217 6284 3213 6284 3474 6285 3214 6285 3216 6285 3476 6286 3474 6286 3216 6286 3476 6287 3216 6287 3219 6287 3220 6288 3217 6288 3215 6288 3220 6289 3218 6289 3217 6289 3220 6290 3221 6290 3218 6290 3476 6291 3219 6291 3222 6291 3476 6292 3222 6292 3223 6292 3224 6293 3221 6293 3220 6293 3224 6294 3225 6294 3221 6294 3478 6295 3476 6295 3223 6295 3478 6296 3223 6296 3226 6296 3224 6297 3227 6297 3225 6297 3478 6298 3226 6298 3229 6298 3234 6299 3227 6299 3224 6299 3234 6300 3228 6300 3227 6300 3234 6301 3230 6301 3228 6301 3478 6302 3229 6302 3231 6302 3238 6303 3478 6303 3231 6303 3238 6304 3231 6304 3233 6304 3234 6305 3232 6305 3230 6305 3234 6306 3235 6306 3232 6306 3238 6307 3233 6307 3236 6307 3234 6308 3237 6308 3235 6308 3238 6309 3236 6309 3239 6309 3242 6310 3240 6310 3237 6310 3242 6311 3237 6311 3234 6311 3244 6312 3238 6312 3239 6312 3244 6313 3239 6313 3241 6313 3242 6314 3243 6314 3240 6314 3244 6315 3241 6315 3245 6315 3503 6316 3243 6316 3242 6316 3503 6317 3246 6317 3243 6317 3253 6318 3245 6318 3247 6318 3253 6319 3244 6319 3245 6319 3503 6320 3248 6320 3246 6320 3253 6321 3247 6321 3249 6321 3253 6322 3249 6322 3250 6322 3503 6323 3251 6323 3248 6323 3503 6324 3252 6324 3251 6324 3253 6325 3250 6325 3254 6325 3501 6326 3252 6326 3503 6326 3258 6327 3254 6327 3255 6327 3258 6328 3253 6328 3254 6328 3501 6329 3256 6329 3252 6329 3501 6330 3257 6330 3256 6330 3259 6331 3258 6331 3255 6331 3262 6332 3258 6332 3259 6332 3260 6333 3262 6333 3259 6333 3261 6334 3257 6334 3501 6334 3263 6335 3262 6335 3260 6335 3266 6336 3261 6336 3501 6336 3485 6337 3262 6337 3263 6337 3264 6338 3261 6338 3266 6338 3265 6339 3485 6339 3263 6339 3268 6340 3264 6340 3266 6340 3267 6341 3485 6341 3265 6341 3270 6342 3268 6342 3266 6342 3271 6343 3485 6343 3267 6343 3269 6344 3268 6344 3270 6344 3271 6345 3277 6345 3485 6345 3272 6346 3269 6346 3270 6346 3273 6347 3277 6347 3271 6347 3275 6348 3272 6348 3270 6348 3274 6349 3277 6349 3273 6349 3276 6350 3277 6350 3274 6350 3278 6351 3275 6351 3270 6351 3279 6352 3487 6352 3277 6352 3279 6353 3277 6353 3276 6353 3280 6354 3270 6354 3282 6354 3280 6355 3278 6355 3270 6355 3281 6356 3280 6356 3282 6356 3283 6357 3487 6357 3279 6357 3284 6358 3487 6358 3283 6358 3285 6359 3281 6359 3282 6359 3285 6360 3282 6360 3288 6360 3286 6361 3487 6361 3284 6361 3287 6362 3285 6362 3288 6362 3286 6363 3289 6363 3487 6363 3290 6364 3289 6364 3286 6364 3291 6365 3287 6365 3288 6365 3291 6366 3288 6366 3294 6366 3292 6367 3289 6367 3290 6367 3293 6368 3291 6368 3294 6368 3295 6369 3289 6369 3292 6369 3296 6370 3289 6370 3295 6370 3296 6371 3297 6371 3289 6371 3298 6372 3293 6372 3294 6372 3299 6373 3297 6373 3296 6373 3300 6374 3298 6374 3294 6374 3300 6375 3294 6375 3303 6375 3301 6376 3300 6376 3303 6376 3302 6377 3297 6377 3299 6377 3304 6378 3301 6378 3303 6378 3305 6379 3492 6379 3297 6379 3305 6380 3297 6380 3302 6380 3304 6381 3303 6381 3312 6381 3306 6382 3304 6382 3312 6382 3307 6383 3492 6383 3305 6383 3309 6384 3306 6384 3312 6384 3308 6385 3492 6385 3307 6385 3310 6386 3314 6386 3492 6386 3310 6387 3492 6387 3308 6387 3311 6388 3309 6388 3312 6388 3315 6389 3311 6389 3312 6389 3313 6390 3314 6390 3310 6390 3315 6391 3314 6391 3313 6391 3315 6392 3312 6392 3314 6392 3290 6393 3316 6393 3317 6393 3290 6394 3286 6394 3316 6394 3292 6395 3317 6395 3318 6395 3292 6396 3290 6396 3317 6396 3295 6397 3318 6397 3319 6397 3295 6398 3319 6398 3320 6398 3295 6399 3292 6399 3318 6399 3296 6400 3295 6400 3320 6400 3299 6401 3320 6401 3321 6401 3299 6402 3296 6402 3320 6402 3299 6403 3321 6403 3322 6403 3302 6404 3322 6404 3323 6404 3302 6405 3299 6405 3322 6405 3305 6406 3302 6406 3323 6406 3307 6407 3305 6407 3323 6407 3307 6408 3323 6408 3324 6408 3308 6409 3307 6409 3324 6409 3308 6410 3324 6410 3325 6410 3310 6411 3308 6411 3325 6411 3310 6412 3325 6412 3326 6412 3313 6413 3326 6413 3327 6413 3313 6414 3310 6414 3326 6414 3315 6415 3313 6415 3327 6415 3315 6416 3327 6416 3328 6416 3311 6417 3328 6417 3329 6417 3311 6418 3315 6418 3328 6418 3309 6419 3311 6419 3329 6419 3309 6420 3329 6420 3330 6420 3306 6421 3330 6421 3331 6421 3306 6422 3309 6422 3330 6422 3304 6423 3331 6423 3332 6423 3304 6424 3306 6424 3331 6424 3304 6425 3332 6425 3333 6425 3301 6426 3304 6426 3333 6426 3300 6427 3333 6427 3334 6427 3300 6428 3301 6428 3333 6428 3298 6429 3334 6429 3335 6429 3298 6430 3300 6430 3334 6430 3298 6431 3335 6431 3336 6431 3293 6432 3298 6432 3336 6432 3293 6433 3336 6433 3337 6433 3291 6434 3337 6434 3338 6434 3291 6435 3293 6435 3337 6435 3287 6436 3338 6436 3339 6436 3287 6437 3291 6437 3338 6437 3285 6438 3339 6438 3340 6438 3285 6439 3340 6439 3341 6439 3285 6440 3287 6440 3339 6440 3281 6441 3285 6441 3341 6441 3280 6442 3281 6442 3341 6442 3280 6443 3341 6443 3342 6443 3278 6444 3342 6444 3343 6444 3278 6445 3280 6445 3342 6445 3275 6446 3278 6446 3343 6446 3275 6447 3343 6447 3344 6447 3272 6448 3275 6448 3344 6448 3272 6449 3344 6449 3345 6449 3272 6450 3345 6450 3346 6450 3269 6451 3272 6451 3346 6451 3268 6452 3269 6452 3346 6452 3268 6453 3346 6453 3347 6453 3268 6454 3347 6454 3348 6454 3264 6455 3268 6455 3348 6455 3264 6456 3348 6456 3349 6456 3261 6457 3264 6457 3349 6457 3261 6458 3349 6458 3350 6458 3261 6459 3350 6459 3351 6459 3257 6460 3261 6460 3351 6460 3256 6461 3351 6461 3352 6461 3256 6462 3257 6462 3351 6462 3252 6463 3256 6463 3352 6463 3252 6464 3352 6464 3353 6464 3251 6465 3353 6465 3354 6465 3251 6466 3252 6466 3353 6466 3248 6467 3251 6467 3354 6467 3246 6468 3354 6468 3355 6468 3246 6469 3248 6469 3354 6469 3243 6470 3246 6470 3355 6470 3243 6471 3355 6471 3356 6471 3240 6472 3356 6472 3357 6472 3240 6473 3243 6473 3356 6473 3237 6474 3357 6474 3358 6474 3237 6475 3240 6475 3357 6475 3235 6476 3358 6476 3359 6476 3235 6477 3237 6477 3358 6477 3232 6478 3235 6478 3359 6478 3232 6479 3359 6479 3360 6479 3230 6480 3232 6480 3360 6480 3228 6481 3230 6481 3360 6481 3228 6482 3360 6482 3361 6482 3228 6483 3361 6483 3362 6483 3227 6484 3228 6484 3362 6484 3225 6485 3227 6485 3362 6485 3225 6486 3362 6486 3363 6486 3225 6487 3363 6487 3364 6487 3221 6488 3225 6488 3364 6488 3221 6489 3364 6489 3365 6489 3218 6490 3221 6490 3365 6490 3218 6491 3365 6491 3366 6491 3218 6492 3366 6492 3367 6492 3217 6493 3218 6493 3367 6493 3217 6494 3367 6494 3368 6494 3213 6495 3217 6495 3368 6495 3211 6496 3213 6496 3368 6496 3211 6497 3368 6497 3369 6497 3209 6498 3211 6498 3369 6498 3209 6499 3369 6499 3370 6499 3209 6500 3370 6500 3371 6500 3208 6501 3209 6501 3371 6501 3208 6502 3371 6502 3372 6502 3210 6503 3208 6503 3372 6503 3210 6504 3372 6504 3373 6504 3212 6505 3210 6505 3373 6505 3214 6506 3373 6506 3374 6506 3214 6507 3212 6507 3373 6507 3216 6508 3374 6508 3375 6508 3216 6509 3375 6509 3376 6509 3216 6510 3214 6510 3374 6510 3219 6511 3216 6511 3376 6511 3219 6512 3376 6512 3377 6512 3222 6513 3377 6513 3378 6513 3222 6514 3219 6514 3377 6514 3223 6515 3222 6515 3378 6515 3223 6516 3378 6516 3379 6516 3226 6517 3223 6517 3379 6517 3229 6518 3226 6518 3379 6518 3229 6519 3379 6519 3380 6519 3231 6520 3229 6520 3380 6520 3231 6521 3380 6521 3381 6521 3231 6522 3381 6522 3382 6522 3233 6523 3231 6523 3382 6523 3236 6524 3233 6524 3382 6524 3236 6525 3382 6525 3383 6525 3239 6526 3236 6526 3383 6526 3239 6527 3383 6527 3384 6527 3241 6528 3239 6528 3384 6528 3241 6529 3384 6529 3385 6529 3245 6530 3241 6530 3385 6530 3245 6531 3385 6531 3386 6531 3247 6532 3245 6532 3386 6532 3247 6533 3386 6533 3387 6533 3249 6534 3387 6534 3388 6534 3249 6535 3247 6535 3387 6535 3250 6536 3249 6536 3388 6536 3250 6537 3388 6537 3389 6537 3254 6538 3389 6538 3390 6538 3254 6539 3250 6539 3389 6539 3255 6540 3254 6540 3390 6540 3255 6541 3390 6541 3391 6541 3259 6542 3391 6542 3392 6542 3259 6543 3255 6543 3391 6543 3260 6544 3259 6544 3392 6544 3260 6545 3392 6545 3393 6545 3263 6546 3393 6546 3394 6546 3263 6547 3260 6547 3393 6547 3265 6548 3263 6548 3394 6548 3265 6549 3394 6549 3395 6549 3267 6550 3265 6550 3395 6550 3267 6551 3395 6551 3396 6551 3271 6552 3267 6552 3396 6552 3271 6553 3396 6553 3397 6553 3273 6554 3397 6554 3398 6554 3273 6555 3271 6555 3397 6555 3274 6556 3398 6556 3399 6556 3274 6557 3273 6557 3398 6557 3276 6558 3399 6558 3400 6558 3276 6559 3274 6559 3399 6559 3279 6560 3276 6560 3400 6560 3279 6561 3400 6561 3401 6561 3283 6562 3401 6562 3402 6562 3283 6563 3279 6563 3401 6563 3284 6564 3402 6564 3403 6564 3284 6565 3283 6565 3402 6565 3286 6566 3284 6566 3403 6566 3286 6567 3403 6567 3316 6567 3372 6568 3371 6568 3404 6568 3372 6569 3404 6569 3406 6569 3370 6570 3404 6570 3371 6570 3370 6571 3405 6571 3404 6571 3373 6572 3372 6572 3406 6572 3369 6573 3405 6573 3370 6573 3369 6574 3408 6574 3405 6574 3374 6575 3406 6575 3407 6575 3374 6576 3373 6576 3406 6576 3368 6577 3408 6577 3369 6577 3375 6578 3374 6578 3407 6578 3367 6579 3408 6579 3368 6579 3367 6580 3410 6580 3408 6580 3376 6581 3407 6581 3409 6581 3376 6582 3375 6582 3407 6582 3377 6583 3376 6583 3409 6583 3377 6584 3409 6584 3413 6584 3366 6585 3410 6585 3367 6585 3366 6586 3412 6586 3410 6586 3378 6587 3377 6587 3413 6587 3365 6588 3412 6588 3366 6588 3365 6589 3411 6589 3412 6589 3378 6590 3413 6590 3414 6590 3364 6591 3411 6591 3365 6591 3379 6592 3378 6592 3414 6592 3363 6593 3415 6593 3411 6593 3363 6594 3411 6594 3364 6594 3379 6595 3414 6595 3416 6595 3380 6596 3379 6596 3416 6596 3362 6597 3415 6597 3363 6597 3362 6598 3417 6598 3415 6598 3361 6599 3418 6599 3417 6599 3361 6600 3417 6600 3362 6600 3381 6601 3380 6601 3416 6601 3381 6602 3416 6602 3419 6602 3360 6603 3418 6603 3361 6603 3360 6604 3420 6604 3418 6604 3382 6605 3381 6605 3419 6605 3382 6606 3419 6606 3421 6606 3359 6607 3420 6607 3360 6607 3359 6608 3422 6608 3420 6608 3383 6609 3382 6609 3421 6609 3383 6610 3421 6610 3423 6610 3384 6611 3383 6611 3423 6611 3384 6612 3423 6612 3424 6612 3358 6613 3425 6613 3422 6613 3358 6614 3422 6614 3359 6614 3357 6615 3425 6615 3358 6615 3357 6616 3426 6616 3425 6616 3385 6617 3384 6617 3424 6617 3356 6618 3427 6618 3426 6618 3356 6619 3426 6619 3357 6619 3386 6620 3385 6620 3424 6620 3386 6621 3424 6621 3428 6621 3355 6622 3427 6622 3356 6622 3355 6623 3430 6623 3427 6623 3387 6624 3428 6624 3429 6624 3387 6625 3386 6625 3428 6625 3354 6626 3430 6626 3355 6626 3388 6627 3429 6627 3431 6627 3388 6628 3387 6628 3429 6628 3433 6629 3430 6629 3354 6629 3353 6630 3433 6630 3354 6630 3389 6631 3388 6631 3431 6631 3432 6632 3389 6632 3431 6632 3434 6633 3433 6633 3353 6633 3390 6634 3389 6634 3432 6634 3352 6635 3434 6635 3353 6635 3435 6636 3390 6636 3432 6636 3391 6637 3390 6637 3435 6637 3351 6638 3434 6638 3352 6638 3392 6639 3391 6639 3435 6639 3350 6640 3434 6640 3351 6640 3436 6641 3434 6641 3350 6641 3437 6642 3393 6642 3392 6642 3437 6643 3392 6643 3435 6643 3394 6644 3393 6644 3437 6644 3440 6645 3394 6645 3437 6645 3349 6646 3436 6646 3350 6646 3438 6647 3436 6647 3349 6647 3438 6648 3349 6648 3348 6648 3440 6649 3395 6649 3394 6649 3396 6650 3395 6650 3440 6650 3439 6651 3348 6651 3347 6651 3439 6652 3438 6652 3348 6652 3346 6653 3439 6653 3347 6653 3441 6654 3396 6654 3440 6654 3397 6655 3396 6655 3441 6655 3442 6656 3439 6656 3346 6656 3442 6657 3346 6657 3345 6657 3444 6658 3398 6658 3397 6658 3444 6659 3397 6659 3441 6659 3443 6660 3344 6660 3343 6660 3443 6661 3345 6661 3344 6661 3443 6662 3442 6662 3345 6662 3444 6663 3399 6663 3398 6663 3444 6664 3400 6664 3399 6664 3446 6665 3443 6665 3343 6665 3445 6666 3400 6666 3444 6666 3445 6667 3401 6667 3400 6667 3447 6668 3343 6668 3342 6668 3447 6669 3446 6669 3343 6669 3448 6670 3401 6670 3445 6670 3447 6671 3342 6671 3341 6671 3448 6672 3402 6672 3401 6672 3449 6673 3447 6673 3341 6673 3450 6674 3402 6674 3448 6674 3450 6675 3403 6675 3402 6675 3449 6676 3340 6676 3339 6676 3449 6677 3341 6677 3340 6677 3451 6678 3403 6678 3450 6678 3452 6679 3449 6679 3339 6679 3451 6680 3317 6680 3316 6680 3451 6681 3316 6681 3403 6681 3452 6682 3339 6682 3338 6682 3453 6683 3317 6683 3451 6683 3453 6684 3318 6684 3317 6684 3453 6685 3319 6685 3318 6685 3455 6686 3338 6686 3337 6686 3455 6687 3452 6687 3338 6687 3454 6688 3319 6688 3453 6688 3455 6689 3336 6689 3335 6689 3455 6690 3337 6690 3336 6690 3454 6691 3320 6691 3319 6691 3456 6692 3455 6692 3335 6692 3457 6693 3321 6693 3320 6693 3457 6694 3320 6694 3454 6694 3456 6695 3335 6695 3334 6695 3458 6696 3321 6696 3457 6696 3458 6697 3322 6697 3321 6697 3459 6698 3456 6698 3334 6698 3459 6699 3333 6699 3332 6699 3459 6700 3334 6700 3333 6700 3461 6701 3322 6701 3458 6701 3461 6702 3323 6702 3322 6702 3460 6703 3459 6703 3332 6703 3462 6704 3332 6704 3331 6704 3462 6705 3460 6705 3332 6705 3463 6706 3324 6706 3323 6706 3463 6707 3325 6707 3324 6707 3463 6708 3323 6708 3461 6708 3462 6709 3331 6709 3330 6709 3464 6710 3462 6710 3330 6710 3464 6711 3330 6711 3329 6711 3465 6712 3325 6712 3463 6712 3465 6713 3326 6713 3325 6713 3466 6714 3328 6714 3327 6714 3466 6715 3329 6715 3328 6715 3466 6716 3464 6716 3329 6716 3467 6717 3327 6717 3326 6717 3467 6718 3326 6718 3465 6718 3467 6719 3466 6719 3327 6719 3453 6720 1854 6720 1853 6720 3453 6721 3451 6721 1854 6721 3454 6722 1853 6722 1851 6722 3454 6723 3453 6723 1853 6723 3457 6724 1851 6724 1849 6724 3457 6725 3454 6725 1851 6725 3458 6726 3457 6726 1849 6726 3458 6727 1849 6727 1846 6727 3461 6728 1846 6728 1844 6728 3461 6729 3458 6729 1846 6729 3461 6730 1844 6730 1843 6730 3463 6731 3461 6731 1843 6731 3463 6732 1843 6732 1840 6732 3463 6733 1840 6733 1839 6733 3465 6734 1839 6734 1836 6734 3465 6735 3463 6735 1839 6735 3467 6736 3465 6736 1836 6736 3467 6737 1836 6737 1835 6737 3466 6738 3467 6738 1835 6738 3464 6739 1835 6739 1833 6739 3464 6740 3466 6740 1835 6740 3464 6741 1833 6741 1830 6741 3462 6742 3464 6742 1830 6742 3462 6743 1830 6743 1828 6743 3460 6744 1828 6744 1827 6744 3460 6745 3462 6745 1828 6745 3459 6746 1827 6746 1824 6746 3459 6747 1824 6747 1820 6747 3459 6748 3460 6748 1827 6748 3456 6749 3459 6749 1820 6749 3456 6750 1820 6750 1817 6750 3455 6751 3456 6751 1817 6751 3455 6752 1817 6752 1815 6752 3452 6753 1815 6753 1813 6753 3452 6754 3455 6754 1815 6754 3452 6755 1813 6755 1811 6755 3449 6756 1811 6756 1810 6756 3449 6757 3452 6757 1811 6757 3449 6758 1810 6758 1807 6758 3447 6759 3449 6759 1807 6759 3446 6760 1807 6760 1804 6760 3446 6761 3447 6761 1807 6761 3443 6762 3446 6762 1804 6762 3443 6763 1804 6763 1802 6763 3442 6764 3443 6764 1802 6764 3442 6765 1802 6765 1800 6765 3439 6766 3442 6766 1800 6766 3439 6767 1800 6767 1798 6767 3439 6768 1798 6768 1795 6768 3438 6769 3439 6769 1795 6769 3438 6770 1795 6770 1794 6770 3436 6771 3438 6771 1794 6771 3436 6772 1794 6772 1793 6772 3434 6773 3436 6773 1793 6773 3434 6774 1793 6774 1797 6774 3433 6775 1797 6775 1799 6775 3433 6776 3434 6776 1797 6776 3430 6777 1799 6777 1801 6777 3430 6778 3433 6778 1799 6778 3430 6779 1801 6779 1803 6779 3427 6780 1803 6780 1805 6780 3427 6781 3430 6781 1803 6781 3426 6782 1805 6782 1806 6782 3426 6783 3427 6783 1805 6783 3425 6784 1806 6784 1808 6784 3425 6785 3426 6785 1806 6785 3422 6786 1808 6786 1809 6786 3422 6787 3425 6787 1808 6787 3420 6788 3422 6788 1809 6788 3420 6789 1809 6789 1812 6789 3420 6790 1812 6790 1814 6790 3418 6791 3420 6791 1814 6791 3418 6792 1814 6792 1816 6792 3417 6793 3418 6793 1816 6793 3415 6794 3417 6794 1816 6794 3415 6795 1816 6795 1818 6795 3411 6796 3415 6796 1818 6796 3411 6797 1818 6797 1821 6797 3411 6798 1821 6798 1823 6798 3412 6799 3411 6799 1823 6799 3412 6800 1823 6800 1826 6800 3410 6801 3412 6801 1826 6801 3410 6802 1826 6802 1829 6802 3408 6803 3410 6803 1829 6803 3408 6804 1829 6804 1831 6804 3405 6805 3408 6805 1831 6805 3405 6806 1831 6806 1832 6806 3405 6807 1832 6807 1834 6807 3404 6808 3405 6808 1834 6808 3404 6809 1834 6809 1837 6809 3406 6810 3404 6810 1837 6810 3406 6811 1837 6811 1838 6811 3406 6812 1838 6812 1841 6812 3407 6813 1841 6813 1842 6813 3407 6814 3406 6814 1841 6814 3409 6815 3407 6815 1842 6815 3409 6816 1842 6816 1845 6816 3413 6817 3409 6817 1845 6817 3413 6818 1845 6818 1847 6818 3414 6819 3413 6819 1847 6819 3414 6820 1847 6820 1848 6820 3414 6821 1848 6821 1850 6821 3416 6822 3414 6822 1850 6822 3416 6823 1850 6823 1852 6823 3419 6824 3416 6824 1852 6824 3419 6825 1852 6825 1855 6825 3421 6826 3419 6826 1855 6826 3421 6827 1855 6827 1856 6827 3421 6828 1856 6828 1857 6828 3423 6829 3421 6829 1857 6829 3423 6830 1857 6830 1859 6830 3423 6831 1859 6831 1862 6831 3424 6832 3423 6832 1862 6832 3424 6833 1862 6833 1864 6833 3428 6834 3424 6834 1864 6834 3428 6835 1864 6835 1866 6835 3429 6836 1866 6836 1868 6836 3429 6837 3428 6837 1866 6837 3431 6838 1868 6838 1870 6838 3431 6839 3429 6839 1868 6839 3431 6840 1870 6840 1872 6840 3432 6841 1872 6841 1874 6841 3432 6842 3431 6842 1872 6842 3435 6843 1874 6843 1875 6843 3435 6844 3432 6844 1874 6844 3435 6845 1875 6845 1877 6845 3437 6846 1877 6846 1876 6846 3437 6847 3435 6847 1877 6847 3440 6848 3437 6848 1876 6848 3440 6849 1876 6849 1873 6849 3441 6850 3440 6850 1873 6850 3441 6851 1873 6851 1871 6851 3441 6852 1871 6852 1869 6852 3444 6853 3441 6853 1869 6853 3444 6854 1869 6854 1865 6854 3445 6855 1865 6855 1863 6855 3445 6856 3444 6856 1865 6856 3448 6857 1863 6857 1861 6857 3448 6858 3445 6858 1863 6858 3450 6859 1861 6859 1858 6859 3450 6860 3448 6860 1861 6860 3451 6861 3450 6861 1858 6861 3451 6862 1858 6862 1854 6862 3468 6863 3503 6863 3242 6863 3469 6864 3242 6864 3234 6864 3470 6865 3234 6865 3224 6865 3471 6866 3224 6866 3220 6866 3471 6867 3470 6867 3224 6867 3472 6868 3220 6868 3215 6868 3473 6869 3207 6869 3474 6869 3475 6870 3474 6870 3476 6870 3478 6871 3477 6871 3476 6871 3479 6872 3478 6872 3238 6872 3480 6873 3238 6873 3244 6873 3481 6874 3244 6874 3253 6874 3482 6875 3253 6875 3258 6875 3483 6876 3258 6876 3262 6876 3484 6877 3262 6877 3485 6877 3486 6878 3485 6878 3277 6878 3488 6879 3277 6879 3487 6879 3488 6880 3487 6880 3289 6880 3489 6881 3488 6881 3289 6881 3490 6882 3289 6882 3297 6882 3491 6883 3297 6883 3492 6883 3493 6884 3492 6884 3314 6884 3494 6885 3314 6885 3312 6885 3495 6886 3312 6886 3303 6886 3496 6887 3495 6887 3303 6887 3496 6888 3303 6888 3294 6888 3497 6889 3294 6889 3288 6889 3498 6890 3288 6890 3282 6890 3499 6891 3282 6891 3270 6891 3500 6892 3270 6892 3266 6892 3500 6893 3266 6893 3501 6893 3504 6894 3501 6894 3503 6894 3504 6895 3502 6895 3501 6895 3500 6896 3499 6896 3270 6896 3499 6897 3498 6897 3282 6897 3501 6898 3502 6898 3500 6898 3498 6899 3497 6899 3288 6899 3497 6900 3496 6900 3294 6900 3503 6901 3468 6901 3504 6901 3242 6902 3469 6902 3468 6902 3502 6903 3469 6903 3500 6903 3504 6904 3469 6904 3502 6904 3468 6905 3469 6905 3504 6905 3495 6906 3494 6906 3312 6906 3234 6907 3470 6907 3469 6907 3494 6908 3493 6908 3314 6908 3469 6909 3470 6909 3500 6909 3500 6910 3470 6910 3499 6910 3499 6911 3470 6911 3498 6911 3496 6912 3471 6912 3495 6912 3495 6913 3471 6913 3494 6913 3470 6914 3471 6914 3498 6914 3498 6915 3471 6915 3497 6915 3497 6916 3471 6916 3496 6916 3493 6917 3491 6917 3492 6917 3220 6918 3472 6918 3471 6918 3491 6919 3490 6919 3297 6919 3215 6920 3473 6920 3472 6920 3207 6921 3473 6921 3215 6921 3472 6922 3473 6922 3471 6922 3471 6923 3473 6923 3494 6923 3494 6924 3489 6924 3493 6924 3493 6925 3489 6925 3491 6925 3491 6926 3489 6926 3490 6926 3490 6927 3489 6927 3289 6927 3494 6928 3488 6928 3489 6928 3474 6929 3475 6929 3473 6929 3476 6930 3477 6930 3475 6930 3473 6931 3477 6931 3494 6931 3494 6932 3477 6932 3488 6932 3475 6933 3477 6933 3473 6933 3488 6934 3486 6934 3277 6934 3486 6935 3484 6935 3485 6935 3478 6936 3479 6936 3477 6936 3238 6937 3480 6937 3479 6937 3484 6938 3483 6938 3262 6938 3486 6939 3482 6939 3484 6939 3483 6940 3482 6940 3258 6940 3484 6941 3482 6941 3483 6941 3244 6942 3481 6942 3480 6942 3477 6943 3481 6943 3488 6943 3488 6944 3481 6944 3486 6944 3479 6945 3481 6945 3477 6945 3480 6946 3481 6946 3479 6946 3482 6947 3481 6947 3253 6947 3486 6948 3481 6948 3482 6948 3505 6949 3562 6949 1721 6949 3505 6950 1721 6950 1725 6950 3506 6951 3505 6951 1725 6951 3507 6952 1725 6952 1726 6952 3507 6953 3506 6953 1725 6953 3508 6954 1726 6954 1729 6954 3508 6955 3507 6955 1726 6955 3509 6956 3508 6956 1729 6956 3509 6957 1729 6957 1731 6957 3510 6958 3509 6958 1731 6958 3510 6959 1731 6959 1732 6959 3511 6960 3510 6960 1732 6960 3511 6961 1732 6961 1733 6961 3512 6962 3511 6962 1733 6962 3512 6963 1733 6963 1730 6963 3513 6964 3512 6964 1730 6964 3513 6965 1730 6965 1728 6965 3514 6966 3513 6966 1728 6966 3514 6967 1728 6967 1727 6967 3515 6968 1727 6968 1724 6968 3515 6969 3514 6969 1727 6969 3516 6970 1724 6970 1723 6970 3516 6971 3515 6971 1724 6971 3517 6972 1723 6972 1722 6972 3517 6973 3516 6973 1723 6973 3518 6974 3517 6974 1722 6974 3519 6975 1722 6975 1719 6975 3519 6976 3518 6976 1722 6976 3520 6977 3519 6977 1719 6977 3520 6978 1719 6978 1717 6978 3521 6979 3520 6979 1717 6979 3521 6980 1717 6980 1713 6980 3522 6981 3521 6981 1713 6981 3522 6982 1713 6982 1710 6982 3522 6983 1710 6983 1708 6983 3523 6984 3522 6984 1708 6984 3523 6985 1708 6985 1706 6985 3524 6986 3523 6986 1706 6986 3524 6987 1706 6987 1705 6987 3525 6988 3524 6988 1705 6988 3525 6989 1705 6989 1699 6989 3526 6990 3525 6990 1699 6990 3526 6991 1699 6991 1696 6991 3527 6992 3526 6992 1696 6992 3527 6993 1696 6993 1694 6993 3528 6994 3527 6994 1694 6994 3528 6995 1694 6995 1692 6995 3529 6996 3528 6996 1692 6996 3530 6997 3529 6997 1692 6997 3530 6998 1692 6998 1689 6998 3531 6999 1689 6999 1685 6999 3531 7000 3530 7000 1689 7000 3532 7001 3531 7001 1685 7001 3532 7002 1685 7002 1683 7002 3533 7003 3532 7003 1683 7003 3533 7004 1683 7004 1681 7004 3534 7005 3533 7005 1681 7005 3534 7006 1681 7006 1680 7006 3534 7007 1680 7007 1677 7007 3535 7008 3534 7008 1677 7008 3536 7009 3535 7009 1677 7009 3536 7010 1677 7010 1675 7010 3536 7011 1675 7011 1673 7011 3537 7012 3536 7012 1673 7012 3537 7013 1673 7013 1672 7013 3538 7014 3537 7014 1672 7014 3538 7015 1672 7015 1669 7015 3539 7016 1669 7016 1666 7016 3539 7017 3538 7017 1669 7017 3540 7018 1666 7018 1664 7018 3540 7019 3539 7019 1666 7019 3540 7020 1664 7020 1665 7020 3541 7021 3540 7021 1665 7021 3541 7022 1665 7022 1667 7022 3542 7023 1667 7023 1668 7023 3542 7024 1668 7024 1670 7024 3542 7025 3541 7025 1667 7025 3543 7026 3542 7026 1670 7026 3544 7027 1670 7027 1671 7027 3544 7028 3543 7028 1670 7028 3544 7029 1671 7029 1674 7029 3545 7030 3544 7030 1674 7030 3546 7031 3545 7031 1674 7031 3546 7032 1674 7032 1676 7032 3546 7033 1676 7033 1679 7033 3547 7034 1679 7034 1682 7034 3547 7035 3546 7035 1679 7035 3548 7036 3547 7036 1682 7036 3548 7037 1682 7037 1684 7037 3549 7038 3548 7038 1684 7038 3549 7039 1684 7039 1686 7039 3550 7040 3549 7040 1686 7040 3550 7041 1686 7041 1688 7041 3551 7042 3550 7042 1688 7042 3551 7043 1688 7043 1690 7043 3551 7044 1690 7044 1693 7044 3552 7045 3551 7045 1693 7045 3552 7046 1693 7046 1695 7046 3553 7047 3552 7047 1695 7047 3553 7048 1695 7048 1698 7048 3554 7049 3553 7049 1698 7049 3555 7050 1698 7050 1700 7050 3555 7051 3554 7051 1698 7051 3555 7052 1700 7052 1702 7052 3556 7053 3555 7053 1702 7053 3556 7054 1702 7054 1704 7054 3557 7055 3556 7055 1704 7055 3557 7056 1704 7056 1707 7056 3558 7057 3557 7057 1707 7057 3558 7058 1707 7058 1709 7058 3559 7059 3558 7059 1709 7059 3559 7060 1709 7060 1711 7060 3560 7061 3559 7061 1711 7061 3560 7062 1711 7062 1714 7062 3560 7063 1714 7063 1716 7063 3561 7064 3560 7064 1716 7064 3561 7065 1716 7065 1718 7065 3562 7066 3561 7066 1718 7066 3562 7067 1718 7067 1721 7067 3556 7068 3564 7068 3555 7068 3555 7069 3564 7069 3563 7069 3555 7070 3563 7070 3554 7070 3556 7071 3565 7071 3564 7071 3563 7072 3566 7072 3554 7072 3556 7073 3568 7073 3565 7073 3554 7074 3567 7074 3553 7074 3566 7075 3567 7075 3554 7075 3557 7076 3568 7076 3556 7076 3567 7077 3569 7077 3553 7077 3557 7078 3570 7078 3568 7078 3569 7079 3571 7079 3553 7079 3553 7080 3571 7080 3552 7080 3558 7081 3570 7081 3557 7081 3558 7082 3573 7082 3570 7082 3552 7083 3572 7083 3551 7083 3571 7084 3572 7084 3552 7084 3559 7085 3573 7085 3558 7085 3572 7086 3575 7086 3551 7086 3559 7087 3574 7087 3573 7087 3551 7088 3576 7088 3550 7088 3575 7089 3576 7089 3551 7089 3560 7090 3577 7090 3559 7090 3559 7091 3577 7091 3574 7091 3576 7092 3578 7092 3550 7092 3560 7093 3579 7093 3577 7093 3561 7094 3579 7094 3560 7094 3578 7095 3580 7095 3550 7095 3550 7096 3580 7096 3549 7096 3561 7097 3582 7097 3579 7097 3580 7098 3581 7098 3549 7098 3549 7099 3581 7099 3548 7099 3581 7100 3583 7100 3548 7100 3562 7101 3584 7101 3561 7101 3561 7102 3584 7102 3582 7102 3548 7103 3583 7103 3547 7103 3562 7104 3585 7104 3584 7104 3583 7105 3586 7105 3547 7105 3505 7106 3585 7106 3562 7106 3586 7107 3587 7107 3547 7107 3505 7108 3588 7108 3585 7108 3547 7109 3589 7109 3546 7109 3587 7110 3589 7110 3547 7110 3506 7111 3588 7111 3505 7111 3506 7112 3590 7112 3588 7112 3589 7113 3592 7113 3546 7113 3506 7114 3591 7114 3590 7114 3546 7115 3592 7115 3545 7115 3507 7116 3594 7116 3506 7116 3506 7117 3594 7117 3591 7117 3592 7118 3593 7118 3545 7118 3545 7119 3593 7119 3544 7119 3508 7120 3595 7120 3507 7120 3507 7121 3595 7121 3594 7121 3593 7122 3597 7122 3544 7122 3508 7123 3596 7123 3595 7123 3544 7124 3597 7124 3543 7124 3508 7125 3598 7125 3596 7125 3597 7126 3599 7126 3543 7126 3509 7127 3598 7127 3508 7127 3599 7128 3600 7128 3543 7128 3543 7129 3600 7129 3542 7129 3600 7130 3541 7130 3542 7130 3509 7131 3601 7131 3598 7131 3600 7132 3602 7132 3541 7132 3510 7133 3603 7133 3509 7133 3509 7134 3603 7134 3601 7134 3511 7135 3604 7135 3510 7135 3510 7136 3604 7136 3603 7136 3602 7137 3605 7137 3541 7137 3541 7138 3605 7138 3540 7138 3604 7139 3511 7139 3606 7139 3605 7140 3607 7140 3540 7140 3511 7141 3512 7141 3606 7141 3606 7142 3512 7142 3608 7142 3607 7143 3610 7143 3540 7143 3608 7144 3512 7144 3609 7144 3610 7145 3539 7145 3540 7145 3609 7146 3513 7146 3611 7146 3512 7147 3513 7147 3609 7147 3612 7148 3539 7148 3610 7148 3612 7149 3613 7149 3539 7149 3611 7150 3513 7150 3614 7150 3613 7151 3538 7151 3539 7151 3513 7152 3514 7152 3614 7152 3616 7153 3538 7153 3613 7153 3614 7154 3514 7154 3615 7154 3615 7155 3515 7155 3620 7155 3514 7156 3515 7156 3615 7156 3616 7157 3537 7157 3538 7157 3617 7158 3537 7158 3616 7158 3618 7159 3537 7159 3619 7159 3619 7160 3537 7160 3617 7160 3618 7161 3536 7161 3537 7161 3620 7162 3516 7162 3621 7162 3621 7163 3516 7163 3622 7163 3515 7164 3516 7164 3620 7164 3618 7165 3535 7165 3536 7165 3624 7166 3535 7166 3623 7166 3623 7167 3535 7167 3618 7167 3516 7168 3517 7168 3622 7168 3624 7169 3534 7169 3535 7169 3622 7170 3518 7170 3625 7170 3517 7171 3518 7171 3622 7171 3625 7172 3518 7172 3627 7172 3626 7173 3534 7173 3624 7173 3518 7174 3519 7174 3627 7174 3626 7175 3533 7175 3534 7175 3630 7176 3533 7176 3628 7176 3628 7177 3533 7177 3626 7177 3627 7178 3519 7178 3629 7178 3630 7179 3532 7179 3533 7179 3519 7180 3520 7180 3629 7180 3629 7181 3520 7181 3631 7181 3632 7182 3532 7182 3630 7182 3520 7183 3521 7183 3631 7183 3631 7184 3521 7184 3633 7184 3632 7185 3531 7185 3532 7185 3634 7186 3531 7186 3632 7186 3637 7187 3531 7187 3635 7187 3635 7188 3531 7188 3634 7188 3633 7189 3521 7189 3636 7189 3637 7190 3530 7190 3531 7190 3521 7191 3522 7191 3636 7191 3636 7192 3522 7192 3638 7192 3637 7193 3529 7193 3530 7193 3639 7194 3529 7194 3640 7194 3640 7195 3529 7195 3637 7195 3638 7196 3522 7196 3641 7196 3522 7197 3523 7197 3641 7197 3639 7198 3528 7198 3529 7198 3643 7199 3528 7199 3639 7199 3641 7200 3523 7200 3642 7200 3643 7201 3527 7201 3528 7201 3642 7202 3524 7202 3645 7202 3523 7203 3524 7203 3642 7203 3644 7204 3527 7204 3643 7204 3645 7205 3524 7205 3646 7205 3644 7206 3526 7206 3527 7206 3647 7207 3526 7207 3644 7207 3524 7208 3525 7208 3646 7208 3648 7209 3526 7209 3647 7209 3648 7210 3525 7210 3526 7210 3646 7211 3525 7211 3648 7211 3650 7212 3585 7212 3588 7212 3650 7213 3649 7213 3585 7213 3651 7214 3650 7214 3588 7214 3652 7215 3588 7215 3590 7215 3652 7216 3651 7216 3588 7216 3653 7217 3652 7217 3590 7217 3654 7218 3590 7218 3591 7218 3654 7219 3653 7219 3590 7219 3655 7220 3591 7220 3594 7220 3655 7221 3654 7221 3591 7221 3656 7222 3594 7222 3595 7222 3656 7223 3655 7223 3594 7223 3657 7224 3656 7224 3595 7224 3657 7225 3595 7225 3596 7225 3658 7226 3596 7226 3598 7226 3658 7227 3657 7227 3596 7227 3659 7228 3658 7228 3598 7228 3660 7229 3659 7229 3598 7229 3660 7230 3598 7230 3601 7230 3660 7231 3601 7231 3603 7231 3661 7232 3660 7232 3603 7232 3662 7233 3661 7233 3603 7233 3662 7234 3603 7234 3604 7234 3663 7235 3662 7235 3604 7235 3663 7236 3604 7236 3606 7236 3664 7237 3663 7237 3606 7237 3665 7238 3664 7238 3606 7238 3665 7239 3606 7239 3608 7239 3665 7240 3608 7240 3609 7240 3666 7241 3665 7241 3609 7241 3667 7242 3666 7242 3609 7242 3667 7243 3609 7243 3611 7243 3668 7244 3667 7244 3611 7244 3669 7245 3668 7245 3611 7245 3669 7246 3611 7246 3614 7246 3670 7247 3669 7247 3614 7247 3670 7248 3614 7248 3615 7248 3671 7249 3670 7249 3615 7249 3766 7250 3615 7250 3620 7250 3766 7251 3671 7251 3615 7251 3672 7252 3766 7252 3620 7252 3673 7253 3620 7253 3621 7253 3673 7254 3672 7254 3620 7254 3674 7255 3621 7255 3622 7255 3674 7256 3673 7256 3621 7256 3675 7257 3622 7257 3625 7257 3675 7258 3674 7258 3622 7258 3676 7259 3625 7259 3627 7259 3676 7260 3675 7260 3625 7260 3677 7261 3627 7261 3629 7261 3677 7262 3676 7262 3627 7262 3678 7263 3677 7263 3629 7263 3765 7264 3629 7264 3631 7264 3765 7265 3678 7265 3629 7265 3679 7266 3631 7266 3633 7266 3679 7267 3765 7267 3631 7267 3680 7268 3679 7268 3633 7268 3681 7269 3680 7269 3633 7269 3681 7270 3633 7270 3636 7270 3682 7271 3681 7271 3636 7271 3683 7272 3682 7272 3636 7272 3683 7273 3636 7273 3638 7273 3684 7274 3683 7274 3638 7274 3684 7275 3638 7275 3641 7275 3685 7276 3684 7276 3641 7276 3685 7277 3641 7277 3642 7277 3686 7278 3685 7278 3642 7278 3687 7279 3686 7279 3642 7279 3687 7280 3642 7280 3645 7280 3688 7281 3687 7281 3645 7281 3688 7282 3645 7282 3646 7282 3689 7283 3688 7283 3646 7283 3690 7284 3689 7284 3646 7284 3691 7285 3690 7285 3646 7285 3691 7286 3646 7286 3648 7286 3692 7287 3691 7287 3648 7287 3692 7288 3648 7288 3647 7288 3693 7289 3692 7289 3647 7289 3693 7290 3647 7290 3644 7290 3694 7291 3693 7291 3644 7291 3695 7292 3694 7292 3644 7292 3695 7293 3644 7293 3643 7293 3696 7294 3695 7294 3643 7294 3696 7295 3643 7295 3639 7295 3764 7296 3696 7296 3639 7296 3697 7297 3764 7297 3639 7297 3697 7298 3639 7298 3640 7298 3698 7299 3697 7299 3640 7299 3698 7300 3640 7300 3637 7300 3699 7301 3698 7301 3637 7301 3763 7302 3637 7302 3635 7302 3763 7303 3699 7303 3637 7303 3700 7304 3635 7304 3634 7304 3700 7305 3763 7305 3635 7305 3762 7306 3634 7306 3632 7306 3762 7307 3700 7307 3634 7307 3701 7308 3632 7308 3630 7308 3701 7309 3762 7309 3632 7309 3702 7310 3701 7310 3630 7310 3703 7311 3702 7311 3630 7311 3703 7312 3630 7312 3628 7312 3761 7313 3703 7313 3628 7313 3761 7314 3628 7314 3626 7314 3704 7315 3761 7315 3626 7315 3704 7316 3626 7316 3624 7316 3705 7317 3704 7317 3624 7317 3706 7318 3705 7318 3624 7318 3706 7319 3624 7319 3623 7319 3760 7320 3706 7320 3623 7320 3760 7321 3623 7321 3618 7321 3707 7322 3760 7322 3618 7322 3707 7323 3618 7323 3619 7323 3708 7324 3707 7324 3619 7324 3708 7325 3619 7325 3617 7325 3759 7326 3708 7326 3617 7326 3759 7327 3617 7327 3616 7327 3709 7328 3759 7328 3616 7328 3710 7329 3709 7329 3616 7329 3710 7330 3616 7330 3613 7330 3711 7331 3710 7331 3613 7331 3711 7332 3613 7332 3612 7332 3712 7333 3711 7333 3612 7333 3713 7334 3612 7334 3610 7334 3713 7335 3712 7335 3612 7335 3758 7336 3610 7336 3607 7336 3758 7337 3713 7337 3610 7337 3714 7338 3607 7338 3605 7338 3714 7339 3758 7339 3607 7339 3715 7340 3714 7340 3605 7340 3716 7341 3605 7341 3602 7341 3716 7342 3715 7342 3605 7342 3717 7343 3602 7343 3600 7343 3717 7344 3716 7344 3602 7344 3718 7345 3717 7345 3600 7345 3719 7346 3600 7346 3599 7346 3719 7347 3718 7347 3600 7347 3720 7348 3599 7348 3597 7348 3720 7349 3719 7349 3599 7349 3757 7350 3597 7350 3593 7350 3757 7351 3720 7351 3597 7351 3721 7352 3757 7352 3593 7352 3722 7353 3721 7353 3593 7353 3722 7354 3593 7354 3592 7354 3756 7355 3722 7355 3592 7355 3723 7356 3756 7356 3592 7356 3723 7357 3592 7357 3589 7357 3755 7358 3723 7358 3589 7358 3724 7359 3589 7359 3587 7359 3724 7360 3755 7360 3589 7360 3725 7361 3587 7361 3586 7361 3725 7362 3724 7362 3587 7362 3726 7363 3586 7363 3583 7363 3726 7364 3725 7364 3586 7364 3754 7365 3726 7365 3583 7365 3727 7366 3583 7366 3581 7366 3727 7367 3754 7367 3583 7367 3728 7368 3581 7368 3580 7368 3728 7369 3727 7369 3581 7369 3729 7370 3580 7370 3578 7370 3729 7371 3728 7371 3580 7371 3753 7372 3578 7372 3576 7372 3753 7373 3729 7373 3578 7373 3730 7374 3576 7374 3575 7374 3730 7375 3753 7375 3576 7375 3731 7376 3730 7376 3575 7376 3732 7377 3575 7377 3572 7377 3732 7378 3731 7378 3575 7378 3752 7379 3572 7379 3571 7379 3752 7380 3732 7380 3572 7380 3733 7381 3752 7381 3571 7381 3733 7382 3571 7382 3569 7382 3734 7383 3733 7383 3569 7383 3735 7384 3569 7384 3567 7384 3735 7385 3567 7385 3566 7385 3735 7386 3734 7386 3569 7386 3736 7387 3735 7387 3566 7387 3736 7388 3566 7388 3563 7388 3751 7389 3736 7389 3563 7389 3737 7390 3563 7390 3564 7390 3737 7391 3564 7391 3565 7391 3737 7392 3751 7392 3563 7392 3738 7393 3737 7393 3565 7393 3739 7394 3738 7394 3565 7394 3739 7395 3565 7395 3568 7395 3740 7396 3739 7396 3568 7396 3740 7397 3568 7397 3570 7397 3741 7398 3740 7398 3570 7398 3742 7399 3741 7399 3570 7399 3743 7400 3742 7400 3570 7400 3743 7401 3570 7401 3573 7401 3744 7402 3743 7402 3573 7402 3744 7403 3573 7403 3574 7403 3745 7404 3744 7404 3574 7404 3745 7405 3574 7405 3577 7405 3746 7406 3745 7406 3577 7406 3747 7407 3746 7407 3577 7407 3747 7408 3577 7408 3579 7408 3748 7409 3747 7409 3579 7409 3748 7410 3579 7410 3582 7410 3749 7411 3748 7411 3582 7411 3749 7412 3582 7412 3584 7412 3750 7413 3749 7413 3584 7413 3649 7414 3584 7414 3585 7414 3649 7415 3750 7415 3584 7415 3750 7416 3649 7416 3651 7416 3749 7417 3750 7417 3651 7417 3747 7418 3748 7418 3749 7418 3746 7419 3747 7419 3749 7419 3745 7420 3749 7420 3742 7420 3745 7421 3746 7421 3749 7421 3744 7422 3745 7422 3742 7422 3743 7423 3744 7423 3742 7423 3740 7424 3741 7424 3742 7424 3738 7425 3739 7425 3740 7425 3737 7426 3740 7426 3751 7426 3737 7427 3738 7427 3740 7427 3735 7428 3736 7428 3751 7428 3734 7429 3751 7429 3752 7429 3734 7430 3735 7430 3751 7430 3733 7431 3734 7431 3752 7431 3732 7432 3752 7432 3753 7432 3731 7433 3732 7433 3753 7433 3730 7434 3731 7434 3753 7434 3729 7435 3753 7435 3754 7435 3728 7436 3729 7436 3754 7436 3727 7437 3728 7437 3754 7437 3726 7438 3754 7438 3755 7438 3725 7439 3726 7439 3755 7439 3724 7440 3725 7440 3755 7440 3723 7441 3755 7441 3756 7441 3722 7442 3756 7442 3757 7442 3721 7443 3722 7443 3757 7443 3718 7444 3719 7444 3720 7444 3717 7445 3718 7445 3720 7445 3715 7446 3716 7446 3717 7446 3758 7447 3715 7447 3717 7447 3714 7448 3715 7448 3758 7448 3712 7449 3713 7449 3758 7449 3711 7450 3712 7450 3758 7450 3711 7451 3758 7451 3759 7451 3710 7452 3711 7452 3759 7452 3709 7453 3710 7453 3759 7453 3708 7454 3759 7454 3760 7454 3707 7455 3708 7455 3760 7455 3706 7456 3760 7456 3761 7456 3705 7457 3706 7457 3761 7457 3704 7458 3705 7458 3761 7458 3703 7459 3761 7459 3762 7459 3702 7460 3703 7460 3762 7460 3701 7461 3702 7461 3762 7461 3700 7462 3762 7462 3763 7462 3699 7463 3763 7463 3764 7463 3698 7464 3699 7464 3764 7464 3697 7465 3698 7465 3764 7465 3696 7466 3764 7466 3694 7466 3695 7467 3696 7467 3694 7467 3692 7468 3693 7468 3694 7468 3690 7469 3692 7469 3694 7469 3691 7470 3692 7470 3690 7470 3687 7471 3688 7471 3689 7471 3686 7472 3687 7472 3689 7472 3685 7473 3686 7473 3689 7473 3683 7474 3684 7474 3685 7474 3682 7475 3683 7475 3685 7475 3765 7476 3682 7476 3685 7476 3681 7477 3682 7477 3765 7477 3680 7478 3681 7478 3765 7478 3679 7479 3680 7479 3765 7479 3678 7480 3765 7480 3676 7480 3677 7481 3678 7481 3676 7481 3674 7482 3676 7482 3766 7482 3674 7483 3675 7483 3676 7483 3673 7484 3674 7484 3766 7484 3672 7485 3673 7485 3766 7485 3669 7486 3670 7486 3671 7486 3668 7487 3669 7487 3671 7487 3667 7488 3668 7488 3671 7488 3666 7489 3667 7489 3671 7489 3664 7490 3665 7490 3666 7490 3663 7491 3664 7491 3666 7491 3662 7492 3663 7492 3666 7492 3660 7493 3661 7493 3662 7493 3659 7494 3660 7494 3662 7494 3658 7495 3659 7495 3662 7495 3656 7496 3658 7496 3662 7496 3657 7497 3658 7497 3656 7497 3654 7498 3655 7498 3656 7498 3652 7499 3653 7499 3654 7499 3651 7500 3652 7500 3654 7500 3649 7501 3650 7501 3651 7501 3740 7502 3767 7502 3751 7502 3767 7503 3768 7503 3751 7503 3740 7504 3769 7504 3767 7504 3751 7505 3768 7505 3752 7505 3742 7506 3769 7506 3740 7506 3752 7507 3768 7507 3753 7507 3768 7508 3816 7508 3753 7508 3742 7509 3822 7509 3769 7509 3753 7510 3816 7510 3754 7510 3749 7511 3822 7511 3742 7511 3749 7512 3770 7512 3822 7512 3816 7513 3771 7513 3754 7513 3754 7514 3771 7514 3755 7514 3651 7515 3770 7515 3749 7515 3771 7516 3772 7516 3755 7516 3651 7517 3773 7517 3770 7517 3755 7518 3772 7518 3756 7518 3654 7519 3773 7519 3651 7519 3772 7520 3774 7520 3756 7520 3654 7521 3786 7521 3773 7521 3756 7522 3774 7522 3757 7522 3656 7523 3786 7523 3654 7523 3774 7524 3812 7524 3757 7524 3757 7525 3812 7525 3720 7525 3662 7526 3775 7526 3656 7526 3656 7527 3775 7527 3786 7527 3812 7528 3776 7528 3720 7528 3776 7529 3717 7529 3720 7529 3662 7530 3789 7530 3775 7530 3662 7531 3666 7531 3789 7531 3776 7532 3778 7532 3717 7532 3778 7533 3758 7533 3717 7533 3666 7534 3777 7534 3789 7534 3778 7535 3780 7535 3758 7535 3666 7536 3671 7536 3777 7536 3671 7537 3779 7537 3777 7537 3780 7538 3759 7538 3758 7538 3781 7539 3759 7539 3780 7539 3781 7540 3760 7540 3759 7540 3779 7541 3766 7541 3793 7541 3671 7542 3766 7542 3779 7542 3782 7543 3760 7543 3781 7543 3782 7544 3761 7544 3760 7544 3793 7545 3766 7545 3795 7545 3766 7546 3676 7546 3795 7546 3795 7547 3676 7547 3783 7547 3782 7548 3762 7548 3761 7548 3807 7549 3762 7549 3782 7549 3676 7550 3765 7550 3783 7550 3807 7551 3763 7551 3762 7551 3783 7552 3765 7552 3797 7552 3805 7553 3763 7553 3807 7553 3805 7554 3764 7554 3763 7554 3765 7555 3685 7555 3797 7555 3797 7556 3685 7556 3799 7556 3803 7557 3764 7557 3805 7557 3685 7558 3689 7558 3799 7558 3803 7559 3694 7559 3764 7559 3799 7560 3689 7560 3801 7560 3784 7561 3694 7561 3803 7561 3689 7562 3690 7562 3801 7562 3801 7563 3690 7563 3784 7563 3784 7564 3690 7564 3694 7564 3787 7565 3786 7565 3775 7565 3788 7566 3775 7566 3789 7566 3790 7567 3789 7567 3777 7567 3791 7568 3777 7568 3779 7568 3793 7569 3792 7569 3779 7569 3795 7570 3794 7570 3793 7570 3796 7571 3795 7571 3783 7571 3801 7572 3800 7572 3799 7572 3802 7573 3801 7573 3784 7573 3804 7574 3803 7574 3805 7574 3807 7575 3806 7575 3805 7575 3808 7576 3807 7576 3782 7576 3809 7577 3782 7577 3781 7577 3809 7578 3781 7578 3780 7578 3810 7579 3780 7579 3778 7579 3810 7580 3778 7580 3776 7580 3812 7581 3811 7581 3776 7581 3813 7582 3812 7582 3774 7582 3814 7583 3774 7583 3772 7583 3815 7584 3772 7584 3771 7584 3815 7585 3771 7585 3816 7585 3817 7586 3816 7586 3768 7586 3818 7587 3817 7587 3768 7587 3819 7588 3768 7588 3767 7588 3820 7589 3767 7589 3769 7589 3821 7590 3769 7590 3822 7590 3823 7591 3822 7591 3770 7591 3824 7592 3823 7592 3770 7592 3785 7593 3773 7593 3786 7593 3810 7594 3776 7594 3811 7594 3813 7595 3810 7595 3811 7595 3813 7596 3811 7596 3812 7596 3814 7597 3813 7597 3774 7597 3809 7598 3780 7598 3810 7598 3815 7599 3814 7599 3772 7599 3808 7600 3782 7600 3809 7600 3815 7601 3810 7601 3813 7601 3815 7602 3813 7602 3814 7602 3817 7603 3810 7603 3815 7603 3817 7604 3815 7604 3816 7604 3806 7605 3807 7605 3808 7605 3818 7606 3810 7606 3817 7606 3819 7607 3818 7607 3768 7607 3804 7608 3805 7608 3806 7608 3820 7609 3819 7609 3767 7609 3820 7610 3818 7610 3819 7610 3802 7611 3804 7611 3806 7611 3802 7612 3784 7612 3803 7612 3802 7613 3803 7613 3804 7613 3821 7614 3820 7614 3769 7614 3823 7615 3821 7615 3822 7615 3823 7616 3810 7616 3818 7616 3823 7617 3818 7617 3820 7617 3823 7618 3809 7618 3810 7618 3823 7619 3820 7619 3821 7619 3800 7620 3801 7620 3802 7620 3773 7621 3824 7621 3770 7621 3798 7622 3797 7622 3799 7622 3798 7623 3799 7623 3800 7623 3785 7624 3824 7624 3773 7624 3785 7625 3823 7625 3824 7625 3785 7626 3809 7626 3823 7626 3798 7627 3783 7627 3797 7627 3796 7628 3783 7628 3798 7628 3796 7629 3798 7629 3800 7629 3787 7630 3808 7630 3809 7630 3787 7631 3809 7631 3785 7631 3787 7632 3806 7632 3808 7632 3787 7633 3785 7633 3786 7633 3794 7634 3795 7634 3796 7634 3788 7635 3787 7635 3775 7635 3788 7636 3806 7636 3787 7636 3792 7637 3796 7637 3800 7637 3792 7638 3794 7638 3796 7638 3792 7639 3793 7639 3794 7639 3790 7640 3788 7640 3789 7640 3791 7641 3779 7641 3792 7641 3791 7642 3802 7642 3806 7642 3791 7643 3792 7643 3800 7643 3791 7644 3800 7644 3802 7644 3791 7645 3790 7645 3777 7645 3791 7646 3806 7646 3788 7646 3791 7647 3788 7647 3790 7647 2729 7648 3827 7648 3826 7648 3826 7649 3828 7649 3825 7649 3826 7650 3831 7650 3828 7650 3827 7651 3831 7651 3826 7651 3828 7652 3832 7652 3829 7652 3829 7653 3832 7653 3830 7653 3831 7654 3832 7654 3828 7654 3832 7655 3835 7655 3830 7655 3830 7656 3835 7656 3833 7656 3833 7657 3834 7657 2737 7657 3835 7658 3834 7658 3833 7658 3836 7659 3838 7659 3835 7659 3835 7660 3838 7660 3834 7660 3837 7661 3839 7661 2741 7661 3838 7662 3842 7662 3834 7662 3834 7663 3842 7663 3837 7663 3840 7664 3842 7664 3838 7664 3837 7665 3842 7665 3839 7665 3839 7666 3844 7666 3841 7666 3845 7667 3842 7667 3843 7667 3846 7668 3842 7668 3845 7668 3839 7669 3849 7669 3844 7669 3844 7670 3849 7670 3847 7670 3842 7671 3849 7671 3839 7671 3850 7672 3851 7672 3849 7672 3849 7673 3851 7673 3847 7673 3848 7674 3851 7674 3850 7674 3847 7675 3851 7675 3848 7675 3831 7676 2734 7676 2735 7676 3832 7677 3831 7677 2735 7677 3835 7678 2735 7678 2736 7678 3835 7679 3832 7679 2735 7679 3836 7680 3835 7680 2736 7680 3836 7681 2736 7681 2740 7681 3838 7682 3836 7682 2740 7682 3838 7683 2740 7683 3840 7683 3842 7684 3840 7684 2742 7684 3843 7685 3842 7685 2742 7685 3843 7686 2742 7686 2744 7686 3845 7687 2744 7687 3846 7687 3845 7688 3843 7688 2744 7688 3842 7689 3846 7689 2746 7689 3849 7690 3842 7690 2746 7690 3850 7691 3849 7691 2746 7691 3848 7692 3850 7692 2747 7692 3848 7693 2747 7693 2745 7693 3847 7694 3848 7694 2745 7694 3847 7695 2745 7695 2743 7695 3844 7696 3847 7696 2743 7696 3844 7697 2743 7697 3841 7697 3839 7698 3841 7698 2741 7698 3837 7699 2741 7699 2739 7699 3834 7700 2739 7700 2738 7700 3834 7701 3837 7701 2739 7701 2737 7702 3834 7702 2738 7702 3830 7703 3833 7703 2737 7703 3830 7704 2737 7704 2733 7704 3829 7705 3830 7705 2733 7705 3829 7706 2733 7706 2732 7706 3828 7707 3829 7707 2732 7707 3828 7708 2732 7708 2730 7708 3825 7709 3828 7709 2730 7709 3826 7710 2730 7710 2729 7710 3826 7711 3825 7711 2730 7711 3827 7712 2729 7712 2731 7712 3827 7713 2731 7713 2734 7713 3831 7714 3827 7714 2734 7714 3852 7715 3853 7715 3854 7715 3852 7716 3854 7716 3853 7716 3857 7717 3856 7717 3855 7717 3855 7718 3856 7718 3857 7718 3858 7719 3859 7719 3860 7719 3859 7720 3858 7720 3860 7720 3861 7721 3862 7721 3863 7721 3863 7722 3862 7722 3861 7722 3865 7723 3864 7723 3866 7723 3866 7724 3864 7724 3867 7724 3867 7725 3865 7725 3866 7725 3864 7726 3865 7726 3867 7726 3868 7727 3870 7727 3869 7727 3869 7728 3870 7728 3868 7728 3872 7729 3871 7729 3873 7729 3872 7730 3873 7730 3871 7730 3876 7731 3875 7731 3874 7731 3875 7732 3876 7732 3874 7732 3878 7733 3877 7733 3880 7733 3879 7734 3877 7734 3878 7734 3880 7735 3879 7735 3878 7735 3879 7736 3880 7736 3877 7736 3881 7737 3883 7737 3882 7737 3882 7738 3883 7738 3881 7738 3885 7739 3884 7739 3886 7739 3884 7740 3885 7740 3886 7740 3887 7741 3888 7741 3889 7741 3889 7742 3888 7742 3887 7742 3890 7743 3891 7743 3892 7743 3891 7744 3890 7744 3892 7744 3894 7745 3893 7745 3895 7745 3895 7746 3893 7746 3894 7746 3896 7747 3898 7747 3897 7747 3896 7748 3897 7748 3898 7748 3902 7749 3901 7749 3899 7749 3900 7750 3901 7750 3902 7750 3900 7751 3902 7751 3899 7751 3900 7752 3899 7752 3901 7752 3903 7753 3905 7753 3906 7753 3903 7754 3904 7754 3905 7754 3904 7755 3903 7755 3905 7755 3905 7756 3903 7756 3906 7756 3907 7757 3909 7757 3910 7757 3907 7758 3908 7758 3909 7758 3909 7759 3908 7759 3910 7759 3910 7760 3908 7760 3907 7760 3914 7761 3917 7761 3912 7761 3914 7762 3912 7762 3911 7762 3914 7763 3911 7763 3913 7763 3918 7764 3915 7764 3914 7764 3911 7765 3915 7765 3918 7765 3916 7766 3915 7766 3911 7766 3917 7767 3915 7767 3916 7767 3914 7768 3915 7768 3917 7768 3911 7769 3918 7769 3913 7769 3918 7770 3914 7770 3913 7770 3917 7771 3916 7771 3912 7771 3916 7772 3911 7772 3912 7772 3920 7773 3924 7773 3925 7773 3921 7774 3919 7774 3927 7774 3921 7775 3926 7775 3919 7775 3921 7776 3927 7776 3920 7776 3921 7777 3920 7777 3925 7777 3921 7778 3922 7778 3926 7778 3925 7779 3922 7779 3921 7779 3924 7780 3922 7780 3925 7780 3927 7781 3922 7781 3924 7781 3923 7782 3922 7782 3927 7782 3926 7783 3922 7783 3923 7783 3927 7784 3924 7784 3920 7784 3926 7785 3923 7785 3919 7785 3923 7786 3927 7786 3919 7786 3928 7787 3930 7787 3929 7787 3932 7788 3929 7788 3931 7788 3932 7789 3928 7789 3929 7789 3931 7790 3930 7790 3932 7790 3929 7791 3930 7791 3931 7791 3932 7792 3930 7792 3928 7792 3938 7793 3936 7793 3933 7793 3937 7794 3938 7794 3933 7794 3934 7795 3938 7795 3937 7795 3937 7796 3936 7796 3935 7796 3935 7797 3936 7797 3938 7797 3937 7798 3935 7798 3934 7798 3935 7799 3938 7799 3934 7799 3936 7800 3937 7800 3933 7800 3941 7801 3942 7801 3943 7801 3941 7802 3939 7802 3942 7802 3939 7803 3940 7803 3942 7803 3941 7804 3940 7804 3939 7804 3943 7805 3940 7805 3941 7805 3942 7806 3940 7806 3943 7806 3945 7807 3944 7807 3947 7807 3948 7808 3945 7808 3947 7808 3947 7809 3946 7809 3948 7809 3948 7810 3946 7810 3945 7810 3945 7811 3946 7811 3944 7811 3946 7812 3947 7812 3944 7812 3951 7813 3956 7813 3950 7813 3953 7814 3954 7814 3951 7814 3952 7815 3950 7815 3949 7815 3952 7816 3949 7816 3958 7816 3953 7817 3950 7817 3952 7817 3953 7818 3951 7818 3950 7818 3952 7819 3955 7819 3954 7819 3958 7820 3955 7820 3952 7820 3949 7821 3955 7821 3958 7821 3956 7822 3955 7822 3949 7822 3957 7823 3955 7823 3956 7823 3954 7824 3955 7824 3957 7824 3952 7825 3954 7825 3953 7825 3954 7826 3957 7826 3951 7826 3957 7827 3956 7827 3951 7827 3950 7828 3956 7828 3949 7828 3960 7829 3962 7829 3959 7829 3965 7830 3963 7830 3960 7830 3965 7831 3960 7831 3959 7831 3961 7832 3965 7832 3959 7832 3965 7833 3961 7833 3964 7833 3959 7834 3964 7834 3961 7834 3962 7835 3964 7835 3959 7835 3963 7836 3964 7836 3962 7836 3965 7837 3964 7837 3963 7837 3963 7838 3962 7838 3960 7838 3966 7839 3968 7839 3969 7839 3967 7840 3966 7840 3969 7840 3969 7841 3968 7841 3967 7841 3967 7842 3968 7842 3966 7842 3971 7843 3970 7843 3975 7843 3973 7844 3970 7844 3971 7844 3973 7845 3976 7845 3970 7845 3973 7846 3971 7846 3972 7846 3972 7847 3974 7847 3973 7847 3971 7848 3974 7848 3972 7848 3975 7849 3974 7849 3971 7849 3976 7850 3974 7850 3975 7850 3973 7851 3974 7851 3976 7851 3976 7852 3975 7852 3970 7852 3979 7853 3984 7853 3977 7853 3982 7854 3977 7854 3978 7854 3980 7855 3983 7855 3979 7855 3980 7856 3977 7856 3982 7856 3980 7857 3979 7857 3977 7857 3982 7858 3981 7858 3983 7858 3978 7859 3981 7859 3982 7859 3977 7860 3981 7860 3978 7860 3984 7861 3981 7861 3977 7861 3983 7862 3981 7862 3984 7862 3982 7863 3983 7863 3980 7863 3979 7864 3983 7864 3984 7864 3991 7865 3992 7865 3989 7865 3986 7866 3985 7866 3990 7866 3986 7867 3989 7867 3985 7867 3986 7868 3991 7868 3989 7868 3986 7869 3988 7869 3991 7869 3990 7870 3987 7870 3988 7870 3989 7871 3987 7871 3990 7871 3992 7872 3987 7872 3989 7872 3991 7873 3987 7873 3992 7873 3988 7874 3987 7874 3991 7874 3989 7875 3990 7875 3985 7875 3990 7876 3988 7876 3986 7876 3995 7877 3993 7877 3998 7877 3995 7878 3994 7878 3993 7878 3999 7879 3994 7879 3995 7879 3999 7880 3997 7880 3994 7880 3999 7881 3996 7881 3997 7881 3995 7882 3996 7882 3999 7882 3998 7883 3996 7883 3995 7883 3994 7884 3996 7884 3998 7884 3997 7885 3996 7885 3994 7885 3994 7886 3998 7886 3993 7886 4000 7887 4003 7887 4001 7887 4000 7888 4002 7888 4003 7888 4001 7889 4002 7889 4000 7889 4003 7890 4002 7890 4001 7890 4005 7891 4014 7891 4004 7891 4006 7892 4004 7892 4013 7892 4007 7893 4006 7893 4016 7893 4007 7894 4004 7894 4006 7894 4011 7895 4015 7895 4005 7895 4009 7896 4007 7896 4008 7896 4009 7897 4004 7897 4007 7897 4009 7898 4005 7898 4004 7898 4010 7899 4005 7899 4009 7899 4010 7900 4011 7900 4005 7900 4009 7901 4012 7901 4010 7901 4008 7902 4012 7902 4009 7902 4016 7903 4012 7903 4008 7903 4013 7904 4012 7904 4016 7904 4014 7905 4012 7905 4013 7905 4005 7906 4012 7906 4014 7906 4015 7907 4012 7907 4005 7907 4010 7908 4012 7908 4015 7908 4016 7909 4008 7909 4007 7909 4010 7910 4015 7910 4011 7910 4014 7911 4013 7911 4004 7911 4013 7912 4016 7912 4006 7912 4020 7913 4017 7913 4018 7913 4020 7914 4018 7914 4021 7914 4021 7915 4019 7915 4020 7915 4018 7916 4019 7916 4021 7916 4020 7917 4019 7917 4017 7917 4019 7918 4018 7918 4017 7918 4024 7919 4022 7919 4027 7919 4025 7920 4023 7920 4022 7920 4025 7921 4022 7921 4024 7921 4025 7922 4024 7922 4029 7922 4029 7923 4026 7923 4025 7923 4027 7924 4026 7924 4029 7924 4030 7925 4026 7925 4027 7925 4022 7926 4026 7926 4030 7926 4028 7927 4026 7927 4022 7927 4025 7928 4026 7928 4028 7928 4030 7929 4027 7929 4022 7929 4027 7930 4029 7930 4024 7930 4025 7931 4028 7931 4023 7931 4028 7932 4022 7932 4023 7932 4032 7933 4037 7933 4031 7933 4033 7934 4039 7934 4032 7934 4033 7935 4032 7935 4031 7935 4034 7936 4033 7936 4031 7936 4034 7937 4031 7937 4040 7937 4035 7938 4038 7938 4034 7938 4035 7939 4034 7939 4040 7939 4038 7940 4036 7940 4034 7940 4040 7941 4036 7941 4038 7941 4037 7942 4036 7942 4040 7942 4039 7943 4036 7943 4037 7943 4034 7944 4036 7944 4039 7944 4040 7945 4038 7945 4035 7945 4034 7946 4039 7946 4033 7946 4039 7947 4037 7947 4032 7947 4037 7948 4040 7948 4031 7948 4065 7949 4043 7949 4041 7949 4042 7950 4062 7950 4063 7950 4043 7951 4044 7951 4041 7951 4041 7952 4044 7952 4042 7952 4042 7953 4044 7953 4062 7953 4062 7954 4044 7954 4060 7954 4059 7955 4045 7955 4044 7955 4060 7956 4046 7956 4058 7956 4045 7957 4047 7957 4044 7957 4044 7958 4047 7958 4060 7958 4046 7959 4056 7959 4055 7959 4047 7960 4048 7960 4060 7960 4056 7961 4051 7961 4054 7961 4048 7962 4050 7962 4060 7962 4049 7963 4050 7963 4048 7963 4051 7964 4050 7964 4052 7964 4046 7965 4050 7965 4056 7965 4056 7966 4050 7966 4051 7966 4060 7967 4050 7967 4046 7967 4054 7968 4055 7968 4056 7968 4048 7969 4057 7969 4049 7969 4052 7970 4055 7970 4054 7970 4055 7971 4058 7971 4046 7971 4052 7972 4058 7972 4055 7972 4052 7973 4061 7973 4058 7973 4053 7974 4061 7974 4052 7974 4049 7975 4061 7975 4053 7975 4044 7976 4064 7976 4059 7976 4061 7977 4063 7977 4062 7977 4049 7978 4063 7978 4061 7978 4064 7979 4065 7979 4059 7979 4057 7980 4063 7980 4049 7980 4065 7981 4063 7981 4059 7981 4066 7982 4063 7982 4065 7982 4059 7983 4063 7983 4057 7983 4063 7984 4067 7984 4042 7984 4066 7985 4067 7985 4063 7985 4065 7986 4064 7986 4043 7986 4043 7987 4064 7987 4044 7987 4059 7988 4057 7988 4045 7988 4045 7989 4057 7989 4047 7989 4057 7990 4048 7990 4047 7990 4049 7991 4053 7991 4050 7991 4053 7992 4052 7992 4050 7992 4052 7993 4054 7993 4051 7993 4058 7994 4061 7994 4060 7994 4060 7995 4061 7995 4062 7995 4042 7996 4067 7996 4041 7996 4067 7997 4066 7997 4041 7997 4041 7998 4066 7998 4065 7998</p>
                </triangles>
            </mesh>
        </geometry>
    </library_geometries>
    <library_visual_scenes>
        <visual_scene id="VisualSceneNode" name="VisualScene">
            <node id="node" name="node">
                <instance_geometry url="#shape0-lib"/>
            </node>
        </visual_scene>
    </library_visual_scenes>
    <scene>
        <instance_visual_scene url="#VisualSceneNode"/>
    </scene>
</COLLADA>
